부스명,대표자,위치,위치(열),위치(번호),반부스,부스,대표 작품(원작),그 외 다루는 작품,쁘띠존,캐릭터,커플링,커플링 성향,그 외 커플링,매체,트위터,링크,행사명,개최일
~사제가 정체성을 숨김~,달문,,,,,2sp,모브사이코 100,,모브레이 쁘띠존 : 모브레이 폭발까지 99%,,카게야마 시게오X레이겐 아라타카,,,,moonmoon318,https://dongne.co/events/df2404/circles/120318,제25회 디. 페스타,Day1
<-카이리스의 삼왕자를 믿기/신라의 삼왕자를 믿기->,진미,,,,,2sp,반월당의 기묘한 이야기,적국의 왕자로 사는 법,,삼왕자,,,,"일러스트,소설",im_best_food,https://dongne.co/events/df2404/circles/118497,제25회 디. 페스타,Day1
<다정한 독 인간 태풍> 주최부스,다정한 독 인간 태풍,,,,,2sp,,,다정한 독 인간 태풍,,,,,,,https://dongne.co/events/df2404/circles/120783,제25회 디. 페스타,Day1
<후미텐 쁘띠존: 월드섹시엠버서더 지갑 탈취 대작전 (안돼? 왜?)> 주최부스,후미텐 쁘띠존: 월드섹시엠버서더 지갑 탈취 대작전 (안돼? 왜?),,,,,2sp,,,후미텐 쁘띠존: 월드섹시엠버서더 지갑 탈취 대작전 (안돼? 왜?),,,,,,,https://dongne.co/events/df2404/circles/119232,제25회 디. 페스타,Day1
 귤맛 해파리,young9701,,,,,1sp,도쿄 리벤저스,,,"사노 만지로,하나가키 타케미치",,,,,110Mandarin,https://dongne.co/events/df2404/circles/119048,제25회 디. 페스타,Day1
 마법소녀변신중,"크런치, 베띠",,,,,2sp,캐릭캐릭체인지,"아이카츠,소울이터",,,,,,일러스트,"LUN_CH_, xx_betti",https://dongne.co/events/df2404/circles/119909,제25회 디. 페스타,Day1
.,무명,,,,,1sp,,,,,,,,"만화,일러스트",,https://dongne.co/events/df2404/circles/119572,제25회 디. 페스타,Day1
...뭐냐고. 나 전생에 화랑도이기라도 한 거냐고.,"7세기 미소년, 신라국밥",,,,,2sp,진혼기,,설영자하 쁘띠존: 악월(惡月)부터 고월(辜月)까지,,설영X자하,,,,,https://dongne.co/events/df2404/circles/119750,제25회 디. 페스타,Day1
(주) 무림미식회,단팥빵,,,,,2sp,월한강천록: 무림제일폐,,,유소월,홍륜X유소월,"로맨틱,섹슈얼","유원소월, 지서소월, 소월른","만화,일러스트",Annbbang,https://dongne.co/events/df2404/circles/119091,제25회 디. 페스타,Day1
"[단독] 가히리, 스핀오프라도 내줘라 '제발'",바리아충신모임,,,,,1sp,가정교사 히트맨 리본,,가히리요? 2024년에요?,바리아,잔저스X스쿠알로,,,,KHR_Varia_plz88,https://dongne.co/events/df2404/circles/121154,제25회 디. 페스타,Day1
@@!@,셈미,,,,,1sp,은혼,나루토 가비지타임,,나루토,전영중,해당없음,"영중준수 , 상호병찬 , 종수상호 , 종수병찬 ",일러스트,sem2_world,https://dongne.co/events/df2404/circles/120407,제25회 디. 페스타,Day1
날,톨톨,,,,,1sp,,,,,,,,만화,,https://dongne.co/events/df2404/circles/120125,제25회 디. 페스타,Day1
핫,갱,,,,,2sp,프로젝트 세카이,,,올캐릭,,,,일러스트,,https://dongne.co/events/df2404/circles/119263,제25회 디. 페스타,Day1
뭐 할 말 있어?,기하,,,,,2sp,가비지타임,,기상호 오른쪽 쁘띠존,기상호,최종수X기상호,"섹슈얼,해당없음",,"공예,만화",nongsig06,https://dongne.co/events/df2404/circles/120814,제25회 디. 페스타,Day1
두 가지 맛 농구,빡미,,,,,4sp,슬램덩크,가비지타임,,정우성,정우성X이명헌,"로맨틱,섹슈얼",종수찬양(가비지타임),"일러스트,소설,만화",bbakmakemecrazy,https://dongne.co/events/df2404/circles/118971,제25회 디. 페스타,Day1
두 마리 똑같은 다비냥?!,휴,,,,,2sp,나의 히어로 아카데미아,,,"다비,호크스",다비X호크스,"로맨틱,섹슈얼",,"소설,만화",huesark,https://dongne.co/events/df2404/circles/120242,제25회 디. 페스타,Day1
용 조심! 다 잡아먹음!,냥도,,,,,1sp,진혼기,,,"자하,설영,온이선배",,,,기타,nyangdoooo,https://dongne.co/events/df2404/circles/120211,제25회 디. 페스타,Day1
곧 죽어도 존 윅 하는 사람,바구리,,,,,2sp,영화 존윅,슬램덩크,,존윅,,,,,baguri_wick,https://dongne.co/events/df2404/circles/118652,제25회 디. 페스타,Day1
복 내려온다,오복,,,,,1sp,천관사복,,,사련 화성,화성X사련,,,일러스트,obok_5,https://dongne.co/events/df2404/circles/120722,제25회 디. 페스타,Day1
이 햄바거가 네 햄바거냐,규남,,,,,1sp,가비지타임,,Habitual romance on April 31st,"전영중,성준수",,,,만화,Salv_Temp14,https://dongne.co/events/df2404/circles/119079,제25회 디. 페스타,Day1
아 우리장르 마이너 아니라고요,스,,,,,1sp,"사이키 쿠스오의 재난,천지창조 디자인부,갈릴레오 시리즈",,,,,,,,,https://dongne.co/events/df2404/circles/119164,제25회 디. 페스타,Day1
왜 형제들로 그런그림을 그리시나요,"염,세포한다",,,,,2sp,트라이건,미정,다정한 독 인간 태풍,"밧슈,나이브스,울프우드",,로맨틱,울밧,만화,Citronplanet,https://dongne.co/events/df2404/circles/120821,제25회 디. 페스타,Day1
와! 빵준 종상 타이어보다 싸다!,모라,,,,,2sp,가비지타임,,,"전영중,성준수,최종수,박병찬,기상호",전영중X성준수,"섹슈얼,로맨틱,해당없음",최종수x기상호,"만화,일러스트,기타",Mora_bboyo,https://dongne.co/events/df2404/circles/120694,제25회 디. 페스타,Day1
네?! 섹시요?! 여기서요?! ,서누,,,,,1sp,카리스마,,후미텐 쁘띠존: 월드섹시엠버서더 지갑 탈취 대작전 (안돼? 왜?),,이토 후미야X텐도 아마히코,,,만화,snsstk3,https://dongne.co/events/df2404/circles/118182,제25회 디. 페스타,Day1
밧..밧밧..바바밧..밧.,찍먹,,,,,2sp,트라이건,,다정한 독 인간 태풍,,나이브스X밧슈,,"울프우드x밧슈,밧른",만화,,https://dongne.co/events/df2404/circles/118831,제25회 디. 페스타,Day1
총.놀,람쥐,,,,,1sp,트라이건,,다정한 독 인간 태풍,밧슈 나이브스,나이브스X밧슈,"섹슈얼,로맨틱",,소설,fkawnltjsej1,https://dongne.co/events/df2404/circles/118169,제25회 디. 페스타,Day1
곰굴,DMWM,,,,,1sp,1차 창작,"닌타마(2차 논컾),나루토(드림)",,,,,,소설,DMWM_novel,https://dongne.co/events/df2404/circles/119183,제25회 디. 페스타,Day1
낙깅,낙낙,,,,,2sp,가비지타임,,,,전영중X성준수,,,,,https://dongne.co/events/df2404/circles/118989,제25회 디. 페스타,Day1
맘마,맘마,,,,,4sp,"1차 문구류,픽셀아트",슬램덩크,,,,,,기타,wiggle_eworm,https://dongne.co/events/df2404/circles/120009,제25회 디. 페스타,Day1
부슥,삥찌,,,,,1sp,어두운 바다의 등불이 되어,데못죽,"해량무현 쁘띠존 : 세상에서 제일 긴 웨딩 로드 3,000m",,신해량X박무현,,,,bbing_zzi,https://dongne.co/events/df2404/circles/119627,제25회 디. 페스타,Day1
오예,이노츠,,,,,2sp,가비지타임,,,지상고,,,,일러스트,enough_iro,https://dongne.co/events/df2404/circles/118281,제25회 디. 페스타,Day1
축사,나귀,,,,,2sp,화산귀환,,,,당보X청명,"로맨틱,섹슈얼",,"만화,소설",donkey0916,https://dongne.co/events/df2404/circles/118762,제25회 디. 페스타,Day1
퍄퍄,둥둥가둥가,,,,,2sp,플레이브,,,,,,,,,https://dongne.co/events/df2404/circles/118555,제25회 디. 페스타,Day1
무한~가비지타임,히히낭낙,,,,,2sp,가비지타임,,,,,,,만화,ma_man_ma_,https://dongne.co/events/df2404/circles/119080,제25회 디. 페스타,Day1
미리 ,내일,,,,,1sp,,,,,,,,,,https://dongne.co/events/df2404/circles/119646,제25회 디. 페스타,Day1
나이 님 저  ○○충 해도 됩니까?,무믓,,,,,2sp,트라이건,,다정한 독 인간 태풍,밧슈,밀리온즈 나이브스X밧슈 더 스탬피드,"섹슈얼,로맨틱",,"만화,사진","Eva_7474, k1vGGP, TMRIGUN",https://dongne.co/events/df2404/circles/119347,제25회 디. 페스타,Day1
뾰잉 옆 봄잉,서봄,,,,,2sp,1차,"하이큐!! (HQ!!),파이널판타지 14",,"1차 (미정),아카아시 케이지 등 하이큐 등장인물",,,,"일러스트,기타",AKAASHI_BLUE,https://dongne.co/events/df2404/circles/119228,제25회 디. 페스타,Day1
중원 다 터져서 왔다구요,명명,,,,,1sp,화산귀환,,,"청명,당보 등",당보X청명,해당없음,,"일러스트,만화",myeong_mm,https://dongne.co/events/df2404/circles/119405,제25회 디. 페스타,Day1
검은 새벽,김래곤,,,,,2sp,,,,,,,,,kimlaegon911,https://dongne.co/events/df2404/circles/119095,제25회 디. 페스타,Day1
나눔 파티,ㄹㅇ,,,,,1sp,데뷔 못 하면 죽는 병 걸림,,,,,해당없음,,일러스트,,https://dongne.co/events/df2404/circles/118517,제25회 디. 페스타,Day1
내가 해냄,바니,,,,,2sp,원피스,,,올캐러,,,,공예,ye_190X666,https://dongne.co/events/df2404/circles/118538,제25회 디. 페스타,Day1
영영 위빙,영영 위빙,,,,,2sp,핸드메이드 위빙 매트,,,,,,,공예,y0ung0_weaving,https://dongne.co/events/df2404/circles/120533,제25회 디. 페스타,Day1
제발 성공,멍!,,,,,2sp,아이돌리쉬세븐,천관사복,,세오도아 리들,,,,"일러스트,만화",wkq__ejr,https://dongne.co/events/df2404/circles/119592,제25회 디. 페스타,Day1
펭귄 뽀요,주6일근로자,,,,,2sp,,,,,,,,일러스트,penguin_ppoyo,https://dongne.co/events/df2404/circles/119138,제25회 디. 페스타,Day1
춥고 꽝꽝 언 냉장고,옆집토마토,,,,,1sp,,,,,,,,만화,N_D_DO,https://dongne.co/events/df2404/circles/118356,제25회 디. 페스타,Day1
그냥 종상 부스,일회용,,,,,2sp,가비지타임,,기상호 오른쪽 쁘띠존,"최종수,기상호",최종수X기상호,"로맨틱,섹슈얼",,소설,,https://dongne.co/events/df2404/circles/118914,제25회 디. 페스타,Day1
당신 정말 애인 맞아?,모노,,,,,2sp,모브사이코100,,모브레이 쁘띠존 : 모브레이 폭발까지 99%,레이겐 아라타카,,로맨틱,,"만화,일러스트",,https://dongne.co/events/df2404/circles/118496,제25회 디. 페스타,Day1
뭐가 됐든 끝은 백호열 ,화분속 대두 눈사람이 쌀떡을 만들다,,,,,2sp,슬램덩크,,,"강백호,양호열",강백호X양호열,"섹슈얼,로맨틱",,"만화,일러스트,소설,기타",tteoneug,https://dongne.co/events/df2404/circles/119850,제25회 디. 페스타,Day1
일단 뭔가 냅니다,Living,,,,,1sp,원피스,페르소나,,"루피,조로",루피X조로,로맨틱,아라가키 신지로x페르소나3포터블 여주,"만화,일러스트",Nsiring,https://dongne.co/events/df2404/circles/118612,제25회 디. 페스타,Day1
대태 무슨 일이야 호백과 함께 합니다,"농팔이, 모시떡",,,,,2sp,슬램덩크,,,정대만 송태섭,정대만X송태섭,"로맨틱,섹슈얼",호열백호 ,만화,"nong_8E, Mosisi_cake",https://dongne.co/events/df2404/circles/119180,제25회 디. 페스타,Day1
내가 키운 슬램덩크,쑤,,,,,1sp,슬램덩크,내가 키운 s급들,,서태웅 강백호,태웅X백호,,현제유진,,panda_3913,https://dongne.co/events/df2404/circles/118951,제25회 디. 페스타,Day1
일단 뭐가 나옵니다,엘핑,,,,,1sp,유희왕 브레인즈,SD건담 시리즈,,유사쿠&Ai,후지키 유사쿠XAi,로맨틱,없음,만화,EP_649,https://dongne.co/events/df2404/circles/121283,제25회 디. 페스타,Day1
형이 키운 아기천사,250,,,,,1sp,내가 키운 S급들,,,한유현 한유진,한유현X한유진,로맨틱,,기타,JD_tls250,https://dongne.co/events/df2404/circles/119611,제25회 디. 페스타,Day1
이젠 내겐 종상밖에 보이지 않아-!!,낸내,,,,,1sp,가비지타임,,,"최종수,기상호",최종수X기상호,로맨틱,,일러스트,,https://dongne.co/events/df2404/circles/119516,제25회 디. 페스타,Day1
일단 사고 후회하면 뭐라도 남는다,"아뵤, 망냥, 티굴",,,,,2sp,가비지타임,"플레이브,데못죽,슬램덩크",,"성준수,진재유,고상언,최종수,조재석,전영중",고상언X최종수,로맨틱,박병찬×최종수,"소설,기타","aaaaaigobyoya, mang2nyang2, beastsociety7",https://dongne.co/events/df2404/circles/119121,제25회 디. 페스타,Day1
오늘 밤은 트라이건 아침까지 맥시멈!,"슬래시, 노도리",,,,,2sp,트라이건,,다정한 독 인간 태풍,"울프우드,밧슈",울프우드X밧슈,"로맨틱,섹슈얼",나이밧슈,만화,wolfXvashWV,https://dongne.co/events/df2404/circles/118799,제25회 디. 페스타,Day1
나의 가슴 아카데미아,"오미, 막탄, 하지",,,,,4sp,나의 히어로 아카데미아,슬램덩크,,"미도리야 이즈쿠,바쿠고 카츠키,토도로키 쇼토 등",,섹슈얼,,"만화,공예,일러스트",omimuyo,https://dongne.co/events/df2404/circles/119605,제25회 디. 페스타,Day1
우리 부스 농구합니다 / 진티엔리밍,K,,,,,2sp,슬램덩크,,,,전영중X성준수,,,공예,ccoommuull,https://dongne.co/events/df2404/circles/118994,제25회 디. 페스타,Day1
국산 오타쿠,피나토,,,,,1sp,전지적 독자 시점,"데뷔 못하면 죽는 병 걸림,화산귀환",,김독자,,,,,pinytus,https://dongne.co/events/df2404/circles/119749,제25회 디. 페스타,Day1
여우 바구니,래빗,,,,,1sp,,,,,,,,,,https://dongne.co/events/df2404/circles/119771,제25회 디. 페스타,Day1
몽솜 잡화점 &소소한 인형공방,몽솜,,,,,2sp,창작인형,니지산지,,,,,,,mongle_softly,https://dongne.co/events/df2404/circles/119763,제25회 디. 페스타,Day1
우리 모두가 친구,사씨,,,,,4sp,가비지타임,,,,임승대X진재유,"로맨틱,섹슈얼",,,_204x175,https://dongne.co/events/df2404/circles/120553,제25회 디. 페스타,Day1
일일 메이드 카페,hamjisan x touyu,,,,,2sp,프로젝트 세카이,"원신,붕괴 스타레일",,,,,,일러스트,"tokyojisan, Touyu_1210",https://dongne.co/events/df2404/circles/118136,제25회 디. 페스타,Day1
중원 변두리 객잔,라희,,,,,2sp,잔차품,중국 소설 장르,,"루비싱,린징헝",,로맨틱,,"일러스트,소설,만화",lanxi_SPL,https://dongne.co/events/df2404/circles/119758,제25회 디. 페스타,Day1
개와 늑대와 시바꺼,매일,,,,,1sp,가비지타임,,기상호 오른쪽 쁘띠존,기상호,성준수X기상호,,,소설,meilmeil_0,https://dongne.co/events/df2404/circles/120109,제25회 디. 페스타,Day1
달군 마라탕 찌르기,"남자헌터, 자연발생",,,,,2sp,가비지타임,화산귀환,,"성준수,전영중,청명,백천",성준수X전영중,"로맨틱,섹슈얼",청명x백천,,dansihunter,https://dongne.co/events/df2404/circles/119906,제25회 디. 페스타,Day1
공을 티기고 티기고 또 티김,소소,,,,,2sp,,,,,,,,,,https://dongne.co/events/df2404/circles/120289,제25회 디. 페스타,Day1
우리 애들이 사랑을 하겠다잖아요,동글이,,,,,2sp,가비지타임,,Habitual romance on April 31st,"전영중,성준수",전영중X성준수,로맨틱,,일러스트,oO13__oO,https://dongne.co/events/df2404/circles/120257,제25회 디. 페스타,Day1
내가 마감을 한다면…,초코비,,,,,1sp,가비지타임,,Habitual romance on April 31st,"전영중,성준수",,해당없음,,,dlqtldkrrnl,https://dongne.co/events/df2404/circles/119915,제25회 디. 페스타,Day1
아아 이것이 디페스타라는 것이다,제나,,,,,1sp,어두운 바다의 등불이 되어,,"해량무현 쁘띠존 : 세상에서 제일 긴 웨딩 로드 3,000m",,,,,,baao_o9,https://dongne.co/events/df2404/circles/119549,제25회 디. 페스타,Day1
일단 뭐라도 내보이겠습니다,청년피자,,,,,2sp,에리오스 라이징 히어로즈,,,,,,,,,https://dongne.co/events/df2404/circles/118816,제25회 디. 페스타,Day1
봄봄 스튜디오,아사,,,,,2sp,가비지타임,"플레이브,슬램덩크",,,,,,만화,ceremony_asa,https://dongne.co/events/df2404/circles/121148,제25회 디. 페스타,Day1
승재 한판이면,패키,,,,,4sp,가비지타임,,,"임승대,진재유",임승대X진재유,"섹슈얼,로맨틱",,소설,pekiflowmeter_2,https://dongne.co/events/df2404/circles/118486,제25회 디. 페스타,Day1
앨런 가보자고,로토리,,,,,2sp,앨런 웨이크,컨트롤x모브사이코,,앨런 웨이크,,,,"기타,만화",the_rotorri,https://dongne.co/events/df2404/circles/119226,제25회 디. 페스타,Day1
우선 가보자고,포나,,,,,2sp,데뷔못하면죽는병걸림,"쿠킹덤,카리스마 하우스",,,,,,,po_na__02,https://dongne.co/events/df2404/circles/119667,제25회 디. 페스타,Day1
나만 빵준하고 싶은 거 아니잖아...!,유성,,,,,2sp,가비지타임,,Habitual romance on April 31st,,,로맨틱,,"소설,공예,기타",B4SK3TBAL1_,https://dongne.co/events/df2404/circles/120557,제25회 디. 페스타,Day1
남의 여자친구 메이커,ㅅㅍ,,,,,1sp,닌텐도 장르,,,,,로맨틱,,소설,,https://dongne.co/events/df2404/circles/119711,제25회 디. 페스타,Day1
저희 대리님의 애인은 몇명일까요?,뱀팡,,,,,2sp,도쿄리벤져스,도쿄리벤져스,2024 타케른 쁘띠존,,무수한공X하나가키 타케미치,,타케른,,nupaeng_DRB,https://dongne.co/events/df2404/circles/119482,제25회 디. 페스타,Day1
야마 회전회오리,야마,,,,,1sp,니지산지 버튜버,플레이브/개인버튜버,,복스아쿠마/미스타리아스/쇼토,,,,일러스트,ayama_v,https://dongne.co/events/df2404/circles/120767,제25회 디. 페스타,Day1
닥터 노리유키의 기묘한 란레이드,혜소,,,,,2sp,엘소드,"죠죠의 기묘한 모험,세포신곡,닥터 후",,,,,,일러스트,__pchrc,https://dongne.co/events/df2404/circles/119410,제25회 디. 페스타,Day1
한번 찍먹해보세요,햇탬,,,,,2sp,포켓몬스터,"문스독,페이드 그랜드 오더,보컬로이드,포켓미쿠,엘소드,이터널 리턴,프로젝트 세카이,명탐정 코난,주술회전",,,,로맨틱,"구다른,다자츄","게임,일러스트,만화",hattam315,https://dongne.co/events/df2404/circles/121201,제25회 디. 페스타,Day1
저게 인공위성일까 별이었으면 좋겠다,익명,,,,,2sp,진혼기,,설영자하 쁘띠존: 악월(惡月)부터 고월(辜月)까지,"설영,자하",설영X자하,,,,,https://dongne.co/events/df2404/circles/120277,제25회 디. 페스타,Day1
"누나, 여동생 돗치가스키?♥︎","A/S, 까까, 근, 피자",,,,,4sp,트라이건,,다정한 독 인간 태풍,,울프우드X밧슈,"섹슈얼,로맨틱",나이밧슈,만화,"A_S15771577, kkax2___, trigun_gun, Kummerspeck_J",https://dongne.co/events/df2404/circles/118742,제25회 디. 페스타,Day1
"탱호, 좋아하세요?",요하,,,,,1sp,슬램덩크,,,서태웅,서태웅X양호열,로맨틱,,만화,10ho_0310,https://dongne.co/events/df2404/circles/120266,제25회 디. 페스타,Day1
냥권!냥권!,"인간관계망함, 4005",,,,,2sp,가비지타임,,Habitual romance on April 31st,최종수,전영중X성준수,"로맨틱,섹슈얼","종뱅, 최종수박병찬",,,https://dongne.co/events/df2404/circles/118702,제25회 디. 페스타,Day1
아아... 이것이 농구라는 것이다.,,,,,,2sp,,,,,,로맨틱,,만화,,https://dongne.co/events/df2404/circles/120612,제25회 디. 페스타,Day1
"공놀(농구),그리고 공놀(공사놀이)","농밤,푸어띵",,,,,1sp,슬램덩크,역대급영지설계사,,"산왕,북산",하비엘X로이드,,,만화,"nongbam_oO, poorthing__",https://dongne.co/events/df2404/circles/119449,제25회 디. 페스타,Day1
만듦&캔두잇,박진희,,,,,4sp,,,,,,,,,,https://dongne.co/events/df2404/circles/119077,제25회 디. 페스타,Day1
감자밭,감자,,,,,1sp,데못죽,가비지타임 등등,,테스타,,해당없음,,"일러스트,만화",80o0o0o08,https://dongne.co/events/df2404/circles/118189,제25회 디. 페스타,Day1
곰아지,10,,,,,1sp,데못죽,,,문큰,박문대X이세진,해당없음,,일러스트,,https://dongne.co/events/df2404/circles/120014,제25회 디. 페스타,Day1
깍앤꼭,꼬옥,,,,,2sp,슬램덩크,내스급 전독시,,정대만,,로맨틱,,"만화,일러스트",kkoog_TT,https://dongne.co/events/df2404/circles/118393,제25회 디. 페스타,Day1
내내부,단지,,,,,2sp,데뷔못하면죽는병걸림,가비지타임,,,,,,만화,,https://dongne.co/events/df2404/circles/118892,제25회 디. 페스타,Day1
냐벤더,챠비별,,,,,2sp,,,,,,,,,,https://dongne.co/events/df2404/circles/119600,제25회 디. 페스타,Day1
단팥빵,단,,,,,2sp,가비지타임,슬램덩크,,"김다은,정대만,이현성",서태웅X정대만,로맨틱,"송태섭X정대만, 조형석X이현성",기타,ZZIN____,https://dongne.co/events/df2404/circles/120413,제25회 디. 페스타,Day1
돌세개,꽁치,,,,,2sp,FF14,,,"메테오,그라하",메테오X그라하 티아,,,"만화,일러스트,기타",,https://dongne.co/events/df2404/circles/118260,제25회 디. 페스타,Day1
또롱별,이데아,,,,,2sp,내가 키운 S급들,,,한유현 한유진,,,,일러스트,ideatami01,https://dongne.co/events/df2404/circles/118167,제25회 디. 페스타,Day1
뚜벅초,장의사,,,,,1sp,진혼기,,설영자하 쁘띠존: 악월(惡月)부터 고월(辜月)까지,"설영,자하",,섹슈얼,,만화,,https://dongne.co/events/df2404/circles/120841,제25회 디. 페스타,Day1
밥빙기,빙이봉이,,,,,2sp,,,,,,,,,,https://dongne.co/events/df2404/circles/119329,제25회 디. 페스타,Day1
보냉고,카스테라,,,,,2sp,진혼기,,설영자하 쁘띠존: 악월(惡月)부터 고월(辜月)까지,"설영,자하",설영X자하,로맨틱,,"일러스트,기타",c_a_stella,https://dongne.co/events/df2404/circles/121021,제25회 디. 페스타,Day1
빵심당,요타,,,,,2sp,가비지타임,데못죽,,,,,,,pizzalove57,https://dongne.co/events/df2404/circles/118374,제25회 디. 페스타,Day1
뽀요빵,운운,,,,,2sp,화산귀환,,,올캐릭터,,,,"만화,일러스트,기타",,https://dongne.co/events/df2404/circles/118882,제25회 디. 페스타,Day1
뾰잉샵,슈기슈기,,,,,2sp,,,,,,,,일러스트,,https://dongne.co/events/df2404/circles/118484,제25회 디. 페스타,Day1
안가네,"가나쵸, 뮤실리",,,,,2sp,"아이나나,세포신곡","슬램덩크,가비지 타임,전독시",,,,,,,"_ghanacho, Mue_silly",https://dongne.co/events/df2404/circles/119317,제25회 디. 페스타,Day1
연장전,"소바, 먼지, 파산, 재강사",,,,,2sp,"MIU404,가비지타임",,,,,로맨틱,,,extension404,https://dongne.co/events/df2404/circles/119679,제25회 디. 페스타,Day1
이글루,글루,,,,,4sp,주술회전,슬램덩크,,,,,,,,https://dongne.co/events/df2404/circles/119071,제25회 디. 페스타,Day1
자갈밭,늉,,,,,2sp,,로드오브히어로즈,,,,,,만화,,https://dongne.co/events/df2404/circles/118478,제25회 디. 페스타,Day1
진혼기,dktnl,,,,,1sp,진혼기,,설영자하 쁘띠존: 악월(惡月)부터 고월(辜月)까지,설영자하,,,,"기타,조형,소설,만화",,https://dongne.co/events/df2404/circles/119049,제25회 디. 페스타,Day1
진혼시,이리,,,,,1sp,진혼기,,설영자하 쁘띠존: 악월(惡月)부터 고월(辜月)까지,설영,설영X자하,로맨틱,,"소설,사진,만화",lucidus_laelaps,https://dongne.co/events/df2404/circles/119935,제25회 디. 페스타,Day1
카래집,1,,,,,1sp,프로젝트 세카이,"데못죽,뱅드림",,,요이사키 카나데X아사히나 마후유,,"래빈유진, 토모사키",만화,,https://dongne.co/events/df2404/circles/120552,제25회 디. 페스타,Day1
할멈네,할무니,,,,,2sp,아이나나,가비지타임,,,,,,,,https://dongne.co/events/df2404/circles/119316,제25회 디. 페스타,Day1
해달샵,시크루,,,,,4sp,원신,화산귀환,,,,,,공예,,https://dongne.co/events/df2404/circles/118498,제25회 디. 페스타,Day1
냉장고 ,하임 ,,,,,4sp,하이큐,"이런 영웅은 싫어,쿠키런 등",,히나타 쇼요,,로맨틱,"카게히나, 오이히나 ","만화,일러스트",iced_chocohaim,https://dongne.co/events/df2404/circles/119020,제25회 디. 페스타,Day1
버추얼 + 양키,뭐,,,,,1sp,"도쿄리벤저스,플레이브",아이나나,,,,,,,2D_what,https://dongne.co/events/df2404/circles/119877,제25회 디. 페스타,Day1
벚꽃과 귤,미캉,,,,,1sp,원피스,,원피스 쁘띠존 3회,코비,코비X미캉,로맨틱,,만화,alzkd0510,https://dongne.co/events/df2404/circles/119720,제25회 디. 페스타,Day1
사랑의 매,라봉,,,,,1sp,가정교사 히트맨 리본,,가히리요? 2024년에요?,스쿠알로,잔저스X스쿠알로,"로맨틱,섹슈얼",,,mra_bong,https://dongne.co/events/df2404/circles/118662,제25회 디. 페스타,Day1
한오백 명,"엠알, 소남송",,,,,4sp,화산귀환,,,"백천,청명",백천X청명,"로맨틱,섹슈얼","조걸x윤종, 솜인형 옷장","만화,공예",mrmrmremaru,https://dongne.co/events/df2404/circles/119699,제25회 디. 페스타,Day1
연애를 왜 해? 설영자하가 더 달콤한데,"서월, 천랑, 새연 ",,,,,2sp,진혼기,,설영자하 쁘띠존: 악월(惡月)부터 고월(辜月)까지,"설영,자하",설영X자하,로맨틱,,"소설,만화,일러스트",moon_KANV,https://dongne.co/events/df2404/circles/119490,제25회 디. 페스타,Day1
빵준비 다 됐다 멍청아,세정,,,,,2sp,가비지타임,,Habitual romance on April 31st,"전영중,성준수",,로맨틱,,만화,431WASH,https://dongne.co/events/df2404/circles/118336,제25회 디. 페스타,Day1
집사야 내 발바닥이 봄이란다,자장가*소로,,,,,2sp,엘소드,,,,,,,,,https://dongne.co/events/df2404/circles/120102,제25회 디. 페스타,Day1
불타는 빵(준)집,멸망굴비,,,,,2sp,가비지타임,,Habitual romance on April 31st,"전영중,성준수",전영중X성준수,"로맨틱,섹슈얼",,소설,GulbiMyeol,https://dongne.co/events/df2404/circles/118201,제25회 디. 페스타,Day1
"사랑의 전(도)사, 희신강징",공칠공팔,,,,,2sp,마도조사,,,희신강징,남희신X강징,"로맨틱,섹슈얼",,"만화,소설,일러스트",knack_mdzs,https://dongne.co/events/df2404/circles/120339,제25회 디. 페스타,Day1
구름이 엄마,설견,,,,,2sp,네가 죽어,"언더테일,델타룬,파이널 판타지14,할로우 나이트,산나비",,,,,,"일러스트,만화",mmdd45c,https://dongne.co/events/df2404/circles/119249,제25회 디. 페스타,Day1
그렇게 됐다,하현,,,,,2sp,가비지타임,,기상호 오른쪽 쁘띠존,기상호,성준수X기상호,"로맨틱,섹슈얼",,소설,hotclare0987,https://dongne.co/events/df2404/circles/119425,제25회 디. 페스타,Day1
까마귀 둥지,로제,,,,,2sp,,,,,,,,,,https://dongne.co/events/df2404/circles/118353,제25회 디. 페스타,Day1
너구리 공방,소맹꽁,,,,,4sp,프로젝트 세카이,,,,,,,"만화,일러스트",avcadoandpotato,https://dongne.co/events/df2404/circles/118391,제25회 디. 페스타,Day1
둘만의 낙원,매일불타는사람,,,,,1sp,트라이건,"맥시멈,스탬피드",다정한 독 인간 태풍,"밀리온즈 나이브스,밧슈 더 스탬피드",밀리온즈 나이브스X밧슈 더 스탬피드,"로맨틱,섹슈얼",,소설,S22023AA,https://dongne.co/events/df2404/circles/118474,제25회 디. 페스타,Day1
마감의 약속,비둘기,,,,,2sp,마법사의 약속,"프세카,히프마이",,,,,,일러스트,H_ato0806,https://dongne.co/events/df2404/circles/120817,제25회 디. 페스타,Day1
범천의 노예,노예,,,,,1sp,도쿄 리벤저스,,2024 타케른 쁘띠존,도쿄 일짱 양키들과 하나가키 타케미치,도쿄 일짱 양키들X하나가키 타케미치,로맨틱,,일러스트,gbgfhgtstty,https://dongne.co/events/df2404/circles/120673,제25회 디. 페스타,Day1
벚꽃의 꽃말,슈뢰,,,,,1sp,,"화산귀환,전독시,데못죽,블랙배저",,,,,,,,https://dongne.co/events/df2404/circles/119383,제25회 디. 페스타,Day1
봄날의 매화,매실,,,,,2sp,화산귀환,,,화산귀환 올캐릭터,,,,,sweetblue1010,https://dongne.co/events/df2404/circles/119645,제25회 디. 페스타,Day1
아무튼 농놀,페르,,,,,2sp,슬램덩크,,,정대만 (미츠이 히사시),송태섭 (미야기 료타)X정대만 (미츠이 히사시),"로맨틱,섹슈얼",,"만화,기타,일러스트",peding_,https://dongne.co/events/df2404/circles/119113,제25회 디. 페스타,Day1
와인에 치즈,"우설, 뫄",,,,,2sp,"마블,마블코믹스,MCU",,,"스티브 로저스,토니 스타크",스티브 로저스X토니 스타크,"섹슈얼,로맨틱",토니른,"소설,만화","_ussul, 199999and616",https://dongne.co/events/df2404/circles/118651,제25회 디. 페스타,Day1
친절한 메뉴,YOGAFIRE,,,,,2sp,슬램덩크,,,양호열 강백호,,"로맨틱,섹슈얼",,"만화,일러스트",5ireyoga,https://dongne.co/events/df2404/circles/120583,제25회 디. 페스타,Day1
환징의 커플,무지,,,,,2sp,마도조사,,,"남희신,강만음",남희신X강만음,로맨틱,,"만화,소설",LKCH09,https://dongne.co/events/df2404/circles/120812,제25회 디. 페스타,Day1
사랑은 가장 큰 저주,뀨,,,,,2sp,주술회전,"슬램덩크,마도조사,천관사복,화산귀환",,"고죠,게토,윤대협,서태웅",고죠 사토루X게토 스구르,섹슈얼,"윤대협x서태웅, 남망기x위무선, 화성x사련",,mangmu_lover,https://dongne.co/events/df2404/circles/119603,제25회 디. 페스타,Day1
내일의 별과 바다,hammer,,,,,2sp,원피스,전지적독자시점,원피스 쁘띠존 3회,루피,,섹슈얼,,"만화,일러스트",una_em,https://dongne.co/events/df2404/circles/118611,제25회 디. 페스타,Day1
미래의 나를 굳게 믿기,다살,,,,,1sp,슬램덩크,,,"양호열,강백호",양호열X강백호,"로맨틱,섹슈얼",,만화,ekfoRltkfgo725,https://dongne.co/events/df2404/circles/120561,제25회 디. 페스타,Day1
만월의 밤에 깨지 않는 꿈을 함께 왓쇼이,"야자, 하래, 나가",,,,,2sp,아이돌리쉬 세븐,"프로젝트 세카이,모브사이코100,슬램덩크",,"아이돌리쉬 세븐,트리거,리바레,주르,북산,원더랜즈 쇼타임",,해당없음,"가쿠야마, 텐리쿠, 나기미나, 유키모모유키, 이오리쿠","일러스트,소설,기타","yaja_i7, eocie8, inanaga17",https://dongne.co/events/df2404/circles/119719,제25회 디. 페스타,Day1
뜨거운 부스 활동!,비서,,,,,1sp,아이카츠(아이엠스타),"뱅드림,러브라이브,괴도조커,스플래툰,레이디버그",,"아이카츠 이치고,아오이,란,유리카,오토메,사쿠라,카에데,미즈키,세이라 / 러브라이브 니코,에리,노조미,호노카,우미,코토리,마키,하나요,린,카논,쿠쿠,스미레,치사토,렌",,,,일러스트,GAMPANGPANG_,https://dongne.co/events/df2404/circles/120842,제25회 디. 페스타,Day1
친구는 너무 약해요,루제,,,,,2sp,어두운 바다의 등불이 되어(어바등),,,"김재희,박무현",김재희X박무현,로맨틱,,"일러스트,소설,만화",flowerXcafe,https://dongne.co/events/df2404/circles/119798,제25회 디. 페스타,Day1
후리텐 말고 후미텐,mp,,,,,2sp,카리스마,,후미텐 쁘띠존: 월드섹시엠버서더 지갑 탈취 대작전 (안돼? 왜?),"후미야,아마히코",이토 후미야X텐도 아마히코,"로맨틱,섹슈얼",,"소설,만화",061mp_,https://dongne.co/events/df2404/circles/119074,제25회 디. 페스타,Day1
희망과 절망 그사이에 ,쪼쪼,,,,,1sp,프로젝트세카이,"단간론파,유희왕gx,스파이패밀리",,"토우야,아키토",토우야X아키토,해당없음,"코마히나, 히코마","만화,일러스트",rmke_cho,https://dongne.co/events/df2404/circles/118255,제25회 디. 페스타,Day1
사주에 불이 부족하다면,papaya,,,,,2sp,프로메어,,,,,,,,Papaya_mm,https://dongne.co/events/df2404/circles/119961,제25회 디. 페스타,Day1
심해는 진짜 아름다운거구나,킴셰,,,,,2sp,어두운 바다의 등불이 되어,슬램덩크 화산귀환,,,,,,,kimsye_RZ,https://dongne.co/events/df2404/circles/119983,제25회 디. 페스타,Day1
곰숭이 수집가,공마,,,,,2sp,슬램덩크,,,,이정환X전호장,"섹슈얼,로맨틱",,소설,wagamamahimez,https://dongne.co/events/df2404/circles/119221,제25회 디. 페스타,Day1
뜻밖의 재채기,"뜻밖에, 헷취 ",,,,,2sp,슬램덩크,,,,,"로맨틱,섹슈얼",+ 아마도 ncp,"소설,일러스트",,https://dongne.co/events/df2404/circles/119852,제25회 디. 페스타,Day1
마감을 합쉬다,푸딩,,,,,2sp,"가비지 타임,최후의 금빛아이,프로메어",,,"기상호,록시 마르시아,리오 포티아",,로맨틱,"준상, 샨록시, 갈로리오","만화,소설",,https://dongne.co/events/df2404/circles/119022,제25회 디. 페스타,Day1
망둥아 웃어라,꺄르륵,,,,,2sp,화산귀환,,,청명 화산파,,,,일러스트,kkyaleuleuk,https://dongne.co/events/df2404/circles/120314,제25회 디. 페스타,Day1
빵준네 처갓집,장모,,,,,2sp,가비지타임,,,"전영중,성준수",,로맨틱,,"만화,일러스트",Trashingarden,https://dongne.co/events/df2404/circles/118143,제25회 디. 페스타,Day1
상호네 잡화점,농식,,,,,2sp,가비지타임,,,기상호 최종수,,,,,nongsig06,https://dongne.co/events/df2404/circles/118696,제25회 디. 페스타,Day1
심해어 락밴드,심해어,,,,,2sp,,,,,,,,,deepdownsee_ome,https://dongne.co/events/df2404/circles/118817,제25회 디. 페스타,Day1
우주의 물리학,Ar.in,,,,,2sp,스타트렉,"스타워즈,창작 공예",,"존 해리슨,레너드 맥코이,루크 스카이워커,딘 자린",,로맨틱,"존본즈, 루크딘","만화,공예",,https://dongne.co/events/df2404/circles/118340,제25회 디. 페스타,Day1
장강의 오작교,Ian,,,,,2sp,화산귀환,,,장일소 청명,장일소X청명,"섹슈얼,로맨틱",,"만화,일러스트,소설",,https://dongne.co/events/df2404/circles/118920,제25회 디. 페스타,Day1
스승님 양심에 '털'나셨어요?,하아게,,,,,2sp,모브사이코 100,,모브레이 쁘띠존 : 모브레이 폭발까지 99%,"카게야마 시게오,레이겐 아라타카",카게야마 시게오X레이겐 아라타카,해당없음,,"일러스트,기타,만화",Haaagea,https://dongne.co/events/df2404/circles/121026,제25회 디. 페스타,Day1
봉고레 조아라 지부,무야,,,,,2sp,가정교사 히트맨 리본,가비지타임,가히리요? 2024년에요?,"봉고레 위주,백한,쇼이치,기상호,박병찬,최종수,성준수 등",백란X쇼이치,,상호른,일러스트,MUYA_SAY,https://dongne.co/events/df2404/circles/119378,제25회 디. 페스타,Day1
우리는 끝나지 않아,무연,,,,,2sp,슬램덩크,,,정대만,태섭X대만,"로맨틱,섹슈얼","호열백호,우성명헌","만화,소설,일러스트",m_yun_0,https://dongne.co/events/df2404/circles/120704,제25회 디. 페스타,Day1
산삼의 은밀한 뒷방 서재,쌈,,,,,1sp,화산귀환,화산귀환,,청명 외기타,,,,"일러스트,만화",hwasan_sam,https://dongne.co/events/df2404/circles/119362,제25회 디. 페스타,Day1
마감이 끝나면 다음 마감이 있지,환해,,,,,2sp,화산귀환,,,청명,당보X청명,"로맨틱,섹슈얼",,소설,hwasanhae,https://dongne.co/events/df2404/circles/118880,제25회 디. 페스타,Day1
맛있는 것들만 들고 왔습니다,"우빵, 鬼虎",,,,,2sp,"데뷔못하면죽는병걸림,가비지타임",슬램덩크,,"이세진,박문대",,로맨틱,큰세문대,"일러스트,소설","milksikkbbang, ronno_5",https://dongne.co/events/df2404/circles/121198,제25회 디. 페스타,Day1
동그란 돌멩이 세카이,"유운, 127",,,,,1sp,프로젝트 세카이,미정,,"25시 나이트코드에서,Leo/need",,,,일러스트,,https://dongne.co/events/df2404/circles/119887,제25회 디. 페스타,Day1
이상한 나라의 잡화점,피치,,,,,2sp,가비지타임,화산귀환,,,,,,,__peach_S2,https://dongne.co/events/df2404/circles/119643,제25회 디. 페스타,Day1
세상만 구하고 집으로 가자,신,,,,,1sp,어바등,"문송안함,명급리,공회주",,,,"로맨틱,섹슈얼,해당없음","해량무현, 세르시온, 백호의신, 멜키레이",소설,,https://dongne.co/events/df2404/circles/118622,제25회 디. 페스타,Day1
간절한 마음이 만두를 부른다,"름, 호시",,,,,2sp,"반월당,진혼기",,,"유단,백란,김자하,김설영 (NCP)",,,,일러스트,"llIIllIIlIlIo, hosing_",https://dongne.co/events/df2404/circles/119678,제25회 디. 페스타,Day1
잡탕은 이것을 천하라 합니다,물개,,,,,2sp,화산귀환,,,"청명,당보,백천,이설",,"로맨틱,섹슈얼","당보청명, 청명당보, 백천청명, 백천이설","일러스트,만화,소설,기타,공예",185cm_158cm,https://dongne.co/events/df2404/circles/120206,제25회 디. 페스타,Day1
하라는 원고는 안하고!!,simari,,,,,1sp,내스급,,,"한유현,한유진",한유현X한유진,섹슈얼,,소설,marineraki,https://dongne.co/events/df2404/circles/119012,제25회 디. 페스타,Day1
나에게 마감은 살인이다,우,,,,,2sp,블루록,,,이사기,,로맨틱,이사기른,,,https://dongne.co/events/df2404/circles/119023,제25회 디. 페스타,Day1
천하는 이것을 잡탕이라 합니다,연화,,,,,4sp,화산귀환,,,"청명,당보,백천,이설",,"로맨틱,섹슈얼","당보청명, 청명당보, 백천청명, 백천이설","만화,일러스트,소설,기타,공예",blossnowing,https://dongne.co/events/df2404/circles/120207,제25회 디. 페스타,Day1
지고천 연구소 테라양재점,홍동,,,,,1sp,세포신곡,플레이브,,ALL,,,,,hdong_st,https://dongne.co/events/df2404/circles/119846,제25회 디. 페스타,Day1
위선도 선이고 붓츠부스도 부스다,NONNOR,,,,,2sp,슬램덩크,,,강백호 서태웅,,로맨틱,,"소설,공예,일러스트",non9_nol2,https://dongne.co/events/df2404/circles/120460,제25회 디. 페스타,Day1
준수가 누구유? 재유~,유한한미래,,,,,1sp,가비지타임,,,"성준수,진재유",성준수X진재유,"로맨틱,섹슈얼",전영중x성지수,"만화,소설,일러스트",Ichliebedich314,https://dongne.co/events/df2404/circles/118629,제25회 디. 페스타,Day1
그렇게 됐습니다,독구,,,,,1sp,데뷔 못하면 죽는 병 걸림,,,박문대,,섹슈얼,,만화,,https://dongne.co/events/df2404/circles/120108,제25회 디. 페스타,Day1
달콤한 일러스트,iamyunji,,,,,2sp,모모찌,,,모모찌,,,,일러스트,iamyunji,https://dongne.co/events/df2404/circles/119142,제25회 디. 페스타,Day1
딸기맛 태웅대만,챌리스,,,,,2sp,슬램덩크,,,서태웅 정대만,서태웅X정대만,"로맨틱,섹슈얼",,"소설,만화,일러스트",chrs_1234567890,https://dongne.co/events/df2404/circles/119476,제25회 디. 페스타,Day1
만두집 해남대점,만두대왕,,,,,2sp,슬램덩크,,,"이정환,전호장",이정환X전호장,,,,,https://dongne.co/events/df2404/circles/118246,제25회 디. 페스타,Day1
상호네 아기상어,에베,,,,,1sp,가비지타임,"전지적 독자 시점,데뷔 못 하면 죽는 병 걸림",,"기상호,박병찬,최종수",,,,,,https://dongne.co/events/df2404/circles/118534,제25회 디. 페스타,Day1
선명한 나쁜개들,민달,,,,,2sp,프로젝트 세카이,,,"아오야기 토우야,시노노메 아키토,시라이시 안,아즈사와 코하네,하츠네 미쿠,카이토",아오야기 토우야X시노노메 아키토,로맨틱,,"만화,일러스트",amitie_lune,https://dongne.co/events/df2404/circles/120829,제25회 디. 페스타,Day1
시그마 에이전시,시그마,,,,,2sp,화산귀환,,,화산귀환,남궁도위X임소병,,,"소설,일러스트,기타",TargetSigma,https://dongne.co/events/df2404/circles/121202,제25회 디. 페스타,Day1
오는가 팔기노도,소다,,,,,2sp,페이트/그랜드 오더,페이트 사무라이 렘넌트,,,암굴왕 에드몽 당테스X후지마루 리츠카 (여),로맨틱,,소설,76432O,https://dongne.co/events/df2404/circles/118949,제25회 디. 페스타,Day1
지옥의 애플파이,"비르키,키두,그냥,ppp,13,지범",,,,,2sp,트라이건,,다정한 독 인간 태풍,"나이브스,밧슈,울프우드",나이브스X밧슈,"로맨틱,섹슈얼",울프우드x밧슈,"만화,일러스트,소설,기타",RawPlants0721,https://dongne.co/events/df2404/circles/121047,제25회 디. 페스타,Day1
진혼의 카리스마,쌀,,,,,2sp,"진혼기,카리스마",,,,,,,소설,BR0KEIV,https://dongne.co/events/df2404/circles/120789,제25회 디. 페스타,Day1
촬영중 규칙준수,환효,,,,,1sp,가비지타임,,Habitual romance on April 31st,전영중 성준수,전영중X성준수,"로맨틱,섹슈얼",,소설,yoaketime,https://dongne.co/events/df2404/circles/118730,제25회 디. 페스타,Day1
후미텐 안전지대,부기,,,,,2sp,카리스마,,후미텐 쁘띠존: 월드섹시엠버서더 지갑 탈취 대작전 (안돼? 왜?),,이토 후미야X텐도 아마히코,해당없음,,"만화,소설",,https://dongne.co/events/df2404/circles/120369,제25회 디. 페스타,Day1
어차피 왼쪽으론 못 간다고!,"은설, 식냥",,,,,2sp,가비지타임,,,기상호,병찬X기상호,로맨틱,"뱅상, 종상",일러스트,"Eunsul_1109, SOSA3451",https://dongne.co/events/df2404/circles/119413,제25회 디. 페스타,Day1
너네가 친구라면 난 친구없어,그린블루,,,,,2sp,어두운바다의등불이되어,,,김재희,김재희X박무현,"로맨틱,섹슈얼",,만화,G_Deepblue,https://dongne.co/events/df2404/circles/118419,제25회 디. 페스타,Day1
꼼짝마 움직이면 싼다,토끼,,,,,2sp,트라이건,,다정한 독 인간 태풍,밧슈 더 스탬피드,울프우드X밧슈,"로맨틱,섹슈얼",나이브스X밧슈,"만화,일러스트,기타",88____16,https://dongne.co/events/df2404/circles/119765,제25회 디. 페스타,Day1
중원의 단수전문 화공들,새우튀김,,,,,2sp,화산귀환,,,"청명,당보,장일소,임소병",당보X청명,로맨틱,일소소병,일러스트,shrimp_tem_ooo,https://dongne.co/events/df2404/circles/119658,제25회 디. 페스타,Day1
세상은 구했는데 원고를 못 구했어요,디디,,,,,2sp,"사이퍼즈,로스트아크,수공예",,,,,,,소설,board00036,https://dongne.co/events/df2404/circles/118620,제25회 디. 페스타,Day1
장르는 스포츤데 얼굴이 판타지,묘하,,,,,2sp,가비지타임,,기상호 오른쪽 쁘띠존,"최종수,박병찬,성준수,기상호",최종수X기상호,"로맨틱,섹슈얼","박병찬×기상호, 성준수×기상호","만화,소설,일러스트,공예",myoha_S2,https://dongne.co/events/df2404/circles/119341,제25회 디. 페스타,Day1
건담과 세배빠른 마감러들,억얼쥐,,,,,4sp,퍼스트 건담,"수성의마녀,건담더블오",,,,로맨틱,,"일러스트,만화,공예",eogeoljwi,https://dongne.co/events/df2404/circles/120380,제25회 디. 페스타,Day1
게으른 죠미시와 강철소금,"동, 매비, 뚧",,,,,2sp,모브사이코 100,,,영등등,에쿠보X레이겐 아라타카,해당없음,,"만화,일러스트","D100NG, nakm8_, Ddu_100",https://dongne.co/events/df2404/circles/119921,제25회 디. 페스타,Day1
그렇게 늑랑이가 태어났다,식,,,,,1sp,주술회전,,,"후시구로 메구미,이타도리 유우지",후시구로 메구미X이타도리 유우지,,,"소설,기타",,https://dongne.co/events/df2404/circles/118583,제25회 디. 페스타,Day1
조로와 삼도류와 마리모의 사연,슈퍼더덕,,,,,1sp,원피스,,원피스 쁘띠존 3회,"조로,상디",조로X상디,"로맨틱,섹슈얼",,만화,superdd0,https://dongne.co/events/df2404/circles/118168,제25회 디. 페스타,Day1
화산이 도문인지 허니문인지,청둥이,,,,,1sp,화산귀환,,,"청명,당보,백천",백천X청명,"로맨틱,섹슈얼",당보청명,일러스트,llllll_820,https://dongne.co/events/df2404/circles/120937,제25회 디. 페스타,Day1
거양전 폐관수련중,연납,,,,,2sp,천관사복,인사반파,,화성 사련 풍신 모정 빙하 청추 등,,,,일러스트,renconabductor,https://dongne.co/events/df2404/circles/118259,제25회 디. 페스타,Day1
당청의 조반상차림,따,,,,,2sp,화산귀환,,,"당보,청명",당보X청명,"로맨틱,섹슈얼",,소설,,https://dongne.co/events/df2404/circles/119493,제25회 디. 페스타,Day1
밀카네 명우볶음밥,밀카,,,,,1sp,슬램덩크,,,"이명헌,정우성",명헌X우성,"섹슈얼,로맨틱",,소설,,https://dongne.co/events/df2404/circles/120424,제25회 디. 페스타,Day1
버뮤다 다장르지대,마댠,,,,,2sp,전독시,"백망되,내스급",,"김독자,한유진,케일",,,,만화,ma_vayd,https://dongne.co/events/df2404/circles/119187,제25회 디. 페스타,Day1
신비한 장르연구회,"J, 륭",,,,,2sp,"마블,슬램덩크,콜 오브 듀티,발더게3","데어데블,위쳐3,게임 등",,,,,,기타,"4tleastoneforU, ryungsillust",https://dongne.co/events/df2404/circles/119135,제25회 디. 페스타,Day1
오지는 해물칼국수,"얼큰한해물칼국수,오지",,,,,2sp,"슬램덩크,화산귀환",뱅브레이번,,"정대만,청명",,,,"만화,일러스트","2233_0104, OG__MAN",https://dongne.co/events/df2404/circles/118346,제25회 디. 페스타,Day1
지금은 대해적시대,탐정부인과 대학원생  ,,,,,1sp,원피스,,,트라팔가 로,,,,"일러스트,만화,공예,기타",sleep_very_well,https://dongne.co/events/df2404/circles/119223,제25회 디. 페스타,Day1
츠분타 김치찌개존,"난초, 림, 용필미애, 적송올리, 제비",,,,,4sp,"마법사의 약속(마호야쿠),아이돌리쉬 세븐(아이나나)",,,,,,"마법사의 약속 - 현자른, 동연장CP","소설,일러스트",Magic_holic,https://dongne.co/events/df2404/circles/119851,제25회 디. 페스타,Day1
오늘의 추천메뉴는 햄 샌드와 어란 파스타,"양갱, 소금소금",,,,,2sp,명탐정 코난,,,"아무로 토오루,에노모토 아즈사",아무로 토오루X에노모토 아즈사,로맨틱,,"소설,기타",youkann_amaz,https://dongne.co/events/df2404/circles/118903,제25회 디. 페스타,Day1
일단은 신청해보는 부스,Myacc,,,,,2sp,THE IDOLM@STER SideM(아이돌 마스터 사이드엠),카리스마,,,,,,"만화,일러스트",,https://dongne.co/events/df2404/circles/118212,제25회 디. 페스타,Day1
밧슈를 오른쪽으로 밀어서 잠금해제 ,"기태, 도나쓰, 넛s",,,,,2sp,트라이건,,다정한 독 인간 태풍,"밀리온즈 나이브스,밧슈 더 스탬피드,니콜라스 D 울프우드",밀리온즈 나이브스X밧슈 더 스탬피드,해당없음,니콜라스 D. 울프우드 X 밧슈 더 스탬피드,"만화,일러스트,소설","xmrjs_v, TRI_sssdona, Peanuts_TG",https://dongne.co/events/df2404/circles/119786,제25회 디. 페스타,Day1
주술사 시작합니다!,9둘9기,,,,,1sp,주술회전,,,"고죠 사토루,게토 스구루",,해당없음,,"일러스트,만화",gudulgugi,https://dongne.co/events/df2404/circles/120170,제25회 디. 페스타,Day1
이번엔 합격인가요?,다혼,,,,,1sp,내가 키운 S급들,,,올 캐릭터,,,,공예,,https://dongne.co/events/df2404/circles/119295,제25회 디. 페스타,Day1
사랑은 돌아오는거야,죽사,,,,,2sp,가정교사 히트맨 리본,,가히리요? 2024년에요?,,뱌쿠란X이리에 쇼이치,로맨틱,블루유니,"만화,일러스트",tydlclwnrehfhr1,https://dongne.co/events/df2404/circles/118443,제25회 디. 페스타,Day1
도곡동 마카롱김치찌개집,소다,,,,,2sp,슬램덩크,,,,,,최동오x정대만x이명헌,,soda_14_,https://dongne.co/events/df2404/circles/119751,제25회 디. 페스타,Day1
"간부들, 연회 좀 그만해 주세요.","멐, 토링",,,,,2sp,원피스,"화산귀환,광마회귀",원피스 쁘띠존 3회,"샹크스,버기,마르코 외 뱃사람들과 무인들 다수",,,,일러스트,muk_OP,https://dongne.co/events/df2404/circles/121250,제25회 디. 페스타,Day1
"그대들, 어떻게 연애할 것인가",카라반,,,,,2sp,모브사이코100,,모브레이 쁘띠존 : 모브레이 폭발까지 99%,카게야마 시게오,카게야마 시게오X레이겐 아라타카,로맨틱,,소설,ca_ravan,https://dongne.co/events/df2404/circles/119588,제25회 디. 페스타,Day1
태웅아.. 너를 웃겨주는 남자한테 가라,호두,,,,,4sp,슬램덩크,,,"정우성,서태웅",정우성X서태웅,"로맨틱,섹슈얼","대협태웅, 백호태웅, 모브태웅 ","만화,일러스트,소설",Hodu_0101,https://dongne.co/events/df2404/circles/119125,제25회 디. 페스타,Day1
눈코물&솜찌,눈코물,,,,,2sp,문구,,,,,,,기타,,https://dongne.co/events/df2404/circles/119990,제25회 디. 페스타,Day1
오렌지&섹시,비둘,,,,,2sp,카리스마 하우스,없음,,"이토 후미야,텐도 아마히코",이토 후미야X텐도 아마히코,"섹슈얼,로맨틱",없음,소설,bidulgi83774,https://dongne.co/events/df2404/circles/119307,제25회 디. 페스타,Day1
가보자고,하운,,,,,4sp,슬램덩크,"도리벤,가비지타임,화산귀환,프세카",,,,,,"일러스트,소설",,https://dongne.co/events/df2404/circles/118752,제25회 디. 페스타,Day1
가보자고,갸오,,,,,2sp,가비지타임,"전지적독자시점,슬램덩크",,"유중혁,김독자,양호열,강백호,박병찬,기상호,최종수",최종수X기상호,"로맨틱,섹슈얼","중혁독자, 호열백호, 병찬상호, 준수상호","소설,만화,일러스트",masitda_msor77,https://dongne.co/events/df2404/circles/119343,제25회 디. 페스타,Day1
가보자고,도치,,,,,1sp,전독시,데못죽,,,태섭X대만,"로맨틱,섹슈얼",,"소설,만화",__stoneheart_,https://dongne.co/events/df2404/circles/119340,제25회 디. 페스타,Day1
각자도생,나발,,,,,1sp,,,,,,,,,,https://dongne.co/events/df2404/circles/118177,제25회 디. 페스타,Day1
간이공간,역,,,,,2sp,슬램덩크,,,"양호열,강백호",양호열X강백호,,,"소설,만화,일러스트",rksd1dur,https://dongne.co/events/df2404/circles/120348,제25회 디. 페스타,Day1
개굴상점,개구리1,,,,,1sp,솜인형 소품샵입니다❣️,모든사이즈 착용가능합니다,,,,,,공예,geguri_store,https://dongne.co/events/df2404/circles/120848,제25회 디. 페스타,Day1
개굴상점,개구리,,,,,1sp,누이소품샵,,,,,,,공예,geguri_store,https://dongne.co/events/df2404/circles/121260,제25회 디. 페스타,Day1
고게랜드,"라라,오탑",,,,,2sp,주술회전,,,고죠 사토루 게토 스구루,고죠 사토루X게토 스구루,로맨틱,,만화,,https://dongne.co/events/df2404/circles/118492,제25회 디. 페스타,Day1
관상식물,noname,,,,,2sp,,,,,,,,,,https://dongne.co/events/df2404/circles/118320,제25회 디. 페스타,Day1
관찰일기,정원,,,,,1sp,슬램덩크,,,"송태섭,정대만",송태섭X정대만,로맨틱,,,,https://dongne.co/events/df2404/circles/118184,제25회 디. 페스타,Day1
구리십리,구리 십리,,,,,2sp,슬램덩크,"진혼기,전독시",,,,로맨틱,"자하설영, 중혁독자",,"baske_tta, 10n_nri",https://dongne.co/events/df2404/circles/118695,제25회 디. 페스타,Day1
국지재해,모카,,,,,2sp,트라이건,,다정한 독 인간 태풍,"울프우드,밧슈",,"섹슈얼,로맨틱",,"만화,소설",cmslash,https://dongne.co/events/df2404/circles/120272,제25회 디. 페스타,Day1
군밤가게,군밤장수,,,,,1sp,,,,,박병찬X기상호,,,만화,,https://dongne.co/events/df2404/circles/119269,제25회 디. 페스타,Day1
네코마마,레이카,,,,,4sp,데뷔 못 하면 죽는 병 걸림,화산귀환,,박문대 (오른쪽),,,,,rayca01,https://dongne.co/events/df2404/circles/118163,제25회 디. 페스타,Day1
농구회전,익명,,,,,2sp,주술회전,슬램덩크,,,,,,,,https://dongne.co/events/df2404/circles/118732,제25회 디. 페스타,Day1
닌자돌진,"지은, 독다마, 주주",,,,,2sp,닌타마 란타로,,,"5로,6학년",케마 토메사부로X젠포우지 이사쿠,,,"만화,일러스트","rO5oORolxV45228, dndpdndpdn, ju_saa4",https://dongne.co/events/df2404/circles/119713,제25회 디. 페스타,Day1
당청와플,물망초,,,,,4sp,화산귀환,,,"당보,청명",당보X청명,"로맨틱,섹슈얼",,"만화,소설,일러스트",mardred1010,https://dongne.co/events/df2404/circles/118850,제25회 디. 페스타,Day1
댄싱래빗,댄싱래빗,,,,,2sp,써지컬 안경줄/귀걸이/비녀,,,,,,,공예,oyo_atelier,https://dongne.co/events/df2404/circles/119203,제25회 디. 페스타,Day1
도부두부,마두부,,,,,2sp,프로젝트 세카이,,,"텐마 츠카사,카미시로 루이,오오토리 에무,쿠사나기 네네",텐마 츠카사X카미시로 루이,로맨틱,,"일러스트,만화",,https://dongne.co/events/df2404/circles/120387,제25회 디. 페스타,Day1
동인실직,스칼,,,,,2sp,프로젝트 세카이 컬러풀 스테이지 feat.하츠네 미쿠,,,,카미시로 루이X텐마 츠카사,"로맨틱,섹슈얼",,"만화,소설",,https://dongne.co/events/df2404/circles/118367,제25회 디. 페스타,Day1
동인연맹,맹주,,,,,4sp,가비지타임,,기상호 오른쪽 쁘띠존,최종수 박병찬 기상호,최종수X기상호,섹슈얼,"병찬상호, 뱅상, 종상, 종수상호, 종상뱅, 뱅상종, 빵준, 영중준수","만화,소설,일러스트",,https://dongne.co/events/df2404/circles/120601,제25회 디. 페스타,Day1
두다다다,두두,,,,,2sp,앙상블스타즈!!,플레이브,,,,,,게임,DD_0404,https://dongne.co/events/df2404/circles/119621,제25회 디. 페스타,Day1
뒹굴뒹굴,돕돕돕,,,,,2sp,슬램덩크,스파이더맨,,,,,,,doppdoppdopp,https://dongne.co/events/df2404/circles/118304,제25회 디. 페스타,Day1
마니팬시,마니팬시,,,,,1sp,죠죠,"마니팬시,포켓몬 카지푸름",,,,,,,caca_ppa,https://dongne.co/events/df2404/circles/118703,제25회 디. 페스타,Day1
마요공방,마요,,,,,2sp,창작인형,,,,,,,,piece0and,https://dongne.co/events/df2404/circles/119762,제25회 디. 페스타,Day1
맛집투어,PEACHBOX,,,,,1sp,"파판14,마호야쿠","돌아가는 펭귄드럼 / 프로세카 / 버튜버(니지산지,홀로라이브) / 터닝",,일단 올캐러..,,,,"일러스트,공예,기타",P3ACHB0X,https://dongne.co/events/df2404/circles/121204,제25회 디. 페스타,Day1
모몬가즈,모구토,,,,,2sp,화산귀환,,,,,,,,,https://dongne.co/events/df2404/circles/118398,제25회 디. 페스타,Day1
몹레떡집,포자,,,,,2sp,모브사이코100,,모브레이 쁘띠존 : 모브레이 폭발까지 99%,"카게야마시게오,레이겐아라타카",카게야마시게오X레이겐아라타카,섹슈얼,,만화,mob_poza,https://dongne.co/events/df2404/circles/119812,제25회 디. 페스타,Day1
무릉도원,벽도랑,,,,,1sp,진혼기,"반월당,화산귀환,광마회귀",,,,"로맨틱,섹슈얼",,"만화,일러스트,소설",byeokdolang,https://dongne.co/events/df2404/circles/118869,제25회 디. 페스타,Day1
무해무해,무해,,,,,1sp,,,,파인애플씨,,,,일러스트,muhae_muhae,https://dongne.co/events/df2404/circles/120263,제25회 디. 페스타,Day1
바다안개,심해치킨,,,,,2sp,어두운 바다의 등불이 되어,,"해량무현 쁘띠존 : 세상에서 제일 긴 웨딩 로드 3,000m","신해량,박무현",신해량X박무현,섹슈얼,,"소설,공예",under3km,https://dongne.co/events/df2404/circles/120592,제25회 디. 페스타,Day1
반말금지,강돌이,,,,,2sp,가비지타임,"원신,붕괴스타레일",,"조재석,조형석",,로맨틱,,만화,come_backstrong,https://dongne.co/events/df2404/circles/118252,제25회 디. 페스타,Day1
반짝반짝,아르,,,,,1sp,,,,,,,,,,https://dongne.co/events/df2404/circles/119561,제25회 디. 페스타,Day1
밥풀떼기,주먹밥,,,,,1sp,가비지타임,슬램덩크,,가비지타임,정대만X송태섭,로맨틱,,일러스트,joomukbab,https://dongne.co/events/df2404/circles/120335,제25회 디. 페스타,Day1
뱁새둥지,노량,,,,,1sp,화산귀환,,,"당보,청명",당보X청명,로맨틱,,"기타,소설",rabbit_ryang,https://dongne.co/events/df2404/circles/120047,제25회 디. 페스타,Day1
벨로벨로,벨로,,,,,1sp,주술회전,,,,신해량X박무현,로맨틱,,,,https://dongne.co/events/df2404/circles/118314,제25회 디. 페스타,Day1
벼룩시장,m8,,,,,4sp,"스플래툰,플레이브,프로세카",그외 마이너 작품,,-,,해당없음,,"만화,일러스트,소설",ows28888888,https://dongne.co/events/df2404/circles/118780,제25회 디. 페스타,Day1
병동땀수,ttam,,,,,2sp,가비지타임,,,,,,,만화,,https://dongne.co/events/df2404/circles/118335,제25회 디. 페스타,Day1
부대찌개,젤리,,,,,1sp,가비지타임,,Habitual romance on April 31st,"전영중,성준수",,,,,JELLY__2222,https://dongne.co/events/df2404/circles/120823,제25회 디. 페스타,Day1
부벅부벅,부이,,,,,1sp,은혼,나루토 가비지타임,,전영중,,,쪼빵,일러스트,vuuueeee,https://dongne.co/events/df2404/circles/121232,제25회 디. 페스타,Day1
빵신준자,ㄹ,,,,,2sp,가비지타임,,Habitual romance on April 31st,,전영중X성준수,"로맨틱,섹슈얼",,만화,,https://dongne.co/events/df2404/circles/120419,제25회 디. 페스타,Day1
빵준도래,노삼,,,,,1sp,가비지타임,,Habitual romance on April 31st,"전영중,성준수",전영중X성준수,,,소설,,https://dongne.co/events/df2404/circles/118307,제25회 디. 페스타,Day1
쁘띠뽀짝,뽀짝쿵야,,,,,2sp,플레이브,"데못죽,슬램덩크,화산귀환,하이큐,전독시,내스급,코난",,,,,,일러스트,BBoJJaKKyu,https://dongne.co/events/df2404/circles/118579,제25회 디. 페스타,Day1
시민구장,야로,,,,,1sp,다이아몬드 에이스,GM시리즈,,,,로맨틱,,,17171771_U,https://dongne.co/events/df2404/circles/118896,제25회 디. 페스타,Day1
신라광공,나임,,,,,1sp,진혼기,,설영자하 쁘띠존: 악월(惡月)부터 고월(辜月)까지,"설영,자하",설영X자하,"섹슈얼,로맨틱",,소설,youyouyouyour11,https://dongne.co/events/df2404/circles/120590,제25회 디. 페스타,Day1
알몸부스,칩,,,,,2sp,명탐정 코난,"파이널 판타지 14,창작",,,,"섹슈얼,로맨틱",,"만화,일러스트",uneechip,https://dongne.co/events/df2404/circles/118274,제25회 디. 페스타,Day1
얄리얄리,이현,,,,,2sp,화산귀환,어바등,,청명 당보 백천 임소병,해량X무현,,"임소병,청명, 백천, 당보. ","일러스트,소설,공예",for_mememe,https://dongne.co/events/df2404/circles/118328,제25회 디. 페스타,Day1
연성술사,연성술사,,,,,2sp,화산귀환,,,화산귀환 올캐릭터,,,,공예,Alchemist_for,https://dongne.co/events/df2404/circles/118476,제25회 디. 페스타,Day1
우쥬부스,째무 쩰라토,,,,,2sp,슬램덩크,"모브사이코,죠죠의기묘한모험",,양호열 강백호,양호열X강백호,로맨틱,"호백호, 백호군단","일러스트,공예,기타",JJrato_illust,https://dongne.co/events/df2404/circles/118131,제25회 디. 페스타,Day1
츈레벌레,cns,,,,,2sp,,,,,,,,,RanrindoS2,https://dongne.co/events/df2404/circles/119664,제25회 디. 페스타,Day1
카페오레,허브,,,,,2sp,원신,프로젝트 세카이,,,,,,,hb_rosemary,https://dongne.co/events/df2404/circles/118757,제25회 디. 페스타,Day1
킬더실버,킬더실버,,,,,2sp,,,,,,,,공예,kil_the_silver,https://dongne.co/events/df2404/circles/119539,제25회 디. 페스타,Day1
팡팡랜드,괴도팡,,,,,2sp,가비지타임,"데뷔 못 하면 죽는 병 걸림,플레이브",기상호 오른쪽 쁘띠존,,,,,,LUKAPANG__9158,https://dongne.co/events/df2404/circles/119014,제25회 디. 페스타,Day1
햐무샤기,일샤,,,,,2sp,프로세카,원신 스타레일,,니고 원더쇼,,,,일러스트,"Nz2ddnDi, nong_345",https://dongne.co/events/df2404/circles/120239,제25회 디. 페스타,Day1
호백반집,"글님,샤뿡이",,,,,2sp,슬램덩크,,,"양호열,강백호",양호열X강백호,로맨틱,,기타,,https://dongne.co/events/df2404/circles/118918,제25회 디. 페스타,Day1
후미텐가,금귤,,,,,2sp,카리스마,,후미텐 쁘띠존: 월드섹시엠버서더 지갑 탈취 대작전 (안돼? 왜?),"이토 후미야,텐도 아마히코",이토 후미야X텐도 아마히코,섹슈얼,,소설,kkingk1010,https://dongne.co/events/df2404/circles/120512,제25회 디. 페스타,Day1
정상영업 중,백언,,,,,1sp,데뷔못하면죽는병걸림,,,"이세진,박문대,테스타",이세진X박문대,해당없음,문대른,기타,qordjs__s,https://dongne.co/events/df2404/circles/120325,제25회 디. 페스타,Day1
영중이가 빵(준)줬어,치푸,,,,,1sp,가비지타임,,Habitual romance on April 31st,,전영중X성준수,,,,chipu_choco,https://dongne.co/events/df2404/circles/118706,제25회 디. 페스타,Day1
농놀하는 빛전,"사요,595",,,,,1sp,슬램덩크,파이널판타지14,,,,,,"만화,기타",syongtaro,https://dongne.co/events/df2404/circles/119045,제25회 디. 페스타,Day1
박병찬과 누나,타코,,,,,1sp,가비지타임,,,박병찬 / 기상호 / 최종수,지국민X이휘성,로맨틱,,소설,taco_v3,https://dongne.co/events/df2404/circles/120163,제25회 디. 페스타,Day1
세카이의 약속,"파치, 우름",,,,,2sp,프로젝트 세카이,마법사의 약속,,"원더쇼,니고",,해당없음,"마후에무, 츠카네네, 네네에무, 마후에나, 카인오웬",일러스트,"jGvaxx, cryinggas",https://dongne.co/events/df2404/circles/121068,제25회 디. 페스타,Day1
소복소복 비야,비야_W,,,,,2sp,,신도 야근을 하나요,,,,,,일러스트,woobin124,https://dongne.co/events/df2404/circles/118633,제25회 디. 페스타,Day1
테루밧비 전하,태양,,,,,2sp,트라이건,,다정한 독 인간 태풍,밧슈 더 스탬피드,울프우드X밧슈,"로맨틱,섹슈얼",나이브스X밧슈,"만화,일러스트,기타",KisragiT,https://dongne.co/events/df2404/circles/120784,제25회 디. 페스타,Day1
푸르름이 사는 곳,"야키, 일화",,,,,1sp,블루록,"주술회전,하이큐",,,나기 세이시로X미카게 레오,로맨틱,"고죠게토, 하이나나","만화,일러스트",,https://dongne.co/events/df2404/circles/119934,제25회 디. 페스타,Day1
우리장르 아직 흥해흥,미밍,,,,,2sp,가정교사 히트맨 리본!,,가히리요? 2024년에요?,,,,,"만화,일러스트",me_meming,https://dongne.co/events/df2404/circles/121262,제25회 디. 페스타,Day1
데한민국 데법원,판사,,,,,1sp,데뷔 못하면 죽는 병 걸림,,,"청려,박문대,동갑즈",이세진X박문대,로맨틱,,"기타,만화",,https://dongne.co/events/df2404/circles/121084,제25회 디. 페스타,Day1
미인공의 세카이,관식,,,,,1sp,프로젝트 세카이,명탐정 코난,,"아오야기 토우야,시노노메 아키토,하기와라 켄지,마츠다 진페이",아오야기 토우야X시노노메 아키토,"로맨틱,섹슈얼",하기마츠,소설,m__ulti,https://dongne.co/events/df2404/circles/120364,제25회 디. 페스타,Day1
바다에서 바다로,아탕,,,,,2sp,어두운 바다의 등불이 되어,,"해량무현 쁘띠존 : 세상에서 제일 긴 웨딩 로드 3,000m","신해량,박무현",신해량X박무현,"로맨틱,섹슈얼",,,p1rorin9,https://dongne.co/events/df2404/circles/118135,제25회 디. 페스타,Day1
백린의각 양재점,로운,,,,,1sp,"의원,다시 살다",,,"제갈린,진천희",제갈린X진천희,로맨틱,,소설,mangnani01,https://dongne.co/events/df2404/circles/119766,제25회 디. 페스타,Day1
산지직송 농슐리,masoidea,,,,,2sp,더퍼스트슬램덩크,리바운드,,,,,"태웅태섭, 대만태섭, 태웅대만","만화,일러스트,소설",masoidea,https://dongne.co/events/df2404/circles/119057,제25회 디. 페스타,Day1
올망졸망 농구부,"선인장,뚜루,당근",,,,,2sp,가비지타임,에이케이에이트,,"기상호,박병찬,최종수",,,,"만화,일러스트",cactus_G_T,https://dongne.co/events/df2404/circles/119754,제25회 디. 페스타,Day1
은빛늑대 성준수,유마,,,,,1sp,가비지타임,,Habitual romance on April 31st,,전영중X성준수,,,,,https://dongne.co/events/df2404/circles/118783,제25회 디. 페스타,Day1
초코라떼 전문점,초코송이,,,,,2sp,가비지타임,,Habitual romance on April 31st,"전영중,성준수",전영중X성준수,,,만화,,https://dongne.co/events/df2404/circles/118516,제25회 디. 페스타,Day1
테라에서 왔어요,"영, 치즈, 한",,,,,4sp,플레이브,,,플레이브,하민X예준,로맨틱,은호노아,"만화,일러스트",gkalsdl11,https://dongne.co/events/df2404/circles/120354,제25회 디. 페스타,Day1
호밀빵의 밀수꾼,호밀,,,,,2sp,,,,,,,,,homilpain,https://dongne.co/events/df2404/circles/118515,제25회 디. 페스타,Day1
혼인신고 일일일,미농시,,,,,1sp,가비지타임,,Habitual romance on April 31st,"전영중,성준수",전영중X성준수,로맨틱,,"만화,일러스트",minongsi,https://dongne.co/events/df2404/circles/120949,제25회 디. 페스타,Day1
화산출신 고라니,고니,,,,,1sp,화산귀환,하이큐,,청명,백천X청명,로맨틱,츠무히나,"일러스트,만화",goni_hg,https://dongne.co/events/df2404/circles/119677,제25회 디. 페스타,Day1
호열이네 카센터 ,송만섭,,,,,2sp,슬램덩크,,,,,,,,duuuums,https://dongne.co/events/df2404/circles/118600,제25회 디. 페스타,Day1
도글라스 디자인 & 크래프트,도글라스,,,,,2sp,,,,,,,,공예,Doglass1001,https://dongne.co/events/df2404/circles/119354,제25회 디. 페스타,Day1
호리유코 바이럴 부스,남오 ,,,,,2sp,가비지타임,아이돌마스터 데못죽,,,,,,기타,n5amo,https://dongne.co/events/df2404/circles/120045,제25회 디. 페스타,Day1
소장님을 센터에 두고 양손에는 목줄,"밍, 시나림",,,,,2sp,모브사이코,,,"에쿠보,레이겐,세리자와",세리자와 카츠야X레이겐 아라타카,"로맨틱,섹슈얼",에쿠레이,"소설,기타,만화,일러스트","mingx100, sinarim100",https://dongne.co/events/df2404/circles/120010,제25회 디. 페스타,Day1
돌잔치를 영어로 하면?,락페스티벌,,,,,2sp,가비지타임,앙스타 이것저것,,,,,,일러스트,,https://dongne.co/events/df2404/circles/119260,제25회 디. 페스타,Day1
농구해서 이기면 박병찬 하는 걸로,lin1103,,,,,1sp,가비지타임,,,,,,,소설,wntGT_230130,https://dongne.co/events/df2404/circles/118964,제25회 디. 페스타,Day1
빵준에는 사랑과 낭만이 있다.,기악,,,,,2sp,가비지타임,웹소설,Habitual romance on April 31st,"전영중,성준수,최종수,박병찬,기상호",전영중X성준수,로맨틱,,"일러스트,소설",GIAK0110,https://dongne.co/events/df2404/circles/120182,제25회 디. 페스타,Day1
무한으로 뒤집는 빡빡이 호떡집,욱삐,,,,,1sp,슬램덩크,,,"정우성,이명헌",이명헌X정우성,"섹슈얼,로맨틱","명헌우성명헌, 우성명헌우성 리버시블","일러스트,만화",baskebbi,https://dongne.co/events/df2404/circles/120672,제25회 디. 페스타,Day1
오른팔에 연하남 왼팔에 왕가남,나무,,,,,2sp,Nu:carnival,,,,,"로맨틱,섹슈얼",,"만화,일러스트",,https://dongne.co/events/df2404/circles/118608,제25회 디. 페스타,Day1
그렇다고 저희가 인외만 좋아하는 건 아닙니다,룜피,,,,,1sp,가비지타임,,기상호 오른쪽 쁘띠존,기상호,박병찬X기상호,로맨틱,영중상호,소설,192cm_baby_damn,https://dongne.co/events/df2404/circles/120608,제25회 디. 페스타,Day1
결정적인 순간에 부스를 내버리는 것은 흔한 일이다,리다,,,,,1sp,모브사이코100,,모브레이 쁘띠존 : 모브레이 폭발까지 99%,"카게야마 시게오,레이겐 아라타카",카게야마 시게오X레이겐 아라타카,로맨틱,,만화,Lida_0706,https://dongne.co/events/df2404/circles/118987,제25회 디. 페스타,Day1
도리벤은 거대한 타케른 동인지이다,"괄라, 열무",,,,,2sp,도쿄리벤저스,,2024 타케른 쁘띠존,"타케미치,마이키",마이키X타케미치,"로맨틱,섹슈얼",타케른,만화,"matak_223344, muuu0101",https://dongne.co/events/df2404/circles/120585,제25회 디. 페스타,Day1
정희차이 씨리얼 말아주는 중,아레카야자,,,,,2sp,가비지타임,,,,,,,"만화,소설",ARECA_palm_,https://dongne.co/events/df2404/circles/118133,제25회 디. 페스타,Day1
손재주가 없는건 아니었는데 마감 못하면 죽는병 걸림,jz,,,,,2sp,데뷔 못 하면 죽는 병 걸림,플레이브,,,,,,,,https://dongne.co/events/df2404/circles/118748,제25회 디. 페스타,Day1
망우쭈는 못말려! ,망고,,,,,2sp,슬램덩크,,,양호열 강백호,양호열X강백호,"로맨틱,섹슈얼",,"소설,만화",14_hanamja,https://dongne.co/events/df2404/circles/120457,제25회 디. 페스타,Day1
나미모리 주민센터,비상식량,,,,,1sp,가정교사 히트맨 리본,,가히리요? 2024년에요?,,,,,만화,fofo__on,https://dongne.co/events/df2404/circles/119133,제25회 디. 페스타,Day1
데못죽은 영원하다,메리메무리,,,,,1sp,,,,박문대,,,,일러스트,cookylove19,https://dongne.co/events/df2404/circles/118615,제25회 디. 페스타,Day1
머스탱고 알엑스텝,nanaman,,,,,1sp,명탐정 코난,,,,아카이 슈이치X아무로 토오루,로맨틱,,소설,tbfpdl,https://dongne.co/events/df2404/circles/119278,제25회 디. 페스타,Day1
무엇이든 해보자고,세린,,,,,1sp,슬램덩크,가비지타임,,송태섭,,로맨틱,,공예,celineee915,https://dongne.co/events/df2404/circles/120699,제25회 디. 페스타,Day1
바느질로 농구하기,juliasuyong,,,,,1sp,슬램덩크,,,양호열 강백호,양호열X강백호,로맨틱,,공예,,https://dongne.co/events/df2404/circles/119068,제25회 디. 페스타,Day1
저씨청년 흑백만화,백대칼,,,,,2sp,"에우리디케는 없다,계약아빠",,,"김희재,한가람",김희재X한가람,"로맨틱,섹슈얼",,"만화,기타",repacking001,https://dongne.co/events/df2404/circles/121036,제25회 디. 페스타,Day1
사숙이랑 사질이랑 그런 사이래,6월,,,,,2sp,화산귀환,,,청명,,,,소설,06__28__,https://dongne.co/events/df2404/circles/118977,제25회 디. 페스타,Day1
농구장에 무림만두 하나 배달이요,"새햄, 시온",,,,,2sp,가비지타임,진혼기,,,전영중X성준수,로맨틱,상뱅,일러스트,"Sstofgoak_, SION_428",https://dongne.co/events/df2404/circles/119137,제25회 디. 페스타,Day1
엘을찾는 일곱빛깔 아이돌,"이노, 해삼",,,,,2sp,아이돌리쉬 세븐,"엘소드,우마무스메",,,,해당없음,,일러스트,"PURPLExRED_, namai77",https://dongne.co/events/df2404/circles/119132,제25회 디. 페스타,Day1
잠옷입은 햄쥐윻윶 주세요,추호,,,,,2sp,내가 키운 S급들,,,"한유진,한유현",한유현X한유진,섹슈얼,,"일러스트,만화",,https://dongne.co/events/df2404/circles/120570,제25회 디. 페스타,Day1
해저기지 입사면접 스터디,환,,,,,2sp,어두운 바다의 등불이 되어,,"해량무현 쁘띠존 : 세상에서 제일 긴 웨딩 로드 3,000m",,신해량X박무현,"로맨틱,섹슈얼",,"만화,소설",book_ghks,https://dongne.co/events/df2404/circles/119463,제25회 디. 페스타,Day1
확실하게 세탁건조 해야함,빨래세탁건조,,,,,2sp,어두운 바다의 등불이 되어,가비지타임,,,,,,만화,le2dduck,https://dongne.co/events/df2404/circles/118286,제25회 디. 페스타,Day1
쌍둥이의 노래하는 스위츠 카페,희망,,,,,2sp,아이돌리쉬 세븐,보컬로이드,,"쿠죠 텐,나나세 리쿠,카가미네 린,카가미네 렌",쿠죠 텐X나나세 리쿠,로맨틱,린&렌,"만화,일러스트",hope_118_,https://dongne.co/events/df2404/circles/119061,제25회 디. 페스타,Day1
입덕하고 민첩하게 신청한 부스,극락/낑깡,,,,,1sp,가비지타임,,,,,,,,,https://dongne.co/events/df2404/circles/119801,제25회 디. 페스타,Day1
궁주님을 애정촌에 가두면 생기는 일,소냐,,,,,2sp,서브 남주가 파업하면 생기는 일,,,"정예서,세드리크,지브릴,요한,크리스텔",세드리크X정예서,"로맨틱,섹슈얼",,소설,vivid_1231,https://dongne.co/events/df2404/circles/119602,제25회 디. 페스타,Day1
모브레이 마니마니 쥬세요!,시니그린,,,,,1sp,모브사이코100,,모브레이 쁘띠존 : 모브레이 폭발까지 99%,,카게야마 시게오X레이겐 아라타카,,,,MobRei_sosite,https://dongne.co/events/df2404/circles/120514,제25회 디. 페스타,Day1
국내최초 회지발간 씨피모음,신신,,,,,2sp,MIU 404,"아이돌리쉬세븐(아이나나),우마무스메,슬램덩크",,"시마 카즈미,이부키 아이,나츠메 미나미,이스미 하루카,맥퀸,테이오,이명헌,정우성",시마 카즈미X이부키 아이,로맨틱,"나츠메 미나미 X 이스미 하루카, 맥퀸 X 테이오 X 맥퀸, 이명헌 X 정우성 ",만화,L_1aw1iet,https://dongne.co/events/df2404/circles/120127,제25회 디. 페스타,Day1
십리까지 눗벅뽀벅 꽥벅꽥벅,모짜오리,,,,,2sp,슬램덩크,가비지타임 진혼기 데못죽,,,,,,,mozzarellaori,https://dongne.co/events/df2404/circles/120019,제25회 디. 페스타,Day1
화산에서 펼쳐지는 앙상블☆,세연,,,,,4sp,화산귀환,앙상블스타즈,,"당보,청명,앙상블스타즈,화산귀환",당보X청명,로맨틱,"일소청명,레오츠카","만화,일러스트,소설,기타",Seola_05,https://dongne.co/events/df2404/circles/119782,제25회 디. 페스타,Day1
놀러와요 그랜드라인,믹케,,,,,1sp,원피스,,원피스 쁘띠존 3회,"조로,타시기,크로커다일,도플라밍고",조로X타시기,로맨틱,크로커다일x도플라밍고,만화,Mimic_dw,https://dongne.co/events/df2404/circles/119689,제25회 디. 페스타,Day1
밀피오레 조아라지부,EnRyu,,,,,2sp,가정교사 히트맨 리본!,"원피스,산나비",가히리요? 2024년에요?,,,,,"만화,일러스트",silver_waveJ,https://dongne.co/events/df2404/circles/120172,제25회 디. 페스타,Day1
운명이고 종생입니다,톰비 ,,,,,2sp,슬램덩크,,,"정우성,이명헌",,"로맨틱,섹슈얼","태웅백호,태섭대만","일러스트,소설",tombiedraws,https://dongne.co/events/df2404/circles/120620,제25회 디. 페스타,Day1
양자택일 극단적이야 넌 너무 긴장하지마라 ,이창수,,,,,1sp,가비지타임,,,,,,,일러스트,,https://dongne.co/events/df2404/circles/119880,제25회 디. 페스타,Day1
아기상호 뚜루루뚜루 귀여운 뚜루루뚜루,룬시아,,,,,2sp,가비지타임,전지적독자시점,,기상호 박병찬 최종수 유중혁 김독자,기상호,,중혁독자,"일러스트,기타",,https://dongne.co/events/df2404/circles/118297,제25회 디. 페스타,Day1
"고마워요, 함께 농구를 해줘서",다해빗,,,,,2sp,가비지타임,,,,,,,공예,da_haebit,https://dongne.co/events/df2404/circles/120128,제25회 디. 페스타,Day1
"회색도시, 사이퍼즈, 데못죽 레츠고",모노,,,,,2sp,"회색도시,사이퍼즈",,,올캐러,,,,"일러스트,공예",baka_mono_,https://dongne.co/events/df2404/circles/119867,제25회 디. 페스타,Day1
울프우드! 나이브스! 콧찌미떼♥,"치기, 비읍, 햇, 토요",,,,,4sp,트라이건,,다정한 독 인간 태풍,,울프우드X밧슈,"로맨틱,섹슈얼",나이밧슈,,"gidivl, bieub_owo, trigun_V",https://dongne.co/events/df2404/circles/120861,제25회 디. 페스타,Day1
종상차려!! 이 각박한 세상속에서,촟코,,,,,1sp,가비지타임,,기상호 오른쪽 쁘띠존,,,,,만화,gmlfud898,https://dongne.co/events/df2404/circles/120678,제25회 디. 페스타,Day1
할수있다!!!,으아아,,,,,2sp,가비지타임,슬램덩크,,"김기정,공태성,임승대,윤대협",,"로맨틱,섹슈얼",성준수x공태성,"만화,일러스트",something_uaa,https://dongne.co/events/df2404/circles/119521,제25회 디. 페스타,Day1
여보세요? 제형입니다,꿍,,,,,1sp,내가키운 s급,블랙배저,,"한유현,한유진",한유현X한유진,"로맨틱,섹슈얼","잭힐데, 예윤",,,https://dongne.co/events/df2404/circles/119314,제25회 디. 페스타,Day1
이마난지?니지산지!,cri,,,,,2sp,니지산지,,,"쿠로노아,볼텍션",,,,"기타,일러스트",,https://dongne.co/events/df2404/circles/119593,제25회 디. 페스타,Day1
둥지에서...엘의 울림이 들려와.,퍼플,,,,,2sp,"엘소드,제5인격,솜인형","제5인격,솜인형",,,,,,,purple_1line,https://dongne.co/events/df2404/circles/118833,제25회 디. 페스타,Day1
문어구이+휘옌,문어구이,,,,,4sp,데뷔 못 하면 죽는 병 걸림,"화산귀환,광마회귀",,"박문대,선아현,테스타",선아현X박문대,"섹슈얼,로맨틱",문대른 자하른 청명른,"만화,소설,일러스트","moonuuh, Hwiyyen",https://dongne.co/events/df2404/circles/119034,제25회 디. 페스타,Day1
개구리뷔페,뻐터,,,,,1sp,파이널판타지14,오리지널,,"아이메리크,에스티니앙",아이메리크X에스티니앙,로맨틱,,만화,bbttup,https://dongne.co/events/df2404/circles/119436,제25회 디. 페스타,Day1
공놀이부스,키리,,,,,2sp,블루록,가비지타임,,레오,나기X레오,"로맨틱,섹슈얼",빵준,"만화,일러스트,소설",kireo791014,https://dongne.co/events/df2404/circles/120939,제25회 디. 페스타,Day1
너구리타임,단,,,,,2sp,가비지타임,,,,,,,,,https://dongne.co/events/df2404/circles/118709,제25회 디. 페스타,Day1
녹색정거장,이주,,,,,1sp,,,,솔솔이/방울이,,,,"일러스트,공예",ejoo1011,https://dongne.co/events/df2404/circles/120525,제25회 디. 페스타,Day1
농구잡상인,팡,,,,,1sp,가비지타임,,,,조형석X이현성,,,,,https://dongne.co/events/df2404/circles/120280,제25회 디. 페스타,Day1
농놀의시대,냐냐냥,,,,,1sp,가비지타임,,기상호 오른쪽 쁘띠존,,,,,,,https://dongne.co/events/df2404/circles/120103,제25회 디. 페스타,Day1
농놀특이점,기뮤1,,,,,1sp,페이트그랜드오더,"슬램덩크,가비지타임",,구다오,사이토하지메X구다오,로맨틱,"센루(대협태웅), 규쫑, 준쟁","소설,일러스트,만화",orange_d_podo,https://dongne.co/events/df2404/circles/118860,제25회 디. 페스타,Day1
린이사아아,로티,,,,,1sp,블루록,,,"이토시 린,이사기 요이치",이토시 린X이사기 요이치,,"린이사, 이사린","만화,일러스트",blueloty,https://dongne.co/events/df2404/circles/120229,제25회 디. 페스타,Day1
마마야메론,고래고기,,,,,2sp,프로세카,오리지널,,,,,,,3TX53L2GU,https://dongne.co/events/df2404/circles/118390,제25회 디. 페스타,Day1
무인판매점,"상메, 구모, 0",,,,,2sp,화산귀환,"가비지 타임,발더스 게이트3,월드 트리거",,"청명,당보",,로맨틱,,,"D_SANME, gumoarchive, forevermoreor",https://dongne.co/events/df2404/circles/119033,제25회 디. 페스타,Day1
무지성부스,무지,,,,,2sp,슬램덩크,,,양호열 강백호,양호열X강백호,"로맨틱,섹슈얼",,"만화,일러스트",167_cm_o,https://dongne.co/events/df2404/circles/118599,제25회 디. 페스타,Day1
미어깻동굴,"시오,여명끼끼 ",,,,,2sp,명탐정코난,,,"아카이슈이치,후루야레이",,"로맨틱,섹슈얼",,"만화,소설",comet_xio,https://dongne.co/events/df2404/circles/119967,제25회 디. 페스타,Day1
버스정류장,GB,,,,,1sp,모브사이코 100,스타트렉,,올캐릭터,,,,"만화,소설",G341748,https://dongne.co/events/df2404/circles/119247,제25회 디. 페스타,Day1
분실물센터,크나,,,,,1sp,슬램덩크,"틱택토,세포신곡",,미정,서태웅X정대만,,,"소설,만화",,https://dongne.co/events/df2404/circles/120360,제25회 디. 페스타,Day1
붕붕묶어라,붐붐,,,,,2sp,스플래툰,포켓몬 사이퍼즈,,,,,,일러스트,flomyboom,https://dongne.co/events/df2404/circles/118700,제25회 디. 페스타,Day1
뿡뿌룽삥뿡,"소1장, 나격",,,,,2sp,화산귀환,"DC코믹스,전독시",,"청명,장일소,제이슨 토드",,,,"일러스트,만화","sojang_o, fallin_nagyuk",https://dongne.co/events/df2404/circles/119522,제25회 디. 페스타,Day1
삐고옆부스,김웅애,,,,,2sp,가비지타임,아이돌리쉬세븐,,,,,,일러스트,dmddozlaxx,https://dongne.co/events/df2404/circles/121219,제25회 디. 페스타,Day1
신라짬뽕집,장남,,,,,2sp,진혼기,,,,,,,일러스트,senpasenlove,https://dongne.co/events/df2404/circles/120674,제25회 디. 페스타,Day1
씹탑독수리,느덕,,,,,2sp,은혼,"가비지타임,나루토,카리스마",,긴토키,,,,일러스트,hnuunk,https://dongne.co/events/df2404/circles/120051,제25회 디. 페스타,Day1
에스페란사,천경,,,,,2sp,천관사복,"흑집사,나츠메 우인장,마도조사,인사반파,이합화타적백묘사존,얼하",,사련,화성X사련,"로맨틱,섹슈얼","세바x시엘, 망무",,tenkei121,https://dongne.co/events/df2404/circles/118938,제25회 디. 페스타,Day1
예나디자인,예나,,,,,2sp,,,,,,,,,,https://dongne.co/events/df2404/circles/119141,제25회 디. 페스타,Day1
오타쿠포폴,하듀,,,,,2sp,슬램덩크,화산귀환,,"양호열,강백호,이정환,전호장",양호열X강백호,,"이정환x전호장, 장일소x임소병","소설,기타",MP0yp,https://dongne.co/events/df2404/circles/119081,제25회 디. 페스타,Day1
웅애옆부스,토챠,,,,,2sp,가비지타임,,,기상호 박병찬 전영중 성준수 최종수 주찬양,,"섹슈얼,로맨틱",전영중x성준수,일러스트,tocha_aa,https://dongne.co/events/df2404/circles/118512,제25회 디. 페스타,Day1
장르다이소,병만,,,,,4sp,,"마호야쿠,명일방주,아르고나비스,흡혈귀는 툭하면 죽는다,카리스마",,,,,,"만화,일러스트,소설",,https://dongne.co/events/df2404/circles/119470,제25회 디. 페스타,Day1
저녁드라마,길새,,,,,2sp,슬램덩크,,,강백호,양호열X강백호,"로맨틱,섹슈얼",,만화,babababbabbab,https://dongne.co/events/df2404/circles/118206,제25회 디. 페스타,Day1
제형입니다,"나기, 우엉",,,,,1sp,내가 키운 S급들,,,"한유진,한유현",한유현X한유진,로맨틱,,"공예,일러스트,기타",,https://dongne.co/events/df2404/circles/119590,제25회 디. 페스타,Day1
찌뿌찌부실,괄자,,,,,1sp,데뷔 못하면 죽는 병에 걸림,원신,,"선아현,박문대,신청려,알하이탐,카베",,,,일러스트,xcyanu,https://dongne.co/events/df2404/circles/120196,제25회 디. 페스타,Day1
체리비앙코,Quere,,,,,2sp,슬램덩크,,,강백호,양호열X강백호,섹슈얼,,만화,quere_vvv,https://dongne.co/events/df2404/circles/118146,제25회 디. 페스타,Day1
쿠뽀뽀쿠뽀,란,,,,,2sp,Final Fantasy14(파이널판타지14),"오버워치,동물의 숲",,"올라운더,이젤,아히완",,,,"일러스트,기타",tw_egg_2,https://dongne.co/events/df2404/circles/119008,제25회 디. 페스타,Day1
폭탄돌리기,야마KK,,,,,2sp,포켓몬스터,슬램덩크,,"단델,금랑,송태섭,정대만",,로맨틱,태섭대만,"만화,일러스트",,https://dongne.co/events/df2404/circles/118853,제25회 디. 페스타,Day1
햇님잡화점,햇님,,,,,2sp,데못죽.플레이브,,,,,,,,January_the_sun,https://dongne.co/events/df2404/circles/119398,제25회 디. 페스타,Day1
허니러스크,플,,,,,2sp,,,,,,해당없음,,,honeyrusks_plz,https://dongne.co/events/df2404/circles/118589,제25회 디. 페스타,Day1
파란토끼의 집,파란세운,,,,,2sp,가비지타임,슬램덩크,,성준수,전영중X성준수,섹슈얼,동오대만 ,"만화,일러스트",blueseun,https://dongne.co/events/df2404/circles/118266,제25회 디. 페스타,Day1
백년호합탕 한 사발 어떠신가요,콩,,,,,2sp,천관사복,"묵향장르(마도조사,인사반파자구계통)",,"사련,화성",화성X사련,,"망무, 빙추, 막상 등등",기타,kong_mdzs,https://dongne.co/events/df2404/circles/120464,제25회 디. 페스타,Day1
구기종목의 의리,"30, 파렌",,,,,2sp,"슬램덩크,쿠로코의 농구",,,,,,,"만화,소설",,https://dongne.co/events/df2404/circles/119780,제25회 디. 페스타,Day1
뿌잉뿌잉과 모순,멍선생Q,,,,,2sp,서브남주가 파업하면 생기는 일,슈퍼내추럴,,"캐스,딘,지브릴,정예서",지브릴 디오프X정예서,로맨틱,캐스딘,"소설,공예",mung1424,https://dongne.co/events/df2404/circles/118360,제25회 디. 페스타,Day1
오합지졸의 귀환,華娘 화낭,,,,,1sp,화산귀환,타장르,,청명,,,,일러스트,Ooo_UOU_ooO,https://dongne.co/events/df2404/circles/120986,제25회 디. 페스타,Day1
크림감자맛 상뱅,"크림, 감자겨자강쥐",,,,,2sp,가비지타임,,,기상호 박병찬,,"로맨틱,섹슈얼",,"만화,일러스트",Y_CreamS2,https://dongne.co/events/df2404/circles/121233,제25회 디. 페스타,Day1
까르보나라 딸기 떡볶이,칠라,,,,,2sp,세포신곡,"프로세카,니지산지,위치즈하트,포켓몬",,ㅁㄴㅇㄹ,,,,일러스트,yanpsk_03,https://dongne.co/events/df2404/circles/120596,제25회 디. 페스타,Day1
오른쪽으로 가다가 멈춰선 기상호,덕사,,,,,1sp,가비지타임,,기상호 오른쪽 쁘띠존,기상호,기상호,섹슈얼,,소설,1Didol_deok,https://dongne.co/events/df2404/circles/119065,제25회 디. 페스타,Day1
전영중한테 상호가 오라고 빵상은 놔두라고(저희 다른 것도 나옵니다),"도원, 28*15",,,,,2sp,가비지타임,,기상호 오른쪽 쁘띠존,기상호,전영중X기상호,"로맨틱,섹슈얼","종상(최종수x기상호), 뱅상(박병찬x기상호), 준상(성준수x기상호)","만화,소설,기타","Dowon_777, basketbaxxcourt",https://dongne.co/events/df2404/circles/118509,제25회 디. 페스타,Day1
"오른쪽으로 가다가 멈춰서 광석병, 막아봐",찹쌀떡,,,,,4sp,가비지타임,명일방주,,"최종수,기상호,총웨,박사",최종수X기상호,,"총웨박사, 박사른","만화,기타,일러스트",Dr_Ecris,https://dongne.co/events/df2404/circles/118270,제25회 디. 페스타,Day1
"행복해지지 않으면 죽여버리겠습니다, 양호열군",HELLO,,,,,2sp,슬램덩크,,,"양호열,강백호",양호열X강백호,"로맨틱,섹슈얼",,소설,Im_Your_Annyung,https://dongne.co/events/df2404/circles/121205,제25회 디. 페스타,Day1
결혼했으면 좋겠어요,비비비비비비빕v,,,,,1sp,가비지타임,,Habitual romance on April 31st,전영중 성준수,,,,"일러스트,소설",play_gtime,https://dongne.co/events/df2404/circles/119540,제25회 디. 페스타,Day1
그랜드라인 구멍가게,삼,,,,,1sp,원피스,,원피스 쁘띠존 3회,밀해단 외 기타,,,,일러스트,sam_one111,https://dongne.co/events/df2404/circles/119957,제25회 디. 페스타,Day1
나이밧슈네 사과농장,"jen(젠), EKORRE(에코레) ",,,,,2sp,트라이건,트라이건 스탬피드,다정한 독 인간 태풍,"밀리온즈 나이브스,밧슈 더 스탬피드",밀리온즈 나이브스X밧슈 더 스탬피드,"로맨틱,섹슈얼",,"일러스트,소설,기타","jen_3580, fluffy_summer__",https://dongne.co/events/df2404/circles/119615,제25회 디. 페스타,Day1
도쿄만지회 반찬가게,연새,,,,,1sp,도쿄 리벤저스,,2024 타케른 쁘띠존,하나가키 타케미치,사노 만지로X하나가키 타케미치,"로맨틱,섹슈얼","마츠노 치후유 x 하나가키 타케미치 , 산즈 하루치요 x 하나가키 타케미치",일러스트,yeonsae78,https://dongne.co/events/df2404/circles/120511,제25회 디. 페스타,Day1
항공모함에 주지육림,로비니아,,,,,2sp,어두운 바다의 등불이 되어,,"해량무현 쁘띠존 : 세상에서 제일 긴 웨딩 로드 3,000m","신해량,박무현",신해량X박무현,,,소설,bloom_robinia,https://dongne.co/events/df2404/circles/119697,제25회 디. 페스타,Day1
러뷰어셀프 브이틱라이프,cp,,,,,2sp,데뷔 못하면 죽는 병 걸림,,,,,해당없음,류청우X배세진,,oh_my_cp,https://dongne.co/events/df2404/circles/118707,제25회 디. 페스타,Day1
화랑일까요 러뷰어일까요 노을일까요 영웅일까요 헌터일까요,챠백,,,,,4sp,진혼기,"데못죽,망아살,저그인,헌조살",,,,해당없음,,"기타,일러스트",teabag_gj,https://dongne.co/events/df2404/circles/119076,제25회 디. 페스타,Day1
섹시일까요 후계자일까요 제국인일까요,챠백,,,,,1sp,동경과 거짓말,"카리스마,성황의 아이들",,"오오세,리카이,비올라,에델바이스",,해당없음,,일러스트,teabag_gj,https://dongne.co/events/df2404/circles/121199,제25회 디. 페스타,Day1
"마이너라고? 흥, 웃기는 소리","도륭, 3대제자리안",,,,,2sp,화산귀환,,,화산귀환,,해당없음,,기타,"dolyung1, Say5andhit6",https://dongne.co/events/df2404/circles/120844,제25회 디. 페스타,Day1
깔리라구요? 지금요?!,설,,,,,2sp,도쿄리벤져스,가정교사 히트맨 리본,,하나가키 타케미치,코코노이 하지메X하나가키 타케미치,로맨틱,"토라타케, 카쿠타케",만화,srsrver3,https://dongne.co/events/df2404/circles/120598,제25회 디. 페스타,Day1
화산포목점/수려공방,삐아체레,,,,,2sp,화산귀환,,,,,,,"일러스트,공예,기타",Piacere_S2,https://dongne.co/events/df2404/circles/120254,제25회 디. 페스타,Day1
호도합니다.,HODO,,,,,2sp,트라이건,(만달로리안) (lies of P),,밧슈. 울프우드. 딘 자린. 루크 스카이워커. P,,,,"만화,영상,게임",hodogaza,https://dongne.co/events/df2404/circles/120320,제25회 디. 페스타,Day1
가족연례행사,근주,,,,,2sp,원피스,,원피스 쁘띠존 3회,"백수해적단,우타,샹크스,DQ형제,로코라",,로맨틱,,만화,z12341231556,https://dongne.co/events/df2404/circles/119115,제25회 디. 페스타,Day1
강쥐러버부스,드리,,,,,1sp,명탐정코난,버디미션본드,,"아카이 슈이치,후루야 레이",아카이슈이치X후루야레이,로맨틱,아론루크,,fu_duri,https://dongne.co/events/df2404/circles/119610,제25회 디. 페스타,Day1
깜고프로텍터,유다히,,,,,2sp,가비지타임,,,"최종수,박병찬",,"로맨틱,섹슈얼",,"소설,일러스트",youdahxx,https://dongne.co/events/df2404/circles/118929,제25회 디. 페스타,Day1
꼼지락꼼지락,취미하는 랖,,,,,1sp,슬램덩크,,,,,,,,hobbyist_RAF,https://dongne.co/events/df2404/circles/119139,제25회 디. 페스타,Day1
네거티브둥지,네거티브둥지,,,,,1sp,슬램덩크,,,,,,,"만화,일러스트",ebdwl123,https://dongne.co/events/df2404/circles/119403,제25회 디. 페스타,Day1
댄스정마대전,매복사랑니,,,,,2sp,천마돌(천마는 아이돌이 되었다),어바등(어두운 바다의 등불이 되어),,"당사천,점소의,김재희,박무현",당사천X점소의,"로맨틱,섹슈얼",재희무현,"소설,만화,일러스트",aoqhrtkfkdsl,https://dongne.co/events/df2404/circles/119479,제25회 디. 페스타,Day1
돌고래정거장,아루,,,,,4sp,,,,,,,,만화,spacearu,https://dongne.co/events/df2404/circles/120712,제25회 디. 페스타,Day1
동댐역입니다,세균군,,,,,1sp,슬램덩크,,,최동오,최동오X정대만,"로맨틱,섹슈얼",동오대만,,bacteriagun,https://dongne.co/events/df2404/circles/119274,제25회 디. 페스타,Day1
레트로판타지,ohmarron,,,,,1sp,해리포터,수공예,,해리포터,,,,"일러스트,공예",Marron_House,https://dongne.co/events/df2404/circles/118996,제25회 디. 페스타,Day1
메이릴리가든,메이릴리,,,,,4sp,솜인형 + 솜인형 악세사리 + 수공예품,,,,,,,공예,Ma_li_garden,https://dongne.co/events/df2404/circles/118580,제25회 디. 페스타,Day1
볼케이노짬뽕,솔고,,,,,2sp,화산귀환,,,"청명,당패,임소병,남궁도위,백천",당보X청명,로맨틱,,"공예,일러스트",solgocheong2,https://dongne.co/events/df2404/circles/119016,제25회 디. 페스타,Day1
브로콜리닭찜,브로콜리나마저,,,,,1sp,"슬램덩크,네가죽어",골든카무이,,,,,,,Brolyyoutoo,https://dongne.co/events/df2404/circles/119734,제25회 디. 페스타,Day1
상선이즈마인,천명,,,,,2sp,진혼기,,설영자하 쁘띠존: 악월(惡月)부터 고월(辜月)까지,"김설영,김자하",,로맨틱,서형제,일러스트,1000m_ML,https://dongne.co/events/df2404/circles/119728,제25회 디. 페스타,Day1
서울가정법원,러비,,,,,2sp,가비지타임,,Habitual romance on April 31st,"전영중,성준수",전영중X성준수,로맨틱,승대재유,소설,lovey_dot,https://dongne.co/events/df2404/circles/118338,제25회 디. 페스타,Day1
선데이바닐라,수조,,,,,2sp,슬램덩크,,,,,섹슈얼,,소설,_SOOZO,https://dongne.co/events/df2404/circles/118477,제25회 디. 페스타,Day1
승대재유원툴,"간게, 공버",,,,,2sp,가비지타임,,,"임승대,진재유",임승대X진재유,"섹슈얼,로맨틱",,"소설,만화",6am66ang,https://dongne.co/events/df2404/circles/118466,제25회 디. 페스타,Day1
아기남자씨피,"돌도랑,앙금,써틴랑",,,,,2sp,진혼기,,설영자하 쁘띠존: 악월(惡月)부터 고월(辜月)까지,,설영X자하,로맨틱,,"만화,소설",doryeot_silla,https://dongne.co/events/df2404/circles/118798,제25회 디. 페스타,Day1
앙상블사이퍼,"요루네코,멸치,유자차",,,,,2sp,앙스타,사이퍼즈,,"릭,벨져,히요리,쥰,미카,슈",카게히라미카X이츠키슈,로맨틱,"히요쥰,릭벨","만화,공예,소설,일러스트","nurungji_v, Oh_myeol_chi, yujacha74261614",https://dongne.co/events/df2404/circles/118698,제25회 디. 페스타,Day1
에라모르겠다,도붓,,,,,2sp,화산귀환,,,"장일소,청명,임소병",,,,"일러스트,공예",saae_ang,https://dongne.co/events/df2404/circles/120177,제25회 디. 페스타,Day1
오타쿠문구점,낙안봉돌맹이,,,,,1sp,화산귀환,,,,,,,"만화,기타,일러스트",sunrisehgtt,https://dongne.co/events/df2404/circles/120802,제25회 디. 페스타,Day1
와플호떡가게,와플,,,,,2sp,데뷔 못하면 죽는 병 걸림,어두운 바다의 등불이 되어,,테스타,테스타&신청려X박문대X박문대,"섹슈얼,로맨틱",신해량x박무현,,angelinwaffle,https://dongne.co/events/df2404/circles/119308,제25회 디. 페스타,Day1
우덩이엉덩이,oojiya,,,,,1sp,,,,,,,,,,https://dongne.co/events/df2404/circles/120192,제25회 디. 페스타,Day1
좌악개우나쓰,좋아,,,,,4sp,슬램덩크,,,정대만,서태웅X정대만,"로맨틱,섹슈얼",,"만화,일러스트,소설",udonxme,https://dongne.co/events/df2404/circles/121183,제25회 디. 페스타,Day1
태른길라잡이,"동길, 도라장",,,,,2sp,슬램덩크,가비지타임,,"송태섭,정대만,이명헌,최종수,진재유,강백호,성준수,박병찬",,"섹슈얼,로맨틱",명헌태섭,"만화,일러스트","donggilkong, ojisang_daeman",https://dongne.co/events/df2404/circles/120709,제25회 디. 페스타,Day1
틀린말은아님,megane19,,,,,1sp,,,,,,,,,,https://dongne.co/events/df2404/circles/119432,제25회 디. 페스타,Day1
티티포레스트,llllnetillll,,,,,1sp,데뷔못하면죽는병걸림,해리포터,,,,,,,,https://dongne.co/events/df2404/circles/119055,제25회 디. 페스타,Day1
폰타인대사관,오지,,,,,2sp,원신,,,,,,,소설,sumeruboys_,https://dongne.co/events/df2404/circles/121158,제25회 디. 페스타,Day1
하체근력부족,와백,,,,,2sp,,,,,,,,"일러스트,기타",,https://dongne.co/events/df2404/circles/118726,제25회 디. 페스타,Day1
할배들신혼집,필명,,,,,1sp,화산귀환,,,청명X당보,청명X당보,로맨틱,,"일러스트,만화",,https://dongne.co/events/df2404/circles/120208,제25회 디. 페스타,Day1
해저햄저기지,바닷속햄쿠쿠,,,,,2sp,어두운 바다의 등불이 되어,,"해량무현 쁘띠존 : 세상에서 제일 긴 웨딩 로드 3,000m","신해량,박무현",,로맨틱,,"만화,기타",Hamkuku_sea,https://dongne.co/events/df2404/circles/118811,제25회 디. 페스타,Day1
해적농구반점,형,,,,,2sp,원피스,슬램덩크,,에이스,,,,"만화,일러스트",Acenisang0101,https://dongne.co/events/df2404/circles/118787,제25회 디. 페스타,Day1
삼아승지겁의 오타쿠,"피라, 매화",,,,,2sp,화산귀환,,,"청명,당보,임소병",,,,"일러스트,만화","pira1049, hwasan_maehwa",https://dongne.co/events/df2404/circles/120470,제25회 디. 페스타,Day1
양키주식회사 총수밋치,"오포,가나기",,,,,2sp,도쿄리벤저스,,2024 타케른 쁘띠존,하나가키 타케미치,,,,"만화,소설",gana_dana_ba,https://dongne.co/events/df2404/circles/119761,제25회 디. 페스타,Day1
왹져슬라임과 파인애플창고,파밍왹이,,,,,2sp,프로젝트 세카이,외 잡다하게,,,,,,,,https://dongne.co/events/df2404/circles/119526,제25회 디. 페스타,Day1
동인천의아들 동인천크로스오버 하렘건설로 의자왕이 되어 돌아오다,sowe,,,,,2sp,가비지타임,,,박병찬 성준수,,"로맨틱,섹슈얼",박병찬X최종수,소설,bb_soju,https://dongne.co/events/df2404/circles/119968,제25회 디. 페스타,Day1
한줌단이라고? 메이저인데.,"베고니아, 시월, 쵸",,,,,2sp,화산귀환,,,"청명,당군악",당군악X청명,로맨틱,,"소설,기타,공예","ramue_, shidal_10, cho_cho180",https://dongne.co/events/df2404/circles/120730,제25회 디. 페스타,Day1
농구랑게임센터,키위,,,,,1sp,슬램덩크,,,,,,,"기타,일러스트",SweetLemonBalm,https://dongne.co/events/df2404/circles/118648,제25회 디. 페스타,Day1
니가그럴태섭해,마금아,,,,,1sp,슬램덩크,,,송태섭,,섹슈얼,태섭른,"공예,만화",sangakjung,https://dongne.co/events/df2404/circles/119872,제25회 디. 페스타,Day1
딸기초코클로버,미노리,,,,,2sp,프로세카,,,"시노노메 에나,아키야마 미즈키,하나사토 미노리,키리타니 하루카",,,,일러스트,mmnr_yr,https://dongne.co/events/df2404/circles/119942,제25회 디. 페스타,Day1
박병찬과누나둘,굼청청,,,,,1sp,가비지타임,,,기상호 박병찬 전영중 성준수 최종수,,로맨틱,,"만화,일러스트",gumcheong21,https://dongne.co/events/df2404/circles/120879,제25회 디. 페스타,Day1
빠아아앙준해요,주공,,,,,2sp,가비지타임,,Habitual romance on April 31st,"빵준,전영중,성준수,영중준수",,로맨틱,,"만화,소설",,https://dongne.co/events/df2404/circles/118148,제25회 디. 페스타,Day1
빵준러버스클럽,아카,,,,,2sp,가비지타임,,Habitual romance on April 31st,"전영중,성준수",,로맨틱,,,akaa_5,https://dongne.co/events/df2404/circles/119148,제25회 디. 페스타,Day1
성게먹는호랑이,"타밍, 챰",,,,,1sp,주술회전,,,"이타도리 유지,후시구로 메구미",이타도리 유지X후시구로 메구미,로맨틱,,"만화,소설,기타","ita_mi_ng, I43means",https://dongne.co/events/df2404/circles/120062,제25회 디. 페스타,Day1
슈가솔트데이즈,SALmONITY,,,,,2sp,,,,,,,,,sugarsaltdayz,https://dongne.co/events/df2404/circles/118760,제25회 디. 페스타,Day1
시광대리영업소,농네,,,,,2sp,시광대리인,,,"정시우(청샤오시),유진(루광)",,,,,nongne_11,https://dongne.co/events/df2404/circles/118601,제25회 디. 페스타,Day1
아맞다디페신청,기뮨,,,,,2sp,,,,,,,,,,https://dongne.co/events/df2404/circles/119371,제25회 디. 페스타,Day1
아무거나쓸래요,하미,,,,,1sp,bl,,,,,,,"기타,만화,일러스트",id_z,https://dongne.co/events/df2404/circles/119649,제25회 디. 페스타,Day1
애프터눈티세트,짜요 / 챠와,,,,,2sp,버츄얼 유튜버,명일방주,,,,,,"소설,일러스트,만화","Chayo_sq, ahua_cam011i",https://dongne.co/events/df2404/circles/119174,제25회 디. 페스타,Day1
영감사랑모임회,캄희,,,,,2sp,트라이건,파판14,다정한 독 인간 태풍,밧슈더스탬피드,울프우드X밧슈,로맨틱,나이밧슈,일러스트,kamhee_,https://dongne.co/events/df2404/circles/119112,제25회 디. 페스타,Day1
지가똑똑히밧슈,Ssol,,,,,2sp,트라이건 스탬피드,트라이건,다정한 독 인간 태풍,밧슈,나이브스X밧슈,섹슈얼,울프우드x밧슈,일러스트,Ssomesolar,https://dongne.co/events/df2404/circles/120922,제25회 디. 페스타,Day1
지고천켄타우리,SB,,,,,1sp,세포신곡,프로메어,,,,,,"만화,일러스트",salt_richhh,https://dongne.co/events/df2404/circles/120226,제25회 디. 페스타,Day1
허둥지둥엉덩이,오섭,,,,,2sp,가비지타임,,Habitual romance on April 31st,"전영중,성준수",전영중X성준수,"로맨틱,섹슈얼",,"만화,일러스트",osub_000,https://dongne.co/events/df2404/circles/120746,제25회 디. 페스타,Day1
형아아직안잔다,귀재,,,,,2sp,가비지타임,,,"최종수,박병찬",최종수X박병찬,"로맨틱,섹슈얼",,"만화,일러스트,소설",crazykanchou,https://dongne.co/events/df2404/circles/119063,제25회 디. 페스타,Day1
호백뭔가가나옴,엉엉,,,,,1sp,슬램덩크,,,강백호 양호열,,"로맨틱,섹슈얼",,"소설,일러스트",black,https://dongne.co/events/df2404/circles/120439,제25회 디. 페스타,Day1
가마쿠라리벤저스,리카/소란,,,,,2sp,도쿄리벤저스,슬램덩크,,"하이타니 란,하이타니 린도,정대만,송태섭",,"로맨틱,섹슈얼","대만태섭, 모브","만화,소설",,https://dongne.co/events/df2404/circles/119200,제25회 디. 페스타,Day1
가비지앤드사운드,쵸,,,,,2sp,가비지타임,프로젝트세카이,,,,,,"만화,소설",,https://dongne.co/events/df2404/circles/119257,제25회 디. 페스타,Day1
가지가지하는부스,리미,,,,,2sp,원피스,포켓몬,원피스 쁘띠존 3회,상디,,로맨틱,,"만화,일러스트",mob0322,https://dongne.co/events/df2404/circles/118237,제25회 디. 페스타,Day1
고영형제보호협회,"아기자기, 독유",,,,,1sp,내가키운 s급들,,,"한유현,한유진",한유현X한유진,"로맨틱,섹슈얼",,"만화,일러스트,소설",,https://dongne.co/events/df2404/circles/118840,제25회 디. 페스타,Day1
나뭇잎에도르제아,.,,,,,2sp,"나루토,파판14,은혼",모브사이코100,,,,,,,,https://dongne.co/events/df2404/circles/119917,제25회 디. 페스타,Day1
된장찌개먹고싶다,헤이,,,,,2sp,가비지타임,미정,,박병찬 성준수 전영중 조재석 기상호,,,,"만화,일러스트",hey__cutie,https://dongne.co/events/df2404/circles/119043,제25회 디. 페스타,Day1
딩디리딩딩디기딩,씡,,,,,1sp,화산귀환,가비지타임 전독시 내가키운S급들,,,,,,"일러스트,만화,공예,기타",,https://dongne.co/events/df2404/circles/119392,제25회 디. 페스타,Day1
맡구가탱커입니다,"해안구,마하무트",,,,,2sp,,,,,,,,,HAG_52,https://dongne.co/events/df2404/circles/118942,제25회 디. 페스타,Day1
북산파김치판매점,카멜,,,,,1sp,슬램덩크,,,정대만,서태웅X정대만,로맨틱,,소설,,https://dongne.co/events/df2404/circles/120436,제25회 디. 페스타,Day1
상호독점불가시대,허사,,,,,2sp,가비지타임,,기상호 오른쪽 쁘띠존,"기상호,최종수,박병찬",최종수X기상호,로맨틱,"최종병기, 빵준","일러스트,만화,기타",Heosa_2306,https://dongne.co/events/df2404/circles/118800,제25회 디. 페스타,Day1
슬기로운부스생활,쿠소수집가,,,,,1sp,슬기로운 문명생활,,,,,,,,,https://dongne.co/events/df2404/circles/118354,제25회 디. 페스타,Day1
승건쫑이지예ㅋㅋ,룽딩,,,,,2sp,가비지타임,,,"임승대,최종수",,"로맨틱,섹슈얼",,"소설,만화",shifour4quatro,https://dongne.co/events/df2404/circles/120948,제25회 디. 페스타,Day1
약육강식주르볶음,mukbab,,,,,2sp,"아이돌리쉬 세븐,아이나나","원피스,슬램덩크,가비지타임",,,오오사카 소고X요츠바 타마키,,원피스 로코라,만화,,https://dongne.co/events/df2404/circles/118279,제25회 디. 페스타,Day1
원형가계도연구회,SAGE,,,,,1sp,도쿄 리벤저스,,,,란X린도,섹슈얼,,,SEIJI_Jang,https://dongne.co/events/df2404/circles/120232,제25회 디. 페스타,Day1
적폐빵준외길인생,돛,,,,,2sp,가비지타임,,Habitual romance on April 31st,전영중 성준수,전영중X성준수,로맨틱,,"만화,소설",_bangtto_,https://dongne.co/events/df2404/circles/119192,제25회 디. 페스타,Day1
치즈오븐스파게티,42,,,,,2sp,Marvel,,,Tony stark,SteveXTony,"섹슈얼,로맨틱",,"만화,기타",SARI42_1218,https://dongne.co/events/df2404/circles/120840,제25회 디. 페스타,Day1
해동중졸업생커플,J,,,,,1sp,슬램덩크,,,"양호열,강백호",양호열X강백호,"로맨틱,섹슈얼",,소설,,https://dongne.co/events/df2404/circles/118540,제25회 디. 페스타,Day1
소세지야채볶음의 꿈,부어엉,,,,,2sp,인형,아크릴 스티커 외 2차 굿즈,,,,,,공예,soya_122,https://dongne.co/events/df2404/circles/118785,제25회 디. 페스타,Day1
가비지슬램덩크타임,카민,,,,,2sp,가비지타임,슬램덩크,,기상호 박병찬,현철X명헌,,,"만화,소설,일러스트",syromire,https://dongne.co/events/df2404/circles/118400,제25회 디. 페스타,Day1
맨날먹던거로주세요,지헤,,,,,1sp,가비지타임,,,"전영중,성준수",전영중X성준수,로맨틱,,일러스트,05061224_,https://dongne.co/events/df2404/circles/120197,제25회 디. 페스타,Day1
빵준이들아사랑한다,빈,,,,,2sp,가비지타임,,Habitual romance on April 31st,성준수,전영중X성준수,"로맨틱,섹슈얼",,"일러스트,소설,기타",bin_s2_you,https://dongne.co/events/df2404/circles/119659,제25회 디. 페스타,Day1
여미새남미새농미새,000,,,,,2sp,가비지타임,주술회전,,,,,,만화,swish_000,https://dongne.co/events/df2404/circles/120646,제25회 디. 페스타,Day1
홀로굴러가는자전거,알과,,,,,2sp,겁쟁이페달,,,,,,,"만화,일러스트",hot7720,https://dongne.co/events/df2404/circles/120328,제25회 디. 페스타,Day1
중원마카롱마라탕집 ,"청포,마꼬꼬,불타는 쓰레기",,,,,2sp,화산귀환,,,올러,백천X청명,로맨틱,논시피,소설,"caelum_277, probooms, specter__novel",https://dongne.co/events/df2404/circles/120799,제25회 디. 페스타,Day1
가비지덩크슛샥샥쇽쇽,2510,,,,,2sp,,,,,,,,,,https://dongne.co/events/df2404/circles/118491,제25회 디. 페스타,Day1
신청성공하게해주세요,kuzu,,,,,1sp,,,,,,,,일러스트,ksk535,https://dongne.co/events/df2404/circles/118289,제25회 디. 페스타,Day1
결국엔신라가통일햇네요,세범,,,,,2sp,진혼기,,,김자하,김자하X김설영,해당없음,,기타,sebeom_,https://dongne.co/events/df2404/circles/121153,제25회 디. 페스타,Day1
남고딩납치감금살인축구,EULH ,,,,,1sp,블루록,,,이사기 요이치,,섹슈얼,,,Null_watching,https://dongne.co/events/df2404/circles/119789,제25회 디. 페스타,Day1
대가리만극지말고말을해,"고리,김의지,쬬롱",,,,,2sp,슬램덩크,주술회전 헌터헌터 앙스타,,서태웅x정대만,서태웅X정대만,해당없음,"히이니키,이타나나",소설,"_11air, jiofkim, ZzoRSD",https://dongne.co/events/df2404/circles/119536,제25회 디. 페스타,Day1
마라탕마카롱마스터듀얼,Oh-Ta-Ku,,,,,1sp,유희왕 VRAINS,죠죠의 기묘한 모험,,"Ai,후지키 유사쿠",,"로맨틱,섹슈얼",,"소설,일러스트,기타",Ohtaku_VR,https://dongne.co/events/df2404/circles/120485,제25회 디. 페스타,Day1
사별커플행복추구위원회,갈치를 갈취,,,,,2sp,로드오브히어로즈,죠죠의 기묘한 모험,,,온달X긴머리(여)로드,"로맨틱,섹슈얼",쿠죠 죠타로x카쿄인 노리아키,"만화,소설",gmalch_kim,https://dongne.co/events/df2404/circles/121240,제25회 디. 페스타,Day1
세상에마감의신이있다면,272장,,,,,2sp,"명급리,슬램덩크","광마회귀,망일되,백망되",,,,,,"일러스트,만화,소설,공예",,https://dongne.co/events/df2404/circles/119325,제25회 디. 페스타,Day1
전국상호른협회중고신입,목가,,,,,1sp,가비지타임,,기상호 오른쪽 쁘띠존,,,,,소설,,https://dongne.co/events/df2404/circles/119052,제25회 디. 페스타,Day1
뚱카롱스페이스김치볶음밥,카트리나,,,,,2sp,슬램덩크,,,,양호열X강백호,"로맨틱,섹슈얼",,,,https://dongne.co/events/df2404/circles/118870,제25회 디. 페스타,Day1
무지개좀비데스게임세카이,채다,,,,,2sp,니지산지,"좀비고등학교,단간론파,프로젝트 세카이",,,,,,,C3o00,https://dongne.co/events/df2404/circles/121225,제25회 디. 페스타,Day1
고백은드라이하게로맨틱하게,드라로나앤솔,,,,,1sp,흡혈귀는툭하면죽는다,,,"드라루크,로널드",드라루크X로널드,"섹슈얼,로맨틱",,"만화,소설",drrn_loveday,https://dongne.co/events/df2404/circles/118242,제25회 디. 페스타,Day1
뭐가나올지아무도모르는부스,햄숙랑,,,,,2sp,가히리,진혼기 명급리 전독시 데드맨스위치,가히리요? 2024년에요?,"자하,설영,황호,의신,제건,신록",자하X설영,,,,haemsuglang,https://dongne.co/events/df2404/circles/118708,제25회 디. 페스타,Day1
부스이름짓는게가장어렵더라,카로,,,,,2sp,원피스,화산귀환,원피스 쁘띠존 3회,,,,,만화,karo_pic,https://dongne.co/events/df2404/circles/118518,제25회 디. 페스타,Day1
이부스를본다면또우리가해냄,집에가고싶은사람,,,,,2sp,슬램덩크,,,산왕,,,,"만화,일러스트,소설,기타",,https://dongne.co/events/df2404/circles/120028,제25회 디. 페스타,Day1
일단신청하고되면바꾸랬어요,커드,,,,,1sp,가비지타임,,,,,,,,,https://dongne.co/events/df2404/circles/120867,제25회 디. 페스타,Day1
기상호인생최초의고백드래프트,차고장,,,,,1sp,가비지타임,,기상호 오른쪽 쁘띠존,기상호,박병찬X기상호,로맨틱,"종상, 준상","만화,일러스트",Space_Tacoyakki,https://dongne.co/events/df2404/circles/120477,제25회 디. 페스타,Day1
오른팔보스가된다는걸보여주마,공기,,,,,2sp,"가히리,슬램덩크",,가히리요? 2024년에요?,"고쿠데라,츠나요시,양호열,강백호,서태웅,정대만",,"로맨틱,섹슈얼","고쿠츠나, 호열백호, 태웅대만","만화,소설",KHR_Air,https://dongne.co/events/df2404/circles/118993,제25회 디. 페스타,Day1
절대적신뢰야말로진정한순애다 ,리엘,,,,,2sp,화산귀환,,,"당보,청명",당보X청명,"로맨틱,섹슈얼",,소설,hwachinnyeo,https://dongne.co/events/df2404/circles/118931,제25회 디. 페스타,Day1
이자식애잔한뒤통수뭐가이쁘다고,0m,,,,,2sp,가비지타임,,,"성준수,전영중",,"로맨틱,섹슈얼",,만화,OoMmcK,https://dongne.co/events/df2404/circles/118727,제25회 디. 페스타,Day1
난대학시절사부작을전공했단사아실,오솔,,,,,2sp,,,,,,,,,,https://dongne.co/events/df2404/circles/118710,제25회 디. 페스타,Day1
캬피룽후미냥냥다이슈키슈키홀드케이크,쮝,,,,,1sp,카리스마,,후미텐 쁘띠존: 월드섹시엠버서더 지갑 탈취 대작전 (안돼? 왜?),"이토 후미야,텐도 아마히코",이토 후미야X텐도 아마히코,"로맨틱,섹슈얼",,일러스트,hey_lemonapple,https://dongne.co/events/df2404/circles/121060,제25회 디. 페스타,Day1
죽을때까지축놀하자지는쪽은공이되는걸로,모브아저씨,,,,,2sp,블루록,슬램덩크,,"미하엘 카이저,이사기 요이치",미하엘 카이저X이사기 요이치,"로맨틱,섹슈얼",,"만화,사진",mdhxuiw,https://dongne.co/events/df2404/circles/121108,제25회 디. 페스타,Day1
상호른떠먹여줄사람어디없나가만히놔두다간끊임없이덧나,김귤,,,,,2sp,가비지타임,,기상호 오른쪽 쁘띠존,기상호,,섹슈얼,"종수상호, 모브상호","만화,소설",kimgyul,https://dongne.co/events/df2404/circles/118262,제25회 디. 페스타,Day1
감놔라배놔라숟가락놔라젓가락놔라헌터놔라농놀놔라거인놔라백합놔라,쮸렙,,,,,2sp,"헌터x헌터,슬램덩크,진격의 거인",,,,,"로맨틱,섹슈얼","호장정환, 리바한지, 파크마치, 마치파크, 파크마치시즈","만화,일러스트",s2zzulevs2,https://dongne.co/events/df2404/circles/120353,제25회 디. 페스타,Day1
팬케이크 추출물 0.5251112% 함유,팬케이크 오지상,,,,,2sp,프로젝트 세카이(프로세카),,,"아오야기 토우야,시노노메 아키토",아오야기 토우야X시노노메 아키토,섹슈얼,,소설,hjmtakknmf19,https://dongne.co/events/df2404/circles/118736,제25회 디. 페스타,Day1
1,머그,,,,,2sp,모브사이코100,,모브레이 쁘띠존 : 모브레이 폭발까지 99%,,,"섹슈얼,로맨틱",,"소설,일러스트",mug__1010,https://dongne.co/events/df2404/circles/118155,제25회 디. 페스타,Day1
1시에 호떡집 앞에서 봐,싱,,,,,1sp,가정교사 히트맨 리본,,가히리요? 2024년에요?,,이명헌X송태섭,로맨틱,태섭른,"만화,일러스트",ret_ooj,https://dongne.co/events/df2404/circles/118630,제25회 디. 페스타,Day1
1년간 농놀만 생각해왔겠지?,콘치,,,,,1sp,슬램덩크,x,,"정우성,송태섭",,,,"만화,일러스트",_CORNCHI_,https://dongne.co/events/df2404/circles/120630,제25회 디. 페스타,Day1
독소 100% 화이트와인,"STFV, 레비",,,,,2sp,슬램덩크,,,,,"로맨틱,섹슈얼,해당없음",현준수겸(하나후지),"만화,소설,공예",rebie_in_2,https://dongne.co/events/df2404/circles/118644,제25회 디. 페스타,Day1
양평해장국 100호점,매도계멘헤라미소녀남고생,,,,,1sp,슬램덩크,,,"양호열,강백호",양호열X강백호,로맨틱,,만화,,https://dongne.co/events/df2404/circles/118851,제25회 디. 페스타,Day1
호백공장 로맨스생산라인 10100번,"Kan, madoyo",,,,,2sp,슬램덩크,,,"양호열,강백호",양호열X강백호,"로맨틱,섹슈얼",,"만화,일러스트,소설","Kan_10100, madoyo0000",https://dongne.co/events/df2404/circles/121055,제25회 디. 페스타,Day1
10100p짜리호백책을내는그날까지,"WANDU, 9륌",,,,,2sp,슬램덩크,,,,양호열X강백호,"로맨틱,섹슈얼",,,"wandu_sd, rn_fla_12123",https://dongne.co/events/df2404/circles/121221,제25회 디. 페스타,Day1
1042thDEAL,디일,,,,,2sp,슬램덩크,"죠죠의 기묘한 모험,스파이더맨,원피스",,,양호열X강백호,"로맨틱,섹슈얼","태웅백호, 시죠세, 에이루",만화,,https://dongne.co/events/df2404/circles/118305,제25회 디. 페스타,Day1
아발론 마굿간 / 1햄 1케이지,말,,,,,1sp,로드오브히어로즈,,,,,,,"일러스트,만화",LOH_Dageudak,https://dongne.co/events/df2404/circles/120222,제25회 디. 페스타,Day1
1햄 1케이지,히로히로,,,,,2sp,가비지타임,,,박병찬,박병찬X기상호,로맨틱,,,,https://dongne.co/events/df2404/circles/118539,제25회 디. 페스타,Day1
바오밥나무12번지,가든,,,,,1sp,"해리포터,디즈니,전독시,마블",슬램덩크,,,,,,공예,12th_baobob,https://dongne.co/events/df2404/circles/118191,제25회 디. 페스타,Day1
12시가 되면 100%가 되는 부스,"뿌랭,12",,,,,2sp,모브사이코100,TRPG,,"에쿠보,레이겐",,,,,"bburang_100, iqFMyIaYdo3NtBh",https://dongne.co/events/df2404/circles/120536,제25회 디. 페스타,Day1
150_15,4²,,,,,1sp,주술회전,,,"쵸소,이타도리 유지,스쿠나",,,,"만화,기타",YON2_42_,https://dongne.co/events/df2404/circles/120542,제25회 디. 페스타,Day1
부재 시 멘션주세요 ( @ 1592_1792 ),승감,,,,,1sp,화산귀환,,,"당보,청명",당보X청명,"로맨틱,섹슈얼",,소설,1592_1792,https://dongne.co/events/df2404/circles/119817,제25회 디. 페스타,Day1
토마호크 스테이크 1호점 : AT센터점,마말레이드,,,,,4sp,화산귀환,,,청명,당보X청명,로맨틱,,"만화,일러스트",Marmal_0329,https://dongne.co/events/df2404/circles/118666,제25회 디. 페스타,Day1
호백을 1sp거들뿐,이엔,,,,,1sp,슬램덩크,,,강백호,양호열X강백호,"섹슈얼,로맨틱",,,jettai_yohana,https://dongne.co/events/df2404/circles/118414,제25회 디. 페스타,Day1
 당보야 그렇게 됐다2,띠띠,,,,,4sp,화산귀환,,,당보 청명,당보X청명,"로맨틱,섹슈얼",,"만화,일러스트,기타",s2ie77,https://dongne.co/events/df2404/circles/120432,제25회 디. 페스타,Day1
마감 실패할 것 같은 부스 2탄,"두부, 시스티나",,,,,2sp,가비지타임,,기상호 오른쪽 쁘띠존,기상호,최종수X기상호,섹슈얼,"성준수x기상호, 박병찬x기상호",소설,"nnyom_3, sistina_w",https://dongne.co/events/df2404/circles/120725,제25회 디. 페스타,Day1
제2차전씨가문종친회,물개감별사,,,,,2sp,가비지타임,,,"조재석,전영중",,"로맨틱,섹슈얼",,만화,ovoppvv,https://dongne.co/events/df2404/circles/120880,제25회 디. 페스타,Day1
2마트,2,,,,,2sp,버튜버(니지산지),전지적 독자 시점,,헥스 헤이와이어,유중혁X김독자,해당없음,,일러스트,charon_22,https://dongne.co/events/df2404/circles/119210,제25회 디. 페스타,Day1
가히리 20주년 큰 거 온다. (간절함),철수,,,,,2sp,가정교사 히트맨 리본,,가히리요? 2024년에요?,,,,"야마고쿠,고쿠츠나",만화,cheolsu_o,https://dongne.co/events/df2404/circles/120438,제25회 디. 페스타,Day1
20대의 농구 나이트,희수,,,,,2sp,슬램덩크,"블루자이언트,드래곤볼",,,정대만X권준호,"로맨틱,섹슈얼",타마다 른,만화,00HUISU00,https://dongne.co/events/df2404/circles/119464,제25회 디. 페스타,Day1
<가히리요? 2024년에요?> 주최부스,가히리요? 2024년에요?,,,,,2sp,,,가히리요? 2024년에요?,,,,,,,https://dongne.co/events/df2404/circles/118442,제25회 디. 페스타,Day1
<2024 타케른 쁘띠존> 주최부스,2024 타케른 쁘띠존,,,,,2sp,,,2024 타케른 쁘띠존,,,,,,,https://dongne.co/events/df2404/circles/119481,제25회 디. 페스타,Day1
2024년에도 슬농 중,"톱, 자비",,,,,2sp,슬램덩크,,,,호열X백호,,,"소설,일러스트","SD_TOB, wkqmfldpf",https://dongne.co/events/df2404/circles/119612,제25회 디. 페스타,Day1
204억마탘축의금,미주 / 주접스,,,,,2sp,도쿄리벤저스,,2024 타케른 쁘띠존,"사노 만지로,하나가키 타케미치",사노 만지로X하나가키 타케미치,"로맨틱,섹슈얼",,소설,"mitsu_Umai, llill11_mytak",https://dongne.co/events/df2404/circles/119820,제25회 디. 페스타,Day1
23시 모기장밖,연자두,,,,,2sp,니지산지 JP,화산귀환,,"쿠즈하,카나에,청명,당보",,,,"만화,기타",phaleplum,https://dongne.co/events/df2404/circles/119929,제25회 디. 페스타,Day1
2306년 전통 236대 곰네 동인국밥 4호점,"한세디, 돈고, 상우",,,,,2sp,가비지타임,,기상호 오른쪽 쁘띠존,"최종수,기상호",,,,"소설,일러스트","HanseD257, Dongo_time, sh_right_06",https://dongne.co/events/df2404/circles/120643,제25회 디. 페스타,Day1
24년에도 종상영업중,재활,,,,,2sp,가비지타임,,기상호 오른쪽 쁘띠존,"기상호,최종수",최종수X기상호,"로맨틱,섹슈얼",,소설,rept_06,https://dongne.co/events/df2404/circles/119348,제25회 디. 페스타,Day1
여름낮2404,겨울밤,,,,,2sp,화산귀환,로오히 꿈라프 킹프리 수공예,,,,,,,,https://dongne.co/events/df2404/circles/118523,제25회 디. 페스타,Day1
27년간 넨도가 없어,"새부리, 설라",,,,,2sp,원피스,,원피스 쁘띠존 3회,"에이스,사보 등등 다양",,,,"일러스트,공예",asebury,https://dongne.co/events/df2404/circles/118221,제25회 디. 페스타,Day1
2A York Road,유진,,,,,2sp,,,,,,,,기타,_pauluu,https://dongne.co/events/df2404/circles/119320,제25회 디. 페스타,Day1
2D캐릭터를 수집,메이,,,,,4sp,,,,,,,,,,https://dongne.co/events/df2404/circles/119740,제25회 디. 페스타,Day1
이세계 대한민국에선 남자친구만 3명?!,냠냠,,,,,2sp,가비지타임,,기상호 오른쪽 쁘띠존,"성준수,최종수,박병찬,기상호",,"로맨틱,섹슈얼","성준수x기상호 , 박병찬x기상호, 최종수x기상호","만화,소설",pajommxx,https://dongne.co/events/df2404/circles/120034,제25회 디. 페스타,Day1
프로젝트 세카이 디지몬 스테이지 피쳐링구 해리포터게이트3,핫칠누,,,,,2sp,프로세카,"디지몬,발더스게이트3,해리포터,컬트 오브 더 램",,,,,,,,https://dongne.co/events/df2404/circles/119151,제25회 디. 페스타,Day1
대화산파 실버타운 3,얖,,,,,2sp,화산귀환,,,청명,,,,,YAPinHS,https://dongne.co/events/df2404/circles/118885,제25회 디. 페스타,Day1
3분 카레,하루반L,,,,,2sp,화산귀환,,,,,,,일러스트,kununk030,https://dongne.co/events/df2404/circles/119767,제25회 디. 페스타,Day1
30대 치과의사가 해달일 확률을 구하시오.,쟈가비,,,,,1sp,어두운 바다의 등불이 되어,가비지타임,"해량무현 쁘띠존 : 세상에서 제일 긴 웨딩 로드 3,000m","신해량,박무현",신해량X박무현,로맨틱,,,__hello_dear_06,https://dongne.co/events/df2404/circles/118632,제25회 디. 페스타,Day1
"<해량무현 쁘띠존 : 세상에서 제일 긴 웨딩 로드 3,000m> 주최부스","해량무현 쁘띠존 : 세상에서 제일 긴 웨딩 로드 3,000m",,,,,2sp,,,"해량무현 쁘띠존 : 세상에서 제일 긴 웨딩 로드 3,000m",,,,,,,https://dongne.co/events/df2404/circles/118134,제25회 디. 페스타,Day1
3232,소롱,,,,,2sp,내가키운s급들,화산귀환,,,,,,,sorong33,https://dongne.co/events/df2404/circles/118402,제25회 디. 페스타,Day1
제형타코 4월호,tacc,,,,,1sp,내가 키운 s급들,,,"한유현,한유진",한유현X한유진,"로맨틱,섹슈얼",,만화,hrdtaco,https://dongne.co/events/df2404/circles/119791,제25회 디. 페스타,Day1
4월에도 이러고 있다,크림,,,,,2sp,슬램덩크,,,,,,,소설,cream5989,https://dongne.co/events/df2404/circles/120427,제25회 디. 페스타,Day1
4월에도 농놀하는 부스,순장고추장,,,,,2sp,슬램덩크,,,정우성,우성X명헌,로맨틱,정환른,소설,sunjang_chujang,https://dongne.co/events/df2404/circles/118934,제25회 디. 페스타,Day1
4차산업혁명시대의 메타버스와 인공지능의 위상과 발전방향,레몬,,,,,2sp,유희왕 브레인즈,"니지산지,프로젝트 세카이",,,,"로맨틱,섹슈얼",,"만화,소설,일러스트",,https://dongne.co/events/df2404/circles/119275,제25회 디. 페스타,Day1
4월이면그만할줄알았는데,우주,,,,,4sp,슬램덩크,"가비지타임,진혼기",,서태웅,서태웅,섹슈얼,"센루, 대협태웅, 빵준, 영중준수, 자설, 자하설영","만화,일러스트,소설,기타",_1__1__1__,https://dongne.co/events/df2404/circles/120578,제25회 디. 페스타,Day1
4쿼터 마지막 0.31초,"김수박, 한유",,,,,2sp,가비지타임,,Habitual romance on April 31st,"전영중,성준수",전영중X성준수,로맨틱,,"소설,기타",__hanyu_B__,https://dongne.co/events/df2404/circles/121186,제25회 디. 페스타,Day1
[4/20 기념] 이곳이 너의 쁘띠 아카데미아다❗ 2주년 굿즈 한정판매,쁘띠아카,,,,,2sp,나의 히어로 아카데미아,,,,바쿠고 카츠키X미도리야 이즈쿠,,,,heroaca_petit,https://dongne.co/events/df2404/circles/119980,제25회 디. 페스타,Day1
~비밀번호 431~,샴개,,,,,2sp,가비지타임,,Habitual romance on April 31st,"전영중,성준수",전영중X성준수,로맨틱,,소설,,https://dongne.co/events/df2404/circles/118725,제25회 디. 페스타,Day1
~비밀번호 431~ 분점,샴개,,,,,2sp,가비지타임,,,전영중 성준수,,로맨틱,,,,https://dongne.co/events/df2404/circles/118724,제25회 디. 페스타,Day1
비타431,난,,,,,2sp,가비지타임,,Habitual romance on April 31st,"전영중,성준수",전영중X성준수,로맨틱,,,emma_lid_,https://dongne.co/events/df2404/circles/118988,제25회 디. 페스타,Day1
너굴고영431번지,감계,,,,,1sp,가비지타임,,Habitual romance on April 31st,"전영중,성준수",전영중X성준수,로맨틱,,기타,sangyonggam,https://dongne.co/events/df2404/circles/118967,제25회 디. 페스타,Day1
혈중431농도무제한제공참말사건,아씨,,,,,1sp,가비지타임,,Habitual romance on April 31st,"전영중,성준수",전영중X성준수,,,소설,basketball1ady,https://dongne.co/events/df2404/circles/121074,제25회 디. 페스타,Day1
431번째 프로포즈,한치,,,,,1sp,가비지타임,,Habitual romance on April 31st,"전영중,성준수",전영중X성준수,로맨틱,,,,https://dongne.co/events/df2404/circles/119361,제25회 디. 페스타,Day1
431 anthology,그리무,,,,,2sp,가비지타임,,Habitual romance on April 31st,"전영중,성준수",전영중X성준수,로맨틱,,만화,_grimu,https://dongne.co/events/df2404/circles/120307,제25회 디. 페스타,Day1
호백공장 로맨스생산라인 487번,"Akon, 쉐프",,,,,2sp,슬램덩크,,,"양호열,강백호",양호열X강백호,"로맨틱,섹슈얼",,"소설,만화","Nongnol234, nong_9_gong",https://dongne.co/events/df2404/circles/121178,제25회 디. 페스타,Day1
'4'sakure.'U'K × Anayama Dai'suke' - A'NU/NGKUL',사유,,,,,2sp,프로젝트 세카이,,,"텐마 츠카사,카미시로 루이,시노노메 아키토,아오야기 토우야",텐마 츠카사 중심 (츠카왼 + 츠카른)XCP 다수,"로맨틱,섹슈얼","아키츠카, 토우츠카, 츠카루이, 루이츠카","만화,소설",i6to3,https://dongne.co/events/df2404/circles/119908,제25회 디. 페스타,Day1
아발론 변두리 맥주감자집 5호점,리나로드,,,,,1sp,로드 오브 히어로즈(로오히),,,"프람 베르그,요한 테일드",요한X프람,"로맨틱,섹슈얼",,만화,_linalord_,https://dongne.co/events/df2404/circles/119794,제25회 디. 페스타,Day1
우리 엄마 생일 5월 21일 ,도지,,,,,2sp,코드기어스,건담SEED,,를르슈,스자쿠X를르슈,"로맨틱,섹슈얼",지노카렌,"소설,만화",very2ndplace,https://dongne.co/events/df2404/circles/119102,제25회 디. 페스타,Day1
5cm,momo,,,,,1sp,DIGIMON ADVENTURE(디지몬 어드벤처),,,"야가미 타이치,이시다 야마토",야마토X타이치,"로맨틱,섹슈얼",,"만화,일러스트",momof0715,https://dongne.co/events/df2404/circles/118213,제25회 디. 페스타,Day1
60년 전통 마카롱김치찌개집,잡떡,,,,,2sp,슬램덩크,가비지타임,,"강백호,양호열,기상호",양호열X강백호,해당없음,종상,만화,jabtteok2,https://dongne.co/events/df2404/circles/120524,제25회 디. 페스타,Day1
[최상급]산지직송 구식농장 꿀사과 6kg 21kg ,"구식,사과",,,,,2sp,가비지타임,,,"기상호,박병찬,전영중,성준수",기상호X박병찬,로맨틱,"상뱅, 상호병찬, 빵준, 영중준수","만화,기타","sickziguuu, pp10pple",https://dongne.co/events/df2404/circles/120370,제25회 디. 페스타,Day1
8성계 귀시장,올씨,,,,,1sp,천관사복,잔차품,,"화성,사련",화성X사련,로맨틱,,일러스트,little_modao,https://dongne.co/events/df2404/circles/118808,제25회 디. 페스타,Day1
<모브레이 쁘띠존 : 모브레이 폭발까지 99%> 주최부스,모브레이 쁘띠존 : 모브레이 폭발까지 99%,,,,,2sp,,,모브레이 쁘띠존 : 모브레이 폭발까지 99%,,,,,,,https://dongne.co/events/df2404/circles/118154,제25회 디. 페스타,Day1
A지상최강농구마켓,대기타임,,,,,2sp,가비지타임,,,기상호,박병찬X기상호,섹슈얼,"형석현성, 종수상호","만화,소설",lO9gy,https://dongne.co/events/df2404/circles/118451,제25회 디. 페스타,Day1
AMIX,아미르,,,,,1sp,오리지널,TRPG,,,카블루X미스룬,"로맨틱,섹슈얼",,만화,,https://dongne.co/events/df2404/circles/118818,제25회 디. 페스타,Day1
네?! 이런 우주인 녀석들이!! 당장 AMO 출동하겠습니다!!,EMO,,,,,1sp,도쿄 에일리언즈,,,올 캐릭,,,,"일러스트,기타",eeemo_alien,https://dongne.co/events/df2404/circles/118930,제25회 디. 페스타,Day1
뭐가됐든일단BL임아무튼그럼,깜콩,,,,,1sp,슬램덩크,,,강백호,,로맨틱,,,,https://dongne.co/events/df2404/circles/118452,제25회 디. 페스타,Day1
Blanc de Blanc,메타,,,,,2sp,명탐정 코난,,,,후루야 레이X카자미 유우야,로맨틱,,"만화,일러스트",prayer_meta,https://dongne.co/events/df2404/circles/118675,제25회 디. 페스타,Day1
Bluebird syndrome,34(삼사) / 연지,,,,,2sp,트라이건,,다정한 독 인간 태풍,"나이브스,밧슈",나이브스X밧슈,"로맨틱,섹슈얼",,"만화,일러스트","TRGV_34_V, Trigun_yeonji",https://dongne.co/events/df2404/circles/120588,제25회 디. 페스타,Day1
BLUE CODE,화시,,,,,1sp,모브사이코 100,,모브레이 쁘띠존 : 모브레이 폭발까지 99%,"모브,레이겐",,로맨틱,없음,만화,rustina06,https://dongne.co/events/df2404/circles/121094,제25회 디. 페스타,Day1
Call Of Elsword,"효자, 제나, KKR",,,,,2sp,엘소드,세포신곡,,애드,애드(2라인)X애드(4라인)X4라인),"로맨틱,섹슈얼",셀레+매패 NCP,"만화,소설,일러스트","goodbeing_, MP_Fostress, oKKRo_911",https://dongne.co/events/df2404/circles/119916,제25회 디. 페스타,Day1
Cerulean+blue,Sipir,,,,,2sp,하이큐,"가비지타임,슬램덩크,쿠키런",,히나타 쇼요,,,,만화,sipir02,https://dongne.co/events/df2404/circles/118577,제25회 디. 페스타,Day1
CHIAKI,치아키,,,,,2sp,가비지타임,,,,최종수X박병찬,,,만화,chiaki_0219,https://dongne.co/events/df2404/circles/118198,제25회 디. 페스타,Day1
Crotti,kitami,,,,,2sp,슬램덩크,"원피스,스타트렉",,"전호장,이정환,신준섭",,로맨틱,"정환준섭호장, 키드킬러키드",만화,kitami28,https://dongne.co/events/df2404/circles/118857,제25회 디. 페스타,Day1
d,싸싸,,,,,2sp,죠죠,,,,,,,만화,,https://dongne.co/events/df2404/circles/118593,제25회 디. 페스타,Day1
Dear. 공방,나비,,,,,2sp,,,,,,,,공예,Gongbangdear,https://dongne.co/events/df2404/circles/120058,제25회 디. 페스타,Day1
DONUT UNIVERSE,"TN,밀뭇,뾰로",,,,,2sp,트라이건,,다정한 독 인간 태풍,,,,,"만화,일러스트",TNG2O_,https://dongne.co/events/df2404/circles/119722,제25회 디. 페스타,Day1
everblue,이온,,,,,1sp,가비지타임,,,"기상호,박병찬",기상호X박병찬,로맨틱,논커플링(ncp),"만화,일러스트,소설",ionblue,https://dongne.co/events/df2404/circles/119695,제25회 디. 페스타,Day1
구화산: Extinct Volcano,"때때, 소요",,,,,4sp,화산귀환,,,"검존,검협,구화산즈",,"해당없음,로맨틱","검검, 당청","만화,소설",HS_DDAE,https://dongne.co/events/df2404/circles/120011,제25회 디. 페스타,Day1
go,"고슴, 우희",,,,,2sp,,,,,,,,,,https://dongne.co/events/df2404/circles/118602,제25회 디. 페스타,Day1
<Habitual romance on April 31st> 주최부스,Habitual romance on April 31st,,,,,2sp,,,Habitual romance on April 31st,,,,,,,https://dongne.co/events/df2404/circles/118904,제25회 디. 페스타,Day1
Habitual Romance on April 31st 주최부스,NSAIDs,,,,,2sp,가비지타임,,Habitual romance on April 31st,"전영중,성준수",,로맨틱,,기타,Habitromance431,https://dongne.co/events/df2404/circles/119642,제25회 디. 페스타,Day1
Handcuffs,삿갓,,,,,1sp,주술회전,,,나나미 켄토,이노 타쿠마X나나미 켄토,"로맨틱,섹슈얼",,만화,kimsatgat_,https://dongne.co/events/df2404/circles/118427,제25회 디. 페스타,Day1
리:바레 월드투어 in seoul,소찌,,,,,4sp,"아이나나,가비지타임,슬램덩크",,,,,,,,so_zzi,https://dongne.co/events/df2404/circles/119402,제25회 디. 페스타,Day1
::IT SHOW TIME::,스노잉,,,,,2sp,앙상블 스타즈,천관사복,,"세나이즈미,사쿠마리츠",화성X사련,로맨틱,드림,"만화,일러스트",,https://dongne.co/events/df2404/circles/118974,제25회 디. 페스타,Day1
조인허스(JOIN_HUS),"잉젬, 심박",,,,,2sp,2024 조인허스 오리지널 엽서,데뷔 못 하면 죽는 병 걸림,,,,,,"일러스트,소설",charm_ing_gem,https://dongne.co/events/df2404/circles/120795,제25회 디. 페스타,Day1
lemon trap,"레몽, 자렌",,,,,2sp,내가 키운 s급들,,,한유현 한유진,한유현X한유진,"로맨틱,섹슈얼",,"만화,소설","s_lemong, JAL_fn",https://dongne.co/events/df2404/circles/118280,제25회 디. 페스타,Day1
Lovely Mix,Lovely Mix,,,,,1sp,화산귀환,"내스급,전독시,데못죽",,,,,,,,https://dongne.co/events/df2404/circles/118858,제25회 디. 페스타,Day1
Love Nostalgic,천사,,,,,2sp,아이돌리쉬세븐,헌터x헌터,,,,,,일러스트,Love__ppi,https://dongne.co/events/df2404/circles/119208,제25회 디. 페스타,Day1
LOVE & PEACE !,피리아,,,,,1sp,트라이건 스탬피드,,다정한 독 인간 태풍,밧슈 더 스탬피드,니콜라스 D. 울프우드X밧슈,,나이브스X밧슈,,filiaulcopt,https://dongne.co/events/df2404/circles/119059,제25회 디. 페스타,Day1
밀키웨이 공방 (Milky Way Gongbong),해현,,,,,1sp,원피스,,원피스 쁘띠존 3회,"트라팔가 로우,도플라밍고,스모커 등",돈키호테 도플라밍고X트라팔가 로우,섹슈얼,스모로우,"소설,공예",,https://dongne.co/events/df2404/circles/118199,제25회 디. 페스타,Day1
minesweeper,MISA,,,,,4sp,나의 히어로 아카데미아,,,바쿠고 카츠키,미도리야 이즈쿠X바쿠고 카츠키,섹슈얼,엔데버른,만화,,https://dongne.co/events/df2404/circles/118791,제25회 디. 페스타,Day1
Miracle Worker,사피엔스/배지밀,,,,,1sp,트라이건,,다정한 독 인간 태풍,,니콜라스 D. 울프우드X밧슈 더 스탬피드,,,,"SapiMustDie, baefwood",https://dongne.co/events/df2404/circles/119385,제25회 디. 페스타,Day1
My☆Planet,행성지기,,,,,2sp,핸드메이드 봉제인형,솜인형(10cm) 드레스,,,,,,공예,My_Planet_Doll,https://dongne.co/events/df2404/circles/119499,제25회 디. 페스타,Day1
                                                                                                                                                                                              no friends,안건,,,,,2sp,주술회전,,,"고죠 사토루,게토 스구루",고죠 사토루X게토 스구루,"섹슈얼,로맨틱",,"만화,일러스트",goodteethguys,https://dongne.co/events/df2404/circles/118501,제25회 디. 페스타,Day1
no power generation,쥐명호,,,,,1sp,슬램덩크,,,"양호열,강백호",,"로맨틱,섹슈얼",,,yy_yy__yyy,https://dongne.co/events/df2404/circles/120414,제25회 디. 페스타,Day1
                      ONLY GOGE,사뿐,,,,,2sp,주술회전,,,"고죠 사토루,게토 스구루",고죠 사토루X게토 스구루,"로맨틱,섹슈얼",,만화,,https://dongne.co/events/df2404/circles/120851,제25회 디. 페스타,Day1
"두부or마네쟈, 돗치가스키?","크헹,리카",,,,,2sp,"프로젝트 세카이,아이돌리쉬 세븐",샤니마스,,,,,,게임,"k_heng1223, lxveyaq",https://dongne.co/events/df2404/circles/119811,제25회 디. 페스타,Day1
Pick and Roll!,삼다,,,,,2sp,가비지타임,,기상호 오른쪽 쁘띠존,기상호,성준수X기상호,로맨틱,,소설,sjsksh_o,https://dongne.co/events/df2404/circles/121096,제25회 디. 페스타,Day1
POR&BB,BB,,,,,2sp,어두운 바다의 등불이 되어/프로젝트 세카이,마법사의 약속,,김재희,,,,"일러스트,공예",B4MB0N,https://dongne.co/events/df2404/circles/119382,제25회 디. 페스타,Day1
남녀연애자유선언 / SAPPY,은여 / 칩,,,,,2sp,"유희왕 ZEXAL,명탐정 코난",페이트 시리즈,,,아무로 토오루X에노모토 아즈사,,,,,https://dongne.co/events/df2404/circles/118156,제25회 디. 페스타,Day1
"~SASAGElol~ 이거 들으면 바로 ROCK, 해. 사랑하니까. ",MMEE,,,,,2sp,"아이돌리쉬세븐,쇼바이락,리그오브레전드,앙상블스타즈",,,,텐쇼인 에이치X하스미 케이토,,,"만화,일러스트",SasagelolURMine,https://dongne.co/events/df2404/circles/121230,제25회 디. 페스타,Day1
Simply blue,니니,,,,,1sp,가비지타임,,Habitual romance on April 31st,"전영중,성준수",전영중X성준수,,,,,https://dongne.co/events/df2404/circles/118565,제25회 디. 페스타,Day1
SOURPLACE,사워,,,,,2sp,슬램덩크,,,서태웅,,"로맨틱,섹슈얼",,,sourcream0314,https://dongne.co/events/df2404/circles/119393,제25회 디. 페스타,Day1
SSS급 매화도사 상시 대기,낮궁,,,,,1sp,화산귀환,,,청명과 아이들,백천X청명,,,,,https://dongne.co/events/df2404/circles/119480,제25회 디. 페스타,Day1
수원ST에서는 기상호 선수를 지명하겠습니다,dkueho_001,,,,,1sp,가비지 타임,,,"이현성,기상호",기상호X이현성,섹슈얼,,"만화,소설",dkueho_001,https://dongne.co/events/df2404/circles/118916,제25회 디. 페스타,Day1
tor,tor,,,,,4sp,수공예,,,,,해당없음,,공예,softyor_tor,https://dongne.co/events/df2404/circles/118342,제25회 디. 페스타,Day1
[부적절한후견사정]크레갈로TS앤솔로지,카츄,,,,,1sp,프로메어,,,"크레이포사이트,갈로티모스",크레이X갈로,"로맨틱,섹슈얼",,"만화,일러스트,소설",,https://dongne.co/events/df2404/circles/121012,제25회 디. 페스타,Day1
사제의 맛 tv,빌티,,,,,1sp,모브사이코100,,모브레이 쁘띠존 : 모브레이 폭발까지 99%,,카게야마 시게오X레이겐 아라타카,로맨틱,,"만화,소설,일러스트,사진",mob_blitiy,https://dongne.co/events/df2404/circles/119848,제25회 디. 페스타,Day1
Two Rabbits & 자몽공방,Rabbits,,,,,2sp,데못죽,"가비지타임,하이큐,앙스타,슬램덩크 외",,,,,,"공예,조형,기타",2rabbits,https://dongne.co/events/df2404/circles/118421,제25회 디. 페스타,Day1
상어네 아기상호ㅍvㅍ,꼬알,,,,,2sp,가비지타임,데뷔를 못하면 죽는 병 걸림,,기상호,전영중X성준수,,,,,https://dongne.co/events/df2404/circles/118406,제25회 디. 페스타,Day1
박무현을 믿기vs정대만을 믿기,먁,,,,,2sp,슬램덩크,어두운 바다의 등불이 되어,,"서태웅,정대만",,해당없음,재희무현,만화,mk_gudok,https://dongne.co/events/df2404/circles/118308,제25회 디. 페스타,Day1
빡빡이들vs뽀글이들,노른자,,,,,2sp,슬램덩크,,,"이명헌,신현철,정우성,송태섭,이한나",정우성X이명헌,"로맨틱,섹슈얼","명헌우성, 우성명헌, 현철명헌, 태섭한나, 논씨피 ",만화,noreunza_,https://dongne.co/events/df2404/circles/120336,제25회 디. 페스타,Day1
농구vs밥 오마카세,파푸리 / 끼끼침팬치,,,,,1sp,슬램덩크 던전밥 주술회전,,,ncp 올캐러,,,,"일러스트,만화","gimppyongppyon4, michin_burning",https://dongne.co/events/df2404/circles/120649,제25회 디. 페스타,Day1
Wuthering Heights,사계,,,,,2sp,,,,,,,,"만화,일러스트",mei__sai,https://dongne.co/events/df2404/circles/121189,제25회 디. 페스타,Day1
xx.xx.xx,85,,,,,2sp,슬램덩크,,,"양호열,강백호",,"로맨틱,섹슈얼",,"만화,소설",info_xxxxxx,https://dongne.co/events/df2404/circles/120618,제25회 디. 페스타,Day1
yssey,yssey ,,,,,1sp,오리지널 창작 문구 굿즈 / 카리스마 하우스,카리스마 하우스 (드라마 CD) 장르 굿즈를 함께 판매할 예정입니다.,,"텐도 아마히코,테라",,로맨틱,,일러스트,ysseyssey,https://dongne.co/events/df2404/circles/120573,제25회 디. 페스타,Day1
ദ്ദി(⩌ᴗ⩌ ),임금,,,,,1sp,카리스마,,후미텐 쁘띠존: 월드섹시엠버서더 지갑 탈취 대작전 (안돼? 왜?),"이토 후미야,텐도 아마히코",이토 후미야X텐도 아마히코,"섹슈얼,로맨틱",,일러스트,imgeum_001,https://dongne.co/events/df2404/circles/119301,제25회 디. 페스타,Day1
「일련탁생(一蓮托生)」,랑,,,,,2sp,진혼기,,설영자하 쁘띠존: 악월(惡月)부터 고월(辜月)까지,"설영,자하,그 외",설영X자하,로맨틱,,"만화,일러스트,소설,기타",SeolzaGuestbook,https://dongne.co/events/df2404/circles/120142,제25회 디. 페스타,Day1
명헌 왼 앤솔로지:左側通行,좌측통행,,,,,2sp,슬램덩크,.,,,,,,,LmhGoLeft,https://dongne.co/events/df2404/circles/118376,제25회 디. 페스타,Day1
<설영자하 쁘띠존: 악월(惡月)부터 고월(辜月)까지> 주최부스,설영자하 쁘띠존: 악월(惡月)부터 고월(辜月)까지,,,,,2sp,,,설영자하 쁘띠존: 악월(惡月)부터 고월(辜月)까지,,,,,,,https://dongne.co/events/df2404/circles/120276,제25회 디. 페스타,Day1
섹時당分,포터필터,,,,,1sp,카리스마,,후미텐 쁘띠존: 월드섹시엠버서더 지갑 탈취 대작전 (안돼? 왜?),"이토 후미야,텐도 아마히코",이토 후미야X텐도 아마히코,"섹슈얼,로맨틱",,"만화,일러스트",furufurude,https://dongne.co/events/df2404/circles/118544,제25회 디. 페스타,Day1
자하설영 앤솔로지 : 琴瑟之樂,익명,,,,,2sp,진혼기,,,"자하,설영",자하X설영,"로맨틱,섹슈얼",,"만화,소설,일러스트",anthology_jhsy,https://dongne.co/events/df2404/circles/120866,제25회 디. 페스타,Day1
(주)유지엔코리아 주관 오버드취업박람회,1d6DICE,,,,,2sp,,,UGN R랩 한국지부 2024 정기 컨퍼런스 - 장비의 재발견 -,,,,,기타,1d6DICE,https://dongne.co/events/dice03/circles/121597,다이스 페스타 #3,Day2
[㈜ 크툴루 파크] 에 오신 걸 환영합니다~♬,김냐루,,,,,2sp,,,,,,,,"일러스트,기타",CTHULHU_PARK,https://dongne.co/events/dice03/circles/121674,다이스 페스타 #3,Day2
졈 될 정도로 맛잇는 시나리오 안되면 졈화시켜드립니다,루뿌,,,,,1sp,,,UGN R랩 한국지부 2024 정기 컨퍼런스 - 장비의 재발견 -,,,,,"기타,일러스트",Nal_TRPG,https://dongne.co/events/dice03/circles/121576,다이스 페스타 #3,Day2
팀 악셀,니타,,,,,2sp,,,,,,,,"소설,기타",nitaslxk,https://dongne.co/events/dice03/circles/121625,다이스 페스타 #3,Day2
달 뒷면 토끼파,녹차하임,,,,,2sp,,,,,,,,소설,FF14_dasse,https://dongne.co/events/dice03/circles/121509,다이스 페스타 #3,Day2
팀 배쓰밤,유사송장,,,,,2sp,,,,,,,,"소설,게임,기타",team_bathbomb,https://dongne.co/events/dice03/circles/121538,다이스 페스타 #3,Day2
심연,심연,,,,,2sp,,,,,,,,,Abyss_Bloom,https://dongne.co/events/dice03/circles/121619,다이스 페스타 #3,Day2
머리 넷 달린 생선,플랫피쉬,,,,,1sp,,,UGN R랩 한국지부 2024 정기 컨퍼런스 - 장비의 재발견 -,,,,,기타,Team_Fourheaded,https://dongne.co/events/dice03/circles/121541,다이스 페스타 #3,Day2
탁상 위에 누운 악어,알렌솜니움,,,,,2sp,,,,,,,,기타,TRPG_crocodile,https://dongne.co/events/dice03/circles/121607,다이스 페스타 #3,Day2
봄의 인세인,서성대 학생회장,,,,,1sp,,,,,,,,기타,insane_spring,https://dongne.co/events/dice03/circles/121508,다이스 페스타 #3,Day2
충격 크툴루 진짜 계심,긥,,,,,1sp,,,,,,,,,,https://dongne.co/events/dice03/circles/121628,다이스 페스타 #3,Day2
티알 레스토랑 (메뉴판 제공),핢,,,,,2sp,,,,,,,,,TRPG_HARM,https://dongne.co/events/dice03/circles/121692,다이스 페스타 #3,Day2
사실 굴려지는 건 나였다 ,현재,,,,,1sp,,,,,,,,,trpg_play_now,https://dongne.co/events/dice03/circles/121553,다이스 페스타 #3,Day2
야노 슌사쿠가 앤오로 보입니다,파구(먼솔래담),,,,,1sp,,,UGN R랩 한국지부 2024 정기 컨퍼런스 - 장비의 재발견 -,,,,,,PA4A4A9,https://dongne.co/events/dice03/circles/121712,다이스 페스타 #3,Day2
"이브, 프시케, 그리고 닌자",미뢰,,,,,1sp,,,,,,,,기타,tastebud_trpg,https://dongne.co/events/dice03/circles/121530,다이스 페스타 #3,Day2
"이브, 프시케, 그리고 비참한 하이에나와 소나기","비빔참치마요, 소낙, 파즈",,,,,2sp,,,,,,,,,"bibimtunamayo, knock_horizon, parz_999",https://dongne.co/events/dice03/circles/121558,다이스 페스타 #3,Day2
푸른꽃,청염,,,,,4sp,,,,,,,,게임,,https://dongne.co/events/dice03/circles/121596,다이스 페스타 #3,Day2
오솔길 룰 공방,"문준, 반조, 소율",,,,,2sp,,,,,,,,,,https://dongne.co/events/dice03/circles/121665,다이스 페스타 #3,Day2
둘이서 배신,유감,,,,,2sp,,,,,,,,,sorryMCE,https://dongne.co/events/dice03/circles/121638,다이스 페스타 #3,Day2
스페셜 오더,"전자친구, 12",,,,,2sp,,,,,,,,기타,"AF_TRPG, iqFMyIaYdo3NtBh",https://dongne.co/events/dice03/circles/121601,다이스 페스타 #3,Day2
햇볕은 쨍쨍 혈족은 쿨쿨,리케,,,,,1sp,,,,,,,,,Rike_0704,https://dongne.co/events/dice03/circles/121695,다이스 페스타 #3,Day2
그레이 스칼렛,스칼,,,,,1sp,,,UGN R랩 한국지부 2024 정기 컨퍼런스 - 장비의 재발견 -,,,,,"소설,기타",,https://dongne.co/events/dice03/circles/121511,다이스 페스타 #3,Day2
둘이서 탐사자,R,,,,,1sp,,,,,,,,소설,,https://dongne.co/events/dice03/circles/121520,다이스 페스타 #3,Day2
어쩌면 마지막,소쿠리단지,,,,,2sp,,,,,,,,기타,Basketof_TB,https://dongne.co/events/dice03/circles/121641,다이스 페스타 #3,Day2
당나라 군대의 반란,Chito,,,,,2sp,,,,,,,,소설,chitochito_s,https://dongne.co/events/dice03/circles/121526,다이스 페스타 #3,Day2
신님은 주사위 게임 당근빳따죠,요븐,,,,,1sp,,,,,,,,기타,,https://dongne.co/events/dice03/circles/121513,다이스 페스타 #3,Day2
어둠의 사바트 부흥회,베리,,,,,1sp,,,,,,,,기타,YahoBerryMuch,https://dongne.co/events/dice03/circles/121542,다이스 페스타 #3,Day2
나야나 크툴루 신화에 나오는 레니빙이라고,하나,,,,,1sp,,,,"더블크로스 퍼스널리티,니알라토텝",,,,"기타,소설,일러스트",Jmc_hana,https://dongne.co/events/dice03/circles/121573,다이스 페스타 #3,Day2
고대종 레니빙 만두전골집,"효모, 사사",,,,,2sp,,,UGN R랩 한국지부 2024 정기 컨퍼런스 - 장비의 재발견 -,,,,,기타,"DX3_Hyomo, Sasa_TRPG_",https://dongne.co/events/dice03/circles/121620,다이스 페스타 #3,Day2
고소장 접수처『레니게이드 집행부』,테이터,,,,,2sp,,,UGN R랩 한국지부 2024 정기 컨퍼런스 - 장비의 재발견 -,"키리타니 유고,카스가 쿄지,츠즈키 쿄카",,,,"소설,일러스트",LongTale_TRPG,https://dongne.co/events/dice03/circles/121556,다이스 페스타 #3,Day2
봄이구만,"레터, 나나",,,,,1sp,,,UGN R랩 한국지부 2024 정기 컨퍼런스 - 장비의 재발견 -,,,,,기타,"loveletter_214, PS__TRPG",https://dongne.co/events/dice03/circles/121649,다이스 페스타 #3,Day2
성산일보,백,,,,,1sp,,,,,,,,기타,writerbaek_trpg,https://dongne.co/events/dice03/circles/121657,다이스 페스타 #3,Day2
잉큼공방,호마마,,,,,2sp,,,,,,,,공예,ingkmx2,https://dongne.co/events/dice03/circles/121630,다이스 페스타 #3,Day2
티알하자,Q,,,,,1sp,,,,,,,,,,https://dongne.co/events/dice03/circles/121598,다이스 페스타 #3,Day2
인세인은 내 고향,스꼼,,,,,1sp,,,UGN R랩 한국지부 2024 정기 컨퍼런스 - 장비의 재발견 -,,,,,소설,srkg_trpg,https://dongne.co/events/dice03/circles/121502,다이스 페스타 #3,Day2
프로젝트 쿠키 & 사밧샤벳,"프로젝트쿠키, 최믹하",,,,,4sp,,,,,,,,,"projectkuki, kinderrhap",https://dongne.co/events/dice03/circles/121586,다이스 페스타 #3,Day2
주사위로 농사 짓기,GM농부,,,,,1sp,,,,,,,,,GM_townfarmer,https://dongne.co/events/dice03/circles/121557,다이스 페스타 #3,Day2
환상향에 닌자 나오는 던전,곰룡,,,,,2sp,,,,,,,,기타,RPGrhafyd,https://dongne.co/events/dice03/circles/121515,다이스 페스타 #3,Day2
부렌상과 친구들,BLEN,,,,,2sp,,,,,,,,,Blen_studio,https://dongne.co/events/dice03/circles/121518,다이스 페스타 #3,Day2
사랑하는 이방인,이단 공무,,,,,2sp,,,,,,,,소설,Kotokunibito,https://dongne.co/events/dice03/circles/121547,다이스 페스타 #3,Day2
프로젝트 이터널,쿠키마스터,,,,,1sp,,,,,,,,"기타,게임",Eternal_TR,https://dongne.co/events/dice03/circles/121652,다이스 페스타 #3,Day2
이번에는 혼자가 된 부스,경우ㅡ,,,,,2sp,,,UGN R랩 한국지부 2024 정기 컨퍼런스 - 장비의 재발견 -,,,,,,KyungWoo5,https://dongne.co/events/dice03/circles/121618,다이스 페스타 #3,Day2
마감하지 않으면 졈화되는 방,"납별, 봄",,,,,2sp,,,UGN R랩 한국지부 2024 정기 컨퍼런스 - 장비의 재발견 -,,,,,,starwisher_on,https://dongne.co/events/dice03/circles/121723,다이스 페스타 #3,Day2
에브리띵 에브리웨어 올앳크로스,단삭,,,,,1sp,,,UGN R랩 한국지부 2024 정기 컨퍼런스 - 장비의 재발견 -,,,,,"소설,기타",dansak_open,https://dongne.co/events/dice03/circles/121503,다이스 페스타 #3,Day2
자급자족&은전한닢,"aken, 연두부",,,,,2sp,,,UGN R랩 한국지부 2024 정기 컨퍼런스 - 장비의 재발견 -,,,,,"소설,기타",aken_gaming,https://dongne.co/events/dice03/circles/121555,다이스 페스타 #3,Day2
기력비수기,사탕수수,,,,,2sp,,,,,,,,기타,SweetSorghum___,https://dongne.co/events/dice03/circles/121603,다이스 페스타 #3,Day2
달빛다과회,myrrha_viola,,,,,2sp,,,,,,,,게임,Team_dalda,https://dongne.co/events/dice03/circles/121564,다이스 페스타 #3,Day2
은수레바퀴,백호,,,,,1sp,,,,,,,,"기타,게임",,https://dongne.co/events/dice03/circles/121708,다이스 페스타 #3,Day2
카페인페인,역설,,,,,2sp,,,,,,,,,paradoxcho,https://dongne.co/events/dice03/circles/121635,다이스 페스타 #3,Day2
인스머스행 버스,멜,,,,,1sp,,,,,,,,기타,Team_INSBUS,https://dongne.co/events/dice03/circles/121698,다이스 페스타 #3,Day2
시나리오는 내가 쓸게 플레이는 누가 할래,퐁듀,,,,,1sp,,,,,,,,소설,TR_B_G,https://dongne.co/events/dice03/circles/121491,다이스 페스타 #3,Day2
서울특졈시 알파트랜스사업본부,"흰줄구름무늬작은밤나비, 매생이",,,,,1sp,,,UGN R랩 한국지부 2024 정기 컨퍼런스 - 장비의 재발견 -,더블크로스 퍼스널리티즈(NCP),,,,"일러스트,공예,기타",N0C7U1D43,https://dongne.co/events/dice03/circles/121579,다이스 페스타 #3,Day2
블루밍하우스,에피,,,,,2sp,,,,,,,,"만화,기타,소설",,https://dongne.co/events/dice03/circles/121552,다이스 페스타 #3,Day2
발푸르기스의 밤 아래 포말을 삼킬지니,"핫도그, 별별",,,,,1sp,,,,,,,,"일러스트,소설",dog_omo,https://dongne.co/events/dice03/circles/121670,다이스 페스타 #3,Day2
시간마법사의 아틀리에,가쉬,,,,,1sp,,,,,,,,,,https://dongne.co/events/dice03/circles/121522,다이스 페스타 #3,Day2
악마도시에서 회귀했더니 망한세계 놀러가서 정규직이 되었습니다만?!,"쏘빙,델리팡",,,,,2sp,,,UGN R랩 한국지부 2024 정기 컨퍼런스 - 장비의 재발견 -,,,,,소설,,https://dongne.co/events/dice03/circles/121642,다이스 페스타 #3,Day2
복슬복슬크로스,"시그, 미뉴",,,,,2sp,,,UGN R랩 한국지부 2024 정기 컨퍼런스 - 장비의 재발견 -,,,,,"일러스트,소설",Seig_o3o,https://dongne.co/events/dice03/circles/121710,다이스 페스타 #3,Day2
살아남은시노비세인,헤파,,,,,1sp,,,,,,,,게임,hepatrpg,https://dongne.co/events/dice03/circles/121716,다이스 페스타 #3,Day2
이름생각이안나는데노이만각성이나할까?,이오,,,,,2sp,,,UGN R랩 한국지부 2024 정기 컨퍼런스 - 장비의 재발견 -,,,,,기타,l_IO_OI_I_TRPG,https://dongne.co/events/dice03/circles/121550,다이스 페스타 #3,Day2
티알러할머니인생최후의티알피지끌어치기,TEAM SF,,,,,2sp,,,,,,,,게임,,https://dongne.co/events/dice03/circles/121629,다이스 페스타 #3,Day2
팀 턀찌1,요람,,,,,1sp,,,,,,,,"소설,기타",Tryoram,https://dongne.co/events/dice03/circles/121497,다이스 페스타 #3,Day2
팀 턀찌2,네넹,,,,,1sp,,,,,,,,,tr5rone,https://dongne.co/events/dice03/circles/121566,다이스 페스타 #3,Day2
네? 2D6을 굴려 5 이상이 나올 확률이 약 83.3%라고요?,하리보,,,,,1sp,,,,,,,,기타,Haribo_TR,https://dongne.co/events/dice03/circles/121546,다이스 페스타 #3,Day2
bittersweet,147,,,,,1sp,,,,,,,,,N_4091,https://dongne.co/events/dice03/circles/121633,다이스 페스타 #3,Day2
Cruise,"휘온, 비뇽",,,,,2sp,,,,,,,,,team_cruise,https://dongne.co/events/dice03/circles/121644,다이스 페스타 #3,Day2
FH 우라무 시 셀 ,강하유,,,,,1sp,,,UGN R랩 한국지부 2024 정기 컨퍼런스 - 장비의 재발견 -,,,,,,,https://dongne.co/events/dice03/circles/121699,다이스 페스타 #3,Day2
이 부스 완전 미쳤음(inSANe),아마도딜로,,,,,2sp,,,,,,,,소설,amadodilo,https://dongne.co/events/dice03/circles/121529,다이스 페스타 #3,Day2
LIMIT:STAR,SIHA,,,,,2sp,,,,,,,,기타,SIHAST,https://dongne.co/events/dice03/circles/121590,다이스 페스타 #3,Day2
My first tabletop,yop,,,,,4sp,,,UGN R랩 한국지부 2024 정기 컨퍼런스 - 장비의 재발견 -,,,,,,,https://dongne.co/events/dice03/circles/121523,다이스 페스타 #3,Day2
scena,ㅅㄴ,,,,,2sp,,,,,,,,소설,,https://dongne.co/events/dice03/circles/121612,다이스 페스타 #3,Day2
Team. 라퓨타,수연,,,,,2sp,,,,,,,,소설,Team_Laputa,https://dongne.co/events/dice03/circles/121587,다이스 페스타 #3,Day2
Team. 오아시스,체온,,,,,2sp,,,,,,,,"소설,게임",Tr__pulse,https://dongne.co/events/dice03/circles/121588,다이스 페스타 #3,Day2
Team.오소리굴,"26오소리, 뷉, 홍합, 야채빵, 흑당꿀떡",,,,,2sp,,,,,,,,기타,Team_osorigull,https://dongne.co/events/dice03/circles/121722,다이스 페스타 #3,Day2
TEAM. 여담,여타,,,,,1sp,,,,,,,,,iam_others,https://dongne.co/events/dice03/circles/121592,다이스 페스타 #3,Day2
TEAM LUNACY,아델리,,,,,2sp,,,,,,,,,teamLunacy_trpg,https://dongne.co/events/dice03/circles/121505,다이스 페스타 #3,Day2
Team. Personal Space,쿠르,,,,,1sp,,,,,,,,"소설,기타",TEAM_PERSPA,https://dongne.co/events/dice03/circles/121551,다이스 페스타 #3,Day2
Team RGBK,Team RGBK,,,,,2sp,,,,,,,,기타,Team_RGBK,https://dongne.co/events/dice03/circles/121499,다이스 페스타 #3,Day2
Team SHiKL,이린+샤카,,,,,1sp,,,UGN R랩 한국지부 2024 정기 컨퍼런스 - 장비의 재발견 -,,,,,"기타,공예,소설",Team_SHiKL,https://dongne.co/events/dice03/circles/121537,다이스 페스타 #3,Day2
Team Zodiac,"태양, 금성",,,,,2sp,,,,,,,,소설,team_zodiac_tr,https://dongne.co/events/dice03/circles/121614,다이스 페스타 #3,Day2
THE 마네키네코즈 ,"사라반트, 냠맹, 엘모, 조냥, 캉캉",,,,,2sp,,,,,,,,소설,060re_,https://dongne.co/events/dice03/circles/121567,다이스 페스타 #3,Day2
토깽이 TRPG 분점,K,,,,,2sp,,,,,,,,소설,kra_trpg,https://dongne.co/events/dice03/circles/121489,다이스 페스타 #3,Day2
내멋대로 TRPG,연어,,,,,2sp,,,,,,,,,salmon_please,https://dongne.co/events/dice03/circles/121616,다이스 페스타 #3,Day2
TRPG사업부 창작1팀,(주)쿼크 이사회,,,,,2sp,,,,,,,,"소설,게임,기타",TRPG_CreativeT1,https://dongne.co/events/dice03/circles/121671,다이스 페스타 #3,Day2
올빼미 새장 UGN 지부,뺌!,,,,,2sp,,,UGN R랩 한국지부 2024 정기 컨퍼런스 - 장비의 재발견 -,,,,,기타,constellar_owl,https://dongne.co/events/dice03/circles/121583,다이스 페스타 #3,Day2
뇌크로노미콘 상회 UGN 지점,리틀언데드,,,,,2sp,,,UGN R랩 한국지부 2024 정기 컨퍼런스 - 장비의 재발견 -,,,,,"소설,기타",lil_undead_kp,https://dongne.co/events/dice03/circles/121609,다이스 페스타 #3,Day2
UGN 우라무 시 지부,꿍,,,,,2sp,,,UGN R랩 한국지부 2024 정기 컨퍼런스 - 장비의 재발견 -,,,,,,,https://dongne.co/events/dice03/circles/121622,다이스 페스타 #3,Day2
<UGN R랩 한국지부 2024 정기 컨퍼런스 - 장비의 재발견 -> 주최부스,UGN R랩 한국지부 2024 정기 컨퍼런스 - 장비의 재발견 -,,,,,2sp,,,UGN R랩 한국지부 2024 정기 컨퍼런스 - 장비의 재발견 -,,,,,,,https://dongne.co/events/dice03/circles/121536,다이스 페스타 #3,Day2
낙서 인력 X 도화여고 오컬트부,"YAGI(야기),Biran(비란)",,,,,1sp,,,,,,,,기타,yagi_do_game,https://dongne.co/events/dice03/circles/121574,다이스 페스타 #3,Day2
You are F,교수,,,,,2sp,,,,,,,,"게임,기타",TR_Assistant,https://dongne.co/events/dice03/circles/121594,다이스 페스타 #3,Day2
해 日이 몰아치는 다크서클,해 日,,,,,2sp,,,,,,,,,TEAM_GGUK,https://dongne.co/events/dice03/circles/121668,다이스 페스타 #3,Day2
"""한참 찾았잖아""",이욥,,,,,1sp,,,,주술회전 헌터헌터 하이큐 전지적독자시점,,"로맨틱,해당없음","유중혁×김독자,쿠로오×켄마,게토×고죠",일러스트,,https://dongne.co/events/df240402/circles/130413,제25회 디. 페스타(일요일),Day2
뿅,귤쌈,,,,,2sp,어두운 바다의 등불이 되어,,,,,,,일러스트,salitjing,https://dongne.co/events/df240402/circles/130147,제25회 디. 페스타(일요일),Day2
한 고게 넘어 사랑!,양갱,,,,,1sp,주술회전,,,고죠 사토루 x 게토 스구루,,로맨틱,,만화,za_yess,https://dongne.co/events/df240402/circles/130236,제25회 디. 페스타(일요일),Day2
흙 속의 인디고,인디고,,,,,1sp,,,,,,,,공예,digogo5220,https://dongne.co/events/df240402/circles/130115,제25회 디. 페스타(일요일),Day2
반디,반디,,,,,1sp,내가 키운 s급들,,,,,,,"일러스트,만화",,https://dongne.co/events/df240402/circles/130151,제25회 디. 페스타(일요일),Day2
지멜,시멜,,,,,2sp,핑크파라다이스,조그만 히치하이커,,,,,,,"jiyu_Fseven, seemel_art",https://dongne.co/events/df240402/circles/130403,제25회 디. 페스타(일요일),Day2
파랑,펜,,,,,1sp,주술회전,,,,,,,,PPenpen22,https://dongne.co/events/df240402/circles/130311,제25회 디. 페스타(일요일),Day2
볼과 같이,NG,,,,,2sp,가비지타임,,,"전영중,성준수",전영중X성준수,로맨틱,,소설,knotknitted,https://dongne.co/events/df240402/circles/130414,제25회 디. 페스타(일요일),Day2
묘묘 묘한 맛,묘미,,,,,1sp,,,,,,,,소설,,https://dongne.co/events/df240402/circles/130191,제25회 디. 페스타(일요일),Day2
자나 깨나 잊지 못하고,오매불,,,,,1sp,반월당의 기묘한 이야기,진혼기,,,,,,,,https://dongne.co/events/df240402/circles/130287,제25회 디. 페스타(일요일),Day2
우리 진훈 정산 영업합니다 ,단비,,,,,2sp,가비지타임,,,"김기정,황보석,고상언",황보석X김기정,"로맨틱,섹슈얼",,만화,shdshfrha,https://dongne.co/events/df240402/circles/130079,제25회 디. 페스타(일요일),Day2
위패 깎는 스승님,액자식구성,,,,,2sp,의원다시살다,블랙배저,,,,"로맨틱,섹슈얼",제갈린x천희 잭x힐데,"만화,소설",STL0022,https://dongne.co/events/df240402/circles/130188,제25회 디. 페스타(일요일),Day2
이제 너만 남았단다,칼란,,,,,1sp,로드 오브 히어로즈,,,카르티스,,,,만화,,https://dongne.co/events/df240402/circles/130096,제25회 디. 페스타(일요일),Day2
나의 가슴 아카데미아,"오미, 오박사",,,,,2sp,나의 히어로 아카데미아,,,"미도리야 이즈쿠,바쿠고 카츠키,토도로키 쇼토",,섹슈얼,,"만화,일러스트,공예",omimuyo,https://dongne.co/events/df240402/circles/130408,제25회 디. 페스타(일요일),Day2
퓨어 다즐링,Beth,,,,,1sp,,,,,,,,소설,beth_rooom,https://dongne.co/events/df240402/circles/130161,제25회 디. 페스타(일요일),Day2
중독 못하면 죽는 병에 걸림,부리,,,,,1sp,전지적 독자 시점,데뷔 못하면 죽는 병에 걸림,,,,,,,gudokjungdok,https://dongne.co/events/df240402/circles/130278,제25회 디. 페스타(일요일),Day2
데뷔 못하면 중독 되는 병에 걸림,부리,,,,,2sp,전지적 독자 시점,데뷔 못하면 죽는 병에 걸림,,,,,,,hanadul1040,https://dongne.co/events/df240402/circles/130277,제25회 디. 페스타(일요일),Day2
만듦& 캔두잇,박진희,,,,,4sp,,,,해리포터,,,,,,https://dongne.co/events/df240402/circles/130157,제25회 디. 페스타(일요일),Day2
감자별,감자별,,,,,1sp,,,,,,,,,,https://dongne.co/events/df240402/circles/130174,제25회 디. 페스타(일요일),Day2
또롱별,이데아,,,,,2sp,내가 키운 S급들,,,"한유현,한유진",,로맨틱,,일러스트,ideatami,https://dongne.co/events/df240402/circles/130049,제25회 디. 페스타(일요일),Day2
뿅삐뇽,늘,,,,,1sp,슬램덩크,,,산왕 북산,,,,기타,59y_1,https://dongne.co/events/df240402/circles/130168,제25회 디. 페스타(일요일),Day2
사니챈,관니와도우미1호,,,,,1sp,도검난무,,,,,,,일러스트,nitosaniwa,https://dongne.co/events/df240402/circles/130094,제25회 디. 페스타(일요일),Day2
서클명,대표자,,,,,1sp,도쿄 리벤저스,파이어엠블럼,,,,,,일러스트,,https://dongne.co/events/df240402/circles/130246,제25회 디. 페스타(일요일),Day2
치밋치,couragelre,,,,,1sp,데못죽,화산귀환 어바등 진혼기 카리스마하우스,,,,,,일러스트,22chimitti,https://dongne.co/events/df240402/circles/130247,제25회 디. 페스타(일요일),Day2
집으로 가자,신,,,,,1sp,어바등,공회주,,,,,,소설,,https://dongne.co/events/df240402/circles/130098,제25회 디. 페스타(일요일),Day2
파도에 서린 빛,seorin,,,,,2sp,,,,,,,,,choi_t0t,https://dongne.co/events/df240402/circles/130149,제25회 디. 페스타(일요일),Day2
코코넛 껍질 속 고먕이,코코넛,,,,,1sp,창작 뜨개인형,,,,,,,공예,spaceita,https://dongne.co/events/df240402/circles/130056,제25회 디. 페스타(일요일),Day2
만월의 밤에 깨지 않는 꿈을 함께 왓쇼이,"야자, 하래, 나가",,,,,2sp,아이돌리쉬 세븐,"프로젝트 세카이,모브사이코100,슬램덩크",,"아이돌리쉬 세븐,트리거,리바레,주르",,,"가쿠야마, 텐리쿠, 나기미나, 유키모모유키, 이오리쿠","일러스트,소설,기타","yaja_i7, eocie8, inanaga17",https://dongne.co/events/df240402/circles/130243,제25회 디. 페스타(일요일),Day2
일요일 디페??!!,yaming,,,,,1sp,,,,,,,,,,https://dongne.co/events/df240402/circles/130309,제25회 디. 페스타(일요일),Day2
렛츠고 미실장,멕,,,,,1sp,페이트/그랜드 오더,,,아시야 도만,아베노 세이메이X아시야 도만,,,만화,quasarose,https://dongne.co/events/df240402/circles/130153,제25회 디. 페스타(일요일),Day2
소우주 만물상,유월은준,,,,,1sp,1차창작,,,,,,,"만화,일러스트,소설,공예",juneeunjune,https://dongne.co/events/df240402/circles/130159,제25회 디. 페스타(일요일),Day2
수상한 짬뽕집,"식빵,김개몌",,,,,2sp,"데못죽,가비지타임,전독시,슬램덩크","장송의 프리렌,어바등",,,,,,일러스트,SB_01911,https://dongne.co/events/df240402/circles/130275,제25회 디. 페스타(일요일),Day2
전지적 부스러 시점,shine,,,,,2sp,전독시,화산귀환,,,,,,일러스트,shines_247,https://dongne.co/events/df240402/circles/130314,제25회 디. 페스타(일요일),Day2
일상이 화보인 오시들,민초,,,,,1sp,버튜버,백망되,,"수하,우키,케일,최한,알베르",,,,일러스트,Mint1Purple,https://dongne.co/events/df240402/circles/130102,제25회 디. 페스타(일요일),Day2
그런데 갑자기 농놀이 나타났다,일바닝,,,,,2sp,슬램덩크,,,"서태웅,정대만",,"로맨틱,섹슈얼",,,nongba_,https://dongne.co/events/df240402/circles/130083,제25회 디. 페스타(일요일),Day2
두더지 두더지 부스내요,물팅,,,,,1sp,포켓몬스터,"가비지타임,원피스,외지주,히로아카",,,,,,일러스트,Mu1ting,https://dongne.co/events/df240402/circles/130364,제25회 디. 페스타(일요일),Day2
가는가 팔기노도,뮤옹,,,,,1sp,명일방주,페이트 시리즈,,"아미야,켈시,이오리",,,,,myuongS2,https://dongne.co/events/df240402/circles/130114,제25회 디. 페스타(일요일),Day2
달콤한 일러스트,이윤지,,,,,2sp,,,,모모찌,,,,일러스트,iamyunji,https://dongne.co/events/df240402/circles/130164,제25회 디. 페스타(일요일),Day2
선아현 그대만을,낸내,,,,,1sp,데뷔 못 하면 죽는 병 걸림,,,,,,,,,https://dongne.co/events/df240402/circles/130220,제25회 디. 페스타(일요일),Day2
주술의 카리스마,제니,,,,,1sp,"카리스마,주술회전","제5인격,페그오,도리벤",,,,,,,,https://dongne.co/events/df240402/circles/130251,제25회 디. 페스타(일요일),Day2
겨울새벽,지니,,,,,1sp,,,,,,,,"만화,일러스트",jinny_0611,https://dongne.co/events/df240402/circles/130193,제25회 디. 페스타(일요일),Day2
깜찍이네,볕,,,,,1sp,"앙상블스타즈,아이돌리쉬 세븐",,,,레이X카오루,"로맨틱,섹슈얼",유키모모,소설,UvU_OvO_UvU,https://dongne.co/events/df240402/circles/130257,제25회 디. 페스타(일요일),Day2
내리사랑,"기러김, 두발오리",,,,,2sp,슬램덩크,,,이명헌,정우성X이명헌,"로맨틱,섹슈얼",,"소설,만화","gileogim, doobalori",https://dongne.co/events/df240402/circles/130357,제25회 디. 페스타(일요일),Day2
다깡다깡,깡,,,,,1sp,아이돌리쉬세븐(아이나나),앙상블스타즈(앙스타),,,,,,일러스트,,https://dongne.co/events/df240402/circles/130382,제25회 디. 페스타(일요일),Day2
다정한집,냘구,,,,,2sp,,,,,,,,만화,apricot_tarte_,https://dongne.co/events/df240402/circles/130117,제25회 디. 페스타(일요일),Day2
떡두꺼비,김뉴뉴,,,,,1sp,슬램덩크,손뜨개인형,,,,,,,97wsts97,https://dongne.co/events/df240402/circles/130350,제25회 디. 페스타(일요일),Day2
레위네집,레위,,,,,1sp,로드오브히어로즈,그 판타지세계에서 사는법,,요한,,,,,rewee_90,https://dongne.co/events/df240402/circles/130419,제25회 디. 페스타(일요일),Day2
복작복작,moraegorae,,,,,2sp,"명탐정 코난,쿠키런","나루토,혈계전선",,"타카기,사토,카카시,이루카",마들렌X에스프레소,"로맨틱,섹슈얼","타카사, 카카이루","소설,만화",,https://dongne.co/events/df240402/circles/130140,제25회 디. 페스타(일요일),Day2
붉은나비,유티아,,,,,1sp,데뷔 못하면 죽는 병 걸림,하이큐,,박문대,청려X문대,로맨틱,"아현문대, 청우문대, 쿠로켄, 아츠키타",소설,moon_shine12,https://dongne.co/events/df240402/circles/130124,제25회 디. 페스타(일요일),Day2
뿅클로젯,호잍,,,,,1sp,슬램덩크,,,이명헌 정우성 송태섭,이멍헌X송태섭,"로맨틱,해당없음","명헌태섭,명헌우성,우성명헌,우성태섭","일러스트,공예,기타",ho_it_o_o,https://dongne.co/events/df240402/circles/130378,제25회 디. 페스타(일요일),Day2
킬더실버,킬더실버,,,,,2sp,,,,,,,,공예,kil_the_silver,https://dongne.co/events/df240402/circles/130221,제25회 디. 페스타(일요일),Day2
데스매치 혹은 웨딩마치,로이비,,,,,2sp,격기3반,,,,동근혁X이현걸,"로맨틱,섹슈얼",,소설,f3loeyb,https://dongne.co/events/df240402/circles/130271,제25회 디. 페스타(일요일),Day2
배틀ㅎㅁ 시조새,슈비,,,,,2sp,슬램덩크,,,"서태웅,강백호",서태웅X강백호,"로맨틱,섹슈얼",,"만화,일러스트",1110_shubi,https://dongne.co/events/df240402/circles/130080,제25회 디. 페스타(일요일),Day2
손재주가 없는건 아니었는데 마감 못하면 죽는병 걸림,JZ,,,,,2sp,데뷔 못하면 죽는병 걸림,플레이브 가비지타임,,,,,,"만화,일러스트",juunzi2,https://dongne.co/events/df240402/circles/130300,제25회 디. 페스타(일요일),Day2
"동화나라 따가리, 파월의 캔따개",핫그도,,,,,1sp,테일즈런너,유희왕vrains,,,,,,일러스트,o_o_oim,https://dongne.co/events/df240402/circles/130253,제25회 디. 페스타(일요일),Day2
블랙배저 아세요?,깡쯔,,,,,1sp,블랙배저,,,힐데베르트,,,,"일러스트,소설,만화",4kkangzz,https://dongne.co/events/df240402/circles/130223,제25회 디. 페스타(일요일),Day2
사숙이랑 사질이랑 그런 사이래,6월,,,,,4sp,화산귀환,,,청명,백천X청명,"로맨틱,섹슈얼",,"소설,기타",06__28__,https://dongne.co/events/df240402/circles/130398,제25회 디. 페스타(일요일),Day2
우명까지 안전하게 모십니다 ,로트링,,,,,1sp,슬램덩크,,,"정우성,이명헌",정우성X이명헌,,,만화,sg12trg,https://dongne.co/events/df240402/circles/130354,제25회 디. 페스타(일요일),Day2
도깨비상점,도깨비상점,,,,,2sp,,,,,,,,공예,kkebistore,https://dongne.co/events/df240402/circles/130195,제25회 디. 페스타(일요일),Day2
베사리우스,alan,,,,,1sp,건담시드,,,아스란,,,,,alan_twt_,https://dongne.co/events/df240402/circles/130133,제25회 디. 페스타(일요일),Day2
빵부스러기,소루빵,,,,,1sp,오리지널,,,,,,,,soboru830,https://dongne.co/events/df240402/circles/130134,제25회 디. 페스타(일요일),Day2
푸른다락방,연푸른,,,,,2sp,,,,,,,,공예,pureun_darak,https://dongne.co/events/df240402/circles/130228,제25회 디. 페스타(일요일),Day2
화산포목점,삐아체레,,,,,2sp,화산귀환,,,,,,,"일러스트,공예,기타",,https://dongne.co/events/df240402/circles/130186,제25회 디. 페스타(일요일),Day2
♡센루샤워♡,노제규,,,,,2sp,슬램덩크,-,,윤대협,,로맨틱,,만화,nnoijaguar,https://dongne.co/events/df240402/circles/130085,제25회 디. 페스타(일요일),Day2
브로콜리닭찜,브콜나,,,,,1sp,"슬램덩크,네가죽어",,,,,,,,Brolyyoutoo,https://dongne.co/events/df240402/circles/130245,제25회 디. 페스타(일요일),Day2
어오리행오리,몸마,,,,,1sp,플레이브,앙상블스타즈,,,,,,기타,v8ooo0ooo8v,https://dongne.co/events/df240402/circles/130346,제25회 디. 페스타(일요일),Day2
장르섞어찌개,마라탕,,,,,1sp,,"은혼,농구,판소...",,,,,,기타,,https://dongne.co/events/df240402/circles/130110,제25회 디. 페스타(일요일),Day2
다수결사형투표,감옥,,,,,2sp,밀그램,네가죽어,,"미코토,코토코,하루카",미코토X코토코,로맨틱,소우신,"만화,소설",,https://dongne.co/events/df240402/circles/130213,제25회 디. 페스타(일요일),Day2
무릉도원이세요?네진짜진짜좋네요,박제우,,,,,1sp,"의원,다시 살다","다이에이,아이나나",,,제갈린X진천희,해당없음,"크리사와(구간 소량), 모브타마(구간 소량)",소설,pjeu26,https://dongne.co/events/df240402/circles/130073,제25회 디. 페스타(일요일),Day2
이것저것잡탕부스,ㄷㄹ,,,,,2sp,"유희왕,뉴 단간론파 v3",죠죠의 기묘한 모험,,,사이하라X모모타,,,,,https://dongne.co/events/df240402/circles/130156,제25회 디. 페스타(일요일),Day2
이것저것파는부스,눈꽃,,,,,1sp,전독시,,,김독자,,,,,ksminiyoo,https://dongne.co/events/df240402/circles/130304,제25회 디. 페스타(일요일),Day2
징챠오카시이부스,악쓰리,,,,,2sp,가비지타임,슬램덩크,,기상호,최종수X기상호,"로맨틱,섹슈얼,해당없음","뱅상, 태섭대만","만화,소설",,https://dongne.co/events/df240402/circles/130055,제25회 디. 페스타(일요일),Day2
ㅋㅋ전그냥홈마에요 / 그러하냐. 난 천마다,칠렘,,,,,1sp,"천마는 아이돌이 되었다,천마돌",,,위화진,,,,"만화,일러스트,기타",3ORGNing_8,https://dongne.co/events/df240402/circles/130162,제25회 디. 페스타(일요일),Day2
암튼뭔가보여드립니다,해사,,,,,2sp,천관사복,잔차품,,"화성,사련",,"로맨틱,섹슈얼",,"만화,일러스트",Orwith_,https://dongne.co/events/df240402/circles/130273,제25회 디. 페스타(일요일),Day2
축☆쥐쨩솔로데뷔☆하,쥐,,,,,2sp,,플레이브  슬램덩크,,,,"섹슈얼,로맨틱",,만화,mv1mg,https://dongne.co/events/df240402/circles/130345,제25회 디. 페스타(일요일),Day2
너구리한마리몰고가세요,랄라,,,,,1sp,가비지타임,,,,,,,,A_MOLA_PGONEHAE,https://dongne.co/events/df240402/circles/130208,제25회 디. 페스타(일요일),Day2
카멜롯애국보수단결집회,호소,,,,,1sp,"Fate,FGO,원탁의 기사",아서왕전설군,,,트리스탄X베디비어,,,"만화,일러스트,소설",H0SO_,https://dongne.co/events/df240402/circles/130283,제25회 디. 페스타(일요일),Day2
이게성공한다면뭐든해보겠습니다,쿠쿠밥,,,,,1sp,슬램덩크,,,,,,,일러스트,fibab_4,https://dongne.co/events/df240402/circles/130362,제25회 디. 페스타(일요일),Day2
21세기 동인은 물물교환만 받습니다.,빨간단추,,,,,2sp,데뷔못하면죽는병걸림,,,박문대,청려X문대,로맨틱,,"소설,공예",hippo1157,https://dongne.co/events/df240402/circles/130138,제25회 디. 페스타(일요일),Day2
개노답 4자매,말차,,,,,4sp,가비지타임,은혼,,기상호,,,,일러스트,3joong_5girl,https://dongne.co/events/df240402/circles/130359,제25회 디. 페스타(일요일),Day2
clover,헤이즐넛,,,,,2sp,장송의 프리렌,,,,,,,,,https://dongne.co/events/df240402/circles/130389,제25회 디. 페스타(일요일),Day2
D-Esper,케링,,,,,1sp,슬램덩크,쿠로코의농구,,서태웅,윤대협X서태웅,"로맨틱,섹슈얼","황립,레일로","만화,일러스트",d_esper_,https://dongne.co/events/df240402/circles/130046,제25회 디. 페스타(일요일),Day2
JETURK AIRLINES X 라구파스타연구소 수성점,타루,,,,,1sp,기동전사 건담 수성의마녀,,,"구엘 제타크,라우더 닐",라우더 닐X구엘 제타크,"로맨틱,섹슈얼",,"만화,일러스트,소설",GW_Taroo,https://dongne.co/events/df240402/circles/130113,제25회 디. 페스타(일요일),Day2
made by 자윤,자윤,,,,,2sp,,,,,,,,공예,,https://dongne.co/events/df240402/circles/130198,제25회 디. 페스타(일요일),Day2
minesweeper,MISA,,,,,2sp,나의 히어로 아카데미아,,,바쿠고 카츠키,미도리야 이즈쿠X바쿠고 카츠키,섹슈얼,엔데버 른,만화,,https://dongne.co/events/df240402/circles/130119,제25회 디. 페스타(일요일),Day2
공방 프리즘(PRIISM),리즈,,,,,1sp,레진아트,어메이징 디지털 서커스,,,,,,공예,craft_priism,https://dongne.co/events/df240402/circles/130294,제25회 디. 페스타(일요일),Day2
xoxo,구남,,,,,2sp,슬램덩크,,,,,,,"일러스트,만화",qnamxoxo,https://dongne.co/events/df240402/circles/130058,제25회 디. 페스타(일요일),Day2
.,.,,,,,1sp,.,,,,,해당없음,,소설,,https://dongne.co/events/game05/circles/122686,제5회 오락관,Day2
(가짜) 소화기 상비 부스,신호,,,,,1sp,역전재판1~4,,,나루호도 류이치 위주 올캐릭터,나루호도X키리히토,,"카미노기X나루호도, 나루호도X메이","만화,일러스트,기타",milfhodo,https://dongne.co/events/game05/circles/122612,제5회 오락관,Day2
"두 번째 기회를 주세요, 사모님!",손바닥,,,,,2sp,프로젝트 세카이,,,"시노노메 아키토,아오야기 토우야,텐마 츠카사,카미시로 루이",시노노메 아키토X아오야기 토우야,"로맨틱,섹슈얼",츠카루이(텐마 츠카사 x 카미시로 루이),"일러스트,소설","CoxvAy, kagonam624",https://dongne.co/events/game05/circles/122850,제5회 오락관,Day2
이 아버지는 슬픕니다,아즈,,,,,1sp,포켓몬(5세대),,,"게치스,N",게치스XN,섹슈얼,,"만화,소설",Azmrpo,https://dongne.co/events/game05/circles/122773,제5회 오락관,Day2
야! 돌아와,메이즈,,,,,1sp,에리오스 라이징 히어로즈,,,,,,,,,https://dongne.co/events/game05/circles/122422,제5회 오락관,Day2
곱. 창. 뿌. 링. 클. 떡. 볶. 이. 고. 추 . 바. 사. 삭. 짜. 파. 게. 티. 감. 자. 그. 라. 탕. 삼. 겹. 살. 라. 면. 국. 수. 초. 밥. 김. 말. 이. 우. 동. 수. 육. 족. 발. 베. 이. 글. 샌. 드. 위. 치. 커. 피. 도. 넛. 피. 자. 콜. 라. 사. 이. 다. 레. 몬. 에. 이. 드.,0,,,,,2sp,"회색도시,발더스게이트3","작혼,네가죽어,킹덤하츠,역전재판,베리드스타즈,검은방,포켓몬SV",,,,,,,,https://dongne.co/events/game05/circles/122962,제5회 오락관,Day2
뱀집,t,,,,,2sp,NU카니발,,,"야쿠모,에이트",,로맨틱,,소설,,https://dongne.co/events/game05/circles/122511,제5회 오락관,Day2
촘퍼,3점,,,,,1sp,보더랜드3,"발더스 게이트3,오버워치",,,FL4KX제인,로맨틱,할렙x라파엘,만화,S4MJUM,https://dongne.co/events/game05/circles/122427,제5회 오락관,Day2
허얼~재판장이 난장판이네,렘감,,,,,2sp,역전재판 시리즈,,,,,,,"만화,일러스트",galar_1JJANG,https://dongne.co/events/game05/circles/123041,제5회 오락관,Day2
요즘 그 집 차남이 연애한다던데,에바님,,,,,2sp,,,,,,,,,,https://dongne.co/events/game05/circles/122450,제5회 오락관,Day2
점점 더 과감해지는 세계통합,Peso,,,,,1sp,파이널판타지 14,발더스 게이트 3,,에메트셀크,빛전X에메트셀크,섹슈얼,,"만화,공예",pesone,https://dongne.co/events/game05/circles/123023,제5회 오락관,Day2
물의 발레,신치,,,,,1sp,"원신,아틀리에 시리즈",,,"푸리나,소피,라이자",,,,,sour_sinchi,https://dongne.co/events/game05/circles/122613,제5회 오락관,Day2
남편 잃은 여자들,Navia,,,,,2sp,파이널판타지14,"사이퍼즈,발더스 게이트 3",,,,,,,NaviaChoi,https://dongne.co/events/game05/circles/122846,제5회 오락관,Day2
댄싱 변호사,나빠,,,,,1sp,역전재판,,,나루호도 류이치,,,,,na_ruppa,https://dongne.co/events/game05/circles/122585,제5회 오락관,Day2
버니 디저트,파이스,,,,,1sp,파이널 판타지14,마비노기,,,,,,,,https://dongne.co/events/game05/circles/122453,제5회 오락관,Day2
최강 팔라딘,트윅스,,,,,1sp,발더스 게이트 3,,,할신,,,,"일러스트,기타",,https://dongne.co/events/game05/circles/122449,제5회 오락관,Day2
코랄 느낌을 줌,개피,,,,,2sp,아머드코어6,페이트그랜드오더(페그오),,"621,이구아수,올캐러",621X이구아수,"로맨틱,섹슈얼",,"만화,기타",L0V3_DISAST3R,https://dongne.co/events/game05/circles/122935,제5회 오락관,Day2
카노 아오구 이 세상 최고 도화살,LAKI,,,,,1sp,세포신곡,,,카노 아오구,,,,"만화,일러스트",laki_1920x1080,https://dongne.co/events/game05/circles/123036,제5회 오락관,Day2
아아 죽이는 달이다,금강포션,,,,,1sp,소닉 더 헤지혹 시리즈,,,,,섹슈얼,,소설,,https://dongne.co/events/game05/circles/122547,제5회 오락관,Day2
그럼 최애랑 주인공이랑 엮으면 누가 공인가요,"수성, 아마",,,,,2sp,"역전재판 후기,대역전재판","무기미도,파이널 판타지 14,아머드 코어 6",,,오도로키 호우스케X두르크 사드마디,"해당없음,로맨틱,섹슈얼",전설조 / 국장마키 / 히카미드 / 621월터,"소설,만화,일러스트","disciplexmentor, Chief_ama",https://dongne.co/events/game05/circles/122710,제5회 오락관,Day2
앙쉘 팝업스토어,소유,,,,,1sp,에리오스 라이징 히어로즈,,,,,,,,,https://dongne.co/events/game05/circles/122431,제5회 오락관,Day2
역전! 파판의 전설,ssdfg1899,,,,,1sp,젤다의 전설,"역전재판,파이널판타지",,,,,,,,https://dongne.co/events/game05/circles/122667,제5회 오락관,Day2
"가자..""대역전세계""로",낸물,,,,,2sp,대역전재판,,,,,,,"만화,일러스트",nenmul,https://dongne.co/events/game05/circles/122733,제5회 오락관,Day2
모락스,모라,,,,,4sp,주술회전,원신,,,,,,일러스트,,https://dongne.co/events/game05/circles/122509,제5회 오락관,Day2
부스묭,얼죽,,,,,2sp,무기미도,"명일방주,붕괴: 스타레일",,"코히,크로우,캐슬로,라후,샬롬,페나코니,지,슈",라후X샬롬,"로맨틱,섹슈얼",곽향한아,"만화,공예,일러스트,기타",eoltto,https://dongne.co/events/game05/circles/122953,제5회 오락관,Day2
삼토끼,삼초,,,,,2sp,,,,,,,,,SANSAMCHO,https://dongne.co/events/game05/circles/122865,제5회 오락관,Day2
해달샵,시크루,,,,,4sp,원신,,,,,,,,Sunmoon_shop16,https://dongne.co/events/game05/circles/122522,제5회 오락관,Day2
누구나 할 수 있는,언,,,,,1sp,프로젝트 세카이,"FKMT,헌터×헌터",,"올캐러,미즈키,단크라,레오크라",,,,"일러스트,만화",,https://dongne.co/events/game05/circles/122789,제5회 오락관,Day2
구름이 엄마,설견,,,,,2sp,네가죽어,"언더테일,델타룬,파이널 판타지14,할로우 나이트",,,,,,"일러스트,만화",mmdd45c,https://dongne.co/events/game05/circles/122705,제5회 오락관,Day2
맛있는 강정,도화,,,,,1sp,회색도시2,,,"강재인,정은창",강재인X정은창,"로맨틱,섹슈얼",,"만화,일러스트,소설",,https://dongne.co/events/game05/circles/122489,제5회 오락관,Day2
분홍색 퐁당,찐빵,,,,,1sp,페이트/그랜드 오더,,,"오베론,아르토리아 캐스터",오베론X아르토리아 캐스터,,,,burst_zb,https://dongne.co/events/game05/circles/122905,제5회 오락관,Day2
스펀지 쟁반,"밀밀림, 왐",,,,,2sp,발더스게이트3,,,,,,,기타,"nupnup_draw, wham_x2",https://dongne.co/events/game05/circles/123033,제5회 오락관,Day2
영원의 바다,"포포토 샐러드, 영원영愛",,,,,2sp,파이널판타지14,,,"그라하 티아,알리제 르베유르,알피노 르베유르",그라하 티아X테이토 페이블(모험가),"로맨틱,섹슈얼",,"만화,일러스트",P0PH0T0_14,https://dongne.co/events/game05/circles/122746,제5회 오락관,Day2
잿빛과 푸름,50미라고점매수법,,,,,2sp,섬의 궤적,,,,린 슈바르처X크로우 암브러스트,"로맨틱,섹슈얼",,"만화,소설",,https://dongne.co/events/game05/circles/122458,제5회 오락관,Day2
주종의 재액,김커션,,,,,2sp,마법사의 약속,페그오,,"176조+오즈+여현자책,구다마슈+카이키리",,로맨틱,구다마슈,,CAUTION23943992,https://dongne.co/events/game05/circles/122970,제5회 오락관,Day2
탈주는 할복,모드,,,,,1sp,"박앵귀,페이트/그랜드 오더","페르소나3,파이어 엠블렘 풍화설월",,신선조,,해당없음,,일러스트,MoD5568,https://dongne.co/events/game05/circles/122791,제5회 오락관,Day2
행복한 오지,月火,,,,,1sp,원신,,,"벤티,방랑자,카에데하라카즈하,소,시카노인 헤이조",,,,일러스트,platina_1117,https://dongne.co/events/game05/circles/123012,제5회 오락관,Day2
사람은 먹는 게 아니야,출신지지옥,,,,,1sp,무색의카이나,"No salvation,zeno",,,,,,,___garakuta_,https://dongne.co/events/game05/circles/123044,제5회 오락관,Day2
뭐라도 내는 부스,핫칠누,,,,,1sp,프로세카,발더스게이트3,,,,,,,,https://dongne.co/events/game05/circles/122683,제5회 오락관,Day2
삼촌의 죽은 바보털,주먹,,,,,2sp,명일방주,,,무에나 니어,톨런드 캐시X무에나 니어,"로맨틱,섹슈얼",,"만화,기타",nandashoog,https://dongne.co/events/game05/circles/122548,제5회 오락관,Day2
오퍼의 오는 오른쪽의 오,BBSB,,,,,2sp,명일방주,,,박사 총웨 실버애쉬 플레임브링어,박사X오퍼레이터,"로맨틱,섹슈얼","모브총웨,박사은재,박사플브","만화,일러스트,소설,기타",BBSBri_ML,https://dongne.co/events/game05/circles/123031,제5회 오락관,Day2
고인물 대잔치,"Lunch, 팀네",,,,,2sp,역전재판,다크소울,,,,,,"만화,기타",,https://dongne.co/events/game05/circles/122497,제5회 오락관,Day2
너구리 대작전,pica,,,,,2sp,프로젝트세카이,"쿠키런,살육의 천사,IB",,,,,,,gmlwls2612,https://dongne.co/events/game05/circles/122504,제5회 오락관,Day2
포드라 대사관,미상,,,,,1sp,파이어엠블렘 풍화설월,카모카테(관을 가진 신의 손),,,,,,"소설,일러스트",hoji_888,https://dongne.co/events/game05/circles/123052,제5회 오락관,Day2
로오히 랑야각 연합,코끝,,,,,2sp,로드오브히어로즈,앙상블스타즈!,,,,,,,,https://dongne.co/events/game05/circles/122673,제5회 오락관,Day2
글로벌 테라로 오라 ~가자 방주여~,사라,,,,,2sp,명일방주,,,,엘리시움X쏜즈,"로맨틱,섹슈얼",아스베스토스 X 마젤란,"소설,만화",,https://dongne.co/events/game05/circles/122756,제5회 오락관,Day2
그래서 로드는 언제 복귀해요?,에슈,,,,,1sp,로드오브히어로즈,,,"마도대전,올캐러",,,,"만화,일러스트",Rano_ily,https://dongne.co/events/game05/circles/122513,제5회 오락관,Day2
늬들이 상하이 게맛을 알아? ㄱ-,회전문,,,,,2sp,더 킹 오브 파이터즈,,격투천왕 '24,"쉔우,듀오론,애쉬,엘리자베트,샤오론",쉔우X듀오론,"로맨틱,섹슈얼",애쉬베티,소설,,https://dongne.co/events/game05/circles/122534,제5회 오락관,Day2
뭐라도 만들게 해주세요,히즈리다,,,,,1sp,역전재판,파이널판타지,,,,,,,psyblix,https://dongne.co/events/game05/circles/122780,제5회 오락관,Day2
샹하이 샹하이 애정결핍,유행,,,,,1sp,대역전재판,,,류노스케+아소기,,,,"만화,일러스트",foundhappyplace,https://dongne.co/events/game05/circles/122797,제5회 오락관,Day2
아직은 어른이 아닙니다,아이비,,,,,1sp,발더스 게이트 3,"파이널판타지 14,로드 오브 히어로즈",,,,,,소설,,https://dongne.co/events/game05/circles/122790,제5회 오락관,Day2
마음의 고향은 사라지지 않아!,타이거소다,,,,,1sp,킹 오브 파이터즈,,격투천왕 '24,킹 오브 파이터즈 올 캐릭터,,,,일러스트,creamtiger_soda,https://dongne.co/events/game05/circles/123053,제5회 오락관,Day2
하지만 빨랐죠!,그로제,,,,,2sp,소닉 더 헤지혹 시리즈,"록맨 시리즈,바이오하자드 시리즈,데빌 메이 크라이 시리즈,유희왕 브레인즈",,,,,,"소설,기타,만화",_0723_1204,https://dongne.co/events/game05/circles/122645,제5회 오락관,Day2
과몰입 특급열차,햄이,,,,,2sp,단간론파 어나더,,,,,,,만화,,https://dongne.co/events/game05/circles/122480,제5회 오락관,Day2
달동네 체리동산,루나피,,,,,2sp,아이돌리쉬세븐(아이나나),발더스게이트3,,소고 타마키 유키 모모 아스타리온,,,,"일러스트,기타,공예",7th_LUNAR,https://dongne.co/events/game05/circles/122882,제5회 오락관,Day2
법조계 헤밍웨이,지저인,,,,,1sp,역전재판,젤다의전설,,"카르마 고우,미츠루기 레이지",,,,,underwor1dhuman,https://dongne.co/events/game05/circles/122604,제5회 오락관,Day2
성일동 교자명가,"만두대왕, 누구도아닌오타쿠",,,,,2sp,회색도시,,,,,,,,,https://dongne.co/events/game05/circles/122442,제5회 오락관,Day2
신호등 플레이어,에미,,,,,2sp,프로젝트 세카이,"리버스1999,젤다의 전설(BotW),마비노기,버디미션BOND",,"텐마 츠카사,링크,알터,루크 윌리엄스",루크X아론,"로맨틱,섹슈얼",,기타,_PATATAmericana,https://dongne.co/events/game05/circles/122688,제5회 오락관,Day2
커피맛 팬케이크,L,,,,,1sp,,"프로젝트 세카이,창작",,,아오야기 토우야X시노노메 아키토,,,만화,erueru77,https://dongne.co/events/game05/circles/122414,제5회 오락관,Day2
해외산 부대찌개,Cooga,,,,,1sp,"록맨,제5인격","인디 콘솔게임,하이큐",,,,,,"만화,일러스트",Cooga_01,https://dongne.co/events/game05/circles/122643,제5회 오락관,Day2
모스가 태어나는 곳,사면의 작은 종,,,,,1sp,페이트/그랜드 오더,,,"알트리아 캐스터,오베론",오베론X알트리아 캐스터,"로맨틱,섹슈얼",,,,https://dongne.co/events/game05/circles/122979,제5회 오락관,Day2
절찬리 신성오독 중,백,,,,,2sp,페이트/그랜드 오더,명일방주,,로마니 아키만,크라이데X에벤홀츠,해당없음,,"일러스트,기타",ws1r_l,https://dongne.co/events/game05/circles/122931,제5회 오락관,Day2
영웅도 아이돌이 될수 있나요?,다혼,,,,,1sp,로드 오브 히어로즈,,,올 캐릭터,,,,공예,,https://dongne.co/events/game05/circles/122720,제5회 오락관,Day2
온누리 불꽃사랑 한마당,콩고기,,,,,2sp,더 킹 오브 파이터즈,,격투천왕 '24,"쿠사나기 쿄,야가미 이오리",쿠사나기 쿄X야가미 이오리,해당없음,,만화,Kong__gogi,https://dongne.co/events/game05/circles/122822,제5회 오락관,Day2
결혼은 법정에서 주례는 재판장님이 ,남애,,,,,2sp,역전재판,더 킹 오브 파이터즈 (KOF),,"쿄야 오도로키,나루호도 미츠루기",,"로맨틱,섹슈얼",쿄오도,"만화,일러스트,소설,사진,기타",nam_eh_co,https://dongne.co/events/game05/circles/122922,제5회 오락관,Day2
햇살이 강해졌다!,룬츠,,,,,1sp,더 킹 오브 파이터즈 XV,이나즈마 일레븐2: 위협의 침략자,격투천왕 '24,"실비 폴라폴라,앙헬,쿠크리,미야사카 료,레제",,,,"만화,일러스트",Runtz_,https://dongne.co/events/game05/circles/122595,제5회 오락관,Day2
신비한 게임연구회,J,,,,,1sp,"발더스 게이트3,콜 오브 듀티,레드 데드 리뎀션 2,위쳐3,디트로이트 비컴 휴먼",스팀 게임들,,"아서 모건,게롤트",,,,,4tleastoneforU,https://dongne.co/events/game05/circles/122679,제5회 오락관,Day2
조상님 죄송합니다,한국인,,,,,1sp,대역전재판,역전재판,,,,,,"만화,일러스트",goodlookimmj,https://dongne.co/events/game05/circles/122573,제5회 오락관,Day2
이것이 여자친구다!!,"IENN, 예네",,,,,2sp,"Fate/Samurai Remnant,프로젝트 세카이",,,"우시고젠,유이 쇼세츠,시라이시 안,아즈사와 코하네",우시고젠X유이 쇼세츠,"로맨틱,섹슈얼",시라이시 안×아즈사와 코하네,"일러스트,소설","In_ourtime, projectyene",https://dongne.co/events/game05/circles/122821,제5회 오락관,Day2
"목사님, 원수를 사랑하란 게 원래 이런 뜻인가요",엔치안,,,,,1sp,더 킹 오브 파이터즈,,격투천왕 '24,ALL,게닛츠X루갈 번스타인,섹슈얼,,"소설,사진",Enzian_1214,https://dongne.co/events/game05/circles/122978,제5회 오락관,Day2
행복함!,당구,,,,,1sp,발더스 게이트3,파판14,,아스타리온,,,,만화,,https://dongne.co/events/game05/circles/122609,제5회 오락관,Day2
빗나감! 대실패! 심각한 과적!,미상,,,,,2sp,발더스게이트3,"소닉,길티기어,페르소나시리즈",,ALL,할신X아스타리온,"섹슈얼,로맨틱",,"일러스트,공예,기타,만화,소설",m11sh0,https://dongne.co/events/game05/circles/122913,제5회 오락관,Day2
간장소스,지일,,,,,2sp,데바데,오리지널,,,트래퍼X제이크,로맨틱,,만화,jiil959595,https://dongne.co/events/game05/circles/122610,제5회 오락관,Day2
고라포덕,42,,,,,1sp,포켓몬,,,,,,,,,https://dongne.co/events/game05/circles/122437,제5회 오락관,Day2
냥이모찌,만두냥이,,,,,2sp,"산나비,슬램덩크,리쎌컴퍼니,주술회전","젤다의전설,우마무스메,앙스타,드래곤빌리지",,,,,,,cats_mandu,https://dongne.co/events/game05/circles/122910,제5회 오락관,Day2
냥창냥창,청류,,,,,2sp,사이퍼즈,로스트아크,,,히카르도X까미유,섹슈얼,,,Chungryu_srh,https://dongne.co/events/game05/circles/122647,제5회 오락관,Day2
놀그있네,그짱,,,,,1sp,마법사의 약속,앙상블 스타즈 앙스타,,라스티카 클로에,클로에X라스티카,"로맨틱,섹슈얼",히메타츠,"만화,일러스트",,https://dongne.co/events/game05/circles/122478,제5회 오락관,Day2
동인실직,아가미,,,,,2sp,프로젝트 세카이,,,"카미시로 루이,텐마 츠카사",카미시로 루이X텐마 츠카사,"로맨틱,섹슈얼",,,gamitales,https://dongne.co/events/game05/circles/122516,제5회 오락관,Day2
무뇨무뇨,중,,,,,2sp,프로젝트 세카이 컬러풀 스테이지! feat.하츠네 미쿠,,,"아오야기 토우야,시노노메 아키토,카미시로 루이,텐마 츠카사",카미시로 루이X텐마 츠카사,"로맨틱,섹슈얼",아오야기 토우야 x 시노노메 아키토 ,"만화,일러스트",jung__rk,https://dongne.co/events/game05/circles/122416,제5회 오락관,Day2
반스웍스,blueeldin,,,,,2sp,,,,,,,,"게임,기타",bans_works,https://dongne.co/events/game05/circles/122664,제5회 오락관,Day2
배틀뷔페,콜렛,,,,,2sp,포켓몬스터,"FGO,레이튼 시리즈",,,,,,,Colet_Colettia,https://dongne.co/events/game05/circles/122770,제5회 오락관,Day2
부스부스,빵프리카,,,,,1sp,"프로젝트 세카이,프로세카",,,,,,,,,https://dongne.co/events/game05/circles/122692,제5회 오락관,Day2
산지직송,강원도감자,,,,,1sp,발더스 게이트3,,,,,,,,,https://dongne.co/events/game05/circles/122469,제5회 오락관,Day2
삼초고려,대추야자,,,,,1sp,킹오브파이터즈,,격투천왕 '24,"야가미 이오리,쿠사나기 쿄,카구라 치즈루",쿠사나기 쿄X야가미 이오리,로맨틱,,"만화,소설",deza_job,https://dongne.co/events/game05/circles/122579,제5회 오락관,Day2
카페오레,허브,,,,,2sp,원신,프로젝트 세카이,,,,,,,hb_rosemary,https://dongne.co/events/game05/circles/122586,제5회 오락관,Day2
티하우스,아렌티,,,,,1sp,FF14,"프로세카,명일방주,아이나나",,"메테이온,메느피나",,,,"공예,일러스트",TEA_FOP,https://dongne.co/events/game05/circles/122666,제5회 오락관,Day2
파괴장터,무교,,,,,1sp,파이어엠블렘 풍화설월,원신,,"페르디난트,휴베르트",페르디난트X휴베르트,로맨틱,카베x알하이탐,만화,moogyoza,https://dongne.co/events/game05/circles/122577,제5회 오락관,Day2
페르마타,가현,,,,,1sp,파이널판타지14,창작,,그라하 티아,,,,"일러스트,기타",mattang0915,https://dongne.co/events/game05/circles/122563,제5회 오락관,Day2
펫체뱜도,김체리,,,,,2sp,"마비노기,발더스 게이트3,리틀 나이트메어",,,,,,,"일러스트,소설,기타",KMCHRR_L,https://dongne.co/events/game05/circles/122741,제5회 오락관,Day2
와플대학 ~발더스게이트점~,건삼,,,,,2sp,발더스게이트3,,,,,,,기타,BG3_gun3,https://dongne.co/events/game05/circles/122435,제5회 오락관,Day2
무광상점 (오락관의 모습),무광,,,,,1sp,포켓몬스터SV,마비노기,,"포켓몬 팔데아,마비노기 아르카나 등",,로맨틱,드림,"만화,일러스트",0doredore,https://dongne.co/events/game05/circles/122493,제5회 오락관,Day2
근본없는 부스,젤제리,,,,,2sp,파이널판타지16,,,,,,,,spiderzelly,https://dongne.co/events/game05/circles/122614,제5회 오락관,Day2
미지근한 동인,아모,,,,,1sp,마법사의 약속,앙상블스타즈,,"무르,샤일록,세나 이즈미,츠키나가 레오",,섹슈얼,이즈레오,만화,pang2_pang2,https://dongne.co/events/game05/circles/122555,제5회 오락관,Day2
얼렁뚱땅 동인,시나브로,,,,,2sp,마법사의 약속,,,"아서,오즈,현자",피가로X파우스트,"로맨틱,섹슈얼",히스시노,만화,si_nab,https://dongne.co/events/game05/circles/122530,제5회 오락관,Day2
햄무라비 법전,민아,,,,,1sp,엘든 링,,,백면 바레,빛바랜 자X백면 바레,"로맨틱,섹슈얼",,,_als_dk,https://dongne.co/events/game05/circles/122942,제5회 오락관,Day2
쯔꾸르에 인생 판 부스,아숭김,,,,,1sp,위치즈하트,"이슬비가 내리는 숲,zeno,네가죽어,세포신곡 등의 쯔꾸르 게임들",,,,로맨틱,,만화,sunga_122,https://dongne.co/events/game05/circles/122950,제5회 오락관,Day2
샤리스의 커튼 뒤에,김쌍자 & 이든 & 용사고 & Oxy,,,,,4sp,발더스게이트3,,,,,,,"만화,소설,조형,기타",forgand24,https://dongne.co/events/game05/circles/122695,제5회 오락관,Day2
허니버터 흑당 마라탕집,칸조,,,,,2sp,파이어 엠블렘 풍화설월,아이돌 마스터 sideM,,,,,,,,https://dongne.co/events/game05/circles/122858,제5회 오락관,Day2
세상에서 나만 보고싶어할 것 같은 책은 내가 낼게 가져가는건 누가 할래?,타봄,,,,,1sp,원신,쿠로위즈,,방랑자,카에데하라 카즈하X방랑자,"로맨틱,섹슈얼",아포바카,소설,tabom0w0,https://dongne.co/events/game05/circles/122529,제5회 오락관,Day2
도마뱀의 보물함,해룡,,,,,2sp,,,,,,,,"일러스트,공예",tlzn01,https://dongne.co/events/game05/circles/122461,제5회 오락관,Day2
두뇌명석 너클즈,메야리,,,,,2sp,소닉,"케로로,용과같이,러브라이브",,,,,,"만화,일러스트",me_ya_ri,https://dongne.co/events/game05/circles/122974,제5회 오락관,Day2
로푸닝과 친구들,로푸닝,,,,,4sp,"에반게리온,스플래툰,록맨,미쿠,페르소나",,,,,,,기타,ropuning,https://dongne.co/events/game05/circles/122492,제5회 오락관,Day2
분타스의 망령들,포,,,,,1sp,마법사의 약속(마호야쿠),아이돌리쉬 세븐(아이나나)/ 앙상블 스타즈!!,,올캐러,,,,,p0maho,https://dongne.co/events/game05/circles/122810,제5회 오락관,Day2
슈뢰딩거 오락실,파퍼,,,,,2sp,에이펙스 레전드,"리그 오브 레전드,콜 오브 듀티,파크라이4,발더스 게이트 3",,"크립토,미라지,진,흐웨이,쾨니히,호랑이,페이건,아제이",크립토X미라지,"로맨틱,섹슈얼","진흐웨이, 쾨니호랑, 파제이",소설,5percent_GM,https://dongne.co/events/game05/circles/122445,제5회 오락관,Day2
여미새와 남미새,123,,,,,2sp,프로세카,파이널판타지 ZENO,,토우야 아키토,아오야기 토우야X시노노메 아키토,"섹슈얼,로맨틱",,게임,prisonerLA123,https://dongne.co/events/game05/circles/122709,제5회 오락관,Day2
목격자를 없애면 암살,HSFS,,,,,1sp,ULTRAKILL,다크소울,,,,,,"만화,일러스트",hsfsoup,https://dongne.co/events/game05/circles/122687,제5회 오락관,Day2
하늘에서 정의가 으아악,메이,,,,,1sp,오버워치,,,,,"로맨틱,섹슈얼","한조 디바, 메이 리퍼, 위도우 트레이서","일러스트,만화",,https://dongne.co/events/game05/circles/123008,제5회 오락관,Day2
엘리오스 지고천 연구소 -에오르제아 출장팀-,휘언,,,,,4sp,엘소드,"세포신곡,파이널판타지 14",,올캐러,,,,,HWIUN_,https://dongne.co/events/game05/circles/122836,제5회 오락관,Day2
화톳불과 귀불의 에어리어 ,짱비,,,,,1sp,프롬소프트웨어,데스티니 가디언즈,,all,,로맨틱,,"일러스트,만화",Jang8samo,https://dongne.co/events/game05/circles/123039,제5회 오락관,Day2
사랑에는 로봇이 동반되는구나.,,,,,,2sp,프세카,FGO,,"카미시로 루이,쿠사나기 네네",카미시로 루이X쿠사나기 네네,로맨틱,"타카스기 신사쿠, 이즈모노 오쿠니",,,https://dongne.co/events/game05/circles/122983,제5회 오락관,Day2
닉휴저별 윤막새신,지존검둥,,,,,2sp,로드 오브 히어로즈,,,미하일 블레이크,미하일 블레이크X남로드,"로맨틱,섹슈얼","브랜라르, 카를크롬",만화,sm5927602,https://dongne.co/events/game05/circles/122467,제5회 오락관,Day2
도라지와 리소리소,도라지,,,,,1sp,포켓몬스터,발더스게이트3,,미정,,,,"일러스트,공예,기타",,https://dongne.co/events/game05/circles/122881,제5회 오락관,Day2
버섯포자 대량발생,사날,,,,,1sp,포켓몬스터 스칼렛/바이올렛,"별의 커비,파이널판타지 14,마비노기",,"카지,푸름,시유,마버로아",카지X푸름,로맨틱,,기타,,https://dongne.co/events/game05/circles/122539,제5회 오락관,Day2
브리튼의 흥망성쇠,찌개,,,,,2sp,페이트/그랜드 오더,"명일방주,페이트 사무라이 렘넌트",,,,,,"만화,일러스트,기타",jjigae6,https://dongne.co/events/game05/circles/122853,제5회 오락관,Day2
쏘아올린 새우튀김,Lusy,,,,,1sp,Nu: 카니발,,,"야쿠모,에이트,블레이드",,,,"공예,기타",Lusy_nu,https://dongne.co/events/game05/circles/122697,제5회 오락관,Day2
주코프와 코카콜라,율리아 조,,,,,2sp,"드래곤에이지,매스이펙트,파이널판타지14","발더스게이트3,사이버펑크2077",,다크어지,,해당없음,,소설,s_croftmanor,https://dongne.co/events/game05/circles/122546,제5회 오락관,Day2
창고이전 재고떨이,크파,,,,,1sp,오버워치,"데바데,데가",,,레예스X캐서디,로맨틱,"숴자랑자, 고페에이",소설,crpasta455,https://dongne.co/events/game05/circles/122715,제5회 오락관,Day2
쿨피스도 엘피스다,낙만,,,,,2sp,파이널판타지14,"FF디시디아,FF16",,,,,,,,https://dongne.co/events/game05/circles/122423,제5회 오락관,Day2
당일까지 뭐나올지 모름,야미노,,,,,2sp,사이퍼즈,,,,,,,,,https://dongne.co/events/game05/circles/122572,제5회 오락관,Day2
황혼깃든 하이랄의 신성둥지,HYUN,,,,,2sp,사이퍼즈,"젤다의 전설,할로우 나이트,길티기어",,,,,,일러스트,R3DZ3ST,https://dongne.co/events/game05/circles/122958,제5회 오락관,Day2
가수안전 위협하는 부실시공 결사반대 - 베리드 스타즈 일동 -,박덕춘,,,,,1sp,베리드 스타즈,,,"이규혁,한도윤",이규혁X한도윤,섹슈얼,,만화,BS_PDC,https://dongne.co/events/game05/circles/122638,제5회 오락관,Day2
여러분도 행복하세요,새싹,,,,,1sp,테일즈 오브 제스티리아,엘소드,,,미쿠리오X스레이,로맨틱,,"만화,기타",Ru_tales,https://dongne.co/events/game05/circles/122898,제5회 오락관,Day2
박사님의 엘리트하지 못한 일상,페이슈,,,,,1sp,명일방주,"원신,블루아카이브",,"박사,엘리트오퍼레이터",,,,"일러스트,기타",glayt_shukou,https://dongne.co/events/game05/circles/123038,제5회 오락관,Day2
우리장르 행사장브금 듣게 해주세요 제발,어시,,,,,1sp,슈퍼로봇대전OG 문 드웰러즈,,,액셀,,,,소설,asi7817,https://dongne.co/events/game05/circles/122877,제5회 오락관,Day2
아무래도 소꿉친구에 진심인 편,밤나,,,,,1sp,포켓몬,"프로젝트 세카이,파이어엠블렘 풍화설월",,,푸름,,,,,https://dongne.co/events/game05/circles/122866,제5회 오락관,Day2
종말환상 발더스게이트,꿀쿠,,,,,2sp,"파이널판타지 14,발더스 게이트 3",,,,,로맨틱,,,H0NEYC00,https://dongne.co/events/game05/circles/122700,제5회 오락관,Day2
공사다망: 공왕과 사통해 다 망했다,민해우,,,,,1sp,발더스게이트3,"발더스 게이트3,BG3",,"다크어지,고타쉬",다크어지X고타쉬,섹슈얼,,소설,holdonyoubreath,https://dongne.co/events/game05/circles/122626,제5회 오락관,Day2
서울수태(스케일이작다),유백,,,,,1sp,"페르소나3,4","진여신전생3,5",,,,,,,,https://dongne.co/events/game05/circles/122587,제5회 오락관,Day2
강황맛사탕,계피맛사탕,,,,,1sp,드래곤에이지,발더스게이트,,"도리안,아스타리온",아이언불X도리안,"섹슈얼,로맨틱","심문관도리안,타브아타,카자아타",게임,Jinseng_Red,https://dongne.co/events/game05/circles/122744,제5회 오락관,Day2
공주님내놔,나긔,,,,,1sp,젤다의전설,,,"링크,젤다",,로맨틱,,만화,,https://dongne.co/events/game05/circles/122565,제5회 오락관,Day2
만월금손당,만월금손당,,,,,2sp,원신,"스타레일,블루 아카이브",,"원신,스타레일,블루아카 캐릭터 다수",,,,"일러스트,공예,조형",ManwolGoods,https://dongne.co/events/game05/circles/123049,제5회 오락관,Day2
먹다만우동,순두부우동,,,,,1sp,붕괴 스타레일,,,,경원X블레이드,로맨틱,,만화,,https://dongne.co/events/game05/circles/122727,제5회 오락관,Day2
모자사세요,롭,,,,,1sp,"발더스 게이트3,fkmt","프로메어,슬램덩크",,"자헤이라+어두운 충동,아카기x카이지",아카기X카이지,"로맨틱,섹슈얼",,소설,obxxex,https://dongne.co/events/game05/circles/122627,제5회 오락관,Day2
바알오락실,tim,,,,,1sp,발더스게이트3,,,,,,,기타,TB_416,https://dongne.co/events/game05/circles/122650,제5회 오락관,Day2
엉화둠둠탁,가엉,,,,,2sp,FF14,,,,,,,"만화,기타,일러스트",5altybitter5,https://dongne.co/events/game05/circles/122506,제5회 오락관,Day2
영감에게촉,아사네,,,,,2sp,파이널판타지14,아이나나,,,에메트셀크X아젬,"로맨틱,섹슈얼",브리에스,만화,pinktokifire,https://dongne.co/events/game05/circles/122432,제5회 오락관,Day2
외계크로켓,카레크로켓맨,,,,,2sp,위치즈하트,"페르소나3 포터블,작혼,칭송받는 자",,,노엘 레빈X클레어 엘포드,해당없음,"루이네네, 료햄, 윌라클레, 시리클레","만화,일러스트",currycroqman,https://dongne.co/events/game05/circles/122897,제5회 오락관,Day2
진티엔리밍,kje1213114,,,,,2sp,,,,,,,,공예,,https://dongne.co/events/game05/circles/122799,제5회 오락관,Day2
짱동그라미,yuna,,,,,2sp,프로젝트세카이,,,,아키토X토우야,,안코하 ,,vbsqs2,https://dongne.co/events/game05/circles/122806,제5회 오락관,Day2
창동유치원,뭉냐,,,,,2sp,프로젝트세카이,,,비배스,시노노메 아키토X아오야기 토우야,해당없음,,일러스트,"Mung22ya, 5rD8x",https://dongne.co/events/game05/circles/122920,제5회 오락관,Day2
총체적난국,촤촤촤,,,,,1sp,페르소나3,"스파이더맨2,진여신전생5,콘솔게임 위주",,,,,,일러스트,,https://dongne.co/events/game05/circles/122553,제5회 오락관,Day2
쿠뽀뽀쿠뽀,구마린,,,,,2sp,파이널 판타지14,무기미도,,,,,,,Coumarinnn,https://dongne.co/events/game05/circles/122857,제5회 오락관,Day2
페어리국밥,뤨,,,,,1sp,페이트/그랜드 오더,,,"아르토리아 캐스터,오베론 보티건",오베론X아르토리아 캐스터,로맨틱,,"만화,일러스트,소설",,https://dongne.co/events/game05/circles/122824,제5회 오락관,Day2
포리포리칩,메론,,,,,1sp,,,,,,,,,,https://dongne.co/events/game05/circles/122527,제5회 오락관,Day2
한계뒷산점,곰곰,,,,,2sp,프로젝트 세카이,,,"아오야기 토우야,시노노메 아키토",아오야기 토우야X시노노메 아키토,"로맨틱,섹슈얼","토우아키, 루이츠카",만화,,https://dongne.co/events/game05/circles/122523,제5회 오락관,Day2
현야로식당,hyuna,,,,,1sp,마법사의 약속 (마호야쿠),,,"네로,브래들리",네로X브래들리,"로맨틱,섹슈얼",,"일러스트,만화",hyunyaro,https://dongne.co/events/game05/circles/123046,제5회 오락관,Day2
라이헨바흐 공장,칠퍼,,,,,1sp,Fate/grand order,,,"셜록홈즈,신주쿠의 아처,제임스 모리어티(룰러)",신주쿠의 아처X셜록홈즈,로맨틱,제임스 모리어티(룰러)x셜록홈즈,만화,7percent_fate,https://dongne.co/events/game05/circles/123030,제5회 오락관,Day2
마이너파는 겜타쿠,PONG,,,,,1sp,젤다의 전설,,,링크,,,,기타,pongpong0725,https://dongne.co/events/game05/circles/122680,제5회 오락관,Day2
원더호이의 무서운 저주,"B,^^",,,,,2sp,프로젝트세카이,,,,텐마 츠카사X카미시로 루이,,,"만화,일러스트",,https://dongne.co/events/game05/circles/122417,제5회 오락관,Day2
에델가르트 대제의 계몽주의 사상부흥회,잔디줍는사람,,,,,2sp,파이어 엠블렘 : 풍화설월,파이어 엠블렘 : 풍화설월 무쌍,,"페르디난트,휴베르트,벨레스,에델가르트",페르디난트X휴베르트,"로맨틱,섹슈얼",레스에델,소설,notsuperluminal,https://dongne.co/events/game05/circles/123011,제5회 오락관,Day2
애정장르는 많지만 덕질장르는 없어,영채라궁,,,,,2sp,언더테일,"델타룬,이브,캣인더박스,살육의천사,마인드핵,니디걸,오모리,할로우나이트",,,,,,,yycckk33,https://dongne.co/events/game05/circles/122933,제5회 오락관,Day2
아기크립터 데이비트 얼음별 대모험,레아시스,,,,,2sp,페이트/그랜드 오더,,,,데이비트 젬 보이드X테스카틀리포카,로맨틱,"제임스 모리어티x셜록 홈즈, ",소설,mulgogi_moon,https://dongne.co/events/game05/circles/122428,제5회 오락관,Day2
마나석으로 테이크아웃,긎,,,,,1sp,마법사의 약속,,,,,,,일러스트,rmwhrfrst,https://dongne.co/events/game05/circles/122774,제5회 오락관,Day2
힘들지않아 거친페놀속 뛰어든건 나니까 암오께,김리타,,,,,1sp,페르소나 5  로열,대역전재판,,아마미야 렌,아케치 고로X아마미야 렌,"로맨틱,섹슈얼","아소류,미츠나루",,lita_persona,https://dongne.co/events/game05/circles/122751,제5회 오락관,Day2
검사님에게 애착변호사를 주세요!,나만만세,,,,,1sp,대역전재판,역전재판,,"바로크 반직스,나루호도 류노스케,아소기 카즈마",바로크 반직스X나루호도 류노스케,"로맨틱,섹슈얼","아소류,및날,유가코코","기타,일러스트",kje5645_tdgs,https://dongne.co/events/game05/circles/122955,제5회 오락관,Day2
"있었는데요, 없었습니다",버버,,,,,1sp,"영원한 7일의 도시,FF14,세포신곡",,,,,,,일러스트,BB3oe,https://dongne.co/events/game05/circles/122998,제5회 오락관,Day2
글쎄요뭘까요,뱀씨,,,,,1sp,바이오하자드,,,레온,,"로맨틱,섹슈얼",크라레온,,baemc95,https://dongne.co/events/game05/circles/122447,제5회 오락관,Day2
매생이전복죽,지동킴,,,,,1sp,리그오브레전드,,,"야스오,아리,탈론",,,,"만화,게임",jidong_k,https://dongne.co/events/game05/circles/122477,제5회 오락관,Day2
엉덩이온라인,원도우11,,,,,2sp,오버워치,엘소드 프로젝트세카이 포켓몬 로스트아크,,"오버워치(겐지,디바 등),엘소드(몰리),프로젝트세카이(코하네,안),포켓몬(칠리,토오 등),로스트아크(플레이어블캐릭터)",,,,"공예,일러스트",nowinnolife3,https://dongne.co/events/game05/circles/123007,제5회 오락관,Day2
핫도그가판대,구구,,,,,1sp,소닉,,,,,,,,,https://dongne.co/events/game05/circles/122424,제5회 오락관,Day2
마지막형태는 모르겠고 고스트가 귀여워요,캌피바라,,,,,1sp,데스티니가디언즈2,"발더스게이트3,데가2",,,,,,"만화,일러스트,소설,기타,게임",kak_fipy,https://dongne.co/events/game05/circles/122635,제5회 오락관,Day2
파오파오카페 디페스타 팝업스토어,하루,,,,,2sp,킹오브파이터즈,아랑전설,격투천왕 '24,"김갑환,테리보가드,야마자키류지",테리보가드X김갑환,"로맨틱,섹슈얼",야마자키류지X김갑환,"소설,기타",Haru_2430,https://dongne.co/events/game05/circles/122875,제5회 오락관,Day2
지방재판소에 사랑걸렸네,디귿,,,,,2sp,역전재판,,,"나루호도 류이치,미츠루기 레이지",나루호도X미츠루기,"로맨틱,섹슈얼",,소설,truepainkillerr,https://dongne.co/events/game05/circles/122900,제5회 오락관,Day2
한정서번트는 엄청난것을 훔쳐갔습니다,무많,,,,,1sp,Fate/Grand Order,,,,,,,"만화,일러스트",pistilandstigma,https://dongne.co/events/game05/circles/122973,제5회 오락관,Day2
나블나불나블대,과리,,,,,1sp,엘소드,"유희왕,마비노기",,"엘소드,아인",엘소드X아인,"로맨틱,섹슈얼",,만화,gwari___,https://dongne.co/events/game05/circles/122748,제5회 오락관,Day2
다목적악마부스,잡돌,,,,,1sp,데빌메이크라이,"파판7,하데스,옥토패스트래블러2,발더스게이트3",,,,,,"만화,일러스트",qpqp_789,https://dongne.co/events/game05/circles/122601,제5회 오락관,Day2
몬다이아갸아스,순봉식,,,,,2sp,명일방주,포켓몬스터SV,,,엘리시움X쏜즈,"로맨틱,섹슈얼",,"소설,일러스트",ANSUSANG,https://dongne.co/events/game05/circles/122661,제5회 오락관,Day2
쌍충부흥위원회,단호박양,,,,,2sp,사이퍼즈,,,"까미유,히카르도",히카르도X까미유,"로맨틱,섹슈얼","바레데샹, 데샹바레","만화,일러스트",DanHBYang,https://dongne.co/events/game05/circles/122994,제5회 오락관,Day2
야생동물보호소,"그마, 레이R",,,,,2sp,"파이어엠블렘 풍화설월,무기미도",,,"디미트리,에델가르트,라후,샬롬",디미트리X에델가르트,로맨틱,라후샬롬,"만화,일러스트,기타",5gurimma,https://dongne.co/events/game05/circles/122918,제5회 오락관,Day2
주먹질하다보면 키스도 하게 되는 법임,마흐리 ,,,,,1sp,더 킹 오브 파이터즈 (KOF),,격투천왕 '24,쿄 / 이오리,쿠사나기 쿄X야가미 이오리,"로맨틱,섹슈얼",,"만화,일러스트",jo_jk_ts_gj,https://dongne.co/events/game05/circles/122580,제5회 오락관,Day2
노틸러스수산쎈타,정사각형,,,,,2sp,Fate/Grand Order (페그오),,,네모,,,,"만화,일러스트",jeongsagack,https://dongne.co/events/game05/circles/122916,제5회 오락관,Day2
동인계속보장기관,고고마,,,,,2sp,"페이트 그랜드 오더(페그오),엘소드",,,,,,,일러스트,gogoma5203,https://dongne.co/events/game05/circles/122665,제5회 오락관,Day2
역재신작내주세요,토카,,,,,1sp,역전재판,언더테일,,나루호도 류이치,미츠루기 레이지X나루호도 류이치,해당없음,,"만화,일러스트",TOKA_or_SorT,https://dongne.co/events/game05/circles/122621,제5회 오락관,Day2
우당탕탕복수탕탕,구독만이라도하게해주세요,,,,,2sp,검은방,"회색도시,베스타,파이어엠블럼풍화설월",,"하무열,정은창,김성식,휴베르트 … 외",,로맨틱,,"소설,일러스트,만화,기타",gudogmanilado,https://dongne.co/events/game05/circles/122947,제5회 오락관,Day2
클리어까지앞으로,미께임,,,,,1sp,,,,,,,,,megamemeplay,https://dongne.co/events/game05/circles/122559,제5회 오락관,Day2
너임마그런거그만봐,비누,,,,,2sp,에리오스 라이징 히어로즈,앙상블 스타즈,,"12기 사우스,가스트 애들러,윌 스프라우트,키스 맥스,브래드 빔스,히비키 와타루,사쿠마 레이",가스트 애들러X윌 스프라우트,로맨틱,"와타레이, 주니페이, 키스브래","만화,소설",_notfeed,https://dongne.co/events/game05/circles/122923,제5회 오락관,Day2
으악너무데이트같아,AZOC,,,,,1sp,FF14,,,,,,,만화,yume_fuchi,https://dongne.co/events/game05/circles/122488,제5회 오락관,Day2
자급자족호미질인생,며느리,,,,,1sp,프로젝트 세카이,,,"시라이시 안,아오야기 토우야,아즈사와 코하네,시노노메 아키토",아오야기 토우야X시라이시 안,섹슈얼,,"만화,일러스트",vbs4p,https://dongne.co/events/game05/circles/122851,제5회 오락관,Day2
이률리아치즈닭갈비 본점,SUMNI/숨니,,,,,2sp,길티기어,,,"올캐릭터,베놈",자토X베놈,로맨틱,,"만화,일러스트",SU_MNI,https://dongne.co/events/game05/circles/122793,제5회 오락관,Day2
전국살카즈인권위원회,육각형원석,,,,,1sp,명일방주,,,외드레르,외드레르X이네스,"로맨틱,섹슈얼",,"만화,일러스트,기타",co_co_dayo_,https://dongne.co/events/game05/circles/123035,제5회 오락관,Day2
고양이가방에들어가신다,집,,,,,1sp,페르소나5,,,.,,,,만화,roh_Ewoong,https://dongne.co/events/game05/circles/122902,제5회 오락관,Day2
"콘솔로마카롱김찌를끓이라니, 무리무리! ~무리가아니었다?!~",샴,,,,,1sp,"페르소나 시리즈,별의 커비","파이어엠블렘 풍화설월,젤다의 전설",,,아라가키 신지로X페르소나3 여주인공,로맨틱,"링젤, 논컾",일러스트,siam_dream55,https://dongne.co/events/game05/circles/122886,제5회 오락관,Day2
상어굴에들어가도정신만차리면산다,모꼼,,,,,2sp,프로젝트 세카이,,,논CP ALL,,,,,,https://dongne.co/events/game05/circles/122831,제5회 오락관,Day2
예기치않은서버오류가발생했습니다,wo,,,,,2sp,"포켓몬,명일방주,발더스게이트3",데스티니가디언즈,,,,,,,,https://dongne.co/events/game05/circles/122811,제5회 오락관,Day2
유혈도사랑으로부터시작되는거아니냐,연어,,,,,1sp,ZENO (마루토쿠키치),노사루  세포신곡 젤다의전설,,쿠로,쿠로X아카,로맨틱,사토마야 ,일러스트,hansiosibSAMbun,https://dongne.co/events/game05/circles/122670,제5회 오락관,Day2
부스는국산이지만원료는뉴밀리온산입니다,회,,,,,2sp,에리오스 라이징 히어로즈,,,,,,,"만화,일러스트",daybreakh0riz0n,https://dongne.co/events/game05/circles/122804,제5회 오락관,Day2
심야0시 텔레비전 들어가는 괴도단,세실,,,,,2sp,"페르소나,마루토쿠 시리즈","프세카.세포신곡,쓰르라미,위치즈하트",,,,,,,gaesolimo,https://dongne.co/events/game05/circles/122704,제5회 오락관,Day2
14번째 금지서고,그랑프레스토,,,,,2sp,파이널판타지14,,,에메트셀크,빛의전사X에메트셀크,"로맨틱,섹슈얼",아젬x에메트셀크,"소설,공예",Granpresto,https://dongne.co/events/game05/circles/122557,제5회 오락관,Day2
용과길티1999,돈8,,,,,1sp,길티기어,"용과같이,리버스1999",,"길티기어 일부캐릭터,용과같이 일부캐릭터,보이저",,,,일러스트,sacho56,https://dongne.co/events/game05/circles/122794,제5회 오락관,Day2
네모행성 1nsa호점,INSA,,,,,2sp,1차창작 쯔꾸르 게임,"쯔꾸르(유메닛키 유메계,마루토쿠키치,헬샤),할로우나이트,레인월드,스플래툰3,데스티니2...",,,,,,"만화,일러스트,소설,게임,음반",side_in_game,https://dongne.co/events/game05/circles/122760,제5회 오락관,Day2
바알오락실 2호점,제자,,,,,1sp,발더스게이트3,미정,,,,,,,ok_jeja,https://dongne.co/events/game05/circles/122891,제5회 오락관,Day2
오버포트리스엘리시움2,"지태, 초량",,,,,1sp,오버워치,"팀포트리스,디스코엘리시움",,"시그마,스카웃,?;;",,,,,"horiring2, choryang0323",https://dongne.co/events/game05/circles/123048,제5회 오락관,Day2
드루이드미아게릴라콘서트2024,투어매니저,,,,,1sp,사이퍼즈,,,미아,,,,,MIAs_last_leap2,https://dongne.co/events/game05/circles/122743,제5회 오락관,Day2
2024년에 이나즈마 일레븐 게임을?,22,,,,,1sp,이나즈마 일레븐,,,후부키 시로,후도 아키오X카제마루 이치로타,해당없음,,만화,LOVE__DIE_DIE,https://dongne.co/events/game05/circles/122997,제5회 오락관,Day2
여우 할배랑 23세 청년,aran,,,,,1sp,NU:카니발,,,"큐야,에이트",큐야X에이트,섹슈얼,,만화,aawhffu,https://dongne.co/events/game05/circles/122734,제5회 오락관,Day2
<격투천왕 '24> 주최부스,격투천왕 '24,,,,,2sp,,,격투천왕 '24,,,,,,,https://dongne.co/events/game05/circles/122578,제5회 오락관,Day2
여름낮2404,겨울밤,,,,,2sp,로드오브히어로즈,프리즘스톤,,,,,,,,https://dongne.co/events/game05/circles/122524,제5회 오락관,Day2
틈새의 야남 3,시계,,,,,1sp,엘든 링,"블러드본,아머드코어6",,,,,,,skyblue_carmine,https://dongne.co/events/game05/circles/122899,제5회 오락관,Day2
바알오락실 3호점,돌래,,,,,1sp,발더스 게이트 3,할로우나이트,,,,,,,pb_edge,https://dongne.co/events/game05/circles/122561,제5회 오락관,Day2
발더스게이트3 진.짜.재.밌.습.니.다.,RE550,,,,,2sp,"오버워치,발더스 게이트 3",,,,,,,,,https://dongne.co/events/game05/circles/122779,제5회 오락관,Day2
4825%,Sapphire,,,,,2sp,"버튜버,앙상블스타즈,프로젝트세카이",,,,,,,"일러스트,만화",Sapphire_4825,https://dongne.co/events/game05/circles/122728,제5회 오락관,Day2
아발론 변두리 맥주감자집 5.5호점,리나로드,,,,,2sp,로드 오브 히어로즈(로오히),,,"프람 베르그,요한 테일드",요한X프람,"로맨틱,섹슈얼",,만화,_linalord_,https://dongne.co/events/game05/circles/122826,제5회 오락관,Day2
880088,88,,,,,2sp,젤다의 전설,드래곤퀘스트,,,,로맨틱,,"만화,일러스트",,https://dongne.co/events/game05/circles/122969,제5회 오락관,Day2
Afternoon Tea,TB/ 티백,,,,,1sp,다크소울,,,"그윈돌린,재의 귀인",,,,만화,tbbt130,https://dongne.co/events/game05/circles/122484,제5회 오락관,Day2
삼거리 제과점 양재 AT점,피리아,,,,,1sp,로드 오브 히어로즈,,,요한 테일드,,,,,filiaulcopt,https://dongne.co/events/game05/circles/122654,제5회 오락관,Day2
Brotherhood of Iberica ~이베리아향우회~,박하,,,,,2sp,명일방주,,,엘리시움 쏜즈 이베리아진영 중심,엘리시움X쏜즈,"로맨틱,섹슈얼",,"소설,만화,기타",mondaitreza,https://dongne.co/events/game05/circles/122594,제5회 오락관,Day2
C의 사랑,"건무화, 머루",,,,,2sp,세포신곡,사이퍼즈,,오토와 루이,,,,"소설,일러스트",rainbow_frogy,https://dongne.co/events/game05/circles/122975,제5회 오락관,Day2
dreampapel,나비아,,,,,1sp,프로젝트세카이,"프로세카,프세카",,,,,,일러스트,nabeia0,https://dongne.co/events/game05/circles/122502,제5회 오락관,Day2
더블E,무라이,,,,,1sp,슈퍼로봇대전,"란마1/2,프로세카",,"쿠스하,란마",브릿트X쿠스하,"로맨틱,섹슈얼","란마x아카네, 아라드x제오라",,Murai_ok,https://dongne.co/events/game05/circles/122600,제5회 오락관,Day2
에스트 군체 애벌레 불 드링크 feat.창동,"캬옹, 랑개 , 리파",,,,,2sp,"데스티니 가디언즈 2,프로젝트 세카이","할로우 나이트,엘든링,발더스게이트3",,다크소울,시노노메 아키토X아오야기 토우야,로맨틱,,"만화,일러스트","kyaong511256, fkdroproject, destinylip_a",https://dongne.co/events/game05/circles/122856,제5회 오락관,Day2
프로젝트 스플랫우미월드의 세카이 feat.하츠네 미쿠,"비밥, 리타",,,,,2sp,"프로젝트 세카이,스플래툰",,,"비비배스,문어,오징어",아오야기 토우야X아즈사와 코하네,,,"일러스트,소설","Vivim_bab_squad, 3woomy3",https://dongne.co/events/game05/circles/122528,제5회 오락관,Day2
FUENTE 속 검은콩밥,론,,,,,2sp,로드 오브 히어로즈,"검은방,회색도시",,"요한,미하엘",로드 오브 히어로즈 미하일X로드 오브 히어로즈 요한,로맨틱,,게임,lovechro,https://dongne.co/events/game05/circles/122888,제5회 오락관,Day2
FUNKY DELIGHT,리노,,,,,1sp,아이돌리쉬 세븐,FGO,,,나츠메 미나미X미도 토라오,로맨틱,,소설,rino__kj,https://dongne.co/events/game05/circles/122454,제5회 오락관,Day2
네 여기가 GOTY받은 게임 부스입니다,만두국덮밥,,,,,1sp,발더스게이트3,바이오하자드,,,,"로맨틱,섹슈얼",,"만화,일러스트,소설,기타",,https://dongne.co/events/game05/circles/123034,제5회 오락관,Day2
Highway Manner,율링,,,,,1sp,소닉더헤지혹,,,"소닉더헤지혹,섀도우더헤지혹,마리아로보트닉",,해당없음,,"만화,기타",JKT_sonic,https://dongne.co/events/game05/circles/122615,제5회 오락관,Day2
LOVE 12000%,소금빵,,,,,2sp,프로세카,,,원더랜즈x쇼타임,텐마 츠카사X카미시로 루이,로맨틱,,,,https://dongne.co/events/game05/circles/122884,제5회 오락관,Day2
MBCC익명게시판,주야,,,,,1sp,무기미도,,,,,,,"일러스트,기타",juya953505,https://dongne.co/events/game05/circles/122642,제5회 오락관,Day2
Mission 21,뮴,,,,,1sp,발더스게이트3,,,"스크래치,새끼 아울베어",,,,소설,PToE_118,https://dongne.co/events/game05/circles/122740,제5회 오락관,Day2
Mix nuts!,Nenjyu,,,,,2sp,원신,,,,,,,,,https://dongne.co/events/game05/circles/122460,제5회 오락관,Day2
"아아, 이것은 mp3라는 것이다",센느,,,,,2sp,페르소나3,,,"유카리,미츠루,후카,아이기스",,해당없음,논컾,만화,seneu107,https://dongne.co/events/game05/circles/122425,제5회 오락관,Day2
Neighborhood:RN,Pad,,,,,1sp,프로젝트 세카이,,,,카미시로 루이X쿠사나기 네네,로맨틱,,소설,Kira2_stst,https://dongne.co/events/game05/circles/122863,제5회 오락관,Day2
Pin-up Boy,자규,,,,,2sp,,,,,,,,,,https://dongne.co/events/game05/circles/122817,제5회 오락관,Day2
POR,POR,,,,,2sp,프로젝트 세카이,엘소드,,올캐릭터,,,,"일러스트,기타",_POR_TT,https://dongne.co/events/game05/circles/122787,제5회 오락관,Day2
Raindroppop,가루룽,,,,,2sp,원신,프로세카,,,,,,일러스트,GARU_ROONG,https://dongne.co/events/game05/circles/122968,제5회 오락관,Day2
RED'S PRESS,Molttak,,,,,2sp,파이어 엠블렘 풍화설월,"리버스:1999,우마무스메,리썰컴퍼니,포켓몬스터(콜라보레이션),역전재판",,"벨레스,에델가르트,버틴,소네트,메디슨 포켓,보드카,다이와 스칼렛,골드쉽,메지로 맥퀸,스페셜 위크,그래스 원더,하루 우라라,심볼리 루돌프,에어그루브,트윈터보,라이스 샤워,아그네스 타키온,맨하탄 카페",에델가르트X벨레스,"로맨틱,섹슈얼",에델레스에델,"만화,일러스트,기타",mo_ttak,https://dongne.co/events/game05/circles/122941,제5회 오락관,Day2
SiiN,시니,,,,,2sp,프로젝트세카이,,,,,,,,,https://dongne.co/events/game05/circles/122521,제5회 오락관,Day2
SUMMER HOME,검여,,,,,1sp,라테일,,,,카즈노 나스X이리스 리비에르,로맨틱,,만화,,https://dongne.co/events/game05/circles/122662,제5회 오락관,Day2
the whole self,모록,,,,,1sp,프로젝트 세카이 컬러풀 스테이지,,,,카미시로 루이X텐마 츠카사,섹슈얼,,소설,,https://dongne.co/events/game05/circles/122542,제5회 오락관,Day2
아이보와 동거하고 행복해지기 vs 걍 살기,너댄전,,,,,1sp,드래곤 퀘스트 XI S 지나간 시간을 찾아서,테일즈 오브 베스페리아,,"주인공(드래곤 퀘스트 11),카뮈",주인공(드래곤 퀘스트 11)X카뮈,로맨틱,,,raccoon_dance_,https://dongne.co/events/game05/circles/122965,제5회 오락관,Day2
고양이남자친구VS고양이늦잠친구,이온,,,,,1sp,에리오스 라이징 히어로즈,원신,,,오오토리 아키라X키사라기 렌,,,"일러스트,만화",nainndakarane,https://dongne.co/events/game05/circles/122716,제5회 오락관,Day2
wip,능이,,,,,2sp,붕괴 스타레일,니지산지,,,,,,만화,,https://dongne.co/events/game05/circles/122464,제5회 오락관,Day2
YawningCat,하품고양이,,,,,1sp,발더스 게이트 3,,,"아스타리온,섀도하트",,,,,YawningCat03,https://dongne.co/events/game05/circles/122870,제5회 오락관,Day2
ε cream♡ a la mode з,슈슈,,,,,2sp,FF14,,,,,,,,becoming_your__,https://dongne.co/events/game05/circles/122785,제5회 오락관,Day2
昆蟲箱子 :: Insect Box,24(SANAI),,,,,2sp,스플래툰,포켓몬스터,,,,,,,Insectbox,https://dongne.co/events/game05/circles/122505,제5회 오락관,Day2
<문대아현 쁘띠존> 주최부스,문대아현 쁘띠존,,,,,2sp,,,문대아현쁘띠존 :: Eтєяηαℓ Eяяσя,,,,,,,https://dongne.co/events/vidol06/circles/122037,제6회 어나더 스테이지,Day2
<닌동쁘띠존 :: 두 사람의 닌자의 길> 주최부스,닌동쁘띠존 :: 두 사람의 닌자의 길,,,,,2sp,,,닌동쁘띠존 :: 두 사람의 닌자의 길,,,,,,,https://dongne.co/events/vidol06/circles/122153,제6회 어나더 스테이지,Day2
와 저 부스 처음내봐요~,합,,,,,1sp,앙상블 스타즈,아이돌리쉬 세븐,,"앙스타 스위치,아이나나 멧조",,,,일러스트,harb_oth,https://dongne.co/events/vidol06/circles/121966,제6회 어나더 스테이지,Day2
아 이사람 또 왔어,"따부, 담",,,,,2sp,앙상블스타즈,,,"사자나미 쥰,안즈,HiMERU,카제하야 타츠미",사자나미 쥰X안즈,로맨틱,히메타츠,"만화,일러스트",ae3e4e,https://dongne.co/events/vidol06/circles/122205,제6회 어나더 스테이지,Day2
한 남자를 두고 천사와 악마가 대립하는 부스 (앙마를 믿기),앙마,,,,,1sp,아이돌리쉬세븐,아이나나,,"트리거,아이나나",,,,"만화,일러스트",ybbaddy,https://dongne.co/events/vidol06/circles/121975,제6회 어나더 스테이지,Day2
한 남자를 두고 천사와 악마가 대립하는 부스 (천사를 믿기),천사,,,,,1sp,아이돌리쉬세븐,,,"트리거,아이나나",,,,일러스트,love__ppi,https://dongne.co/events/vidol06/circles/121971,제6회 어나더 스테이지,Day2
안 귀찮아서 모모유키 백천 인분했어 쟁탈해,락교,,,,,1sp,아이돌리쉬세븐,,,,모모X유키,섹슈얼,,만화,gkrryyy,https://dongne.co/events/vidol06/circles/122265,제6회 어나더 스테이지,Day2
어? 뭐야! 아이~돌리쉬세븐,"상려, 쿠마",,,,,2sp,아이돌리쉬세븐,,,"이즈미 이오리,나나세 리쿠,이즈미 미츠키,쿠죠 텐,유키,모모",이즈미 이오리X나나세 리쿠,"로맨틱,섹슈얼","이오리쿠, 유키모모","소설,일러스트",innocentamanger,https://dongne.co/events/vidol06/circles/122107,제6회 어나더 스테이지,Day2
♧◇,천곰,,,,,1sp,앙상블 스타즈!! Music,,,,아야세 마요이X카제하야 타츠미,,,만화,,https://dongne.co/events/vidol06/circles/121995,제6회 어나더 스테이지,Day2
달야,달야,,,,,1sp,데뷔 못 하면 죽는 병 걸림,,,ALL,,,,일러스트,Dalya_png,https://dongne.co/events/vidol06/circles/122182,제6회 어나더 스테이지,Day2
달야,달야,,,,,1sp,데뷔 못 하면 죽는 병 걸림,,,ALL,,,,일러스트,Dalya_png,https://dongne.co/events/vidol06/circles/122183,제6회 어나더 스테이지,Day2
부슥,삥찌,,,,,1sp,데못죽,어바등,,박문대 선아현,선아현X박문대,,,,bbing_zzi,https://dongne.co/events/vidol06/circles/122078,제6회 어나더 스테이지,Day2
불량×공주,쌀밥,,,,,1sp,앙상블 스타즈,,,"키류쿠로,이츠키슈",키류 쿠로X이츠키 슈,"로맨틱,섹슈얼",,만화,ssalbab_pd,https://dongne.co/events/vidol06/circles/121745,제6회 어나더 스테이지,Day2
속보 ‘엋문 진짜 사귐’,광합성하는 민트,,,,,1sp,데뷔 못 하면 죽는 병 걸림,,,"청려,문대",,로맨틱,청려건우,일러스트,Mint031124,https://dongne.co/events/vidol06/circles/122227,제6회 어나더 스테이지,Day2
부스 낼 각오,과오,,,,,2sp,아이돌리쉬 세븐(아이나나),,,아이나나(그룹) 위주 올캐러,요츠바 타마키X오오사카 소고,"로맨틱,섹슈얼","야마토x미츠키, 나기x미나미","만화,일러스트,소설,기타",IO1R7,https://dongne.co/events/vidol06/circles/121929,제6회 어나더 스테이지,Day2
앟문 안 해요? 앟문 맛있는데...,비노,,,,,1sp,데뷔 못하면 죽는 병 걸림,,,"선아현,박문대",선아현X박문대,"섹슈얼,로맨틱",청려문대,소설,Vino_dmj,https://dongne.co/events/vidol06/circles/121880,제6회 어나더 스테이지,Day2
달의 이면,농약,,,,,1sp,앙스타!!,,,HiMERU 카제하야 타츠미 이츠키 슈 카게히라 미카,,"로맨틱,섹슈얼",발키리,소설,nonyak_enst,https://dongne.co/events/vidol06/circles/121964,제6회 어나더 스테이지,Day2
사과 농장 지키미,짱주,,,,,1sp,데뷔 못 하면 죽는 병 걸림,,,,,,,공예,applefarmsavior,https://dongne.co/events/vidol06/circles/122404,제6회 어나더 스테이지,Day2
일단 뭐든 해낸다,"이의, 니센",,,,,2sp,데뷔 못 하면 죽는 병 걸림,,문대아현쁘띠존 :: Eтєяηαℓ Eяяσя,"박문대,선아현",박문대X선아현,로맨틱,,"소설,만화",iui2127,https://dongne.co/events/vidol06/circles/121822,제6회 어나더 스테이지,Day2
줏대 없는 아이돌장르,메이,,,,,2sp,아이돌리쉬세븐,,,,,,,,,https://dongne.co/events/vidol06/circles/122128,제6회 어나더 스테이지,Day2
국산 오타쿠,피나토,,,,,1sp,데뷔 못하면 죽는 병 걸림,,,,,,,,pinytus,https://dongne.co/events/vidol06/circles/122130,제6회 어나더 스테이지,Day2
젠장 마감을 겨우 해냈다니,루화,,,,,1sp,데뷔 못하면 죽는 병 걸림,,,"테스타,브이틱",청려X문대,해당없음,,"만화,일러스트",apple_pick__pp,https://dongne.co/events/vidol06/circles/122032,제6회 어나더 스테이지,Day2
혀를 내밀면 닿을 거리에서 제가 존경하는 그는,"메리, 지폭",,,,,1sp,앙상블스타즈,,,"스오우 츠카사,츠키나가 레오",스오우 츠카사X츠키나가 레오,"로맨틱,섹슈얼",,,"Merrykasa, jipokk",https://dongne.co/events/vidol06/circles/122100,제6회 어나더 스테이지,Day2
내가 사랑한 남자들,챠비별,,,,,2sp,,,,,,,,,,https://dongne.co/events/vidol06/circles/122068,제6회 어나더 스테이지,Day2
뭐든 하나는 하겠지,킴라,,,,,1sp,앙상블스타즈,,,"카게히라 미카,이츠키 슈",카게히라 미카X이츠키 슈,"섹슈얼,로맨틱",,일러스트,kimla_____,https://dongne.co/events/vidol06/circles/121770,제6회 어나더 스테이지,Day2
문대 보고싶다,살구,,,,,1sp,데뷔 못 하면 죽는 병 걸림,,,박문대,,,,,yukari29_j,https://dongne.co/events/vidol06/circles/121960,제6회 어나더 스테이지,Day2
봄봄 스튜디오,아사,,,,,2sp,플레이브,플레이브,,,,,,영상,ceremony_asa,https://dongne.co/events/vidol06/circles/122373,제6회 어나더 스테이지,Day2
명예 데한민국인,놀란,,,,,1sp,데못죽,,,박문대,,,,,_ww_w0w_w_,https://dongne.co/events/vidol06/circles/121928,제6회 어나더 스테이지,Day2
불법 체류자라도 사랑이 하고... 싶어?,코스,,,,,1sp,앙상블 스타즈!! Music,,닌동쁘띠존 :: 두 사람의 닌자의 길,아야세 마요이,마요이X시노부,"로맨틱,섹슈얼",,"만화,일러스트",kos77337,https://dongne.co/events/vidol06/circles/121865,제6회 어나더 스테이지,Day2
네가 키미노나와 했잖아? 나 야오이 이딴거 안 냈어,"주르광신도, 루요",,,,,2sp,"아이돌리쉬세븐,아이나나",,,"위스마나,야마미츠,올캐러",니카이도 야마토X이즈미 미츠키,"섹슈얼,로맨틱",,"만화,소설,일러스트",saikounosihai,https://dongne.co/events/vidol06/circles/122083,제6회 어나더 스테이지,Day2
만물상,흑당,,,,,1sp,데못죽,,,박문대,,,,,hy830207,https://dongne.co/events/vidol06/circles/122006,제6회 어나더 스테이지,Day2
연결선,메론빵,,,,,1sp,플레이브,,,남예준,,,,소설,,https://dongne.co/events/vidol06/circles/122315,제6회 어나더 스테이지,Day2
참못죽,업보,,,,,2sp,데뷔 못 하면 죽는 병 걸림,,,테스타 포토카드,,,,일러스트,UPBOisCominG,https://dongne.co/events/vidol06/circles/121790,제6회 어나더 스테이지,Day2
안녕하~세~요~!!,염,,,,,2sp,플레이브,,,"예준,노아,밤비,은호,하민",,,,일러스트,YUMMYdeokjil,https://dongne.co/events/vidol06/circles/122278,제6회 어나더 스테이지,Day2
경우의 수,sub,,,,,1sp,앙상블 스타즈,,,"하스미 케이토,사쿠마 레이",사쿠마 레이X하스미 케이토,"섹슈얼,로맨틱",쿠로케이,소설,sub__way,https://dongne.co/events/vidol06/circles/121910,제6회 어나더 스테이지,Day2
홍백을 왜 보냐? 블화가 있는데,somesing,,,,,2sp,아이돌리쉬세븐(아이나나),"데뷔 못 하면 죽는 병 걸림(데못죽),앙상블 스타즈(앙스타)",,,이즈미 이오리X나나세 리쿠,로맨틱,"야마미츠, 타마소우, 가쿠류, 치아미도, 유진래빈(윶랩), 청우배세(청배)","소설,만화",oneyessing,https://dongne.co/events/vidol06/circles/121757,제6회 어나더 스테이지,Day2
닌도롱 또똣,새우깡,,,,,1sp,앙상블 스타즈,,닌동쁘띠존 :: 두 사람의 닌자의 길,"센고쿠 시노부,아야세 마요이,피네",,,,"일러스트,만화",qwerewq1010,https://dongne.co/events/vidol06/circles/122171,제6회 어나더 스테이지,Day2
할멈과 손녀,"가나쵸, 할멈",,,,,2sp,"아이나나,아이돌리쉬세븐",,,"야마토,이오리,피타조",,,,"기타,일러스트,공예",_ghanacho,https://dongne.co/events/vidol06/circles/121996,제6회 어나더 스테이지,Day2
햄스터 찾기 :: 뵤석함,"홍차,헤르츠",,,,,2sp,데뷔못하면죽는병,,,배세진,배세진,"로맨틱,해당없음",,"소설,일러스트,기타",,https://dongne.co/events/vidol06/circles/122332,제6회 어나더 스테이지,Day2
동인은 부스 온 더 씨,지짱,,,,,1sp,아이돌리쉬세븐,,,,,로맨틱,"텐가쿠, 리쿠이오, 소우타마",만화,zizzzzang,https://dongne.co/events/vidol06/circles/122189,제6회 어나더 스테이지,Day2
예로롱 ᕬᕬ ༘♡,서비,,,,,2sp,플레이브,,,,,,,일러스트,s_e_o_bee,https://dongne.co/events/vidol06/circles/122232,제6회 어나더 스테이지,Day2
마음의 방이 너무 많은 보부상,카루시안,,,,,2sp,데못죽,앙상블스타즈!! 러브라이브,,,,,,,,https://dongne.co/events/vidol06/circles/122080,제6회 어나더 스테이지,Day2
뜨거운 부스 활동!,비서,,,,,1sp,아이카츠(아이엠스타),"러브라이브,뱅드림",,"시리즈별 올캐릭터 - 아이카츠 무인편 / 러브라이브 무인,슈퍼스타 / 뱅드림 5밴드",,,,일러스트,GAMPANGPANG_,https://dongne.co/events/vidol06/circles/122308,제6회 어나더 스테이지,Day2
닷떼사 미츠 난다요 옷상,간장,,,,,1sp,아이돌리쉬 세븐(아이나나),A3!,,이즈미 미츠키,니카이도 야마토X이즈미 미츠키,"로맨틱,섹슈얼",,"소설,일러스트",banana_gj01,https://dongne.co/events/vidol06/circles/122086,제6회 어나더 스테이지,Day2
어른이 되면 텐니랑 결혼할래!,프릴,,,,,1sp,아이돌리쉬세븐,,,"쿠죠텐,나나세리쿠",,"로맨틱,섹슈얼",,소설,20190709_i7,https://dongne.co/events/vidol06/circles/121816,제6회 어나더 스테이지,Day2
고독한 대식가,칻,,,,,1sp,앙상블 스타즈,,,"오토가리 아도니스,오오가미 코가",,,,만화,jj_cado,https://dongne.co/events/vidol06/circles/122214,제6회 어나더 스테이지,Day2
다이아 분쇄기,iple,,,,,1sp,앙상블 스타즈!! Music,,,,사쿠마 레이X오오가미 코가,"로맨틱,섹슈얼",,소설,,https://dongne.co/events/vidol06/circles/121810,제6회 어나더 스테이지,Day2
돈없단 말이야,은식,,,,,2sp,아이돌리쉬 세븐,,,,,,,,s4gitt4ri4n,https://dongne.co/events/vidol06/circles/122350,제6회 어나더 스테이지,Day2
부스명 구해요,라미,,,,,1sp,데뷔못하면 죽는병 걸림,,,박문대,,"로맨틱,해당없음",,만화,ram_nyang,https://dongne.co/events/vidol06/circles/122092,제6회 어나더 스테이지,Day2
완벽한 삼각형,.,,,,,1sp,아이돌리쉬 세븐(아이나나),,,트리거(야오토메 가쿠/쿠죠 텐/츠나시 류노스케),,,,일러스트,,https://dongne.co/events/vidol06/circles/122248,제6회 어나더 스테이지,Day2
해보자 애들아,정연,,,,,2sp,데못죽,,,,,,,,jung9401,https://dongne.co/events/vidol06/circles/121794,제6회 어나더 스테이지,Day2
뭐하는 부스야 이거?,"메밀, 올리브",,,,,1sp,아이돌리쉬 세븐,프로젝트 세카이,,"유키,모모,카미시로 루이,쿠사나기 네네",유키X모모,로맨틱,루이네네,"소설,일러스트,기타",memillcharrr,https://dongne.co/events/vidol06/circles/122383,제6회 어나더 스테이지,Day2
그렇게 됐습니다,독구,,,,,1sp,데뷔 못하면 죽는 병 걸림,,,박문대,,,,만화,,https://dongne.co/events/vidol06/circles/122235,제6회 어나더 스테이지,Day2
기타와 오카리나,겜,,,,,1sp,앙상블스타즈!!,,,"오오가미코가,오토가리아도니스",오오가미코가X오토가리아도니스,,,만화,a_morgeta,https://dongne.co/events/vidol06/circles/122290,제6회 어나더 스테이지,Day2
모든걸 삼켜버릴,endlessong,,,,,1sp,데뷔못하면 죽는병 걸림,,,큰문,,해당없음,,"일러스트,만화",lol_monsta_x,https://dongne.co/events/vidol06/circles/122220,제6회 어나더 스테이지,Day2
외로운 쌀떡가게,쌀떡,,,,,1sp,데뷔 못하면 죽는 병 걸림,,,박문대 선아현,선아현X박문대,해당없음,,,ssallddk,https://dongne.co/events/vidol06/circles/121972,제6회 어나더 스테이지,Day2
지뢰를 초월까진 안 했지만 우정 때문에 같부스함,찻,,,,,2sp,"아이돌리쉬세븐(아이나나),히프노시스마이크(히프마이)",,,"버스터브로즈,주르",주르X주르,"로맨틱,섹슈얼","주르 폴리아모리(다자연애), 지로사부, 이치지로","만화,소설,일러스트",_chat_i7,https://dongne.co/events/vidol06/circles/122117,제6회 어나더 스테이지,Day2
컬러풀 스트리트 아이돌 세카이,치즈,,,,,1sp,프로젝트 세카이 컬러풀 스테이지! feat.하츠네 미쿠,,,Vivid BAD SQUAD,시노노메 아키토X아오야기 토우야,로맨틱,,일러스트,,https://dongne.co/events/vidol06/circles/122040,제6회 어나더 스테이지,Day2
우리는 사람들이 나기미츠를 더 해야한다고 생각해,"미아미엘, 옆집사는안경도둑",,,,,2sp,"아이돌리쉬세븐,아이나나,IDOLiSH7",,,"니카이도 야마토,이즈미 미츠키,로쿠야 나기,피타조,아이나나",로쿠야 나기X이즈미 미츠키,로맨틱,"이즈미 미츠키 X 타카나시 츠무기(미츠무), NCP 피타조","만화,기타","MIACENTER_i7, YAMATO_CRAZY",https://dongne.co/events/vidol06/circles/121838,제6회 어나더 스테이지,Day2
동인과 아이나나이트,아이돌흔드는킹블,,,,,4sp,아이돌리쉬세븐,세포신곡,,"올캐러,고딩조,리바레,주르",,섹슈얼,가쿠야마,"일러스트,사진,기타",Hey_sangha,https://dongne.co/events/vidol06/circles/122091,제6회 어나더 스테이지,Day2
로맨틱?? 로맨틱?! 로맨틱!!,코코아,,,,,1sp,"아이돌리쉬 세븐,아이나나",,,"모모,유키",모모X유키,"섹슈얼,로맨틱",,소설,cocoa_mmyk,https://dongne.co/events/vidol06/circles/121779,제6회 어나더 스테이지,Day2
가보자고,하진,,,,,2sp,카리스마,"파라라이,프세카",,,,,,"일러스트,소설",,https://dongne.co/events/vidol06/circles/121887,제6회 어나더 스테이지,Day2
개굴상점,개구리,,,,,1sp,"아이나나,앙스타,플레이브등",솜인형 소품샵,,,,,,공예,geguri_store,https://dongne.co/events/vidol06/circles/122341,제6회 어나더 스테이지,Day2
고기먹기,핑크,,,,,2sp,앙상블스타즈,,,"사쿠마레이,오토가리아도니스,오오가미코가",,"로맨틱,섹슈얼",,"만화,일러스트,기타",pink_ley7,https://dongne.co/events/vidol06/circles/122167,제6회 어나더 스테이지,Day2
네코마마,레이카,,,,,4sp,데뷔 못 하면 죽는 병 걸림,,,"박문대(오른쪽) / 테스타,청려",,,,,rayca01,https://dongne.co/events/vidol06/circles/121756,제6회 어나더 스테이지,Day2
눈복숭아,도로,,,,,1sp,아이돌리쉬세븐,,,,유키X모모,"로맨틱,섹슈얼",,,_i7_do,https://dongne.co/events/vidol06/circles/122390,제6회 어나더 스테이지,Day2
다른아이,나노,,,,,2sp,,,,,,,,공예,,https://dongne.co/events/vidol06/circles/122152,제6회 어나더 스테이지,Day2
당근고래,eyahaha11,,,,,2sp,앙상블 스타즈!! Music,,,마다라 코하쿠,,"로맨틱,섹슈얼",린네마다,,yaho_mst,https://dongne.co/events/vidol06/circles/121924,제6회 어나더 스테이지,Day2
두다다다,두두,,,,,2sp,앙상블스타즈!!,,,,,,,게임,DD_0404,https://dongne.co/events/vidol06/circles/122073,제6회 어나더 스테이지,Day2
딸기도넛,pon,,,,,1sp,아이돌리쉬 세븐,,,,,,,,,https://dongne.co/events/vidol06/circles/121777,제6회 어나더 스테이지,Day2
배놀밴놀,평붓,,,,,2sp,프롬 아르고나비스,,,,,로맨틱,,"만화,일러스트",flat_brush_argn,https://dongne.co/events/vidol06/circles/122273,제6회 어나더 스테이지,Day2
쁘띠뽀짝,뽀짝쿵야,,,,,2sp,플레이브,데못죽,,,,,,일러스트,BBoJJaKKyu,https://dongne.co/events/vidol06/circles/121846,제6회 어나더 스테이지,Day2
생선구이,냐꾸루,,,,,1sp,앙상블 스타즈,,,"신카이 카나타,모리사와 치아키",신카이 카나타X모리사와 치아키,로맨틱,,만화,kanachiaki,https://dongne.co/events/vidol06/circles/121796,제6회 어나더 스테이지,Day2
순봉이네,박순봉,,,,,1sp,앙상블스타즈,,,크레이지비,,,,만화,,https://dongne.co/events/vidol06/circles/122336,제6회 어나더 스테이지,Day2
열혈반점,소지,,,,,2sp,앙상블 스타즈!! Music,,,나구모 테토라,나구모 테토라X키류 쿠로,,테츠쿠로,"만화,일러스트",draca2na,https://dongne.co/events/vidol06/circles/121801,제6회 어나더 스테이지,Day2
오릴리리,코지,,,,,1sp,데못죽,플레이브,,,,,,,,https://dongne.co/events/vidol06/circles/122195,제6회 어나더 스테이지,Day2
왕코이즘,나루세,,,,,1sp,앙상블 스타즈(앙스타),,,,사쿠마 레이X오오가미 코가,,,"만화,일러스트",,https://dongne.co/events/vidol06/circles/121736,제6회 어나더 스테이지,Day2
이리와요,양갱,,,,,1sp,플레이브,,,올캐릭터,,,,일러스트,ukgaeng,https://dongne.co/events/vidol06/circles/121983,제6회 어나더 스테이지,Day2
잡동사니,로윈,,,,,1sp,"프로세카,데못죽",,,,,,,,applecheckmate,https://dongne.co/events/vidol06/circles/121879,제6회 어나더 스테이지,Day2
잡아본다,하얀악마,,,,,1sp,,,,,,,,,,https://dongne.co/events/vidol06/circles/121955,제6회 어나더 스테이지,Day2
장작부족,뱅쇼,,,,,1sp,데뷔 못 하면 죽는 병 걸림,,,"선아현,박문대,김래빈,차유진",선아현X박문대,섹슈얼,"차유진x김래빈, 유진래빈",소설,classsscallion,https://dongne.co/events/vidol06/circles/121793,제6회 어나더 스테이지,Day2
칠색버튼,람님,,,,,1sp,앙상블스타즈,아이카츠,,"아마기 히이로,시라토리 아이라",히이로X아이라,로맨틱,세나아카,만화,"ramsama, _es",https://dongne.co/events/vidol06/circles/121742,제6회 어나더 스테이지,Day2
킹갓연합,cko,,,,,2sp,플레이브,파라라이,,"수라,야차,히이,아이",히이X아이,섹슈얼,"예준X노아,수라♥야차","일러스트,만화","vecaveny, jjinmi2211",https://dongne.co/events/vidol06/circles/122382,제6회 어나더 스테이지,Day2
토끼농장,지구탈출,,,,,2sp,앙상블 스타즈!!(앙스타),프로젝트 세카이(프세카),,"HiMERU,아야세 마요이,카제하야 타츠미",,,HiMERU×카제하야 타츠미,"소설,만화",jigutalchul,https://dongne.co/events/vidol06/circles/122277,제6회 어나더 스테이지,Day2
팔랑팔랑,쏘,,,,,1sp,데뷔 못 하면 죽는 병 걸림,,문대아현쁘띠존 :: Eтєяηαℓ Eяяσя,"박문대,선아현",박문대X선아현,,,,,https://dongne.co/events/vidol06/circles/121847,제6회 어나더 스테이지,Day2
팡팡랜드,괴도팡,,,,,2sp,플레이브,데뷔 못하면 죽는 병에 걸림,,,,,,,LUKAPANG__9158,https://dongne.co/events/vidol06/circles/121939,제6회 어나더 스테이지,Day2
해피콩이,아스,,,,,1sp,데뷔못하면 죽는병 걸림,,,테스타,,,,일러스트,ucl__gm,https://dongne.co/events/vidol06/circles/122226,제6회 어나더 스테이지,Day2
마요시노 ,핫도그 ,,,,,1sp,앙상블스타즈,,닌동쁘띠존 :: 두 사람의 닌자의 길,아야세마요이,마요이X시노부,"로맨틱,섹슈얼",,"만화,일러스트",HOTDOG_nopickle,https://dongne.co/events/vidol06/circles/122161,제6회 어나더 스테이지,Day2
아이돌만 세 장르 잡고 통장을 잃음,"유타페, 루벨릭",,,,,2sp,데뷔 못 하면 죽는 병 걸림,"앙상블 스타즈!! Music,아이돌리쉬세븐,앙스타,아이나나,데못죽",,,류청우X배세진,"로맨틱,섹슈얼",유키모모,"소설,일러스트",,https://dongne.co/events/vidol06/circles/121778,제6회 어나더 스테이지,Day2
머메이드 블루,물고기이이,,,,,1sp,앙상블스타즈,,,,,,,,,https://dongne.co/events/vidol06/circles/121750,제6회 어나더 스테이지,Day2
모짜렐라 치즈,팔칠,,,,,1sp,앙상블 스타즈,,,,,,,일러스트,PALCHIL_7,https://dongne.co/events/vidol06/circles/121980,제6회 어나더 스테이지,Day2
야마무라 소바 서울지점,미쿠리,,,,,2sp,아이돌리쉬세븐,플레이브,,,이누마루 토우마X나나세 리쿠,로맨틱,,일러스트,MIKURI_0826,https://dongne.co/events/vidol06/circles/121795,제6회 어나더 스테이지,Day2
후배님은 무슨 그런말을 밥 볶으면서 해요,쥑,,,,,2sp,데뷔 못하면 죽는 병 걸림,,,,청려X문대,로맨틱,청려건우,,dangu83856063,https://dongne.co/events/vidol06/circles/122343,제6회 어나더 스테이지,Day2
데한민국 국내산,전망,,,,,2sp,데뷔 못 하면 죽는 병 걸림,,,"배세진,류청우,선아현,이세진,박문대,차유진,김래빈",,,,,_jeonamng,https://dongne.co/events/vidol06/circles/122033,제6회 어나더 스테이지,Day2
돌아이도 돌이다,매복사랑니,,,,,2sp,천마돌(천마는 아이돌이 되었다),,,"당사천,점소의",당사천X점소의,"로맨틱,섹슈얼",,,aoqhrtkfkdsl,https://dongne.co/events/vidol06/circles/122041,제6회 어나더 스테이지,Day2
언망진창 배덕의 부스,앙타블,,,,,2sp,앙상블스타즈,,,오오가미코가,,"섹슈얼,로맨틱","레이카오, 레이아도, 레이코가","만화,일러스트",Angbri17,https://dongne.co/events/vidol06/circles/121819,제6회 어나더 스테이지,Day2
타카나시 가쿠가 간다,짱바보,,,,,2sp,아이돌리쉬 세븐 (아이나나),,,"야오토메 가쿠,타카나시 츠무기",,"로맨틱,섹슈얼",가쿠츠무,"만화,기타",jjangbabo_,https://dongne.co/events/vidol06/circles/121841,제6회 어나더 스테이지,Day2
호리유코 바이럴 부스,남오 ,,,,,1sp,데못죽,아이돌마스터 프세카,,,,,,기타,n5amo,https://dongne.co/events/vidol06/circles/122203,제6회 어나더 스테이지,Day2
풀콤하다 빡쳐서 굿즈낸다,티라,,,,,2sp,아이돌리쉬세븐,,,,,,,,Ti_Tira_,https://dongne.co/events/vidol06/circles/122134,제6회 어나더 스테이지,Day2
디그록이 디페에 나온다고요..?,서롸,,,,,1sp,DIG-ROCK,아이돌리쉬세븐,,미즈카와 토키,,로맨틱,"이오리쿠, 미츠이오, 텐리쿠","만화,일러스트",ZDSM_iiS2,https://dongne.co/events/vidol06/circles/122216,제6회 어나더 스테이지,Day2
논컾부터 근친까지,"바보개, 둥근해",,,,,2sp,아이돌리쉬세븐,,,"이즈미 이오리,이즈미 미츠키,올캐릭터",,로맨틱,"미츠이오미츠, ncp올캐",만화,,https://dongne.co/events/vidol06/circles/122302,제6회 어나더 스테이지,Day2
데못죽은 영원하다,메리메무리,,,,,1sp,데못죽,,,박문대,,,,소설,cookylove19,https://dongne.co/events/vidol06/circles/121858,제6회 어나더 스테이지,Day2
뭉대뭉대 레진공방,새얀,,,,,2sp,데못죽,,,"박문대,테스타",,,,"공예,기타",byeol_05__,https://dongne.co/events/vidol06/circles/122259,제6회 어나더 스테이지,Day2
산지직송 회지맛집,새,,,,,2sp,데뷔 못 하면 죽는 병 걸림,,,박문대,막내즈X문대,"로맨틱,섹슈얼",문대른,"만화,일러스트",5ngBird,https://dongne.co/events/vidol06/circles/122200,제6회 어나더 스테이지,Day2
주르님이 보고계셔,"스뎅, 이끼끼",,,,,2sp,아이돌리쉬세븐,,,"주르,아이나나",,,,"일러스트,만화,소설,기타","STAiN__7, recyclenono",https://dongne.co/events/vidol06/circles/122357,제6회 어나더 스테이지,Day2
레이코가 앤솔로지 홍보 ,하프,,,,,2sp,앙상블 스타즈,,,"사쿠마 레이,오오가미 코가",,로맨틱,,,reko_half,https://dongne.co/events/vidol06/circles/121993,제6회 어나더 스테이지,Day2
문앟러는 여름에도 핫초코,무새,,,,,1sp,데뷔 못 하면 죽는 병 걸림,,문대아현쁘띠존 :: Eтєяηαℓ Eяяσя,"박문대,류건우,선아현",박문대X선아현,"로맨틱,섹슈얼",건우아현,소설,seoglyuking,https://dongne.co/events/vidol06/circles/122084,제6회 어나더 스테이지,Day2
노래하는 쌍둥이의 스위츠 카페,희망,,,,,2sp,아이돌리쉬세븐,보컬로이드,,"쿠죠 텐,나나세 리쿠,카가미네 린,카가미네 렌",쿠죠 텐X나나세 리쿠,로맨틱,린&렌,"만화,일러스트",hope_118,https://dongne.co/events/vidol06/circles/122365,제6회 어나더 스테이지,Day2
나에게도 보여죠라..,알림창,,,,,1sp,,데못죽,,,,,,,,https://dongne.co/events/vidol06/circles/122011,제6회 어나더 스테이지,Day2
매일매일 데못죽하기,가람가람,,,,,2sp,데못죽,,,데못죽 테스타 브이틱,,,,공예,ZYri_CS,https://dongne.co/events/vidol06/circles/121923,제6회 어나더 스테이지,Day2
모시모시 망녕다케도,망녕,,,,,1sp,아이나나,,,리바레/주르,,,,일러스트,Boo_my_00,https://dongne.co/events/vidol06/circles/122181,제6회 어나더 스테이지,Day2
모시모시 오레다케도,뽀꼬,,,,,1sp,아이돌리쉬세븐,,,쿠죠 텐,,,,만화,bbokko_19,https://dongne.co/events/vidol06/circles/121868,제6회 어나더 스테이지,Day2
연애설은 독이라지만 같은 그룹이면 세이프 아닐까요?,사과,,,,,1sp,데뷔 못 하면 죽는 병 걸림,,,"박문대,이세진,선아현(동갑즈)",문대X세진,로맨틱,"세진문대, 아현문대, 문대아현","소설,일러스트",Debut0228_ago,https://dongne.co/events/vidol06/circles/122328,제6회 어나더 스테이지,Day2
자강두천 아이돌들의 순애주의보,"세르크, 리베, 으악",,,,,2sp,데뷔 못 하면 죽는 병 걸림,,,"박문대,청려",박문대X청려,"로맨틱,섹슈얼","문왼, 엋른",소설,"MDCR_Serk, MyLiebeLove, TiCa_5678",https://dongne.co/events/vidol06/circles/121904,제6회 어나더 스테이지,Day2
주간문춘 샤이닝사무소 특집호,아야,,,,,1sp,노래의 왕자님(우타프리),,,진구지 렌(드림),코토부키 레이지X쿠로사키 란마루,,,소설,"RoseirisRomance, 0713x0929",https://dongne.co/events/vidol06/circles/122123,제6회 어나더 스테이지,Day2
"젊은이들, 불타올라보자",우샤,,,,,1sp,아이돌리쉬세븐 (아이나나),데못죽,,"유키,모모",유키X모모,로맨틱,"이오리쿠, 논씨피 등",일러스트,Usha_moRE_i7,https://dongne.co/events/vidol06/circles/122122,제6회 어나더 스테이지,Day2
제당슈만(제가당신을슈퍼마감러로만들어드리겠습니다),우데,,,,,2sp,아이돌리쉬세븐,x,,아이돌리쉬세븐 올캐릭터,,,,"만화,일러스트",Udede_asas,https://dongne.co/events/vidol06/circles/122292,제6회 어나더 스테이지,Day2
문어구이+휘옌,문어구이,,,,,4sp,데뷔 못 하면 죽는 병 걸림,"화산귀환,광마회귀",,"박문대,선아현,테스타",선아현X박문대,섹슈얼,"문대른, 자하른, 청명른","만화,일러스트","moonuuh, Hwiyyen",https://dongne.co/events/vidol06/circles/121942,제6회 어나더 스테이지,Day2
닌동지박령,닥페,,,,,1sp,앙상블 스타즈!! Music,,닌동쁘띠존 :: 두 사람의 닌자의 길,,아야세 마요이X센고쿠 시노부,로맨틱,,,DrP3_,https://dongne.co/events/vidol06/circles/122116,제6회 어나더 스테이지,Day2
데못죽하자,"시우, 챠이",,,,,2sp,데뷔 못하면 죽는 병 걸림,최애의 아이,,,,,,일러스트,"hamtldn, CHA_E_moum",https://dongne.co/events/vidol06/circles/122305,제6회 어나더 스테이지,Day2
도토리카페,riri,,,,,1sp,앙상블 스타즈,프로젝트 세카이,,나루카미 아라시,,,,"만화,일러스트",remi_riri,https://dongne.co/events/vidol06/circles/121739,제6회 어나더 스테이지,Day2
문대굴대굴,판다군,,,,,1sp,데못죽,,,박문대,청려X문대,,큰세문대,"만화,일러스트",pandagoonS,https://dongne.co/events/vidol06/circles/121813,제6회 어나더 스테이지,Day2
미적지근한,오트,,,,,1sp,데뷔못하면 죽는 병 걸림,,,"차유진,김래빈",차유진X김래빈,"로맨틱,섹슈얼",,소설,oooyr_mill,https://dongne.co/events/vidol06/circles/121772,제6회 어나더 스테이지,Day2
애플블로썸,소내,,,,,1sp,데못죽,초심돌,,,,,,일러스트,,https://dongne.co/events/vidol06/circles/121763,제6회 어나더 스테이지,Day2
젤리보관함,냥젤,,,,,1sp,데뷔 못 하면 죽는 병 걸림,,,테스타,,,,,NYAN_zzell,https://dongne.co/events/vidol06/circles/121815,제6회 어나더 스테이지,Day2
털날림부스,"아지트,모냐, 븝, 휘월",,,,,2sp,아이나나(아이돌리쉬세븐),"프세카(프로젝트세카이),데못죽(데뷔못하면죽는병걸림)",,"유키,모모,토우마,토라오,리바레,주르,루이,네네,박문대,신청려,테스타",,로맨틱,,일러스트,"azit_, MONYA_I7, beub342748, Hwiwol",https://dongne.co/events/vidol06/circles/122004,제6회 어나더 스테이지,Day2
햇님잡화점,나기,,,,,2sp,데못죽.플레이브,플레이브,,,,,,,,https://dongne.co/events/vidol06/circles/122019,제6회 어나더 스테이지,Day2
유키모모를 믿기 / 모모유키를 믿기 ,"에라빌, 여명",,,,,1sp,아이돌리쉬 세븐,,,"유키,모모,리바레",유키X모모,로맨틱,"모모유키, etc","소설,만화",elaver_i7,https://dongne.co/events/vidol06/circles/122356,제6회 어나더 스테이지,Day2
못죽비빔밥 전문점,"심덕,사치",,,,,2sp,데뷔 못 하면 죽는 병 걸림,데못죽,,"테스타,브이틱,청려,박문대",청려X문대,해당없음,,일러스트,v_v22825,https://dongne.co/events/vidol06/circles/122212,제6회 어나더 스테이지,Day2
원더호이맛 별사탕,"세르웬, 스잇",,,,,2sp,프로젝트 세카이,,,,텐마 츠카사X오오토리 에무,,루이네네,"만화,일러스트",serrewen,https://dongne.co/events/vidol06/circles/121848,제6회 어나더 스테이지,Day2
이렇게까지 사랑할 생각은 아니었는데,✿,,,,,1sp,PLAVE,,,,,로맨틱,,,cuttiebb52,https://dongne.co/events/vidol06/circles/121771,제6회 어나더 스테이지,Day2
반부스되면 뭐라도 가져갈게요,챠코,,,,,1sp,데못죽,데못죽,,데못죽,,해당없음,,,ChaKo_uoou,https://dongne.co/events/vidol06/circles/122230,제6회 어나더 스테이지,Day2
아이나나와 함께해요,무야,,,,,2sp,아이돌리쉬세븐,,,"요츠바 타마키,오오사카 소고 등",,,,일러스트,muya_say,https://dongne.co/events/vidol06/circles/122271,제6회 어나더 스테이지,Day2
라이멘테이 서울본점 ~일일메이드 이누카이유토 정상근무중~,"검청, 브렐라",,,,,2sp,파라독스 라이브,,,,수라X야차,,"시온유토, 케이쇼고",,geomcheong,https://dongne.co/events/vidol06/circles/122313,제6회 어나더 스테이지,Day2
오레타치노 나마에오 욘데쿠레!,4MUD,,,,,2sp,아이돌리쉬세븐,,,"미나미,주르,등등",,,,"만화,일러스트",i7_4mud,https://dongne.co/events/vidol06/circles/121740,제6회 어나더 스테이지,Day2
마른하늘에 아마기린네,생계형마리모,,,,,1sp,앙상블스타즈,,,아마기 린네,아마기 린네X드림주,"섹슈얼,로맨틱",린니키,,rfa_marimo,https://dongne.co/events/vidol06/circles/122254,제6회 어나더 스테이지,Day2
러뷰어셀프 브이틱라이프,cp,,,,,2sp,데뷔 못하면 죽는 병 걸림,,,,,해당없음,류청우X배세진,,oh_my_cp,https://dongne.co/events/vidol06/circles/121877,제6회 어나더 스테이지,Day2
동생위하는형,"줏시, 가짜혜지",,,,,2sp,아이돌리쉬세븐,,,"이즈미 이오리,이즈미 미츠키,나나세 리쿠,쿠죠 텐",,"로맨틱,섹슈얼,해당없음",이오미츠이오,"만화,일러스트,기타",dk_nana11,https://dongne.co/events/vidol06/circles/121999,제6회 어나더 스테이지,Day2
부스명뭐하지,ㅎㅅ,,,,,1sp,데못죽,,,박문대,,,,만화,,https://dongne.co/events/vidol06/circles/121786,제6회 어나더 스테이지,Day2
선아현사랑해,아이,,,,,1sp,,,문대아현쁘띠존 :: Eтєяηαℓ Eяяσя,,,,,,,https://dongne.co/events/vidol06/circles/122233,제6회 어나더 스테이지,Day2
언데드할머니,우유,,,,,1sp,앙상블스타즈!!,,,"오오가미 코가,오토가리 아도니스",오오가미코가X오토가리아도니스,"로맨틱,섹슈얼",,"만화,기타",anggguuu,https://dongne.co/events/vidol06/circles/121766,제6회 어나더 스테이지,Day2
우유푸딩제과,김펠,,,,,2sp,"히프노시스 마이크,카리스마하우스",아이돌리쉬 세븐,,"히후미,돗포,후미야,리카이,유키,모모",이자나미 히후미X칸논자카 돗포,로맨틱,"후미리카, 유키모모",,"5R8BnQo8avHXmhX, 0ternity",https://dongne.co/events/vidol06/circles/122098,제6회 어나더 스테이지,Day2
쥑상블스타즈,아리,,,,,2sp,앙상블 스타즈!! Music,,,"나이츠,발키리",,로맨틱,미카슈,"만화,일러스트,소설,공예",pioypi_opo,https://dongne.co/events/vidol06/circles/122272,제6회 어나더 스테이지,Day2
츸레하게해줘,동풍,,,,,2sp,,,,,,,,,,https://dongne.co/events/vidol06/circles/121833,제6회 어나더 스테이지,Day2
플리나가신다,해안구,,,,,2sp,,,,,,,,,HAG_52,https://dongne.co/events/vidol06/circles/121918,제6회 어나더 스테이지,Day2
피로쓰인혈서,모시삼베,,,,,1sp,앙상블스타즈,,,"사쿠마 레이,안즈",레이X안즈,로맨틱,,만화,_MEETPIANO,https://dongne.co/events/vidol06/circles/122345,제6회 어나더 스테이지,Day2
무낫무낫하게 해·줄·게☆,"낑깡까미,황태",,,,,2sp,데뷔 못하면 죽는 병 걸림,,문대아현쁘띠존 :: Eтєяηαℓ Eяяσя,"박문대,선아현",박문대X선아현,"로맨틱,섹슈얼","건우아현,래빈유진","만화,일러스트",kingkami1,https://dongne.co/events/vidol06/circles/122038,제6회 어나더 스테이지,Day2
데한민국으로 이주 각,애플민트,,,,,2sp,데뷔못하면죽는병걸림,,,,,,,,apple_min_t_,https://dongne.co/events/vidol06/circles/121916,제6회 어나더 스테이지,Day2
농업회사법인 주식회사 눈복숭아 제작소,나보,,,,,2sp,아이돌리쉬 세븐,,,"유키,모모",유키X모모,"로맨틱,섹슈얼",,,nabo_hibike_ss,https://dongne.co/events/vidol06/circles/121744,제6회 어나더 스테이지,Day2
앙상블게이와 프로젝트 레즈세카이,딸기,,,,,1sp,앙상블스타즈,프로젝트 세카이,,"시라토리 아이라,아마기 히이로,쿠사나기 네네,오오토리 에무",아마기 히이로X시라토리 아이라,로맨틱,네네에무,"만화,일러스트",mint_berry__,https://dongne.co/events/vidol06/circles/121978,제6회 어나더 스테이지,Day2
이장님아들이 농협아가씨에게만 경운기를 태워준 이유,강원창,,,,,2sp,아이돌리쉬세븐,,,,니카이도 야마토X이즈미 미츠키,로맨틱,,만화,K1chang,https://dongne.co/events/vidol06/circles/121817,제6회 어나더 스테이지,Day2
데못죽을사랑해,파랑새,,,,,1sp,데뷔 못 하면 죽는 병 걸림,,,"청려,박문대,선아현",청려X박문대,로맨틱,,"공예,일러스트",,https://dongne.co/events/vidol06/circles/122287,제6회 어나더 스테이지,Day2
마감못할것같다,.,,,,,1sp,앙상블 스타즈,,,.,타카미네 미도리X후시미 유즈루,해당없음,,"만화,일러스트,기타",,https://dongne.co/events/vidol06/circles/121827,제6회 어나더 스테이지,Day2
말랑촉촉사과떡,나이닌,,,,,1sp,데뷔 못 하면 죽는 병 걸림,,,,,,,,,https://dongne.co/events/vidol06/circles/122053,제6회 어나더 스테이지,Day2
망가돌리쉬세븐,U,,,,,1sp,아이돌리쉬 세븐(아이나나),,,"나츠메 미나미,이스미 하루카,이즈미 미츠키,이즈미 이오리,쿠죠 텐,나나세 리쿠",나츠메 미나미X이스미 하루카,로맨틱,"이오미츠이오, 텐리쿠텐","만화,일러스트",z_zzz612,https://dongne.co/events/vidol06/circles/121732,제6회 어나더 스테이지,Day2
매지컬유니버스,매유,,,,,2sp,앙상블스타즈 뱅드림,,,,,,,,,https://dongne.co/events/vidol06/circles/121963,제6회 어나더 스테이지,Day2
뭘해야될까요…,백언,,,,,1sp,데못죽,,,박문대,,,,"일러스트,소설",qordjs__s,https://dongne.co/events/vidol06/circles/122079,제6회 어나더 스테이지,Day2
불효자어머니회,홍실,,,,,2sp,데뷔 못 하면 죽는 병 걸림,,,"차유진,김래빈",차유진X김래빈,"로맨틱,섹슈얼",,"소설,기타",hongsil6,https://dongne.co/events/vidol06/circles/122392,제6회 어나더 스테이지,Day2
슈뢰딩거의부스,KIM,,,,,1sp,데못죽,,,,,,,,,https://dongne.co/events/vidol06/circles/122224,제6회 어나더 스테이지,Day2
아무커플대잔치,"집주인, 톨렝",,,,,2sp,데못죽,,,배세진,박문대X배세진,로맨틱,,"만화,소설",juin_i7,https://dongne.co/events/vidol06/circles/121734,제6회 어나더 스테이지,Day2
앟문은사랑을해,혀니,,,,,1sp,데뷔 못 하면 죽는 병 걸림,,,"선아현,박문대",,"로맨틱,섹슈얼",선아현X류건우,소설,wagibambi,https://dongne.co/events/vidol06/circles/122174,제6회 어나더 스테이지,Day2
아기공지지연합 ,"메롱,수도",,,,,2sp,아이돌리쉬세븐,,,,요츠바 타마키X오오사카 소고,로맨틱,모모유키 ,"만화,소설",fvnana047,https://dongne.co/events/vidol06/circles/121895,제6회 어나더 스테이지,Day2
뭐라도나오는부스,검사,,,,,2sp,아이돌리쉬세븐,,,"이스미 하루카,나츠메 미나미",이스미 하루카X나츠메 미나미,"섹슈얼,로맨틱",,,gogigogiz,https://dongne.co/events/vidol06/circles/121747,제6회 어나더 스테이지,Day2
사랑의♡야타반점,swh,,,,,2sp,플레이브,,,"플레이브 은호,밤비",,,,일러스트,swh_nn,https://dongne.co/events/vidol06/circles/122244,제6회 어나더 스테이지,Day2
아기토끼보호협회,와자뵤,,,,,2sp,데뷔못하면 죽는병걸림,"프세카,데레마스",,,,,,,wazabyo_t,https://dongne.co/events/vidol06/circles/122021,제6회 어나더 스테이지,Day2
어떻게그룹명이쫄?,다판,,,,,1sp,아이돌리쉬세븐,,,,,로맨틱,,"만화,기타",1ganadara,https://dongne.co/events/vidol06/circles/121830,제6회 어나더 스테이지,Day2
그룹내연애적극지지,무씨,,,,,1sp,아이돌리쉬세븐(아이나나),,,"모모,유키,이즈미 이오리,이즈미 미츠키",모모X유키,"로맨틱,섹슈얼",이즈미형제,만화,mussinana7,https://dongne.co/events/vidol06/circles/122406,제6회 어나더 스테이지,Day2
이스밍의디저트타임,아가창,,,,,1sp,아이나나,수공예,,주르아이나나트리거리바레,,,,"일러스트,공예",baby_cream1004,https://dongne.co/events/vidol06/circles/122301,제6회 어나더 스테이지,Day2
쿠로슈동양풍전문점,달강,,,,,1sp,앙상블스타즈!!,,,"키류쿠로,이츠키슈",키류쿠로X이츠키슈,로맨틱,-,소설,ks_dotteller,https://dongne.co/events/vidol06/circles/122179,제6회 어나더 스테이지,Day2
유메노사키불주먹닌자,"먀ミャ, 누ぬー",,,,,2sp,앙상블 스타즈!! Music,,닌동쁘띠존 :: 두 사람의 닌자의 길,"아야세 마요이,센고쿠 시노부",,,,"만화,일러스트,기타","Megu_unnya, 160x174",https://dongne.co/events/vidol06/circles/122158,제6회 어나더 스테이지,Day2
푸딩돼지와주르와갘씀,단미,,,,,2sp,아이돌리쉬7,,,요츠바 타마키/주르,,로맨틱,,,Daily_Danmi,https://dongne.co/events/vidol06/circles/121987,제6회 어나더 스테이지,Day2
푸른바다수산협동조합,"토푸, 가을, 라탕",,,,,2sp,"앙상블 스타즈(앙스타),프로젝트 세카이(프로세카)","카리스마,아이돌리쉬 세븐(아이나나)",,"유성대,신카이 카나타,모리사와 치아키",신카이 카나타X모리사와 치아키,,,"만화,일러스트","ssamanko030, es_Ryusei",https://dongne.co/events/vidol06/circles/122088,제6회 어나더 스테이지,Day2
호랑아멍멍이물면못써,랜걸,,,,,1sp,"아이돌리쉬세븐,아이나나",,,이누마루 토우마,,,,소설,rinmrfg,https://dongne.co/events/vidol06/circles/121860,제6회 어나더 스테이지,Day2
어디서타는냄새안나요?,물렁,,,,,1sp,데뷔못하면죽는병걸림 데못죽,,,테스타 박문대 선아현 이세진,,,,"일러스트,기타",,https://dongne.co/events/vidol06/circles/121869,제6회 어나더 스테이지,Day2
언제나이기는우상의화신,오티엘라,,,,,2sp,데뷔못하면죽는병걸림,,,"청려,채율,신오,주단,류건우",,"로맨틱,섹슈얼",청려른,,D_omnivereating,https://dongne.co/events/vidol06/circles/122101,제6회 어나더 스테이지,Day2
저는복수아이돌이좋아요.,단부,,,,,1sp,아이돌리쉬 세븐,,,아이나나 올캐릭,,,,"일러스트,사진",dandaridandan,https://dongne.co/events/vidol06/circles/122268,제6회 어나더 스테이지,Day2
닭갈비집술집에서말없던사람,방방,,,,,2sp,아이나나(아이돌리쉬 세븐),마호야쿠(마법사의 약속),,"ZOOL(주르),미도 토라오,올캐러(희망사항)",,,,일러스트,,https://dongne.co/events/vidol06/circles/122003,제6회 어나더 스테이지,Day2
근친부터폴리아모리까지다해주는장르,엔,,,,,1sp,"아이돌리쉬 세븐,아이나나",,,"이스미 하루카,나츠메 미나미",,,,소설,en79_in,https://dongne.co/events/vidol06/circles/122035,제6회 어나더 스테이지,Day2
아도코가사귀는거온세상이다아는데지들만모른다,오기,,,,,2sp,앙상블스타즈,,,,,,,,kimoggi_,https://dongne.co/events/vidol06/circles/122283,제6회 어나더 스테이지,Day2
아마기리 하지메 퇴진 1인 시위,루,,,,,1sp,하나돌,,,"히나기 루이,카라스마 아게하",히나기 루이X카라스마 아게하,해당없음,,"소설,일러스트",wjaudehwh,https://dongne.co/events/vidol06/circles/122288,제6회 어나더 스테이지,Day2
사랑으로 가는 108걸음,퓨리,,,,,1sp,,,,,,,,,,https://dongne.co/events/vidol06/circles/121812,제6회 어나더 스테이지,Day2
아방공협회 108지부,믕시,,,,,1sp,아이돌리쉬세븐,,,"야오토메 가쿠,쿠죠 텐,츠나시 류노스케",츠나시 류노스케X야오토메 가쿠,로맨틱,,만화,msi8isiii,https://dongne.co/events/vidol06/circles/121990,제6회 어나더 스테이지,Day2
1100년전통의3분카레전문점,민카레,,,,,1sp,아이돌리쉬 세븐,,,"유키,모모",유키X모모,로맨틱,,,,https://dongne.co/events/vidol06/circles/122145,제6회 어나더 스테이지,Day2
몸은 하난데 업무는 2배네...,먀뮹,,,,,2sp,파라라이,"아이나나,데못죽",,"코즈메즈,리바레",,,,일러스트,mamooa_,https://dongne.co/events/vidol06/circles/122242,제6회 어나더 스테이지,Day2
2023 쥰 생카 전프레 무료나눔,하릴,,,,,1sp,앙상블 스타즈,,,사자나미 쥰,,,,"일러스트,기타",serce4245,https://dongne.co/events/vidol06/circles/122397,제6회 어나더 스테이지,Day2
와~ 또 아이돌오빠들만 쳐다보다가 3년이 흘렀네요,부스명할거없어서슬픔,,,,,2sp,아이돌리쉬세븐,,,,,,,,,https://dongne.co/events/vidol06/circles/122061,제6회 어나더 스테이지,Day2
이 남자들이 4번 싸우고 5번 사랑하는 방법,화비,,,,,1sp,아이돌리쉬세븐(아이나나),,,"요츠바 타마키,오오사카 소고",요츠바 타마키X오오사카 소고,로맨틱,,"일러스트,만화",HWABi7_iLM45,https://dongne.co/events/vidol06/circles/122166,제6회 어나더 스테이지,Day2
8-26LOVER,Ricky,,,,,1sp,아이돌리쉬세븐(아이나나),,,"야오토메 가쿠,타카나시 츠무기",,"로맨틱,섹슈얼",,만화,o_w_free,https://dongne.co/events/vidol06/circles/121824,제6회 어나더 스테이지,Day2
888 정육점,08,,,,,2sp,앙상블스타즈,,,,,"섹슈얼,로맨틱",,"만화,일러스트",,https://dongne.co/events/vidol06/circles/121950,제6회 어나더 스테이지,Day2
Adularescence,털탱,,,,,1sp,아이돌리쉬 세븐,,,오오사카 소고,요츠바 타마키X오오사카 소고,로맨틱,,"만화,일러스트",i7fur,https://dongne.co/events/vidol06/circles/121892,제6회 어나더 스테이지,Day2
아스테라(ASTERRA),주예명,,,,,1sp,플레이브,,,예준 노아 밤비 은호 하민,,,,소설,yerorong0312,https://dongne.co/events/vidol06/circles/122163,제6회 어나더 스테이지,Day2
BlackHole,희원,,,,,1sp,데뷔 못 하면 죽는 병 걸림,,,,차유진X김래빈,"로맨틱,섹슈얼",,,,https://dongne.co/events/vidol06/circles/121905,제6회 어나더 스테이지,Day2
CRAYON BOX,크레용,,,,,1sp,아이돌리쉬세븐,,,"야오토메 가쿠,쿠죠 텐,츠나시 류노스케",야오토메 가쿠X쿠죠 텐,섹슈얼,츠나시 류노스케 x 쿠죠 텐,"만화,일러스트",crayon0321,https://dongne.co/events/vidol06/circles/121787,제6회 어나더 스테이지,Day2
이오리쿠 나옵니다:D,"릴리, 챠",,,,,1sp,"아이돌리쉬 세븐,아이나나",,,"이즈미 이오리,나나세 리쿠,쿠죠 텐,올캐러",이즈미 이오리X나나세 리쿠,로맨틱,"텐리쿠, 논씨피","만화,일러스트,소설,기타",LillyChouChou13,https://dongne.co/events/vidol06/circles/121982,제6회 어나더 스테이지,Day2
Double Face의 노예,노예,,,,,1sp,앙상블스타즈,,,"오우카와 코하쿠,미케지마 마다라 (더블페이스 위주)",,"로맨틱,섹슈얼",X,"만화,일러스트",amolajinzza,https://dongne.co/events/vidol06/circles/122402,제6회 어나더 스테이지,Day2
아이돌프로듀서의 우정은 D/Zeal때까지...,왁새,,,,,1sp,아이돌 마스터 밀리언 라이브! 시어터 데이즈 (밀리시타),,,"줄리아,모가미 시즈카",줄리아X모가미 시즈카,로맨틱,,"만화,기타",waksaeP,https://dongne.co/events/vidol06/circles/122367,제6회 어나더 스테이지,Day2
Golden slumber,안,,,,,1sp,데뷔 못 하면 죽는 병 걸림,,,,박문대X청려,,,만화,,https://dongne.co/events/vidol06/circles/122409,제6회 어나더 스테이지,Day2
문ㄷH의 ㅋrSS테Zr,보메,,,,,2sp,데뷔 못 하면 죽는 병 걸림 (데못죽),,,청려,청려X문대,로맨틱,,소설,Bpring_DorD,https://dongne.co/events/vidol06/circles/121920,제6회 어나더 스테이지,Day2
환상의 무ㅈi7ㅐ쇼! 뭔가 한번 보여드리겠습니다,"모람, 파각",,,,,2sp,아이돌리쉬세븐,,,"유키,모모,토라오,미나미,텐,소고,이오리",유키X모모,"로맨틱,해당없음","토라미나, 논CP (유키, 텐, 소고, 이오리)",소설,yutocomet,https://dongne.co/events/vidol06/circles/121998,제6회 어나더 스테이지,Day2
::IT SHOW TIME::,스노잉,,,,,1sp,앙상블스타즈,데뷔못하면죽는병걸림,,박문대,이세진X박문대,로맨틱,"아현문대 , 드림",,,https://dongne.co/events/vidol06/circles/121925,제6회 어나더 스테이지,Day2
조인허스(join_hus),"잉젬, 심박",,,,,2sp,2024 조인허스 오리지널 엽서,데뷔 못 하면 죽는 병 걸림,,,,,,"일러스트,소설",charm_ing_gem,https://dongne.co/events/vidol06/circles/122335,제6회 어나더 스테이지,Day2
kzhn,sona,,,,,1sp,데뷔 못 하면 죽는 병 걸림,아이돌 마스터 샤이니 컬러즈,,,박문대X이세진,,"류건우×이세진, 히구치 마도카×아사쿠라 토오루","만화,일러스트,소설",,https://dongne.co/events/vidol06/circles/121751,제6회 어나더 스테이지,Day2
Lacy Affection,안,,,,,2sp,앙상블스타즈,,,그룹 에덴 멤버위주,,"섹슈얼,로맨틱",,"만화,공예,기타",honeyrusks_plz,https://dongne.co/events/vidol06/circles/122013,제6회 어나더 스테이지,Day2
아이노 쿠사리데 lock,와코,,,,,1sp,아이돌리쉬세븐,,,올캐릭터,,,,일러스트,punchline0_0,https://dongne.co/events/vidol06/circles/122151,제6회 어나더 스테이지,Day2
Lovely Mix,Lovely Mix,,,,,1sp,데뷔 못 하면 죽는 병 걸림 (데못죽),앙상블 스타즈!! Music,,,,,,,,https://dongne.co/events/vidol06/circles/121906,제6회 어나더 스테이지,Day2
Love or Die,망치,,,,,1sp,데뷔 못하면 죽는 병 걸림,,,"테스타,브이틱",,,,,hamm_mangchi,https://dongne.co/events/vidol06/circles/122237,제6회 어나더 스테이지,Day2
miniD,Mc,,,,,1sp,데뷔 못하면 죽는 병 걸림,,,박문대,이세진X배세진,로맨틱,,일러스트,muac2482,https://dongne.co/events/vidol06/circles/121839,제6회 어나더 스테이지,Day2
ONSET,사비크,,,,,1sp,아이돌리쉬세븐,,,"모모,유키",모모X유키,로맨틱,,만화,mmyk226658,https://dongne.co/events/vidol06/circles/121894,제6회 어나더 스테이지,Day2
Page7,수제트,,,,,2sp,아이돌리쉬세븐,,,,반리X유키,"섹슈얼,로맨틱",,만화,,https://dongne.co/events/vidol06/circles/121765,제6회 어나더 스테이지,Day2
Platina Comet,트리아논,,,,,2sp,앙상블 스타즈,"러브라이브,버츄얼",,유우키 마코토,,"로맨틱,섹슈얼",트릭스타 넷이 사귐,,,https://dongne.co/events/vidol06/circles/121791,제6회 어나더 스테이지,Day2
Plug In,돌도리스,,,,,1sp,앙상블 스타즈!! Music,,,"아마기 히이로,마시로 토모야",아마기 히이로X모브X모브,섹슈얼,마시로 토모야x모브,만화,,https://dongne.co/events/vidol06/circles/121743,제6회 어나더 스테이지,Day2
부모님 결혼기념일은 몰라도 Re:vale 결혼기념일은 압니다,불속성 효자가 최애,,,,,2sp,아이돌리쉬 세븐,,,모모,유키X모모,섹슈얼,반모모,소설,stt_vega,https://dongne.co/events/vidol06/circles/122012,제6회 어나더 스테이지,Day2
To. Angel,21004,,,,,1sp,아이돌리쉬세븐,,,쿠죠 텐,,,,일러스트,tochunsa,https://dongne.co/events/vidol06/circles/122398,제6회 어나더 스테이지,Day2
Two Rabbits & 자몽공방,Rabbits,,,,,2sp,데못죽,"앙스타,플레이브 외",,,,,,"조형,기타,공예",2rabbits,https://dongne.co/events/vidol06/circles/121811,제6회 어나더 스테이지,Day2
근데 우리가 누굴까요? we are....manager.,각칠,,,,,1sp,아이돌리쉬세븐,,,"트리거,아이나나",츠나시 류노스케X야오토메 가쿠,로맨틱,니카이도 야마토X이즈미 미츠키,"소설,기타",g_c1l7,https://dongne.co/events/vidol06/circles/122131,제6회 어나더 스테이지,Day2
ZTHOUSE,Korico,,,,,1sp,아이카츠 스타즈,,,,키라 카나타X사오토메 아코,로맨틱,,만화,_augustmarina_,https://dongne.co/events/vidol06/circles/121862,제6회 어나더 스테이지,Day2
환장(環壮) 할 정도로 좋아!,DUGI,,,,,2sp,아이돌리쉬세븐,,,"요츠바 타마키,오오사카 소고",요츠바 타마키X오오사카 소고,"로맨틱,섹슈얼",,"만화,일러스트",dhxkzndh,https://dongne.co/events/vidol06/circles/121785,제6회 어나더 스테이지,Day2
사랑하다 환장(環壮)하겠네!,흰지,,,,,1sp,아이돌리쉬세븐 (아이나나),A3! (아삼),,"MEZZO""",,로맨틱,"미스이타, 타스츠무",,ajw_inana0528,https://dongne.co/events/vidol06/circles/122133,제6회 어나더 스테이지,Day2
花樣年華,화양연화,,,,,1sp,데뷔 못하면 죽는 병,기타 등등...,,,,,,,HBDMOON,https://dongne.co/events/vidol06/circles/122408,제6회 어나더 스테이지,Day2
