부스명,대표자,위치,위치(열),위치(번호),반부스,부스,대표 작품(원작),그 외 다루는 작품,쁘띠존,캐릭터,커플링,커플링 성향,그 외 커플링,매체,트위터,링크,행사명,개최일
~(‘-’)~,뮤미,,,,,1sp,가비지타임,,,,,,,,meegadtd16,https://dongne.co/events/df2504/circles/142229,제29회 디. 페스타,Day1
<골든 카무이 쁘띠존> 주최부스,골든 카무이 쁘띠존,,,,,2sp,,,골든 카무이 쁘띠존 ,,,,,,,https://dongne.co/events/df2504/circles/141937,제29회 디. 페스타,Day1
<신른 쁘띠존_ 추리와 연애의 상관관계> 주최부스,신른 쁘띠존_ 추리와 연애의 상관관계,,,,,2sp,,,신른 쁘띠존_ 추리와 연애의 상관관계,,,,,,,https://dongne.co/events/df2504/circles/141316,제29회 디. 페스타,Day1
<윈브레 쁘띠존 : 방풍림 문화제> 주최부스,윈브레 쁘띠존 : 방풍림 문화제,,,,,2sp,,,윈브레 쁘띠존 : 방풍림 문화제,,,,,,,https://dongne.co/events/df2504/circles/141740,제29회 디. 페스타,Day1
<태웅른 쁘띠존 : 모두의 카에데> 주최부스,태웅른 쁘띠존 : 모두의 카에데,,,,,1sp,,,태웅른 쁘띠존 : 모두의 카에데,,,,,,,https://dongne.co/events/df2504/circles/142797,제29회 디. 페스타,Day1
<드레스로자 분쟁조정위원회> 주최부스,드레스로자 분쟁조정위원회,,,,,2sp,,,드레스로자 분쟁조정위원회,,,,,,,https://dongne.co/events/df2504/circles/142385,제29회 디. 페스타,Day1
 밀플,밀플,,,,,2sp,슬램덩크,,,강백호,,,,,milkflash_,https://dongne.co/events/df2504/circles/140937,제29회 디. 페스타,Day1
-,-,,,,,2sp,주술회전,,,"고죠 사토루,게토 스구루",고죠 사토루X게토 스구루,"로맨틱,섹슈얼",,"만화,소설",,https://dongne.co/events/df2504/circles/141712,제29회 디. 페스타,Day1
?,cake,,,,,2sp,원피스,가비지타임,,에이스 사보 루피 성준수,사보X에이스,"로맨틱,해당없음","성준수, 드림","만화,일러스트,기타","___c_a_k_e___, bscgya_",https://dongne.co/events/df2504/circles/142928,제29회 디. 페스타,Day1
.,국,,,,,1sp,골든카무이,,골든 카무이 쁘띠존 ,오가타 아시리파,코이토 오토노신X츠키시마 하지메,해당없음,,"만화,일러스트",mob4ycho,https://dongne.co/events/df2504/circles/142993,제29회 디. 페스타,Day1
.,..,,,,,1sp,명탐정 코난,,,,,,,,____,https://dongne.co/events/df2504/circles/140577,제29회 디. 페스타,Day1
.,삼삼오오징어,,,,,1sp,,,,,,,,,,https://dongne.co/events/df2504/circles/142130,제29회 디. 페스타,Day1
...혹시 마감러십니까? -? 예.,"감새, 에베, 꽐",,,,,2sp,괴담에 떨어져도 출근을 해야 하는구나,데못죽,,,,,,,,https://dongne.co/events/df2504/circles/140765,제29회 디. 페스타,Day1
'보내는 이'에 이름을 쓰세요,이소,,,,,2sp,괴담에 떨어져도 출근을 해야 하는구나,,,브라운,,,,"만화,일러스트",BBB_liso,https://dongne.co/events/df2504/circles/141974,제29회 디. 페스타,Day1
"""이거 무슨 왹져예요? 맛있네.""","배스,설기",,,,,2sp,이세계 착각 헌터,,,,,,중혁독자,,bbaatthh,https://dongne.co/events/df2504/circles/141961,제29회 디. 페스타,Day1
(주) 무림미식회,단팥빵,,,,,1sp,무림제일폐: 월한강천록,,,유소월,홍륜X소월,"로맨틱,섹슈얼",소월른,"만화,일러스트",Annbbang,https://dongne.co/events/df2504/circles/141322,제29회 디. 페스타,Day1
두 줌,공박,,,,,1sp,,,,,,,,,,https://dongne.co/events/df2504/circles/141812,제29회 디. 페스타,Day1
냥 공 멍 수,ㅋㅊ,,,,,1sp,앙상블스타즈!!,,,,히다카 호쿠토X아케호시 스바루,로맨틱,히지카타 토시로X오키타 소고,만화,,https://dongne.co/events/df2504/circles/142639,제29회 디. 페스타,Day1
딱 대! 마물! 마교!,당향,,,,,2sp,화산귀환,던전밥,,"당보,청명",,로맨틱,"청명,당보",소설,raena_0301,https://dongne.co/events/df2504/circles/142090,제29회 디. 페스타,Day1
물 좋은 사천,오작,,,,,2sp,화산귀환,,,청명,청명X당보,섹슈얼,,소설,oooOjaxk77,https://dongne.co/events/df2504/circles/141846,제29회 디. 페스타,Day1
왜 항상 말을 안들어,양,,,,,1sp,골든카무이,,골든 카무이 쁘띠존 ,"츠키시마 하지메,코이토 오토노신",츠키시마 하지메X코이토 오토노신,,,,yan9nagk,https://dongne.co/events/df2504/circles/142340,제29회 디. 페스타,Day1
흙 속의 인디고,인디고,,,,,1sp,,,,,,,,공예,digogo5220,https://dongne.co/events/df2504/circles/141034,제29회 디. 페스타,Day1
자 이제 덕질을 시작해볼까,사비와,,,,,1sp,괴담에 떨어져도 출근을 해야 하는구나,"명문고 EX급 조연의 리플레이,전지적독자시점,카드캡터 사쿠라,캐릭캐릭체인지,xxx홀릭",,,,,,,Sabiwa_chicken,https://dongne.co/events/df2504/circles/141722,제29회 디. 페스타,Day1
이 부스가 열린다면 무사히 마감을 한 것이겠죠,Rok,,,,,2sp,로드오브히어로즈,게게게의 키타로,,"키타로,게게로,프라우",,로맨틱,게게이와,"만화,게임",rok00713,https://dongne.co/events/df2504/circles/142445,제29회 디. 페스타,Day1
아 탱댐탱댐,올도,,,,,2sp,슬램덩크,,,서태웅 정대만,서태웅X정대만,"섹슈얼,로맨틱",,만화,Orudose,https://dongne.co/events/df2504/circles/142234,제29회 디. 페스타,Day1
텐 앤솔로지 <천일색>,텐 앤솔로지,,,,,1sp,텐~천화거리의 쾌남아~,,FKMT 쁘띠존 : 자와르르맨션,,,,,,ten_anthology,https://dongne.co/events/df2504/circles/142500,제29회 디. 페스타,Day1
한 살이라도 젊을 때 회지 계속 내고 싶은 부스,소금,,,,,2sp,슬램덩크,패션,,아직 미정,,"섹슈얼,로맨틱",,소설,sogeum_otk,https://dongne.co/events/df2504/circles/142576,제29회 디. 페스타,Day1
뭘 좋아할지 몰라 조살을 준비했어,마,,,,,2sp,공조살,"문송안함,진혼기,괴출,변서황,세구은",,,,,,,mogrizi_j,https://dongne.co/events/df2504/circles/143115,제29회 디. 페스타,Day1
네? 제가요? 원피스 부스를요?,SSABU,,,,,1sp,원피스,,드레스로자 분쟁조정위원회,"도플라밍고,코라손,로우",코라손X도플라밍고,"섹슈얼,로맨틱",,소설,apple__eight__,https://dongne.co/events/df2504/circles/141105,제29회 디. 페스타,Day1
씁... 이번엔 진짜 뭔가 그리고 싶었는데...,만두,,,,,2sp,파라라이,"꿈왕국,엘소드,아이나나",,,,,,,,https://dongne.co/events/df2504/circles/141788,제29회 디. 페스타,Day1
고.받.이.(고통받는이사기),쩨비,,,,,1sp,블루록,"사카모토데이즈,붕괴스타레일",,"이토시 린,이사기 요이치",,해당없음,,,jjeb0309,https://dongne.co/events/df2504/circles/142154,제29회 디. 페스타,Day1
쿤+딸비,쿤,,,,,2sp,,,,,,,,,kun_draw,https://dongne.co/events/df2504/circles/141143,제29회 디. 페스타,Day1
곰범,더운만두,,,,,1sp,누카니발,,,,케시X에이트,로맨틱,,일러스트,,https://dongne.co/events/df2504/circles/140830,제29회 디. 페스타,Day1
공숭,마,,,,,2sp,아이돌리쉬세븐,,,아이나나,,,,일러스트,ma_sinbu,https://dongne.co/events/df2504/circles/141856,제29회 디. 페스타,Day1
꼬옥,꼬옥,,,,,2sp,슬램덩크,,,,,로맨틱,호열백호,"만화,일러스트",kkoog_TT,https://dongne.co/events/df2504/circles/140760,제29회 디. 페스타,Day1
냐냐,나나,,,,,2sp,오란고교,,,하루히,,,,,,https://dongne.co/events/df2504/circles/141472,제29회 디. 페스타,Day1
녹체,녹체,,,,,1sp,괴담출근,"전지적 독자시점,회귀자 멱살잡고 데뷔합니다",,,,,,일러스트,Noche_official_,https://dongne.co/events/df2504/circles/141318,제29회 디. 페스타,Day1
달믐,호벤,,,,,2sp,,,,,,,,만화,,https://dongne.co/events/df2504/circles/140769,제29회 디. 페스타,Day1
맘마,맘마,,,,,4sp,"픽셀아트,문구",슬램덩크,,,,,,,wiggle_eworm,https://dongne.co/events/df2504/circles/141986,제29회 디. 페스타,Day1
먀냐,먀냐,,,,,1sp,"사카모토데이즈,하이큐",하이큐,,"나구모,켄마",,,,일러스트,myanya_0,https://dongne.co/events/df2504/circles/141805,제29회 디. 페스타,Day1
미정,머렝,,,,,1sp,,,,,,,,,,https://dongne.co/events/df2504/circles/141713,제29회 디. 페스타,Day1
반디,반디,,,,,1sp,,,,,,,,,,https://dongne.co/events/df2504/circles/141256,제29회 디. 페스타,Day1
술덩,쿠리사와,,,,,2sp,슬램덩크,주술회전,,"정우성,송태섭",,로맨틱,,"일러스트,소설,공예",cnbp12,https://dongne.co/events/df2504/circles/142270,제29회 디. 페스타,Day1
왓쏭,왓쏭,,,,,1sp,문구류,,,"레티,레미,레옹,레아",,,,일러스트,what_ssong,https://dongne.co/events/df2504/circles/142814,제29회 디. 페스타,Day1
이글,이글,,,,,4sp,사카데이,,,,,,,,,https://dongne.co/events/df2504/circles/141297,제29회 디. 페스타,Day1
크림,챠비별,,,,,2sp,,,,,,,,,,https://dongne.co/events/df2504/circles/141691,제29회 디. 페스타,Day1
회귀,회귀,,,,,4sp,괴담출근,괴수8호 가비지타임,,,,,,,,https://dongne.co/events/df2504/circles/142328,제29회 디. 페스타,Day1
보구 고 배틀 고 듀얼 고,금광,,,,,2sp,유희왕,"페이트,포켓몬스터,원펀맨",,"카이바 세토,어둠의 유우기",,로맨틱,"암굴구다, 페퍼푸름, 사이제노",만화,ArtoriaDaisuki_,https://dongne.co/events/df2504/circles/142542,제29회 디. 페스타,Day1
양념 반 시라이시 반,치카,,,,,1sp,골든 카무이,,골든 카무이 쁘띠존 ,,,,,,chicken_kamui,https://dongne.co/events/df2504/circles/142997,제29회 디. 페스타,Day1
내가 뭘 덕질하고 있을까,용용,,,,,1sp,가정교사 히트맨 reborn,,,"사와다 츠나요시,히바리 쿄야",사와다 츠나요시X히바리 쿄야,로맨틱,지오토x아라우디,소설,Yon9ydr,https://dongne.co/events/df2504/circles/141502,제29회 디. 페스타,Day1
누가 내 고양이가 양키래,코쵸,,,,,2sp,윈드브레이커,,윈브레 쁘띠존 : 방풍림 문화제,사쿠라 하루카,스오X사쿠라,,토가사쿠,,cochyo_pu,https://dongne.co/events/df2504/circles/140974,제29회 디. 페스타,Day1
골을 못 넣겠다고? 난 넣을만해,만냥이,,,,,1sp,원신,"망각 배터리,블루록",,,,로맨틱,,,,https://dongne.co/events/df2504/circles/142146,제29회 디. 페스타,Day1
빛과 희망,체리쥬,,,,,1sp,디지몬,,,릭키,,,,소설,aa,https://dongne.co/events/df2504/circles/142565,제29회 디. 페스타,Day1
영영 위빙,영영위빙,,,,,2sp,"체크 위빙 매트,잔디밭 위빙 매트",,,,,,,공예,y0ung0_weaving,https://dongne.co/events/df2504/circles/142329,제29회 디. 페스타,Day1
왕의 남자,왕애남자,,,,,1sp,포켓몬,FKMT,,,아카기X와시즈,해당없음,,,Cat_grass0425,https://dongne.co/events/df2504/circles/142050,제29회 디. 페스타,Day1
울밧 분식,슬래시,,,,,4sp,트라이건,,,,울프우드X밧슈,"로맨틱,섹슈얼",,,,https://dongne.co/events/df2504/circles/141074,제29회 디. 페스타,Day1
울밧 수퍼,단지,,,,,4sp,트라이건,,,,울프우드X밧슈,"섹슈얼,로맨틱",,,Danji_tri,https://dongne.co/events/df2504/circles/142466,제29회 디. 페스타,Day1
못또 유희 ~단풍머리가 좋아~,"카드긁개, Yuyu",,,,,2sp,유희왕,,,,,로맨틱,,"기타,일러스트",,https://dongne.co/events/df2504/circles/140941,제29회 디. 페스타,Day1
하고 싶은 거 다 하는 굿즈 가게,에르,,,,,2sp,가비지타임,"란마1/2,죠죠의 기묘한 모험 등....",,전영중 성준수,전영중X성준수,로맨틱,,일러스트,eru18831,https://dongne.co/events/df2504/circles/142676,제29회 디. 페스타,Day1
같장 언제 잡지,athylin,,,,,2sp,니지산지,트위스테,,,,,,"만화,소설",athylin_03,https://dongne.co/events/df2504/circles/141416,제29회 디. 페스타,Day1
백합 틈새 시장,일개미,,,,,2sp,,,,,,,,"만화,일러스트",,https://dongne.co/events/df2504/circles/141026,제29회 디. 페스타,Day1
집에 가고 싶다,준,,,,,1sp,어바등,"공회주,블랙 배저,문송안함",,,,"섹슈얼,로맨틱,해당없음","해량무현, 멜키레이, 윤예힐, 세르시온, 백호의신",소설,,https://dongne.co/events/df2504/circles/140915,제29회 디. 페스타,Day1
이번 생에 장르 겹침,잡콩,,,,,4sp,닌자보이 란타로,모브사이코100,,잣토,잣토 콘나몽X젠포우지 이사쿠,로맨틱,,"만화,일러스트,기타,소설",japucon_0w0,https://dongne.co/events/df2504/circles/141579,제29회 디. 페스타,Day1
우리 애들 언제 만나나,니루,,,,,1sp,원신,,,,,,,,tabom0w0,https://dongne.co/events/df2504/circles/140874,제29회 디. 페스타,Day1
다비 없는 다비반,웨옹,,,,,1sp,플레이브,,,,,,,,,https://dongne.co/events/df2504/circles/142940,제29회 디. 페스타,Day1
볕이 드는 언덕길,쿠렌,,,,,1sp,윈브레,"괴담출근,화산귀환,사카모토 데이즈,고전만화",윈브레 쁘띠존 : 방풍림 문화제,,우메미야 하지메X히이라기 토마,로맨틱,히이라기 토마x우메미야 하지메,,do__kuku,https://dongne.co/events/df2504/circles/141874,제29회 디. 페스타,Day1
볕이 드는 언덕길,쿠렌,,,,,2sp,윈브레,"괴담출근,사카모토데이즈,고전만화",윈브레 쁘띠존 : 방풍림 문화제,,우메미야 하지메X히이라기 토마,로맨틱,"히이라기 토마x우메미야 하지메, ",,,https://dongne.co/events/df2504/circles/143178,제29회 디. 페스타,Day1
쿠죠 텐은 유명한 쿠죠 죠타로의 친척임,손마,,,,,1sp,아이돌리쉬세븐,,,나나세 리쿠,,,,,sonma0801,https://dongne.co/events/df2504/circles/140858,제29회 디. 페스타,Day1
랩도 하고 마법도 씁니다,세모케키,,,,,2sp,파라독스 라이브,마법사의 약속,,"연하준,스가사노 알렌,오웬,카인",,"로맨틱,섹슈얼",오웬x카인,"만화,일러스트",semopara,https://dongne.co/events/df2504/circles/140732,제29회 디. 페스타,Day1
누나 나랑 플얘하자,꾸꾸,,,,,1sp,플레이브,,,플레이브,,,,일러스트,plpl_kku,https://dongne.co/events/df2504/circles/142923,제29회 디. 페스타,Day1
같이 먹어유,큐트버스,,,,,2sp,,,,,,,,일러스트,cute_bus,https://dongne.co/events/df2504/circles/142809,제29회 디. 페스타,Day1
공방 프리즘,리즈,,,,,1sp,"괴담에 떨어져도 출근을 해야 하는구나,블랙배저",파이널판타지14,,,,,,공예,,https://dongne.co/events/df2504/circles/142098,제29회 디. 페스타,Day1
없는 세카이,뮤도,,,,,1sp,프로세카,,,시노노메에나 아키야마미즈키 아사히나마후유 요이사키카나데,,,,"만화,기타,일러스트",Miyu_dou_,https://dongne.co/events/df2504/circles/142737,제29회 디. 페스타,Day1
필숙 컴퍼니,필숙,,,,,2sp,,,,,,,,,codefillsook,https://dongne.co/events/df2504/circles/143058,제29회 디. 페스타,Day1
일단 뭐라도 내는 부스,누누누누닝,,,,,2sp,포켓몬,"프로세카,발더스게이트3,해리포터",,,,,,,,https://dongne.co/events/df2504/circles/141379,제29회 디. 페스타,Day1
휴덕 있어도 탈덕 없음,C,,,,,1sp,프로젝트 세카이,,,,,,,일러스트,,https://dongne.co/events/df2504/circles/141331,제29회 디. 페스타,Day1
제가 아직도 하고 있을 줄 몰랐어요,맹,,,,,2sp,가비지타임,,,성준수,전영중X성준수,로맨틱,,"소설,기타",ohmyrukawakaede,https://dongne.co/events/df2504/circles/142721,제29회 디. 페스타,Day1
약점 공략을 생활화 ,제노,,,,,1sp,페르소나 시리즈,"메타포,스타레일,명조,미해결사건부",,,,,,일러스트,jyan512,https://dongne.co/events/df2504/circles/141305,제29회 디. 페스타,Day1
소노 원고의 사다메 ~죠죠~,아마도딜로,,,,,2sp,죠죠의 기묘한 모험,"콘클라베,퇴마록",,"죠셉 죠스타,카즈,쿠죠 죠린,쿠죠 죠타로,웨더리포트,푸파이터즈,에르메스 코스텔로,나르시소 안나수이,엠포리오 아르니뇨,박운규,빈센트 베니테스",나르시소 안나수이X쿠죠 죠린,로맨틱,"에르메스X죠린, 푸파이터즈X죠린",만화,amadodilo,https://dongne.co/events/df2504/circles/141199,제29회 디. 페스타,Day1
마감 못하면 죽는병 걸림,00,,,,,1sp,데못죽,"플레이브,괴담출근",,,,,,,,https://dongne.co/events/df2504/circles/141006,제29회 디. 페스타,Day1
절대 우태를 멈춰선 안돼,초콜렛된찌,,,,,1sp,슬램덩크,,,정우성,,"로맨틱,섹슈얼",,소설,basketloversclb,https://dongne.co/events/df2504/circles/142429,제29회 디. 페스타,Day1
은하 춥다리 아저씨 전설 세영짱,콜로,,,,,2sp,스타레일,괴수8호,,"삼포 코스키,경원,부트힐,선데이,호시나 소우시로,나루미 겐",,,,일러스트,kolo_2020,https://dongne.co/events/df2504/circles/142524,제29회 디. 페스타,Day1
다시 야구의 시간입니다,야로/몰라요,,,,,1sp,다이아몬드 에이스,"클로저 이상용,프로야구생존기",,,사와무라X미유키,로맨틱,,만화,17171771_u,https://dongne.co/events/df2504/circles/142310,제29회 디. 페스타,Day1
죽을 때까지 농놀하기로 했잖아,페이지,,,,,1sp,슬램덩크,,,강백호,,,,,nooo_eezee,https://dongne.co/events/df2504/circles/141240,제29회 디. 페스타,Day1
공방 한오백년,공방 한오백년,,,,,2sp,솜인형 옷장,솜인형 호박바지,,,,,,공예,han500yearsom,https://dongne.co/events/df2504/circles/141761,제29회 디. 페스타,Day1
봄봄 스튜디오,아사,,,,,2sp,플레이브,"가비지타임,화산귀환,가공낙원",,,,,,,,https://dongne.co/events/df2504/circles/142616,제29회 디. 페스타,Day1
탱댐 한상차림,비빔밥,,,,,2sp,슬램덩크,"괴담출근,메달리스트",,"서태웅,정대만",서태웅X정대만,로맨틱,,만화,mikkssbowl,https://dongne.co/events/df2504/circles/141845,제29회 디. 페스타,Day1
커피 팬케이크 모닝 정식,"IKUJYO , 빙결",,,,,2sp,페르소나 5,,,"주인공,아케치 고로",주인공X아케치 고로,로맨틱,,"소설,만화",IKU_P5R,https://dongne.co/events/df2504/circles/142870,제29회 디. 페스타,Day1
청엑 린유키가 보고 싶어서 내는 부스,u,,,,,1sp,청의 엑소시스트,,,,오쿠무라 린X오쿠무라 유키오,,,,,https://dongne.co/events/df2504/circles/141486,제29회 디. 페스타,Day1
곰은 너구리를 공격하지 않아,만두,,,,,2sp,골든카무이,,골든 카무이 쁘띠존 ,"스기모토 사이치,시라이시 요시타케",스기모토 사이치X시라이시 요시타케,"섹슈얼,로맨틱",,"만화,기타",sugisira22zo,https://dongne.co/events/df2504/circles/141593,제29회 디. 페스타,Day1
"아코, 아이콩",아코,,,,,4sp,,헌터x헌터,,,,,,일러스트,xas2ko,https://dongne.co/events/df2504/circles/141798,제29회 디. 페스타,Day1
뇨타·백합하렘 정상영업합니다,마사,,,,,1sp,A3!,,,"이즈미다 아자미,셋츠 반리,나나오 타이치",,해당없음,"이즈미다 아자미 x 나나오 타이치, 이즈미다 아자미 x 셋츠 반리 ",만화,mqsaa3,https://dongne.co/events/df2504/circles/143088,제29회 디. 페스타,Day1
비따&버튼버터,버튼버터,,,,,2sp,,,,,,,,공예,,https://dongne.co/events/df2504/circles/141325,제29회 디. 페스타,Day1
까막북,유진,,,,,2sp,,,,,,,,,_pauluu,https://dongne.co/events/df2504/circles/140634,제29회 디. 페스타,Day1
난장판,서아란,,,,,4sp,마법명가 차남으로 살아남는 법,"세상만 구하고 은퇴하겠습니다,이세계 착각 헌터,명문고 EX급 조연의 리플레이,스타레일,마법사의 약속,우마무스메,앙상블스타즈",,루카스 르네 아스카니엔,,로맨틱,,"만화,일러스트,소설,공예",,https://dongne.co/events/df2504/circles/141084,제29회 디. 페스타,Day1
냥그램,버진,,,,,1sp,밀그램,,,"사쿠라이 하루카,카시키 유노,카지야마 후우타,쿠스노키 무우,키리사키 시도우,시이나 마히루,무쿠하라 카즈이,모모세 아마네,카야노 미코토,유즈리하 코토코,에스,잭카로프",카야노 미코토X유즈리하 코토코,해당없음,,"만화,소설,기타",4lyo2,https://dongne.co/events/df2504/circles/142418,제29회 디. 페스타,Day1
냥덩이,완백 ,,,,,1sp,사카모토데이즈,프로세카 윈브레 니지산지,,나구모,,,,일러스트,"herven_, necotenxi",https://dongne.co/events/df2504/circles/142826,제29회 디. 페스타,Day1
또롱별,이데아,,,,,2sp,내가 키운 S급들,,,"한유현,한유진",,로맨틱,,,ideatami,https://dongne.co/events/df2504/circles/140569,제29회 디. 페스타,Day1
라라라,또리,,,,,2sp,가비지타임,,,,,,,,,https://dongne.co/events/df2504/circles/141455,제29회 디. 페스타,Day1
루미붐,Nenjyu,,,,,2sp,원신,스타레일,,,,,,,,https://dongne.co/events/df2504/circles/140660,제29회 디. 페스타,Day1
만물상,amun,,,,,1sp,화산귀환,괴담출근,,당보 청명 일소,,섹슈얼,,"소설,공예,기타",JinAmunHer,https://dongne.co/events/df2504/circles/141837,제29회 디. 페스타,Day1
뭐라도,소찌,,,,,2sp,,,,,,,,,so_zzi,https://dongne.co/events/df2504/circles/140613,제29회 디. 페스타,Day1
새문서,에머디,,,,,2sp,명일방주,슬램덩크,,,백파이프X혼,로맨틱,,"만화,일러스트",emothi80,https://dongne.co/events/df2504/circles/141507,제29회 디. 페스타,Day1
샤랄라,고파,,,,,2sp,화산,,,,,,,"만화,기타",,https://dongne.co/events/df2504/circles/141135,제29회 디. 페스타,Day1
소랏쥐,소랏,,,,,4sp,,,,,,,,"일러스트,공예",rat5G,https://dongne.co/events/df2504/circles/140777,제29회 디. 페스타,Day1
소록도,소록,,,,,1sp,,,,,유중혁X김독자,해당없음,,공예,sorok_atelier,https://dongne.co/events/df2504/circles/141564,제29회 디. 페스타,Day1
솜식당,"젱, 제로",,,,,1sp,괴수8호 사카모토데이즈,은혼 헌터헌터 괴담출근 데못죽,,,,,,,,https://dongne.co/events/df2504/circles/141997,제29회 디. 페스타,Day1
아멜로,공쥬,,,,,1sp,키링,,,,,,,공예,amello_resin,https://dongne.co/events/df2504/circles/141700,제29회 디. 페스타,Day1
안경점,가나쵸,,,,,2sp,괴담에 떨어져도 출근을 해야 하는구나,"괴담출근,이착헌,슬램덩크",,,,,,,_ghanacho,https://dongne.co/events/df2504/circles/141490,제29회 디. 페스타,Day1
야광충,앵,,,,,1sp,야냐의 간격,히카루의 바둑,,,,,,"만화,일러스트",,https://dongne.co/events/df2504/circles/140668,제29회 디. 페스타,Day1
어디든,마김,,,,,1sp,슬램덩크,,,,,,,,,https://dongne.co/events/df2504/circles/141894,제29회 디. 페스타,Day1
어쩌망,"어쩌나, 인망",,,,,2sp,던전밥,"뱅드림,주술회전,역전재판",,"타키온,시비,에이스,정글포켓,파린,마르실",시비X에이스,로맨틱,,일러스트,"HAMDUNGBBUNG, yinmang_",https://dongne.co/events/df2504/circles/142489,제29회 디. 페스타,Day1
영판당,판다,,,,,2sp,플레이브,,,,,,,,goldsu_4646,https://dongne.co/events/df2504/circles/141438,제29회 디. 페스타,Day1
음기존,염,,,,,1sp,괴담에 떨어져도 출근을 해야 하는구나,,,,,,,일러스트,YUM_606,https://dongne.co/events/df2504/circles/142009,제29회 디. 페스타,Day1
잡상인,성찬,,,,,2sp,,,,,,,,"사진,일러스트,공예",Cosmo_Exp,https://dongne.co/events/df2504/circles/142687,제29회 디. 페스타,Day1
초가네,호시,,,,,2sp,진혼기,반월당,,,,,,,hosing_,https://dongne.co/events/df2504/circles/141272,제29회 디. 페스타,Day1
축구밥,"SHUSHU, 몬",,,,,2sp,"블루록,던전밥",,,,나기 세이시로X미카게 레오,로맨틱,카블미스,,"shushu__0000, mon_g_11",https://dongne.co/events/df2504/circles/142366,제29회 디. 페스타,Day1
통닭집,닭,,,,,1sp,가비지타임,"데뷔못하면죽는병걸림,화산귀환,하이큐",,"전영중,성준수",전영중X성준수,로맨틱,,"일러스트,기타",ww_w_w_w_w,https://dongne.co/events/df2504/circles/141570,제29회 디. 페스타,Day1
포세카,히익,,,,,2sp,"프로젝트세카이,포켓몬스터 스바",,,오오토리에무,,해당없음,,일러스트,Hhiiiiiik,https://dongne.co/events/df2504/circles/142836,제29회 디. 페스타,Day1
풋사과,댑싸리,,,,,1sp,블루록,다이아몬드의공죄,,,이사기X쿠니가미,,노아에고,만화,unripe_bltv,https://dongne.co/events/df2504/circles/140570,제29회 디. 페스타,Day1
플브맨,토끼맨,,,,,1sp,플레이브,플레이브,,플레이브,,,,,,https://dongne.co/events/df2504/circles/140755,제29회 디. 페스타,Day1
해달샵,시크루,,,,,4sp,원신,화산귀환,,,,,,공예,Sunmoon_shop16,https://dongne.co/events/df2504/circles/140837,제29회 디. 페스타,Day1
흐느적,룽,,,,,2sp,괴담에 떨어져도 출근을 해야 하는구나,전독시 데못죽 이착헌,,,김솔음,,중혁독자,"일러스트,기타",,https://dongne.co/events/df2504/circles/140673,제29회 디. 페스타,Day1
히돌이,nngmyn,,,,,2sp,,쵸비츠 마마마 캐캐체 디지캐럿,,,,,,,d_guek,https://dongne.co/events/df2504/circles/143116,제29회 디. 페스타,Day1
냉장고 ,하임,,,,,4sp,하이큐,"이영싫,쿠키런",,히나타 쇼요,,,,,,https://dongne.co/events/df2504/circles/141251,제29회 디. 페스타,Day1
팔랑몽 & (주) 게롱상점,오멒몽,,,,,2sp,"오리지널 창작 1차 굿즈,괴담출근",봇치더록,,,,,,"일러스트,기타,공예",mong_iary,https://dongne.co/events/df2504/circles/140593,제29회 디. 페스타,Day1
밀샌드 & 클론연구소,"밀샌드, 클론연구소",,,,,2sp,,,,,,,,"일러스트,기타",,https://dongne.co/events/df2504/circles/140999,제29회 디. 페스타,Day1
로키는 다 합니다,미끼,,,,,2sp,마블 로키,,,로키,,,,일러스트,"AALure_, huebyhuebyhue",https://dongne.co/events/df2504/circles/142957,제29회 디. 페스타,Day1
당신이 뭘 좋아할지 몰라서 내가 좋아하는 걸 가져왔어,포시시444,,,,,2sp,"에이펙스 레전드,발더스게이트3,몬스터헌터,데스티니 가디언즈(데스티니2) 등등 게임장르 위주 + 창작 굿즈","명일방주,트라이건 스탬피드,가치아쿠타,길티기어,포켓몬스터,이터널리턴,핫라인마이애미,워프레임,퇴마록,콘클라베",,,,,,일러스트,"Bunnysaurus_20, gingerbread_csi, AppleRaccoondog, glasses_HHT",https://dongne.co/events/df2504/circles/141813,제29회 디. 페스타,Day1
근친의 전당,"레몽, 자렌",,,,,2sp,내가 키운 S급들,괴담에 떨어져도 출근을 해야 하는구나,,한유현 한유진,한유현X한유진,"로맨틱,섹슈얼",,"만화,소설",,https://dongne.co/events/df2504/circles/140662,제29회 디. 페스타,Day1
덕떼기 시장,"닭, 브로콜리나마저",,,,,2sp,"괴담출근,진격의 거인","슬램덩크,스타레일,바이오하자드,닌타마",,,,,,기타,her2_up,https://dongne.co/events/df2504/circles/142377,제29회 디. 페스타,Day1
무리한 덕질,무리,,,,,2sp,데못죽,,,신재현,신재현X류건우,"로맨틱,섹슈얼",,소설,M_u_L_i_Y_a,https://dongne.co/events/df2504/circles/141491,제29회 디. 페스타,Day1
미나코 부스,미나코,,,,,1sp,가비지타임,,,"기상호,박병찬,성준수,전영중,최종수",정영중X성준수,해당없음,"상뱅,종상","일러스트,기타",clover_1444,https://dongne.co/events/df2504/circles/142852,제29회 디. 페스타,Day1
스니야 제발,amu,,,,,1sp,윈브레,,윈브레 쁘띠존 : 방풍림 문화제,,스오 하야토X니레이 아키히코,,,소설,,https://dongne.co/events/df2504/circles/140726,제29회 디. 페스타,Day1
스모를 하자,피자만두,,,,,1sp,골든 카무이,,골든 카무이 쁘띠존 ,,,해당없음,,"기타,일러스트",_k418,https://dongne.co/events/df2504/circles/142568,제29회 디. 페스타,Day1
스티커 공장,아마,,,,,2sp,"명탐정 코난,은혼","골든 카무이,데스노트",,,,,,,ama2303_,https://dongne.co/events/df2504/circles/143162,제29회 디. 페스타,Day1
아기의 순정,콘쭈,,,,,2sp,슬램덩크,,,"전호장,이정환",,"섹슈얼,로맨틱",,만화,cornjju,https://dongne.co/events/df2504/circles/140579,제29회 디. 페스타,Day1
얀고네 부스,얀고,,,,,1sp,하이큐,"이누야샤,앙스타,고전애니",,,,,,,yango_day,https://dongne.co/events/df2504/circles/140890,제29회 디. 페스타,Day1
이주의 마법,이주,,,,,2sp,,,,,,,,일러스트,DAILEEZU,https://dongne.co/events/df2504/circles/141762,제29회 디. 페스타,Day1
출근이 괴담,펜,,,,,1sp,괴담출근,,,"브라운,솔음",라우더 닐X구엘 제타크,로맨틱,,일러스트,,https://dongne.co/events/df2504/circles/141033,제29회 디. 페스타,Day1
로맨스 국밥 ,요다,,,,,2sp,이누야샤,"앙스타,은혼",,"반코츠,카고메,미카,슈,긴토키,히지카타",,섹슈얼,"미카슈, 긴히지 ","일러스트,만화,기타",gogokgh,https://dongne.co/events/df2504/circles/143118,제29회 디. 페스타,Day1
괴담에 그만 좀 떨어지고 싶은 부스,센트,,,,,2sp,괴담에 떨어져도 출근은 해야하는구나,,,,솔음X사헌,로맨틱,,"만화,일러스트,소설",ST_1Touch,https://dongne.co/events/df2504/circles/142790,제29회 디. 페스타,Day1
내일의 별과 바다,hammer,,,,,2sp,원피스,,,"루피,삼형제",,"로맨틱,섹슈얼",,"만화,일러스트",una_em,https://dongne.co/events/df2504/circles/140907,제29회 디. 페스타,Day1
앙스타 파는 부스,종이,,,,,1sp,앙상블 스타즈!! Music,,,"이츠키 슈,카게히라 미카",,해당없음,,기타,paper_0000,https://dongne.co/events/df2504/circles/142938,제29회 디. 페스타,Day1
그딴건 니가 써야 돼,"에긍, 빰",,,,,2sp,아이돌리쉬세븐(아이나나),"데뷔못하면죽는병걸림(데못죽),프세카(프로젝트세카이)",,,,,이오미츠,"일러스트,소설","egeung_work, lilijyang__",https://dongne.co/events/df2504/circles/143119,제29회 디. 페스타,Day1
옆자리 탐정 군의 비밀 연애일지,"두비, 익명",,,,,2sp,명탐정 코난,,신른 쁘띠존_ 추리와 연애의 상관관계,쿠도 신이치,아카이 슈이치X쿠도 신이치X쿠도 신이치X쿠도 신이치,"로맨틱,섹슈얼","후루신, 비색신, 헤이신","소설,만화",dubidubo_b,https://dongne.co/events/df2504/circles/142599,제29회 디. 페스타,Day1
미인이 나를 구한다,하늘,,,,,1sp,데뷔 못 하면 죽는 병 걸림,,,"박문대,선아현 등",,,,,,https://dongne.co/events/df2504/circles/142595,제29회 디. 페스타,Day1
포틴의 굿즈 팩토리,포틴,,,,,2sp,"헬루바보스,스티븐유니버스,아울하우스,앰피비아","해즈빈호텔,중력폭포,어드벤처타임,피오나와 케이크",,,,,,"기타,공예","ani_potin, P_goods_factory",https://dongne.co/events/df2504/circles/141459,제29회 디. 페스타,Day1
이세계 진짜 헌터랑 착각 헌터,쮸렙,,,,,2sp,"이세계 착각 헌터,헌터x헌터",,,"김기려,선우연",김기려X선우연,로맨틱,,"만화,일러스트",s2zzulevs2,https://dongne.co/events/df2504/circles/142223,제29회 디. 페스타,Day1
후우린 연애 컨설팅 전문 기업,숭구리당닷,,,,,2sp,윈드브레이커,,윈브레 쁘띠존 : 방풍림 문화제,사쿠라하루카,,,,만화,yyyooji,https://dongne.co/events/df2504/circles/142953,제29회 디. 페스타,Day1
가족은 원래 가족을 사랑해,뱃사공,,,,,1sp,원피스,x,드레스로자 분쟁조정위원회,"도플라밍고,코라손,로우",도플라밍고,,,만화,soph_22w,https://dongne.co/events/df2504/circles/141203,제29회 디. 페스타,Day1
테스타 데뷔 기념부스,llllnetillll,,,,,2sp,데뷔 못하면 죽는 병 걸림,해리포터 창작 등등,,문대,문대,로맨틱,,일러스트,llllnetillll,https://dongne.co/events/df2504/circles/141236,제29회 디. 페스타,Day1
고게를 들어 삼푸봄을 보자,"느루, 여안",,,,,2sp,주술회전,,,"고죠 사토루,게토 스구루",고죠 사토루X게토 스구루,"로맨틱,섹슈얼",,"소설,만화","neu___lu, Yeo_An__",https://dongne.co/events/df2504/circles/142134,제29회 디. 페스타,Day1
피자를 타고 하우스로 날아갈 수도 있어,정신,,,,,2sp,카리스마,,,이토 후미야,이토 후미야X텐도 아마히코,해당없음,사루카와 케이 x 모토하시 이오리,"만화,일러스트,기타",ccrcrsm,https://dongne.co/events/df2504/circles/141923,제29회 디. 페스타,Day1
농구도 하고 수수께끼도 풀고,水,,,,,2sp,게게게의 수수께끼,슬램덩크,,미즈키,,,,,wtr_009,https://dongne.co/events/df2504/circles/140818,제29회 디. 페스타,Day1
무림에 행차!,직화순두부,,,,,2sp,화산귀환,,,"백천,청명",,로맨틱,,일러스트,soft_tofu0820,https://dongne.co/events/df2504/circles/142528,제29회 디. 페스타,Day1
결속된 급조력,이끼끼,,,,,1sp,유희왕,,,"무토 유우기,죠노우치 카츠야",,,,"만화,일러스트",dueltildie,https://dongne.co/events/df2504/circles/141224,제29회 디. 페스타,Day1
너에게 가는길,메리메무리,,,,,1sp,데뷔못하면죽는병걸림,,,올캐러,,,,소설,,https://dongne.co/events/df2504/circles/140912,제29회 디. 페스타,Day1
도토리 팝니다,요망,,,,,2sp,앙스타,은혼,,미케지마 마다라,마다라X안즈,로맨틱,,만화,ma1dara,https://dongne.co/events/df2504/circles/142289,제29회 디. 페스타,Day1
맛있는 파스타,sagak,,,,,4sp,괴담출근,스타레일,,,,,,,,https://dongne.co/events/df2504/circles/140782,제29회 디. 페스타,Day1
불곰파 부하들,윤불식,,,,,2sp,미스터리 방학 시리즈 (오리지널 단편 트윈지),앙스타,,스오우 츠카사,,,,"만화,일러스트",bulgompa_food,https://dongne.co/events/df2504/circles/142315,제29회 디. 페스타,Day1
소박한 만물상,웨이렌,,,,,2sp,오리지널 1차 창작,마비노기,,웨이렌과 매드,,,,"일러스트,공예",weiren_mad,https://dongne.co/events/df2504/circles/142726,제29회 디. 페스타,Day1
소소한 이야기,소소한 이야기,,,,,2sp,,,,,,,,,_studio_story,https://dongne.co/events/df2504/circles/141686,제29회 디. 페스타,Day1
스위트 오렌지,Dou,,,,,1sp,,슬램덩크,,,,,,,,https://dongne.co/events/df2504/circles/142297,제29회 디. 페스타,Day1
어쩌고 잡화점,담요,,,,,2sp,가비지타임,슬램덩크,,,,,,일러스트,Damyo_812,https://dongne.co/events/df2504/circles/141620,제29회 디. 페스타,Day1
우주의 물리학,Ar.in,,,,,2sp,스타트렉,스타워즈,,레너드 맥코이,,,,,,https://dongne.co/events/df2504/circles/140711,제29회 디. 페스타,Day1
이그월 컴퍼니,시그마,,,,,4sp,화산귀환,,,임소병,남궁도위X임소병,,일소가명,"만화,소설",TargetSigma,https://dongne.co/events/df2504/circles/142184,제29회 디. 페스타,Day1
전긍정 리스너,꾸이,,,,,2sp,니지산지,,,오리엔스 디티카,,,,"일러스트,공예",muneook,https://dongne.co/events/df2504/circles/142162,제29회 디. 페스타,Day1
파랑은 푸르다,포롱,,,,,2sp,가비지 타임,,,기상호,성준수X기상호,,최종수×기상호,"만화,소설",,https://dongne.co/events/df2504/circles/141253,제29회 디. 페스타,Day1
프릴리 데이즈,프릴리 데이즈,,,,,1sp,공예,,,,,,,게임,,https://dongne.co/events/df2504/circles/140994,제29회 디. 페스타,Day1
풍림맛 해파리 ,young9701,,,,,1sp,윈드브레이커,,윈브레 쁘띠존 : 방풍림 문화제,,,,,,110Mandarin,https://dongne.co/events/df2504/circles/141273,제29회 디. 페스타,Day1
고양이 만지면 (아마)물어요,트로키,,,,,1sp,WINDBREAKER,,윈브레 쁘띠존 : 방풍림 문화제,사쿠라 하루카,우메미야X사쿠라,로맨틱,스오사쿠,"일러스트,공예",thoche__,https://dongne.co/events/df2504/circles/141458,제29회 디. 페스타,Day1
자부심 가득한 곳,수수,,,,,2sp,게게게의 키타로,,,"키타로,미즈키,묘지키타로,묘지미즈키",,"섹슈얼,로맨틱",,"만화,소설",soosoo_bg,https://dongne.co/events/df2504/circles/140729,제29회 디. 페스타,Day1
마감을 성공할 수 있을까?,ㄹㅅ,,,,,1sp,데뷔못하면죽는병걸림,,,박문대,청려X문대,로맨틱,,일러스트,,https://dongne.co/events/df2504/circles/141572,제29회 디. 페스타,Day1
사랑은 언제나 □□,듀야,,,,,1sp,명탐정 코난,전지적시점,,"키드,코난,유중혁,김독자",,해당없음,유중혁 김독자,,althdyd,https://dongne.co/events/df2504/circles/141763,제29회 디. 페스타,Day1
이세계 슬라임 헌터,아즈,,,,,1sp,이세계 착각 헌터,,,,정하성X김기려,로맨틱,,"소설,기타",az_ech,https://dongne.co/events/df2504/circles/141366,제29회 디. 페스타,Day1
홍차로 물들인 노트,도리,,,,,2sp,윈브레,x,윈브레 쁘띠존 : 방풍림 문화제,,스오하야토X니레이 아키히코,해당없음,,만화,dori328921,https://dongne.co/events/df2504/circles/141395,제29회 디. 페스타,Day1
영원히 마감을 하는 부스,혁,,,,,1sp,데뷔 못 하면 죽는 병 걸림,주술회전,,,,,,,,https://dongne.co/events/df2504/circles/141849,제29회 디. 페스타,Day1
판타지 세계에 빠진 내가 종극엔 미연시와 테니스가 된 건에 관하여,MONO,,,,,2sp,테니스의 왕자,"빛과 밤의 사랑,러브앤딥스페이스",,,,"로맨틱,섹슈얼","차이수여주, 진운여주",소설,playlist_M0N0,https://dongne.co/events/df2504/circles/142716,제29회 디. 페스타,Day1
아니지 아니지 그건 사랑이지,semo,,,,,1sp,화산귀환,,,"장일소,청명",장일소X청명,"로맨틱,섹슈얼",,소설,HQ_SEMO,https://dongne.co/events/df2504/circles/140603,제29회 디. 페스타,Day1
청명한 하늘을 향해 나아가는,청명,,,,,2sp,MCU,,,Dr. Strange,,,,소설,SEREiN7_,https://dongne.co/events/df2504/circles/142756,제29회 디. 페스타,Day1
지고천 연구소 양재점,홍동,,,,,1sp,,,,,,,,,,https://dongne.co/events/df2504/circles/141877,제29회 디. 페스타,Day1
덕질에 빠져도 마감은 해야 하는 구나,괴도팡,,,,,2sp,괴담에 빠져도 출근을 해야 하는 구나,"데못죽,윈브레,사카데이,가비지타임",,,,,,,LUKAPANG__45,https://dongne.co/events/df2504/circles/140876,제29회 디. 페스타,Day1
마감을 못해도 부스를 내야 하는구나,"직장인, 괴담곰",,,,,2sp,괴담출근,,,,,,,,"djalked11d, Nightmare_Gom",https://dongne.co/events/df2504/circles/141556,제29회 디. 페스타,Day1
"치료가 필요할 정도로 심각한 '향수 중독증'입니다. 흥,",lollylover,,,,,1sp,섬유향수,디퓨저,,,,,,공예,AFS_allfactory,https://dongne.co/events/df2504/circles/143104,제29회 디. 페스타,Day1
고죠는 친구를 뭐라고 생각해?,프라,,,,,2sp,주술회전,,,"고죠 사토루,게토 스구루",고죠 사토루X게토 스구루,"섹슈얼,로맨틱",,만화,pravmfk,https://dongne.co/events/df2504/circles/141042,제29회 디. 페스타,Day1
고양이 펀치는 냥냥펀치,해서,,,,,1sp,윈브레 (WINDBREAKER),,윈브레 쁘띠존 : 방풍림 문화제,"스오 하야토,사쿠라 하루카",스오X사쿠,로맨틱,,일러스트,Haeseo_o,https://dongne.co/events/df2504/circles/142684,제29회 디. 페스타,Day1
스타크 레이빙 헤이즐넛,maybe,,,,,2sp,마블 시네마틱 유니버스(MCU),,,"닥터 스트레인지,토니 스타크",닥터 스트레인지X토니 스타크,로맨틱,,,_cvvv_oo,https://dongne.co/events/df2504/circles/140917,제29회 디. 페스타,Day1
이제는 정말로 결혼해야 할 때,만두,,,,,1sp,어두운 바다의 등불이 되어,,,"서지혁,이지현",서지혁X이지현,로맨틱,,소설,sseoguide196,https://dongne.co/events/df2504/circles/142193,제29회 디. 페스타,Day1
악마는 신에게 의존하지 않는다,입부지원서,,,,,1sp,아이실드21,,,,,,,,otkudeus_0,https://dongne.co/events/df2504/circles/141162,제29회 디. 페스타,Day1
수상할 정도로 거북이가 고양이를 언급함,맹,,,,,1sp,윈브레,,윈브레 쁘띠존 : 방풍림 문화제,"토가메 죠,사쿠라 하루카",토가메 죠X사쿠라 하루카,로맨틱,,"만화,일러스트",mg_4456,https://dongne.co/events/df2504/circles/141456,제29회 디. 페스타,Day1
우리가 사랑한..,저장,,,,,2sp,"플레이브,이착헌",피크민,,,,,,"만화,음반,소설",great_00,https://dongne.co/events/df2504/circles/142896,제29회 디. 페스타,Day1
골치가 아프네요,"크헹,밍기",,,,,1sp,"프로젝트세카이,붕괴스타레일",니지산지,,,,,,일러스트,"k_heng1223, nj_minggj",https://dongne.co/events/df2504/circles/141853,제29회 디. 페스타,Day1
돌아온 봇타쿠들,제자/돌래,,,,,2sp,트랜스포머,,,,,,,,"ok_jeja, pb_edge",https://dongne.co/events/df2504/circles/142093,제29회 디. 페스타,Day1
둘이나 낳지말지,DD,,,,,1sp,18trip,블루록,,키타카타,나기 세이시로X미카게 레오,,키타카타 형제(NCP) ,,D_1ND,https://dongne.co/events/df2504/circles/142128,제29회 디. 페스타,Day1
딸기맛 태웅대만,챌리스,,,,,2sp,슬램덩크,,,서태웅 정대만,서태웅X정대만,"로맨틱,섹슈얼",,"소설,만화,일러스트",chrs_1114,https://dongne.co/events/df2504/circles/141606,제29회 디. 페스타,Day1
무언가 나옵니다,MASOIDEA,,,,,2sp,MCU,더 퍼스트 슬램덩크,,,버키반즈X샘윌슨,로맨틱,,"만화,일러스트,소설",MASOIDEA,https://dongne.co/events/df2504/circles/141282,제29회 디. 페스타,Day1
뭐라도 내볼게요,루룬,,,,,1sp,가비지타임,,,박병찬,,,,,,https://dongne.co/events/df2504/circles/142263,제29회 디. 페스타,Day1
부수러 왔습니다,오시,,,,,2sp,니지산지JP,젠레스 존 제로,,,,,,,whosyour54,https://dongne.co/events/df2504/circles/142312,제29회 디. 페스타,Day1
센소지 켄타우리,SB,,,,,1sp,프로메어,Fate/Samurai Remnant,,,,,,,,https://dongne.co/events/df2504/circles/142139,제29회 디. 페스타,Day1
소소한 메이릴리,"메이, 소소",,,,,4sp,솜인형,솜인형용 악세사리,,,,,,공예,"sosohan611004, Ma_Li_garden",https://dongne.co/events/df2504/circles/140887,제29회 디. 페스타,Day1
소솜의 엋문가게,스노잉,,,,,2sp,데뷔 못 하면 죽는 병 걸림,앙상블 스타즈,,청려,청려X박문대,로맨틱,,,,https://dongne.co/events/df2504/circles/141210,제29회 디. 페스타,Day1
신기한 마법상점,어떤행성,,,,,4sp,해리포터,,,,,,,공예,,https://dongne.co/events/df2504/circles/141622,제29회 디. 페스타,Day1
염소가 강해졌다,또기,,,,,2sp,닥터스톤,,,,,,,,Juleffe00,https://dongne.co/events/df2504/circles/141632,제29회 디. 페스타,Day1
우주가 떠오른다,단,,,,,2sp,,,,,,,,일러스트,,https://dongne.co/events/df2504/circles/141861,제29회 디. 페스타,Day1
이리와 삼삼하게,이리,,,,,2sp,괴담에 떨어져도 출근을 해야 하는구나,,,올캐러,,,"빙추, 망무, 막상",일러스트,iri0012draw,https://dongne.co/events/df2504/circles/142129,제29회 디. 페스타,Day1
존재를 까먹었던 부스,deill,,,,,1sp,블랙배저,,,힐데베르트 탈레브 기반 올캐러,,,,일러스트,,https://dongne.co/events/df2504/circles/141239,제29회 디. 페스타,Day1
심연을 바라보면 나도 왹,완두콩,,,,,1sp,이세계 착각 헌터,,,올 캐릭터,,,,공예,,https://dongne.co/events/df2504/circles/141470,제29회 디. 페스타,Day1
괴담에 떨어져도 출근 안 함,기씨,,,,,1sp,괴담에 떨어져도 출근을 해야 하는구나,"블루록,화산귀환",,"당보,청명,진나솔,은하제",,해당없음,,소설,dasul0404,https://dongne.co/events/df2504/circles/141739,제29회 디. 페스타,Day1
후우린 길고양이 보호 협회,주피,,,,,1sp,윈브레,,윈브레 쁘띠존 : 방풍림 문화제,"사쿠라 하루카,우메미야 하지메",우메미야X사쿠라,로맨틱,"토가사쿠, 사쿠라른",소설,jupi_winbre,https://dongne.co/events/df2504/circles/141701,제29회 디. 페스타,Day1
괴담에 떨어져도 출근 못하면 죽는 병에 걸림,쥬피,,,,,1sp,"데뷔 못 하면 죽는 병 걸림,괴담에 떨어져도 출근을 해야 하는구나",,,,,,,,,https://dongne.co/events/df2504/circles/143202,제29회 디. 페스타,Day1
솔음아 퇴근하고 싶어?,ㄹㅇ,,,,,1sp,괴담에 떨어져도 출근을 해야 하는구나,"이세계 착각 헌터,라가,혼불",,"김솔음,브라운,이자헌,백사헌,J3,레밍",브라운X김솔음,로맨틱,,"만화,일러스트,기타",,https://dongne.co/events/df2504/circles/140847,제29회 디. 페스타,Day1
중원의 로미오와 줄리엣,필명,,,,,1sp,화산귀환,,,"청명,이송백",청명X송백,로맨틱,,,,https://dongne.co/events/df2504/circles/142132,제29회 디. 페스타,Day1
후우린 흔들리니 치였다,뱀팡,,,,,2sp,윈브레,"도쿄리벤저스,블루록",,사쿠라,토가메X사쿠라,,,,nupang_DRB,https://dongne.co/events/df2504/circles/141815,제29회 디. 페스타,Day1
괴수가 출현해도 출근을 해야 하는구나.,린,,,,,2sp,괴수8호,괴담에 떨어져도 출근을 해야 하는구나.,,청명,,,,기타,mixacc_01,https://dongne.co/events/df2504/circles/141311,제29회 디. 페스타,Day1
마감에 도전하는 용감한 부스러,"연, 키림",,,,,2sp,"프롤로그 스토리,천관사복","아역부터 월드스타,이런 영웅은 싫어,마법명가 차남으로 살아남는 법",,,,,,"일러스트,소설",con_net_cl,https://dongne.co/events/df2504/circles/142866,제29회 디. 페스타,Day1
중원의 중심에서 화산을 외치다,매화,,,,,2sp,화산귀환,,,"청명,임소병,윤종",,,,,hwasan_maehwa,https://dongne.co/events/df2504/circles/142278,제29회 디. 페스타,Day1
차원을 넘나드는 캐럿의 혼잣말,올런,,,,,1sp,약사의 혼잣말,"닌타마 란타로,세븐틴",,마오마오,,로맨틱,,,2D_OlEn,https://dongne.co/events/df2504/circles/140728,제29회 디. 페스타,Day1
괴담에 떨어져도 대학은 가야하는구나,김말이,,,,,1sp,가비지타임,괴담출근,,성준수,성준수X기상호,로맨틱,,일러스트,0bic2510,https://dongne.co/events/df2504/circles/142582,제29회 디. 페스타,Day1
축구에 떨어져도 외계인은 괴담이 하고 싶어,"탄양파인간, 319, 도토리사장",,,,,2sp,블루록,"이세계 착각 헌터,괴담에 떨어져도 출근을 해야하는 구나",,,,,,"공예,일러스트",,https://dongne.co/events/df2504/circles/141100,제29회 디. 페스타,Day1
미래의 정희찬이 책임질걸?,아레카야자,,,,,2sp,가비지타임,,,,,,,,,https://dongne.co/events/df2504/circles/140544,제29회 디. 페스타,Day1
진원조 순애국밥 하코다테점,한덕봉,,,,,1sp,골든 카무이,슬램덩크,골든 카무이 쁘띠존 ,우이루쿠,,,,"만화,일러스트",far_from_refuge,https://dongne.co/events/df2504/circles/142369,제29회 디. 페스타,Day1
이름을 어찌해야.. ,고도,,,,,2sp,,페이트/그랜드 오더,,,,,,만화,En_A_godot,https://dongne.co/events/df2504/circles/142354,제29회 디. 페스타,Day1
고게로 회귀합니다,사,,,,,2sp,주술회전,,,"고죠 사토루,게토 스구루",고죠 사토루X게토 스구루,"로맨틱,섹슈얼",,만화,gnlr_572,https://dongne.co/events/df2504/circles/142692,제29회 디. 페스타,Day1
신비한 장르연구회,J,,,,,1sp,"콜오브듀티,오버워치,스파이더맨 어크로스 더 유니버스",,,,,,,,4tleastoneforU,https://dongne.co/events/df2504/circles/141361,제29회 디. 페스타,Day1
쏘블루 팝업스토어,BB,,,,,2sp,블루자이언트,,,,,,,,_born_blue,https://dongne.co/events/df2504/circles/141171,제29회 디. 페스타,Day1
한입만 드셔보세요,단소,,,,,2sp,블루자이언트,"에리오스R,로드 오브 히어로즈,아이돌리쉬 세븐,어두운 바다의 등불이 되어",,,,,,,,https://dongne.co/events/df2504/circles/142903,제29회 디. 페스타,Day1
화음현 도떼기시장,연푸른,,,,,2sp,화산귀환,,,올캐릭터,,,,"소설,일러스트,공예",trapcardmim,https://dongne.co/events/df2504/circles/141690,제29회 디. 페스타,Day1
일단은 신청해보는 부스,Myacc,,,,,2sp,,,,,,,,,,https://dongne.co/events/df2504/circles/140604,제29회 디. 페스타,Day1
은혼을 낉여오너라..,비타,,,,,2sp,천관사복,은혼,,화련,화성X사련,해당없음,,,banbaji5,https://dongne.co/events/df2504/circles/140582,제29회 디. 페스타,Day1
반박시 에고이스트슛,집사,,,,,1sp,블루록,,,"이토시 린,이사기 요이치",이토시 린X이사기 요이치,로맨틱,,"일러스트,소설",b1ue_butler,https://dongne.co/events/df2504/circles/142264,제29회 디. 페스타,Day1
어둠의 녹색어머니회,미스틱,,,,,2sp,슬램덩크,,,김수겸,성현준X김수겸,로맨틱,,,noye_mystic,https://dongne.co/events/df2504/circles/142215,제29회 디. 페스타,Day1
가슴의 크기만큼이나 정신병 심한 남정네들,"리포,종수,지옥행급행열차",,,,,2sp,원피스,,드레스로자 분쟁조정위원회,"도플라밍고,로우,코라손",,,,"만화,소설,기타",porkcutlet_lipo,https://dongne.co/events/df2504/circles/142386,제29회 디. 페스타,Day1
대가리! 대가리! 대가리!,화,,,,,1sp,화산귀환,,,청명,,,,,byugging_,https://dongne.co/events/df2504/circles/141669,제29회 디. 페스타,Day1
멘헤라? 아니 맨+헤라! 마망의 남신~!,재리,,,,,1sp,가비지타임,슬램덩크,,"성준수,전영중",,섹슈얼,,만화,jaehwarii,https://dongne.co/events/df2504/circles/142723,제29회 디. 페스타,Day1
시엘로&마레 잡화점,akisage,,,,,1sp,,,,,,,,,yuraseon00,https://dongne.co/events/df2504/circles/141332,제29회 디. 페스타,Day1
가보자고,멍자,,,,,1sp,룩백,,,쿄모토,,,,만화,galchiii,https://dongne.co/events/df2504/circles/142924,제29회 디. 페스타,Day1
가보자고,가보자고,,,,,2sp,가비지타임,데못죽,,"지상고 / 기상호,정희찬 / 차유진,김래빈",기상호X정희찬,로맨틱,"유진래빈, 준수재유, 병찬초원","만화,일러스트",,https://dongne.co/events/df2504/circles/142481,제29회 디. 페스타,Day1
가짜동맹,이창수,,,,,1sp,,,,,,,,,,https://dongne.co/events/df2504/circles/141901,제29회 디. 페스타,Day1
각자도생,나발,,,,,1sp,,,,,,,,,,https://dongne.co/events/df2504/circles/140575,제29회 디. 페스타,Day1
고게랜드,"오탑, 라라",,,,,2sp,주술회전,,,"고죠 사토루,게토 스구루",고죠 사토루X게토 스구루,로맨틱,,"만화,일러스트","otav_572, goge_lara572",https://dongne.co/events/df2504/circles/141281,제29회 디. 페스타,Day1
곰돌실업,곰돌실업 뜨개사업부,,,,,2sp,슬램덩크,,,서태웅 정대만,,로맨틱,,공예,Gomdolsilup,https://dongne.co/events/df2504/circles/141601,제29회 디. 페스타,Day1
교자명가,만두대왕,,,,,1sp,닌타마 란타로,,,,,,,,,https://dongne.co/events/df2504/circles/140629,제29회 디. 페스타,Day1
구멍가게,,,,,,2sp,원피스,포켓몬스터(게임),,로브 루치,,로맨틱,,"일러스트,만화,사진",sayakdrinking,https://dongne.co/events/df2504/circles/141406,제29회 디. 페스타,Day1
구몽가게,구모,,,,,2sp,가비지타임,화산귀환,,"성준수,청명,당보",청명X당보,로맨틱,,,gumoarchive,https://dongne.co/events/df2504/circles/141263,제29회 디. 페스타,Day1
내일도옴,"베띠, 크런치, 우뉴",,,,,2sp,페르소나,"보카로,프세카",,,,,,일러스트,"xx_betti, LUN_CH_, unnuluv",https://dongne.co/events/df2504/circles/141925,제29회 디. 페스타,Day1
네코마마,"레이카, 마키시, 시에",,,,,2sp,데뷔 못 하면 죽는 병 걸림,,,"박문대(오른쪽) / 테스타,브이틱",,,,,"rayca01, makisi17, sye51244kk, nekomoms",https://dongne.co/events/df2504/circles/140766,제29회 디. 페스타,Day1
다정한집,냘구,,,,,2sp,,,,,,,,만화,apricot_tarte_,https://dongne.co/events/df2504/circles/141045,제29회 디. 페스타,Day1
담장아래,담장아래,,,,,2sp,창작 일러스트,,,,,,,일러스트,alae_damjang,https://dongne.co/events/df2504/circles/141667,제29회 디. 페스타,Day1
대태타락,생선장수,,,,,2sp,슬램덩크,,,송태섭,,"로맨틱,섹슈얼",,"만화,소설",,https://dongne.co/events/df2504/circles/141014,제29회 디. 페스타,Day1
대파가루,태서,,,,,2sp,괴담에 떨어져도 출근을 해야 하는구나,전지적 독자 시점,,,,,,일러스트,seo123te,https://dongne.co/events/df2504/circles/141534,제29회 디. 페스타,Day1
댄싱래빗,댄싱래빗,,,,,2sp,,,,,,,,,oyo_atelier,https://dongne.co/events/df2504/circles/141402,제29회 디. 페스타,Day1
두부그림,두부,,,,,1sp,1차창작,"블루아카이브,보컬로이드,봇치더락",,,,,,"만화,일러스트",dooboo200,https://dongne.co/events/df2504/circles/141831,제29회 디. 페스타,Day1
뒹굴뒹굴,돕돕돕,,,,,2sp,,,,,,,,,,https://dongne.co/events/df2504/circles/142274,제29회 디. 페스타,Day1
딸기빙수,eno,,,,,1sp,원신,젠레스존제로,,,,,,만화,,https://dongne.co/events/df2504/circles/140745,제29회 디. 페스타,Day1
띠차띠차,테차,,,,,1sp,슈퍼 단간론파 어나더,,,마쿠요미마쿠,마쿠노우치 하지메X요미우리 니케이,,,"만화,기타",MYM1N6150V3R,https://dongne.co/events/df2504/circles/143191,제29회 디. 페스타,Day1
러브앤문,러브앤문,,,,,2sp,,,,,,,,공예,,https://dongne.co/events/df2504/circles/141671,제29회 디. 페스타,Day1
마요공방,Roro,,,,,2sp,수공예,,,,,,,,,https://dongne.co/events/df2504/circles/141945,제29회 디. 페스타,Day1
먼멍냔냥,먼지,,,,,2sp,윈드브레이커(일본만화),,윈브레 쁘띠존 : 방풍림 문화제,사쿠라 하루카,,로맨틱,,"만화,일러스트",dustcat_0,https://dongne.co/events/df2504/circles/143125,제29회 디. 페스타,Day1
모몬가즈,모구토,,,,,2sp,괴담에 떨어져도 출근을 해야 하는구나,내가 키운 S급들,,,브라운X김솔음,,솔음른,,,https://dongne.co/events/df2504/circles/140763,제29회 디. 페스타,Day1
묘크림빵,도묘,,,,,2sp,프로젝트 세카이,젠레스 존 제로,,"시라이시 안,아즈사와 코하네",,,,일러스트,"m_2__o, pskpream",https://dongne.co/events/df2504/circles/141944,제29회 디. 페스타,Day1
무릉도원,벽도랑,,,,,1sp,진혼기,"반월당,화산귀환,광마회귀",,,자하X설영,,,"만화,일러스트,소설",byeokdolang,https://dongne.co/events/df2504/circles/141124,제29회 디. 페스타,Day1
문어구이,문어구이,,,,,2sp,데못죽,플레이브,,박문대,박문대,섹슈얼,아현문대,,hwiyyen,https://dongne.co/events/df2504/circles/140923,제29회 디. 페스타,Day1
미래해도,lacuna,,,,,2sp,,,,,,,,,,https://dongne.co/events/df2504/circles/142550,제29회 디. 페스타,Day1
별긍상점,별긍,,,,,2sp,,,,"토곰이,곰돌이,긍냥이",,,,일러스트,byeol_geung,https://dongne.co/events/df2504/circles/143102,제29회 디. 페스타,Day1
부스출근,yaming,,,,,2sp,괴담출근,이세계착각헌터,,"j3,브라운,레밍",,,,,kimnarbi,https://dongne.co/events/df2504/circles/142138,제29회 디. 페스타,Day1
비상대기,요아,,,,,1sp,,,,,,,,,,https://dongne.co/events/df2504/circles/142351,제29회 디. 페스타,Day1
비석취향,"새부리, 카로",,,,,2sp,원피스,화산귀환,,,,,,,"asebury, karo_pic",https://dongne.co/events/df2504/circles/140610,제29회 디. 페스타,Day1
쁘띠뽀짝,뽀짝쿵야,,,,,1sp,"데못죽,플레이브,괴담출근,이착헌","뮤지컬 프랑켄슈타인,화산귀환,코난,하이큐,슬램덩크",,,,,,,BBoJJaKKyu,https://dongne.co/events/df2504/circles/140886,제29회 디. 페스타,Day1
사과농장,사과,,,,,2sp,가비지타임,,,,기상호X박병찬,"로맨틱,섹슈얼",,,,https://dongne.co/events/df2504/circles/141530,제29회 디. 페스타,Day1
산들산들,은아,,,,,1sp,앙상블스타즈!!,,,"세나 이즈미,츠키나가 레오,knights",,로맨틱,,,il_unaa,https://dongne.co/events/df2504/circles/141916,제29회 디. 페스타,Day1
샤부샤부,아무,,,,,2sp,,,,,,,,,,https://dongne.co/events/df2504/circles/142360,제29회 디. 페스타,Day1
시한농놀,시한,,,,,2sp,가비지타임,,,"전영중,성준수",전영중X성준수,로맨틱,,"만화,일러스트",see_han_,https://dongne.co/events/df2504/circles/142492,제29회 디. 페스타,Day1
신청이반,창고계정,,,,,1sp,,,,,,,,소설,B2Geon,https://dongne.co/events/df2504/circles/142925,제29회 디. 페스타,Day1
십리십리,십리,,,,,2sp,이합화타적백묘사존,"전지적독자시점,진혼기,1차 BL",,"유중혁,김독자,자하,설영",유중혁X김독자,로맨틱,자하설영,일러스트,10n_nri,https://dongne.co/events/df2504/circles/140966,제29회 디. 페스타,Day1
쏭빵쏭빵,쏭쏭,,,,,2sp,괴담출근,사카데이 도리벤 가비지타임 괴수8호 창작 등등,,김솔음 이자헌 백사헌 나구모 산즈하루치요,,,,,Ssongmanga,https://dongne.co/events/df2504/circles/141940,제29회 디. 페스타,Day1
어영부영,깨알,,,,,2sp,명탐정코난,"하이큐,가비지타임",,,야마토 칸스케X모로후시 타카아키,,,"소설,공예,기타",,https://dongne.co/events/df2504/circles/141625,제29회 디. 페스타,Day1
업보감옥,"히키, 부비",,,,,2sp,아이돌리쉬 세븐(아이나나),"프리티 시리즈(오로라드림,디어마이퓨처,킹프리),죠죠,카리스마,니지산지",,,니카이도 야마토X이즈미 미츠키,,,"일러스트,만화",,https://dongne.co/events/df2504/circles/141768,제29회 디. 페스타,Day1
연성술사,일쥐,,,,,2sp,화산귀환,광마회귀,,,,,,,alchemist_for,https://dongne.co/events/df2504/circles/142771,제29회 디. 페스타,Day1
와플글방,물망초,,,,,2sp,화산귀환,,,"당보,청명",당보X청명,로맨틱,,소설,mardred1010,https://dongne.co/events/df2504/circles/142089,제29회 디. 페스타,Day1
우리두리,이름,,,,,2sp,백합,,,,,,,"만화,일러스트",fe40536__,https://dongne.co/events/df2504/circles/142876,제29회 디. 페스타,Day1
은민상점,은민,,,,,1sp,,,,,,,,일러스트,em913em,https://dongne.co/events/df2504/circles/141883,제29회 디. 페스타,Day1
은전한닢,연두부,,,,,1sp,,,,,,,,소설,herteabox,https://dongne.co/events/df2504/circles/141668,제29회 디. 페스타,Day1
인삼낙지,히유,,,,,1sp,윈드브레이커,"블루록,플레이브",윈브레 쁘띠존 : 방풍림 문화제,사쿠라,,"로맨틱,섹슈얼","사쿠른, 이사른","일러스트,기타",hiiu_hiiu,https://dongne.co/events/df2504/circles/142601,제29회 디. 페스타,Day1
인외러버,사사육,,,,,1sp,괴담에 떨어져도 출근을 해야 하는구나,엔시티위시,,"김솔음,브라운",,,,일러스트,446_desune,https://dongne.co/events/df2504/circles/141422,제29회 디. 페스타,Day1
종상서점,재활/기하,,,,,1sp,가비지타임,,,최종수 기상호,,"로맨틱,섹슈얼",,만화,rept_06,https://dongne.co/events/df2504/circles/141022,제29회 디. 페스타,Day1
카페오레,허브,,,,,2sp,스타레일,"원신,프로세카",,,,,,,hb_rosemary,https://dongne.co/events/df2504/circles/141021,제29회 디. 페스타,Day1
큐야에이,aran,,,,,1sp,누카니발,,,"큐야,에이트",,,,만화,aawhffu,https://dongne.co/events/df2504/circles/141544,제29회 디. 페스타,Day1
큐트깜찍,욭시,,,,,2sp,데못죽,괴담출근 가비지타임,,,,,,,hamzzu123,https://dongne.co/events/df2504/circles/140959,제29회 디. 페스타,Day1
킬더실버,그은,,,,,2sp,,,,,,,,공예,kil_the_silver,https://dongne.co/events/df2504/circles/141647,제29회 디. 페스타,Day1
토마토맛,HO,,,,,2sp,윈브레,,윈브레 쁘띠존 : 방풍림 문화제,,,,우메미야 하지메x히이라기 토마,,77HO_i7,https://dongne.co/events/df2504/circles/141147,제29회 디. 페스타,Day1
하울공방,하울공방,,,,,2sp,,,,,,,,,Live_OAO,https://dongne.co/events/df2504/circles/141427,제29회 디. 페스타,Day1
해피콩이,rin,,,,,1sp,데못죽,,,,,,,일러스트,,https://dongne.co/events/df2504/circles/142067,제29회 디. 페스타,Day1
환상뜨락,환상뜨락,,,,,2sp,"탑로더,탑꾸,키링",,,,,,,공예,Dreamy_garden,https://dongne.co/events/df2504/circles/141581,제29회 디. 페스타,Day1
하롱살롱 / 겨울의꿈,하롱살롱,,,,,4sp,,,,,,,,공예,,https://dongne.co/events/df2504/circles/140882,제29회 디. 페스타,Day1
닌타마의 별,올백,,,,,2sp,닌타마 란타로,,,,,해당없음,"이사케마, 라이5로, 아야타키",만화,ohyakuten,https://dongne.co/events/df2504/circles/142818,제29회 디. 페스타,Day1
레스기릿 파 합시다,처니,,,,,2sp,골든카무이,,골든 카무이 쁘띠존 ,올캐러,스기모토X아시리파,로맨틱,,만화,chanchan_yeyo,https://dongne.co/events/df2504/circles/142525,제29회 디. 페스타,Day1
문과라도 안 죄송한 배저로 감,"시오, 키 우",,,,,1sp,블랙배저,"문송안함,진혼기,화산귀환,마차살",,힐데베르트,,,,"소설,만화,사진,공예,조형,일러스트","dankixio, hwaljaJD",https://dongne.co/events/df2504/circles/141657,제29회 디. 페스타,Day1
동인녀의 약속,고장난라디오,,,,,2sp,"마법사의 약속,오오에",,,,,,,소설,_e7a59e,https://dongne.co/events/df2504/circles/142482,제29회 디. 페스타,Day1
사카모토 벨로,벨로,,,,,1sp,사카모토데이즈,윈드브레이커,,,,,,일러스트,kurobina_win,https://dongne.co/events/df2504/circles/141469,제29회 디. 페스타,Day1
소복소복 비야,비야_W,,,,,2sp,신도야근을하나요,,,,,,,일러스트,woobin124,https://dongne.co/events/df2504/circles/140926,제29회 디. 페스타,Day1
스튜디오 묘니,스튜디오묘니,,,,,2sp,"포밍이와 친구들,바닷속 친구들",,,,,,,,studio_myoni,https://dongne.co/events/df2504/circles/141800,제29회 디. 페스타,Day1
작당모의 본점,157,,,,,2sp,니지산지,"화산귀환,봇치더락",,"와타라이 히바리,알반,써니",,,,일러스트,157eg,https://dongne.co/events/df2504/circles/142575,제29회 디. 페스타,Day1
작당모의 분점,모히,,,,,2sp,가비지타임,"니지산지,봇치 더 락,화산귀환",,"박병찬,최종수,써니,알반",,,,일러스트,MOHEE_E,https://dongne.co/events/df2504/circles/141399,제29회 디. 페스타,Day1
찐따들의 순애,"끼니, 도시괴담, 라커",,,,,2sp,블루록,,,,이토시 사에X이토시 린,"로맨틱,섹슈얼",나기레오,"만화,일러스트",toshikaidan,https://dongne.co/events/df2504/circles/142322,제29회 디. 페스타,Day1
초자연의 역습,얼론,,,,,2sp,수퍼내추럴,스타워즈,,"딘 윈체스터,샘 윈체스터,오비완 케노비,아나킨 스카이워커",샘 윈체스터X딘 윈체스터,섹슈얼,,만화,alal_alone,https://dongne.co/events/df2504/circles/142159,제29회 디. 페스타,Day1
쿠로켄을 믿기,뽕구,,,,,1sp,하이큐!!,카리스마,,,쿠로오 테츠로X코즈메 켄마,,,,,https://dongne.co/events/df2504/circles/141731,제29회 디. 페스타,Day1
플블른만 먹는 집,PPOROM,,,,,1sp,18TRIP,,,"오오구로 카프카,하마사키 모미지,days",,로맨틱,,"만화,일러스트",from_PPOROM,https://dongne.co/events/df2504/circles/142304,제29회 디. 페스타,Day1
가판대에 오신 걸 환영합니다,점소이13,,,,,2sp,화산귀환,,,,,,,공예,yujihye83435729,https://dongne.co/events/df2504/circles/142845,제29회 디. 페스타,Day1
골목식당 선교 협회,리라,,,,,1sp,ㅊㅅㅇㅁ,,,,사리엘X라구엘,,,만화,ctda4289,https://dongne.co/events/df2504/circles/142908,제29회 디. 페스타,Day1
당장로가 그걸 어찌 아시오?,소탐,,,,,2sp,화산귀환,,,"청명,당보",청명X당보,"로맨틱,섹슈얼",,소설,tam82930524,https://dongne.co/events/df2504/circles/141264,제29회 디. 페스타,Day1
부스라고 쓰고 슈뢰딩거의 마감일정이라고 읽는,마루/커션,,,,,2sp,"Fate/Grand Order,마법사의 약속",18TRIP,,,,로맨틱,,"소설,일러스트","S97kf2hQr8cxiSp, CAUTION23943992",https://dongne.co/events/df2504/circles/141388,제29회 디. 페스타,Day1
"코라손은 심장, 마음, 사랑, 애정을 뜻합니다...",22,,,,,1sp,원피스,,드레스로자 분쟁조정위원회,"트라팔가 로,돈키호테 로시난테",로우X코라손,,,,,https://dongne.co/events/df2504/circles/141680,제29회 디. 페스타,Day1
네모스낵 문어맛,이로,,,,,2sp,사카모토 데이즈,극락가 팬텀버스터즈,,사카모토 신 나구모 시시바,,,,,otairoku,https://dongne.co/events/df2504/circles/141222,제29회 디. 페스타,Day1
도마뱀의 보물함,해룡,,,,,2sp,,,,,,,,"공예,일러스트,기타",tlzn01,https://dongne.co/events/df2504/circles/140663,제29회 디. 페스타,Day1
마작패랑 주사위,김몽당,,,,,1sp,"아카기,카이지",,FKMT 쁘띠존 : 자와르르맨션,"아카기,카이지",아카기X카이지,"로맨틱,섹슈얼",,만화,pencilnoking,https://dongne.co/events/df2504/circles/142892,제29회 디. 페스타,Day1
보후우린 방범대,하루,,,,,2sp,윈브레(WIND BREAKER),,윈브레 쁘띠존 : 방풍림 문화제,"사쿠라 하루카,스오 하야토,니레이 아키히코,카지 렌,우메미야 하지메,스기시타 쿄타로,키류 미츠키,엔도 야마토,타키이시 치카,토가메 죠 등등",사쿠라른,"로맨틱,해당없음",,"만화,일러스트,공예,기타",Haruka_saku04,https://dongne.co/events/df2504/circles/141771,제29회 디. 페스타,Day1
사이쿄대 문예부,사라사,,,,,1sp,아이실드21,,,히루마 요이치,콘고아곤X히루마요이치,"로맨틱,섹슈얼",무사히루,"만화,일러스트,사진",salasa075,https://dongne.co/events/df2504/circles/140657,제29회 디. 페스타,Day1
서툴지만 괜찮아,화설,,,,,1sp,원신 및 스타레일,원신 및 스타레일,,원신 및 스타레일 캐릭터,닥터 레이시오X어벤츄린,로맨틱,,일러스트,Hwaseol167088,https://dongne.co/events/df2504/circles/142880,제29회 디. 페스타,Day1
최종병기 국세청,포터필터,,,,,1sp,이세계 착각 헌터,,,,,,,,,https://dongne.co/events/df2504/circles/140869,제29회 디. 페스타,Day1
카르멘의 순애보,마자영 라코,,,,,2sp,카르멘의 순애보,,,,,,,,uiyeoung,https://dongne.co/events/df2504/circles/140835,제29회 디. 페스타,Day1
카트리지 잡화점,모개 M5GAE,,,,,1sp,창작 캐릭터,,,쿠키&우유 외 여러가지,,,,"기타,일러스트",m5gae,https://dongne.co/events/df2504/circles/143059,제29회 디. 페스타,Day1
두근두근 잡덕의 삶,무야,,,,,1sp,원피스,가정교사 히트맨 리본,,"ASL,돞코로,나미삼 및 여러 가히리 캐릭터",,,,,MUYA_SAY,https://dongne.co/events/df2504/circles/142190,제29회 디. 페스타,Day1
생각하지 않도록 도 와 줄 게,미밍,,,,,2sp,키타로 탄생 게게게의 수수께끼,"죠죠의 기묘한 모험,그랑블루 판타지",,,,"섹슈얼,로맨틱",,"만화,소설,기타",,https://dongne.co/events/df2504/circles/140877,제29회 디. 페스타,Day1
도쿠타케 최강의 부스,스리루,,,,,2sp,닌자보이 란타로,,,아야베 키하치로,타이라노 타키야샤마루X아야베 키하치로,로맨틱,"쇼히코,리도이,코헤쵸","만화,일러스트,소설",seulilu193680,https://dongne.co/events/df2504/circles/143108,제29회 디. 페스타,Day1
토요일은 에레가 좋아,쿠릉쿠릉,,,,,1sp,앙상블스타즈,,,,텐쇼인 에이치X츠키나가 레오,"로맨틱,섹슈얼",,만화,e2le5,https://dongne.co/events/df2504/circles/141749,제29회 디. 페스타,Day1
신청하면 뭐라도 나온다 ,"버서커, LUKKER",,,,,2sp,니지산지,,,"쿠로노와,볼택션",,,,,karena139,https://dongne.co/events/df2504/circles/141274,제29회 디. 페스타,Day1
모르겠고 원덕임 원피스 하는 원덕라인,해현,,,,,2sp,원피스,,,트라팔가 로우,스모커X트라팔가 로우,로맨틱,,"만화,소설,공예",Law_S2__,https://dongne.co/events/df2504/circles/140588,제29회 디. 페스타,Day1
사막에서 엘데의 외계인이 하는 말 원더호이,기솜,,,,,2sp,이세계 착각 헌터,"프로젝트 세카이,트라이건",,"밧슈 더 스탬피드,니콜라스 D. 울프우드",루이X츠카사,,"기려창호, 네네에무","만화,일러스트",,https://dongne.co/events/df2504/circles/142181,제29회 디. 페스타,Day1
게게게의 저녁식사,Ravene,,,,,1sp,키타로 탄생 게게게의 수수께끼,,,"게게로,미즈키,키타로",,,,"만화,기타",Ravene_hbb,https://dongne.co/events/df2504/circles/140814,제29회 디. 페스타,Day1
고양이랑 마을순찰,난천,,,,,2sp,윈브레,,윈브레 쁘띠존 : 방풍림 문화제,사쿠라 하루카,,로맨틱,"스오사쿠, 우메사쿠, 토가사쿠",일러스트,hare_1128,https://dongne.co/events/df2504/circles/142874,제29회 디. 페스타,Day1
군가산장 닭백숙집,근(무태만),,,,,1sp,나의 히어로 아카데미아,,,"다비,호크스",다비X호크스,로맨틱,,,DH_flamewing24,https://dongne.co/events/df2504/circles/141460,제29회 디. 페스타,Day1
대화산파 취재기록,화기자,,,,,2sp,화산귀환,,,,당보X청명,,,,hs_gija,https://dongne.co/events/df2504/circles/140938,제29회 디. 페스타,Day1
사쿠냥네 과자가게,라미,,,,,1sp,윈드브레이커,괴담출근,윈브레 쁘띠존 : 방풍림 문화제,,,,사쿠른,기타,winb_0119,https://dongne.co/events/df2504/circles/143047,제29회 디. 페스타,Day1
사토시와 미노루네,"여, 태",,,,,1sp,슬램덩크,,,"서태웅,송태섭,김낙수,최동오,정대만",서태웅X송태섭,로맨틱,"낙수태섭, 낙수동오, 대만동오",소설,B_T_0731,https://dongne.co/events/df2504/circles/142273,제29회 디. 페스타,Day1
산지직송 회지맛집,새,,,,,2sp,데뷔 못 하면 죽는 병 걸림,,,박문대,차유진X박문대,"로맨틱,섹슈얼","래빈문대, 문대른","만화,일러스트,소설",5ngbird,https://dongne.co/events/df2504/circles/142008,제29회 디. 페스타,Day1
성배밥집 루비콘점,개피,,,,,2sp,FGO 페이트 그랜드 오더,아머드코어,,621 이구아수 오키프 러스티,621X이구아수,섹슈얼,헥토르x만드리카르도,만화,,https://dongne.co/events/df2504/circles/142345,제29회 디. 페스타,Day1
손목잃고 덕질하기,기뮨,,,,,2sp,,,,,,,,,,https://dongne.co/events/df2504/circles/141539,제29회 디. 페스타,Day1
우당탕탕 마감파티,oksu121212,,,,,2sp,이누야샤,란마 코난 프세카,,,,,,,rktldtld,https://dongne.co/events/df2504/circles/141327,제29회 디. 페스타,Day1
천마재림 맘마미아,영감,,,,,1sp,천마돌,,,,,,,,High_gji,https://dongne.co/events/df2504/circles/140947,제29회 디. 페스타,Day1
첫사랑은 아니지만,　,,,,,1sp,명탐정 코난,,신른 쁘띠존_ 추리와 연애의 상관관계,,후루야 레이X쿠도 신이치,,,,,https://dongne.co/events/df2504/circles/142710,제29회 디. 페스타,Day1
츠루미의 튀김가게,튀김차,,,,,1sp,골든 카무이,사이퍼즈,골든 카무이 쁘띠존 ,,,,,"만화,소설",frycar_gk,https://dongne.co/events/df2504/circles/142985,제29회 디. 페스타,Day1
프린세스 사교클럽,이비,,,,,2sp,화산귀환,가비지타임 프세카 역전재판,,"청명,기상호",최종수X기상호,로맨틱,,"소설,만화,기타,일러스트",H_la2626,https://dongne.co/events/df2504/circles/142141,제29회 디. 페스타,Day1
호스트는 살인이다,"만섭,스우",,,,,2sp,코드기어스,"스킵과로퍼,오란고교,블루록",,,,,,,pocket0jun,https://dongne.co/events/df2504/circles/140836,제29회 디. 페스타,Day1
키타신지 결혼해라 (초코구미 돌발 배포본 나옵니다),먹,,,,,2sp,"특촬,가면라이더 류우키,가면라이더 가브","가면라이더,슈퍼전대",,"카라키다 한토,쇼마,아키야마 렌,키도 신지",,로맨틱,"초코구미,한토쇼마, 렌신지, 키타신지","만화,일러스트",,https://dongne.co/events/df2504/circles/141283,제29회 디. 페스타,Day1
사숙이랑 사질이랑 그런 사이래,6월,,,,,2sp,화산귀환,,,청명,백천X청명,"로맨틱,섹슈얼",,소설,06__28__,https://dongne.co/events/df2504/circles/142668,제29회 디. 페스타,Day1
후우린의 은빛늑대 사쿠라,유마,,,,,1sp,윈브레 / 윈드브레이커,,윈브레 쁘띠존 : 방풍림 문화제,,스오 하야토X사쿠라 하루카,로맨틱,,만화,,https://dongne.co/events/df2504/circles/141054,제29회 디. 페스타,Day1
서커스에 떨어져도 흡혈귀 사냥꾼을 해야하는구나,"소비라, 잔먹, 해삼",,,,,2sp,월야환담,"The Amazing Digital Circus(TADC),괴담출근,로드 오브 히어로즈",,,,로맨틱,,"게임,소설,만화",Zombiehelp_BB,https://dongne.co/events/df2504/circles/142738,제29회 디. 페스타,Day1
지옥열차 무임승차중,니다리가무다리,,,,,1sp,골든카무이,,골든 카무이 쁘띠존 ,,,,,"만화,일러스트",,https://dongne.co/events/df2504/circles/141607,제29회 디. 페스타,Day1
히지카타 니시파에게 효도할게요 ,DUCK,,,,,1sp,골든카무이,,골든 카무이 쁘띠존 ,히지카타 토시조,,,,"일러스트,만화,조형",small_dduck,https://dongne.co/events/df2504/circles/142471,제29회 디. 페스타,Day1
"언제든지, 기대.",365&7,,,,,2sp,플레이브,"죠죠,원피스,가비지타임,슬램덩크",,,,,,,247365sd,https://dongne.co/events/df2504/circles/140838,제29회 디. 페스타,Day1
원더있음!,제토,,,,,2sp,"프로젝트 세카이(프세카),역전재판","세포신곡,MIU404",,원더랜즈x쇼타임,텐마 츠카사X오오토리 에무,,,,zetoee,https://dongne.co/events/df2504/circles/141665,제29회 디. 페스타,Day1
중얼중얼.., 오지,,,,,2sp,유희왕,,,,,,,"만화,일러스트",OG__MAN,https://dongne.co/events/df2504/circles/140821,제29회 디. 페스타,Day1
너없으면...! 망해...!!!,"낙낙, 부랑자",,,,,2sp,전자오락수호대,"가비지타임,괴담출근",,"매뉴얼,패치,치트",매뉴얼X패치,,"치트패치, 영중준수",,,https://dongne.co/events/df2504/circles/141225,제29회 디. 페스타,Day1
갈라파고스,갈매기,,,,,2sp,이세계 착각 헌터,,,,,,,일러스트,gala8gos,https://dongne.co/events/df2504/circles/142963,제29회 디. 페스타,Day1
괴수데이즈,grea94,,,,,1sp,"괴수8호,사카모토데이즈",,,호시나,,해당없음,,,pongpong0725,https://dongne.co/events/df2504/circles/141368,제29회 디. 페스타,Day1
그렇게됐다,갸옹,,,,,2sp,괴담출근,전독시,,김솔음,브라운X김솔음,"로맨틱,섹슈얼","사헌솔음, 자헌솔음, 중혁독자","일러스트,만화",masitdaghost_77,https://dongne.co/events/df2504/circles/141479,제29회 디. 페스타,Day1
나나고스트,나나,,,,,2sp,괴담출근,괴담출근,,솔음,,,,"만화,일러스트",banana172172,https://dongne.co/events/df2504/circles/141008,제29회 디. 페스타,Day1
닌자수집가,공마,,,,,2sp,닌타마 란타로,,,,케마 토메사부로X젠포우지 이사쿠,,,,wagamamahimez,https://dongne.co/events/df2504/circles/140809,제29회 디. 페스타,Day1
대가리전하,잠탱이,,,,,2sp,화산귀환,천관사복,,,,,,,,https://dongne.co/events/df2504/circles/142381,제29회 디. 페스타,Day1
대흉근공간,부리부리,,,,,2sp,괴담출근,"전독시,데못죽",,,,,,,,https://dongne.co/events/df2504/circles/140740,제29회 디. 페스타,Day1
도깨비상점,도깨비상점,,,,,2sp,,,,,,,,,kkebistore,https://dongne.co/events/df2504/circles/141536,제29회 디. 페스타,Day1
도토리곳간,강하,,,,,1sp,괴담출근,"전독시,헌터x헌터,데못죽",,,,,,,,https://dongne.co/events/df2504/circles/140739,제29회 디. 페스타,Day1
동물성재료,데지밀,,,,,2sp,골든 카무이,,골든 카무이 쁘띠존 ,"스기모토 사이치,오가타 햐쿠노스케",,로맨틱,,만화,dejimil31734,https://dongne.co/events/df2504/circles/140802,제29회 디. 페스타,Day1
두리안상점,두리안,,,,,1sp,사카모토데이즈,2D,,,,,,일러스트,_duri_an,https://dongne.co/events/df2504/circles/143082,제29회 디. 페스타,Day1
러브앤타임,samo,,,,,1sp,트라이건,가비지타임,,밧슈 더 스탬피드,울프우드X밧슈,로맨틱,종뱅 ,"만화,기타",sm_hj711,https://dongne.co/events/df2504/circles/142718,제29회 디. 페스타,Day1
롬다롬다롬,도람,,,,,2sp,포켓몬,스플래툰 사이퍼즈 프리큐어,,,,,,일러스트,doramdarom,https://dongne.co/events/df2504/circles/140970,제29회 디. 페스타,Day1
만월금손당,센슈아,,,,,4sp,하이큐,원신 스타레일 앙스타 트위스테,,,,,,,ManwolGoods,https://dongne.co/events/df2504/circles/142731,제29회 디. 페스타,Day1
메모리클럽,우노,,,,,2sp,,,,,,,,,,https://dongne.co/events/df2504/circles/141107,제29회 디. 페스타,Day1
무해프렌즈,무해무해,,,,,1sp,무해한 과일 친구들,지구고양이,,파인애플씨,,,,,muhae_muhae,https://dongne.co/events/df2504/circles/142163,제29회 디. 페스타,Day1
뭐가나올까,링,,,,,1sp,슬램덩크,,,,,,,,,https://dongne.co/events/df2504/circles/140669,제29회 디. 페스타,Day1
불곰오소마,짜장,,,,,1sp,골든카무이,,골든 카무이 쁘띠존 ,,,,,기타,jjajang_jja,https://dongne.co/events/df2504/circles/142567,제29회 디. 페스타,Day1
비둘기둥지,"후루꾸, 할배추",,,,,2sp,,,드레스로자 분쟁조정위원회,"DQ형제,로우",로우X도플라밍고,"로맨틱,섹슈얼","코라로우, 코라도플, 로시베르, 베르도플 외 도플른",,"huluskku69919, hyeondoli10",https://dongne.co/events/df2504/circles/140750,제29회 디. 페스타,Day1
빵부스러기,소루빵,,,,,2sp,오리지널,플레이브,,,,,,"일러스트,공예",soboru830,https://dongne.co/events/df2504/circles/141138,제29회 디. 페스타,Day1
사탕바구니,캔디,,,,,2sp,쿠로코의 농구,모브사이코100,,마유즈미 치히로,,"로맨틱,섹슈얼,해당없음",,"만화,소설,일러스트",,https://dongne.co/events/df2504/circles/140563,제29회 디. 페스타,Day1
쌐카야로제,규필득,,,,,1sp,이나즈마일레븐GO,닌타마란타로,,키리노 란마루,아야베 키하치로X타치바나 센조,해당없음,아야센,"만화,일러스트",glshwnrdj,https://dongne.co/events/df2504/circles/142709,제29회 디. 페스타,Day1
썩은과수원,봉구밭과수원길,,,,,1sp,서브남주가 파업하면 생기는 일,초심 잃은 아이돌을 위한 회귀 백서,,정예서,세드리크X정예서,"로맨틱,섹슈얼","지브예서, 하준이든, 예현이든 ",소설,gbg_2727,https://dongne.co/events/df2504/circles/140648,제29회 디. 페스타,Day1
아이스박스,뉴뉴,,,,,2sp,슬램덩크,"오리지널,수공예",,,,,,"만화,일러스트,공예",97wsts97,https://dongne.co/events/df2504/circles/140787,제29회 디. 페스타,Day1
아침드라마,철새,,,,,2sp,괴담에 떨어져도 출근을 해야 하는구나,,,,,해당없음,제삼 중심 논커플링,,babababbabbab,https://dongne.co/events/df2504/circles/142224,제29회 디. 페스타,Day1
아침친구들,까에,,,,,2sp,진혼기,동경과 거짓말,,설영자하,설영X자하,해당없음,에델비올,,kkae___,https://dongne.co/events/df2504/circles/141891,제29회 디. 페스타,Day1
어니언수프,뇽숲,,,,,1sp,1차창작,마키플라이어,,,,,,"일러스트,공예,기타",Onionsoupbaby,https://dongne.co/events/df2504/circles/142729,제29회 디. 페스타,Day1
예나디자인,예나,,,,,2sp,,,,,,,,,,https://dongne.co/events/df2504/circles/141626,제29회 디. 페스타,Day1
오타쿠코탄,털,,,,,2sp,골든 카무이,카리스마,골든 카무이 쁘띠존 ,고토리 위주,,,,"만화,일러스트,소설",,https://dongne.co/events/df2504/circles/140914,제29회 디. 페스타,Day1
외계인상점,얄랄루,,,,,1sp,"이착헌,괴담출근",플레이브,,,,해당없음,,"일러스트,만화",YR_SKMATO,https://dongne.co/events/df2504/circles/140574,제29회 디. 페스타,Day1
우정연합회,솔,,,,,2sp,니지산지,,,"후와 미나토,사에구사 아키나",,,,"만화,소설",Sol____333,https://dongne.co/events/df2504/circles/141056,제29회 디. 페스타,Day1
육식햄스터,IPR,,,,,2sp,가비지타임,,,,,,,,omolipguataku,https://dongne.co/events/df2504/circles/140594,제29회 디. 페스타,Day1
자빙팔아요,스찬,,,,,2sp,쿠로코의 농구,,,"무라사키바라 아츠시,히무로 타츠야",무라사키바라 아츠시X히무로 타츠야,로맨틱,,"만화,일러스트",tmcks_912,https://dongne.co/events/df2504/circles/141694,제29회 디. 페스타,Day1
적토마펀치,닌자펀치,,,,,2sp,우마무스메,이세계 착각 헌터,,,,,,,NINo_oPUN,https://dongne.co/events/df2504/circles/143114,제29회 디. 페스타,Day1
적흑사랑단,산송장,,,,,2sp,쿠로코의 농구,,,"아카시 세이쥬로,쿠로코 테츠야",아카시 세이쥬로X쿠로코 테츠야,로맨틱,,소설,livingdead_27,https://dongne.co/events/df2504/circles/140819,제29회 디. 페스타,Day1
진티엔리밍,진티엔리밍,,,,,1sp,수공예,,,,,,,"일러스트,만화",a,https://dongne.co/events/df2504/circles/141735,제29회 디. 페스타,Day1
진티엔리밍,,,,,,2sp,화산귀환,,,청명,당보X청명,,,"일러스트,만화",,https://dongne.co/events/df2504/circles/141782,제29회 디. 페스타,Day1
창작만화들,하기노러브,,,,,2sp,,,,,,,,,,https://dongne.co/events/df2504/circles/142268,제29회 디. 페스타,Day1
창조윤경제,"슬, 이끼",,,,,2sp,화산귀환,괴수8호,,,조걸X윤종,"로맨틱,섹슈얼",이하레노,"만화,소설",,https://dongne.co/events/df2504/circles/141028,제29회 디. 페스타,Day1
카키고오리,고노스게,,,,,1sp,윈브레,아이나나,윈브레 쁘띠존 : 방풍림 문화제,,,,,,,https://dongne.co/events/df2504/circles/140679,제29회 디. 페스타,Day1
트라이앙♡,흐뭇,,,,,2sp,트라이건,앙상블스타즈,,,울프우드X밧슈,로맨틱,츠키나가레오x세나이즈미,"만화,게임",TRI_MUT_,https://dongne.co/events/df2504/circles/142461,제29회 디. 페스타,Day1
퍼리카무이,케모냥등병,,,,,1sp,골든 카무이,,골든 카무이 쁘띠존 ,오가타,,,,"일러스트,사진,기타",kemo_nya,https://dongne.co/events/df2504/circles/142064,제29회 디. 페스타,Day1
헌터집합소,빵이,,,,,1sp,헌터헌터,수공예품,,헌터헌터,,,,"일러스트,공예",,https://dongne.co/events/df2504/circles/142589,제29회 디. 페스타,Day1
형제비빔밥,양,,,,,1sp,원피스,,드레스로자 분쟁조정위원회,DQ형제,,,,,yang_______16,https://dongne.co/events/df2504/circles/141337,제29회 디. 페스타,Day1
흑발쿨뷰티,챠메,,,,,2sp,가비지타임,하이큐,,최종수,고상언X최종수,"로맨틱,섹슈얼",오이카게 아츠카게 ,"일러스트,만화",_chame1001,https://dongne.co/events/df2504/circles/140898,제29회 디. 페스타,Day1
리에야쿠를 믿기,요미,,,,,1sp,하이큐,,,"하이바 리에프,야쿠 모리스케",하이바 리에프X야쿠 모리스케,,"쿠로오, 켄마",기타,yosanokillme,https://dongne.co/events/df2504/circles/142975,제29회 디. 페스타,Day1
사카모토의 소실,한만이,,,,,1sp,사카모토 데이즈,"하츠네 미쿠,카사네 테토",,,,,,일러스트,inamna_h,https://dongne.co/events/df2504/circles/142577,제29회 디. 페스타,Day1
슈뢰딩거의 부스,Naf,,,,,1sp,주술회전,,,"고죠 사토루,게토 스구루",고죠 사토루X게토 스구루,로맨틱,,"소설,기타",Daemoli7333,https://dongne.co/events/df2504/circles/142399,제29회 디. 페스타,Day1
테레비전에 내가 나온다면?,샤브샤브,,,,,4sp,"대니팬텀,회색도시,이세계착각헌터,데못죽","페르소나,괴담출근",,"클락워크,다크대니,회색도시 올캐러",클락워크X댄(다크대니),"로맨틱,섹슈얼",,"만화,일러스트",,https://dongne.co/events/df2504/circles/142919,제29회 디. 페스타,Day1
덕수할매표 짬뽕탕,청청,,,,,2sp,괴담출근,,,괴담출근 등장인물,,,,"일러스트,기타",choung_choung,https://dongne.co/events/df2504/circles/142544,제29회 디. 페스타,Day1
로코눈깔로 꼬라봄,"JAR, Gajja, 로우여시",,,,,2sp,원피스,,드레스로자 분쟁조정위원회,"트라팔가 로,돈키호테 로시난테",트라팔가 로X돈키호테 로시난테,로맨틱,,"만화,기타","JAR_AnS, gajjaotaku, S2throbji",https://dongne.co/events/df2504/circles/142177,제29회 디. 페스타,Day1
말랑고영과 티타임,나우,,,,,2sp,WIND BREAKER(WINBRE/윈브레),,윈브레 쁘띠존 : 방풍림 문화제,"스오 하야토,사쿠라 하루카 외",,,,"일러스트,기타",varionau,https://dongne.co/events/df2504/circles/140788,제29회 디. 페스타,Day1
한오란이네 잡화점,한오,,,,,1sp,이착헌,전독시,,김기려,,,,,hansiosibbun,https://dongne.co/events/df2504/circles/141326,제29회 디. 페스타,Day1
완다호이의 무서운 저주,"^^, B",,,,,2sp,프로젝트 세카이,,,,,,,,,https://dongne.co/events/df2504/circles/141212,제29회 디. 페스타,Day1
닌부기닌북 닌북어 닌북스딱스 닌부르크닌부가우가 닌비기닌부거 닌부가티닌부기온앤 온을 낋여오거라,막앙,,,,,1sp,나루토,"은혼,데못죽,진격의거인",,오비토 카카시 긴토키 청려 류건우,오비토X카카시,해당없음,엋건,"만화,일러스트,기타",aodatteba,https://dongne.co/events/df2504/circles/142207,제29회 디. 페스타,Day1
재즈타임이 뭐라고 생각하세요?,VT,,,,,1sp,가비지타임,,,임승대 진재유,임승대X진재유,로맨틱,"승대재유, 재유승대, 승재승, 재즈타임","일러스트,만화",otimku,https://dongne.co/events/df2504/circles/141426,제29회 디. 페스타,Day1
긴떤아재와 모떤청년,밀재,,,,,2sp,은과 금,,FKMT 쁘띠존 : 자와르르맨션,"히라이 긴지,모리타 테츠오",,,,,Cuu_Mill,https://dongne.co/events/df2504/circles/141655,제29회 디. 페스타,Day1
황눈아세를 아십니까,판소새벽,,,,,1sp,내가키운s급들,,,한유현 한유진,한유현X한유진,"로맨틱,섹슈얼",,"만화,일러스트",,https://dongne.co/events/df2504/circles/141096,제29회 디. 페스타,Day1
흥할때까지 연성심기,학세,,,,,2sp,월드트리거,사카모토데이즈,,,,,,"일러스트,기타",haxedaun,https://dongne.co/events/df2504/circles/143098,제29회 디. 페스타,Day1
어른고양이 좋아하는 부스,헤시티,,,,,2sp,골든카무이,원피스,골든 카무이 쁘띠존 ,오가타 햐쿠노스케,오카타 햐쿠노스케X하나자와 유사쿠,"로맨틱,섹슈얼",,,Hxxi_T,https://dongne.co/events/df2504/circles/141233,제29회 디. 페스타,Day1
에스테리아 찬양부흥회,감탱,,,,,2sp,로드오브히어로즈,,,"브랜든 카스,라르곤 에스테리아,브란두흐 카디아라크",브랜든 카스X라르곤 에스테리아,"로맨틱,섹슈얼","브란라르,브랜라르브란(3각)",소설,tanggam__br134,https://dongne.co/events/df2504/circles/142063,제29회 디. 페스타,Day1
해피엔딩은 멀티버스뿐,날Nal,,,,,2sp,트랜스포머,"스타워즈,슬램덩크",,,,,,"소설,기타",null_naaall,https://dongne.co/events/df2504/circles/140644,제29회 디. 페스타,Day1
노보리베츠 잉꼬부부단 ,창득,,,,,1sp,골든 카무이,,골든 카무이 쁘띠존 ,"키쿠타,아리코",키쿠타 모쿠타로X아리코 리키마츠,"섹슈얼,로맨틱",,만화,ChangKamuy,https://dongne.co/events/df2504/circles/141221,제29회 디. 페스타,Day1
힘들지않아 거친세상속 뛰어든건 나니까 암오께 ,김리타,,,,,1sp,페르소나5,,,,아케치 고로X아마미야 렌,,,,,https://dongne.co/events/df2504/circles/141603,제29회 디. 페스타,Day1
테이토대학 배드민턴부 야키니쿠 프로젝트,와스,,,,,1sp,갈릴레오 시리즈,,,,,,,,tgnodltm,https://dongne.co/events/df2504/circles/141385,제29회 디. 페스타,Day1
포도고냐니 좋아하세요?,사구,,,,,1sp,괴담에 떨어져도 출근을 해야 하는구나,,,"김솔음,백사헌,이자헌,브라운",스오X사쿠,로맨틱,솔샇,일러스트,SAAGU49,https://dongne.co/events/df2504/circles/141836,제29회 디. 페스타,Day1
아기고양이 임시보호부스,"kee, 아치",,,,,2sp,윈브레,,윈브레 쁘띠존 : 방풍림 문화제,,우메미야X사쿠라,,스오니레,"만화,일러스트,소설",,https://dongne.co/events/df2504/circles/141526,제29회 디. 페스타,Day1
죽을때까지 갑타하는걸로,식,,,,,2sp,가비지타임,,,"기상호,최종수,성준수,진재유",성준수X진재유,"로맨틱,섹슈얼",준수재유,"소설,일러스트",nongsig06,https://dongne.co/events/df2504/circles/140702,제29회 디. 페스타,Day1
놀러오세요. 돌고래 밭에.,moraegorae,,,,,2sp,"명탐정 코난,나루토",혈계전선,,"타카기,사토,카카시,이루카",타카기X사토,로맨틱,"카카이루, 크라스팁","소설,기타",,https://dongne.co/events/df2504/circles/141193,제29회 디. 페스타,Day1
괴담착각소녀,돌멩이,,,,,2sp,마법소녀,"마법소녀,괴담출근,이착헌 그 외",,,,,,"공예,일러스트,기타",gummayo,https://dongne.co/events/df2504/circles/142788,제29회 디. 페스타,Day1
군신이못말려,도덕리포도영농조합,,,,,2sp,신삼국,곤투모로우,,"손권,노숙,고종,옥균",손권X노숙,"로맨틱,섹슈얼",희옥균,만화,freedoin,https://dongne.co/events/df2504/circles/141935,제29회 디. 페스타,Day1
금주주의결실,oojiya,,,,,1sp,,,,,,,,,,https://dongne.co/events/df2504/circles/142127,제29회 디. 페스타,Day1
댄스정마대전,매복사랑니,,,,,2sp,천마돌,,,"당사천,점소의",당사천X점소의,"로맨틱,섹슈얼",재희무현,,aoqhrtkfkdsl,https://dongne.co/events/df2504/circles/141608,제29회 디. 페스타,Day1
도파민중독자,중독쟈,,,,,1sp,"유희왕,메타포,페그오",,,,,,,"만화,게임,기타","_cnzk12, umainaotofu_",https://dongne.co/events/df2504/circles/140921,제29회 디. 페스타,Day1
돌고래정거장,종갈,,,,,4sp,오리지널,,,,,,,만화,jonggggal,https://dongne.co/events/df2504/circles/140714,제29회 디. 페스타,Day1
두부크림전골,나무,,,,,2sp,누카니발,플레이브,,,,,,"만화,일러스트",,https://dongne.co/events/df2504/circles/140905,제29회 디. 페스타,Day1
매생이전복죽,Gretchen,,,,,1sp,리그오브레전드,에픽세븐,,"아리,르블랑,징크스,바이,요네 외",,,,"게임,만화,일러스트",jidong_k,https://dongne.co/events/df2504/circles/140697,제29회 디. 페스타,Day1
메이릴리가든,릴리,,,,,4sp,솜인형 / 솜인형 악세사리,,,,,,,공예,Ma_Li_garden,https://dongne.co/events/df2504/circles/140983,제29회 디. 페스타,Day1
멧챠브레이커,시옷,,,,,2sp,윈드브레이커,,윈브레 쁘띠존 : 방풍림 문화제,,스오 하야토X사쿠라 하루카,,,만화,,https://dongne.co/events/df2504/circles/140602,제29회 디. 페스타,Day1
뭐가나올까요,Mijeong,,,,,1sp,,,,,,,,,,https://dongne.co/events/df2504/circles/141838,제29회 디. 페스타,Day1
발등튀김뷔페,플레인요거트,,,,,2sp,뉴카니발,전지적독자시점,,,단테X에이트,로맨틱,,만화,waomlette,https://dongne.co/events/df2504/circles/141185,제29회 디. 페스타,Day1
백아야노올자,해아,,,,,1sp,화산귀환,,,,,,,,lllbadgelll,https://dongne.co/events/df2504/circles/142082,제29회 디. 페스타,Day1
보다스페이스,BODASPACE,,,,,1sp,,,,,,,,"일러스트,기타",bodaspace_store,https://dongne.co/events/df2504/circles/142038,제29회 디. 페스타,Day1
부스명뭐히지,민초님,,,,,2sp,천마는 아이돌이 되었다,아포칼립스엔 고인물이 필요해요,,당보 청명 당사천 점소의,,로맨틱,사천소의,"만화,일러스트",hwasan_mint_,https://dongne.co/events/df2504/circles/142142,제29회 디. 페스타,Day1
빚과밤의사랑,시환,,,,,1sp,빛과밤의사랑,,,차이수,,로맨틱,,소설,SIHWAN_FAV,https://dongne.co/events/df2504/circles/141001,제29회 디. 페스타,Day1
세가완삼부스,김길규,,,,,1sp,원피스,,드레스로자 분쟁조정위원회,"로우,코라손,도플라밍고",로우X코라손,로맨틱,도플코라,만화,Gatsby_0605,https://dongne.co/events/df2504/circles/142613,제29회 디. 페스타,Day1
언터쳐블깡총,산땍,,,,,2sp,가정교사 히트맨 리본,"하이큐,블루록",,,,,,,,https://dongne.co/events/df2504/circles/140608,제29회 디. 페스타,Day1
오욜브레이커,오욜,,,,,1sp,윈브레,,윈브레 쁘띠존 : 방풍림 문화제,,,,,일러스트,Oyol55,https://dongne.co/events/df2504/circles/142346,제29회 디. 페스타,Day1
와플호떡가게,"와플, 호떡",,,,,2sp,데뷔 못 하면 죽는 병 걸림,"괴담에 떨어져도 출근을 해야 하는구나,이세계 착각 헌터",,"브라운,김솔음,테스타 등",선아현X박문대,"섹슈얼,로맨틱",하성기려,일러스트,angelinwaffle,https://dongne.co/events/df2504/circles/141644,제29회 디. 페스타,Day1
우당탕탕잡탕,37,,,,,2sp,프로젝트세카이,"앙상블스타즈,봇치더락,걸즈밴드크라이",,,,,,,,https://dongne.co/events/df2504/circles/141803,제29회 디. 페스타,Day1
우유푸딩제과,fromseoha,,,,,2sp,,,,,,,,,,https://dongne.co/events/df2504/circles/141248,제29회 디. 페스타,Day1
월간누적최애,김아미,,,,,2sp,던전밥,앙상블스타즈,,올캐러,,,,"공예,조형",frozen_ami,https://dongne.co/events/df2504/circles/140969,제29회 디. 페스타,Day1
유아휴먼이다,공짱,,,,,2sp,도박패왕전제로,무뢰전가이,FKMT 쁘띠존 : 자와르르맨션,"우카이 제로,쿠도 가이",제로X가이,로맨틱,,"만화,사진",Ukaizer0,https://dongne.co/events/df2504/circles/142424,제29회 디. 페스타,Day1
이케이케빵준,선빵,,,,,2sp,가비지타임,"하이큐,슬램덩크",,"전영중,성준수,네코마",,로맨틱,"명헌태섭, 쿠로켄",,sibaru_0506,https://dongne.co/events/df2504/circles/142045,제29회 디. 페스타,Day1
읽걻잷믻얽욫,"동, 군만두고싶다",,,,,1sp,"닌타마 란타로,이세계 착각 헌터","모브사이코100,게게게의 키타로",,,,,,,DONGIROx2,https://dongne.co/events/df2504/circles/141477,제29회 디. 페스타,Day1
좌상고수색대,호끼,,,,,2sp,괴담에 떨어져도 출근을 해야 하는구나,,,,,,,,H_okki,https://dongne.co/events/df2504/circles/141591,제29회 디. 페스타,Day1
쥑상블스타즈,아리,,,,,2sp,앙상블스타즈,"마호야쿠,이착헌,파이널판타지 시리즈",,"나이츠,발키리",카게히라미카X이츠키슈,로맨틱,레오이즈,"소설,만화,일러스트",piyopi_opo,https://dongne.co/events/df2504/circles/142197,제29회 디. 페스타,Day1
최강의맛초킹,ming(밍),,,,,1sp,"슬램덩크,페르소나",,,,,,,,qx_xbc,https://dongne.co/events/df2504/circles/142255,제29회 디. 페스타,Day1
토마토햄스터,매실찌,,,,,2sp,윈브레,,윈브레 쁘띠존 : 방풍림 문화제,,,,우메미야 하지메x히이라기 토마,,lessless__,https://dongne.co/events/df2504/circles/141319,제29회 디. 페스타,Day1
푸데푸데게롱,소요,,,,,1sp,괴담출근,,,,,,,일러스트,soyo__yoso,https://dongne.co/events/df2504/circles/141545,제29회 디. 페스타,Day1
푸데푸데솔음,"소요, 몽땅",,,,,2sp,괴담출근,,,,,해당없음,,일러스트,"soyo__yoso, mongddang__1",https://dongne.co/events/df2504/circles/142517,제29회 디. 페스타,Day1
플레이부조아,솜솜,,,,,1sp,플레이브,,,"플레이브,plave",,,,"일러스트,기타",somttam,https://dongne.co/events/df2504/circles/142822,제29회 디. 페스타,Day1
형제네총포점,냐바바,,,,,1sp,골든 카무이,,골든 카무이 쁘띠존 ,"유사쿠,오가타",,로맨틱,오가타유사쿠,만화,nyaaba_ba,https://dongne.co/events/df2504/circles/143016,제29회 디. 페스타,Day1
호도하고싶어,HODO,,,,,1sp,스타워즈,트라이건 / P의거짓,,루크 / 딘 / 그로구 / 밧슈 / P,,섹슈얼,,"일러스트,만화",hodogaza,https://dongne.co/events/df2504/circles/142205,제29회 디. 페스타,Day1
호얀스튜디오,호얀,,,,,2sp,,,,,,,,,FloatingHwa,https://dongne.co/events/df2504/circles/140635,제29회 디. 페스타,Day1
돌고래정거장 ,그럴만두,,,,,4sp,,,,,,,,만화,dhbkdc,https://dongne.co/events/df2504/circles/141954,제29회 디. 페스타,Day1
농구소년들의 봄,모어,,,,,1sp,슬램덩크,,태웅른 쁘띠존 : 모두의 카에데,,정우성X서태웅,"로맨틱,섹슈얼","윤대협X서태웅, 태웅른",,,https://dongne.co/events/df2504/circles/142798,제29회 디. 페스타,Day1
치타탑이라고 말해!,종지,,,,,1sp,골든카무이,,골든 카무이 쁘띠존 ,아시리파,오가타X아시리파,해당없음,"스기모토, 아시리파","만화,일러스트",ganjang_jongjii,https://dongne.co/events/df2504/circles/142958,제29회 디. 페스타,Day1
아이시테루제 아이보,HAMBUTA,,,,,1sp,블루록,,,"이사기 요이치,바치라 메구루",이사기 요이치X바치라 메구루,로맨틱,,만화,H_strong_77,https://dongne.co/events/df2504/circles/141654,제29회 디. 페스타,Day1
힌나힌나하게 해줄게,이삼,,,,,2sp,골든 카무이,죠죠의 기묘한 모험,골든 카무이 쁘띠존 ,올캐러,스기모토 사이치X아시리파,로맨틱,오가타 햐쿠노스케×아시리파,"일러스트,만화",GK_2SAMSR,https://dongne.co/events/df2504/circles/142967,제29회 디. 페스타,Day1
화산의품에서 진혼을 품다,매(梅) 가람,,,,,2sp,화산귀환,,,청명 외 화산귀환 캐릭터,,,,,H6Yx2INL8IP8bx3,https://dongne.co/events/df2504/circles/142540,제29회 디. 페스타,Day1
시간마법사의 아틀리에,GUSH_Z,,,,,2sp,동방프로젝트,,,,,,,,,https://dongne.co/events/df2504/circles/140817,제29회 디. 페스타,Day1
데한민국에서 아이돌을 좋아함,나기,,,,,2sp,데못죽 플레이브,,,,,,,,,https://dongne.co/events/df2504/circles/141560,제29회 디. 페스타,Day1
감자토마토볶음,포마토,,,,,2sp,파이널판타지14,,,"메테오(빛의 전사),그라하 티아",,"로맨틱,섹슈얼",,,,https://dongne.co/events/df2504/circles/141097,제29회 디. 페스타,Day1
과몰입특급열차,하즈유,,,,,2sp,해즈빈 호텔,포켓몬스터 란프렌,,,,,,만화,,https://dongne.co/events/df2504/circles/140715,제29회 디. 페스타,Day1
너와나의연결선,메론빵빵빵,,,,,1sp,가비지타임,,,성준수 최종수,,,,"소설,사진,기타",,https://dongne.co/events/df2504/circles/142405,제29회 디. 페스타,Day1
달콤한일러스트,iamyunji,,,,,2sp,모모찌,,,모모찌,,,,일러스트,iamyunji,https://dongne.co/events/df2504/circles/141372,제29회 디. 페스타,Day1
더블초코비스킷,힠,,,,,2sp,슬램덩크,,,"송태섭,정대만",송태섭X정대만,"로맨틱,섹슈얼",,만화,hickhick04,https://dongne.co/events/df2504/circles/142462,제29회 디. 페스타,Day1
리틀캣스튜디오,memmoom,,,,,2sp,,,,,,,,일러스트,,https://dongne.co/events/df2504/circles/141279,제29회 디. 페스타,Day1
말랑방울도맛도,몰랑,,,,,2sp,데뷔 못하면 죽는 병 걸림,가비지타임,,박문대,,,,일러스트,5OvOg,https://dongne.co/events/df2504/circles/142512,제29회 디. 페스타,Day1
뭔가가나올지도,그렇게됏다..,,,,,2sp,가비지타임,,,,,,,,,https://dongne.co/events/df2504/circles/141498,제29회 디. 페스타,Day1
밥상만히먹음이,꽁이,,,,,1sp,가비지타임,내가키운S급,,기상호,박병찬X기상호,로맨틱,뱅상,만화,kkong2_0,https://dongne.co/events/df2504/circles/141521,제29회 디. 페스타,Day1
손심당생귤시루,강동귤,,,,,1sp,삼국지,,,"손책,주유",손책X주유,"로맨틱,섹슈얼",,소설,jiangdongjuzi,https://dongne.co/events/df2504/circles/143066,제29회 디. 페스타,Day1
시광대리영업소,농네,,,,,2sp,시광대리인,,,,,,,,nongne_11,https://dongne.co/events/df2504/circles/140899,제29회 디. 페스타,Day1
아무코토몰라요,"문지, 땃지",,,,,1sp,명탐정코난,,신른 쁘띠존_ 추리와 연애의 상관관계,쿠도신이치,후루야 레이X쿠도 신이치,로맨틱,아무코,"만화,일러스트",munji_1412,https://dongne.co/events/df2504/circles/141293,제29회 디. 페스타,Day1
아이돌게임파티,"비서, 와루",,,,,2sp,"젤다의 전설,아이카츠(아이엠스타),발더스게이트3","러브라이브,뱅드림,스플래툰,괴도조커,레이디버그",,,,,,,"GAMPANGPANG_, gmwalwal",https://dongne.co/events/df2504/circles/142241,제29회 디. 페스타,Day1
옥상에서만나요,"24, yes",,,,,2sp,쿠로코의농구,쿠로코의농구,,"아카시,마유즈미",아카시 세이쥬로X마유즈미 치히로,"로맨틱,섹슈얼",,만화,otasa_1203,https://dongne.co/events/df2504/circles/141040,제29회 디. 페스타,Day1
자급자족짬뽕탕,흔톨,,,,,2sp,"원피스,코난 등",,,,,,,일러스트,gmsxhf,https://dongne.co/events/df2504/circles/141382,제29회 디. 페스타,Day1
잡덕이라미안해,TIME,,,,,2sp,니지산지,"주술회전,하이큐,앙스타",,,,,,일러스트,babsigan,https://dongne.co/events/df2504/circles/142816,제29회 디. 페스타,Day1
전문직과일주스,오즹어,,,,,1sp,MIU404,언내추럴,,"시마 카즈미,이부키 아이,나카도 케이,미스미 미코토",시마 카즈미X이부키 아이,로맨틱,나카도 케이 X 미스미 미코토,소설,annaturalann,https://dongne.co/events/df2504/circles/143134,제29회 디. 페스타,Day1
전통메이드주점,"오열, 듀",,,,,2sp,슬램덩크,주술회전,,"양호열,강백호,고죠 사토루,게토 스구루",양호열X강백호,로맨틱,고죠 사토루 X 게토 스구루,,,https://dongne.co/events/df2504/circles/141269,제29회 디. 페스타,Day1
종종힘내봅시다,다라미,,,,,2sp,프로젝트 세카이,,,모모점,키리타니 하루카X하나사토 미노리,로맨틱,,,__darami,https://dongne.co/events/df2504/circles/142804,제29회 디. 페스타,Day1
형제좋은게뭐냐,챤,,,,,2sp,골든카무이,,골든 카무이 쁘띠존 ,,,,,"만화,일러스트",JYAN__0,https://dongne.co/events/df2504/circles/141200,제29회 디. 페스타,Day1
호밀빵의밀수꾼,호밀,,,,,2sp,프로젝트 세카이,,,,,,,,homilpain,https://dongne.co/events/df2504/circles/140845,제29회 디. 페스타,Day1
이사기요이치의 남자들,스키아v,,,,,1sp,블루록,,,이사기,,"로맨틱,섹슈얼",,,tmzldk,https://dongne.co/events/df2504/circles/140805,제29회 디. 페스타,Day1
관짝할배예토전생,파묘요,,,,,2sp,앙상블 스타즈!! Music,,,,사쿠마 레이X안즈,로맨틱,,,,https://dongne.co/events/df2504/circles/141642,제29회 디. 페스타,Day1
남녀연애자유선언,은여,,,,,1sp,,,,,,,,,,https://dongne.co/events/df2504/circles/140564,제29회 디. 페스타,Day1
농구회전빵야빵야,익명,,,,,2sp,"슬램덩크,주술회전",,,,고죠X후시,로맨틱,태섭대만,"만화,일러스트,소설",,https://dongne.co/events/df2504/circles/140996,제29회 디. 페스타,Day1
백아재림만민앙복,"판귄, 미해",,,,,2sp,화산귀환,,,백아,,,,,,https://dongne.co/events/df2504/circles/140736,제29회 디. 페스타,Day1
상뱅이케리오찌개,이온,,,,,1sp,"가비지타임,가부키초 배드트립 이케다와 리오",,,"기싱호,박병찬,이케다 토우야,리오",기상호X박병찬,"로맨틱,섹슈얼","이케다X리오, 논커플링(ncp)","만화,일러스트,소설",ionblue,https://dongne.co/events/df2504/circles/141760,제29회 디. 페스타,Day1
아기고양이보호소,아기고양이연합,,,,,2sp,윈브레,,윈브레 쁘띠존 : 방풍림 문화제,,토가메 죠X사쿠라 하루카,로맨틱,토가사쿠,소설,mykittenSH,https://dongne.co/events/df2504/circles/140722,제29회 디. 페스타,Day1
여기삼인분주세요,"고로케, 가위",,,,,2sp,원피스,,드레스로자 분쟁조정위원회,"도플라밍고,로우,코라손",로우X코라손,로맨틱,"NCP, 로우도플",소설,,https://dongne.co/events/df2504/circles/143013,제29회 디. 페스타,Day1
오므라이스먹음이,"노아, 적赤",,,,,1sp,윈브레,,윈브레 쁘띠존 : 방풍림 문화제,"스오,사쿠라",스오 하야토X사쿠라 하루카,,,,"04__xnoa, red_jeogul",https://dongne.co/events/df2504/circles/141653,제29회 디. 페스타,Day1
왕복네시간병문안,텐브,,,,,1sp,프로젝트 세카이,,,레오니,호시노 이치카X텐마 사키,로맨틱,시호나미,기타,Ten__B,https://dongne.co/events/df2504/circles/142793,제29회 디. 페스타,Day1
우리동네사금놀이,흑곰,,,,,1sp,골든카무이,,골든 카무이 쁘띠존 ,,,,,,SBB_JJBA,https://dongne.co/events/df2504/circles/143002,제29회 디. 페스타,Day1
징챠오카시이부스,악쓰리,,,,,2sp,가비지타임,"은혼,어바등",,기상호,최종수X기상호,"로맨틱,섹슈얼","뱅상, 째무","만화,소설,일러스트",,https://dongne.co/events/df2504/circles/140620,제29회 디. 페스타,Day1
최애부침개팝니다,셈미,,,,,1sp,코드기어스,,,,,,,일러스트,sem2_world,https://dongne.co/events/df2504/circles/141627,제29회 디. 페스타,Day1
크르륵캌캌마감맨,272장,,,,,2sp,"이착헌,명급리",,,,,,,"소설,공예",,https://dongne.co/events/df2504/circles/141496,제29회 디. 페스타,Day1
토마토요리전문점,토마토댄스대회우승자,,,,,2sp,가비지타임,"메기도72,명일방주",,,,,,,,https://dongne.co/events/df2504/circles/140710,제29회 디. 페스타,Day1
파인애플피자사건,"뇌비우스,꽃과알로하",,,,,2sp,죠죠의 기묘한 모험,1차창작,,,,,,"일러스트,만화","noebiuseu58438, cup_of_tropical",https://dongne.co/events/df2504/circles/142484,제29회 디. 페스타,Day1
판소볶음해물찌개,"하나이, 이구, 유나아린",,,,,2sp,괴담에 떨어져도 출근을 해야 하는구나,"데뷔 못 하면 죽는 병 걸림,내가 키운 S급들,블랙배저",,,,,,,_00365,https://dongne.co/events/df2504/circles/140735,제29회 디. 페스타,Day1
히프노시스테이지,베타,,,,,1sp,"히프노시스 마이크,히프스테(룰 더 스테이지)",,,"진구지 쟈쿠라이,도안 카즈사토",진구지 쟈쿠라이X아마구니 히토야,로맨틱,,소설,s1r1us_Beta,https://dongne.co/events/df2504/circles/141932,제29회 디. 페스타,Day1
대만태섭파는부스 ,"소란, 퍼먹",,,,,2sp,슬램덩크,,,"정대만,송태섭",정대만X송태섭,"로맨틱,섹슈얼","대만태섭, 미츠료 ",만화,,https://dongne.co/events/df2504/circles/140561,제29회 디. 페스타,Day1
연하남친키워쓰기 ,포르디,,,,,1sp,원피스,,드레스로자 분쟁조정위원회,"로우,도플라밍고",트라팔가 로우X돈키호테 도플라밍고,"로맨틱,섹슈얼",,만화,aloesirm,https://dongne.co/events/df2504/circles/142410,제29회 디. 페스타,Day1
다들그거아시나요? 어제코난극장판개봉함,하니,,,,,2sp,명탐정코난,"가비지타임,화산귀환,전지적독자시점",신른 쁘띠존_ 추리와 연애의 상관관계,,,,,,"shjpt, hanilnah",https://dongne.co/events/df2504/circles/141542,제29회 디. 페스타,Day1
거인헌터해결사무소,Rockstarninja,,,,,2sp,에반게리온,"헌터헌터,은혼,진격의 거인",,,,,,,rockisntmymajor,https://dongne.co/events/df2504/circles/142744,제29회 디. 페스타,Day1
그딴건니가그려야돼,팔팔,,,,,1sp,앙상블스타즈!!,겁쟁이페달,,아오이 히나타,아오이 히나타X안즈,로맨틱,,,,https://dongne.co/events/df2504/circles/141018,제29회 디. 페스타,Day1
쑥떡파인애플갈비탕,쑥떡파인애플갈비탕,,,,,2sp,가비지타임,고스트바둑왕 캐릭캐릭체인지 슬램덩크,,,박병찬X기상호,,,기타,ggang8282,https://dongne.co/events/df2504/circles/142182,제29회 디. 페스타,Day1
아구전문오가타수산,보끔,,,,,1sp,골든 카무이,,골든 카무이 쁘띠존 ,오가타,유사쿠X오가타,섹슈얼,"스기모토×오가타, 우사미×오가타, 오가타×유사쿠, 바실리×오가타",만화,gimbokbab,https://dongne.co/events/df2504/circles/143030,제29회 디. 페스타,Day1
어쩌다이렇게모였지,"레기,믕가,먐",,,,,2sp,프로젝트 세카이 컬러풀 스테이지! feat.하츠네 미쿠,괴담에 떨어져도 출근은 해야 하는구나,,,,,,"만화,기타,일러스트",r11gg00,https://dongne.co/events/df2504/circles/142298,제29회 디. 페스타,Day1
오스이세계브레이커,ㅇㅂㅉㅁ,,,,,1sp,카리스마,윈브레 이착헌,,,,,,일러스트,,https://dongne.co/events/df2504/circles/142411,제29회 디. 페스타,Day1
이상한나라의잡화점,ㅇㅇ,,,,,2sp,,,,,,,,,JJB_D_,https://dongne.co/events/df2504/circles/142002,제29회 디. 페스타,Day1
인어남고생지지부스,파잉,,,,,1sp,트위스테,,,,,,,만화,,https://dongne.co/events/df2504/circles/141038,제29회 디. 페스타,Day1
쥬리쮸삐쮸리리리리,중수,,,,,1sp,골든 카무이,,골든 카무이 쁘띠존 ,오가타,스기모토X오가타,해당없음,"스기오, 유사오","조형,기타",joongsu9,https://dongne.co/events/df2504/circles/142374,제29회 디. 페스타,Day1
지상고앞짜글이가게,보스돼지,,,,,1sp,가비지타임,,,,,,,,gabtapigboss,https://dongne.co/events/df2504/circles/142291,제29회 디. 페스타,Day1
차돌박이순두부찌개,CHA챠,,,,,1sp,플레이브,"괴수8호,괴담출근 등",,,,,,,,https://dongne.co/events/df2504/circles/141513,제29회 디. 페스타,Day1
스오니레좋아하세요??,붕어빵,,,,,1sp,윈드브레이커 (윈브레),,윈브레 쁘띠존 : 방풍림 문화제,,,,,공예,,https://dongne.co/events/df2504/circles/140931,제29회 디. 페스타,Day1
매직아이하면여자보임,무우,,,,,2sp,카이지,이누야샤,FKMT 쁘띠존 : 자와르르맨션,이치죠 세이야,이토 카이지X이치죠 세이야,,쿠로이치(ts),만화,gh011229,https://dongne.co/events/df2504/circles/141062,제29회 디. 페스타,Day1
미소녀없이는살수없어,감자,,,,,2sp,"우마무스메,앙스타",하츠네 미쿠,,심볼리 루돌프,,로맨틱,,"일러스트,만화,사진",sollanin06,https://dongne.co/events/df2504/circles/142657,제29회 디. 페스타,Day1
아니근데이예현이먼저,서목,,,,,1sp,블랙배저,,,"힐데베르트 탈레브,이예현",이예현X힐데베르트,로맨틱,,"일러스트,소설",SeoMok__,https://dongne.co/events/df2504/circles/142368,제29회 디. 페스타,Day1
전국마력자원운송연합,S4ze,,,,,2sp,이세계 착각 헌터,"어두운 바다의 등불이 되어,블러드본,다크소울,스플래툰",,,,,,"만화,일러스트",24siganimozara,https://dongne.co/events/df2504/circles/142929,제29회 디. 페스타,Day1
착각괴담통모차핫도그,모차,,,,,2sp,"이착헌,괴담출근",,,,,,,일러스트,mocha5earlgrey,https://dongne.co/events/df2504/circles/141893,제29회 디. 페스타,Day1
탱백산맥마르고닳도록,탭탭,,,,,1sp,슬램덩크,,,"서태웅,강백호",서태웅X강백호,로맨틱,,"만화,일러스트",tb1141_lifeall,https://dongne.co/events/df2504/circles/143031,제29회 디. 페스타,Day1
간장게장마카롱김치찌개,행성,,,,,2sp,무기미도,홀로라이브,,,,,,"소설,만화,기타",2410in_,https://dongne.co/events/df2504/circles/142882,제29회 디. 페스타,Day1
경찰청쇠창살은외철창살,나로,,,,,1sp,서브남주가 파업하면 생기는 일,어두운 바다의 등불이 되어,,"세드리크,정예서",세드리크X정예서,로맨틱,,"공예,기타,일러스트",,https://dongne.co/events/df2504/circles/141114,제29회 디. 페스타,Day1
끝나고샤브샤브먹어야지,짤,,,,,2sp,,,,,,,,,,https://dongne.co/events/df2504/circles/141170,제29회 디. 페스타,Day1
된다면머든해보겟습니다,쓱,,,,,1sp,슬램덩크,,,최동오,,로맨틱,김낙수X최동오,기타,sukamuki,https://dongne.co/events/df2504/circles/142581,제29회 디. 페스타,Day1
백년전통오모리김치찌개,카트리나,,,,,2sp,슬램덩크,,,,양호열X강백호,"섹슈얼,로맨틱",,,,https://dongne.co/events/df2504/circles/141125,제29회 디. 페스타,Day1
우리감옥정상영업합니다,냥오,,,,,4sp,밀그램,,,카즈이,,,,"만화,일러스트,소설",Nyang_O_,https://dongne.co/events/df2504/circles/142810,제29회 디. 페스타,Day1
이시가미센쿠너미친거야,b,,,,,2sp,닥터스톤,프로세카,,,,,"센유즈, 아키안",,,https://dongne.co/events/df2504/circles/141824,제29회 디. 페스타,Day1
쀼끼커버곡기원정권찌르기,정권 찌르기,,,,,2sp,프로젝트 세카이,,,,,,,소설,10000_uma,https://dongne.co/events/df2504/circles/142741,제29회 디. 페스타,Day1
카나가와크레이지낭만좀비,슈슈,,,,,2sp,슬램덩크,,,"서태웅,정대만",,"로맨틱,섹슈얼",,소설,roso_290,https://dongne.co/events/df2504/circles/140638,제29회 디. 페스타,Day1
여캐와퍼리와백합만있는부스,파카마라,,,,,2sp,,,,,,,,"만화,일러스트,공예",kohanyang,https://dongne.co/events/df2504/circles/141120,제29회 디. 페스타,Day1
설탕듬뿍건강에나쁜토마토주스,주스,,,,,1sp,가비지타임,,,,성준수X기상호,로맨틱,,소설,99zus,https://dongne.co/events/df2504/circles/140906,제29회 디. 페스타,Day1
이런젠장팔수있는회지가없잖아,요술마작,,,,,1sp,Fkmt,은과 금,FKMT 쁘띠존 : 자와르르맨션,"모리타,긴지",히라이 긴지X모리타 테츠오,"섹슈얼,로맨틱",,만화,ulisilu87631,https://dongne.co/events/df2504/circles/141685,제29회 디. 페스타,Day1
잡덕이아니라찍먹아티스트예요,"공장,더수상한놈",,,,,2sp,이세계착각헌터,"니지산지(디티카),마차살,그노시아,하토풀,인캬라",,,강창호X김기려,로맨틱,,"만화,일러스트","0Z4NG, the_susang",https://dongne.co/events/df2504/circles/142271,제29회 디. 페스타,Day1
잠들면안돼좋아하는고양이있어?,식,,,,,2sp,윈브레,,윈브레 쁘띠존 : 방풍림 문화제,사쿠라 하루카,,,,기타,yangsig0401,https://dongne.co/events/df2504/circles/140704,제29회 디. 페스타,Day1
기묘한무지개좀비페르소나기사님,채다,,,,,2sp,니지산지,"페르소나3,할로우나이트,죠죠의기묘한모험(7부),좀비고등학교",,,,,,,C3o00,https://dongne.co/events/df2504/circles/142622,제29회 디. 페스타,Day1
영원히태웅대만하겠다는피의연합 ,할배,,,,,2sp,슬램덩크,,,"서태웅,정대만",서태웅X정대만,"로맨틱,섹슈얼",,만화,Gr4ndf47h3r,https://dongne.co/events/df2504/circles/140843,제29회 디. 페스타,Day1
간장게장마카롱탕후루하레하레유카이,버스,,,,,2sp,히프노시스마이크,도검난무,,,,,,"만화,소설,기타",verse_un_i,https://dongne.co/events/df2504/circles/141358,제29회 디. 페스타,Day1
카이지부인분께서노숙자같은분위기를 좋아하셔서그녀에게멋진밤을선사해주고싶을때마다침실에서노숙자처럼차려입고도쿄가부키초노숙자인것처럼행동했다고함...,이연하,,,,,2sp,카이지,마작,FKMT 쁘띠존 : 자와르르맨션,카이지,카이지X모브녀,"로맨틱,섹슈얼",,"만화,일러스트,공예,기타",higherrn,https://dongne.co/events/df2504/circles/141517,제29회 디. 페스타,Day1
이치씨는머리좋아보이시는데대학진학은안하셨나요,티티,,,,,2sp,FKMT,죠죠의 기묘한 모험,FKMT 쁘띠존 : 자와르르맨션,이치죠 세이야,,,,,126649J06,https://dongne.co/events/df2504/circles/142508,제29회 디. 페스타,Day1
05:07:20,"Della, zzatang",,,,,2sp,주술회전,,,"고죠 사토루,게토 스구루",,"섹슈얼,로맨틱",,"만화,일러스트,소설","Gogefs, zza__tang",https://dongne.co/events/df2504/circles/142614,제29회 디. 페스타,Day1
1,에용,,,,,2sp,,,,,,,,,,https://dongne.co/events/df2504/circles/140651,제29회 디. 페스타,Day1
저 혼자 1관이라구요?,서핑,,,,,2sp,,,,,,,,,,https://dongne.co/events/df2504/circles/141543,제29회 디. 페스타,Day1
1인시위,한결,,,,,2sp,트랜스포머,슬램덩크,,,옵티머스 프라임X사운드웨이브,로맨틱,스카스타,소설,under6feets,https://dongne.co/events/df2504/circles/142720,제29회 디. 페스타,Day1
10심히살자 돌되기싫으면,열,,,,,1sp,닥터스톤,"화산귀환,헌터x헌터",,,센쿠X류스이,로맨틱,,"일러스트,만화",ssmm3r,https://dongne.co/events/df2504/circles/142065,제29회 디. 페스타,Day1
제1004기수,스ㅍㅡ,,,,,2sp,천관사복,MIU404 보컬로이드,,이부키 아이 / 시마 카즈미 / 화성 / 사련,화성X사련,해당없음,이부시마,,SOUPTV_,https://dongne.co/events/df2504/circles/140812,제29회 디. 페스타,Day1
101 light year,nair,,,,,2sp,"데뷔 못 하면 죽는 병 걸림,괴담에 떨어져도 출근을 해야 하는구나",이세계 착각 헌터,,"테스타,박문대,김솔음,김기려",,,,일러스트,nair_rf,https://dongne.co/events/df2504/circles/142877,제29회 디. 페스타,Day1
1042thDEAL,"42, 디일",,,,,2sp,원피스,"슬램덩크,포켓몬,은혼,보카로",,,,,,,,https://dongne.co/events/df2504/circles/140622,제29회 디. 페스타,Day1
오늘부터 1일 1그림,으뉴,,,,,1sp,윈브레 / 윈드브레이커,X,윈브레 쁘띠존 : 방풍림 문화제,사쿠라,,,,일러스트,eat_rice_nyami,https://dongne.co/events/df2504/circles/140650,제29회 디. 페스타,Day1
결혼적령기여성에게 1일1상른을 제공하라,Heidi,,,,,1sp,가비지타임,,,기상호,최종수X기상호,해당없음,뱅상...준상....,기타,Heidinobasuke,https://dongne.co/events/df2504/circles/142754,제29회 디. 페스타,Day1
1+2=★,주먹밥,,,,,2sp,헌터헌터,,,"기상호,키르아",,,,,joomukbab,https://dongne.co/events/df2504/circles/140984,제29회 디. 페스타,Day1
13월의 정원,가든,,,,,2sp,"해리포터,퇴마록,위키드",,,,,,,,,https://dongne.co/events/df2504/circles/141129,제29회 디. 페스타,Day1
1만 3천 297시간과 49분,윈저,,,,,2sp,아이실드21,,,히루마 요이치,무사시X히루마,섹슈얼,,,,https://dongne.co/events/df2504/circles/140599,제29회 디. 페스타,Day1
16,박종필,,,,,2sp,스타트렉,,,,,"섹슈얼,로맨틱",,만화,10000dala,https://dongne.co/events/df2504/circles/140597,제29회 디. 페스타,Day1
17년째 하이킥 파는 사람,공이일,,,,,1sp,거침없이 하이킥,,,서민정,이윤호X서민정,로맨틱,"민용민정, 민용신지","만화,일러스트",atthe0to1,https://dongne.co/events/df2504/circles/142189,제29회 디. 페스타,Day1
토마호크 스테이크 1호점 : AT센터점,마말레이드,,,,,4sp,화산귀환,,,청명,당보X청명,"로맨틱,섹슈얼,해당없음",,"만화,일러스트",,https://dongne.co/events/df2504/circles/140946,제29회 디. 페스타,Day1
1sp는 한부스가 아니라 반부스 ,굿게,,,,,2sp,괴담에 떨어져도 출근을 해야하는구나,"내가 키운 S급들,가비지타임,데뷔 못하면 죽는 병 걸림",,김솔음,최종수X기상호,로맨틱,,일러스트,_Ellllk,https://dongne.co/events/df2504/circles/141551,제29회 디. 페스타,Day1
다원적 돼지 개론 2주차,ㅠㅠ,,,,,2sp,슬램덩크,,,신현철 (카와타 마사시),,"로맨틱,섹슈얼",신현철 수 중심,소설,,https://dongne.co/events/df2504/circles/142472,제29회 디. 페스타,Day1
사이코 2명 ,quiorny,,,,,2sp,모브 사이코 100,1차 창작,,"카게야마 시게오,하나자와 테루키",하나자와 테루키X카게야마 시게오,로맨틱,,"만화,일러스트,기타",nosoiquio,https://dongne.co/events/df2504/circles/142899,제29회 디. 페스타,Day1
신청이반2,gtuy,,,,,1sp,,,,,,,,만화,,https://dongne.co/events/df2504/circles/143069,제29회 디. 페스타,Day1
2마트,2,,,,,2sp,괴담에 떨어져도 출근을 해야 하는구나,"전지적 독자 시점,니지산지(버튜버)",,"브라운,김솔음,유중혁,김독자",,해당없음,,일러스트,,https://dongne.co/events/df2504/circles/141410,제29회 디. 페스타,Day1
2차(루이츠카)와 1차(초토화)의 경계의 지평선,해월,,,,,2sp,프로젝트 세카이,오리지널 1차창작,,"텐마 츠카사,카미시로 루이",카미시로 루이X텐마 츠카사,로맨틱,,"소설,만화",Sunsiflower_s,https://dongne.co/events/df2504/circles/141840,제29회 디. 페스타,Day1
21세기 동인은 물물교환만 받습니다.,빨간단추,,,,,2sp,데뷔못하면죽는병걸림,,,,청려X문대,로맨틱,,"소설,공예",,https://dongne.co/events/df2504/circles/141165,제29회 디. 페스타,Day1
21세코이토소위의인생최초의끌어치기,살생부,,,,,1sp,골든카무이,이세계 착각 헌터,골든 카무이 쁘띠존 ,코이토 오토노신,코이토 오토노신X츠키시마 하지메,로맨틱,"우시이에, 기려창호","일러스트,기타,소설",salkkaido,https://dongne.co/events/df2504/circles/142996,제29회 디. 페스타,Day1
노맨즈랜드 24시불가마찜질방,"토끼, 인간식물",,,,,2sp,트라이건,,,,울프우드X밧슈,"로맨틱,섹슈얼",나이브스x밧슈,"일러스트,만화,소설",Furry_WV,https://dongne.co/events/df2504/circles/142789,제29회 디. 페스타,Day1
24시간 만두이야기 ~구다만 본점~,"헤와, 키코",,,,,1sp,페이트/그랜드 오더,,,,후지마루 리츠카(남)X만드리카르도,로맨틱,,"만화,소설","1218TO0623, Ice_Samanco",https://dongne.co/events/df2504/circles/143186,제29회 디. 페스타,Day1
25년도 용기폭발,알파깡,,,,,1sp,용기폭발 뱅브레이번,,,,,,,만화,babe_ur_MINE,https://dongne.co/events/df2504/circles/141396,제29회 디. 페스타,Day1
25년도 갱스타부스,고등어,,,,,1sp,"GANGSTA.(갱스타,갱스터)","명일방주,용기폭발 뱅브레이번",,"니콜라스,워릭,알렉스,인사이더,무에나,스미스",,,,"기타,일러스트",rhemddj0616,https://dongne.co/events/df2504/circles/141209,제29회 디. 페스타,Day1
여름낮2504,겨울밤,,,,,2sp,이세계착각헌터,수공예 화산귀환 로드오브히어로즈 프리즘스톤,,,김기려X선우연,로맨틱,,,,https://dongne.co/events/df2504/circles/140857,제29회 디. 페스타,Day1
2m from the sky,츠여,,,,,2sp,슬램덩크,"쯔꾸르 (유메닛키,투더문)",,송태섭,,로맨틱,,,,https://dongne.co/events/df2504/circles/142301,제29회 디. 페스타,Day1
뒤죽박죽 오타쿠 3자매,모래두더지,,,,,1sp,슬램덩크,"나루토,원펀맨,페이트",,"슬램덩크(양호열,강백호),그 외는 아직 미정",양호열X강백호,해당없음,"키리시마x바쿠고, ","일러스트,기타,만화",molaedu02,https://dongne.co/events/df2504/circles/142548,제29회 디. 페스타,Day1
30년 전통 호랑이 고로케,임자,,,,,1sp,슬램덩크,,-,강백호,,로맨틱,,소설,,https://dongne.co/events/df2504/circles/141791,제29회 디. 페스타,Day1
팬케이크 당도 32,아키코하 앤솔로지,,,,,2sp,프로젝트 세카이,,,,시노노메 아키토X아즈사와 코하네,로맨틱,,게임,akkh_anthology,https://dongne.co/events/df2504/circles/143026,제29회 디. 페스타,Day1
4,냠,,,,,1sp,,,,,,,,,,https://dongne.co/events/df2504/circles/140652,제29회 디. 페스타,Day1
만우절 세카이 레오니배스 스테이지 피쳐링 4월특집,햄복,,,,,2sp,프로젝트 세카이 컬러풀 스테이지 feat. 하츠네 미쿠,,,프로젝트 세카이 캐릭터 전반,시라이시 안X아즈사와 코하네,로맨틱,"시노노메 아키토x아오야기 토우야, 키리타니 하루카x하나사토 미노리","만화,소설,공예",ham_star_vivid,https://dongne.co/events/df2504/circles/142585,제29회 디. 페스타,Day1
제형타코 4월호,tacc,,,,,1sp,내가 키운 s급들,,,"한유현,한유진",한유현X한유진,"로맨틱,섹슈얼",,만화,hrdtaco,https://dongne.co/events/df2504/circles/141842,제29회 디. 페스타,Day1
4디페에 떨어져도 마감을 해야 하는구나,피리아,,,,,1sp,괴담에 떨어져도 출근을 해야 하는구나,이세계 착각 헌터,,"브라운,강창호,김기려",강창호X김기려,,,,my_moist_alien,https://dongne.co/events/df2504/circles/141290,제29회 디. 페스타,Day1
4월이야기,톨톨,,,,,1sp,,,,,,,,만화,,https://dongne.co/events/df2504/circles/142077,제29회 디. 페스타,Day1
404,404,,,,,2sp,하이큐,"윈브레,주술회전",,,,,,,,https://dongne.co/events/df2504/circles/141015,제29회 디. 페스타,Day1
진심큐릇 404% BIGLOVE,"맋맋, 페야",,,,,2sp,MIU404,이세계 착각 헌터,,"이부키 아이,시마 카즈미",이부키 아이X시마 카즈미,"로맨틱,섹슈얼",,"만화,일러스트","meromero_mark, playwithfeya",https://dongne.co/events/df2504/circles/141806,제29회 디. 페스타,Day1
인외섞어찌개(인간함유량 5%),MAYO,,,,,1sp,"트랜스포머,별의 커비,포켓몬스터,이세계 착각 헌터","울트라맨,역전재판,대역전재판",,,,,,일러스트,frozenmayo_,https://dongne.co/events/df2504/circles/141529,제29회 디. 페스타,Day1
5X7inch,헤이즐,,,,,2sp,주술회전,,,"고죠 사토루,게토 스구루",고죠 사토루X게토 스구루,로맨틱,,,hajel0302,https://dongne.co/events/df2504/circles/141977,제29회 디. 페스타,Day1
제7사단 미카도시 파견,의견,,,,,2sp,월드 트리거,골든 카무이,,,,,,"만화,일러스트",wtrfuu,https://dongne.co/events/df2504/circles/143056,제29회 디. 페스타,Day1
711호 공인중개사,뀨,,,,,2sp,슬램덩크,주술회전,태웅른 쁘띠존 : 모두의 카에데,"윤대협,서태웅",윤대협X서태웅,로맨틱,고죠게토,,mangmu_lover,https://dongne.co/events/df2504/circles/141696,제29회 디. 페스타,Day1
나야나괴수8호에나오는사쿠라,여백,,,,,2sp,윈브레,괴수8호,윈브레 쁘띠존 : 방풍림 문화제,,스오 하야토X사쿠라 하루카,,우메사쿠,,_binkan_,https://dongne.co/events/df2504/circles/142230,제29회 디. 페스타,Day1
평균연령 83세 오타쿠 최후의 끌어치기,이사악,,,,,2sp,이세계 착각 헌터,니지산지 사이퍼즈 버튜버 이세계 착각 헌터 괴담출근,,남궁혁 니콜라스 민수하  괴담출근,강창호X김기려,로맨틱,,"만화,공예,일러스트",Isaac_614,https://dongne.co/events/df2504/circles/141085,제29회 디. 페스타,Day1
아발론 변두리 맥주감자집 9호점,리나,,,,,2sp,로드오브히어로즈,홀로라이브,,"요한,프람,호시마치 스이세이(버츄얼 그룹 '홀로라이브' 소속 버츄얼 스트리머의 캐릭터)",요한X프람,"로맨틱,섹슈얼",,"소설,만화",_linalord_,https://dongne.co/events/df2504/circles/141387,제29회 디. 페스타,Day1
99번째창고,빙글,,,,,2sp,데뷔 못하면 죽는 병 걸림,,,,,,,"만화,일러스트,소설",bingleway,https://dongne.co/events/df2504/circles/141702,제29회 디. 페스타,Day1
Apricity,서율,,,,,2sp,가비지타임,슬램덩크,,준수 상호 종수 형석 현성,성준수X기상호,"로맨틱,섹슈얼",종수상호 형석현성,"소설,만화",seoyul_Wrt,https://dongne.co/events/df2504/circles/141401,제29회 디. 페스타,Day1
ASDF,Kkyut,,,,,2sp,유희왕,,,"어둠의 유우기(아템),무토 유우기",,"로맨틱,섹슈얼",,만화,sung22a,https://dongne.co/events/df2504/circles/141615,제29회 디. 페스타,Day1
사별맛집 「순애객잔」aT센터점,실차,,,,,2sp,화산귀환,,,,당보X청명,로맨틱,,만화,notcaryestea,https://dongne.co/events/df2504/circles/142007,제29회 디. 페스타,Day1
룩키마트 양재AT센터점,9999,,,,,2sp,괴담에 떨어져도 출근을 해야 하는구나,괴담출근,,김솔음 백사헌 브라운 이자헌 등,,,,,_9_999,https://dongne.co/events/df2504/circles/141075,제29회 디. 페스타,Day1
AT필드 트리거온,비,,,,,2sp,월드 트리거,,,,,,,소설,bbgowentgone,https://dongne.co/events/df2504/circles/141931,제29회 디. 페스타,Day1
attendre espérer,소다,,,,,1sp,"Fate/Grand Order,니지산지",,,,암굴왕X구다코,로맨틱,,"만화,일러스트,소설",0964O9,https://dongne.co/events/df2504/circles/141862,제29회 디. 페스타,Day1
와인bar,Winesoso,,,,,1sp,블루록,,,"나기 세이시로,미카게 레오",나기 세이시로X미카게 레오,로맨틱,,,winesoso,https://dongne.co/events/df2504/circles/142907,제29회 디. 페스타,Day1
beloiro(벨로이루),beloiro,,,,,2sp,바다토끼 릴리,우파루파 아티,,"물의요정_아티,바다토끼_릴리",,,,"공예,조형",beloiro_bjd,https://dongne.co/events/df2504/circles/142600,제29회 디. 페스타,Day1
BL (Brother Love),낭비,,,,,1sp,블루록,,,이토시 린,이토시 사에X이토시 린,"로맨틱,섹슈얼",,,,https://dongne.co/events/df2504/circles/142703,제29회 디. 페스타,Day1
Boy's pinwheel,쇼킬,,,,,2sp,스타레일,오리지널,,,,,,"일러스트,만화",shokill_s,https://dongne.co/events/df2504/circles/140677,제29회 디. 페스타,Day1
Brother love←B.L→Leo love,"포찌,순록",,,,,2sp,블루록,,,"이토시 사에,이토시 린,나기 세이시로,미카게 레오",나기 세이시로X미카게 레오,,사에린,"만화,일러스트","p0z2i_lock, soon_Lock",https://dongne.co/events/df2504/circles/142630,제29회 디. 페스타,Day1
BUT4GOLDENKAMUY,BUT4,,,,,1sp,골든 카무이,,골든 카무이 쁘띠존 ,"하나자와 유사쿠,오가타 햐쿠노스케",하나자와 유사쿠X오가타 햐쿠노스케,"섹슈얼,로맨틱",,"만화,일러스트",ogata_buta,https://dongne.co/events/df2504/circles/143004,제29회 디. 페스타,Day1
Carmine red 농구점,Carmine*,,,,,2sp,가비지타임,,,박병찬,기상호X박병찬,"로맨틱,섹슈얼",,,syromire,https://dongne.co/events/df2504/circles/141481,제29회 디. 페스타,Day1
Cerulean+Blue,Sipir,,,,,2sp,가비지타임,"하이큐,쿠키런",,,,,,,sipir02,https://dongne.co/events/df2504/circles/140883,제29회 디. 페스타,Day1
ChunPhy,cns,,,,,2sp,붕괴 스타레일,,,,,,,,Haruum_99,https://dongne.co/events/df2504/circles/141743,제29회 디. 페스타,Day1
clover,헤이즐넛,,,,,2sp,,,,,,,,,,https://dongne.co/events/df2504/circles/142612,제29회 디. 페스타,Day1
Crotti,kitami,,,,,2sp,원피스,"슬램덩크,켄간",,,,,,만화,,https://dongne.co/events/df2504/circles/141112,제29회 디. 페스타,Day1
CRUISE.,YAL,,,,,2sp,원피스,슬램덩크,,마르코,,로맨틱,,만화,telagente,https://dongne.co/events/df2504/circles/142363,제29회 디. 페스타,Day1
CYAN★PINK,꼬깔,,,,,2sp,"플레이브,프로젝트세카이","데뷔못하면죽는병걸림,보컬로이드",,하츠네 미쿠,,,,"일러스트,공예",,https://dongne.co/events/df2504/circles/140658,제29회 디. 페스타,Day1
dd,dd,,,,,1sp,,,,,,,,,hateeena,https://dongne.co/events/df2504/circles/142917,제29회 디. 페스타,Day1
dddd,1231,,,,,1sp,가비지타임,,,가비지타임,,로맨틱,,소설,ddccddccddccdd,https://dongne.co/events/df2504/circles/142396,제29회 디. 페스타,Day1
D-Esper,케링,,,,,2sp,슬램덩크,크리미널마인드,,서태웅,윤대협X서태웅,"섹슈얼,로맨틱",하치리드,,d_esper_,https://dongne.co/events/df2504/circles/140543,제29회 디. 페스타,Day1
로DQ,수평선,,,,,1sp,원피스,,드레스로자 분쟁조정위원회,트라팔가 로 / 돈키호테 로시난테 / 돈키호테 도플라밍고,,로맨틱,트라팔가 로 x 돈키호테 도플라밍고,소설,supyeongse7667,https://dongne.co/events/df2504/circles/141080,제29회 디. 페스타,Day1
Endless Dream,루다,,,,,2sp,키타로 탄생 게게게의 수수께끼,슬램덩크,,"게게로,미즈키",,,,소설,karlin_123,https://dongne.co/events/df2504/circles/141123,제29회 디. 페스타,Day1
Entry,둡댑,,,,,1sp,포켓몬스터,,,,,,,일러스트,dubdaeb,https://dongne.co/events/df2504/circles/141963,제29회 디. 페스타,Day1
<FKMT 쁘띠존 : 자와르르맨션> 주최부스,FKMT 쁘띠존 : 자와르르맨션,,,,,2sp,,,FKMT 쁘띠존 : 자와르르맨션,,,,,,,https://dongne.co/events/df2504/circles/142504,제29회 디. 페스타,Day1
FSC 뉴디멘션 법무팀 ,팜,,,,,1sp,아이돌리쉬세븐,"앙상블스타즈,프로젝트세카이",,,,,,"일러스트,기타","kedakaki712, palm_i7",https://dongne.co/events/df2504/circles/142647,제29회 디. 페스타,Day1
GIANT 魂,무뿔,,,,,1sp,자이언트 로보,"은혼,그 외",,,,,,"만화,기타",gr_moose,https://dongne.co/events/df2504/circles/142734,제29회 디. 페스타,Day1
GYURI,김규리,,,,,1sp,디지몬,,,,,,,,kimgyuri,https://dongne.co/events/df2504/circles/140770,제29회 디. 페스타,Day1
HABSELIGKEITEN,은람,,,,,2sp,"전독시,내스급",,,중혁독자,,,,,eunram,https://dongne.co/events/df2504/circles/140987,제29회 디. 페스타,Day1
heartkoi,유냠,,,,,2sp,보컬로이드,"에반게리온,니디걸오버도즈",,"하츠네 미쿠,아스카,레이,쵸텐",,,,"일러스트,기타",YU__NYAM_PIC,https://dongne.co/events/df2504/circles/142883,제29회 디. 페스타,Day1
IDOLiSH7!!(NEW GAME),AiNA,,,,,2sp,아이돌리쉬 세븐,니지산지,,,,,,,b22nA8N,https://dongne.co/events/df2504/circles/142442,제29회 디. 페스타,Day1
"우리 플랜트 푸르게 푸르게(If Something's Wrong, It's Probably Humans.)","낫, 또",,,,,2sp,트라이건,,,"밀리온즈 나이브스,밧슈 더 스탬피드 외",밧슈X나이,로맨틱,논컾,"소설,만화","canspiit, huhcerealsly",https://dongne.co/events/df2504/circles/141887,제29회 디. 페스타,Day1
Imagination Store,츠히,,,,,2sp,천관사복,묵독 마도조사,,사련 화성,화성X사련,"로맨틱,섹슈얼","저우두, 망무","일러스트,소설",tzuhi,https://dongne.co/events/df2504/circles/141128,제29회 디. 페스타,Day1
JMIN공방,HYUN,,,,,2sp,수공예,,,,,,,공예,KJ3R4G,https://dongne.co/events/df2504/circles/142465,제29회 디. 페스타,Day1
KBO보다가 2D야구로 도망쳤어요,솔,,,,,1sp,망각 배터리,다이아몬드의 공죄,,,,,,,llovollsol,https://dongne.co/events/df2504/circles/140911,제29회 디. 페스타,Day1
"제가 예서 궁주님의 L3 날개인데요, 무슨 일이시죠",소냐,,,,,2sp,서브 남주가 파업하면 생기는 일,,,"정예서,세드리크,요한,크리스텔,지브릴",세드리크X예서,"로맨틱,섹슈얼",예서른,소설,vivid_1231,https://dongne.co/events/df2504/circles/141693,제29회 디. 페스타,Day1
Liquid Hydrogen,ENKI,,,,,1sp,충사,주술회전,,"깅코,고죠 사토루,게토 스구루",,,,,,https://dongne.co/events/df2504/circles/140646,제29회 디. 페스타,Day1
빛과밤의love앤딥스페이스,이스,,,,,2sp,빛과밤의사랑,러브앤딥스페이스,,,,,,,LAN_kealis,https://dongne.co/events/df2504/circles/141179,제29회 디. 페스타,Day1
LOVE 1999,천사,,,,,2sp,아이돌리쉬세븐,헌터x헌터 죠죠의기묘한모험,,,,,,일러스트,Love__ppi,https://dongne.co/events/df2504/circles/141405,제29회 디. 페스타,Day1
Lovely Mix,Lovely Mix,,,,,1sp,화산귀환,"내스급,데못죽,전독시",,,,,,,,https://dongne.co/events/df2504/circles/141113,제29회 디. 페스타,Day1
maze,다안,,,,,1sp,도쿄리벤저스,슬램덩크,,,,,,,dAaaAn,https://dongne.co/events/df2504/circles/140786,제29회 디. 페스타,Day1
"이송백. 네놈의 MBTI는 뭐지? 예, 사형. 저는 정상입니다 !",xié gǔ dào,,,,,1sp,화산귀환,,,이송백,이송백X진금룡,,,소설,,https://dongne.co/events/df2504/circles/142323,제29회 디. 페스타,Day1
Mermade_Joy,joy,,,,,1sp,바다소품,꽃 오브제,,,,,,,mermade_joy,https://dongne.co/events/df2504/circles/142843,제29회 디. 페스타,Day1
MGR,jz,,,,,1sp,데못죽,플레이브,,,,,,"일러스트,만화",,https://dongne.co/events/df2504/circles/141007,제29회 디. 페스타,Day1
MSG 중독자,미원,,,,,2sp,슬램덩크,,,"송태섭,이명헌",,"섹슈얼,로맨틱",,"소설,일러스트",hanahegies_m,https://dongne.co/events/df2504/circles/141098,제29회 디. 페스타,Day1
My☆Planet,행성지기,,,,,2sp,핸드메이드 봉제인형,솜인형 옷,,,,,,,My_Planet_Doll,https://dongne.co/events/df2504/circles/141623,제29회 디. 페스타,Day1
N잡뛰는 오타쿠,메이,,,,,2sp,18TRIP,"파라독스라이브,앙상블스타즈,프로젝트세카이,아이돌리쉬세븐",,,,,,,,https://dongne.co/events/df2504/circles/141796,제29회 디. 페스타,Day1
                                                                                                                                                                                                     N.F,안건,,,,,2sp,주술회전,,,"고죠 사토루,게토 스구루",고죠 사토루X게토 스구루,"로맨틱,섹슈얼",,"만화,일러스트",goodteethguys,https://dongne.co/events/df2504/circles/140840,제29회 디. 페스타,Day1
아마 NICE TRIP,"유몽민, 미식가, 쪼라",,,,,2sp,18trip (에이트리),,,,,,,"만화,일러스트",,https://dongne.co/events/df2504/circles/142019,제29회 디. 페스타,Day1
OH!★リッパ,오늘만대충수습하며살자,,,,,1sp,골든카무이,,골든 카무이 쁘띠존 ,"오가타,아시리파",오가타X아시리파,해당없음,,,xu723v,https://dongne.co/events/df2504/circles/142933,제29회 디. 페스타,Day1
                                                                                                                                                                                               ONLY GOGE,사뿐,,,,,2sp,주술회전,,,"고죠 사토루,게토 스구루",고죠 사토루X게토 스구루,"로맨틱,섹슈얼",,만화,,https://dongne.co/events/df2504/circles/142520,제29회 디. 페스타,Day1
P들의 부스,소비,,,,,2sp,없음,없음,,,,,,공예,SOBI_J01,https://dongne.co/events/df2504/circles/141858,제29회 디. 페스타,Day1
Paintbox,renian,,,,,2sp,원신,,,,,,,일러스트,Renian_,https://dongne.co/events/df2504/circles/140737,제29회 디. 페스타,Day1
peartree,"dol, 선인장",,,,,2sp,하이큐,,,"스나 린타로,키타 신스케",스나 린타로X키타 신스케,로맨틱,,"만화,소설,일러스트","dorubare, cactus__tree",https://dongne.co/events/df2504/circles/142338,제29회 디. 페스타,Day1
Re:스톤월드부터 착각하는 이세계 헌터 생활,이,,,,,1sp,닥터스톤,,,,,,,만화,,https://dongne.co/events/df2504/circles/142027,제29회 디. 페스타,Day1
RED'SFRED,몰딱,,,,,2sp,"봇치더록,우마무스메,창작GL","몬스터헌터,프세카,리버스:1999",,,,로맨틱,,"만화,일러스트,기타",mo_ttak,https://dongne.co/events/df2504/circles/142361,제29회 디. 페스타,Day1
SAND LAKE,모래호수,,,,,2sp,"록맨,메탈카드봇",트랜스포머,,,,,,만화,,https://dongne.co/events/df2504/circles/140637,제29회 디. 페스타,Day1
Something Blue,새우,,,,,1sp,Blue Giant,,,,,"로맨틱,섹슈얼",,"만화,일러스트,소설",JasaltedShrimp,https://dongne.co/events/df2504/circles/142871,제29회 디. 페스타,Day1
Something Odd.,Odd.,,,,,2sp,,,,,,,,"일러스트,공예,기타",i_odd_u,https://dongne.co/events/df2504/circles/141520,제29회 디. 페스타,Day1
SPIRITS 한국지부,SYE,,,,,2sp,가면라이더 스피리츠,,,"죠 시게루,츠쿠바 히로시,카자미 시로,유우키 죠지",,,,소설,RSYE,https://dongne.co/events/df2504/circles/140659,제29회 디. 페스타,Day1
star night,키오,,,,,2sp,슬램덩크,,,,,,,,,https://dongne.co/events/df2504/circles/140619,제29회 디. 페스타,Day1
storage,ini,,,,,1sp,괴담출근,"데못죽,원신",,,,,,,,https://dongne.co/events/df2504/circles/140600,제29회 디. 페스타,Day1
TUW,yousso,,,,,1sp,원피스,,드레스로자 분쟁조정위원회,"도플라밍고,코라손",도플라밍고X코라손,"로맨틱,섹슈얼",,"만화,일러스트,기타",mikuro_maru,https://dongne.co/events/df2504/circles/140949,제29회 디. 페스타,Day1
Two Rabbits & 자몽공방,Rabbits,,,,,2sp,,,,,,,,"공예,조형,기타",2rabbits,https://dongne.co/events/df2504/circles/140789,제29회 디. 페스타,Day1
VELTUS,saqlifice,,,,,4sp,,,,,,,,"일러스트,소설,만화,기타",VELTUS_LAB,https://dongne.co/events/df2504/circles/141245,제29회 디. 페스타,Day1
츠루미극장 VIP 연석,낫,,,,,1sp,골든 카무이,,골든 카무이 쁘띠존 ,.,,,,"만화,일러스트",natkamuy,https://dongne.co/events/df2504/circles/142691,제29회 디. 페스타,Day1
오가타를 믿기 vs 스기모토를 믿기,txixydo,,,,,1sp,,,골든 카무이 쁘띠존 ,,,,,,txixydo,https://dongne.co/events/df2504/circles/142762,제29회 디. 페스타,Day1
솔음이를 왼쪽으로 잠금 해제 VS 오른쪽으로 잠금 해제,너굴,,,,,1sp,괴담에 떨어져도 출근은 해야 하는구나,,,김솔음,솔음X사헌,해당없음,"자헌솔음, 브라운솔음","만화,일러스트,소설",sol_gwae,https://dongne.co/events/df2504/circles/142990,제29회 디. 페스타,Day1
주인공X최종보수,버터,,,,,1sp,가비지타임,,,,기상호X최종수,로맨틱,,,,https://dongne.co/events/df2504/circles/141217,제29회 디. 페스타,Day1
xoxo_xoxo,구남,,,,,2sp,슬램덩크,"사카모토데이즈,괴수8호",,,,,,,qnamxoxo,https://dongne.co/events/df2504/circles/140632,제29회 디. 페스타,Day1
yeee,"푸, 보리",,,,,1sp,,,,,,,,,,https://dongne.co/events/df2504/circles/140900,제29회 디. 페스타,Day1
울트라맨엑스 youtube에서 공식무료공개중,사성구,,,,,1sp,울트라맨 엑스,특촬,,"울트라맨 엑스,오오조라 다이치",,"로맨틱,섹슈얼",,만화,4sung9,https://dongne.co/events/df2504/circles/141415,제29회 디. 페스타,Day1
<쁘띠체이스 -끝나지 않은 길을 따라 걷는 당신에게-> 주최부스,쁘띠체이스 -끝나지 않은 길을 따라 걷는 당신에게-,,,,,2sp,,,쁘띠체이스 -끝나지 않은 길을 따라 걷는 당신에게-,,,,,,,https://dongne.co/events/df250402/circles/145223,제29회 디. 페스타(일),Day2
뵤,댜람,,,,,1sp,,,,,,,,,,https://dongne.co/events/df250402/circles/145079,제29회 디. 페스타(일),Day2
그 별은 죽었다,야토,,,,,1sp,블랙스타 시어터 스타레스,,,올캐러,,,,기타,Yaa__to,https://dongne.co/events/df250402/circles/145022,제29회 디. 페스타(일),Day2
흙 속의 인디고,인디고,,,,,1sp,,,,,,,,공예,digogo5220,https://dongne.co/events/df250402/circles/144870,제29회 디. 페스타(일),Day2
전 세개가 우릴 주목해,Roro,,,,,2sp,"이세계 착각 헌터,괴담출근",,,,,,,,,https://dongne.co/events/df250402/circles/145132,제29회 디. 페스타(일),Day2
팀 아틀리에,온리원,,,,,1sp,데못죽,,,,,,,,TeamAtelie,https://dongne.co/events/df250402/circles/145126,제29회 디. 페스타(일),Day2
오! 나의 아그네시아님,온체,,,,,1sp,그랜드체이스,,쁘띠체이스 -끝나지 않은 길을 따라 걷는 당신에게-,"린,브람마쉘",브람마쉘X린,로맨틱,,"일러스트,만화,기타","on_chy__, Acce_2030",https://dongne.co/events/df250402/circles/145404,제29회 디. 페스타(일),Day2
후....밋치겠군,오포,,,,,2sp,도쿄리벤져스,,,하나가키 타케미치,,,타케른,"만화,일러스트,소설",pongdang_3,https://dongne.co/events/df250402/circles/145157,제29회 디. 페스타(일),Day2
달믐,호벤,,,,,2sp,,,,,,,,,,https://dongne.co/events/df250402/circles/144800,제29회 디. 페스타(일),Day2
뿌사,사뿌,,,,,2sp,,,,,,,,,,https://dongne.co/events/df250402/circles/144990,제29회 디. 페스타(일),Day2
응가,k1130s,,,,,2sp,괴담출근,"데못죽,아이나나",,김솔음,,,,,Hwiwol,https://dongne.co/events/df250402/circles/144916,제29회 디. 페스타(일),Day2
체뱜,김체리,,,,,2sp,"괴담출근(괴담에 떨어져도 출근을 해야 하는구나),리제로(Re: 제로부터 시작하는 이세계 생활)",,,,,,,"만화,일러스트,기타",KMCHRR_L,https://dongne.co/events/df250402/circles/145024,제29회 디. 페스타(일),Day2
우리 바다 가께...,고래빵,,,,,1sp,플레이브,,,예준 노아 밤비 은호 하민,,,,,DOLPHIN_BREAD,https://dongne.co/events/df250402/circles/144900,제29회 디. 페스타(일),Day2
다비 없는 다비반,웨옹,,,,,1sp,플레이브,,,,,,,,,https://dongne.co/events/df250402/circles/145353,제29회 디. 페스타(일),Day2
공방 프리즘,리즈,,,,,1sp,"괴담에 떨어져도 출근을 해야 하는구나,블랙배저",파이널판타지14,,,,,,공예,,https://dongne.co/events/df250402/circles/145165,제29회 디. 페스타(일),Day2
집에 보내줘,솔,,,,,1sp,어바등,"공회주,블랙배저,명급리,문송안함",,,,"섹슈얼,로맨틱","해량무현, 멜키레이, 백호의신, 윤예힐",소설,,https://dongne.co/events/df250402/circles/144841,제29회 디. 페스타(일),Day2
필숙 컴퍼니,필숙,,,,,2sp,,,,,,,,,codefillsook,https://dongne.co/events/df250402/circles/145357,제29회 디. 페스타(일),Day2
약점 공략을 생활화,제노,,,,,1sp,페르소나 시리즈,"메타포,스타레일,명조,미해결사건부",,,,,,,jyan512,https://dongne.co/events/df250402/circles/144947,제29회 디. 페스타(일),Day2
신의 샤브샤브,아무,,,,,2sp,보컬로이드,모브사이코100,,,,,,일러스트,dmddozlaxx,https://dongne.co/events/df250402/circles/145190,제29회 디. 페스타(일),Day2
내가 파라디고 얘가 마레야,내파얘마,,,,,1sp,진격의거인,,,,,,,"일러스트,만화",,https://dongne.co/events/df250402/circles/145334,제29회 디. 페스타(일),Day2
오직 인자로만 세상을 판단한다,Un,,,,,2sp,세포신곡,,,"하라다 무테이,우츠기 란기리",우츠기 란기리X하라다 무테이,,,"만화,일러스트,소설",Plus_Omega_A,https://dongne.co/events/df250402/circles/145191,제29회 디. 페스타(일),Day2
깍앤꼭,까악,,,,,2sp,내스급,전독시 데못죽,,한유진,,로맨틱,,"만화,일러스트",bsky:kkaag,https://dongne.co/events/df250402/circles/144798,제29회 디. 페스타(일),Day2
난장판,서아란,,,,,4sp,마법 명가 차남으로 살아남는법,"세상만 구하고 은퇴하겠습니다,이세계 착각 헌터,명문고 EX급 조연의 리플레이",,루카스 르네 아스카니엔,,로맨틱,"민재채민, 기려스더, 기려연, 이안메클, ",,,https://dongne.co/events/df250402/circles/144882,제29회 디. 페스타(일),Day2
마묘당,최진건,,,,,1sp,,,,,,,,일러스트,,https://dongne.co/events/df250402/circles/144988,제29회 디. 페스타(일),Day2
모락스,모라,,,,,4sp,괴담 출근,스타레일,,어벤츄린,,,,,,https://dongne.co/events/df250402/circles/144803,제29회 디. 페스타(일),Day2
블루록,뭐영,,,,,1sp,,,,,,,,,,https://dongne.co/events/df250402/circles/145097,제29회 디. 페스타(일),Day2
빗가게,kusiya1993,,,,,1sp,화산귀환,이누야샤,,"청명,셋쇼마루",,로맨틱,,"소설,만화",kusiya93,https://dongne.co/events/df250402/circles/144949,제29회 디. 페스타(일),Day2
사니챈,관니와도우미1호,,,,,1sp,도검난무,,,미카즈키 무네치카,,,,일러스트,nitosaniwa,https://dongne.co/events/df250402/circles/144827,제29회 디. 페스타(일),Day2
솥밥집,솥밥,,,,,2sp,내가 키운 S급들,"괴담에 떨어져도 출근을 해야 하는구나,데뷔 못하면 죽는 병 걸림",,,,,,"만화,일러스트",s0t_b0b,https://dongne.co/events/df250402/circles/145129,제29회 디. 페스타(일),Day2
아멜로,공쥬,,,,,1sp,탑로더,키링,,,,,,공예,amello_resin,https://dongne.co/events/df250402/circles/145063,제29회 디. 페스타(일),Day2
음기존,염,,,,,1sp,괴담에 떨어져도 출근을 해야 하는구나,,,,,,,일러스트,YUM_606,https://dongne.co/events/df250402/circles/144998,제29회 디. 페스타(일),Day2
팔랑몽,오멒몽,,,,,1sp,오리지널 창작 1차 굿즈,봇치더록,,,,,,"일러스트,공예,기타",mong_iary,https://dongne.co/events/df250402/circles/145211,제29회 디. 페스타(일),Day2
여기는 뭘 파시는 거예요?,"토키, 콜, 반찬, 크릴, 하길",,,,,2sp,,"공포영화 다수,엑스맨,트윈픽스,파판14,명탐정 코난,역전재판,스타워즈,DC코믹스,마블,일리아스,해밀턴",,"프레디 크루거,마이클 마이어스,제이슨 부히스,허버트 웨스트,에메트셀크,휘클로다이우스,베네스,핫토리 헤이지,투페이스,리들러,할리퀸,칼 케스티스,사빈 렌,조커,아킬레우스,헥토르,파트로클로스",,,,"일러스트,소설","HAMMURABBIT, COL_ACE_DI, f4teweving, wheeze242, _onealways",https://dongne.co/events/df250402/circles/145360,제29회 디. 페스타(일),Day2
별자리 항해,마치한아,,,,,1sp,"1차 음반,스티커",,,,,,,"음반,기타",march1hana,https://dongne.co/events/df250402/circles/144817,제29회 디. 페스타(일),Day2
엘라의 가게,Ella,,,,,1sp,,,,,,,,,SAELAH_ANDLUS,https://dongne.co/events/df250402/circles/145156,제29회 디. 페스타(일),Day2
이주의 마법,이주,,,,,2sp,,,,,,,,일러스트,DAILEEZU,https://dongne.co/events/df250402/circles/145074,제29회 디. 페스타(일),Day2
집단적 독백,"테마파크직원, 노크, 외 2인",,,,,1sp,"프로젝트 세카이,보컬로이드",앙상블 스타즈,,"카가미네 렌,카이토(KAITO)",카가미네 렌XKAITO,로맨틱,루이츠카,"소설,만화","tmpk_in, LK_KNOCK",https://dongne.co/events/df250402/circles/145374,제29회 디. 페스타(일),Day2
크림과 리본 길드,털양말,,,,,2sp,,,,,,,,"일러스트,공예,조형,기타",fluffy_yangmal,https://dongne.co/events/df250402/circles/145155,제29회 디. 페스타(일),Day2
농구가 하고 싶어요,빙수,,,,,2sp,슬램덩크,,,정대만,,"섹슈얼,로맨틱",태웅대만,"만화,소설",iceflake_ice,https://dongne.co/events/df250402/circles/145392,제29회 디. 페스타(일),Day2
오랑캐 빠진 매국노,자감,,,,,1sp,닌타마 란타로,,,,,해당없음,,만화,otatop99,https://dongne.co/events/df250402/circles/145368,제29회 디. 페스타(일),Day2
포틴의 굿즈 팩토리,포틴,,,,,2sp,"헬루바보스,스티븐유니버스,아울하우스,앰피비아","중력폭포,해즈빈호텔,어드벤처타임,피오나와 케이크",,,,로맨틱,,"일러스트,공예,기타",ani_potin,https://dongne.co/events/df250402/circles/144991,제29회 디. 페스타(일),Day2
망나니 커플 갱생일지,콩고기,,,,,2sp,더 킹오브 파이터즈,,,"쿠사나기 쿄,야가미 이오리",쿠사나기 쿄X야가미 이오리,해당없음,,만화,Kong__gogi,https://dongne.co/events/df250402/circles/145096,제29회 디. 페스타(일),Day2
돈미새 남친 먹여살리기,키솜,,,,,2sp,그랜드체이스,,쁘띠체이스 -끝나지 않은 길을 따라 걷는 당신에게-,"루퍼스,올캐릭터",,로맨틱,,일러스트,rufuskoibito,https://dongne.co/events/df250402/circles/145401,제29회 디. 페스타(일),Day2
소소한 이야기,소소한 이야기,,,,,2sp,,,,,,,,,,https://dongne.co/events/df250402/circles/145057,제29회 디. 페스타(일),Day2
어쩌고 잡화점,담요,,,,,2sp,가비지타임,슬램덩크,,,,,,일러스트,Damyo_812,https://dongne.co/events/df250402/circles/145041,제29회 디. 페스타(일),Day2
마법의 돌멩이 스프,니트륨,,,,,2sp,화산귀환,,,"청명,당보",당보X청명,"로맨틱,섹슈얼",,"소설,기타",NitRium00,https://dongne.co/events/df250402/circles/145385,제29회 디. 페스타(일),Day2
주제를 모르는 부스,"다군, 와냠, 타카",,,,,2sp,"괴담출근,데못죽,의원다시살다,화산귀환",,,"박문대,진천희,청명,브라운,솔음",,로맨틱,문대른,,pandagoonS,https://dongne.co/events/df250402/circles/144808,제29회 디. 페스타(일),Day2
그리고 부스가 있었다,전망,,,,,2sp,괴담에 떨어져도 출근을 해야하는구나,,,"김솔음,백사헌,브라운,이자헌,J3",김솔음X백사헌,로맨틱,,일러스트,_jeonmang,https://dongne.co/events/df250402/circles/145304,제29회 디. 페스타(일),Day2
이상한 나라의 잡화점,김피즈,,,,,2sp,,,,,,,,,pheezniverse,https://dongne.co/events/df250402/circles/145185,제29회 디. 페스타(일),Day2
"치료가 필요할 정도로 심각한 '향수 중독증'입니다. 흥,",lollylover,,,,,1sp,섬유향수,,,,,,,,AFS_allfactory,https://dongne.co/events/df250402/circles/145371,제29회 디. 페스타(일),Day2
우리가 사랑한..,유저장,,,,,1sp,"플레이브,이착헌",피크민,,"예준,노아,밤비,은호,하민 외",,,,,great__00,https://dongne.co/events/df250402/circles/145341,제29회 디. 페스타(일),Day2
달콤한 일러스트,이윤지,,,,,2sp,모모찌,,,모모찌,,,,일러스트,iamyunji,https://dongne.co/events/df250402/circles/144964,제29회 디. 페스타(일),Day2
영원히 호백하기,도토리묵,,,,,1sp,슬램덩크,,,양호열 강백호,양호열X강백호,로맨틱,,만화,,https://dongne.co/events/df250402/circles/145168,제29회 디. 페스타(일),Day2
외계인 출몰구역,미피,,,,,2sp,도쿄에일리언즈,블루록,,,,,,"일러스트,만화",fhiqr,https://dongne.co/events/df250402/circles/145008,제29회 디. 페스타(일),Day2
중원을 불바다로,쌀토끼,,,,,1sp,화산귀환,광마회귀,,,장일소X호가명,"로맨틱,섹슈얼",드림,소설,dreamtokki,https://dongne.co/events/df250402/circles/144823,제29회 디. 페스타(일),Day2
아마도 정상영업 합니다,사환,,,,,2sp,화산귀환,"광마회귀,망아살",,,,,,,4hwan_,https://dongne.co/events/df250402/circles/145260,제29회 디. 페스타(일),Day2
무해한 과일친구들,무해무해,,,,,1sp,,,,지구고양이,,,,,muhae_muhae,https://dongne.co/events/df250402/circles/145187,제29회 디. 페스타(일),Day2
시엘로&마레 잡화점,akisage,,,,,1sp,,,,,,,,,yuraseon00,https://dongne.co/events/df250402/circles/144953,제29회 디. 페스타(일),Day2
가을공장,가을,,,,,1sp,,,,,,,,일러스트,Ksup9060,https://dongne.co/events/df250402/circles/145367,제29회 디. 페스타(일),Day2
굿즈뉴짤,qwqw1548,,,,,1sp,"단간론파,괴수 8호,아이돌마스터,보컬로이드,할로우나이트",창작,,,,,,,rue_l_duck,https://dongne.co/events/df250402/circles/144940,제29회 디. 페스타(일),Day2
꽥꽥젤리,"모짜오리, 냥젤",,,,,2sp,데못죽,우마무스메,,,,,,,,https://dongne.co/events/df250402/circles/144810,제29회 디. 페스타(일),Day2
남자폭격,쮜,,,,,2sp,"붕괴:스타레일,오오에,니지산지",,,,레이시오X어벤츄린,,,"만화,일러스트",jjiwi821,https://dongne.co/events/df250402/circles/145438,제29회 디. 페스타(일),Day2
닌자오이,기니,,,,,1sp,닌타마,,,"쿠쿠치 헤이스케,오하마 칸에몽",,로맨틱,,만화,Ninnintata,https://dongne.co/events/df250402/circles/145378,제29회 디. 페스타(일),Day2
두부그림,두부,,,,,1sp,1차창작,"블루아카이브,봇치더락,미쿠",,,,,,"만화,일러스트",,https://dongne.co/events/df250402/circles/145093,제29회 디. 페스타(일),Day2
은민상점,은민,,,,,1sp,,,,,,,,일러스트,,https://dongne.co/events/df250402/circles/145112,제29회 디. 페스타(일),Day2
인삼낙지,히유,,,,,1sp,블루록,"윈브레,플레이브",,"사쿠라,이사기",,로맨틱,"나기이사, 이사기른, 사쿠른",일러스트,hiiu_hiiu,https://dongne.co/events/df250402/circles/145275,제29회 디. 페스타(일),Day2
짠단짠단,맛,,,,,2sp,,,,,,,,일러스트,,https://dongne.co/events/df250402/circles/144896,제29회 디. 페스타(일),Day2
짬뽕부스,maskros,,,,,2sp,데뷔 못 하면 죽는 병 걸림,아이돌리쉬세븐,,,,,,일러스트,maskros_,https://dongne.co/events/df250402/circles/145089,제29회 디. 페스타(일),Day2
카리스마,지츠,,,,,1sp,7인의 카리스마,,,카리스마,,,,기타,cheese0_7,https://dongne.co/events/df250402/circles/145205,제29회 디. 페스타(일),Day2
킬더실버,그은,,,,,2sp,,,,,,,,공예,kil_the_silver,https://dongne.co/events/df250402/circles/145045,제29회 디. 페스타(일),Day2
포니포포,포니포포,,,,,1sp,언더테일,언더테일,,창작,,로맨틱,,,,https://dongne.co/events/df250402/circles/145370,제29회 디. 페스타(일),Day2
호롱공방,슈크림,,,,,1sp,,,,,,,,공예,burk_cream,https://dongne.co/events/df250402/circles/144910,제29회 디. 페스타(일),Day2
루엘드의 부스,루엘드,,,,,1sp,괴담에 떨어져도 출근을 해야 하는구나 (괴담출근),"진혼기,이세계 착각헌터,데뷔못하면 죽는 병 걸림,화산귀환",,,,,,"공예,조형,일러스트",fndpfeb3014,https://dongne.co/events/df250402/circles/144792,제29회 디. 페스타(일),Day2
연어마왕 청춘,연어마왕,,,,,2sp,나의 히어로 아카데미아,주술회전,,"바쿠고 카츠키,토도로키 쇼토,미도리야 이즈쿠",,,,,XX__BX,https://dongne.co/events/df250402/circles/145092,제29회 디. 페스타(일),Day2
플블른만 먹는 집,pporom,,,,,1sp,네가죽어,,,미도리 소우 사라 칸나 죠,미도X사라,로맨틱,,"만화,일러스트",from_PPOROM,https://dongne.co/events/df250402/circles/145212,제29회 디. 페스타(일),Day2
볕이드는 언덕길,쿠렌,,,,,1sp,괴담출근,"윈브레,화산귀환,고전만화,사카모토 데이즈",,,,,,,,https://dongne.co/events/df250402/circles/145105,제29회 디. 페스타(일),Day2
나오야가 좋다고 말해,악어533,,,,,1sp,주술회전,체인소맨,,나오야 토우지 등,,해당없음,,일러스트,,https://dongne.co/events/df250402/circles/145273,제29회 디. 페스타(일),Day2
키르곤과 아이나나,가덕,,,,,1sp,헌터x헌터,아이돌리쉬세븐,,,키르아X곤,로맨틱,"쿠죠 텐x나나세 리쿠, 이즈미 이오리x나나세 리쿠","만화,기타",seuyugye,https://dongne.co/events/df250402/circles/145382,제29회 디. 페스타(일),Day2
바로이사 비딱하게거주,BTAK,,,,,2sp,블루록,,,,바로 쇼에이X이사기 요이치,로맨틱,,"만화,소설",dnblldnb,https://dongne.co/events/df250402/circles/144847,제29회 디. 페스타(일),Day2
하롱살롱/겨울의꿈,하롱살롱,,,,,4sp,,,,,,,,"공예,영상,기타",,https://dongne.co/events/df250402/circles/144831,제29회 디. 페스타(일),Day2
에무마후(좌우고정)파이팅,봇대,,,,,1sp,프로젝트 세카이,,,"오오토리 에무,아사히나 마후유",오오토리 에무X아사히나 마후유,"로맨틱,섹슈얼",,,cm_4040,https://dongne.co/events/df250402/circles/145331,제29회 디. 페스타(일),Day2
우주세기[국산],억얼쥐,,,,,1sp,"건담,기동전사건담 지쿠악스",건담,,"샤아,아무로,마츄,슈우지,냐안",,로맨틱,,"만화,일러스트,공예",eogeoljwi,https://dongne.co/events/df250402/circles/145035,제29회 디. 페스타(일),Day2
대기권돌파,gm,,,,,1sp,기동전사 건담 시드,,,,신 아스카X아스란 자라,"로맨틱,섹슈얼",,만화,rlqaofm,https://dongne.co/events/df250402/circles/145310,제29회 디. 페스타(일),Day2
도깨비상점,도깨비상점,,,,,2sp,,,,,,,,공예,kkebistore,https://dongne.co/events/df250402/circles/145012,제29회 디. 페스타(일),Day2
만월금손당,만월금손당,,,,,4sp,스타레일,"원신,앙스타,하이큐,히프마이",,"어벤츄린,느비예트 외 다수",,,,공예,ManwolGoods,https://dongne.co/events/df250402/circles/145308,제29회 디. 페스타(일),Day2
말랑수타면,뭉구,,,,,2sp,사카모토데이즈,플레이브,,나구모,,,,,moongguyam,https://dongne.co/events/df250402/circles/145345,제29회 디. 페스타(일),Day2
슈크림쿠키,슈슈,,,,,1sp,,,,,,,,,,https://dongne.co/events/df250402/circles/144763,제29회 디. 페스타(일),Day2
하나이꽥꽥,"하나이, 모짜오리",,,,,2sp,"괴담출근,데못죽",가비지타임,,,,,,,,https://dongne.co/events/df250402/circles/145244,제29회 디. 페스타(일),Day2
주술사였던 내가 배놀을 하다가 조사병단으로 취직? 은퇴 후 버튜버로 데뷔하다,Cherry / 체리,,,,,1sp,진격의 거인,하이큐 / 주술회전 / 버튜버 애덕/남궁혁,,엘빈 스미스 / 리바이 아커만 / 나나미 켄토 / 고죠 사토루 / 애덕 / 니시노야 유 / 코즈메 켄마,엘빈 스미스X리바이 아커만,로맨틱,"고죠나나, 노야츠키",,"RAMGI_CHU, Cherry_AOT, Cherry_HQ_, Cherry_JUJUK",https://dongne.co/events/df250402/circles/145123,제29회 디. 페스타(일),Day2
덕수할매표 짬뽕탕,청청,,,,,2sp,전지적 독자 시점,"화산귀환,괴담에떨어져도출근을해야하는구나",,주인공과 동료들,,,,,choung_choung,https://dongne.co/events/df250402/circles/145264,제29회 디. 페스타(일),Day2
부스잡아야 원고함,듀이,,,,,1sp,에일리언스테이지,전지적독자시점,,이반,이반X틸,"로맨틱,섹슈얼",중혁독자,"만화,일러스트",dewey700,https://dongne.co/events/df250402/circles/144836,제29회 디. 페스타(일),Day2
한오란이네 잡화점,한오,,,,,1sp,괴담출근,,,김솔음 브라운,브라운X솔음,,,일러스트,hansiosibbun,https://dongne.co/events/df250402/circles/144950,제29회 디. 페스타(일),Day2
세카이에서 사랑을 노래하다,향,,,,,1sp,프로젝트 세카이,페르소나,,"카가미네 렌,카이토",카가미네 렌X카이토,"로맨틱,섹슈얼","루이츠카, 토우아키",만화,Hyang_prsk,https://dongne.co/events/df250402/circles/144826,제29회 디. 페스타(일),Day2
실버랜드에 인생베팅,아레,,,,,1sp,그랜드체이스,,쁘띠체이스 -끝나지 않은 길을 따라 걷는 당신에게-,"진,아신,디오,지크하트",진X아신,"로맨틱,섹슈얼",디오지크,"만화,일러스트,조형",arearu_gc,https://dongne.co/events/df250402/circles/145389,제29회 디. 페스타(일),Day2
가보자체이스,희망먹음이,,,,,4sp,그랜드체이스,,쁘띠체이스 -끝나지 않은 길을 따라 걷는 당신에게-,,,,,,peulogeugaeguli,https://dongne.co/events/df250402/circles/144993,제29회 디. 페스타(일),Day2
드림행상인들,돗자리,,,,,2sp,"페어리테일,나루토",원피스,,,,,,"소설,기타",,https://dongne.co/events/df250402/circles/145070,제29회 디. 페스타(일),Day2
마구마구치댐,한새,,,,,1sp,슬램덩크,1차창작,,"채치수,정대만",,로맨틱,1차창작,소설,hansae_00,https://dongne.co/events/df250402/circles/144832,제29회 디. 페스타(일),Day2
티티포레스트,llllnetillll,,,,,1sp,,데못죽 해리포터 괴담출근,,문대,문대X솔음,로맨틱,,"만화,일러스트",llllnetillll,https://dongne.co/events/df250402/circles/144941,제29회 디. 페스타(일),Day2
행사두달전에 부스신청한 사람입니다,찓찟,,,,,1sp,그랜드체이스,,쁘띠체이스 -끝나지 않은 길을 따라 걷는 당신에게-,지크하트,디오X지크하트,로맨틱,,소설,zziiz_,https://dongne.co/events/df250402/circles/144880,제29회 디. 페스타(일),Day2
솜사탕크림라떼,솜별,,,,,1sp,앙상블 스타즈,,,"이츠키 슈,카게히라 미카",이츠키슈X카게히라미카,"로맨틱,섹슈얼",,"만화,일러스트",sugarshu_S2,https://dongne.co/events/df250402/circles/145072,제29회 디. 페스타(일),Day2
이딴부스처음봐,조병암씨,,,,,2sp,발더스게이트,"골든카무이,F1,슬램덩크",,"어두운 충동,게일 데카리오스,오가타 햐쿠노스케,하나자와 유사쿠,송태섭,정대만,토토 볼프,막스 베르스타펜,키미 안토넬리",어두운 충동X게일 데카리오스,섹슈얼,"유사오, 태대, 토토33","만화,소설,일러스트",,https://dongne.co/events/df250402/circles/145192,제29회 디. 페스타(일),Day2
늦게신청햇지만 부스가하고싶어,티카인가요,,,,,1sp,데뷔 못 하면 죽는 병걸림,,,"청려,류건우",,로맨틱,,소설,TICA_CHRAPPLE,https://dongne.co/events/df250402/circles/144889,제29회 디. 페스타(일),Day2
농구회전빵야빵야,익명,,,,,2sp,슬램덩크,주술회전,,,고죠X후시,로맨틱,태섭대만,,,https://dongne.co/events/df250402/circles/144856,제29회 디. 페스타(일),Day2
뜨거운코트맛쿠키,만점,,,,,1sp,슬램덩크,괴담에 떨어져도 출근을 해야 하는구나,,"강백호,서태웅,송태섭,정대만,김솔음,브라운",,"로맨틱,섹슈얼",,"일러스트,공예",10_000jump,https://dongne.co/events/df250402/circles/145325,제29회 디. 페스타(일),Day2
오타쿠최종진화판,헤,,,,,1sp,하이큐,주술회전,,미야아츠무 미야오사무 후시구로메구미,,,,"일러스트,기타",,https://dongne.co/events/df250402/circles/145358,제29회 디. 페스타(일),Day2
절대절망페르소나,잠잠,,,,,2sp,페르소나 시리즈,"슈퍼 단간론파,오리지널 창작회지",,"페르소나 4 주인공,페르소나 5 주인공,아다치 토오루,아케치 고로,나나미 치아키,히나타 하지메",페르소나 4 주인공(나루카미 유우)X아다치 토오루,로맨틱,"주아케, 히나나미 ","만화,일러스트",zam_zam__1,https://dongne.co/events/df250402/circles/145033,제29회 디. 페스타(일),Day2
쑥떡파인애플갈비탕,쑥떡파인애플갈비탕,,,,,1sp,가비지타임,"보컬로이드,고스트바둑왕",,,,,,,ggang8282,https://dongne.co/events/df250402/circles/145193,제29회 디. 페스타(일),Day2
이리오너라농놀하자,궁,,,,,1sp,슬램덩크,없음,,이명헌,이명헌X송태섭,로맨틱,우성명헌,"일러스트,소설,공예",Gung_Daeng_,https://dongne.co/events/df250402/circles/145318,제29회 디. 페스타(일),Day2
문어발이라죄송합니다,노릇,,,,,1sp,,,,,,,,,,https://dongne.co/events/df250402/circles/145015,제29회 디. 페스타(일),Day2
장르마라짬뽕김치찌개,이우,,,,,1sp,블루록 가히리,그외다수,,나기레오,,"로맨틱,섹슈얼",,"소설,기타",ihil_game,https://dongne.co/events/df250402/circles/145002,제29회 디. 페스타(일),Day2
사혼의히프노시스마이크,mi-o,,,,,2sp,히프노시스마이크,,,"야마다 이치로,하라이 쿠코,칸논자카 돗포,아리스가와 다이스,진구지 쟈쿠라이,아마구니 히토야,누루데 사사라,츠츠지모리 로쇼",,섹슈얼,"도다이,이치쿠코, 쟈쿠히토, 사사로","만화,일러스트,소설",mioralive,https://dongne.co/events/df250402/circles/145202,제29회 디. 페스타(일),Day2
우리장르정상영업합니다,레드고르고스,,,,,2sp,그랜드체이스,,쁘띠체이스 -끝나지 않은 길을 따라 걷는 당신에게-,"올캐릭터,솔마리",솔X마리,해당없음,,"공예,소설",Back_line_mesh,https://dongne.co/events/df250402/circles/145065,제29회 디. 페스타(일),Day2
이세계착하지못한주말출근,감자,,,,,1sp,이세계 착각 헌터,프로젝트 세카이,,,,,,공예,,https://dongne.co/events/df250402/circles/144986,제29회 디. 페스타(일),Day2
여캐와퍼리와백합만있는부스,파카마라,,,,,2sp,,,,,,,,"만화,일러스트,공예",kohanyang,https://dongne.co/events/df250402/circles/144893,제29회 디. 페스타(일),Day2
간장게장마카롱탕후루하레하레유카이,버스,,,,,2sp,히프노시스마이크,도검난무,,,,,,"만화,소설,기타",us_nobi,https://dongne.co/events/df250402/circles/144959,제29회 디. 페스타(일),Day2
이세계괴담에떨어져도정신창려야해도넛포장하고도움버튼눌러야지,해먕,,,,,2sp,이세계착각헌터,괴담출근,,"강창호,김기려,이자헌,김솔음,J3",강창호X김기려,"로맨틱,섹슈얼","자헌솔음, 제이솔음","만화,기타",Hae_myang,https://dongne.co/events/df250402/circles/145431,제29회 디. 페스타(일),Day2
굿즈재고00개,서상미미,,,,,1sp,그랜드체이스,오리지널(1차창작),쁘띠체이스 -끝나지 않은 길을 따라 걷는 당신에게-,"제로,프림(OC)",,,,일러스트,ssmirni,https://dongne.co/events/df250402/circles/145400,제29회 디. 페스타(일),Day2
1인 동아리,신문부원A,,,,,1sp,학교에서 있었던 무서운 이야기,,,"사카가미,카자마",사카가미 슈이치X카자마 노조무,해당없음,,"만화,기타",,https://dongne.co/events/df250402/circles/145426,제29회 디. 페스타(일),Day2
환영의미궁13층,필멸자,,,,,1sp,그랜드체이스,,쁘띠체이스 -끝나지 않은 길을 따라 걷는 당신에게-,"디오,지크하트",디오X지크하트,"로맨틱,섹슈얼",,"만화,일러스트",pilmyeolja0430,https://dongne.co/events/df250402/circles/144955,제29회 디. 페스타(일),Day2
2025에도 갑타,.,,,,,1sp,가비지타임,,,"최종수,박병찬,기상호",박병찬,,최종수X기상호,,,https://dongne.co/events/df250402/circles/145166,제29회 디. 페스타(일),Day2
자급자족 3년이면 부스를 낸다,DOSA,,,,,2sp,새로운상사는귀여운허당,"옥토패스트래블러2,하데스,데빌메이크라이",,,모모세 켄타로X시로사키 유세이,,"크리테메, 자그탄","일러스트,만화",vs12_25,https://dongne.co/events/df250402/circles/144877,제29회 디. 페스타(일),Day2
30년 전통 호랑이 고로케,임자,,,,,1sp,슬램덩크,,,,,로맨틱,,소설,,https://dongne.co/events/df250402/circles/145081,제29회 디. 페스타(일),Day2
4월 1일,윌슨,,,,,1sp,블루록,,,이사기 요이치,이토시 린X이사기 요이치,로맨틱,"나기이사, 바치이사, 바로이사",소설,wewill_lxckyou,https://dongne.co/events/df250402/circles/145091,제29회 디. 페스타(일),Day2
Color Rotation,MEEMA,,,,,2sp,괴담출근,"파판14,슬램덩크,창작",,,,,,,M_33M4,https://dongne.co/events/df250402/circles/144866,제29회 디. 페스타(일),Day2
D-Esper,케링,,,,,2sp,슬램덩크,크리미널마인드,,서태웅,윤대협X서태웅,"로맨틱,섹슈얼",,"만화,일러스트",d_esper_,https://dongne.co/events/df250402/circles/144756,제29회 디. 페스타(일),Day2
Dewflow,joy,,,,,1sp,,,,,,,,,dewflow_,https://dongne.co/events/df250402/circles/145333,제29회 디. 페스타(일),Day2
친절 신선 LUCKY MART,아스크림,,,,,1sp,괴담에 떨어져도 출근은 해야하는구나,데뷔 못하면 죽는 병 걸림,,,,,,일러스트,iiiscrim,https://dongne.co/events/df250402/circles/145073,제29회 디. 페스타(일),Day2
melting mirage,ㅁ,,,,,1sp,,,,,,,,,,https://dongne.co/events/df250402/circles/145009,제29회 디. 페스타(일),Day2
mini:D,무앜,,,,,2sp,괴담에 떨어져도 출근을 해야 하는구나,데뷔 못하면 죽는 병 걸림,,김솔음,,,,일러스트,muac2482,https://dongne.co/events/df250402/circles/144822,제29회 디. 페스타(일),Day2
드볼슈퍼 슈퍼히어로 국내 OTT 기원,리빙,,,,,1sp,드래곤볼,,,"피콜로,손오반",,,,만화,Nsiring,https://dongne.co/events/df250402/circles/144840,제29회 디. 페스타(일),Day2
storage,ini,,,,,1sp,괴담출근,"데못죽,원신",,,,,,,mysqyu,https://dongne.co/events/df250402/circles/144770,제29회 디. 페스타(일),Day2
VOLTATACCTIION,일상x비일상,,,,,2sp,볼택션(버튜버),,,후우라카나토. 와타라이히바리. 시키나기아키라. 세라프다즐가든,,,,"만화,일러스트",anthology_days,https://dongne.co/events/df250402/circles/145369,제29회 디. 페스타(일),Day2
히소카를 믿기 VS 빌 사이퍼를 믿기,여중쟈,,,,,1sp,"Gravityfalls,헌터×헌터",,,"Billcipher,히소카",곤X히소카,,,만화,YJJyjj1,https://dongne.co/events/df250402/circles/144977,제29회 디. 페스타(일),Day2
warm&happy,므옹,,,,,2sp,,아이돌리쉬세븐,,,,,,,,https://dongne.co/events/df250402/circles/144851,제29회 디. 페스타(일),Day2
주인공x최종보스,우윤,,,,,2sp,가비지타임,,,"기상호,최종수",기상호X최종수,"로맨틱,섹슈얼,해당없음",,만화,wooyoon_00,https://dongne.co/events/df250402/circles/145313,제29회 디. 페스타(일),Day2
XXX번이나 청혼해도 이미 결혼했다니까요.,GAM,,,,,2sp,게게게의 키타로,,,"키타로의 아버지,키타로의 어머니",키타로의 아버지X키타로의 어머니,로맨틱,,"만화,일러스트,소설",M_PN_G,https://dongne.co/events/df250402/circles/144989,제29회 디. 페스타(일),Day2
*⋆꒰ঌ 천사와 악마 그리고 해파리 ໒꒱⋆*,,,,,,2sp,"해파리 소녀 : 스티커,키링,바다테마 레진아트 / 메론소다","회색도시,괴담출근,이착헌",,해파리 소녀,,,,"일러스트,공예",cup_of_salty,https://dongne.co/events/df250402/circles/145117,제29회 디. 페스타(일),Day2
애굽심령학연구동호회 (埃及心霊学研究同好会),대추야자,,,,,1sp,유희왕 듀얼몬스터즈,유희왕 5DS,,"어둠의 바쿠라,바쿠라 료",어둠의 바쿠라X바쿠라 료,해당없음,,"게임,일러스트",deza_card,https://dongne.co/events/df250402/circles/145350,제29회 디. 페스타(일),Day2
평행우주론연구동호회 (平行宇宙論研究同好会),수령,,,,,1sp,죠죠의 기묘한 모험,,,"쿠죠 죠린,에르메스 코스텔로,푸 파이터즈",,해당없음,,만화,kimeohandream_,https://dongne.co/events/df250402/circles/144862,제29회 디. 페스타(일),Day2
!! 잡탕룰판매기획전 !!,"TR꿈악어, 건펫, 추신, PUSE",,,,,2sp,더블크로스,"사이코로픽션,카미가카리,키즈나불릿,스트라토 샤우트,주인감염",,,,,,,TRPG_crocodile,https://dongne.co/events/dice04/circles/145612,다이스 페스타 #4,Day2
(주)유지엔코리아 주관 오버드취업박람회,1d6DICE,,,,,2sp,DX3rd,,,,,,,,1d6DICE,https://dongne.co/events/dice04/circles/145600,다이스 페스타 #4,Day2
(주)펄스하츠코리아 주관 신인류취업박람회,수림,,,,,2sp,"DX3rd,CoC",,,,,,,,mi_on_su_lim,https://dongne.co/events/dice04/circles/145599,다이스 페스타 #4,Day2
[㈜ 크툴루 파크] 에 오신 걸 환영합니다~♬,김냐루,,,,,2sp,Call of Cthulhu 7th,,,,,,,"일러스트,기타",CTHULHU_PARK,https://dongne.co/events/dice04/circles/145698,다이스 페스타 #4,Day2
팀 파르페,팀 파르페,,,,,2sp,"크툴루의 부름,더블크로스 3rd,기타",,,,,,,,Team_Parfait_TR,https://dongne.co/events/dice04/circles/145721,다이스 페스타 #4,Day2
팀 네버엔딩,"핢, 이나",,,,,2sp,"인세인,창작 룰,미니 RPG",,,,,,,,TRPG_HARM,https://dongne.co/events/dice04/circles/145718,다이스 페스타 #4,Day2
팀 턀삼국찌,요람,,,,,4sp,시노비가미,인세인,,,,,,소설,Tryoram,https://dongne.co/events/dice04/circles/145486,다이스 페스타 #4,Day2
"오, 겁스","스민, 두두 ",,,,,2sp,겁스,,,,,,,,"Tanzanite32_t1, kmandoodoo_trpg",https://dongne.co/events/dice04/circles/145611,다이스 페스타 #4,Day2
"칫, 대법전의 새들 주제에...!",설지&지현,,,,,2sp,마기카로기아,,,,,,,기타,rotlea_trs,https://dongne.co/events/dice04/circles/145776,다이스 페스타 #4,Day2
야! 너도 사신인자현현체 될 수 있어,김예섭,,,,,1sp,"더블크로스 3판,마기카로기아",기타 TRPG,,,,,,"만화,소설",_Great_Machine,https://dongne.co/events/dice04/circles/145647,다이스 페스타 #4,Day2
라성,라성,,,,,2sp,CoC,,,,,,,"소설,만화",llassung,https://dongne.co/events/dice04/circles/145755,다이스 페스타 #4,Day2
머리 넷 달린 생선,플랫피쉬,,,,,1sp,더블크로스3rd,,,,,,,,Team_Fourheaded,https://dongne.co/events/dice04/circles/145520,다이스 페스타 #4,Day2
유감 있는 부스,유감,,,,,2sp,"더블크로스,둘이서수사,블러드패스",팬터미즘,,,,,,,sorryMCE,https://dongne.co/events/dice04/circles/145645,다이스 페스타 #4,Day2
하나 테이블,"레터, 나나",,,,,2sp,"언성 듀엣,더블크로스","광쇄의 리벌처,블러드패스,키즈나불릿,시노비가미",,,,,,"소설,기타","LOVELETTER_214, PS__TRPG",https://dongne.co/events/dice04/circles/145666,다이스 페스타 #4,Day2
어느 마이너의 재고 목록,로든,,,,,2sp,다이스타워,보드게임,,,,,,공예,raud_ann,https://dongne.co/events/dice04/circles/145581,다이스 페스타 #4,Day2
야노 슌사쿠가 앤오로 보입니다,파구/먼솔래담,,,,,1sp,,,,,,,,,,https://dongne.co/events/dice04/circles/145745,다이스 페스타 #4,Day2
국산짹,별수국,,,,,2sp,모험기획국 인세인 inSANe,해리포터,,,,,,"공예,기타",caramel_onion,https://dongne.co/events/dice04/circles/145770,다이스 페스타 #4,Day2
푸른꽃,푸른꽃,,,,,4sp,"취록의 플로리아,플레지위치,컴즈,주사위","나이트버터플라이,증벽의에스피오나지,PHANTOMISM",,,,,,"게임,기타,공예,소설",Team_BlueFlower,https://dongne.co/events/dice04/circles/145598,다이스 페스타 #4,Day2
아론의 사제 & 인세인,이소율,,,,,1sp,아론의 사제,인세인,,,,,,게임,aarontrpg,https://dongne.co/events/dice04/circles/145768,다이스 페스타 #4,Day2
티알이 고플 땐 저희를 드세요,"비빔참치마요,사이다",,,,,2sp,크툴루의 부름,아론의 사제,,,,,,소설,bibimtunamayo,https://dongne.co/events/dice04/circles/145667,다이스 페스타 #4,Day2
인외가 돈이 된다는 것을 보여 주마,"yung, 내조엠",,,,,2sp,마모노 스크램블,"케다모노오페라,둘이서 수사,마기카로기아",,,,,,기타,Roastedfeet_0w0,https://dongne.co/events/dice04/circles/145663,다이스 페스타 #4,Day2
당나라 군대의 전설,Chito,,,,,2sp,크툴루의 부름,,,,,,,소설,chitochito_s,https://dongne.co/events/dice04/circles/145506,다이스 페스타 #4,Day2
신님은 주사위 놀이 당근 빳따죠,요븐,,,,,1sp,크툴루의 부름 7판,인세인,,,,,,,,https://dongne.co/events/dice04/circles/145496,다이스 페스타 #4,Day2
배신의 리벌처 문호 성산시지부,DB,,,,,1sp,더블크로스,"마기카로기아,광쇄의 리벌처,CoC",,,,,,,DBTRPG,https://dongne.co/events/dice04/circles/145514,다이스 페스타 #4,Day2
싱싱한 크툴루 두마리에 오천원,-,,,,,2sp,자작룰,,,,,,,,,https://dongne.co/events/dice04/circles/145623,다이스 페스타 #4,Day2
고대종 레니빙 만두전골집,"사사, 효모",,,,,2sp,"더블크로스 3rd,키즈나불릿",,,,,,,기타,"Sasa_TRPG_, DX3_Hyomo",https://dongne.co/events/dice04/circles/145650,다이스 페스타 #4,Day2
수상한 가죽공방,닐림,,,,,1sp,,,,,,,,공예,nillim_bg3,https://dongne.co/events/dice04/circles/145495,다이스 페스타 #4,Day2
캔모아 엔드라인×배드시티 지점,피자몬,,,,,1sp,더블크로스 3rd,,,,,,,기타,Pizza_and_Coke,https://dongne.co/events/dice04/circles/145532,다이스 페스타 #4,Day2
마감에 도달하지 못한 생물,기린,,,,,2sp,드라크루쥬,,,,,,,소설,devilgiraffe,https://dongne.co/events/dice04/circles/145606,다이스 페스타 #4,Day2
요기에 요그소토스,비지,,,,,2sp,크툴루의 부름,기타 티알피지 굿즈,,,,,,"기타,게임",bizi_trpg,https://dongne.co/events/dice04/circles/145492,다이스 페스타 #4,Day2
성산시 시립도서관 예비 사서,해월,,,,,1sp,COC 크툴루의 부름,,,,,,,기타,MTL_trpg,https://dongne.co/events/dice04/circles/145771,다이스 페스타 #4,Day2
오버드 아카데미아 입학안내처,"용봉, 녕희",,,,,2sp,DX3,,,,,,,"소설,일러스트",bongY_TRPG,https://dongne.co/events/dice04/circles/145552,다이스 페스타 #4,Day2
온기가 남아있습니다,소쿠리단지,,,,,1sp,마기카로기아,"광쇄의 리벌쳐,그 외",,,,,,기타,,https://dongne.co/events/dice04/circles/145653,다이스 페스타 #4,Day2
보라상조,디라스티트,,,,,2sp,마기카로기아,,,,,,,소설,"IG_Eugene, Restinhelio",https://dongne.co/events/dice04/circles/145483,다이스 페스타 #4,Day2
성산일보,백,,,,,2sp,Call of Cthulhu 7판,,,,,,,,writerbaek_trpg,https://dongne.co/events/dice04/circles/145684,다이스 페스타 #4,Day2
잉큼공방,호마마,,,,,2sp,,,,,,,,공예,ingkmx2,https://dongne.co/events/dice04/circles/145635,다이스 페스타 #4,Day2
조기상회,Parting(양어),,,,,2sp,CoC,,,,,,,기타,parting_TRPG,https://dongne.co/events/dice04/circles/145544,다이스 페스타 #4,Day2
다이스는 안 된다는 말에 멈추지 않는다,세잎,,,,,2sp,오리지널,,,,,,,,yelling_lf,https://dongne.co/events/dice04/circles/145565,다이스 페스타 #4,Day2
프로젝트 쿠키,프로젝트 쿠키,,,,,2sp,크툴루의 부름,"언성 듀엣,피아스코 등",,,,,,,,https://dongne.co/events/dice04/circles/145588,다이스 페스타 #4,Day2
멸종되지 않은 잡탕룰,비뇽,,,,,2sp,"주인감염,언성듀엣","스승을 위하여,스트라토 샤우트,인세인,DX3rd",,,,,,,W_meung_,https://dongne.co/events/dice04/circles/145655,다이스 페스타 #4,Day2
에트랑제 앨리스,래빗홀,,,,,2sp,크툴루의 부름,마기카로기아,,,,,,"소설,게임",ReddressedG,https://dongne.co/events/dice04/circles/145566,다이스 페스타 #4,Day2
프로젝트 이터널,쿠키마스터,,,,,1sp,"DnD,디앤디,던전 앤 드래곤",,,,,,,"게임,소설,기타",Eternal_TR,https://dongne.co/events/dice04/circles/145676,다이스 페스타 #4,Day2
인세인의 꽃말은 인생,"연호, 냠",,,,,2sp,inSANe,,,,,,,게임,"YeonHo_TRPG, rem1nisc3nari0",https://dongne.co/events/dice04/circles/145617,다이스 페스타 #4,Day2
월드엔드 스토밍 오어 바이올런트 데이즈,랭,,,,,2sp,더블크로스,,,,,,,소설,muimuii3,https://dongne.co/events/dice04/circles/145789,다이스 페스타 #4,Day2
완간지구 앞바다 오버드 양식장,"자몽씨앗, 오백",,,,,2sp,더블크로스 3rd,,,,,,,기타,zamong_trpg,https://dongne.co/events/dice04/circles/145778,다이스 페스타 #4,Day2
소라바미 오타쿠형,아뉴스데이,,,,,1sp,광쇄의 리벌처,"키즈나 불릿,마기카로기아",,,,,,"소설,일러스트",agnusdei011,https://dongne.co/events/dice04/circles/145709,다이스 페스타 #4,Day2
닌자들아 엔딩페이즈 쯤에는 사이가 좋아지길 바라,턀미뢰,,,,,1sp,시노비가미,,,,,,,기타,,https://dongne.co/events/dice04/circles/145511,다이스 페스타 #4,Day2
금서전문점,소낙,,,,,1sp,"언성 듀엣,마기카로기아",,,,,,,소설,knock_horizon,https://dongne.co/events/dice04/circles/145550,다이스 페스타 #4,Day2
난수박물관,곰룡,,,,,2sp,시노비가미,"머더 미스터리,비기닝 아이돌",,,,,,게임,RNMuseum,https://dongne.co/events/dice04/circles/145497,다이스 페스타 #4,Day2
달빛다과회,유페,,,,,2sp,시노비가미,,,,,,,게임,Team_dalda,https://dongne.co/events/dice04/circles/145558,다이스 페스타 #4,Day2
은수레바퀴,백호,,,,,2sp,아리안로드 RPG 2E,,,,,,,"기타,게임,소설",,https://dongne.co/events/dice04/circles/145744,다이스 페스타 #4,Day2
카페인페인,역설,,,,,2sp,"인세인,시노비가미",,,,,,,,paradoxcho,https://dongne.co/events/dice04/circles/145642,다이스 페스타 #4,Day2
인외러라고 다 오니혈을 잡는건 아니라구요,샤난,,,,,1sp,인세인,,,,,,,기타,lostcataclysm,https://dongne.co/events/dice04/circles/145572,다이스 페스타 #4,Day2
시나리오는 내가 쓸게 플레이는 누가 할래,BG,,,,,1sp,더블크로스 3rd,,,,,,,소설,TR_B_G,https://dongne.co/events/dice04/circles/145480,다이스 페스타 #4,Day2
마감하느라 밤을 새버렸습니다,밤새나,,,,,1sp,COC,,,,,,,"소설,기타",dark_moonI2IO,https://dongne.co/events/dice04/circles/145725,다이스 페스타 #4,Day2
더블크로스 타이만 공방,Team Naoha,,,,,2sp,DX3rd,,,,,,,기타,TEAM_NAOHA,https://dongne.co/events/dice04/circles/145574,다이스 페스타 #4,Day2
"카미가카리, 모노뮤 붐은 온다",크로넬,,,,,1sp,카미가카리,모노톤뮤지엄,,,,,,소설,TR_crownel,https://dongne.co/events/dice04/circles/145772,다이스 페스타 #4,Day2
미지영역탐험,이단 공무,,,,,2sp,마도서대전 TRPG 마기카로기아,,,,,,,,Kotokunibito,https://dongne.co/events/dice04/circles/145529,다이스 페스타 #4,Day2
미지영역탐험,이단 공무,,,,,1sp,마도서대전 TRPG 마기카로기아,,,,,,,"소설,기타",Kotokunibito,https://dongne.co/events/dice04/circles/145530,다이스 페스타 #4,Day2
블루밍하우스,에피,,,,,2sp,"크툴루의 부름,시노비가미,블루밍하우스 만화",,,,,,,"만화,소설,기타",blueminghouse,https://dongne.co/events/dice04/circles/145538,다이스 페스타 #4,Day2
슈뚜루마뚜루,슈림,,,,,2sp,마도서대전 TRPG 마기카로기아,,,,,,,,TRPGShu,https://dongne.co/events/dice04/circles/145527,다이스 페스타 #4,Day2
쥐구멍하우스,"서서, 파블로프, 애빈",,,,,2sp,"프린세스월드,CoC,인세인",,,,,,,기타,"soso4tr, trpg_pablof, aebin9260394655",https://dongne.co/events/dice04/circles/145747,다이스 페스타 #4,Day2
지하감옥에서 잠든 용,춤달,,,,,1sp,던전 앤 드래곤,,,,,,,기타,MichaelJShin,https://dongne.co/events/dice04/circles/145791,다이스 페스타 #4,Day2
시간마법사의 아틀리에,시간마법사,,,,,1sp,,,,,,,,,,https://dongne.co/events/dice04/circles/145504,다이스 페스타 #4,Day2
닭다리광대버섯,버섯가지그라탕,,,,,2sp,멀티 장르 호러 TRPG inSANe 시나리오,,,,,,,"게임,소설,기타",mushken_trpg,https://dongne.co/events/dice04/circles/145781,다이스 페스타 #4,Day2
사교도단일지성,Dr.K,,,,,1sp,크툴루의 부름,,,,,,,,K_forcoc,https://dongne.co/events/dice04/circles/145641,다이스 페스타 #4,Day2
백두대간설화대계,녹차하임,,,,,2sp,신화창세RPG 아마데우스,,,,,,,기타,FF14_dasse,https://dongne.co/events/dice04/circles/145493,다이스 페스타 #4,Day2
어쨌든양귀비절임,오퓸,,,,,2sp,DoubleCross the 3rd Edition,인귀혈맹 RPG 블러드패스,,,,,,기타,,https://dongne.co/events/dice04/circles/145570,다이스 페스타 #4,Day2
도화여자고등학교 오컬트부,야기,,,,,2sp,아론의 사제,"크툴루의 부름,둘이서 수사",,,,,,기타,yagi_do_game,https://dongne.co/events/dice04/circles/145577,다이스 페스타 #4,Day2
동틀때까지세션하다가그렇게됐다.,핫도그,,,,,2sp,"마기카로기아,더블크로스",,,,,,,"일러스트,소설",dog_omo,https://dongne.co/events/dice04/circles/145693,다이스 페스타 #4,Day2
마감시간촉박한데발로르각성이나할까,이십오,,,,,2sp,더블크로스,,,,,,,"소설,기타",2_IO_OI_5_TRPG,https://dongne.co/events/dice04/circles/145534,다이스 페스타 #4,Day2
아니아무도안하는룰이아니란걸보여주겠다,포쨔,,,,,1sp,아니마 아니무스,"더블크로스,은검의 스텔라나이츠",,,,,,소설,pochaa_open,https://dongne.co/events/dice04/circles/145508,다이스 페스타 #4,Day2
철학졈에게쫓기고있습니다여러분의도움이절실한때입니다,루뿌,,,,,2sp,DX3(더블크로스 3rd),,,,,,,"기타,공예,일러스트",,https://dongne.co/events/dice04/circles/145579,다이스 페스타 #4,Day2
번역 레벨2부터 치트였던 공장장의 유유자적 부스 라이프,먘,,,,,2sp,더블크로스 3rd,,,없음,,,,"소설,기타,일러스트",Kindness_OFF,https://dongne.co/events/dice04/circles/145677,다이스 페스타 #4,Day2
수상할정도로넓은4ps,경우,,,,,4sp,"insane,coc,DX3rd",,,,,,,,kyungwoo5,https://dongne.co/events/dice04/circles/145619,다이스 페스타 #4,Day2
BITTER SWEET,147,,,,,2sp,coc,,,,,,,,,https://dongne.co/events/dice04/circles/145640,다이스 페스타 #4,Day2
BLTS&Witch,셰일,,,,,2sp,마기카로기아,,,,,,,"공예,기타",Rocks_tr,https://dongne.co/events/dice04/circles/145769,다이스 페스타 #4,Day2
BS [마감] - 1 키리타니 수면 -,"W, H, P",,,,,1sp,더블크로스 3rd,TRPG,,,,,,"기타,일러스트",,https://dongne.co/events/dice04/circles/145670,다이스 페스타 #4,Day2
CAFE 메로스,팀 숙과회,,,,,2sp,인술배틀 TRPG 시노비가미,,,,,,,기타,wlsgml1128,https://dongne.co/events/dice04/circles/145681,다이스 페스타 #4,Day2
CRC의권위자가되겠다,aringgg,,,,,2sp,더블크로스 3rd,,,,,,,소설,aringgg_TRPG,https://dongne.co/events/dice04/circles/145784,다이스 페스타 #4,Day2
Cthulhu oh C'mon,해日,,,,,2sp,COC(Call of Cthulhu),,,,,,,"게임,기타",TEAM_GGUK,https://dongne.co/events/dice04/circles/145690,다이스 페스타 #4,Day2
크툴루와 덥크하는 부스(feat.CRC는 아닙니다 그런데 CRC하실 분?),"12, 닭꼬치",,,,,2sp,"CoC,Dx3",,,,,,,"소설,게임",iqFMyIaYdo3NtBh,https://dongne.co/events/dice04/circles/145794,다이스 페스타 #4,Day2
"GM: 네, 가능합니다.",한국오버드노동조합총연맹,,,,,2sp,Dx3rd,마기로기 오프탁 세트,,,,,,기타,Illusory_Radian,https://dongne.co/events/dice04/circles/145569,다이스 페스타 #4,Day2
실시간 미침(inSANe) 보여드립니다,"QU4CK, 티그",,,,,2sp,인세인,,,,,,,,QU4CKT4KU,https://dongne.co/events/dice04/circles/145584,다이스 페스타 #4,Day2
LIMIT:Team.공리주의,"SIHA, Team.공리주의",,,,,2sp,마기카로기아,,,,,,,기타,"SIHATRPG, Team_GRJY",https://dongne.co/events/dice04/circles/145593,다이스 페스타 #4,Day2
Minari Handmade,끼랴,,,,,2sp,,,,,,,,공예,handmade_minari,https://dongne.co/events/dice04/circles/145575,다이스 페스타 #4,Day2
MY FIRST TABLETOP,우롱,,,,,4sp,더블크로스 The 3rd Edition,광쇄의 리벌처,,,,,,"소설,기타",oolong_trpg,https://dongne.co/events/dice04/circles/145503,다이스 페스타 #4,Day2
RCC(RPG Creators Club),스트로펠,,,,,1sp,던전앤드래곤5,,,,,,,"게임,기타",CreatorsR52801,https://dongne.co/events/dice04/circles/145793,다이스 페스타 #4,Day2
ROLLIN,미리내,,,,,2sp,"CoC,설화학당",,,,,,,"소설,기타",TRPG_Rollin,https://dongne.co/events/dice04/circles/145758,다이스 페스타 #4,Day2
Sarvant on the Ground,사라반트,,,,,2sp,크툴루의 부름,,,,,,,,060re_,https://dongne.co/events/dice04/circles/145567,다이스 페스타 #4,Day2
SPECIAL ORDER,전자친구,,,,,2sp,크툴루의 부름(CoC),,,,,,,기타,AF_TRPG,https://dongne.co/events/dice04/circles/145603,다이스 페스타 #4,Day2
Team. 오아시스,체온,,,,,2sp,CoC,,,,,,,소설,TR__Pulse,https://dongne.co/events/dice04/circles/145591,다이스 페스타 #4,Day2
Team.영게리아,탄화,,,,,2sp,COC 7TH,,,,,,,"소설,기타",TRPG_CAR,https://dongne.co/events/dice04/circles/145795,다이스 페스타 #4,Day2
TEAM. 폴라리스,"나리, 쿠우",,,,,2sp,크툴루의 부름(CoC),"아리안로드,인세인",,,,,,"소설,공예,게임,기타","TEAM_P0LARIS, nari_1_BP, c___trpg",https://dongne.co/events/dice04/circles/145621,다이스 페스타 #4,Day2
Team. Amaranth,"리케,앙또",,,,,2sp,Vampire the masquerade 5th,,,,,,,기타,Rike_0704,https://dongne.co/events/dice04/circles/145724,다이스 페스타 #4,Day2
TEAM. PERSONAL SPACE,DAM,,,,,2sp,인귀혈맹RPG 블러드패스 (블패),"크툴루의 부름(coc),인세인,둘이서수사(둘수사,후소사)",,,,,,,TEAM_PERSPA,https://dongne.co/events/dice04/circles/145686,다이스 페스타 #4,Day2
Team SHiKL,이린+샤카,,,,,1sp,더블크로스 3rd,,,,,,,"소설,공예,기타",team_SHiKL,https://dongne.co/events/dice04/circles/145516,다이스 페스타 #4,Day2
Team. Zodiac,"태양, 금성",,,,,2sp,CoC,,,,,,,소설,,https://dongne.co/events/dice04/circles/145616,다이스 페스타 #4,Day2
토깽이 TRPG 분점,K,,,,,2sp,인세인,마기카로기아,,,,,,소설,kra_trpg,https://dongne.co/events/dice04/circles/145477,다이스 페스타 #4,Day2
내멋대로 TRPG,연어,,,,,2sp,창작룰,,,,,,,,salmon_please,https://dongne.co/events/dice04/circles/145618,다이스 페스타 #4,Day2
TRPG사업부 창작1팀,쿼크 이사회,,,,,2sp,크툴루의 부름,,,,,,,게임,TRPG_CreativeT1,https://dongne.co/events/dice04/circles/145697,다이스 페스타 #4,Day2
<완전수화> UGN의 개,논냥,,,,,2sp,더블크로스,,,,,,,기타,newunkown_dream,https://dongne.co/events/dice04/circles/145643,다이스 페스타 #4,Day2
뇌크로노미콘 상회 UGN 지점,리틀언데드,,,,,2sp,더블크로스,크툴루의 부름,,,,,,"소설,공예,기타",lil_undead_kp,https://dongne.co/events/dice04/circles/145614,다이스 페스타 #4,Day2
사월시UGN지부,"미츠, 네미, 헤파",,,,,2sp,"블러드패스,더블크로스,주인감염,시노비가미",,,,,,,,michu_TRPG,https://dongne.co/events/dice04/circles/145792,다이스 페스타 #4,Day2
UGN 서울지부 졈동고,쿠키,,,,,2sp,더블크로스3rd,,,,,,,소설,CritofSnowman,https://dongne.co/events/dice04/circles/145630,다이스 페스타 #4,Day2
UZT 침략기지 대민지원 출장소,미송,,,,,2sp,스트라토 샤우트,,,,,,,소설,trpg_commander,https://dongne.co/events/dice04/circles/145777,다이스 페스타 #4,Day2
Virtual Ninja... ☆,TEAM. 대뇌변연계,,,,,1sp,시노비가미,,,,,,,,TEAMlimbic,https://dongne.co/events/dice04/circles/145720,다이스 페스타 #4,Day2
알파트랜스가 물보다 싸다고! vol.3,"여백, 누케, 클라치스",,,,,2sp,"더블크로스,DX3rd",마기카로기아,,,,,,"일러스트,기타",yeoback_TRPG,https://dongne.co/events/dice04/circles/145494,다이스 페스타 #4,Day2
~명예의~ 배틀 뷔페 ,solbia,,,,,2sp,포켓몬스터,페그오,,,,,,일러스트,solbia0471,https://dongne.co/events/game06/circles/143673,제6회 오락관,Day2
!감나빗,TP,,,,,1sp,다키스트 던전,,,,,,,기타,mercy76_pistol,https://dongne.co/events/game06/circles/143995,제6회 오락관,Day2
.,펑크나면같부스분넓게쓰세요,,,,,1sp,페르소나,,,,,,,,,https://dongne.co/events/game06/circles/143611,제6회 오락관,Day2
&&___**,올리브,,,,,1sp,프로젝트 세카이,잭잔느,,"쿠사나기 네네,카미시로 루이",카미시로 루이X쿠사나기 네네,,소우키사,소설,,https://dongne.co/events/game06/circles/143567,제6회 오락관,Day2
점,점,,,,,2sp,페르소나,,,페3주,,,,,,https://dongne.co/events/game06/circles/143980,제6회 오락관,Day2
난 추리할 때 리듬을 타..,밤눈,,,,,2sp,역전재판,"프로세카,레이튼교수,카게프로",,,나루호도 류이치X하자쿠라인 아야메,,"네네에무, 야키신아야",,bmnn_aoo,https://dongne.co/events/game06/circles/143857,제6회 오락관,Day2
넌 강아지다 돌격해!,개털,,,,,2sp,오버워치,"하데스,사이퍼즈,데드바이데이라이트",,,,로맨틱,,,_tracemaker_,https://dongne.co/events/game06/circles/143944,제6회 오락관,Day2
앗 여행갔다가 놓쳤어,야미노,,,,,2sp,"역전재판,사이퍼즈",,,,,,,,,https://dongne.co/events/game06/circles/143474,제6회 오락관,Day2
와 검은방이다..,오예스,,,,,2sp,검은방,"회색도시,베리드스타즈",,하무열,,,,"만화,기타",w_Csi_05,https://dongne.co/events/game06/circles/143853,제6회 오락관,Day2
날 쓰오옷쓰오옷 하게 만들어줘,burn,,,,,1sp,오버워치,"아이작,페그오,포켓몬",,"루시우,젠야타,아이작,베이비포켓몬,모르간",,,,,leemyeongheon,https://dongne.co/events/game06/circles/143820,제6회 오락관,Day2
페...,쏘야,,,,,1sp,페르소나3,페이트그랜드오더,,아이기스,여주인공X아이기스,"로맨틱,섹슈얼",,소설,sukller31,https://dongne.co/events/game06/circles/143948,제6회 오락관,Day2
문.센,수세미즙,,,,,2sp,포켓몬스터SV,"아이돌리쉬세븐,스플래툰",,페퍼,,로맨틱,,,,https://dongne.co/events/game06/circles/143499,제6회 오락관,Day2
릴리,하다월,,,,,2sp,,,,,,,,,,https://dongne.co/events/game06/circles/143484,제6회 오락관,Day2
미정,까뿡,,,,,1sp,리그오브레전드,,,,,,,"만화,일러스트",,https://dongne.co/events/game06/circles/143716,제6회 오락관,Day2
미정,당과,,,,,1sp,발더스게이트3,테일즈런너,,,,,,,,https://dongne.co/events/game06/circles/143939,제6회 오락관,Day2
칼로 물 베기의 달인,무믓,,,,,2sp,마법사의 약속,발더스 게이트,,"브래들리,네로,더지,아스타리온",브래들리X네로,"로맨틱,섹슈얼",더지아스,"만화,일러스트",,https://dongne.co/events/game06/circles/143661,제6회 오락관,Day2
드에 잡다,세나,,,,,2sp,드래곤에이지,,,,,,,,scaena45,https://dongne.co/events/game06/circles/143946,제6회 오락관,Day2
합체 사고,도지M,,,,,1sp,페르소나,,,,,,,,m211947,https://dongne.co/events/game06/circles/143486,제6회 오락관,Day2
둘이 대체 왜 그러는... 하 됐다,황로나 / N,,,,,2sp,대역전재판,,,,바로크 반직스X종자,,,,"hwanglona, aaakbgsp8",https://dongne.co/events/game06/circles/143479,제6회 오락관,Day2
낡고 지친 부스,하야비,,,,,2sp,파이널판타지14,,,"에렌빌,그라하 티아,알피노&알리제",빛의전사X에렌빌,로맨틱,빛전라하,"만화,일러스트",xxxpaper,https://dongne.co/events/game06/circles/143342,제6회 오락관,Day2
뉴비 오면 부스 또 냄,조직원1,,,,,1sp,버디미션본드,,,,,,,"만화,일러스트,기타",,https://dongne.co/events/game06/circles/144030,제6회 오락관,Day2
우리 섹터 정상 영업합니다,"듀, 이온",,,,,1sp,에리오스 라이징 히어로즈,아이돌리쉬세븐,메일체크해주세요 사령!2,,아키라X렌,로맨틱,마리가스,기타,"dew_808, nainndakarane",https://dongne.co/events/game06/circles/143371,제6회 오락관,Day2
남편 잃은 여자들,"서목, 미생물",,,,,1sp,발더스 게이트 3,"파이널판타지14,사이퍼즈",,,,,,,"SeoMok__, Astarion_w1fe",https://dongne.co/events/game06/circles/143848,제6회 오락관,Day2
버니 디저트,팡스,,,,,1sp,"파판14,마비노기",의다살,,,,,,,,https://dongne.co/events/game06/circles/143369,제6회 오락관,Day2
붕괴 실크송,꽉꽉,,,,,2sp,붕괴 스타레일,할로우 나이트,,어벤츄린,,로맨틱,,"일러스트,기타",ducduck030,https://dongne.co/events/game06/circles/143560,제6회 오락관,Day2
최강 팔라딘,트윅스,,,,,2sp,발더스 게이트 3,,,할신,,,,게임,,https://dongne.co/events/game06/circles/143366,제6회 오락관,Day2
가장 어두운 부스,과해,,,,,2sp,다키스트 던전,,,,,,,기타,gwahaeyo,https://dongne.co/events/game06/circles/143860,제6회 오락관,Day2
뭐가 나올지 모름,레분,,,,,1sp,에리오스 라이징 히어로즈,마법사의 약속,메일체크해주세요 사령!2,,,,,만화,,https://dongne.co/events/game06/circles/143711,제6회 오락관,Day2
헌팅 당하러 가자~,다츠,,,,,2sp,데드 바이 데이라이트,"사일런트 힐,바이오하자드",,,,,,일러스트,DARTS160,https://dongne.co/events/game06/circles/143491,제6회 오락관,Day2
젤다 뭐라도 있는 부스,ssdfg1899,,,,,1sp,젤다의 전설,"역전재판,파이널판타지14",,,,,,,eiy421,https://dongne.co/events/game06/circles/143589,제6회 오락관,Day2
휴덕 있어도 탈덕 없음,C,,,,,1sp,프로젝트 세카이,,,,,,,일러스트,,https://dongne.co/events/game06/circles/143591,제6회 오락관,Day2
이제 장르가 겹칠 일은 없나보다,눌쓰,,,,,2sp,"데레스테,진 삼국무쌍 오리진",,,,,,,,,https://dongne.co/events/game06/circles/143423,제6회 오락관,Day2
파란 바다에 빠진 오렌지 ,쪼쪼,,,,,1sp,프로젝트 세카이,,,"시노노메 아키토,아오야기 토우야",아오야기 토우야X시노노메 아키토,해당없음,,게임,,https://dongne.co/events/game06/circles/143363,제6회 오락관,Day2
"네가 온다면,",오이피클,,,,,2sp,마법사의 약속,,,파우스트 라위니아,,"로맨틱,섹슈얼",브래들리×네로×파우스트(3인cp),"만화,소설",,https://dongne.co/events/game06/circles/143334,제6회 오락관,Day2
경블 스타레일,블루레몬,,,,,1sp,붕괴 스타레일,없음,,"경원,블레이드",경원X블레이드,해당없음,,일러스트,bluelemon170,https://dongne.co/events/game06/circles/143943,제6회 오락관,Day2
매일 블경쓰는 사람,우무,,,,,1sp,붕괴:스타레일,,,"블레이드,경원",블레이드X경원,로맨틱,,소설,renaljinxed,https://dongne.co/events/game06/circles/143812,제6회 오락관,Day2
매일 블경읽는 사람,ㅎㅎ,,,,,1sp,붕괴:스타레일,,,"블레이드,경원",블레이드X경원,로맨틱,어벤츄린x레이시오,"만화,일러스트",U3U_hahah,https://dongne.co/events/game06/circles/143813,제6회 오락관,Day2
요즘 하이퍼볼 시세가 어떻게 되죠?,Rio,,,,,2sp,포켓몬스터,,,,,,,게임,riodrawsstuff,https://dongne.co/events/game06/circles/143604,제6회 오락관,Day2
뭐가 나온다면 다행일지도,이스마일,,,,,1sp,명일방주,1차,,,박사X총웨,로맨틱,,"만화,기타",nills_ff14,https://dongne.co/events/game06/circles/143381,제6회 오락관,Day2
앙쉘 팝업스토어,소유,,,,,1sp,에리오스 라이징 히어로즈,,메일체크해주세요 사령!2,"오스카,페이스",,,,,,https://dongne.co/events/game06/circles/143345,제6회 오락관,Day2
오늘 포카포카하고 있는데 문득 내가 한 마리 재규어 같다는 생각이 들었음,레아시스,,,,,2sp,페이트/그랜드 오더,,,,,로맨틱,"제임스 모리어티x셜록 홈즈,",소설,Mulgogi_moon,https://dongne.co/events/game06/circles/143337,제6회 오락관,Day2
ㅇㅇㅇ,ㅇㅇ,,,,,2sp,엘소드,,,,,,,,,https://dongne.co/events/game06/circles/143665,제6회 오락관,Day2
국밥집,니어,,,,,1sp,메타포 리판타지오,,,주인공,,"로맨틱,섹슈얼",,만화,near__near__,https://dongne.co/events/game06/circles/144006,제6회 오락관,Day2
루미붐,Nenjyu,,,,,2sp,,,,,,,,,,https://dongne.co/events/game06/circles/143377,제6회 오락관,Day2
배고파,밥먹자,,,,,2sp,붕괴스타레일,,,레이시오 어벤츄린 로빈 선데이,,,,일러스트,azsxstar,https://dongne.co/events/game06/circles/143642,제6회 오락관,Day2
새문서,에머디,,,,,2sp,명일방주,,,,백파이프X혼,로맨틱,,"일러스트,만화",emothi80,https://dongne.co/events/game06/circles/143654,제6회 오락관,Day2
재판소,ㅁh국no,,,,,1sp,박앵귀,,,"히지카타 토시조,유키무라 치즈루",히지카타 토시조X유키무라 치즈루,"로맨틱,섹슈얼",오키치즈,만화,tkanfkdlfjqm,https://dongne.co/events/game06/circles/143414,제6회 오락관,Day2
쥬네스,BABAKUN,,,,,2sp,페르소나,,,"도지마 나나코,나루카미 유우,하나무라 요스케",나루카미 유우X하나무라 요스케,로맨틱,,만화,BABAKUN9,https://dongne.co/events/game06/circles/143698,제6회 오락관,Day2
해달샵,시크루,,,,,4sp,원신,스타레일,,원신 내 다수의 캐릭터,,,,공예,Sunmoonshop_16,https://dongne.co/events/game06/circles/143435,제6회 오락관,Day2
가나디~진화~수은가나디,옆구리,,,,,2sp,발더스게이트3,,,"게일 데카리오스,야망의 신",더지X게일,로맨틱,,,POP_MySt,https://dongne.co/events/game06/circles/143924,제6회 오락관,Day2
덕떼기 시장,"브로콜리나마저, 닭",,,,,1sp,"바이오하자드,스타레일","괴담출근,진격의거인,슬램덩크",,,,,,,,https://dongne.co/events/game06/circles/143739,제6회 오락관,Day2
명조는 뜬다,지니,,,,,1sp,명조,붕스,,명조 all,,,,"만화,기타,일러스트",,https://dongne.co/events/game06/circles/143847,제6회 오락관,Day2
역전의 용사,칼브,,,,,1sp,역전재판,젤다의 전설,,"링크,젤다,유가미 진,키즈키 코코네",유가미 진X키즈키 코코네,로맨틱,링젤,"만화,일러스트",CALB_NINTENDO,https://dongne.co/events/game06/circles/143649,제6회 오락관,Day2
달무리 피는 밤,해월,,,,,1sp,프로젝트 세카이,,,"카미시로 루이,텐마 츠카사",카미시로 루이X텐마 츠카사,로맨틱,,소설,Sunsiflower_s,https://dongne.co/events/game06/circles/143748,제6회 오락관,Day2
자물쇠 전문 부스,신호,,,,,1sp,역전재판1~4,아이돌랜드 프리파라,,나루호도 류이치 위주 올캐릭터,나루호도X키리히토,"로맨틱,섹슈얼,해당없음","카미노기X나루호도, 나루호도X메이, 아마리X마리오X아마리","만화,일러스트,기타",milfhodo,https://dongne.co/events/game06/circles/143533,제6회 오락관,Day2
아직도 같은 게임 하세요?,N,,,,,2sp,"데빌 메이 크라이,바이오하자드,소닉 더 헤지혹 시리즈",,,,,,,,,https://dongne.co/events/game06/circles/143563,제6회 오락관,Day2
아들은 원래 엄마를 좋아해 쓰니야,롭,,,,,1sp,발더스 게이트 3,,,,,,,"소설,만화",obxxex,https://dongne.co/events/game06/circles/143541,제6회 오락관,Day2
그런데 그때 사신이 나타났다!,Putti,,,,,1sp,"대역전재판,초탐정사건부 레인코드",역전재판 후기,,"221B,올드베일리,야행탐정사무소,마코토 카구츠치",아소기 카즈마X바로크 반직스,로맨틱,,"만화,일러스트",Putti_95,https://dongne.co/events/game06/circles/143969,제6회 오락관,Day2
그딴건 니가 만들어야해,노잼이,,,,,2sp,길티기어,"명일방주,1차창작",,올캐릭,,,,일러스트,,https://dongne.co/events/game06/circles/143745,제6회 오락관,Day2
올빼미 새장 팝업스토어,뺌!,,,,,2sp,발더스 게이트,"오버워치2,드래곤 에이지",,,,,,,constellar_owl,https://dongne.co/events/game06/circles/143658,제6회 오락관,Day2
김똬쿤 쇼타임,부이,,,,,1sp,페르소나5,,,"아케치,조커",,,,게임,vuuueeee,https://dongne.co/events/game06/circles/143659,제6회 오락관,Day2
유가네 닭갈비 (원산지: 키즈키),맴돌,,,,,2sp,역전재판5,,,"유가미 카구야,유가미 진,키즈키 코코네,키즈키 마리",,,,"만화,소설,공예",maamdoll,https://dongne.co/events/game06/circles/143908,제6회 오락관,Day2
사랑과 살○의 사이 ,박궁,,,,,1sp,마루토쿠,"쯔꾸르,세포신곡,무색의 카이나,노사루,ZENO",,,,,,일러스트,cook__zhffk,https://dongne.co/events/game06/circles/143741,제6회 오락관,Day2
고대의 라스트 스탠드,MARU,,,,,2sp,파이널 판타지 14,,,"고대인,새벽의 혈맹",,,,일러스트,GOBIgreens,https://dongne.co/events/game06/circles/143393,제6회 오락관,Day2
별까지 닿아라 총괄의 연기,보라,,,,,1sp,명일방주,,,,,,,"소설,기타",eye_bora,https://dongne.co/events/game06/circles/143797,제6회 오락관,Day2
던바튼 석상의 자리는 내것이다,아레카야자,,,,,2sp,마비노기,,,,,,,,,https://dongne.co/events/game06/circles/143318,제6회 오락관,Day2
아직도 어른이 아닙니다,아이비,,,,,1sp,발더스 게이트 3,파판14,,,,,,,,https://dongne.co/events/game06/circles/143721,제6회 오락관,Day2
그놈의 게임만 뒤지게하는 사람,Calc(),,,,,1sp,붕괴:스타레일,,,"비소,초구,맥택",,해당없음,,"만화,소설,일러스트",Calccalculi,https://dongne.co/events/game06/circles/143457,제6회 오락관,Day2
전설의 물리고 참기왕에게 경의를 표합니다 ,시이 ,,,,,2sp,붕괴:스타레일,젠레스 존 제로,,파이논 마이데이 + @ 등등 ...,파이논X마이데이,"로맨틱,섹슈얼",? ,"만화,일러스트",effervescence_x,https://dongne.co/events/game06/circles/143713,제6회 오락관,Day2
역전을 발상시켜,"천생연분, 통귤탕후루",,,,,1sp,"페르소나,역전재판",,,,,,,,"77_cheon_77, Dld__dgs",https://dongne.co/events/game06/circles/143757,제6회 오락관,Day2
오늘은 떡도리탕,짤,,,,,2sp,,,,,,,,,,https://dongne.co/events/game06/circles/143547,제6회 오락관,Day2
오늘도 군인들이 꽉 찼군…,할롯,,,,,1sp,Call of duty,ABYSSOS / NBFS · CWCA (원작),,"쾨니히,고스트,토비아스",,,,"일러스트,기타",Touuax,https://dongne.co/events/game06/circles/143603,제6회 오락관,Day2
덧없이 흔들리는 서클,고고매니저,,,,,1sp,페르소나3,,,,남주인공X아이기스,로맨틱,,만화,gogomanager1221,https://dongne.co/events/game06/circles/144041,제6회 오락관,Day2
어둠의 셜록홈즈 강령회,칠퍼,,,,,2sp,"페이트/그랜드 오더,FGO,페그오",사무렘,,"셜록 홈즈,제임스 모리어티,이스칼리",제임스 모리어티X셜록 홈즈,"섹슈얼,로맨틱",,"만화,소설,일러스트",7percent_fate,https://dongne.co/events/game06/circles/143902,제6회 오락관,Day2
시계는 아침부터 똑딱똑딱,산툰,,,,,1sp,틱택토,세포신곡,,"알버트,라이오넬",,,,만화,dooly_ppozzac,https://dongne.co/events/game06/circles/143500,제6회 오락관,Day2
이의가 있을수도 없을수도,뭉,,,,,1sp,역전재판,,,,,로맨틱,,,ff15_moong,https://dongne.co/events/game06/circles/143536,제6회 오락관,Day2
우리집 고양이들 정상영업합니다,아샤,,,,,2sp,페르소나5,프로젝트 세카이,,아오야기 토우야,시노노메 아키토X아오야기 토우야,"로맨틱,해당없음",아케치 고로 x 아마미야 렌 ,"소설,일러스트,만화",asha_prsk,https://dongne.co/events/game06/circles/143791,제6회 오락관,Day2
노량진 아이보시장,파즈스피 / 역전애호가,,,,,2sp,대역전재판,역전재판,,"나루호도 법률사무소(역456) 미츠루기 레이지,베이커가 221B,올드베일리",아소기 카즈마X나루호도 류노스케,,아소기 카즈마 X 바로크 반직스,일러스트,"Pazspi_, AA_aehoga",https://dongne.co/events/game06/circles/143839,제6회 오락관,Day2
오로지 라이느비만 하는 부스,티엔,,,,,1sp,원신,,,"라이오슬리,느비예트",라이오슬리X느비예트,"섹슈얼,로맨틱",,만화,Wriothesle0taku,https://dongne.co/events/game06/circles/143729,제6회 오락관,Day2
신청서 수정하는거 까먹은 바보,녜,,,,,2sp,포켓몬SV,"프로세카,해리포터",,,,,,,,https://dongne.co/events/game06/circles/143609,제6회 오락관,Day2
총공격 인리보장기관 프로젝트 세카이,무많,,,,,2sp,Fate/Grand Order,"페르소나3,프로젝트 세카이",,"후지마루 리츠카,서번트",후지마루 리츠카(구다코)X아시야 도만,"로맨틱,해당없음",,"만화,공예",pistilandstigma,https://dongne.co/events/game06/circles/143880,제6회 오락관,Day2
겜다이소,윈도우11,,,,,1sp,포켓몬스터,"로스트아크,리그오브레전드,오버워치,발더스게이트3,프로젝트세카이,듀랑고,엘소드",,,,,,공예,nowinnolife2,https://dongne.co/events/game06/circles/143900,제6회 오락관,Day2
격투하자,나리,,,,,1sp,"파이어 엠블렘 무쌍 풍화설월,길티기어",,,,,,,"만화,일러스트",hanari_S2,https://dongne.co/events/game06/circles/143866,제6회 오락관,Day2
고라포덕,42,,,,,1sp,포켓몬,보컬로이드,,,,,,,,https://dongne.co/events/game06/circles/143349,제6회 오락관,Day2
네모행성,INSA,,,,,2sp,1차창작 쯔꾸르게임,,,,,,,"게임,기타,일러스트,소설",side_in_game,https://dongne.co/events/game06/circles/143685,제6회 오락관,Day2
느짓살이,단삭,,,,,1sp,명일방주,,,,,,,"소설,기타",dansak_ak,https://dongne.co/events/game06/circles/143375,제6회 오락관,Day2
단데기집,단데기 ,,,,,1sp,대역전재판,월드트리거,,,바로크 반직스X아소기 카즈마,로맨틱,,"만화,일러스트",danza_721,https://dongne.co/events/game06/circles/143915,제6회 오락관,Day2
딸기빙수,eno,,,,,1sp,젠레스존제로,원신 스타레일,,,,,,만화,,https://dongne.co/events/game06/circles/143409,제6회 오락관,Day2
마이사와,mai,,,,,1sp,"원신,스타레일",,,"종려,타르탈리아,파이논,마이데이,아케론,어벤츄린,카프카",종려X타르탈리아,"로맨틱,섹슈얼",파이논x마이데이,만화,mioiuii,https://dongne.co/events/game06/circles/143999,제6회 오락관,Day2
방주구이,떡92,,,,,1sp,명일방주,,,,,,,"일러스트,기타",,https://dongne.co/events/game06/circles/143418,제6회 오락관,Day2
뱀애호가,ㅇㄹ,,,,,1sp,대역전재판,,,"나루호도 류노스케,아소기 카즈마",,,,"소설,만화,기타",ari00330303,https://dongne.co/events/game06/circles/143551,제6회 오락관,Day2
봄이온다,후,,,,,2sp,포켓몬,키미가시네,,보민,보민X카지,해당없음,보민페퍼,,trkbt000,https://dongne.co/events/game06/circles/143949,제6회 오락관,Day2
비밀기지,미리내,,,,,1sp,록맨,,,,,,,"일러스트,게임,기타",,https://dongne.co/events/game06/circles/143401,제6회 오락관,Day2
생선가게,HSFS,,,,,1sp,몬스터헌터,,,,,,,"일러스트,기타",,https://dongne.co/events/game06/circles/143614,제6회 오락관,Day2
서성서성,쎔,,,,,2sp,"포켓몬,세키로",페르소나3,,,,,,,ssamesum,https://dongne.co/events/game06/circles/143703,제6회 오락관,Day2
시쿠시쿠,농부,,,,,2sp,프로젝트 세카이,,,,카미시로 루이X텐마 츠카사,"섹슈얼,로맨틱",,,,https://dongne.co/events/game06/circles/143410,제6회 오락관,Day2
오비이락,sondochi,,,,,4sp,호그와트 레거시,,,,,,,,sondochi,https://dongne.co/events/game06/circles/143576,제6회 오락관,Day2
오차즈케,물꼬기,,,,,1sp,붕괴:스타레일,"원신,젠레스 존 제로,이터널리턴,림버스 컴퍼니",,,,,,일러스트,onion_cf,https://dongne.co/events/game06/circles/143883,제6회 오락관,Day2
임시이름,쿠라게,,,,,2sp,페르소나4,,,,아다치 토오루X나루카미 유우,,,,,https://dongne.co/events/game06/circles/143717,제6회 오락관,Day2
정상영업,shj,,,,,1sp,"페르소나,프세카","아이카츠,젤다의 전설,dmmd",,,,,,"일러스트,공예,기타",,https://dongne.co/events/game06/circles/144045,제6회 오락관,Day2
카페오레,허브,,,,,2sp,스타레일,"원신,프로세카",,,,,,,,https://dongne.co/events/game06/circles/143494,제6회 오락관,Day2
캡콤이또,202,,,,,1sp,역전재판,,,,,,,,,https://dongne.co/events/game06/circles/143637,제6회 오락관,Day2
킷챠우요,숀,,,,,1sp,박앵귀,,,"히지카타 토시조,오키타 소지,사이토 하지메,하라다 사노스케,토도 헤이스케,카자마 치카게,유키무라 치즈루,이바 하치로,소마 카즈에,사카모토 료마,야마자키 스스무,산난 케이스케,나가쿠라 신파치",오키타 소지X유키무라 치즈루,로맨틱,,"만화,일러스트",shangshangkk,https://dongne.co/events/game06/circles/144017,제6회 오락관,Day2
피토리카,PiCA,,,,,1sp,프로젝트 세카이,"살육의 천사,ib,쿠키런,뱅드림",,,,,,,gmlwls2612,https://dongne.co/events/game06/circles/143412,제6회 오락관,Day2
흡혈구역,"송, 다미",,,,,2sp,발더스 게이트 3,,,아스타리온,,,,"일러스트,기타","o_taku_thd, Vita_Heart_D",https://dongne.co/events/game06/circles/143989,제6회 오락관,Day2
무광상점 (오락관의 모습),무광,,,,,1sp,포켓몬스터,,,,,로맨틱,,,0doredore,https://dongne.co/events/game06/circles/143405,제6회 오락관,Day2
아무래도 내 아들이 친구 동생과 사귀는 것 같다,윤펭귄,,,,,1sp,대역전재판,,,"바로크 반직스,아소기 카즈마",아소기 카즈마X바로크 반직스,"로맨틱,섹슈얼",,소설,mdy351,https://dongne.co/events/game06/circles/143456,제6회 오락관,Day2
르네상스 바종,재불,,,,,2sp,대역전재판,페르소나,,,,,,,"Pulljjae, doublechya",https://dongne.co/events/game06/circles/143742,제6회 오락관,Day2
달팽이의 살과 집을 분리해주지,,,,,,1sp,고스트 와이어,,,,,,,만화,,https://dongne.co/events/game06/circles/143616,제6회 오락관,Day2
나오하가 너무 좋다고 말해!,코리안더파티,,,,,2sp,포켓몬스터,,,"스칼렛 바이올렛 푸름,페퍼,홈웨이조,나오하 등등",페퍼X푸름,로맨틱,,"만화,일러스트",coriander_party,https://dongne.co/events/game06/circles/143420,제6회 오락관,Day2
도마뱀의 보물함,해룡,,,,,2sp,,,,,,,,"일러스트,공예,기타",,https://dongne.co/events/game06/circles/143378,제6회 오락관,Day2
쇼타이오 미세로,빠나난나,,,,,1sp,페르소나5,,,조커(주인공),,,,"일러스트,만화",fananan_game,https://dongne.co/events/game06/circles/144034,제6회 오락관,Day2
왕밤빵의 세카이,왕밤빵,,,,,1sp,프로젝트 세카이,,,,카미시로 루이X텐마 츠카사,,,,,https://dongne.co/events/game06/circles/143651,제6회 오락관,Day2
주종뱅이 상주중,KUM,,,,,1sp,에리오스라이징히어로즈,,메일체크해주세요 사령!2,,브래드X오스카,"로맨틱,섹슈얼",오스브래,"만화,기타",kum_8910,https://dongne.co/events/game06/circles/143615,제6회 오락관,Day2
팽이버섯 군생지,사날,,,,,2sp,포켓몬스터 스칼렛/바이올렛,"파판14,데레마스,마법사의 약속",,"푸름,카지,시유",카지X푸름,로맨틱,,"만화,기타",SNL_NAL,https://dongne.co/events/game06/circles/143448,제6회 오락관,Day2
도라지와 별별별 ,도라지,,,,,1sp,포켓몬,피크민,,,,,,,frogjem,https://dongne.co/events/game06/circles/144012,제6회 오락관,Day2
우파우파 유치원 ,빈제,,,,,1sp,포켓몬스터,,,,,,,,Bin_ze__,https://dongne.co/events/game06/circles/143966,제6회 오락관,Day2
보라빨강 나오는 부스,이노,,,,,2sp,엘소드,,,"엘소드,애드,아이샤,엘리시스",애드X엘소드,"해당없음,로맨틱",아이샤x엘리시스,일러스트,PURPLExRED_,https://dongne.co/events/game06/circles/143600,제6회 오락관,Day2
브라더십 엑스포 별관,모해,,,,,2sp,명일방주,,,,,,,,,https://dongne.co/events/game06/circles/143580,제6회 오락관,Day2
당신같은 덕후를 기다려왔다우,재노,,,,,2sp,스플래툰,"trpg(COC),별의 커비,발로란트",,,,,,"일러스트,게임,만화,소설",jeano0116,https://dongne.co/events/game06/circles/143702,제6회 오락관,Day2
극악무도 무기미도,공이일,,,,,1sp,무기미도,,,"조야,켈시",조야X켈시,로맨틱,"남국랭, 돈여국","만화,일러스트",atthe0to1,https://dongne.co/events/game06/circles/143817,제6회 오락관,Day2
닉휴저별 윤막새신,지존검둥,,,,,2sp,로드 오브 히어로즈,,,미하일 블레이크,미하일X남로드,"로맨틱,섹슈얼","브랜라르, 브란라르, 크롬른","만화,공예",sm5927602,https://dongne.co/events/game06/circles/143388,제6회 오락관,Day2
성배밥집 루비콘점,털룡이,,,,,2sp,fgo 페그오 페이트 그랜드 오더,아머드코어,,헥토르 만드리카르도 621 이구아수 무사시 코지로,헥토르X만드리카르도,,621x이구아수,만화,,https://dongne.co/events/game06/circles/143841,제6회 오락관,Day2
쏘아올린 새우튀김,Lusy,,,,,2sp,Nu: 카니발,,,"에이트,야쿠모,케시,블레이드",,,,조형,Lusy_nu,https://dongne.co/events/game06/circles/143621,제6회 오락관,Day2
온장고의 별보따리,지온,,,,,1sp,페이트/그랜드 오더,시광대리인,,"오베론,알트리아 캐스터",오베론X알트리아 캐스터,로맨틱,베인페이(베인x샤페이),만화,_JIONee,https://dongne.co/events/game06/circles/143648,제6회 오락관,Day2
우리동네 적폐대장,적장,,,,,1sp,프로젝트 세카이,,,"카미시로 루이,텐마 츠카사",카미시로 루이X텐마 츠카사,,,,JJ_goodjob,https://dongne.co/events/game06/circles/143461,제6회 오락관,Day2
피자가게 야간알바 긴급 모집중,공백,,,,,1sp,프레디의 피자가게 (Five Nights at Freddy's),,,fnaf시리즈 캐릭터들,,,,"기타,조형",gongbackishere,https://dongne.co/events/game06/circles/143671,제6회 오락관,Day2
■■■의 억까에도 마감한 부스,육각형원석,,,,,2sp,명일방주,콘클라베,,,,,,"만화,일러스트",co_co_dayo,https://dongne.co/events/game06/circles/143905,제6회 오락관,Day2
키타가와 유스케에게 밥을 사주기 위한 부스,란가,,,,,2sp,페르소나5,"페르소나3,4,진 여신전생5,메타포",,키타가와 유스케,주인공(아마미아 렌)X키타가와 유스케,해당없음,"(주인공왼 중심) 주아케, 주하나,주아이,햄아이","만화,일러스트",coroin_dgx,https://dongne.co/events/game06/circles/143483,제6회 오락관,Day2
이번에도 광탈인가요? ,다혼,,,,,1sp,사이퍼즈,,,,,,,공예,,https://dongne.co/events/game06/circles/143646,제6회 오락관,Day2
부스명을 입력해주세요.,mola,,,,,1sp,붕괴: 스타레일,데스 스트랜딩,,"레이시오,완매",Dr. 레이시오X완 매,해당없음,,"만화,일러스트",dontdespair365,https://dongne.co/events/game06/circles/144003,제6회 오락관,Day2
강황맛사탕,홍삼진액,,,,,1sp,드래곤 에이지,,,펜리스,호크X펜리스,"섹슈얼,로맨틱",더내리우스X펜리스,소설,Jinseng_Red,https://dongne.co/events/game06/circles/143675,제6회 오락관,Day2
경단공작소,능이,,,,,2sp,붕괴:스타레일,,,,경원X단항,로맨틱,,,,https://dongne.co/events/game06/circles/143380,제6회 오락관,Day2
경단보급소,휴,,,,,2sp,붕괴:스타레일,,,"경원,단항",경원X단항,로맨틱,,,hue_hsr,https://dongne.co/events/game06/circles/143663,제6회 오락관,Day2
경단제작소,류논,,,,,2sp,붕괴: 스타레일,,,"경원,단항",경원X단항,"로맨틱,섹슈얼",,"소설,만화",,https://dongne.co/events/game06/circles/143344,제6회 오락관,Day2
동인타락팜,육개,,,,,1sp,테일즈런너,역전재판,,엘림스 스마일,엘림스 스마일X아슈 로벨,"로맨틱,섹슈얼",,,yuggaepaig5,https://dongne.co/events/game06/circles/143524,제6회 오락관,Day2
뒷산한계점,우우린,,,,,2sp,프로잭트세카이 컬러풀스테이지 feat. 하츠네미쿠,,,"아오야기 토우야,시노노메 아키토",아오야기 토우야X시노노메 아키토,"로맨틱,섹슈얼",,만화,,https://dongne.co/events/game06/circles/143322,제6회 오락관,Day2
롬다롬다롬,도람,,,,,2sp,포켓몬,스플래툰 사이퍼즈,,,,,,,doramdarom,https://dongne.co/events/game06/circles/143471,제6회 오락관,Day2
먹다만우동,순두부우동,,,,,1sp,붕괴 스타레일,,,,경원X블레이드,로맨틱,,만화,,https://dongne.co/events/game06/circles/143656,제6회 오락관,Day2
발더스할게,할,,,,,2sp,발더스게이트3,,,"아스타리온,올컴패니언",아스타리온X타브,"로맨틱,섹슈얼",,"소설,공예,기타",bdgham47,https://dongne.co/events/game06/circles/143766,제6회 오락관,Day2
십덕의당부,남자많이,,,,,1sp,붕괴스타레일,,,,어벤츄린X레이시오,,,,,https://dongne.co/events/game06/circles/143586,제6회 오락관,Day2
애기야가자,토리,,,,,1sp,페이트/그랜드 오더,페르소나3,,아르토리아 펜드래곤 얼터,아르토리아 펜드래곤 얼터X잔 다르크 얼터,해당없음,,일러스트,saberdaisukii,https://dongne.co/events/game06/circles/144007,제6회 오락관,Day2
어른의놀이,에사,,,,,1sp,에리오스 라이징 히어로즈,,메일체크해주세요 사령!2,,주니어X페이스,로맨틱,,만화,_notFeed,https://dongne.co/events/game06/circles/143833,제6회 오락관,Day2
임시신청서,에바님,,,,,2sp,,,,,,,,,,https://dongne.co/events/game06/circles/143368,제6회 오락관,Day2
진티엔리밍,kje1213114,,,,,2sp,,,,,,,,,,https://dongne.co/events/game06/circles/143732,제6회 오락관,Day2
총체적난국,촤촤촤,,,,,1sp,메타포 리판타지오,"잭잔느,페르소나3",,,,,,"일러스트,만화",,https://dongne.co/events/game06/circles/143458,제6회 오락관,Day2
최강맛초킹,밍,,,,,1sp,페르소나,,,,,,,,qx_xbc,https://dongne.co/events/game06/circles/143829,제6회 오락관,Day2
페르소런너,"페르, 김춘재, 테런짱짱",,,,,2sp,"테일즈런너,페르소나5",TRPG (마기로기),,"R,카이",,,"주아케, 카인라라",,"P5x56, stonedog_run, xpWkd",https://dongne.co/events/game06/circles/143534,제6회 오락관,Day2
터무니없는 세화,man3043,,,,,2sp,프로젝트 세카이,,,원더랜즈 쇼타임,카미시로 루이X쿠사나기 네네,로맨틱,텐마 츠카사 X 오오토리 에무,만화,sehwa_nene,https://dongne.co/events/game06/circles/143579,제6회 오락관,Day2
금색털뭉치 보존 동호회,방주,,,,,2sp,스타레일,"니지산지,미호요",,레이츄린,레이시오X어벤츄린,로맨틱,,만화,,https://dongne.co/events/game06/circles/143440,제6회 오락관,Day2
"모노쿠마가 아무리 노력을 해도, 피카츄가 되지는 않지...",이응,,,,,2sp,"포켓몬 SV,단간론파",,,,,,,"만화,일러스트",2hyu_00,https://dongne.co/events/game06/circles/144031,제6회 오락관,Day2
팔데아에서 보물찾기,플라티나,,,,,2sp,포켓몬스터,,,,,,,"일러스트,만화",platin_amide,https://dongne.co/events/game06/circles/143976,제6회 오락관,Day2
짤랑거리는 흑당과자 시식코너,감전,,,,,1sp,역전재판,,,"가류 쿄야,호즈키 아카네,오도로키 호스케,나루호도 미누키",가류 쿄야X호즈키 아카네,로맨틱,,만화,HM_maaang,https://dongne.co/events/game06/circles/144027,제6회 오락관,Day2
피주머니가 되고싶은데 빈혈이 있다면,브카,,,,,1sp,발더스게이트3,,,"아스타리온,게일,섀도하트,레이젤,윌,민타라,할신,롤란 등",아스타리온X타브더지,"로맨틱,섹슈얼","게일x타브더지, 올컴패","소설,일러스트,기타",byekaa107,https://dongne.co/events/game06/circles/144011,제6회 오락관,Day2
그리두어라!,timneh,,,,,1sp,"오버워치,프롬 소프트웨어 게임,데스티니가디언즈",,,라마트라 젠야타,라마트라X젠야타,"로맨틱,섹슈얼",,만화,,https://dongne.co/events/game06/circles/143756,제6회 오락관,Day2
이것뭐에요?,김감,,,,,2sp,프로젝트세카이,"데드플레이트,페르소나,히프노시스마이크",,카미시로 루이,카미시로 루이X텐마 츠카사,로맨틱,"네네에무, 빈스로디, 히후도","만화,일러스트",kggamii,https://dongne.co/events/game06/circles/143896,제6회 오락관,Day2
게임하는사람,라는게,,,,,1sp,LOL(리그오브레전드),"포켓몬스터,오버워치",,,,,,"기타,일러스트",HO_HO_GRANDMA,https://dongne.co/events/game06/circles/143469,제6회 오락관,Day2
메론카스테라,Kiwiiii,,,,,2sp,,,,,,,,만화,,https://dongne.co/events/game06/circles/143439,제6회 오락관,Day2
발도롱게이트,고구마장수,,,,,2sp,발더스게이트3,파이널판타지14,,,,,,,goguma_no_card,https://dongne.co/events/game06/circles/143929,제6회 오락관,Day2
부스어떡카지,8 부히,,,,,2sp,"페르소나 3,4,5",포켓몬 SV,,,,,,일러스트,"owsPKM, owsotaku",https://dongne.co/events/game06/circles/143814,제6회 오락관,Day2
삶은아름다워,생와,,,,,1sp,포켓몬스터,세포신곡,,,카지X푸름,로맨틱,,만화,,https://dongne.co/events/game06/circles/143597,제6회 오락관,Day2
우유버터온천,ㄱㅁ,,,,,2sp,페르소나,진여신전생,,,,,,,,https://dongne.co/events/game06/circles/143495,제6회 오락관,Day2
천장명함열차,올씨,,,,,2sp,스타레일,,,"레이시오,어벤츄린",레이시오X어벤츄린,로맨틱,파이데이,일러스트,little_modao,https://dongne.co/events/game06/circles/143523,제6회 오락관,Day2
페삼공명부스,dantaku,,,,,1sp,페르소나3,,,햄코,,,,만화,"dangeroustaku, natwjeq",https://dongne.co/events/game06/circles/143682,제6회 오락관,Day2
휴지주식회사,국도,,,,,2sp,용과같이,죠죠,,"이치반,키류 카즈마",,,,만화,kukjo1,https://dongne.co/events/game06/circles/143357,제6회 오락관,Day2
오마와리상을 오사와리망,주노라,,,,,2sp,네가죽어,,,시노기 케이지,,,,게임,nora_kmgsn,https://dongne.co/events/game06/circles/143446,제6회 오락관,Day2
발더스게이트 백합트랙스 윗도시 분점,"듬듬, 김생강",,,,,2sp,발더스게이트3,,,,,,,"조형,기타",dumdumgamin,https://dongne.co/events/game06/circles/143608,제6회 오락관,Day2
도스임시서클명,준,,,,,1sp,몬스터헌터,아머드코어 라스트레이븐,,,,,,만화,zunllxe,https://dongne.co/events/game06/circles/143594,제6회 오락관,Day2
르블랑카레도둑,고봉밥,,,,,1sp,페르소나5,,,"주인공,아케치 고로",주인공X아케치 고로,,,만화,,https://dongne.co/events/game06/circles/143926,제6회 오락관,Day2
사과두부샐러드,"솜, 토푸",,,,,1sp,포켓몬스터 스칼렛/바이올렛,,,,카지X푸름,로맨틱,,"만화,일러스트","babububu_suki, ssamanko030",https://dongne.co/events/game06/circles/143617,제6회 오락관,Day2
사무라이박치기,b비,,,,,1sp,박앵귀,,,"유키무라 치즈루,이바 하치로",이바 하치로X유키무라 치즈루,로맨틱,,기타,bull_moth,https://dongne.co/events/game06/circles/143831,제6회 오락관,Day2
아이돌게임파티,비서,,,,,2sp,젤다의 전설,"발더스게이트2,아이카츠,스플래툰,이나이레",,,,,,"일러스트,소설",GAMPANGPANG_,https://dongne.co/events/game06/circles/143852,제6회 오락관,Day2
이상한마법사들,둘기,,,,,2sp,마법사의약속,,,,,,,,,https://dongne.co/events/game06/circles/143874,제6회 오락관,Day2
이젠게임뿐이야,일밤,,,,,1sp,,,,,,,,,,https://dongne.co/events/game06/circles/143459,제6회 오락관,Day2
헤이안정크푸드,IENN,,,,,2sp,Fate/Samurai Remnant,,,,,,,,In_ourtime,https://dongne.co/events/game06/circles/143744,제6회 오락관,Day2
남녀연애자유선언,은여,,,,,1sp,,,,,,,,,,https://dongne.co/events/game06/circles/143326,제6회 오락관,Day2
마요메뚜기통조림,toma,,,,,1sp,페르소나5,,,,아케치 고로X주인공,로맨틱,,만화,cottonoodle,https://dongne.co/events/game06/circles/143327,제6회 오락관,Day2
말랑뽀작우유식빵,아노센,,,,,2sp,스타레일,원신,,레이시오 어벤츄린 전캐,,,,,dkshtps,https://dongne.co/events/game06/circles/143343,제6회 오락관,Day2
다녹은인지세계로 페고가 뛰어내립니다.,감일,,,,,2sp,페르소나,,,,주인공X아케치,로맨틱,,만화,gamil427,https://dongne.co/events/game06/circles/143626,제6회 오락관,Day2
감자튀김컵라면맛 아이스크림,다,,,,,2sp,프로젝트 세카이,,,올캐릭터,마후유X카나데,해당없음,"안토우야,",일러스트,Yahangeobogosip,https://dongne.co/events/game06/circles/143886,제6회 오락관,Day2
뉴밀리온디저트페어,설령,,,,,1sp,에리오스 라이징 히어로즈,메타포,메일체크해주세요 사령!2,빌리와이즈 그레이리버스,,,오스페이,만화,ssseress_HR,https://dongne.co/events/game06/circles/143722,제6회 오락관,Day2
리버스절대금지구역,p2222d,,,,,2sp,역전재판,kof,,나루호도 미츠루기,나루호도X미츠루기,"로맨틱,섹슈얼",류스우쿄 스탠제노,"만화,소설,공예,기타",p2222d,https://dongne.co/events/game06/circles/143351,제6회 오락관,Day2
소프트아이스크림부,도담,,,,,1sp,테일즈 오브 제스티리아,,,"스레이,미쿠리오",미쿠리오X스레이,로맨틱,,,,https://dongne.co/events/game06/circles/143640,제6회 오락관,Day2
천재카리스마사나이,#(에밀),,,,,2sp,페르소나,메타포,,주인공,,,,"만화,일러스트",plimastos,https://dongne.co/events/game06/circles/143433,제6회 오락관,Day2
오퍼의오는오른쪽의오,BBSB,,,,,1sp,명일방주,붕괴 스타레일,,총웨,박사X총웨,로맨틱,,만화,BBSBri_ML,https://dongne.co/events/game06/circles/143903,제6회 오락관,Day2
슈퍼크레이지이지모드 주세요,박사 누구,,,,,1sp,명일방주,소녀전선,,아이린 루멘,,,,소설,Who_are_Doctor,https://dongne.co/events/game06/circles/144035,제6회 오락관,Day2
역전재판을찷여우거라 역전재판을 찷여오라고 하지않았느냐,렘감,,,,,2sp,역전재판 시리즈,페르소나,,,,,,일러스트,galar_1JJANG,https://dongne.co/events/game06/circles/143910,제6회 오락관,Day2
고양이가방에들어가신다,휴지조각,,,,,2sp,"페르소나 시리즈,메타포 : 리판타지오",,,"아케치 고로,주인공",아케치 고로X아마미야 렌(주인공),"로맨틱,섹슈얼",,"만화,일러스트",roh_Ewoong,https://dongne.co/events/game06/circles/143810,제6회 오락관,Day2
레이시오복각촉구위원회,미보유 / 오슴,,,,,2sp,붕괴:스타레일,,,,Dr.레이시오X어벤츄린,해당없음,,만화,"MIB0Y0U, OoOOoOOoO00001",https://dongne.co/events/game06/circles/143796,제6회 오락관,Day2
언더다크뱀파스폰핥는다,감초,,,,,2sp,발더스게이트3,,,아스타리온,아스타리온X타브,,,,,https://dongne.co/events/game06/circles/143319,제6회 오락관,Day2
뱀파이어스폰특별보호구역,산미,,,,,1sp,발더스게이트3,,,아스타리온,타브X더지X아스타리온,"로맨틱,섹슈얼",,"만화,소설,기타",,https://dongne.co/events/game06/circles/143485,제6회 오락관,Day2
섹시댄스로재액을물리치자,코크피,,,,,2sp,마법사의 약속,,,,,"로맨틱,해당없음",,,angccoke,https://dongne.co/events/game06/circles/143396,제6회 오락관,Day2
추리게임작작하고빨리나오라고,수락,,,,,1sp,베리드스타즈,역전재판,,하수창 한도윤 이규혁 민주영 카르마메이 마요이,수창X도윤,,규혁도윤,"공예,기타",tothep0nd,https://dongne.co/events/game06/circles/143767,제6회 오락관,Day2
하이랄의전설의영웅은죽지않긔,"87, 우산, 응개",,,,,2sp,오버워치,"젤다의 전설,로드오브히어로즈,레이튼교수 시리즈",,"송하나,아나,라이프위버,링크,젤다,로드,카르티스,온달,시프리에드,레이튼,루크",,,,"일러스트,기타","Happylord_, wusangeu, __eyaaho",https://dongne.co/events/game06/circles/143568,제6회 오락관,Day2
선생님좋아해요애플파이흠냐흠냐,폰세,,,,,2sp,에리오스 라이징 히어로즈,,메일체크해주세요 사령!2,빅터 발렌타인,로빈 굿웨더X세이지 스카이폴,해당없음,,"소설,만화,공예",Ponse_HeliosR,https://dongne.co/events/game06/circles/143743,제6회 오락관,Day2
예기치않은서버오류가발생했습니다,wo,,,,,2sp,"포켓몬,명일방주,젤다의전설","아이돌 마스터 시리즈,오버워치,페그오",,,,,,,,https://dongne.co/events/game06/circles/143738,제6회 오락관,Day2
겜하느라덕질은안하지만부스는내고싶어,듀,,,,,1sp,로오히,,,,,,,,,https://dongne.co/events/game06/circles/143588,제6회 오락관,Day2
무한으로데스게임이라니왜다들허강민말을믿는건데,이연하,,,,,2sp,페르소나,"검은방,회색도시,베리드스타즈",,아다치 토오루,,해당없음,,"기타,일러스트",higherrn,https://dongne.co/events/game06/circles/143660,제6회 오락관,Day2
우예따랏닷다따랏닷다베이베베이베따랏닷다따랏닷다,예쓰스트레스,,,,,2sp,페르소나3,,,all 캐릭터,,,올캐러 ,일러스트,"YessStress, rooftops_art, Niu_NJGR",https://dongne.co/events/game06/circles/143328,제6회 오락관,Day2
1회차를 어충으로 했습니다,ginger,,,,,1sp,발더스게이트3,,,"모든 플레이블 캐릭터,할신",,,,일러스트,gingerbread_csi,https://dongne.co/events/game06/circles/143956,제6회 오락관,Day2
10회말역전만루홈런,.,,,,,2sp,대역전재판,역전재판,,,바로크 반직스X종자,"로맨틱,섹슈얼","나루미츠, 오도쿄","만화,일러스트",llilillliilliil,https://dongne.co/events/game06/circles/143937,제6회 오락관,Day2
오쓰! 싸워라! 포켓 쿠키민 오브 베리드 히어로즈 킹덤 고등학교: 1999,피자,,,,,2sp,오쓰! 싸워라! 응원단,"쿠키런: 킹덤,리버스: 1999,좀비고등학교,베리드 스타즈,포켓몬스터,로드 오브 히어로즈,피크민",,,,,,"만화,기타,일러스트,조형",Bcuz_itispizza,https://dongne.co/events/game06/circles/143942,제6회 오락관,Day2
1999년의 황금향,센느,,,,,1sp,리버스 1999,파이널판타지 14,,,,,,만화,seneu107,https://dongne.co/events/game06/circles/143331,제6회 오락관,Day2
엄증판진심 시즌2,유행 차차,,,,,2sp,대역전재판,,,,나루호도 류노스케X아소기 카즈마,해당없음,,,"foundhappyplace, thgcha4",https://dongne.co/events/game06/circles/143730,제6회 오락관,Day2
코랄오리지늄스무디2인분,요몽,,,,,1sp,아머드코어6 루비콘의 화염,명일방주,,,,,,게임,ver_nanairo,https://dongne.co/events/game06/circles/143941,제6회 오락관,Day2
2년만에 장르 잡은 사람들 모임,감자볶움도리의발차기,,,,,1sp,페르소나,,,아마미야 렌과 페르소나 친구들,,,,일러스트,emori71758,https://dongne.co/events/game06/circles/143793,제6회 오락관,Day2
2025 엘쏜 브라더십 엑스포,순봉식,,,,,4sp,명일방주,,,,엘리시움X쏜즈,,,,ANSUSANG,https://dongne.co/events/game06/circles/143581,제6회 오락관,Day2
안녕하세요앙별월드엑스포홍보대사마슈키리에라이트입니다에오르제아는제가사랑하는경이로운대륙이죠이도시의매력을2025년저와함께찾아보지않으시겠어요선배2025더비엑스포,madbird82,,,,,4sp,"FF14,앙상블 스타즈!! Music,페이트/그랜드 오더","트라이건 스탬피드,TRPG,우마무스메",,,,,,"만화,일러스트,소설",grape__jelly,https://dongne.co/events/game06/circles/143834,제6회 오락관,Day2
프타르타로스 22층 남서쪽 에이리어에 경카와 용문폐로 둘러쌓인 작은 세카이가 있어...,퍌미,,,,,2sp,프세카,"페르소나,명일방주,우마무스메,리버스1999",,,,,,,nuri_ovo,https://dongne.co/events/game06/circles/143620,제6회 오락관,Day2
24시 노틸러스국밥,루쿠누누,,,,,1sp,fate: grand order,,,"캡틴 네모,반 고흐,길가메시,니토크리스 등..",,,,일러스트,plz_new_song,https://dongne.co/events/game06/circles/143787,제6회 오락관,Day2
여름낮2504,겨울밤,,,,,2sp,로드오브히어로즈,수공예,,,,,,일러스트,,https://dongne.co/events/game06/circles/143438,제6회 오락관,Day2
같이 로토제타시아 구하실 분(2/n),곤,,,,,1sp,드래곤퀘스트11s,,,"일레븐,카뮈",,로맨틱,,"만화,일러스트",,https://dongne.co/events/game06/circles/143938,제6회 오락관,Day2
"갓겜 3박자: 섹시한 레벨링, 하자있는 캐릭터, 웅장한 엔딩",과자,,,,,2sp,포켓몬스터,,,,카지X푸름,,,만화,GGwauisigjaing,https://dongne.co/events/game06/circles/143764,제6회 오락관,Day2
진•페르소나 전생 스플래툰3 의 전설,모노,,,,,2sp,페르소나,"젤다의 전설,스플래툰,진여신전생",,,,,,"일러스트,공예,기타",Ameri_ikano,https://dongne.co/events/game06/circles/144004,제6회 오락관,Day2
38살아기공탐정,고헌,,,,,1sp,저지아이즈:사신의 유언,페르소나3,,야가미 타카유키,,로맨틱,아라햄,게임,gorilla_yakuza,https://dongne.co/events/game06/circles/143508,제6회 오락관,Day2
404,얌얌,,,,,1sp,포켓몬,"피크민,프세카",,,,,,기타,,https://dongne.co/events/game06/circles/143773,제6회 오락관,Day2
너 라인 4개라고? 난 인격이 5개다,퍼플 / 탄,,,,,2sp,"엘소드,제5인격,솜인형",페르소나,,,,,,,"purple_1line, tan_ttg",https://dongne.co/events/game06/circles/143532,제6회 오락관,Day2
46년 미지근한 동인 맛집,시루,,,,,2sp,페르소나,마루토쿠시리즈,,,,,,,silu_31,https://dongne.co/events/game06/circles/143628,제6회 오락관,Day2
4825%,Sapphire,,,,,2sp,프로세카. 앙스타,,,,,,,,,https://dongne.co/events/game06/circles/143657,제6회 오락관,Day2
5월의 장미,,,,,,1sp,악마집사와 검은고양이,도키메키메모리얼GS,,,,,,일러스트,,https://dongne.co/events/game06/circles/144043,제6회 오락관,Day2
[7월특가]바젤룽라이3박3일알차게,rd,,,,,2sp,궤적 시리즈,,,,린 슈바르처X크로우 암브러스트,"로맨틱,섹슈얼",,"만화,소설",anotherside_rd,https://dongne.co/events/game06/circles/143372,제6회 오락관,Day2
88088,88,,,,,1sp,드래곤 퀘스트11,"젤다의 전설,진 삼국무쌍 오리진",,,,,,,,https://dongne.co/events/game06/circles/143877,제6회 오락관,Day2
그댄내게AP버걸주는사람,회,,,,,2sp,에리오스 라이징 히어로즈,,메일체크해주세요 사령!2,,,,,"기타,만화,일러스트",DAYBREAKH0RIZ0N,https://dongne.co/events/game06/circles/143735,제6회 오락관,Day2
오리지늄 C세포,HYUN,,,,,2sp,명일방주,"사이퍼즈,길티기어,젤다의전설",,올 캐릭터,,,,일러스트,KJ4R4G,https://dongne.co/events/game06/circles/143867,제6회 오락관,Day2
dreampapel,나비아,,,,,1sp,프로젝트세카이,"프로세카,프세카",,,,,,일러스트,nabeia0,https://dongne.co/events/game06/circles/143411,제6회 오락관,Day2
Edel-Eden,에델,,,,,2sp,로스트아크,파이널판타지14,,,실리안X아만,"로맨틱,섹슈얼",,"만화,소설",Tian_right,https://dongne.co/events/game06/circles/143408,제6회 오락관,Day2
Endless Dream,루다,,,,,1sp,테일즈 오브 제스티리아,허니웍스,,"슬레이,세리자와 치아키,아케치 사쿠",,,,소설,,https://dongne.co/events/game06/circles/143538,제6회 오락관,Day2
Entry,둡댑,,,,,1sp,포켓몬스터,,,,,,,일러스트,dubdaeb,https://dongne.co/events/game06/circles/143780,제6회 오락관,Day2
파엠도 사엠도 MZD도 엠이다,Myacc,,,,,2sp,,,,,,,,,,https://dongne.co/events/game06/circles/143346,제6회 오락관,Day2
Naive Phage,나긔,,,,,1sp,러브앤딥스페이스,유구의 티어블레이드,,,,해당없음,,만화,sukida_korokke,https://dongne.co/events/game06/circles/143463,제6회 오락관,Day2
NEKO BOX,NEKO BOX,,,,,1sp,붕괴:스타레일,원신,,"어벤츄린,레이시오",어벤츄린X레이시오,해당없음,,,NEKO_BOX_CAT,https://dongne.co/events/game06/circles/143652,제6회 오락관,Day2
PFF,11/2,,,,,1sp,페르소나3,파이널판타지14,,,,,,일러스트,,https://dongne.co/events/game06/circles/143350,제6회 오락관,Day2
PUSNA,pusna,,,,,1sp,역전재판,,,,나루호도 류이치X미츠루기 레이지,,,,,https://dongne.co/events/game06/circles/143386,제6회 오락관,Day2
P.Z.D,김부엉,,,,,1sp,페르소나,"좀비고등학교,트위스티지 원더랜드",,"페르소나 : 3주인공,료지,파로스,기타 등,좀비고 : 닥터퀀 기타 등",모치즈키 료지X페르소나3 남주,"섹슈얼,로맨틱,해당없음",료햄,"일러스트,만화",Owl_Ui,https://dongne.co/events/game06/circles/144044,제6회 오락관,Day2
부스R아서P하셈,나나루,,,,,1sp,테일즈런너,,,,,,,"일러스트,만화",,https://dongne.co/events/game06/circles/143991,제6회 오락관,Day2
법사캐잡이와RPG게이머,카옌,,,,,2sp,"발더스게이트3,드래곤에이지시리즈,하데스",,,게일,타브X게일,,,"만화,소설,기타",,https://dongne.co/events/game06/circles/144036,제6회 오락관,Day2
SAND LAKE,모래호수,,,,,2sp,록맨,,,,,,,,,https://dongne.co/events/game06/circles/143367,제6회 오락관,Day2
SNBR,시나브로,,,,,1sp,마법사의 약속,,,,,,,만화,si_nab,https://dongne.co/events/game06/circles/143441,제6회 오락관,Day2
SSSS,S4,,,,,1sp,스타레일,주술회전,,,,"로맨틱,해당없음",,"만화,일러스트",ssss7777_7,https://dongne.co/events/game06/circles/143573,제6회 오락관,Day2
SUMMER HOME,검여,,,,,2sp,라테일,,,,,,,,,https://dongne.co/events/game06/circles/143583,제6회 오락관,Day2
절대 UL이 되는 부스,마테,,,,,1sp,우마무스메 프리티더비,,,"정글 포켓,후지 키세키,아그네스 디지털",정글 포켓X후지 키세키,로맨틱,,만화,ma_te_umm,https://dongne.co/events/game06/circles/143865,제6회 오락관,Day2
VELTUS,쟈키퐁,,,,,4sp,"소닉,스플래툰,페르소나,록맨",,,,,,,,,https://dongne.co/events/game06/circles/143404,제6회 오락관,Day2
아이보와 동거하고 행복해지기 vs 걍 살기,너댄전,,,,,1sp,드래곤 퀘스트 XI S 지나간 시간을 찾아서,테일즈 오브 시리즈,,"주인공(드래곤 퀘스트 11),카뮈",,로맨틱,,,raccoon_dance_,https://dongne.co/events/game06/circles/143872,제6회 오락관,Day2
알레한드로를 믿기 vs 고스트를 믿기,"제이J, 닉타",,,,,2sp,"콜 오브 듀티(콜옵),오버워치","바이오하자드,위쳐3",,콜 오브 듀티 캐릭터들 전반,,,,"만화,소설","4tleastoneforU, NiktaTEK0",https://dongne.co/events/game06/circles/143602,제6회 오락관,Day2
유가미 you got me,uni,,,,,1sp,역전재판 시리즈,대역전재판,,"유가미 진,키즈키 코코네,아소기 카즈마,바로크 반직스",,로맨틱,유가코코조합,"만화,소설,일러스트",asogi_sexyman,https://dongne.co/events/game06/circles/143868,제6회 오락관,Day2
YOU NEED HEALING,Lunch,,,,,2sp,오버워치,,,,,,,"일러스트,기타",,https://dongne.co/events/game06/circles/143407,제6회 오락관,Day2
<타코방 쁘띠존> 주최부스,타코방 쁘띠존,,,,,2sp,,,타코방 쁘띠존,,,,,,,https://dongne.co/events/vidol07/circles/144269,제7회 어나더 스테이지,Day2
<트리거 쁘띠존: 시크릿나잇부터 데이브레이크까지> 주최부스,트리거 쁘띠존: 시크릿나잇부터 데이브레이크까지,,,,,2sp,,,트리거 쁘띠존: 시크릿나잇부터 데이브레이크까지,,,,,,,https://dongne.co/events/vidol07/circles/144301,제7회 어나더 스테이지,Day2
<코하마다 쁘띠존 「아직 끝나지 않은 이야기」>  주최부스,코하마다 쁘띠존 「아직 끝나지 않은 이야기」,,,,,2sp,,,코하마다 쁘띠존 「아직 끝나지 않은 이야기」,,,,,,,https://dongne.co/events/vidol07/circles/144532,제7회 어나더 스테이지,Day2
=오예스=,최만식,,,,,1sp,앙상블스타즈!!,,코하마다 쁘띠존 「아직 끝나지 않은 이야기」,"오우카와 코하쿠,미케지마 마다라",오우카와 코하쿠X미케지마 마다라,"로맨틱,섹슈얼",,만화,130X200,https://dongne.co/events/vidol07/circles/144729,제7회 어나더 스테이지,Day2
°˖✧ 킹프리 정상영업 합니다 ✧˖° \\ 라프텔 절찬 스트리밍 중!! //,후하,,,,,1sp,킹 오브 프리즘,,,"키사라기 루이,이치죠 신,샤인",루이X신,로맨틱,올캐러,만화,utsukushilouis,https://dongne.co/events/vidol07/circles/144333,제7회 어나더 스테이지,Day2
멍,nuy,,,,,1sp,아이돌리쉬 세븐,,트리거 쁘띠존: 시크릿나잇부터 데이브레이크까지,,쿠죠 텐X나나세 리쿠,"해당없음,로맨틱",,일러스트,,https://dongne.co/events/vidol07/circles/144205,제7회 어나더 스테이지,Day2
이 또한 메디움이겠지요.. ,낙,,,,,2sp,아이돌리쉬세븐,,,"이즈미 이오리,나나세 리쿠",,로맨틱,"미츠야마미츠, 모모유키모모, 타마소우타마",만화,nag__i7,https://dongne.co/events/vidol07/circles/144709,제7회 어나더 스테이지,Day2
네?제가 부스성공이라고요? 정말 감사합니다!,모초,,,,,2sp,아이돌리쉬 세븐,,,,,로맨틱,"가쿠츠무, 나기미츠",,momo_choikeman,https://dongne.co/events/vidol07/circles/144461,제7회 어나더 스테이지,Day2
뭘..할까요,MJ,,,,,1sp,앙스타,X,타코방 쁘띠존,타츠미 카나메,,,,만화,godaeminji,https://dongne.co/events/vidol07/circles/144581,제7회 어나더 스테이지,Day2
개집,바보개,,,,,2sp,아이돌리쉬세븐,,,,이즈미미츠키X이즈미이오리,,,,babogae_02,https://dongne.co/events/vidol07/circles/144566,제7회 어나더 스테이지,Day2
부슥,삥찌,,,,,1sp,데못죽,어바등 괴담출근,,,,,,,bbing_zzi,https://dongne.co/events/vidol07/circles/144363,제7회 어나더 스테이지,Day2
ㅍㅍ×><,희망,,,,,1sp,아이돌리쉬세븐,,,"쿠죠 텐,나나세 리쿠",쿠죠 텐X나나세 리쿠,로맨틱,,"만화,일러스트",hope_118_,https://dongne.co/events/vidol07/circles/144598,제7회 어나더 스테이지,Day2
불량×공주,쌀밥,,,,,2sp,앙상블 스타즈!! Music,,,"키류 쿠로,이츠키 슈",키류 쿠로X이츠키 슈,"로맨틱,섹슈얼",,만화,ssalbab_pd,https://dongne.co/events/vidol07/circles/144069,제7회 어나더 스테이지,Day2
도화 핀 정원,유담,,,,,1sp,앙상블스타즈!!,,,"사쿠마 레이,하카제 카오루",사쿠마레이X하카제 카오루,"로맨틱,섹슈얼",,소설,yudam1102_03,https://dongne.co/events/vidol07/circles/144546,제7회 어나더 스테이지,Day2
나야 나 트리거의 마법소녀 미나미,"이퍼, 철이, 마모",,,,,1sp,아이돌리쉬세븐,,,,이스미 하루카X나츠메 미나미,로맨틱,토라토우,,"fruits__0o0, chete4689, ma_mo_ma_ma",https://dongne.co/events/vidol07/circles/144594,제7회 어나더 스테이지,Day2
쿠죠 텐은 유명한 쿠죠 죠타로의 친척임,손마,,,,,1sp,아이돌리쉬 세븐,,트리거 쁘띠존: 시크릿나잇부터 데이브레이크까지,,,,,,sonma0801,https://dongne.co/events/vidol07/circles/144132,제7회 어나더 스테이지,Day2
내가 그의 이름을 불러주었을 때 그는 나에게로 와서 텐자가 되었다,마셔,,,,,1sp,아이돌리쉬 세븐,,트리거 쁘띠존: 시크릿나잇부터 데이브레이크까지,트리거,,,,"만화,일러스트",g265936,https://dongne.co/events/vidol07/circles/144655,제7회 어나더 스테이지,Day2
누이 전시관,피아,,,,,1sp,앙상블스타즈,,"#미카슈 쁘띠존=“Veritas vos liberabit""/","카게히라 미카,이츠키 슈",카게히라 미카X이츠키 슈,,,일러스트,SylVeon_700_v,https://dongne.co/events/vidol07/circles/144389,제7회 어나더 스테이지,Day2
안경 전문점,가나쵸,,,,,2sp,아이돌리쉬세븐,,,,,,,,,https://dongne.co/events/vidol07/circles/144307,제7회 어나더 스테이지,Day2
마감 못하면 죽는 병에 걸림,괴도팡,,,,,2sp,데못죽,"괴담출근,윈브레,사카데이,가비지타임",,,,,,,LUKAPANG__45,https://dongne.co/events/vidol07/circles/144137,제7회 어나더 스테이지,Day2
이거 들으면 바로 부스내,파구,,,,,1sp,아이돌리쉬세븐,,,"아이나나,올캐러,극중극(단마카)",,,,소설,i7zero_,https://dongne.co/events/vidol07/circles/144600,제7회 어나더 스테이지,Day2
스릴 더듬이 농사꾼,하토,,,,,1sp,아이돌리쉬세븐,,토라토우 쁘띠존 :: Drive with You,ŹOOĻ,미도 토라오X이누마루 토우마,로맨틱,하루미나,"만화,일러스트,기타",hatoToTT,https://dongne.co/events/vidol07/circles/144220,제7회 어나더 스테이지,Day2
봄봄 스튜디오,아사,,,,,2sp,플레이브,,,,,,,,,https://dongne.co/events/vidol07/circles/144602,제7회 어나더 스테이지,Day2
제가 미지근한 동인이라구요?,"우샤, 린소",,,,,1sp,아이돌리쉬세븐 (아이나나),앙스타,,모모,유키X모모,"로맨틱,해당없음,섹슈얼",린네소마,"만화,일러스트",Usha_moRE_i7,https://dongne.co/events/vidol07/circles/144398,제7회 어나더 스테이지,Day2
텐니...,치케,,,,,1sp,아이돌리쉬세븐,,트리거 쁘띠존: 시크릿나잇부터 데이브레이크까지,"나나세 리쿠,쿠죠 텐",나나세 리쿠X쿠죠 텐,로맨틱,,"만화,일러스트",chike_i7,https://dongne.co/events/vidol07/circles/144705,제7회 어나더 스테이지,Day2
메밀밭,밀,,,,,2sp,플레이브,,,"예준,노아,밤비,은호,하민",,,,일러스트,momil0801,https://dongne.co/events/vidol07/circles/144157,제7회 어나더 스테이지,Day2
멧쪼옥,죠온,,,,,1sp,아이돌리쉬세븐,,,"요츠바 타마키,오오사카 소고",요츠바 타마키X오오사카 소고,로맨틱,이오리쿠,만화,jyoon_i77,https://dongne.co/events/vidol07/circles/144152,제7회 어나더 스테이지,Day2
백수네 식탁,하윤,,,,,1sp,앙상블 스타즈,,"#미카슈 쁘띠존=“Veritas vos liberabit""/","미카,슈",,"로맨틱,섹슈얼",리츠마오,소설,habeksu,https://dongne.co/events/vidol07/circles/144260,제7회 어나더 스테이지,Day2
운명의 붉은 실,텐초,,,,,2sp,아이돌리쉬세븐,,트리거 쁘띠존: 시크릿나잇부터 데이브레이크까지,"쿠죠 텐,나나세 리쿠",쿠죠 텐X나나세 리쿠,해당없음,"가쿠츠무, 가쿠텐","일러스트,만화",tenn_choIkeman,https://dongne.co/events/vidol07/circles/144462,제7회 어나더 스테이지,Day2
발키리 파는 부스,종이,,,,,1sp,앙상블 스타즈!! Music,,"#미카슈 쁘띠존=“Veritas vos liberabit""/","이츠키 슈,카게히라 미카,발키리",,해당없음,,기타,0000_paper,https://dongne.co/events/vidol07/circles/144686,제7회 어나더 스테이지,Day2
앙드림 붐은 온다,"파스텔토끼, 경",,,,,2sp,앙상블 스타즈!! Music,,,"사쿠마 레이,하카제 카오루",사쿠마 레이X하카제 카오루,,드림,소설,,https://dongne.co/events/vidol07/circles/144200,제7회 어나더 스테이지,Day2
미인은 내가 구한다,하늘,,,,,1sp,데뷔 못 하면 죽는 병 걸림,,,"박문대,선아현 등",,,,,,https://dongne.co/events/vidol07/circles/144596,제7회 어나더 스테이지,Day2
형사님 우리 내기할까,레레,,,,,2sp,아이돌리쉬세븐(IDOLiSH7),,,,유키X모모,,,"만화,일러스트",,https://dongne.co/events/vidol07/circles/144417,제7회 어나더 스테이지,Day2
미도가 전속 파파라치 ,랑,,,,,2sp,아이돌리쉬세븐,,,미나미 토라오 야마토 츠무기,나츠메 미나미X미도 토라오,"로맨틱,섹슈얼,해당없음",야마츠무,소설,nolda_rang,https://dongne.co/events/vidol07/circles/144427,제7회 어나더 스테이지,Day2
곰누이 보호소,EK,,,,,1sp,앙상블 스타즈,,,"시이나 니키,아마기 린네,아마기 히이로",니키X린네,"로맨틱,섹슈얼,해당없음",,,,https://dongne.co/events/vidol07/circles/144075,제7회 어나더 스테이지,Day2
뭐라도 냈어요,코스,,,,,2sp,앙상블 스타즈!! Music,,,"아야세 마요이,사기리 에스",,,,"만화,일러스트",kos77337,https://dongne.co/events/vidol07/circles/144156,제7회 어나더 스테이지,Day2
소구력 키우기,"구구, 챠",,,,,2sp,아이돌리쉬 세븐,,,"쿠죠 텐,나나세 리쿠,이즈미 이오리",쿠죠 텐X나나세 리쿠,로맨틱,이즈미 이오리 x 나나세 리쿠,"만화,일러스트","rmsclsgudwp_00, cha_i_nana",https://dongne.co/events/vidol07/circles/144399,제7회 어나더 스테이지,Day2
어리쿠 텐자님,미운,,,,,1sp,"아이돌리쉬 세븐,아이나나",,,"나나세 리쿠,쿠죠 텐",나나세 리쿠X쿠죠 텐,로맨틱,,"만화,소설",_miunmiun,https://dongne.co/events/vidol07/circles/144652,제7회 어나더 스테이지,Day2
게임할 시간에 낸 부스,못글,,,,,2sp,앙상블스타즈,,"#미카슈 쁘띠존=“Veritas vos liberabit""/","카게히라 미카,이츠키 슈",카게히라 미카X이츠키 슈,해당없음,,일러스트,mosoglu,https://dongne.co/events/vidol07/circles/144622,제7회 어나더 스테이지,Day2
키작공 있는거 다 내놔,먹밥,,,,,2sp,아이돌리쉬세븐,,,"오오사카 소고,요츠바 타마키",오오사카 소고X요츠바 타마키,로맨틱,나나세 리쿠x쿠죠 텐,,,https://dongne.co/events/vidol07/circles/144409,제7회 어나더 스테이지,Day2
부스가 끝나도 내 덕질은 계속 돼,맹고,,,,,2sp,아이돌리쉬세븐,,,리바레,,,,일러스트,maenggo_i7,https://dongne.co/events/vidol07/circles/144615,제7회 어나더 스테이지,Day2
복숭아 만지면 물어요,쪼꼬,,,,,2sp,아이돌리쉬세븐,,,,유키X모모,로맨틱,,만화,gmlfud_i77,https://dongne.co/events/vidol07/circles/144227,제7회 어나더 스테이지,Day2
아무튼 핑크가 구해준다,대빵,,,,,1sp,앙스타,,코하마다 쁘띠존 「아직 끝나지 않은 이야기」,"오우카와 코하쿠,미케지마 마다라",오우카와 코하쿠X미케지마 마다라,로맨틱,,"소설,일러스트",up_t_w,https://dongne.co/events/vidol07/circles/144583,제7회 어나더 스테이지,Day2
어떻게 사람이 형아인데 아이돌,철용,,,,,2sp,아이돌리쉬세븐,,,"이즈미 미츠키,니카이도 야마토,로쿠야 나기",이즈미 미츠키X니카이도 야마토,해당없음,,"만화,기타",Asenai_7th,https://dongne.co/events/vidol07/circles/144305,제7회 어나더 스테이지,Day2
오늘은 확실히 형불효하겠습니다.,광조,,,,,1sp,아이돌리쉬 세븐,,,"이즈미 미츠키,이즈미 이오리",이즈미 미츠키X이즈미 이오리,"로맨틱,섹슈얼",이즈미 이오리x이즈미 미츠키,"만화,기타",enomatsuname,https://dongne.co/events/vidol07/circles/144612,제7회 어나더 스테이지,Day2
기타와 오카리나,겜이지옥,,,,,1sp,앙상블스타즈,,,"코가,아도니스",코가X아도니스,,,"만화,일러스트",a_morgeta,https://dongne.co/events/vidol07/circles/144554,제7회 어나더 스테이지,Day2
달동네 체리동산,루나피,,,,,2sp,"아이돌리쉬 세븐,아이나나",,,"MEZZO""/Re:vale/ZOOL",,,,,,https://dongne.co/events/vidol07/circles/144503,제7회 어나더 스테이지,Day2
문대의 애플펜슬,연필,,,,,2sp,데못죽(데뷔 못하면 죽는 병 걸림),,,"박문대,테스타,브이틱",,,,일러스트,S2yeonpil,https://dongne.co/events/vidol07/circles/144488,제7회 어나더 스테이지,Day2
밐아슈 말아드림,"농약, 탄식빵",,,,,1sp,,,"#미카슈 쁘띠존=“Veritas vos liberabit""/",이츠키 슈 카게히라 미카,,"로맨틱,섹슈얼",,소설,nonyak_enst,https://dongne.co/events/vidol07/circles/144270,제7회 어나더 스테이지,Day2
밑아슈 말아드림,농약,,,,,1sp,앙상블스타즈!!,,"#미카슈 쁘띠존=“Veritas vos liberabit""/",,,,,소설,nonyak_enst,https://dongne.co/events/vidol07/circles/144271,제7회 어나더 스테이지,Day2
바보가 바보에게,븝,,,,,2sp,아이돌리쉬세븐,,토라토우 쁘띠존 :: Drive with You,"미도 토라오,이누마루 토우마",미도 토라오X이누마루 토우마,"로맨틱,섹슈얼",,"만화,일러스트,기타",beub342748,https://dongne.co/events/vidol07/circles/144272,제7회 어나더 스테이지,Day2
사랑의 트랩카드,갈릭,,,,,2sp,앙상블스타즈,,,,사쿠마 레이X오오가미 코가,"로맨틱,섹슈얼",,만화,,https://dongne.co/events/vidol07/circles/144060,제7회 어나더 스테이지,Day2
소솜의 엋문가게,소솜,,,,,2sp,데뷔 못 하면 죽는 병 걸림,앙상블스타즈,,청려,청려X박문대,로맨틱,,,,https://dongne.co/events/vidol07/circles/144225,제7회 어나더 스테이지,Day2
저희도 마드모아젤 팝니다,휘사,,,,,2sp,앙상블스타즈,,"#미카슈 쁘띠존=“Veritas vos liberabit""/","카게히라 미카,이츠키 슈,마드모아젤",카게히라 미카X이츠키 슈,"로맨틱,섹슈얼",,소설,Hythlosaurus,https://dongne.co/events/vidol07/circles/144737,제7회 어나더 스테이지,Day2
앙스타 랜덤플레이댄스(거울모드),"앙큼빵, 상철, GQ, 리니",,,,,4sp,앙상블스타즈,,"#미카슈 쁘띠존=“Veritas vos liberabit""/","카게히라 미카,이츠키 슈",카게히라 미카X이츠키 슈,로맨틱,,"만화,일러스트",8kyrie_,https://dongne.co/events/vidol07/circles/144457,제7회 어나더 스테이지,Day2
네코마마,"레이카, 마키시, 시에",,,,,2sp,데뷔 못 하면 죽는 병 걸림,,,박문대(오른쪽) / 테스타+청려,,,,,"rayca01, makisi17, sye51244kk, nekomoms",https://dongne.co/events/vidol07/circles/144073,제7회 어나더 스테이지,Day2
러브앤문,러브앤문,,,,,2sp,,,,,,,,,,https://dongne.co/events/vidol07/circles/144350,제7회 어나더 스테이지,Day2
리본가게,챠비별,,,,,2sp,,,,,,,,,,https://dongne.co/events/vidol07/circles/144355,제7회 어나더 스테이지,Day2
맛만보자,"임징징이, 납돌애호가, 납땜",,,,,2sp,앙상블스타즈,,,"사자나미 쥰,토모에 히요리",사자나미 쥰X토모에 히요리,"로맨틱,섹슈얼","쥰히요, 나기이바","소설,기타","jingjinglim_, akdrpatnwlqrk, junhiyotheworld",https://dongne.co/events/vidol07/circles/144196,제7회 어나더 스테이지,Day2
문어구이,문어구이,,,,,2sp,데뷔 못 하면 죽는 병 걸림,,,,,,,,,https://dongne.co/events/vidol07/circles/144242,제7회 어나더 스테이지,Day2
미미이모,퐁짱,,,,,1sp,앙상블스타즈,플레이브,,,,,,공예,_mimi_imo_,https://dongne.co/events/vidol07/circles/144534,제7회 어나더 스테이지,Day2
뿡뿡왕국,"아지트,모냐,휘월",,,,,2sp,아이돌리쉬세븐,데뷔못하면죽는병걸림(데못죽),,,,,,,"azit_, MONYA_I7, Hwiwol",https://dongne.co/events/vidol07/circles/144312,제7회 어나더 스테이지,Day2
쁘띠뽀짝,뽀짝쿵야,,,,,2sp,"데못죽,플레이브","괴담출근,이착헌,뮤지컬 프랑켄슈타인,화산귀환,코난,하이큐,슬램덩크",,,,,,,BBoJJaKKyu,https://dongne.co/events/vidol07/circles/144140,제7회 어나더 스테이지,Day2
사과정원,빨간사숨,,,,,1sp,아이돌리쉬 세븐,,,"유키,모모",유키X모모,"로맨틱,섹슈얼",,"만화,일러스트",redsasum,https://dongne.co/events/vidol07/circles/144166,제7회 어나더 스테이지,Day2
소년현상,少年現象,,,,,2sp,앙상블 스타즈!! Music,,,"알칼로이드,스위치",사카사키 나츠메X아오바 츠무기,로맨틱,아야세 마요이✕카제하야 타츠미,"만화,일러스트",,https://dongne.co/events/vidol07/circles/144552,제7회 어나더 스테이지,Day2
쌍두마차,"밥,죽순",,,,,2sp,아이돌리쉬세븐,,토라토우 쁘띠존 :: Drive with You,"미도 토라오,이누마루 토우마,zool",미도 토라오X이누마루 토우마,"로맨틱,섹슈얼",,"만화,일러스트",Torao_LOVE,https://dongne.co/events/vidol07/circles/144295,제7회 어나더 스테이지,Day2
쌍둥이섬,햄둥이,,,,,2sp,아이돌리쉬세븐,,,"나나세 리쿠,쿠죠 텐",나나세 리쿠X쿠죠 텐,로맨틱,,"일러스트,만화",,https://dongne.co/events/vidol07/circles/144274,제7회 어나더 스테이지,Day2
어흥멍멍,챠와,,,,,2sp,아이돌리쉬세븐,,토라토우 쁘띠존 :: Drive with You,"미도 토라오,이누마루 토우마",미도 토라오X이누마루 토우마,로맨틱,,"만화,소설",i7cw04,https://dongne.co/events/vidol07/circles/144563,제7회 어나더 스테이지,Day2
열혈반점,소지,,,,,2sp,앙상블 스타즈!! Music,,,나구모 테토라,나구모 테토라X키류 쿠로,,테츠쿠로,"만화,일러스트",draca2na,https://dongne.co/events/vidol07/circles/144108,제7회 어나더 스테이지,Day2
우쥬부스,밀크,,,,,2sp,"보컬로이드,프로젝트세카이",홀로라이브,,"카가미네 린,하츠네 미쿠",,,,"일러스트,공예",,https://dongne.co/events/vidol07/circles/144056,제7회 어나더 스테이지,Day2
이오리뀨,주화,,,,,1sp,아이돌리쉬세븐,,,"이즈미 이오리,나나세 리쿠",이즈미 이오리X나나세 리쿠,로맨틱,,"만화,일러스트",juhwaIMMA,https://dongne.co/events/vidol07/circles/144515,제7회 어나더 스테이지,Day2
장작과다,F급 뱅쇼,,,,,1sp,데뷔 못 하면 죽는 병 걸림,,,"선아현,박문대,류청우,배세진,이세진,김래빈,차유진",선아현X박문대,로맨틱,"아현문대, 앟문","소설,공예",classsscallion,https://dongne.co/events/vidol07/circles/144101,제7회 어나더 스테이지,Day2
진짜라고,"TK, 닝노, 글",,,,,2sp,아이돌리쉬세븐,,토라토우 쁘띠존 :: Drive with You,"주르,미도 토라오,이누마루 토우마,이스미 하루카,나츠메 미나미,야오토메 가쿠,타카나시 츠무기",미도 토라오X이누마루 토우마,,가쿠츠무,"만화,소설",ZTK_OOL,https://dongne.co/events/vidol07/circles/144477,제7회 어나더 스테이지,Day2
칠색버튼,람님,,,,,1sp,아이카츠! (아이엠스타),앙상블 스타즈!! Music,,"이치고,아카리",세나 츠바사X오오조라 아카리,로맨틱,아마기 히이로x시라토리 아이라,"일러스트,만화",ramnim_p,https://dongne.co/events/vidol07/circles/144065,제7회 어나더 스테이지,Day2
하늘유리,유키나,,,,,1sp,아이돌리쉬 세븐,,토라토우 쁘띠존 :: Drive with You,"토우마,미츠키",,,"토라토우, 야마미츠 ",,Y_kina,https://dongne.co/events/vidol07/circles/144135,제7회 어나더 스테이지,Day2
해피콩이,rin,,,,,1sp,데못죽,,,,,,,일러스트,,https://dongne.co/events/vidol07/circles/144509,제7회 어나더 스테이지,Day2
빙하차에 햄 한 조각,홍차,,,,,2sp,데뷔 못 하면 죽는 병 걸림,,,배세진,배세진,로맨틱,"박문대x배세진 . 이세진x배세진 , 류청우x배세진 , 배세른","소설,일러스트,만화,기타",,https://dongne.co/events/vidol07/circles/144588,제7회 어나더 스테이지,Day2
아이돌만 세 장르 잡고 통장을 잃음,유타페,,,,,2sp,데뷔 못 하면 죽는 병 걸림,앙상블 스타즈!! Music,,,,"로맨틱,섹슈얼",,"소설,일러스트",,https://dongne.co/events/vidol07/circles/144086,제7회 어나더 스테이지,Day2
머메이드 블루,EE,,,,,1sp,앙상블스타즈,,,,,,,,,https://dongne.co/events/vidol07/circles/144071,제7회 어나더 스테이지,Day2
무지개빛 서클,코노,,,,,2sp,아이돌리쉬 세븐,,,주르,,,,,,https://dongne.co/events/vidol07/circles/144090,제7회 어나더 스테이지,Day2
빨파충의 감정,도담 독풍,,,,,2sp,앙상블스타즈 앙스타,,,모리사와치아키 신카이카나타,치아키X카나타,로맨틱,,"소설,일러스트,만화,공예","apple_ofmy3y3, _baldstorm",https://dongne.co/events/vidol07/circles/144640,제7회 어나더 스테이지,Day2
그러니까 이제 혼자 부스하게 두지 않을 거야,"잿타이, DAY",,,,,2sp,아이돌리쉬세븐,,토라토우 쁘띠존 :: Drive with You,"미도 토라오,이누마루 토우마",미도 토라오X이누마루 토우마,로맨틱,,"일러스트,만화","ZOOL_Jat, zool_day",https://dongne.co/events/vidol07/circles/144658,제7회 어나더 스테이지,Day2
카제뚗은 진짜 유명한 아이돌 목사임,고객,,,,,1sp,앙상블스타즈!!,,타코방 쁘띠존,"카제하야 타츠미,HiMERU,텐쇼인 에이치,그 외",HiMERUX카제하야 타츠미,로맨틱,,만화,kztt1228,https://dongne.co/events/vidol07/circles/144089,제7회 어나더 스테이지,Day2
코하마다 부흥회,석쇠,,,,,1sp,앙상블 스타즈!! Music,,코하마다 쁘띠존 「아직 끝나지 않은 이야기」,"오우카와 코하쿠,미케지마 마다라",오우카와 코하쿠X미케지마 마다라,로맨틱,,소설,dolsoe185993,https://dongne.co/events/vidol07/circles/144533,제7회 어나더 스테이지,Day2
처방약은 토마토 주스,"애헤, Viya",,,,,2sp,앙상블스타즈,,,"사쿠마 레이,오오가미 코가",사쿠마 레이X오오가미 코가,"섹슈얼,로맨틱",,"만화,소설","ananaehae, __navi_vi",https://dongne.co/events/vidol07/circles/144525,제7회 어나더 스테이지,Day2
원더호이 못하면 죽는 병 걸림,"세르웬, 공로",,,,,2sp,프로젝트 세카이,데못죽,,,,,"츠카에무, 루이네네, 큰세문대","만화,일러스트","serrewen, moondd_22",https://dongne.co/events/vidol07/circles/144142,제7회 어나더 스테이지,Day2
연하공이 지구를 구한다,라온,,,,,2sp,"데뷔 못 하면 죽는 병 걸림,아이돌리쉬 세븐",,,"이세진,배세진,요츠바 타마키,오오사카 소고",이세진X배세진,"해당없음,로맨틱",타마키×소고,"만화,기타",raon_dod,https://dongne.co/events/vidol07/circles/144513,제7회 어나더 스테이지,Day2
레인보우 아레나 백스테이지,P.P,,,,,2sp,아이돌리쉬 세븐,,,,,,,"만화,일러스트",PP_zip,https://dongne.co/events/vidol07/circles/144288,제7회 어나더 스테이지,Day2
결혼식이 아니라 장례식입니다,김민규,,,,,1sp,앙상블 스타즈!! Music,,"#미카슈 쁘띠존=“Veritas vos liberabit""/","카게히라 미카,이츠키 슈",카게히라 미카X이츠키 슈,로맨틱,,만화,MARA_asmr,https://dongne.co/events/vidol07/circles/144670,제7회 어나더 스테이지,Day2
"이번역은 건우른, 문대른 역입니다. 내리실문은 오른쪽, 오른쪽 입니다.",서연,,,,,1sp,데뷔 못 하면 죽는 병 걸림,,,"류건우,박문대,청려(신재현),그 외 다수",청려(신재현)X류건우,"로맨틱,섹슈얼","청려문대, 건우른, 문대른",소설,SY_Ti_viewer,https://dongne.co/events/vidol07/circles/144161,제7회 어나더 스테이지,Day2
매니저는 라멘파? 소바파? ,세일,,,,,4sp,아이돌리쉬세븐,,,"타카나시 츠무기,니카이도 야마토,이즈미 미츠키,오오사카 소고,야오토메 가쿠",,로맨틱,"미츠야마, 야마츠무, 야마소우","만화,소설",bagensail,https://dongne.co/events/vidol07/circles/144649,제7회 어나더 스테이지,Day2
산지직송 회지맛집,새,,,,,2sp,데뷔 못 하면 죽는 병 걸림,,,박문대,차유진X박문대,"로맨틱,섹슈얼","래빈문대, 문대른","만화,일러스트,소설",5ngbird,https://dongne.co/events/vidol07/circles/144489,제7회 어나더 스테이지,Day2
스타프로 마케팅팀,"도뮬, 선우",,,,,2sp,앙상블 스타즈,,,"카제하야 타츠미,아야세 마요이,히비키 와타루,텐쇼인 에이치,올캐릭터",,"로맨틱,섹슈얼","와타에이, 타츠마요","소설,일러스트",,https://dongne.co/events/vidol07/circles/144122,제7회 어나더 스테이지,Day2
아스테룸 단골손님,Sunnywon31,,,,,1sp,플레이브,데못죽,,,,,,"일러스트,공예",Sunnywon31,https://dongne.co/events/vidol07/circles/144464,제7회 어나더 스테이지,Day2
유니크한 상상가게,츠히,,,,,1sp,프로젝트 세카이,,,카이토,,,,"만화,일러스트",,https://dongne.co/events/vidol07/circles/144199,제7회 어나더 스테이지,Day2
토모와타 앤솔로지,토모와타 앤솔 주최,,,,,2sp,앙상블 스타즈!! Music,,,"마시로 토모야,히비키 와타루",마시로 토모야X히비키 와타루,로맨틱,,"만화,일러스트,소설",tomowatabook,https://dongne.co/events/vidol07/circles/144442,제7회 어나더 스테이지,Day2
레이메이 타코야끼 트럭,퍄,,,,,1sp,앙상블 스타즈!! Music,,타코방 쁘띠존,"타코방(HiMERU,카제하야 타츠미,사자나미 쥰)",,,,,1228amen,https://dongne.co/events/vidol07/circles/144395,제7회 어나더 스테이지,Day2
졸업이냐 덕질이냐 그것이 문제로다,광명,,,,,2sp,"앙상블 스타즈!! Music,아케인",,,"레이,코가,실코,밴더,징크스",레이X코가,"로맨틱,섹슈얼",벤더실코+징크스,,,https://dongne.co/events/vidol07/circles/144420,제7회 어나더 스테이지,Day2
마이크로 알아보는 양대간판 관계성,LEVI,,,,,1sp,앙상블 스타즈!! Music,,,,사쿠마 레이X하카제 카오루,,,"만화,일러스트",LEVI_enstar,https://dongne.co/events/vidol07/circles/144493,제7회 어나더 스테이지,Day2
아이돌이 아니어도 괜찮슴까?,린니키 앤솔로지,,,,,2sp,앙상블스타즈,,,"아마기 린네,시이나 니키",아마기 린네X시이나 니키,로맨틱,,"만화,일러스트,소설",RinneXNiki___,https://dongne.co/events/vidol07/circles/144568,제7회 어나더 스테이지,Day2
놀러와요 쌍둥이의집,"무림별 갱얼쥐,상추",,,,,2sp,아이돌리쉬 세븐,아이나나,,"쿠죠 텐,나나세 리쿠",쿠죠 텐X나나세 리쿠,,,"만화,일러스트",nu2_1002,https://dongne.co/events/vidol07/circles/144354,제7회 어나더 스테이지,Day2
야마왼만 취급합니다,뿌,,,,,2sp,아이돌리쉬 세븐,,,니카이도 야마토,니카이도 야마토X유키,로맨틱,니카이도 야마토x이즈미 미츠키,"만화,소설",,https://dongne.co/events/vidol07/circles/144164,제7회 어나더 스테이지,Day2
천하무적!,"하무, 냥만",,,,,2sp,아이돌리쉬 세븐,,트리거 쁘띠존: 시크릿나잇부터 데이브레이크까지,"야오토메 가쿠,쿠죠 텐",야오토메 가쿠X쿠죠 텐,해당없음,,만화,"baratoyou, nyanman_0000",https://dongne.co/events/vidol07/circles/144643,제7회 어나더 스테이지,Day2
여보세요? 난데,"야자, LiZi",,,,,1sp,아이돌리쉬 세븐,,,zool,,,,"일러스트,기타","yaja_i7, AaACPCH",https://dongne.co/events/vidol07/circles/144394,제7회 어나더 스테이지,Day2
데못죽하기,가람가람,,,,,2sp,"데뷔 못하면 죽는 병 걸림,데못죽",,,"데못죽,테스타,브이틱",,,,"일러스트,소설,공예",GaRam_0309,https://dongne.co/events/vidol07/circles/144218,제7회 어나더 스테이지,Day2
랸랸누이옷,리얀,,,,,1sp,앙상블스타즈,,,,,,,"공예,기타,일러스트",Ri_yarn0921,https://dongne.co/events/vidol07/circles/144139,제7회 어나더 스테이지,Day2
애플블로썸,소내,,,,,1sp,데못죽,,,,,,,일러스트,,https://dongne.co/events/vidol07/circles/144076,제7회 어나더 스테이지,Day2
웃츄피렌체,구십,,,,,2sp,앙상블스타즈!!,,,,츠키나가 레오X세나 이즈미,해당없음,,"만화,일러스트",gusip910,https://dongne.co/events/vidol07/circles/144257,제7회 어나더 스테이지,Day2
윶랩공작소,공작,,,,,1sp,데뷔 못 하면 죽는 병 걸림,,,"차유진,김래빈",차유진X김래빈,"로맨틱,섹슈얼",,"만화,일러스트,소설",gongjakgong,https://dongne.co/events/vidol07/circles/144388,제7회 어나더 스테이지,Day2
으무라이스,"앙모모, 핏짜",,,,,4sp,앙상블스타즈,붕괴 스타레일,,"아마기 히이로,아마기 린네,시이나 니키",,,"히이린, 니키린, 타츠히메, 파이데이","만화,일러스트,소설","m_omo_est, pizzz_aa",https://dongne.co/events/vidol07/circles/144298,제7회 어나더 스테이지,Day2
이오리쿠짱,"닛, 잠봉을뵈릅니다",,,,,2sp,아이돌리쉬 세븐,,,"이즈미 이오리,나나세 리쿠",이즈미 이오리X나나세 리쿠,"로맨틱,섹슈얼",,"만화,소설","sikakeyo, 25riku17",https://dongne.co/events/vidol07/circles/144744,제7회 어나더 스테이지,Day2
콱마포에버,더제,,,,,1sp,앙상블스타즈,,코하마다 쁘띠존 「아직 끝나지 않은 이야기」,"오우카와 코하쿠,미케지마 마다라",오우카와 코하쿠X미케지마 마다라,,츠카레오,만화,,https://dongne.co/events/vidol07/circles/144296,제7회 어나더 스테이지,Day2
토마토뷔페,고게비,,,,,1sp,앙상블스타즈,,,,세나 이즈미X스오우 츠카사,로맨틱,이즈츠카,소설,berkana_st,https://dongne.co/events/vidol07/circles/144377,제7회 어나더 스테이지,Day2
파랑동구리,파동,,,,,2sp,"프로젝트 세카이,보컬로이드",,,,카가미네 렌X카이토,해당없음,,,,https://dongne.co/events/vidol07/circles/144127,제7회 어나더 스테이지,Day2
햄버거라면,롱,,,,,2sp,아이돌리쉬세븐,,,로쿠야 나기,로쿠야 나기X나츠메 미나미,로맨틱,,"만화,기타",,https://dongne.co/events/vidol07/circles/144644,제7회 어나더 스테이지,Day2
망가돌리쉬 세븐,U,,,,,2sp,아이나나,,,올캐러,나츠메 미나미X이스미 하루카,로맨틱,,"만화,일러스트,소설",1,https://dongne.co/events/vidol07/circles/144645,제7회 어나더 스테이지,Day2
톨쏘먹음이 일동,최고점수,,,,,4sp,아이돌리쉬세븐,,,"미도 토라오,오오사카 소고",미도 토라오X오오사카 소고,"로맨틱,섹슈얼",,"만화,기타",YOURBESTSCORE,https://dongne.co/events/vidol07/circles/144662,제7회 어나더 스테이지,Day2
가쿠츠무를 너무 사랑한 죄...,Ricky,,,,,2sp,아이돌리쉬세븐 아이나나 IDOLiSH7,,,야오토메 가쿠×타카나시 츠무기,,"로맨틱,섹슈얼",,만화,o_w_free,https://dongne.co/events/vidol07/circles/144125,제7회 어나더 스테이지,Day2
마드모아젤 팝니다,휘사,,,,,2sp,앙상블스타즈,,"#미카슈 쁘띠존=“Veritas vos liberabit""/","카게히라 미카,이츠키 슈,마드모아젤",카게히라 미카X이츠키 슈,로맨틱,,"일러스트,소설",Hythlosaurus,https://dongne.co/events/vidol07/circles/144522,제7회 어나더 스테이지,Day2
데한민국에 데려다줘,페이지,,,,,1sp,데못죽,,,,,,,,nooo_eezee,https://dongne.co/events/vidol07/circles/144231,제7회 어나더 스테이지,Day2
하룻강아지 범무서운줄 모른다,킹블 / 두부,,,,,2sp,아이돌리쉬세븐,없음,토라토우 쁘띠존 :: Drive with You,토라토우 / 피타조,,"섹슈얼,로맨틱",,"만화,일러스트,기타",NUJAH_GNAS,https://dongne.co/events/vidol07/circles/144430,제7회 어나더 스테이지,Day2
사내부부도 괜찮을까요?,기상,,,,,1sp,아이돌리쉬 세븐,,,오오가미 반리 타카나시 츠무기,,로맨틱,,,YasasikuSitea_,https://dongne.co/events/vidol07/circles/144323,제7회 어나더 스테이지,Day2
갓케울프클럽,칻,,,,,1sp,앙상블스타즈,,,"UNDEAD,오오가미 코가,오토가리 아도니스",오오가미 코가X오토가리 아도니스,로맨틱,,"만화,일러스트",jj_cado,https://dongne.co/events/vidol07/circles/144501,제7회 어나더 스테이지,Day2
그렇게됏다…,하움,,,,,1sp,아이돌리쉬세븐,,,,,,,,hauom_,https://dongne.co/events/vidol07/circles/144360,제7회 어나더 스테이지,Day2
너살리는생각,하그,,,,,2sp,아이돌리쉬세븐,,,"나츠메 미나미,이스미 하루카",나츠메 미나미X이스미 하루카,"로맨틱,섹슈얼,해당없음",,"만화,일러스트",O_Oyouno,https://dongne.co/events/vidol07/circles/144632,제7회 어나더 스테이지,Day2
미카미카슈♡,약크림,,,,,1sp,앙상블스타즈,,"#미카슈 쁘띠존=“Veritas vos liberabit""/","카게히라 미카,이츠키 슈",카게히라 미카X이츠키 슈,로맨틱,,만화,,https://dongne.co/events/vidol07/circles/144741,제7회 어나더 스테이지,Day2
미카슈광신도,두빵,,,,,1sp,앙상블스타즈,,"#미카슈 쁘띠존=“Veritas vos liberabit""/","카게히라 미카,이츠키 슈",카게히라 미카X이츠키 슈,,,일러스트,doobbang_star,https://dongne.co/events/vidol07/circles/144390,제7회 어나더 스테이지,Day2
삼각형의광기,삼광,,,,,1sp,아이돌리쉬 세븐(아이나나),"킹프리,오로라드림,디어마이퓨처",,,니카이도 야마토X이즈미 미츠키,로맨틱,,"일러스트,만화",,https://dongne.co/events/vidol07/circles/144392,제7회 어나더 스테이지,Day2
우당탕탕잡탕,37,,,,,2sp,프로젝트세카이,앙상블스타즈,,,,,,,,https://dongne.co/events/vidol07/circles/144413,제7회 어나더 스테이지,Day2
우리가남이가,랩희,,,,,1sp,아이돌리쉬세븐,,트리거 쁘띠존: 시크릿나잇부터 데이브레이크까지,"야오토메 가쿠,쿠죠 텐,츠나시 류노스케",,,,,laebhee,https://dongne.co/events/vidol07/circles/144468,제7회 어나더 스테이지,Day2
쥑상블스타즈,멩쥐,,,,,2sp,앙상블스타즈,파이널판타지14,,"나이츠,발키리",,로맨틱,레오이즈,,memeng_09,https://dongne.co/events/vidol07/circles/144184,제7회 어나더 스테이지,Day2
프릴리데이즈,프릴리데이즈,,,,,2sp,,,,,,,,공예,,https://dongne.co/events/vidol07/circles/144317,제7회 어나더 스테이지,Day2
데한민국에서 아이돌을 좋아함,나기,,,,,2sp,데못죽,,,,,,,,,https://dongne.co/events/vidol07/circles/144321,제7회 어나더 스테이지,Day2
레이메이학원 폴몬트학원 합동수련회,"양말, 알맹",,,,,2sp,앙상블스타즈!!,마법사의 약속,타코방 쁘띠존,"HiMERU,카제하야 타츠미,사자나미 쥰",,,,"만화,일러스트,소설","YMnanodesu, almeng_desuna",https://dongne.co/events/vidol07/circles/144391,제7회 어나더 스테이지,Day2
대선배님납신다,사갸,,,,,1sp,보컬로이드,음성합성엔진,,,,,,,,https://dongne.co/events/vidol07/circles/144352,제7회 어나더 스테이지,Day2
뭐라도내는부스,엔,,,,,1sp,아이돌리쉬세븐,,,"이스미 하루카,나츠메",,,,,en79_in,https://dongne.co/events/vidol07/circles/144329,제7회 어나더 스테이지,Day2
바이바이키스미,ㅎ,,,,,2sp,아이돌리쉬세븐,,트리거 쁘띠존: 시크릿나잇부터 데이브레이크까지,쿠죠텐 야오토메가쿠 츠나시류노스케,야오토메가쿠X쿠죠텐,로맨틱,"류가쿠, 반유키반",,hee231223,https://dongne.co/events/vidol07/circles/144183,제7회 어나더 스테이지,Day2
슬슬재결합해라,노예,,,,,2sp,앙상블스타즈!!,,코하마다 쁘띠존 「아직 끝나지 않은 이야기」,"오우카와 코하쿠,미케지마 마다라",오우카와 코하쿠X미케지마 마다라,"로맨틱,섹슈얼",,만화,amolajinzza,https://dongne.co/events/vidol07/circles/144623,제7회 어나더 스테이지,Day2
빨머강아지우케 연합,"점보, 또동",,,,,2sp,아이돌리쉬세븐,,토라토우 쁘띠존 :: Drive with You,"미도 토라오,이누마루 토우마",,"로맨틱,섹슈얼",이오리쿠,만화,jumpbo_ur,https://dongne.co/events/vidol07/circles/144684,제7회 어나더 스테이지,Day2
장르별야광봉이 흔들리네,뱀팡,,,,,2sp,아이돌리쉬세븐,,,,,,,,nupaeng_DRB,https://dongne.co/events/vidol07/circles/144340,제7회 어나더 스테이지,Day2
♥뽀링뽀링하트♥,"날벼락, RACTTO, 드릴",,,,,2sp,아이돌리쉬 세븐,,,올캐러,요츠바 타마키X오오사카 소고,로맨틱,,"만화,일러스트","NB5_Rock, RTF_i7, i7_drill_45_",https://dongne.co/events/vidol07/circles/144642,제7회 어나더 스테이지,Day2
싹싹빌어톨토하기,"개모, 오타",,,,,1sp,,,토라토우 쁘띠존 :: Drive with You,"미도 토라오,이누마루 토우마",미도 토라오X이누마루 토우마,해당없음,텐리쿠,"기타,일러스트","PDST_16, 0h_ttaa",https://dongne.co/events/vidol07/circles/144551,제7회 어나더 스테이지,Day2
에이레오가정법원,쿠릉쿠릉,,,,,2sp,앙상블스타즈,,,,텐쇼인 에이치X츠키나가 레오,"로맨틱,섹슈얼",,만화,e2le5,https://dongne.co/events/vidol07/circles/144384,제7회 어나더 스테이지,Day2
이리들어오도록해,이리,,,,,2sp,아이돌리쉬세븐,,,,요츠바 타마키X오오사카 소고,로맨틱,로쿠야 나기 x 나츠메 미나미,,__7__HR,https://dongne.co/events/vidol07/circles/144236,제7회 어나더 스테이지,Day2
그룹내연애적극지지,지지,,,,,2sp,아이돌리쉬세븐,,,,,,,"만화,기타",,https://dongne.co/events/vidol07/circles/144634,제7회 어나더 스테이지,Day2
더블페이스부흥기원단,먀뭉,,,,,1sp,앙상블스타즈,,코하마다 쁘띠존 「아직 끝나지 않은 이야기」,미케지마 마다라,,로맨틱,코하마다,소설,nmaronig,https://dongne.co/events/vidol07/circles/144178,제7회 어나더 스테이지,Day2
동대문역사문화공원역,도련,,,,,2sp,아이돌리쉬세븐,,,,요츠바 타마키X오오사카 소고,,,"만화,일러스트,소설",HSi70_0,https://dongne.co/events/vidol07/circles/144542,제7회 어나더 스테이지,Day2
스불재해결못하면죽는병,이스,,,,,2sp,데뷔 못하면 죽는 병 걸림,,,"테스타,브이틱",청려X문대,로맨틱,,"일러스트,소설",xicesx,https://dongne.co/events/vidol07/circles/144681,제7회 어나더 스테이지,Day2
엄마아빠가연애를한다고,"비사, 달코",,,,,2sp,"아이돌리쉬 세븐,아이나나",,,"이즈미 미츠키,니카이도 야마토",이즈미 미츠키X니카이도 야마토,"로맨틱,섹슈얼",,"소설,만화","bisa_otk, daldal_tako",https://dongne.co/events/vidol07/circles/144414,제7회 어나더 스테이지,Day2
코즈프로좌상고지지협회,오델,,,,,2sp,앙상블스타즈!!,,,"이츠키 슈,카게히라 미카,아마기 린네,시이나 니키",이츠키 슈X카게히라 미카,"로맨틱,섹슈얼",아마기 린네x시이나 니키,"만화,소설",luvablexreature,https://dongne.co/events/vidol07/circles/144716,제7회 어나더 스테이지,Day2
당신만오면이장르는메이저,돼지감자,,,,,2sp,아이나나,앙스타,,미츠키,이오리X미츠키,로맨틱,히이니키 ,소설,gamza_o7,https://dongne.co/events/vidol07/circles/144348,제7회 어나더 스테이지,Day2
미나미가너무너무좋다고말해,붕어빵,,,,,1sp,아이돌리쉬7,,,나츠메 미나미,,,,게임,white4225425493,https://dongne.co/events/vidol07/circles/144549,제7회 어나더 스테이지,Day2
한겨울의복숭아는달고맛있지,조부단,,,,,1sp,아이돌리쉬세븐,,,모모,유키X모모,로맨틱,이오리쿠,만화,oasis525200,https://dongne.co/events/vidol07/circles/144105,제7회 어나더 스테이지,Day2
딸기도넛마카롱김치찌개가게(원산지:토착왜구),"농장주, 빈, 룬",,,,,2sp,아이돌리쉬세븐(아이나나),데못죽,,"리쿠,텐,유키,모모,이세진,박문대",나나세 리쿠X쿠죠 텐,로맨틱,"유키모모,큰세문대","만화,일러스트",mm__farm,https://dongne.co/events/vidol07/circles/144621,제7회 어나더 스테이지,Day2
가나다라마바사아자차캊타파하,팽이,,,,,1sp,킹 오브 프리즘,,,,니시나 카즈키X코우가미 타이가,,,"만화,일러스트",kogumiee,https://dongne.co/events/vidol07/circles/144476,제7회 어나더 스테이지,Day2
트릭스타는다섯명이라는피의연합,안진,,,,,1sp,앙상블스타즈!!,,,"이사라 마오,안즈",,,,,0anjin0,https://dongne.co/events/vidol07/circles/144673,제7회 어나더 스테이지,Day2
제가당신을부스러로만들어드리겠습니다,감귤,,,,,2sp,아이돌리쉬세븐,,,아이돌리쉬세븐,이즈미 이오리X나나세 리쿠,"로맨틱,섹슈얼",,"소설,만화,일러스트",mandarin_spo,https://dongne.co/events/vidol07/circles/144228,제7회 어나더 스테이지,Day2
미궁 속 유혹: 0과 1로 엮인 신세계의 선율,킴라,,,,,1sp,,,"#미카슈 쁘띠존=“Veritas vos liberabit""/","카게히라 미카,이츠키 슈",,,,"만화,일러스트",,https://dongne.co/events/vidol07/circles/144079,제7회 어나더 스테이지,Day2
글리치 카덴챠: 0과 1의 교향곡이 울려 퍼지는 회랑,요루네코,,,,,1sp,앙상블스타즈!!,,"#미카슈 쁘띠존=“Veritas vos liberabit""/","카게히라 미카,이츠키 슈",,,,"만화,일러스트,공예",nurungji_v,https://dongne.co/events/vidol07/circles/144281,제7회 어나더 스테이지,Day2
셋이서 1인분,불출,,,,,2sp,앙상블스타즈,,"#미카슈 쁘띠존=“Veritas vos liberabit""/","카게히라 미카,이츠키 슈",카게히라 미카X이츠키 슈,,,,ddadda_star26,https://dongne.co/events/vidol07/circles/144725,제7회 어나더 스테이지,Day2
1001000,mos,,,,,1sp,아이돌리쉬세븐,,,"모모,유키",,"로맨틱,섹슈얼",,만화,mcrcmos,https://dongne.co/events/vidol07/circles/144263,제7회 어나더 스테이지,Day2
아방공협회 제108지부,믕시,,,,,1sp,아이돌리쉬세븐,,트리거 쁘띠존: 시크릿나잇부터 데이브레이크까지,"츠나시 류노스케,야오토메 가쿠",츠나시 류노스케X야오토메 가쿠,로맨틱,,,msi8isiii,https://dongne.co/events/vidol07/circles/144303,제7회 어나더 스테이지,Day2
108번째 러브레터,퓨리,,,,,1sp,아이돌리쉬세븐,,트리거 쁘띠존: 시크릿나잇부터 데이브레이크까지,"츠나시 류노스케,야오토메 가쿠",츠나시 류노스케X야오토메 가쿠,로맨틱,,,furi_i7,https://dongne.co/events/vidol07/circles/144115,제7회 어나더 스테이지,Day2
1100Brix 고당도 눈복숭아,메밀,,,,,1sp,아이돌리쉬 세븐,,,"유키,모모",유키X모모,로맨틱,,소설,memilcharrr,https://dongne.co/events/vidol07/circles/144604,제7회 어나더 스테이지,Day2
행사장의 마리모 시즌2-펑크 난 회지 나오는 부스,비아,,,,,2sp,데뷔 못하면 죽는 병 걸림,,,"청려,박문대",,로맨틱,,소설,Via_para_dicha,https://dongne.co/events/vidol07/circles/144444,제7회 어나더 스테이지,Day2
하루토우 마이크로 온리전 2,dieforzool,,,,,2sp,아이돌리쉬세븐,,,"이스미하루카,이누마루토우마",이스미 하루카X이누마루 토우마,,,"만화,일러스트",dieforzool,https://dongne.co/events/vidol07/circles/144331,제7회 어나더 스테이지,Day2
아기공지지연합 시즌2,수도,,,,,1sp,아이돌리쉬세븐,,,모모유키,모모X유키,해당없음,,소설,_avo3579,https://dongne.co/events/vidol07/circles/144527,제7회 어나더 스테이지,Day2
2촌과 0촌은 한 끗 차이,로아,,,,,1sp,아이돌리쉬 세븐,,,"이즈미 미츠키,이즈미 이오리",이즈미 미츠키X이즈미 이오리,,,,,https://dongne.co/events/vidol07/circles/144688,제7회 어나더 스테이지,Day2
세상에서 가장 아름다운 숫자 22,도루,,,,,2sp,아이돌리쉬세븐,,,"야오토메 가쿠,니카이도 야마토",야오토메 가쿠X니카이도 야마토,"로맨틱,섹슈얼",,"일러스트,만화,소설",eight_two_you,https://dongne.co/events/vidol07/circles/144446,제7회 어나더 스테이지,Day2
소우타마가 있는 집 3,5454,,,,,2sp,아이돌리쉬세븐,,,,오오사카 소고X요츠바 타마키,,,,,https://dongne.co/events/vidol07/circles/144426,제7회 어나더 스테이지,Day2
3인의 앙스타가 질주하오,"풍님, 나즈, 루우",,,,,2sp,앙상블스타즈,,코하마다 쁘띠존 「아직 끝나지 않은 이야기」,"오우카와 코하쿠,미케지마 마다라,스오우 츠카사,츠키나가 레오",오우카와 코하쿠X미케지마 마다라,"로맨틱,섹슈얼",츠카레오,"만화,소설",pung_av,https://dongne.co/events/vidol07/circles/144067,제7회 어나더 스테이지,Day2
하늘 아래 같은 7인조는 없다,"청일, 한지",,,,,1sp,"아이돌리쉬 세븐,데뷔 못하면 죽는 병 걸림",,,"나나세 리쿠,배세진",이즈미 이오리X나나세 리쿠,로맨틱,야오토메 가쿠×타카나시 츠무기,"소설,일러스트","HJS2u, I710ku",https://dongne.co/events/vidol07/circles/144387,제7회 어나더 스테이지,Day2
77년전통 미지근한 동인맛집,,,,,,2sp,아이돌리쉬세븐,,,,,,,,silu_31,https://dongne.co/events/vidol07/circles/144283,제7회 어나더 스테이지,Day2
777엔짜리계란말이,"미무, 맫",,,,,1sp,앙상블스타즈!!,,,"아마기 린네,시이나 니키",아마기 린네X시이나 니키,로맨틱,,만화,,https://dongne.co/events/vidol07/circles/144336,제7회 어나더 스테이지,Day2
888 정육점,08,,,,,1sp,앙상블스타즈!!,,,,오오가미코가X오토가리아도니스,,,"일러스트,만화",888O08,https://dongne.co/events/vidol07/circles/144248,제7회 어나더 스테이지,Day2
CRAYON BOX,크레용,,,,,1sp,아이돌리쉬세븐,,트리거 쁘띠존: 시크릿나잇부터 데이브레이크까지,"야오토메 가쿠,쿠죠 텐,츠나시 류노스케",야오토메 가쿠X쿠죠 텐,로맨틱,츠나시 류노스케 x 쿠죠 텐,만화,crayon0321,https://dongne.co/events/vidol07/circles/144097,제7회 어나더 스테이지,Day2
<토라토우 쁘띠존 :: Drive with You> 주최부스,토라토우 쁘띠존 :: Drive with You,,,,,2sp,,,토라토우 쁘띠존 :: Drive with You,,,,,,,https://dongne.co/events/vidol07/circles/144562,제7회 어나더 스테이지,Day2
Dry Flower,iple,,,,,1sp,앙상블 스타즈!! Music,,,,사쿠마 레이X오오가미 코가,"로맨틱,섹슈얼",레오이즈,,,https://dongne.co/events/vidol07/circles/144112,제7회 어나더 스테이지,Day2
EZ DO 부스,네온샤인,,,,,2sp,킹 오브 프리즘,"아이돌마스터 사이드엠,베리드스타즈",,셉텐트리온... 그리고 Beit,쥬오인 카케루X코우가미 타이가,"로맨틱,섹슈얼","유우히로, 쿄미노","만화,소설,일러스트",neon4hine,https://dongne.co/events/vidol07/circles/144163,제7회 어나더 스테이지,Day2
토우아키 아이돌 데뷔 축하합니다.(feat. 앙스타 콜라보),와플,,,,,2sp,프로젝트 세카이,앙상블 스타즈,,"아오야기 토우야,시노노메 아키토,사쿠마 레이,오오가미 코가",아오야기 토우야X시노노메 아키토,로맨틱,레이코가,,prsk_waffle,https://dongne.co/events/vidol07/circles/144304,제7회 어나더 스테이지,Day2
지구의 HOT 아이돌리쉬세븐 파이팅! ,포무,,,,,2sp,아이돌리쉬세븐,,,아이돌리쉬세븐,타마키X소고,"로맨틱,섹슈얼",텐리쿠,"소설,만화,일러스트",no_potadelete,https://dongne.co/events/vidol07/circles/144310,제7회 어나더 스테이지,Day2
차력쇼 ing,왕왕,,,,,2sp,앙스타,,"#미카슈 쁘띠존=“Veritas vos liberabit""/",발키리,카게히라 미카X이츠키 슈,"로맨틱,섹슈얼",,,osisaran,https://dongne.co/events/vidol07/circles/144406,제7회 어나더 스테이지,Day2
KM BOOTH,관맹,,,,,1sp,앙상블 스타즈,,,"나구모 테토라,트릭스타,올캐릭터",,,,,Kwanmaengg,https://dongne.co/events/vidol07/circles/144158,제7회 어나더 스테이지,Day2
kneel,미로,,,,,1sp,아이돌리쉬세븐,,트리거 쁘띠존: 시크릿나잇부터 데이브레이크까지,,,,,,onse_miro__,https://dongne.co/events/vidol07/circles/144492,제7회 어나더 스테이지,Day2
N잡뛰는 오타쿠,메이,,,,,2sp,아이돌리쉬세븐,"18trip,파라독스라이브,앙상블스타즈,프로젝트세카이",,,,,,,Maii_050225,https://dongne.co/events/vidol07/circles/144410,제7회 어나더 스테이지,Day2
NEVERLAND,데스앙크,,,,,2sp,앙상블 스타즈,,,"이츠키 슈,카게히라 미카",,"섹슈얼,로맨틱","미카슈, 슈미카, 리버시블",만화,en_Deathwink,https://dongne.co/events/vidol07/circles/144144,제7회 어나더 스테이지,Day2
NEZ PRODUCTION,NEZ,,,,,1sp,아이돌리쉬세븐,,,ŹOOĻ,,,,만화,,https://dongne.co/events/vidol07/circles/144177,제7회 어나더 스테이지,Day2
위NO스탑,악개M,,,,,1sp,앙상블스타즈!,,코하마다 쁘띠존 「아직 끝나지 않은 이야기」,double face,코하쿠X마다라,로맨틱,,,fraczzi,https://dongne.co/events/vidol07/circles/144540,제7회 어나더 스테이지,Day2
Platina Comet,트리아논,,,,,2sp,앙상블 스타즈,스텔라이브,,,,,,"만화,일러스트,기타",anon_ovs,https://dongne.co/events/vidol07/circles/144099,제7회 어나더 스테이지,Day2
sakanadrop,냐꾸루,,,,,1sp,앙상블 스타즈,"우마무스메,프로세카,카게로우 프로젝트",,"신카이 카나타,모리사와 치아키",신카이 카나타X모리사와 치아키,"로맨틱,섹슈얼",카페타키,,,https://dongne.co/events/vidol07/circles/144107,제7회 어나더 스테이지,Day2
SERENADE,플레,,,,,2sp,앙상블스타즈,,,"츠키나가 레오,세나 이즈미,나이츠",츠키나가 레오X세나 이즈미,"로맨틱,섹슈얼",,"만화,일러스트,소설",evenoah1005,https://dongne.co/events/vidol07/circles/144102,제7회 어나더 스테이지,Day2
stray kids,somesing,,,,,1sp,아이돌리쉬 세븐,,,,,,,,oneyessing,https://dongne.co/events/vidol07/circles/144074,제7회 어나더 스테이지,Day2
Three knights game,TKG,,,,,1sp,아이돌리쉬 세븐,,트리거 쁘띠존: 시크릿나잇부터 데이브레이크까지,"야오토메 가쿠,쿠죠 텐,츠나시 류노스케",,,,"만화,일러스트,소설",TRIGGER_TKG,https://dongne.co/events/vidol07/circles/144536,제7회 어나더 스테이지,Day2
리바레와 트리거의 TMI… 들어보실래요?,실공,,,,,2sp,아이돌리쉬세븐,,,"야오토메 가쿠,쿠죠 텐,츠나시 류노스케,모모,유키",유키X모모,로맨틱,,"만화,소설,기타",SGnichya,https://dongne.co/events/vidol07/circles/144266,제7회 어나더 스테이지,Day2
Triggirl,천사,,,,,2sp,아이돌리쉬세븐,,트리거 쁘띠존: 시크릿나잇부터 데이브레이크까지,트리거,,,,일러스트,Love__ppi,https://dongne.co/events/vidol07/circles/144275,제7회 어나더 스테이지,Day2
Two Rabbits&자몽공방,Rabbits,,,,,2sp,데못죽,"플레이브,앙스타",,,,,,공예,2rabbits,https://dongne.co/events/vidol07/circles/144569,제7회 어나더 스테이지,Day2
"<#미카슈 쁘띠존=“Veritas vos liberabit""/> 주최부스","#미카슈 쁘띠존=“Veritas vos liberabit""/",,,,,2sp,,,"#미카슈 쁘띠존=“Veritas vos liberabit""/",,,,,,,https://dongne.co/events/vidol07/circles/144400,제7회 어나더 스테이지,Day2
WHAT,Asi,,,,,1sp,데못죽,,,,,,,,,https://dongne.co/events/vidol07/circles/144505,제7회 어나더 스테이지,Day2
환장(環壮) 할 정도로 좋아!,DUGI,,,,,2sp,아이돌리쉬세븐,,,"요츠바타마키,오오사카소고",요츠바 타마키X오오사카 소고,"로맨틱,섹슈얼",,"만화,일러스트,기타",dhxkzndh,https://dongne.co/events/vidol07/circles/144095,제7회 어나더 스테이지,Day2
미치고 환장(環壮)할 노릇이다.,분점,,,,,2sp,아이돌리쉬세븐,,,,타마키X소고,,,,_branchoffice_,https://dongne.co/events/vidol07/circles/144535,제7회 어나더 스테이지,Day2
