부스명,대표자,위치,위치(열),위치(번호),반부스,부스,대표 작품(원작),그 외 다루는 작품,쁘띠존,캐릭터,커플링,커플링 성향,그 외 커플링,매체,트위터,링크,행사명,개최일
<나기이사 쁘띠존> 주최부스,나기이사 쁘띠존,F-23,F,23,,2sp,블루록,,나기이사 쁘띠존,"나기 세이시로,이사기 요이치",,,,,nagiisagizone,https://dongne.co/events/df2604/circles/164090,제33회 디. 페스타(토),Day1
<복스알래 쁘띠존-사슴 꼬리의 진실-> 주최부스,복스알래 쁘띠존-사슴 꼬리의 진실-,K-04,K,04,,2sp,,,복스알래 쁘띠존-사슴 꼬리의 진실-,,,,,,,https://dongne.co/events/df2604/circles/162282,제33회 디. 페스타(토),Day1
___이케이케돈돈ㅣ______오시에테,"단새, 요운",A-04a,A,04,a,1sp,닌타마,나의 히어로 아카데미아,"닌타마 쁘띠존 : 인술학원 혜성제 ""입학시험의 단!""","도이 한스케,키리마루 (유사가좍) 코헤이타,몬지로,쵸지 (단련조) / 팻껌,타마키,키리시마 (팻사무소)",,,,만화,"danlyeonsae, ye_oun",https://dongne.co/events/df2604/circles/162251,제33회 디. 페스타(토),Day1
?,cake,L-12,L,12,,2sp,원피스,닌타마,,,,해당없음,,"기타,일러스트",___c_a_k_e___,https://dongne.co/events/df2604/circles/163606,제33회 디. 페스타(토),Day1
.,에르,T-23,T,23,,2sp,가비지타임,,,"전영중,성준수",전영중X성준수,,,일러스트,eru18831,https://dongne.co/events/df2604/circles/163426,제33회 디. 페스타(토),Day1
(주) 무림미식회,단팥빵,U-03a,U,03,a,1sp,무림제일폐: 월한강천록,닥터스톤,,유소월,홍륜X소월,"로맨틱,섹슈얼",츠카센,"만화,일러스트,소설",Annbbang,https://dongne.co/events/df2604/circles/162121,제33회 디. 페스타(토),Day1
"[속보] 텐키님 실존, 실종?",이비,C-08b,C,08,b,1sp,닌타마,"괴담출근,유희왕","닌타마 쁘띠존 : 인술학원 혜성제 ""입학시험의 단!""",,,,,,H_la2626,https://dongne.co/events/df2604/circles/162948,제33회 디. 페스타(토),Day1
ᆞ,gggggggg,Q-05b,Q,05,b,1sp,데못죽,괴담출근,,,,,,,,https://dongne.co/events/df2604/circles/163330,제33회 디. 페스타(토),Day1
닌,.,C-14a,C,14,a,1sp,닌타마란타로,,,,,,,,,https://dongne.co/events/df2604/circles/162502,제33회 디. 페스타(토),Day1
뿡,혁,I-13b,I,13,b,1sp,,,,,,,,소설,,https://dongne.co/events/df2604/circles/162698,제33회 디. 페스타(토),Day1
한 평 밭 무농약 ,옆집토마토,J-21b,J,21,b,1sp,,,이빨요정,,,,,,N_D_do,https://dongne.co/events/df2604/circles/161622,제33회 디. 페스타(토),Day1
한 살 차이는 친구지 ,nong,A-12,A,12,,2sp,닌타마 란타로,단간론파,"닌타마 쁘띠존 : 인술학원 혜성제 ""입학시험의 단!""",,,,,,"O83ON, cH_eck0620",https://dongne.co/events/df2604/circles/162293,제33회 디. 페스타(토),Day1
밥 한번 먹고 가,고롤,D-16,D,16,,2sp,"던전밥,괴담출근,우마무스메,할로우나이트,블루아카이브,코난",뜨개,,"던전밥캐릭터,코난 나가노조,괴담출근캐릭터",,,,"공예,기타",,https://dongne.co/events/df2604/circles/163596,제33회 디. 페스타(토),Day1
이 둘로 보고 싶은 게 생겼다면…,도동,A-17a,A,17,a,1sp,닌자보이 란타로,,"닌타마 쁘띠존 : 인술학원 혜성제 ""입학시험의 단!""","케마 토메사부로,젠포우지 이사쿠",케마 토메사부로X젠포우지 이사쿠,로맨틱,,만화,p_w4v,https://dongne.co/events/df2604/circles/164098,제33회 디. 페스타(토),Day1
퀸 오브 디바. 미다스의 황금손. 이 세계의 떠오르는 슈퍼스타.,슈,O-06,O,06,,2sp,괴담에 떨어져도 출근을 해야 하는구나,,,"김솔음,최요원,류재관",,,,만화,syu625327,https://dongne.co/events/df2604/circles/161978,제33회 디. 페스타(토),Day1
흙 속의 인디고,인디고,G-24a,G,24,a,1sp,,,,,,,,공예,digogo5220,https://dongne.co/events/df2604/circles/161914,제33회 디. 페스타(토),Day1
왜 저와 타치바나 선배가 사귀고 있는건가요? '그랬으면 좋겠어서' ,샤웅,B-08b,B,08,b,1sp,닌타마,,"닌타마 쁘띠존 : 인술학원 혜성제 ""입학시험의 단!""","센조,아야베",,,,만화,siaung_,https://dongne.co/events/df2604/circles/163400,제33회 디. 페스타(토),Day1
난 형이고 넌 동생이야,구이,U-07a,U,07,a,1sp,허잇차! 세자님,,,"석대암,교주천",,"로맨틱,섹슈얼,로맨틱",,소설,fermack0_0,https://dongne.co/events/df2604/circles/163188,제33회 디. 페스타(토),Day1
이 부스가 세상에 나올쯤에 휴재일 줄 몰랐지..,삿,S-13a,S,13,a,1sp,괴담출근,,,최요원/J3,최 요원X김 솔음,"로맨틱,해당없음",,소설,SSO_YYO,https://dongne.co/events/df2604/circles/163943,제33회 디. 페스타(토),Day1
팀 쓰레기통,먕이,K-03b,K,03,b,1sp,프리파라,"도검난무,집이없어,술탄의게임,1차 오리지널",,,,,,,myangpic,https://dongne.co/events/df2604/circles/162056,제33회 디. 페스타(토),Day1
아 가보자고~~~,피터,P-20,P,20,,2sp,"괴담출근,언데드 언럭,퇴마록",,,"김솔음,최요원",,해당없음,"서백옥x장호법, 김솔음x최요원, 앤디x후코","만화,기타",,https://dongne.co/events/df2604/circles/161694,제33회 디. 페스타(토),Day1
이 거지같은 섬에 두번이나 떨어지다니,진짜체리,J-17,J,17,,2sp,오오에,"슬로우 데미지,패밀리레스토랑 가자!,니트로키랄,니트로 키랄 (BL),키랄게임,오오에 키랄,패밀리레스토랑가자!,패밀리 레스토랑 가자,파미레스,파미레스가자,패밀리레스토랑에가자,패밀리레스토랑가자.,패밀리레스토랑 가자,패밀리 레스토랑 가자.,가라오케가자/파미레스가자",,"오오사키,시즈마,아키라,코노에,요우지,아오바,쿄지,사토미",오오사키X시즈마,"로맨틱,로맨틱",쿄사토,"일러스트,소설",zerrrrrr8,https://dongne.co/events/df2604/circles/162206,제33회 디. 페스타(토),Day1
"오, 레오",키우,R-22,R,22,,2sp,마차살,"문송안함,진혼기",,"레오나르드,아서",,,,"공예,사진",hwaljaJD,https://dongne.co/events/df2604/circles/161960,제33회 디. 페스타(토),Day1
와..야미야미,"무타바, 할부지",V-22,V,22,,2sp,가라오케 가자!,"패밀리레스토랑 가자!,여학교의 별",,쿄사토,쿄지X사토미,"로맨틱,섹슈얼",,"만화,일러스트",,https://dongne.co/events/df2604/circles/161684,제33회 디. 페스타(토),Day1
칻.친.부(캇뎈에 미친 부스),오비,F-02b,F,02,b,1sp,나의 히어로 아카데미아,,,,,로맨틱,,"만화,소설",HRAK_OVY,https://dongne.co/events/df2604/circles/162582,제33회 디. 페스타(토),Day1
미(소녀 파괴대제) 연(명) 시(뮬레이션),삐그덕,Z-22a,Z,22,a,1sp,트랜스포머,,트랜스포머 쁘띠존,메가트론,옵티머스 프라임X메가트론,해당없음,"스스메가, 탄메가, 디셉메가","소설,공예",trsfm_ysg,https://dongne.co/events/df2604/circles/164128,제33회 디. 페스타(토),Day1
ㅇㅇ,와앙,W-21,W,21,,2sp,,,,,,,,,,https://dongne.co/events/df2604/circles/161907,제33회 디. 페스타(토),Day1
괴담,흑당,N-18,N,18,,2sp,괴담에 떨어져도 출근은 해야하는 구나,.,,NCP 최요원 김솔음,,,,,hy830207,https://dongne.co/events/df2604/circles/162356,제33회 디. 페스타(토),Day1
구름,구름,L-04,L,04,,2sp,괴수8호,,,,,,,,,https://dongne.co/events/df2604/circles/162106,제33회 디. 페스타(토),Day1
녹체,녹체,N-12a,N,12,a,1sp,괴담출근,전지적독자시점,,,,,,,,https://dongne.co/events/df2604/circles/163651,제33회 디. 페스타(토),Day1
대파,태서,J-03,J,03,,2sp,,,,,,,,,seo123te,https://dongne.co/events/df2604/circles/162352,제33회 디. 페스타(토),Day1
멈지,무기,L-17a,L,17,a,1sp,진격거,히로아카,,,,,,,xustzz1,https://dongne.co/events/df2604/circles/163818,제33회 디. 페스타(토),Day1
밍밍,삼밍,X-15a,X,15,a,1sp,플레이브 헌터헌터,팬텀버스터즈 히로아카,,플레이브,,,,,_catcollecter,https://dongne.co/events/df2604/circles/163296,제33회 디. 페스타(토),Day1
박실,몰랑,Q-21a,Q,21,a,1sp,데뷔 못하면 죽는 병 걸림,,,박문대,,,,,5OvOg,https://dongne.co/events/df2604/circles/163304,제33회 디. 페스타(토),Day1
배놀,리다,L-18b,L,18,b,1sp,원피스,미정,,밀짚모자 해적단 외 해적 등등,루피X상디,로맨틱,,만화,lukkikki,https://dongne.co/events/df2604/circles/163228,제33회 디. 페스타(토),Day1
복실,몰랑,Q-21b,Q,21,b,1sp,데못죽,,,,,,,일러스트,5OvOg,https://dongne.co/events/df2604/circles/163003,제33회 디. 페스타(토),Day1
소록,소록,I-05b,I,05,b,1sp,,,,,,,,,sorok_atelier,https://dongne.co/events/df2604/circles/161949,제33회 디. 페스타(토),Day1
얌얌,10,C-01a,C,01,a,1sp,,,,,,,,,,https://dongne.co/events/df2604/circles/162894,제33회 디. 페스타(토),Day1
예비,예비,"W-03, W-04",W,03,,4sp,,,,,,,,,,https://dongne.co/events/df2604/circles/164203,제33회 디. 페스타(토),Day1
왼뜨,왼뜨,P-19,P,19,,2sp,괴담출근,이세계 착각 헌터(이착헌),,김솔음,,,,"일러스트,공예",jd_closet,https://dongne.co/events/df2604/circles/163923,제33회 디. 페스타(토),Day1
으악,이창수,W-22a,W,22,a,1sp,,,,,,,,,,https://dongne.co/events/df2604/circles/162773,제33회 디. 페스타(토),Day1
이리,이리,N-10,N,10,,2sp,괴담에 떨어져도 출근을 해야 하는구나,,,올캐러,,,,소설,iri0012draw,https://dongne.co/events/df2604/circles/163892,제33회 디. 페스타(토),Day1
저요,머렝,W-23a,W,23,a,1sp,,,,,,,,,,https://dongne.co/events/df2604/circles/162542,제33회 디. 페스타(토),Day1
차마,고도,C-12a,C,12,a,1sp,"Fate/Grand order,인사반파자구계통",,,"낙빙하 심청추,낙빙하",낙빙하X심청추,"로맨틱,섹슈얼,로맨틱",,,En_A_Godot,https://dongne.co/events/df2604/circles/163200,제33회 디. 페스타(토),Day1
도전~~~!!!!,럭,X-11,X,11,,2sp,프로젝트 세카이,괴담출근,,올캐러,,해당없음,,일러스트,fuj00t4ku,https://dongne.co/events/df2604/circles/161921,제33회 디. 페스타(토),Day1
출소 후 유일한 낙,해왕성인,A-19,A,19,,2sp,닌타마 란타로,"포켓몬스터,괴수8호,역전재판","닌타마 쁘띠존 : 인술학원 혜성제 ""입학시험의 단!""",,,,,일러스트,neptuneblue_01,https://dongne.co/events/df2604/circles/163614,제33회 디. 페스타(토),Day1
개가 왜 머리로 종을 쳐?,꽁치,B-15,B,15,,2sp,닌타마 란타로,,"닌타마 쁘띠존 : 인술학원 혜성제 ""입학시험의 단!""",,,해당없음,,"만화,일러스트,기타",kkongchi_249,https://dongne.co/events/df2604/circles/164235,제33회 디. 페스타(토),Day1
동실 간 친밀감 형성과 관계 발전 과정에 관한 연구,내일,A-18,A,18,,2sp,닌타마 란타로,,"닌타마 쁘띠존 : 인술학원 혜성제 ""입학시험의 단!""","케마 토메사부로,젠포우지 이사쿠",케마 토메사부로X젠포우지 이사쿠,로맨틱,,만화,nail__today,https://dongne.co/events/df2604/circles/163478,제33회 디. 페스타(토),Day1
검은 새벽,김래곤,G-14,G,14,,2sp,,,,,,,,,,https://dongne.co/events/df2604/circles/162126,제33회 디. 페스타(토),Day1
과즙 팡팡,쥬스,K-20a,K,20,a,1sp,미라큘러스: 레이디버그와 블랙캣,,,"레이디버그,마리네뜨,아드리앙,블랙캣",아드리앙X마리네뜨,로맨틱,,만화,juice_hobby,https://dongne.co/events/df2604/circles/161827,제33회 디. 페스타(토),Day1
구멍 가게,사약,L-09,L,09,,2sp,원피스,"포켓몬스터,동물의 숲",,,,"로맨틱,섹슈얼",,,sayakdrinking,https://dongne.co/events/df2604/circles/162208,제33회 디. 페스타(토),Day1
되면 한다,"철판야끼, 밀몽, 소리",J-12,J,12,,2sp,명탐정 코난,헌터헌터,,,,,,"만화,일러스트,소설","tsukkigakirei0, milm0ng, im50ri",https://dongne.co/events/df2604/circles/163195,제33회 디. 페스타(토),Day1
히쥐 타임,먼쥐,G-12,G,12,,2sp,마법소녀 마도카☆마기카,우마무스메,,,,,,,meonGEE_G,https://dongne.co/events/df2604/circles/162123,제33회 디. 페스타(토),Day1
못또 유희 ,카드긁개,M-20,M,20,,2sp,유희왕,,야미진 쁘띠존 < 강한 마음 x 다정한 마음 >,,어둠의 유우기X무토 유우기,로맨틱,,"만화,일러스트",,https://dongne.co/events/df2604/circles/161820,제33회 디. 페스타(토),Day1
괴담 연구 동맹,일기,N-14,N,14,,2sp,괴담에 떨어져도 출근을 해야 하는구나,슬램덩크,,"김솔음,브라운,최요원,류재관",,,,"일러스트,공예",ilgi_story,https://dongne.co/events/df2604/circles/163535,제33회 디. 페스타(토),Day1
상자 속의 상자,Lidaniel,I-23a,I,23,a,1sp,,,,,,,,공예,wtsrwm_lide,https://dongne.co/events/df2604/circles/164161,제33회 디. 페스타(토),Day1
고생 끝에 낙잇 온다,히유,F-22,F,22,,2sp,블루록,없음,나기이사 쁘띠존,,,로맨틱,없음,일러스트,hiiu_hiiu,https://dongne.co/events/df2604/circles/163380,제33회 디. 페스타(토),Day1
회색 토끼 엄청 귀여울 것 같지 않아?,ES,F-19,F,19,,2sp,블루록,,나기이사 쁘띠존,"나기 세이시로,이사기 요이치",나기 세이시로X이사기 요이치,,,"만화,소설,기타",etern4lS_56,https://dongne.co/events/df2604/circles/161615,제33회 디. 페스타(토),Day1
이거 사면 인기 폭발한다.,우스,V-23,V,23,,2sp,가라오케 가자,"패밀리레스토랑 가자,여학교의 별",,"쿄지,사토미",쿄지X사토미,"섹슈얼,로맨틱",고바호시,일러스트,Mevius_or,https://dongne.co/events/df2604/circles/163469,제33회 디. 페스타(토),Day1
다시 만난 친구들,몽몽이,C-23b,C,23,b,1sp,디지몬,ᆞ,,테일,,,,기타,,https://dongne.co/events/df2604/circles/163339,제33회 디. 페스타(토),Day1
볕이 드는 언덕길,쿠렌,E-07,E,07,,2sp,가치아쿠타,"괴담출근,은혼,고전만화,윈브레",,,,,,,,https://dongne.co/events/df2604/circles/162733,제33회 디. 페스타(토),Day1
손목 핏줄 탐방기,SUNDANCE,T-13,T,13,,2sp,,,,,,,,,,https://dongne.co/events/df2604/circles/162337,제33회 디. 페스타(토),Day1
악당 앤나 히어로,"게사, 이장",L-13,L,13,,2sp,"블리치,니지산지",,,"디티카,히바치 마나",아바라이 렌지X쿠치키 루키아,"로맨틱,섹슈얼",,"만화,일러스트","DH_Ge4, 2z4444ng",https://dongne.co/events/df2604/circles/163690,제33회 디. 페스타(토),Day1
임시 닌자 대기소,갱,A-14b,A,14,b,1sp,닌타마,,"닌타마 쁘띠존 : 인술학원 혜성제 ""입학시험의 단!""","젠포우지 이사쿠,산탄다 카즈마,이나데라 란타로",케마 토메사부로X젠포우지 이사쿠,로맨틱,"토나카즈, 로지사콘, 키리란, 헤이후시","만화,기타",wb_gam,https://dongne.co/events/df2604/circles/162813,제33회 디. 페스타(토),Day1
평냉 같은 사람이 되자,이안,Y-06,Y,06,,2sp,"무기미도,둥굴레차!,거침없이 하이킥!",,,"조야,주은찬,서민정",,,,"만화,일러스트",,https://dongne.co/events/df2604/circles/164228,제33회 디. 페스타(토),Day1
착한 아이 츄러스 하나 더 준다,jz,Q-12,Q,12,,2sp,괴담에 떨어져도 출근을 해야 하는구나,데뷔 못 하면 죽는 병 걸림,,올캐릭터,,,,일러스트,,https://dongne.co/events/df2604/circles/161876,제33회 디. 페스타(토),Day1
동인 네가 안하면 누가하리,몽디,D-18,D,18,,2sp,드래곤볼,,,피콜로,,,,"만화,공예",dandan_mong,https://dongne.co/events/df2604/circles/163165,제33회 디. 페스타(토),Day1
최와 솔의 행방불명,ㄹㅇ,S-09b,S,09,b,1sp,괴담에 떨어져도 출근을 해야 하는구나,,,"최 요원,김솔음,류재관",최 요원X김솔음,"로맨틱,섹슈얼",재관솔음,"소설,기타",,https://dongne.co/events/df2604/circles/161731,제33회 디. 페스타(토),Day1
회지 창작 서바이벌,장이선,"J-10, J-11",J,10,,4sp,,,,,,,,,"sun__2g, webnovel_haeun, my_ego2",https://dongne.co/events/df2604/circles/163790,제33회 디. 페스타(토),Day1
나의 동인 아카데미아,갈매,E-04a,E,04,a,1sp,,,,,,,,,1234554321aaa_,https://dongne.co/events/df2604/circles/162555,제33회 디. 페스타(토),Day1
사실 나도 인술학원에 가본 적이 없어,두부많이먹음이,A-03a,A,03,a,1sp,닌자보이 란타로,,"닌타마 쁘띠존 : 인술학원 혜성제 ""입학시험의 단!""","케마 토메사부로,시오에 몬지로,오하마 칸에몽,하치야 사부로",,,,만화,imeog_i55009,https://dongne.co/events/df2604/circles/163862,제33회 디. 페스타(토),Day1
공방 프리즘,리즈,Q-18a,Q,18,a,1sp,"괴담에 떨어져도 출근을 해야 하는구나,블랙배저","파이널판타지14,플레이브",,,,,,공예,,https://dongne.co/events/df2604/circles/162943,제33회 디. 페스타(토),Day1
괴담 비빔밥,고고미,"O-02, O-03",O,02,,4sp,괴담에 떨어져도 출근을 해야 하는구나,,,,,,,"만화,일러스트,소설,기타",gogomi_99,https://dongne.co/events/df2604/circles/164103,제33회 디. 페스타(토),Day1
꿈의 레시피,랴,H-10,H,10,,2sp,,,,,,,,일러스트,Lia___S2,https://dongne.co/events/df2604/circles/162791,제33회 디. 페스타(토),Day1
되면 해낸다,먁먁,V-17,V,17,,2sp,앙스타,프세카,,,,,,,jjangtora,https://dongne.co/events/df2604/circles/162867,제33회 디. 페스타(토),Day1
멍멍 안경샵,지아,H-02,H,02,,2sp,,,,,,,,"일러스트,공예,조형",Lnaglas,https://dongne.co/events/df2604/circles/163859,제33회 디. 페스타(토),Day1
몽솜 잡화점,몽솜,H-05a,H,05,a,1sp,,,,,,,,,mongle_softly,https://dongne.co/events/df2604/circles/162663,제33회 디. 페스타(토),Day1
친구 팔아요,핫,O-13a,O,13,a,1sp,괴담에 떨어져도 출근을 해야 하는구나,,,,김솔음X브라운,,,,gkxlsla,https://dongne.co/events/df2604/circles/163930,제33회 디. 페스타(토),Day1
나는 학교가 좋아,연쇄감자마,T-19b,T,19,b,1sp,좀비고등학교,"DC,니지산지",,,,,,,,https://dongne.co/events/df2604/circles/162994,제33회 디. 페스타(토),Day1
피는 물보다 달다,ura,C-01b,C,01,b,1sp,,나루토,,,우치하 이타치X우치하 사스케,"섹슈얼,로맨틱,로맨틱",사소데이,일러스트,_urara0408,https://dongne.co/events/df2604/circles/162991,제33회 디. 페스타(토),Day1
현생 미루고 덕질,삼세,"O-01, O-24",O,01,,4sp,괴담에 떨어져도 출근을 해야 하는구나,가비지타임,,"김솔음,전영중,성준수",,로맨틱,,"만화,일러스트",3M43T_,https://dongne.co/events/df2604/circles/163347,제33회 디. 페스타(토),Day1
출근 못하면 죽는 병 걸림,청리,R-15b,R,15,b,1sp,괴출,데못죽,,"청려,박문대,김솔음,최 요원,이성해,J3,백사헌",최 요원X김솔음,로맨틱,,소설,pa820mm,https://dongne.co/events/df2604/circles/163616,제33회 디. 페스타(토),Day1
잡덕 디스크 조각 모음,"선우, 메이",V-07,V,07,,2sp,"앙상블 스타즈,슬램덩크",,,"히비키 와타루,텐쇼인 에이치,윤대협,서태웅,센도 아키라,루카와 카에데",,"로맨틱,섹슈얼","와타에이, 센루, 대협태웅","소설,일러스트",,https://dongne.co/events/df2604/circles/161702,제33회 디. 페스타(토),Day1
뭐가 나올지 아무도 모르는 부스,@17171771_U,C-19b,C,19,b,1sp,지운대,"프야생,다이에이",,,,,,,17171771_U,https://dongne.co/events/df2604/circles/161982,제33회 디. 페스타(토),Day1
걷는 제트기 생태연구,뺌!,Y-18a,Y,18,a,1sp,트랜스포머,,트랜스포머 쁘띠존,,,,,,constellar_owl,https://dongne.co/events/df2604/circles/162328,제33회 디. 페스타(토),Day1
변신 그리고 발간이다!,치떡,Z-07,Z,07,,2sp,트랜스포머,,트랜스포머 쁘띠존,"오라이온 팩스,디-16,옵티머스 프라임,메가트론,범블비 등",메가트론X옵티머스 프라임,로맨틱,,만화,toothpaste_qwq,https://dongne.co/events/df2604/circles/164119,제33회 디. 페스타(토),Day1
돼지 강아지 입양하세요,셋삼사,F-05b,F,05,b,1sp,블루록,,,,,해당없음,,기타,3set34,https://dongne.co/events/df2604/circles/163917,제33회 디. 페스타(토),Day1
역시 농구를 긴긴해야지,"악개,그됐,1D8M",C-17,C,17,,2sp,블랙배저,"가비지 타임,닌타마",,힐데베르트,성준수X기상호,로맨틱,힐데아미,만화,,https://dongne.co/events/df2604/circles/163318,제33회 디. 페스타(토),Day1
저희 끝나고 라이브뷰잉 보러가요,미트,F-15b,F,15,b,1sp,"윈드브레이커,윈브레,windbreaker",,,우메미야 하지메,,해당없음,,"일러스트,만화",,https://dongne.co/events/df2604/circles/162166,제33회 디. 페스타(토),Day1
봄봄 스튜디오,아사,Q-16,Q,16,,2sp,괴담출근,에이스테,,,,,,,,https://dongne.co/events/df2604/circles/163393,제33회 디. 페스타(토),Day1
카페 리베르타,효자손,U-03b,U,03,b,1sp,동경과 거짓말,,,"비올라 알피나,에델바이스 밀런",비올라 알피나X에델바이스 밀런,로맨틱,,"만화,일러스트",hyojasonquqi,https://dongne.co/events/df2604/circles/163804,제33회 디. 페스타(토),Day1
한국 금거래소,didi,V-14b,V,14,b,1sp,우마무스메,,,오리지널,,,,일러스트,whaqlrPWjd,https://dongne.co/events/df2604/circles/161680,제33회 디. 페스타(토),Day1
내가 사랑했던 모든 남자들에게,시환,T-08,T,08,,2sp,빛과밤의사랑,오버워치,빛과 밤의 사랑 쁘띠존 「휘명시디자이너연합회」,,,로맨틱,"주은태여주(은여/은태여주), 겐멜(겐르시)",소설,,https://dongne.co/events/df2604/circles/161871,제33회 디. 페스타(토),Day1
단지 친구라는 이유로 같부스함,뷰온,D-01,D,01,,2sp,슬램덩크,프로젝트세카이,,"송태섭,정대만,카미시로 루이,KAITO",송태섭X정대만,로맨틱,카미시로 루이×KAITO,소설,burung_nya,https://dongne.co/events/df2604/circles/161933,제33회 디. 페스타(토),Day1
우리 부스에는 자물쇠가 없으니까,"세레나데, 짖",W-11,W,11,,2sp,스타레일,,,"파이논,마이데이",파이논X마이데이,로맨틱,,소설,"Sun_ri3e, 02_zitu",https://dongne.co/events/df2604/circles/163702,제33회 디. 페스타(토),Day1
내가 좋아하는 나오야가 토우지를 좋아한다,한악,F-08a,F,08,a,1sp,주술회전 윈브레,,,,,,,,,https://dongne.co/events/df2604/circles/163344,제33회 디. 페스타(토),Day1
집에 보내주세요,chal,P-06a,P,06,a,1sp,괴담에 떨어져도 출근을 해야하는 구나,회색도시 2,,,,,,일러스트,cha11att3,https://dongne.co/events/df2604/circles/164196,제33회 디. 페스타(토),Day1
い반 긴급임무의 단! 그리고 어디선가 온 탐정사무소,밤식,B-22a,B,22,a,1sp,닌자보이 란타로,명일방주,"닌타마 쁘띠존 : 인술학원 혜성제 ""입학시험의 단!""","타치바나 센조,시오에 몬지로",타치바나 센조X시오에 몬지로,로맨틱,,만화,bamsikE,https://dongne.co/events/df2604/circles/164237,제33회 디. 페스타(토),Day1
형은 세계최고로 다정하다,낭비,E-22,E,22,,2sp,블루록,,,이토시 린,이토시 사에X이토시 린,로맨틱,,"일러스트,만화,공예",nangbi77,https://dongne.co/events/df2604/circles/163449,제33회 디. 페스타(토),Day1
원래 디셉티콘은 오토봇을 탐해,개,Y-12b,Y,12,b,1sp,트랜스포머,,트랜스포머 쁘띠존,"메가트론,옵티머스,사운드 웨이브,핫로드",,해당없음,사웨로디,"만화,일러스트,기타",S7_dognyam,https://dongne.co/events/df2604/circles/164184,제33회 디. 페스타(토),Day1
상태:미소녀중독,멜트,E-17a,E,17,a,1sp,캐릭캐릭체인지,"오란고교,흑집사,꿈빛파티시엘,쵸비츠,디지캐럿,하츠네미쿠,비스크돌",,,,,,,"lovemeltclub, guri__ming",https://dongne.co/events/df2604/circles/163368,제33회 디. 페스타(토),Day1
상태:미소년중독,딱콩,E-17b,E,17,b,1sp,테일즈런너,,,,,,,,hororob_,https://dongne.co/events/df2604/circles/163360,제33회 디. 페스타(토),Day1
분노! 우울··· 배신감!!,패트와매트,O-21b,O,21,b,1sp,괴담출근,"괴담출근,은혼,데못죽,디지캐럿",,,,,,"일러스트,기타",gigigoeg,https://dongne.co/events/df2604/circles/161639,제33회 디. 페스타(토),Day1
급구! 지엔디아 구할 모험가 모집,0월,U-12,U,12,,2sp,라테일,도쿄에일리언즈,,,,,,"소설,만화",hyw_luna,https://dongne.co/events/df2604/circles/164097,제33회 디. 페스타(토),Day1
여기. 내자리. 공명. 곤란,식물지기,K-05b,K,05,b,1sp,트라이건,,,밧슈 더 스탬피드,밀리온즈 나이브스X밧슈 더 스탬피드,"로맨틱,섹슈얼",,만화,_plantlover,https://dongne.co/events/df2604/circles/162143,제33회 디. 페스타(토),Day1
같죽모,이르,Y-23,Y,23,,2sp,블루록,"아이돌타임 프리파라,포켓몬스터,파이널판타지14,봇치더록",,,,,,"만화,일러스트,소설",ileu2414,https://dongne.co/events/df2604/circles/163390,제33회 디. 페스타(토),Day1
결혼해,흰,F-06,F,06,,2sp,블루록,괴담출근,나기이사 쁘띠존,"나기,이사기",나기 세이시로X이사기 요이치,로맨틱,"제이솔음, 제솔, 요원솔음, 최솔",만화,Huin_love,https://dongne.co/events/df2604/circles/161830,제33회 디. 페스타(토),Day1
까막북,유진,J-19,J,19,,2sp,,,,,,,,,_pauluu,https://dongne.co/events/df2604/circles/161543,제33회 디. 페스타(토),Day1
꽈당큐,꼬포리,W-07,W,07,,2sp,원신,스타레일,,벤티,,"섹슈얼,로맨틱",,"일러스트,만화",koboli03,https://dongne.co/events/df2604/circles/162429,제33회 디. 페스타(토),Day1
냐냐냐,햄,E-19b,E,19,b,1sp,블루록,,,,,해당없음,,기타,haemu100,https://dongne.co/events/df2604/circles/163965,제33회 디. 페스타(토),Day1
닭강정,입이 강정,R-21a,R,21,a,1sp,너희들은 변호됐다,괴담출근,,,강민재X차주한,,,,Wonsaeng_e,https://dongne.co/events/df2604/circles/163135,제33회 디. 페스타(토),Day1
당덕기,재노,U-09,U,09,,2sp,"파이널판타지14,리버스1999","TRPG(COC),1차 수공예,괴담출근",,,,,,"일러스트,공예,소설",dangdeoggi22403,https://dongne.co/events/df2604/circles/162450,제33회 디. 페스타(토),Day1
도원정,선도,S-21b,S,21,b,1sp,진혼기,화산귀환,,"자하,설영",자하X설영,로맨틱,,"만화,일러스트,소설",seondo1309,https://dongne.co/events/df2604/circles/161967,제33회 디. 페스타(토),Day1
듀듀듀,나격,"P-12, P-13",P,12,,4sp,괴담에 떨어져도 출근을 해야하는구나,"이세계 착각 헌터,전지적 독자 시점,화산귀환",,,,,,,fallin_nagyuk,https://dongne.co/events/df2604/circles/162799,제33회 디. 페스타(토),Day1
또롱별,이데아,J-24,J,24,,2sp,,,,,,,,,ideatami,https://dongne.co/events/df2604/circles/161484,제33회 디. 페스타(토),Day1
루카반,똘,T-16b,T,16,b,1sp,도키걸즈,없음,,사쿠라이루카,사쿠라이루카X밤비,해당없음,,만화,albertobalssam,https://dongne.co/events/df2604/circles/163333,제33회 디. 페스타(토),Day1
맛초킹,ming_,W-20a,W,20,a,1sp,,,,,,,,,,https://dongne.co/events/df2604/circles/163081,제33회 디. 페스타(토),Day1
메밀밭,밀123,O-13b,O,13,b,1sp,괴담출근,,,,,,,일러스트,,https://dongne.co/events/df2604/circles/161811,제33회 디. 페스타(토),Day1
몰랐어,"구미리, 꼬니",W-17,W,17,,2sp,"보컬로이드,프리파라",,,,,,,,"S29umm, KKONGx2e",https://dongne.co/events/df2604/circles/164177,제33회 디. 페스타(토),Day1
민남민,민남민,X-20b,X,20,b,1sp,,,,,,,,,,https://dongne.co/events/df2604/circles/162189,제33회 디. 페스타(토),Day1
밀키트,hi1zzZ,P-15,P,15,,2sp,괴담출근,"은혼,데못죽",,,,,,,hi1zzZ,https://dongne.co/events/df2604/circles/163572,제33회 디. 페스타(토),Day1
부스럭,삥찌,Q-23,Q,23,,2sp,데못죽,어바등 괴담출근,,,,,,일러스트,bbing_zzi,https://dongne.co/events/df2604/circles/162547,제33회 디. 페스타(토),Day1
뽀르르,"뽀레, 부르",H-13,H,13,,2sp,"프리파라,보컬로이드,베리베리 뮤우뮤우","마법소녀 마도카 마기카,우마무스메,피치피치핏치,보석의나라,이나즈마 일레븐",,,,,,,tawaC3po,https://dongne.co/events/df2604/circles/163896,제33회 디. 페스타(토),Day1
새문서,에머디,V-11,V,11,,2sp,명일방주,,,,,,,"일러스트,만화",,https://dongne.co/events/df2604/circles/162326,제33회 디. 페스타(토),Day1
소요당,소요,J-06,J,06,,2sp,,,,,,,,"일러스트,공예,기타",soyodang_works,https://dongne.co/events/df2604/circles/161474,제33회 디. 페스타(토),Day1
손부림,라야,H-19,H,19,,2sp,태팅레이스(공예),,,,,,,공예,sonbulim,https://dongne.co/events/df2604/circles/162342,제33회 디. 페스타(토),Day1
아멜로,공쥬,U-20b,U,20,b,1sp,탑로더 후우링,레진키링,,,,,,,amello_art,https://dongne.co/events/df2604/circles/162523,제33회 디. 페스타(토),Day1
야광충,앵,E-02,E,02,,2sp,히카루의 바둑,,,,,,,,eln9au_pic,https://dongne.co/events/df2604/circles/161563,제33회 디. 페스타(토),Day1
에그몽,알계,U-15a,U,15,a,1sp,오오에,,,"아리아케,오오사키",,,,,tamago__0_0,https://dongne.co/events/df2604/circles/163382,제33회 디. 페스타(토),Day1
열대야,김태풍,H-15,H,15,,2sp,오리지널 + 죠죠의 기묘한 모험,,,,,,,만화,TN210918,https://dongne.co/events/df2604/circles/162489,제33회 디. 페스타(토),Day1
이요웅,시옷,F-15a,F,15,a,1sp,윈드브레이커,,,스오 하야토,스오 하야토X사쿠라 하루카,로맨틱,,만화,siot_jn,https://dongne.co/events/df2604/circles/161828,제33회 디. 페스타(토),Day1
일단고,이스,J-20b,J,20,b,1sp,,,,,,,,,nills_ff14,https://dongne.co/events/df2604/circles/161567,제33회 디. 페스타(토),Day1
취조실,도둑놈,J-16b,J,16,b,1sp,코난,,,,,,,"만화,일러스트",,https://dongne.co/events/df2604/circles/162862,제33회 디. 페스타(토),Day1
츄앤몽,츄냥,I-12,I,12,,2sp,1차 창작,"파이널판타지14,은혼",,,,,,일러스트,"o11peach, zoomhong",https://dongne.co/events/df2604/circles/162526,제33회 디. 페스타(토),Day1
쿠로네,햄다,L-14b,L,14,b,1sp,체인소맨,,,아키,,로맨틱,,일러스트,haem_da_,https://dongne.co/events/df2604/circles/164300,제33회 디. 페스타(토),Day1
쿠키집,거북이쿠키 ,P-23b,P,23,b,1sp,괴담출근,"DP,오리지널(1차)",,,,,,일러스트,oebtunpeus00,https://dongne.co/events/df2604/circles/161936,제33회 디. 페스타(토),Day1
풋사과,댑싸리,E-19a,E,19,a,1sp,블루록,,,,,,,,,https://dongne.co/events/df2604/circles/161486,제33회 디. 페스타(토),Day1
해달샵,해달,W-10,W,10,,2sp,스타레일,"원신,명조,화산귀환",,"명조,원신,붕스,화산귀환 캐릭터들",,,,공예,Sunmoon_shop16,https://dongne.co/events/df2604/circles/161718,제33회 디. 페스타(토),Day1
훠니뭉,훤,D-14,D,14,,2sp,헌터헌터,"괴담출근,단간론파",,,,,,,G_hywon,https://dongne.co/events/df2604/circles/163248,제33회 디. 페스타(토),Day1
흐느적,룬시아,N-11,N,11,,2sp,괴담출근,전독시 이착헌 데못죽,,,,,,일러스트,,https://dongne.co/events/df2604/circles/161565,제33회 디. 페스타(토),Day1
히라미,히라미,O-17b,O,17,b,1sp,괴담출근,,,김솔음,,,,일러스트,hirami04,https://dongne.co/events/df2604/circles/161776,제33회 디. 페스타(토),Day1
죽이러 갈 준비,카민,C-19a,C,19,a,1sp,나루토,마블,,"하타케 카카시,브록 럼로우",마이트 가이X하타케 카카시,"로맨틱,섹슈얼,로맨틱,섹슈얼","스티브 로저스X브록 럼로우, 제임스 뷰캐넌 반즈X브록 럼로우","일러스트,소설,기타",syromire,https://dongne.co/events/df2604/circles/162587,제33회 디. 페스타(토),Day1
공멸의 부스,반닌반개,A-15a,A,15,a,1sp,닌타마 란타로,,"닌타마 쁘띠존 : 인술학원 혜성제 ""입학시험의 단!""","케마 토메사부로,젠포우지 이사쿠,6학년,5학년",케마 토메사부로X젠포우지 이사쿠,로맨틱,,"소설,공예","_ntki_rh, pureun_ninnin",https://dongne.co/events/df2604/circles/162196,제33회 디. 페스타(토),Day1
나중에 수정,이름,M-21a,M,21,a,1sp,유희왕 DM,,야미진 쁘띠존 < 강한 마음 x 다정한 마음 >,"야미노 유우기,무토 유우기",,,,,Y_Dong_1,https://dongne.co/events/df2604/circles/163095,제33회 디. 페스타(토),Day1
닌자가 되자,금눈,B-20a,B,20,a,1sp,닌자보이 란타로,괴담출근,"닌타마 쁘띠존 : 인술학원 혜성제 ""입학시험의 단!""","상급생,리도이 이것저것...",,로맨틱,,"일러스트,만화,기타",ssubtulll,https://dongne.co/events/df2604/circles/164148,제33회 디. 페스타(토),Day1
도토래 공방,도토래 공방,H-07,H,07,,2sp,,18trip,,에이트리 올캐러 (아마도),,,,"기타,일러스트","dotorae_, _133_7",https://dongne.co/events/df2604/circles/162173,제33회 디. 페스타(토),Day1
맛보기 스푼,슈비시,L-01,L,01,,2sp,괴수8호,"괴담출근,주술회전,데못죽,제5인격,플레이브,데스노트,히로아카,하이큐,은혼,보석국,봇치더락,프리렌,초카구야히메,마법소녀",,"호시나 소우시로,고죠 사토루,츠키시마,L,등등",,,,일러스트,ShuBish_see,https://dongne.co/events/df2604/circles/163728,제33회 디. 페스타(토),Day1
무기농 주스,선우,L-18a,L,18,a,1sp,진격의 거인,"백미터,지운대",,,,,,,,https://dongne.co/events/df2604/circles/163051,제33회 디. 페스타(토),Day1
무리한 덕질,무리,Q-20,Q,20,,2sp,데뷔 못하면 죽는 병 걸림,,,신재현,신재현X류건우,"로맨틱,섹슈얼",,소설,M_u_L_i_Y_a,https://dongne.co/events/df2604/circles/162314,제33회 디. 페스타(토),Day1
별조각 바다,소람,S-09a,S,09,a,1sp,괴담출근,,,"김솔음,최요원",최요원X김솔음,로맨틱,,소설,st2llarium,https://dongne.co/events/df2604/circles/162142,제33회 디. 페스타(토),Day1
여름의 문장,솔미,C-23a,C,23,a,1sp,디지몬,,,"코시로,미미",,로맨틱,,소설,solmi81,https://dongne.co/events/df2604/circles/163746,제33회 디. 페스타(토),Day1
은꾱을 믿기,"은우, 끼옹",S-17,S,17,,2sp,괴담에 떨어져도 출근을 해야 하는구나,,,,최 요원X김솔음,로맨틱,,,,https://dongne.co/events/df2604/circles/163931,제33회 디. 페스타(토),Day1
장미의 나라,올백,C-09,C,09,,2sp,닌타마 란타로,,"닌타마 쁘띠존 : 인술학원 혜성제 ""입학시험의 단!""",,,,,,,https://dongne.co/events/df2604/circles/163541,제33회 디. 페스타(토),Day1
집으로 가자,비올레타,S-02a,S,02,a,1sp,어바등,"블랙배저,문송안함,공회주",,,,"로맨틱,섹슈얼","해량무현, 멜키레이, 윤예힐, 세르시온",소설,,https://dongne.co/events/df2604/circles/161800,제33회 디. 페스타(토),Day1
탈세계 단편,NONEMA,G-07b,G,07,b,1sp,,,,,,,,만화,,https://dongne.co/events/df2604/circles/162659,제33회 디. 페스타(토),Day1
털뭉치 클럽,"아코, 주먹밥 , 노챠 , 마이","D-12, D-13",D,12,,4sp,"헌터헌터,고전애니,니지산지,가비지타임,주술회전,프리파라,달빛천사,꼬마마법사 레미",,,,,,,일러스트,"xas2ko, iamhodu, joomukbab, mmai_ing",https://dongne.co/events/df2604/circles/162646,제33회 디. 페스타(토),Day1
테런의 약속,킴오온나,T-02b,T,02,b,1sp,"가비지타임,테일즈런너,마법사의 약속",,,"최종수,기상호",,"섹슈얼,로맨틱",최종수x기상호,"만화,게임",kim_onna0,https://dongne.co/events/df2604/circles/164139,제33회 디. 페스타(토),Day1
문화가 달라~,만복이네똥집,E-23b,E,23,b,1sp,히스토리에,,,,,,,"만화,일러스트",MBdr_bin,https://dongne.co/events/df2604/circles/163717,제33회 디. 페스타(토),Day1
코코넛 껍질 속 고먕이,코코넛,X-01,X,01,,2sp,스타트렉,"스타워즈,발더스게이트",,,,,,"만화,일러스트,공예",spaceita,https://dongne.co/events/df2604/circles/161528,제33회 디. 페스타(토),Day1
메이드 바이 꼬섭,꼬섭,K-15b,K,15,b,1sp,명탐정 코난,나의 히어로 아카데미아,,"에도가와 코난,미도리야 이즈쿠 등",,,,공예,songkkoseob,https://dongne.co/events/df2604/circles/163452,제33회 디. 페스타(토),Day1
일단은 뭐가 나옴,듐,W-23b,W,23,b,1sp,,,,,,,,,,https://dongne.co/events/df2604/circles/162900,제33회 디. 페스타(토),Day1
키작공 전용 창구,멜렁,J-16a,J,16,a,1sp,우마무스메,"원피스,명탐정코난,죠죠의 기묘한 모험",,,,,,,,https://dongne.co/events/df2604/circles/162641,제33회 디. 페스타(토),Day1
무언가 하는 부스 / 괴담회식 나눔,김머리,S-24,S,24,,2sp,,,,,,,,,,https://dongne.co/events/df2604/circles/162610,제33회 디. 페스타(토),Day1
드로잉 피플 셀링 띵즈 마이 비지니스,희월,X-02a,X,02,a,1sp,수퍼내추럴(미국TV드라마),,,"샘 윈체스터,딘 윈체스터",,해당없음,딘샘,"일러스트,기타",Higeuk,https://dongne.co/events/df2604/circles/164260,제33회 디. 페스타(토),Day1
동생은 원래 형을 사랑해,굼밤,Y-19a,Y,19,a,1sp,아이실드21,,,,운스이X아곤,,,,,https://dongne.co/events/df2604/circles/161929,제33회 디. 페스타(토),Day1
펭귄도 날수 있어!,갈치조림,E-04b,E,04,b,1sp,이나즈마일레븐,,,"키도 유우토,사쿠마 지로,겐다 코지로,후도 아키오",사쿠마 지로X키도 유우토,로맨틱,,"일러스트,만화",m_arijuan__a,https://dongne.co/events/df2604/circles/163769,제33회 디. 페스타(토),Day1
가혹한 삶의 지평선,싸싸,V-24,V,24,,2sp,패밀리 레스토랑 가자.,가라오케 가자!,,,나리타 쿄지X오카 사토미,로맨틱,,,ssa_ssiat,https://dongne.co/events/df2604/circles/162677,제33회 디. 페스타(토),Day1
외계인 취급 전문점,플밈,O-07a,O,07,a,1sp,괴담출근,데못죽,,"김솔음,이자헌,은하제,박민성",김솔음X이자헌,"해당없음,섹슈얼,로맨틱","솔음자헌,유진래빈",,P1_P2_P3_P4,https://dongne.co/events/df2604/circles/162185,제33회 디. 페스타(토),Day1
포틴의 굿즈 팩토리,포틴,K-02,K,02,,2sp,"헬루바보스,해즈빈호텔,디지털서커스","앰피비아,스티븐유니버스,아울하우스,피오나와케이크,어드벤처타임,닥터후,멋진징조들",,,,,,기타,"ani_potin, P_goods_factory",https://dongne.co/events/df2604/circles/162270,제33회 디. 페스타(토),Day1
자기의 밥은 스스로 하자,하래,A-10b,A,10,b,1sp,닌타마 란타로,앙상블스타즈,"닌타마 쁘띠존 : 인술학원 혜성제 ""입학시험의 단!""","나카자이케 쵸지,나나마츠 코헤이타",,,오우카와 코하쿠x미케지마 마다라,"일러스트,만화",maracrab3,https://dongne.co/events/df2604/circles/163483,제33회 디. 페스타(토),Day1
그런데 그때 래퍼가 나타났다...,"셀레스틴, 엑스트라A",C-14b,C,14,b,1sp,"닌타마 란타로,히프노시스마이크",블리치,,,,,,,,https://dongne.co/events/df2604/circles/162738,제33회 디. 페스타(토),Day1
넷이서 같이 사는게 정답이라는 것을,별다귀,Y-17b,Y,17,b,1sp,트랜스포머,,트랜스포머 쁘띠존,스타스크림/메가트론/쇼크웨이브/사운드웨이브,,"섹슈얼,로맨틱","메가트론이랑 쇼크웨이브, 메가트론이랑 사운드웨이브......",소설,AOU_AOU_,https://dongne.co/events/df2604/circles/161477,제33회 디. 페스타(토),Day1
원산지 다른 인외물들,박스,Y-08a,Y,08,a,1sp,트랜스포머,괴수 8호,트랜스포머 쁘띠존,"트랜스포머 캐릭터,나루미,호시나",,,,,dustmq24671,https://dongne.co/events/df2604/circles/162284,제33회 디. 페스타(토),Day1
이사는 역시 케마이사,야참,A-17b,A,17,b,1sp,닌타마 란타로,,"닌타마 쁘띠존 : 인술학원 혜성제 ""입학시험의 단!""","케마 토메사부로,젠포우지 이사쿠",케마 토메사부로X젠포우지 이사쿠,,,만화,ya__cham,https://dongne.co/events/df2604/circles/161541,제33회 디. 페스타(토),Day1
닌자는 바로 당신이야!,nama,B-01,B,01,,2sp,"닌타마 란타로,닌자보이 란타로",,"닌타마 쁘띠존 : 인술학원 혜성제 ""입학시험의 단!""","야마다 리키치,도이 한스케,6학년,5학년",야마다 리키치X도이 한스케,로맨틱,"케마이사, 타케쿠쿠","일러스트,만화",nin_nama,https://dongne.co/events/df2604/circles/162634,제33회 디. 페스타(토),Day1
농구도 하고 수수께끼도 풀고,티슈,D-22b,D,22,b,1sp,슬램덩크,"게게게의 수수께끼,가비지타임",,강백호,태웅X백호,"로맨틱,섹슈얼","종상, 준상",,,https://dongne.co/events/df2604/circles/161701,제33회 디. 페스타(토),Day1
오늘의 반찬: 양배추사라다 ,26,U-22,U,22,,2sp,페르소나4,"원피스,패밀리 레스토랑 가자,다이아몬드에이스",,,,"로맨틱,해당없음",,"만화,게임",gfthby65,https://dongne.co/events/df2604/circles/163951,제33회 디. 페스타(토),Day1
유가맛 캔디(본 제품은 키즈키가 함유된 제품과 같은 제조시설에서 제조하고 있습니다),맴돌,U-13,U,13,,2sp,역전재판5,,,,,,,,,https://dongne.co/events/df2604/circles/163421,제33회 디. 페스타(토),Day1
급조된 결속력,ecyce,L-23,L,23,,2sp,유희왕 원작,"유희왕 5D's,용기사07 작품",,,,,,"만화,일러스트",dueltildie,https://dongne.co/events/df2604/circles/162045,제33회 디. 페스타(토),Day1
난정검 감나빗,"도깡 , 쎄니",A-16a,A,16,a,1sp,,,"닌타마 쁘띠존 : 인술학원 혜성제 ""입학시험의 단!""",,케마토메사부로X젠포우지이사쿠,해당없음,,,"gimchibajiljji1, Lucky_lovetooth",https://dongne.co/events/df2604/circles/164172,제33회 디. 페스타(토),Day1
네일이 기대돼,mui,X-24,X,24,,2sp,미우404,"가비지타임,가정교사히트맨리본",,시마 카즈미,이부키 아이X시마 카즈미,로맨틱,"빵준(영중준수), 엋문(청려문대)","공예,소설",mui_S2,https://dongne.co/events/df2604/circles/162050,제33회 디. 페스타(토),Day1
마도구 바토라,사천원,L-05,L,05,,2sp,악마에 입문했습니다 이루마군 mafia if,악마에 입문했습니다 이루마군,,"이루마,오페라,카르에고,아리스,클라라,키리오",,해당없음,아즈이루,"일러스트,소설",4000won_ssul,https://dongne.co/events/df2604/circles/163145,제33회 디. 페스타(토),Day1
맛있는 파스타,BN,"Q-10, Q-11",Q,10,,4sp,괴담출근,,,,,,,,,https://dongne.co/events/df2604/circles/161671,제33회 디. 페스타(토),Day1
발키리 잡화점,요루네코,V-18,V,18,,2sp,앙상블 스타즈!! Music,,,카게히라 미카 × 이츠키 슈,미카X슈,로맨틱,"레이코가, 히요쥰","만화,공예,일러스트",nurungji_v,https://dongne.co/events/df2604/circles/162240,제33회 디. 페스타(토),Day1
백흑의 자존심,"토토, 달걀",F-20,F,20,,2sp,블루록,,나기이사 쁘띠존,"나기 세이시로,이사기 요이치",나기 세이시로X이사기 요이치,로맨틱,,,"T0to0517, egg_blue__",https://dongne.co/events/df2604/circles/163335,제33회 디. 페스타(토),Day1
세기말 오타쿠,로푸닝,S-23,S,23,,2sp,,,,,,,,,,https://dongne.co/events/df2604/circles/161631,제33회 디. 페스타(토),Day1
스위트 오렌지,Dou,D-23b,D,23,b,1sp,슬램덩크,,,슬램덩크,,,,,handai05,https://dongne.co/events/df2604/circles/163144,제33회 디. 페스타(토),Day1
심해어 락밴드,수심,C-22a,C,22,a,1sp,하이큐,,,츠키시마 케이,,로맨틱,,,deepdownsee_ome,https://dongne.co/events/df2604/circles/161945,제33회 디. 페스타(토),Day1
어쩌고 잡화점,담요,H-12,H,12,,2sp,가비지타임,,,,,,,,Damyo_812,https://dongne.co/events/df2604/circles/162445,제33회 디. 페스타(토),Day1
온더락 컴퍼니,온더락,O-10,O,10,,2sp,괴담출근,,,"J3,곽제강",J3X곽제강,,,소설,OntheRock_J3,https://dongne.co/events/df2604/circles/164020,제33회 디. 페스타(토),Day1
외계인 밀렵지,밀렵꾼,R-05a,R,05,a,1sp,이세계 착각 헌터,,,"김기려,레밍",,,,,matto765638,https://dongne.co/events/df2604/circles/162977,제33회 디. 페스타(토),Day1
코엉의 연구실,코엉,Z-08,Z,08,,2sp,트랜스포머,,트랜스포머 쁘띠존,"옵티머스 프라임,메가트론",메가트론X옵티머스 프라임,로맨틱,,소설,maybemiffy,https://dongne.co/events/df2604/circles/163020,제33회 디. 페스타(토),Day1
토마토 잡화점,TOMATA,Q-22,Q,22,,2sp,데뷔 못하면 죽는 병 걸림,괴담출근,,,,,,,min5k0201,https://dongne.co/events/df2604/circles/161843,제33회 디. 페스타(토),Day1
프릴리 데이즈,플plz,I-23b,I,23,b,1sp,,,,,,,,,,https://dongne.co/events/df2604/circles/162367,제33회 디. 페스타(토),Day1
논컾이 아니면 (제가) 죽어요,소체,R-21b,R,21,b,1sp,창조주의 편애법,"페르소나 5,지구의 운동에 대하여",,"맹순우,강차경 등",,,,"만화,일러스트,소설,기타",soche1215,https://dongne.co/events/df2604/circles/163505,제33회 디. 페스타(토),Day1
골렘은 퇴근을 못 하죠 지구인도,마,R-23,R,23,,2sp,블루 자이언트,"이세계 착각 헌터,괴담출근",,,,,,"만화,일러스트",,https://dongne.co/events/df2604/circles/161941,제33회 디. 페스타(토),Day1
로봇이 보이는 것 보다 가까이있음,윤슬,Z-11,Z,11,,2sp,트랜스포머,,트랜스포머 쁘띠존,트랜스포머 올캐,,,,"만화,기타,일러스트",Ruination_YSL,https://dongne.co/events/df2604/circles/162177,제33회 디. 페스타(토),Day1
유니콘 순두부 찌개,칸조,X-12,X,12,,2sp,카리스마,"파이어 엠블렘 풍화설월,아이돌 마스터 sideM",,,,,,,,https://dongne.co/events/df2604/circles/162822,제33회 디. 페스타(토),Day1
이곳은 잡덕의 성지,빡스,J-07a,J,07,a,1sp,패션,"내스급,패션",,,,,,,Bbox_1004,https://dongne.co/events/df2604/circles/162568,제33회 디. 페스타(토),Day1
영원히 야미진 곁에 있고싶어,세삼,M-03b,M,03,b,1sp,유희왕,,야미진 쁘띠존 < 강한 마음 x 다정한 마음 >,"무토 유희,어둠의 유희",어둠의 유희X무토 유희,로맨틱,,,se_3sam,https://dongne.co/events/df2604/circles/163193,제33회 디. 페스타(토),Day1
이상한 나라의 잡화점,빵,H-04,H,04,,2sp,,,,,,,,공예,,https://dongne.co/events/df2604/circles/163002,제33회 디. 페스타(토),Day1
출근도 생존도 배저도 하는 부스,다안,Q-18b,Q,18,b,1sp,괴담에 떨어져도 출근을 해야 하는 구나,"마법명가 차남으로 살아남는 법,블랙배저",,,,,,"일러스트,공예",da_an_123,https://dongne.co/events/df2604/circles/163714,제33회 디. 페스타(토),Day1
덕질에 빠져도 마감은 해야 하는 구나,괴도팡,N-17,N,17,,2sp,괴담출근,"데못죽,가비지타임,사카데이,윈브레",,최솔,,,,,LUKAPANG__45,https://dongne.co/events/df2604/circles/161752,제33회 디. 페스타(토),Day1
여우의 사랑이 세상을 구한다,Ru,T-07a,T,07,a,1sp,빛과 밤의 사랑,,빛과 밤의 사랑 쁘띠존 「휘명시디자이너연합회」,제신율,제신율X여주,로맨틱,,"만화,소설",LAN_RUSFERIA,https://dongne.co/events/df2604/circles/161870,제33회 디. 페스타(토),Day1
이중에 취향이 뭐라도 있겠지,에러,R-07,R,07,,2sp,괴담에 떨어져도 출근을 해야 하는구나,"이세계 착각헌터,전지적 독자시점,데뷔 못 하면 죽는 병 걸림",,,,,,,cookielike21,https://dongne.co/events/df2604/circles/163543,제33회 디. 페스타(토),Day1
저에게 필요한 부스를 주세요,물병,D-24,D,24,,2sp,슬램덩크,구룡성채:무법지대 영화 ,,"송태섭,이명헌(후카츠 카즈나리),정우성,용권풍",,"로맨틱,해당없음",,"소설,기타",bleu_denuit,https://dongne.co/events/df2604/circles/163241,제33회 디. 페스타(토),Day1
서방과 아내의 사랑을 응원합니다,김몽당,M-03a,M,03,a,1sp,유희왕,fkmt,야미진 쁘띠존 < 강한 마음 x 다정한 마음 >,"어둠의 유우기,무토 유우기",,"로맨틱,섹슈얼",아카카이,만화,pencilnoking,https://dongne.co/events/df2604/circles/163582,제33회 디. 페스타(토),Day1
사람이 괴담에 갇혔어요,별하나,R-08a,R,08,a,1sp,괴담에 떨어져도 출근을 해야 하는구나,,,J3,,,,,byul_hana1,https://dongne.co/events/df2604/circles/161547,제33회 디. 페스타(토),Day1
해골과 붕대와 서스펜스,밑,B-18a,B,18,a,1sp,닌타마 란타로,,"닌타마 쁘띠존 : 인술학원 혜성제 ""입학시험의 단!""","잣토 콘나몬,젠포우지 이사쿠,츠루마치 후시키조",잣토 콘나몬X젠포우지 이사쿠,로맨틱,,일러스트,mitmit1311,https://dongne.co/events/df2604/circles/163076,제33회 디. 페스타(토),Day1
우리는 괴담도 필요없고 그저 집을 원합니다,아무탼,O-16,O,16,,2sp,괴담에 떨어져도 출근을 해야하는구나,오오에,,,,,,"일러스트,기타",amutyan86,https://dongne.co/events/df2604/circles/163732,제33회 디. 페스타(토),Day1
미등록 항공기 불법주차 단속반,Gyari,Z-21a,Z,21,a,1sp,트랜스포머,G1,트랜스포머 쁘띠존,"스타스크림,스카이파이어",스카이파이어X스타스크림,로맨틱,,"만화,기타",gyarrrrrrr,https://dongne.co/events/df2604/circles/161812,제33회 디. 페스타(토),Day1
기묘한 괴담에 떨어져도 스탠드 술사는 출근해야하는 구나,호담,P-22,P,22,,2sp,괴담에 떨어져도 출근은 해야하는 구나,죠죠의기묘한모험,,,,,,"공예,만화,일러스트",Hodam_CC,https://dongne.co/events/df2604/circles/162204,제33회 디. 페스타(토),Day1
"얼마나 걸릴지 상관없음, 칸유이는 반드시 결혼시킨다.",웼잉잉,K-07a,K,07,a,1sp,명탐정 코난,,,"우에하라 유이,야마토 칸스케,모로후시 타카아키",,"로맨틱,섹슈얼",,"일러스트,만화",weting_cn,https://dongne.co/events/df2604/circles/164078,제33회 디. 페스타(토),Day1
공항에 사람이 갇혔어요.,"태성,24",F-07,F,07,,2sp,주술회전,,,,고죠 사토루X게토 스구루,로맨틱,,"만화,소설","taeseon63877, 2424wkr",https://dongne.co/events/df2604/circles/163209,제33회 디. 페스타(토),Day1
닌자도 출근을 해야하나요?,소기찬,B-20b,B,20,b,1sp,닌타마 란타로,괴담에 떨어져도 출근을 해야 하는구나,"닌타마 쁘띠존 : 인술학원 혜성제 ""입학시험의 단!""","도이,리키치,김솔음,최요원,백사헌",,해당없음,"최요원x김솔음, 김솔음x백사헌","일러스트,만화",ramdo_1,https://dongne.co/events/df2604/circles/163373,제33회 디. 페스타(토),Day1
밧슈는 유명한 개냥이입니다,그냥,K-22,K,22,,2sp,트라이건,,,밧슈,울프우드X밧슈,로맨틱,나이브스x밧슈,,,https://dongne.co/events/df2604/circles/163265,제33회 디. 페스타(토),Day1
아직도 여전히 오타쿠입니다,놀란,D-23a,D,23,a,1sp,슬램덩크,,,,,,,,_ww_w0w_w_,https://dongne.co/events/df2604/circles/162052,제33회 디. 페스타(토),Day1
오리가 하나둘!,"하나이, 모짜오리",N-08,N,08,,2sp,괴담에 떨어져도 출근을 해야 하는구나,데뷔 못 하면 죽는 병 걸림,,,,,,,_00365,https://dongne.co/events/df2604/circles/161632,제33회 디. 페스타(토),Day1
쉬마쨩 뭐먹어? 메롱빵.,로론,X-23,X,23,,2sp,MIU404,,,"이부키 아이,시마 카즈미",,로맨틱,,"만화,소설",,https://dongne.co/events/df2604/circles/162558,제33회 디. 페스타(토),Day1
우리가 사랑한...,이종,Q-17a,Q,17,a,1sp,"괴담출근,플레이브",핸드메이드제품 외,,,,,,,51874wwii,https://dongne.co/events/df2604/circles/163586,제33회 디. 페스타(토),Day1
물레네 이글루(표목이가 살고있어요),"물레, 표목",L-24,L,24,,2sp,괴수8호,너희들은 변호됐다,,,나루미 겐X호시나 소우시로,"로맨틱,섹슈얼",강민재X차주한,"소설,공예",molegudock,https://dongne.co/events/df2604/circles/162234,제33회 디. 페스타(토),Day1
디럭스 냥스티벌,risi,G-20,G,20,,2sp,수공예,,,,,,,"공예,일러스트",Andccount_oc,https://dongne.co/events/df2604/circles/163491,제33회 디. 페스타(토),Day1
빵척자 베이커리,쩌다,V-09b,V,09,b,1sp,붕괴:스타레일,,,"스텔레,파이논,아낙사,마이데이,단항,아글라이아,어벤츄린,개척자,카일루스,카프카",,,,게임,HQ_DDS2,https://dongne.co/events/df2604/circles/164503,제33회 디. 페스타(토),Day1
사랑의 만신창이,만신창이,E-01b,E,01,b,1sp,메달리스트,,,"아케우라지 츠카사,요다카 쥰",아케우라지 츠카사X요다카 쥰,"섹슈얼,로맨틱",,"소설,만화",manshinchang_2,https://dongne.co/events/df2604/circles/161910,제33회 디. 페스타(토),Day1
소소한 메이릴리,파린,"G-06, G-19",G,06,,4sp,수공예와 솜인형,,,,,,,공예,"sosohan611004, Ma_Li_garden",https://dongne.co/events/df2604/circles/161770,제33회 디. 페스타(토),Day1
어쩌다 괴출러들,이사,R-11a,R,11,a,1sp,괴담에 떨어져도 출근을 해야 하는구나,,,김솔음 외 등등,,,,"일러스트,기타,공예",hihi_ingasila,https://dongne.co/events/df2604/circles/163778,제33회 디. 페스타(토),Day1
이세계 괴담라라,포링,P-05b,P,05,b,1sp,괴담에 떨어져도 출근을 해야 하는구나,"이세계 착각헌터,IB,세포신곡",,"김솔음,브라운,최요원,레밍,김기려",,,,"만화,일러스트",poring808,https://dongne.co/events/df2604/circles/162075,제33회 디. 페스타(토),Day1
해외산 부대찌개,Cooga,D-20a,D,20,a,1sp,키타로 탄생 : 게게게의 수수께끼,"제5인격,닌타마",,"미즈키,키타로의 아버지,키타로",,로맨틱,,"만화,일러스트,기타",Cooga_01,https://dongne.co/events/df2604/circles/162043,제33회 디. 페스타(토),Day1
기억난 리도이의 단,낭독,B-06b,B,06,b,1sp,닌자보이 란타로,,"닌타마 쁘띠존 : 인술학원 혜성제 ""입학시험의 단!""",,,"로맨틱,섹슈얼",,,nang_dog,https://dongne.co/events/df2604/circles/164226,제33회 디. 페스타(토),Day1
라이벌 파트너의 맛,솔,F-21b,F,21,b,1sp,블루록,,나기이사 쁘띠존,,,"로맨틱,해당없음",,일러스트,bidamsora,https://dongne.co/events/df2604/circles/162397,제33회 디. 페스타(토),Day1
뭐라도 내겠다는 마음,시니그린,L-19a,L,19,a,1sp,모브사이코100,,,,카게야마시게오X레이겐아라타카,,,만화,sinigrin_sosite,https://dongne.co/events/df2604/circles/163184,제33회 디. 페스타(토),Day1
영웅과 회사원과 헌터,뽈,Q-09,Q,09,,2sp,괴담에 떨어져도 출근을 해야 하는구나,"약한 영웅,역전재판,흡혈귀는 툭하면 죽는다",,,,,,일러스트,kimbbollmin,https://dongne.co/events/df2604/circles/164055,제33회 디. 페스타(토),Day1
출근이 계속되는 괴담,슈리,O-08,O,08,,2sp,괴담출근,,,,,,,,,https://dongne.co/events/df2604/circles/162372,제33회 디. 페스타(토),Day1
나가노 도원결의 추진 위원회,"고도, 연화, 재준",K-11,K,11,,2sp,명탐정 코난,,,"야마토 칸스케,우에하라 유이,모로후시 타카아키",,,,,"kakt4wo, YH_DTC, zzae00",https://dongne.co/events/df2604/circles/164107,제33회 디. 페스타(토),Day1
백일몽 주식회사 춘계 워크샵,9999,N-09,N,09,,2sp,괴담에 떨어져도 출근을 해야 하는구나,괴담출근,,,,,,,,https://dongne.co/events/df2604/circles/161939,제33회 디. 페스타(토),Day1
눈달린 교통수단 연구회,세르케,Z-20b,Z,20,b,1sp,트랜스포머,"카(픽사),또봇",트랜스포머 쁘띠존,,스카이파이어X스타스크림,로맨틱,,소설,seruke333,https://dongne.co/events/df2604/circles/163280,제33회 디. 페스타(토),Day1
아마도 정상영업 하는듯,사환,Y-09,Y,09,,2sp,"화산귀환,광마회귀",진혼기,,,,,,일러스트,4hwan_,https://dongne.co/events/df2604/circles/163297,제33회 디. 페스타(토),Day1
괴담에 떨어져도 덕질을 해야 하는구나,오이리,N-16a,N,16,a,1sp,괴담에 떨어져도 출근을 해야 하는구나,,,"최요원,김솔음",,"섹슈얼,로맨틱",,"소설,일러스트",Oiri_0706,https://dongne.co/events/df2604/circles/161847,제33회 디. 페스타(토),Day1
마감이 임박해도 행사는 나와야 하는구나,단히,N-16b,N,16,b,1sp,괴담출근,화산귀환,,솔음,,,,,Danhi_15,https://dongne.co/events/df2604/circles/162490,제33회 디. 페스타(토),Day1
설산에 떨어져도 범인은 잡아야 하는구나,"나조, 공명정대",K-17,K,17,,2sp,명탐정 코난,,,"모로후시 타카아키,야마토 칸스케,우에하라 유이,모로후시 히로미츠",,,,"일러스트,만화,소설","NAJ0_DCOF, takakm486",https://dongne.co/events/df2604/circles/162604,제33회 디. 페스타(토),Day1
앞날이 깜감한데 이것도 괴담인가요,꽥,P-08a,P,08,a,1sp,괴담에 떨어져도 출근을 해야 하는구나,젤다의 전설,,"솔음,브라운,이자헌",,,,,kkwaek_duck,https://dongne.co/events/df2604/circles/162005,제33회 디. 페스타(토),Day1
오늘도 정상영업 합니다!,소금소금 ,K-15a,K,15,a,1sp,명탐정 코난,,,"아무로 토오루,후루야 레이,에노모토 아즈사",아무로 토오루X에노모토 아즈사,로맨틱,,일러스트,,https://dongne.co/events/df2604/circles/163389,제33회 디. 페스타(토),Day1
괴출을 다시하게 되는구나,효기,O-18,O,18,,2sp,괴담출근,,,,,,,소설,KKHHYO,https://dongne.co/events/df2604/circles/163805,제33회 디. 페스타(토),Day1
최애왼 고정충의 피땀눈물,호끼,P-09,P,09,,2sp,괴담에 떨어져도 출근을 해야 하는구나,,,"이자헌,최요원,류재관",최요원X류재관,"로맨틱,섹슈얼",이자헌른,"기타,일러스트,소설",H_okki,https://dongne.co/events/df2604/circles/163448,제33회 디. 페스타(토),Day1
괴담에 출근해도 문스독을 뛰어야 하는구나,시프림,P-23a,P,23,a,1sp,괴담출근,문스독,,"김솔음+a (현무1팀&D조 등) / 다자이 오사무,나카하라 츄야 (쌍흑)",나카하라 츄야X다자이 오사무,해당없음,,일러스트,nanta_CREAM,https://dongne.co/events/df2604/circles/162988,제33회 디. 페스타(토),Day1
여름의 바닷가와 해파리소녀,차소금,H-18,H,18,,2sp,해파리소녀,괴담출근,,,,,,"일러스트,공예,조형,기타",cup_of_salty,https://dongne.co/events/df2604/circles/162759,제33회 디. 페스타(토),Day1
무엇이 나올까요? ,투투,Y-20b,Y,20,b,1sp,울트라맨,트랜스포머,,"제로,지드",,,사웨로디,만화,,https://dongne.co/events/df2604/circles/161535,제33회 디. 페스타(토),Day1
깜고와 파랑돌고래,BB,X-14a,X,14,a,1sp,플레이브,,,,,,,,,https://dongne.co/events/df2604/circles/161774,제33회 디. 페스타(토),Day1
사랑의 패자부활전,새인생,X-14b,X,14,b,1sp,가비지타임,,,"성준수,기상호",성준수X기상호,로맨틱,,소설,BLue_310631,https://dongne.co/events/df2604/circles/163351,제33회 디. 페스타(토),Day1
유기농 괴담미식회,경력사원,O-22,O,22,,2sp,괴담에 떨어져도 출근을 해야 하는구나,,,"김솔음,최요원,류재관,이자헌,박민성,은하제,백사헌,고영은,이성해",,,,"일러스트,소설",organicindanger,https://dongne.co/events/df2604/circles/162149,제33회 디. 페스타(토),Day1
이사기 새싹지킴이,밐미,E-06,E,06,,2sp,블루록,,,이사기 요이치,,해당없음,이사른,,alzalz025,https://dongne.co/events/df2604/circles/162432,제33회 디. 페스타(토),Day1
모자란 지옥캠프의 단,눅눅한초코칩,A-23a,A,23,a,1sp,닌자보이 란타로,,"닌타마 쁘띠존 : 인술학원 혜성제 ""입학시험의 단!""",,,,,,,https://dongne.co/events/df2604/circles/162118,제33회 디. 페스타(토),Day1
진료가 불친절하고 의사양반이 맛있어요,Pinkish,Z-05,Z,05,,2sp,트랜스포머 시리즈,,트랜스포머 쁘띠존,라쳇,휠잭X라쳇,"로맨틱,섹슈얼",제트파이어x스타스크림,"만화,소설,공예,일러스트",In_colouragain,https://dongne.co/events/df2604/circles/163756,제33회 디. 페스타(토),Day1
예산이 부족합니다..!!!,체리,B-19,B,19,,2sp,버튜버 애덕 닌타마 란타로,,"닌타마 쁘띠존 : 인술학원 혜성제 ""입학시험의 단!""",,,로맨틱,닌자 커플링 다수 ,"만화,일러스트","Cherry_DOESS, Cherry_AOT, RAMGI_CHU",https://dongne.co/events/df2604/circles/163570,제33회 디. 페스타(토),Day1
어둠의 녹색어머니회,미스틱,R-15a,R,15,a,1sp,괴담에 떨어져도 출근을 해야하는구나,슬램덩크,,올캐릭터,최요원X김솔음,해당없음,,"만화,일러스트",mystic_lock,https://dongne.co/events/df2604/circles/163052,제33회 디. 페스타(토),Day1
형제가 사랑한다는데 문제가 될까요 ,우레,C-02,C,02,,2sp,나루토,우마무스메,,"우치하 이타치,우치하 사스케",,로맨틱,,"만화,일러스트",i_want_plz__,https://dongne.co/events/df2604/circles/163725,제33회 디. 페스타(토),Day1
만국의 쓰젯러들이여 단결하라,코그가 꿰인 사람,Z-02,Z,02,,2sp,트랜스포머,,트랜스포머 쁘띠존,"스타스크림,스카이파이어(제트파이어)",스타스크림X스카이파이어(제트파이어),로맨틱,,만화,opmegone,https://dongne.co/events/df2604/circles/163933,제33회 디. 페스타(토),Day1
두부가 맹물맛이라고? 그럼 님 수액맞을때 두부국물로 바꿔치기 해도 되죠?,강태현,B-11a,B,11,a,1sp,닌자보이 란타로,,"닌타마 쁘띠존 : 인술학원 혜성제 ""입학시험의 단!""","아야베,타케야,5학년,그외 기타 등등",,,,만화,koppprsk,https://dongne.co/events/df2604/circles/161775,제33회 디. 페스타(토),Day1
냐냐냥!!!,소다비,H-21a,H,21,a,1sp,,,,,,로맨틱,,,sodabubbly_,https://dongne.co/events/df2604/circles/162700,제33회 디. 페스타(토),Day1
"다같이""룸메이트""합시다 ",펙토,B-13a,B,13,a,1sp,닌타마,,"닌타마 쁘띠존 : 인술학원 혜성제 ""입학시험의 단!""",이사쿠,,로맨틱,,"소설,공예",pectolite_NT,https://dongne.co/events/df2604/circles/162863,제33회 디. 페스타(토),Day1
박기사&기박사,김유성,T-24,T,24,,2sp,가비지타임,"윈드브레이커,아이카츠",,기상호,,로맨틱,스오니레,"만화,기타",ilagseu195901,https://dongne.co/events/df2604/circles/163092,제33회 디. 페스타(토),Day1
■■의꿈,록록,R-11b,R,11,b,1sp,"괴담출근,데못죽,1차 오리지널",,,"김솔음 +A,1차 캐릭터",브라운X김솔음,"로맨틱,섹슈얼,해당없음",최솔 등 솔음른 위주,"소설,기타,만화,일러스트",Llok_Room,https://dongne.co/events/df2604/circles/161860,제33회 디. 페스타(토),Day1
가보자고,갸옹,S-18,S,18,,2sp,괴담출근,,,김솔음,최요원X김솔음,"로맨틱,섹슈얼",사헌솔음,"일러스트,만화",masitdaghost_77,https://dongne.co/events/df2604/circles/162332,제33회 디. 페스타(토),Day1
각자닌생,독다마,A-09,A,09,,2sp,닌타마 란타로,,"닌타마 쁘띠존 : 인술학원 혜성제 ""입학시험의 단!""","나나마츠 코헤이타,나카자이케 쵸지",,,"몬센, 진자잣",만화,,https://dongne.co/events/df2604/circles/163220,제33회 디. 페스타(토),Day1
간장게장,시스티나,T-05,T,05,,2sp,가비지타임,,,"성준수,기상호,최종수,박병찬",성준수X기상호,"로맨틱,섹슈얼","준상, 뱅상, 종상",소설,sistina_w,https://dongne.co/events/df2604/circles/161771,제33회 디. 페스타(토),Day1
걍진부스,걍진,W-20b,W,20,b,1sp,괴수8호,,,,,,,일러스트,jin1000ji3,https://dongne.co/events/df2604/circles/163592,제33회 디. 페스타(토),Day1
고게랜드,"오탑, 라라",F-18,F,18,,2sp,주술회전,,,"고죠 사토루,게토 스구루",고죠 사토루X게토 스구루,로맨틱,,"만화,일러스트","otav_572, goge_lara572",https://dongne.co/events/df2604/circles/162093,제33회 디. 페스타(토),Day1
고양이집,섬,F-14,F,14,,2sp,"윈드브레이커,도쿄리벤저스",,,,우메미야X사쿠라,로맨틱,토라후유,"만화,소설",0sum_w,https://dongne.co/events/df2604/circles/164242,제33회 디. 페스타(토),Day1
곰돌실업,곰돌실업 뜨개사업부,H-05b,H,05,b,1sp,,,,,,,,공예,GDSU_Crochet,https://dongne.co/events/df2604/circles/162426,제33회 디. 페스타(토),Day1
괴담냠냠,핌피,S-10,S,10,,2sp,괴담에 떨어져도 출근을 해야 하는구나,,,"김솔음,이자헌,백사헌,J3 (제이),장허운,브라운,최요원,류재관,호유원",최요원X김솔음,로맨틱,,"만화,일러스트",pimpibone,https://dongne.co/events/df2604/circles/162904,제33회 디. 페스타(토),Day1
괴담오븐,떡빵,S-12a,S,12,a,1sp,괴담에 떨어져도 출근을 해야 하는구나,,,,,로맨틱,,"일러스트,만화",Cropple__,https://dongne.co/events/df2604/circles/164277,제33회 디. 페스타(토),Day1
교룽만두,룽,Y-11,Y,11,,2sp,프로젝트 세카이,"명일방주,우마무스메",,"시노노메 아키토,아즈사와 코하네",시노노메 아키토X아즈사와 코하네,"로맨틱,섹슈얼","텍라플, 나카조던","만화,일러스트,기타",ro22ng,https://dongne.co/events/df2604/circles/161903,제33회 디. 페스타(토),Day1
국지재해,mocha,K-01,K,01,,2sp,트라이건,,,"울프우드,밧슈",,"로맨틱,섹슈얼",,"만화,소설",cmslash,https://dongne.co/events/df2604/circles/161521,제33회 디. 페스타(토),Day1
규자초삼,"규자, 초삼",U-18,U,18,,2sp,"Lkyt.,꿈의라이브프리즘스톤",,,,,,,만화,,https://dongne.co/events/df2604/circles/163275,제33회 디. 페스타(토),Day1
김치찌개,하현,T-04,T,04,,2sp,가비지타임,,,"성준수,기상호",성준수X기상호,로맨틱,,소설,hotclare0987,https://dongne.co/events/df2604/circles/162399,제33회 디. 페스타(토),Day1
깜식랜드,구모,T-20,T,20,,2sp,가비지타임,"나루토,발더스게이트3",,,,,,,gumoarchive,https://dongne.co/events/df2604/circles/162074,제33회 디. 페스타(토),Day1
꽃밭탑꾸,제이빈,I-22,I,22,,2sp,,,,,,,,공예,J_Bin1229,https://dongne.co/events/df2604/circles/164076,제33회 디. 페스타(토),Day1
꾸메드림,지벨,X-04b,X,04,b,1sp,DC코믹스 슈퍼선즈,,,존 켄트/데미안 웨인,존X데미안,,,,04070303,https://dongne.co/events/df2604/circles/161502,제33회 디. 페스타(토),Day1
내맘대로,메이,V-08,V,08,,2sp,파라독스라이브(파라라이),"보컬로이드,케이팝데몬헌터스,앙상블스타즈,아이돌리쉬세븐,캐릭캐릭체인지",,,,,,,Maii_050225,https://dongne.co/events/df2604/circles/162645,제33회 디. 페스타(토),Day1
냐냐먀켓,냐냐먀켓,E-08b,E,08,b,1sp,"은혼,에반게리온","진격의거인,체인소맨,나루토,하이큐,헌터x헌터,스파이패밀리,보컬로이드",,사카타 긴토키,,,,공예,mnyacat_7,https://dongne.co/events/df2604/circles/164051,제33회 디. 페스타(토),Day1
너있내따,"듀, 망쿠",S-11,S,11,,2sp,괴담출근,주술회전,,"최요원,김솔음,고죠 사토루,게토 스구루",최요원X김솔음,,고죠 사토루x게토 스구루,,"MP572d, mangtaku96",https://dongne.co/events/df2604/circles/162113,제33회 디. 페스타(토),Day1
네이비드,랙블로,J-02,J,02,,2sp,,,,,,,,,RACKBLOW_,https://dongne.co/events/df2604/circles/161784,제33회 디. 페스타(토),Day1
네코마마,레이카,"Q-06, Q-19",Q,06,,4sp,"데뷔 못 하면 죽는 병 걸림,데못죽,데뷔 못하면 죽는 병 걸림(데못죽)","괴담출근,괴담에 떨어져도 출근을 해야 하는구나,화산귀환",,"<데뷔 못 하면 죽는 병 걸림> 작 중 캐릭터,박문대른",,,"청우문대, 청려문대",,"rayca01, makisi17, sye51244kk, nekomoms",https://dongne.co/events/df2604/circles/161508,제33회 디. 페스타(토),Day1
뉴이생먕,이덕담,E-18,E,18,,2sp,오란고교,붕괴스타레일 / 엘소드 / 케이온 / 캐캐체 / 파판 / 할로우 나이트 / 실크송 / 럭키스타,,,,,,"일러스트,기타","LEESANGMYANG, leeduckdam, MingmyangOO, miyuum680",https://dongne.co/events/df2604/circles/163840,제33회 디. 페스타(토),Day1
대죽이네,1231,U-15b,U,15,b,1sp,오오에,,,타케시바,오오사키X타케시바,로맨틱,,,ddccddccddccdd,https://dongne.co/events/df2604/circles/163234,제33회 디. 페스타(토),Day1
댄싱래빗,댄싱래빗,G-01,G,01,,2sp,,,,,,,,공예,,https://dongne.co/events/df2604/circles/162201,제33회 디. 페스타(토),Day1
도자기집,포터리,E-13a,E,13,a,1sp,아이실드21,,,,,,,만화,gk_potteryhouse,https://dongne.co/events/df2604/circles/163784,제33회 디. 페스타(토),Day1
동글말랑,스모 모모,I-20a,I,20,a,1sp,오리지널,,,오리지널,,,,"공예,기타",mochikun_mo,https://dongne.co/events/df2604/circles/162416,제33회 디. 페스타(토),Day1
동인실직,스칼,X-09,X,09,,2sp,프로젝트 세카이 컬러풀 스테이지,,,"카미시로 루이,텐마 츠카사",,"로맨틱,섹슈얼",,"소설,만화",,https://dongne.co/events/df2604/circles/161629,제33회 디. 페스타(토),Day1
두부나라,교,C-15,C,15,,2sp,닌타마 란타로,,,,,,,,gyo12121,https://dongne.co/events/df2604/circles/163540,제33회 디. 페스타(토),Day1
뒹굴뒹굴,돕돕돕,Y-21,Y,21,,2sp,,,,,,,,,,https://dongne.co/events/df2604/circles/161577,제33회 디. 페스타(토),Day1
똘콩이네,쿼카,L-15,L,15,,2sp,붕괴 스타레일,이세계착각헌터,,,,,,일러스트,quokaisgood,https://dongne.co/events/df2604/circles/164301,제33회 디. 페스타(토),Day1
뚱뚱땅땅,뚱땅,C-21,C,21,,2sp,하이큐,,,카게야마 토비오,,,,일러스트,DD00NNGG,https://dongne.co/events/df2604/circles/162027,제33회 디. 페스타(토),Day1
런치메뉴,キチコ ,"H-08, H-09",H,08,,4sp,오리지널,"리버스 1999,파판14",,,,,,일러스트,Kichiko____,https://dongne.co/events/df2604/circles/162213,제33회 디. 페스타(토),Day1
마요공방,Roro,H-03,H,03,,2sp,뜨개인형,,,,,,,,,https://dongne.co/events/df2604/circles/162801,제33회 디. 페스타(토),Day1
먼지버섯,Kinoko,V-15b,V,15,b,1sp,우마무스메,,,"시리우스 심볼리,심볼리 루돌프",,,,"만화,게임","Umanokono, uuzzangohayo",https://dongne.co/events/df2604/circles/163918,제33회 디. 페스타(토),Day1
모몬가즈,모구토,R-14,R,14,,2sp,괴담에 떨어져도 출근을 해야 하는구나,"내가 키운 S급들,어두운 바다의 등불이 되어",,,,,현제유진 ,,,https://dongne.co/events/df2604/circles/161653,제33회 디. 페스타(토),Day1
몽글몽글,노갈,B-24,B,24,,2sp,닌타마란타로,,"닌타마 쁘띠존 : 인술학원 혜성제 ""입학시험의 단!""",,야마다 리키치X도이 한스케,,,"만화,일러스트",gak_0,https://dongne.co/events/df2604/circles/161826,제33회 디. 페스타(토),Day1
무해무해,무해무해,I-16b,I,16,b,1sp,아따맘마,"테일즈런너,스킵과 로퍼",,"이와쿠라 미츠미,오아리",,,,일러스트,muhae_muhae,https://dongne.co/events/df2604/circles/163006,제33회 디. 페스타(토),Day1
바리공방,yuri1501,I-05a,I,05,a,1sp,,,,,,,,,varibari_,https://dongne.co/events/df2604/circles/162836,제33회 디. 페스타(토),Day1
밤식빵집,밤식,"Q-01, Q-24",Q,01,,4sp,괴담출근,데못죽 사카모토데이즈,,,,,,,bambread_,https://dongne.co/events/df2604/circles/163170,제33회 디. 페스타(토),Day1
밥팅이들,부평초,P-03a,P,03,a,1sp,,"명탐정코난,던전밥,괴담출근,트위스테,프랑켄슈타인,니어 오토마타",,"9S,2B",9SX2B,,,일러스트,aaaabpcho,https://dongne.co/events/df2604/circles/164079,제33회 디. 페스타(토),Day1
베베또너,"아기,또너",Y-03,Y,03,,2sp,니지산지,"우마무스메,단간론파",,,,,,일러스트,"l3eel3eel3ee, popo2odod",https://dongne.co/events/df2604/circles/163354,제33회 디. 페스타(토),Day1
벨로이루,beloiro,I-04,I,04,,2sp,멸종위기동물 아트토이,,,멸종위기동물들,,,,"공예,조형",beloiro_bjd,https://dongne.co/events/df2604/circles/163372,제33회 디. 페스타(토),Day1
복작복작,moraegorae,K-08,K,08,,2sp,명탐정 코난,"나루토,혈계전선",,"타카기,사토,나가노조",타카기X사토,,"나카노조, 칸유, 카카이루","소설,공예",,https://dongne.co/events/df2604/circles/162028,제33회 디. 페스타(토),Day1
부대찌개,ㅅㅋㅇ,T-22,T,22,,2sp,가비지타임,"슬램덩크,파과",,진재유,성준수X진재유,로맨틱,"이규종수, 투우조각, 대협태웅",,,https://dongne.co/events/df2604/circles/163164,제33회 디. 페스타(토),Day1
비밀창고,NIK,U-24,U,24,,2sp,,,,,,,,,,https://dongne.co/events/df2604/circles/162151,제33회 디. 페스타(토),Day1
쁘띠뽀짝,뽀짝쿵야,P-02,P,02,,2sp,"괴담출근,케데헌,데못죽,오란고교,달빛천사","이착헌,하이큐,플레이브,전독시,내스급,코난,슬램덩크,쿠키런 킹덤,최애의 아이,스파이패밀리,뮤지컬 프랑켄슈타인,화산귀환",,,,,,,BBoJJaKKyu,https://dongne.co/events/df2604/circles/161769,제33회 디. 페스타(토),Day1
새몽제과, 이새,R-10,R,10,,2sp,괴담에 떨어져도 출근을 해야하는구나,1차창작,,,,,,일러스트,isaekki_,https://dongne.co/events/df2604/circles/162684,제33회 디. 페스타(토),Day1
세레파라,찰싹찰싹,D-06a,D,06,a,1sp,"100미터.,프리파라","어바등,아이카츠(아이엠스타),카츠파라",,히비키,히비키X파루루,해당없음,카이자이,만화,nyuruhuhuhu0,https://dongne.co/events/df2604/circles/163639,제33회 디. 페스타(토),Day1
소동퇴근,소동,S-07,S,07,,2sp,괴담출근,,,김솔음,,,,,ppang0_z,https://dongne.co/events/df2604/circles/163061,제33회 디. 페스타(토),Day1
슬기공방,aluaz03,I-03a,I,03,a,1sp,,,,,,,,,,https://dongne.co/events/df2604/circles/162082,제33회 디. 페스타(토),Day1
쏭쏭출근,쏭쏭,N-13,N,13,,2sp,괴담출근,,,,,,,,ssongmanga,https://dongne.co/events/df2604/circles/162795,제33회 디. 페스타(토),Day1
아웅아웅,사금,V-02,V,02,,2sp,,,,,,,,,,https://dongne.co/events/df2604/circles/161532,제33회 디. 페스타(토),Day1
아트박스,RIKI,W-09b,W,09,b,1sp,스타레일,,,,,,,,Riki_0v0,https://dongne.co/events/df2604/circles/162999,제33회 디. 페스타(토),Day1
양갱창고,pong,I-07,I,07,,2sp,창작,,,,,,,"만화,일러스트",p0ng90ng,https://dongne.co/events/df2604/circles/163621,제33회 디. 페스타(토),Day1
연성술사,연성술사,Q-08,Q,08,,2sp,괴담에 떨어져도 출근을 해야 하는구나,화산귀환 이세계착각헌터,,,,,,공예,alchemist_for,https://dongne.co/events/df2604/circles/162147,제33회 디. 페스타(토),Day1
영영위빙,영영위빙,I-02,I,02,,2sp,,,,,,,,공예,,https://dongne.co/events/df2604/circles/163175,제33회 디. 페스타(토),Day1
오리연못,솔개,G-13,G,13,,2sp,,,,,,,,,,https://dongne.co/events/df2604/circles/163646,제33회 디. 페스타(토),Day1
왜색전문,기띵이,A-03b,A,03,b,1sp,,,"닌타마 쁘띠존 : 인술학원 혜성제 ""입학시험의 단!""",,,,,"일러스트,만화,기타",bbakyu122,https://dongne.co/events/df2604/circles/164225,제33회 디. 페스타(토),Day1
우냐뿌냐,욧시,P-17,P,17,,2sp,괴담출근,데못죽,,,,,,,hamzzu12345,https://dongne.co/events/df2604/circles/161829,제33회 디. 페스타(토),Day1
우명으명,유냉,S-03b,S,03,b,1sp,어두운 바다의 등불이 되어,괴담에 떨어져도 출근을 해야하는구나,,,,,,,SextaXQuince,https://dongne.co/events/df2604/circles/163116,제33회 디. 페스타(토),Day1
울밧부스,"/,LOCS,수박",K-24,K,24,,2sp,트라이건,,,"울프우드,밧슈",,"로맨틱,섹슈얼",,,,https://dongne.co/events/df2604/circles/161937,제33회 디. 페스타(토),Day1
원엔투깡,"엔, 깡푸, 이깡",V-05,V,05,,2sp,페르소나 시리즈,메타포 리 판타지오,,"아다치 토오루,나루카미 유우,시오미 코토네(페르소나3 여주인공),아이기스,루이 귀아베른",,,"주아다, 햄기스","일러스트,만화,공예",chttan_,https://dongne.co/events/df2604/circles/163269,제33회 디. 페스타(토),Day1
은민상점,은민,L-06a,L,06,a,1sp,,,,,,,,일러스트,em913em,https://dongne.co/events/df2604/circles/162745,제33회 디. 페스타(토),Day1
이것저것,막창,Y-01b,Y,01,b,1sp,니지산지,블랙잭,,하나바타케 챠이카,야시로 키즈쿠X하나바타케 챠이카,"로맨틱,섹슈얼",,만화,fv19824,https://dongne.co/events/df2604/circles/163005,제33회 디. 페스타(토),Day1
이상기후,연일,B-08a,B,08,a,1sp,닌타마 란타로,,"닌타마 쁘띠존 : 인술학원 혜성제 ""입학시험의 단!""","케마 토메사부로,젠포우지 이사쿠",케마 토메사부로X젠포우지 이사쿠,로맨틱,,만화,o5v2r8,https://dongne.co/events/df2604/circles/163734,제33회 디. 페스타(토),Day1
일단신청,토기,C-05,C,05,,2sp,나루토,,,"나루토,사스케",나루토X사스케,로맨틱,,만화,togi_js,https://dongne.co/events/df2604/circles/162059,제33회 디. 페스타(토),Day1
작당모의,751,Y-02,Y,02,,2sp,은혼,"닌자보이 란타로,니지산지,할로우나이트",,,,,,일러스트,751ge,https://dongne.co/events/df2604/circles/163348,제33회 디. 페스타(토),Day1
잡상인들,펭페,U-05,U,05,,2sp,전용.,"페이트/그랜드 오더,히카루가 죽은 여름,도검난무",,"알바,로스",알바X로스,로맨틱,구다만,"만화,일러스트",ppe48305,https://dongne.co/events/df2604/circles/163455,제33회 디. 페스타(토),Day1
장롱면허,가짜이빨,Y-07,Y,07,,2sp,트랜스포머,,트랜스포머 쁘띠존,,,해당없음,,만화,H4Ego,https://dongne.co/events/df2604/circles/164138,제33회 디. 페스타(토),Day1
조선화백,온율,I-09,I,09,,2sp,다크소울,"오버워치,레인보우식스 시즈,다키스트 던전,워프레임,케이팝데몬헌터스",,,,해당없음,,,onewl_0,https://dongne.co/events/df2604/circles/163407,제33회 디. 페스타(토),Day1
철화목장,-,F-16a,F,16,a,1sp,건담,철혈의 오펀스,,미카즈키 아우구스,,,,만화,our_failure,https://dongne.co/events/df2604/circles/163567,제33회 디. 페스타(토),Day1
최솔글방,물망초,S-16,S,16,,2sp,괴담출근,,,"김솔음,최 요원",최 요원X김솔음,로맨틱,,소설,mardred0913,https://dongne.co/events/df2604/circles/162925,제33회 디. 페스타(토),Day1
츈스찌개,cns,L-16,L,16,,2sp,붕괴 스타레일,닌자보이 란타로(닌타마),,,젠포우지 이사쿠X케마 토메사부로,로맨틱,"쿠쿠치 헤이스케x타케야 하치자에몽, 타치바나 센조x아야베 키하치로",일러스트,,https://dongne.co/events/df2604/circles/162503,제33회 디. 페스타(토),Day1
코제니몬,모루마루,A-22b,A,22,b,1sp,,,"닌타마 쁘띠존 : 인술학원 혜성제 ""입학시험의 단!""",,,,,,,https://dongne.co/events/df2604/circles/162094,제33회 디. 페스타(토),Day1
타임아웃,ㅇ,T-02a,T,02,a,1sp,가비지타임,,,,,,,,,https://dongne.co/events/df2604/circles/161794,제33회 디. 페스타(토),Day1
토마토맛,kkang_19,W-01,W,01,,2sp,,,,,,,,,,https://dongne.co/events/df2604/circles/161985,제33회 디. 페스타(토),Day1
푸데푸데,"실종, 새아버지",M-07,M,07,,2sp,"죠죠의 기묘한 모험,소울이터","니지산지,나루토",,,,,,,fifty0eight,https://dongne.co/events/df2604/circles/162630,제33회 디. 페스타(토),Day1
하늘하늘,양쌈,J-21a,J,21,a,1sp,,,,,,,,일러스트,,https://dongne.co/events/df2604/circles/161472,제33회 디. 페스타(토),Day1
해저탐사,케이,S-05,S,05,,2sp,어두운바다의등불이되어,괴담에떨어져도출근을해야하는구나,,,신해량X박무현,"섹슈얼,로맨틱",,"소설,공예,조형",swagggkei,https://dongne.co/events/df2604/circles/163772,제33회 디. 페스타(토),Day1
홀리갓뎀,하우스대마,P-18,P,18,,2sp,괴담출근,,,김솔음,,,,,hello_dopamine,https://dongne.co/events/df2604/circles/163311,제33회 디. 페스타(토),Day1
환상뜨락,환상뜨락,I-24,I,24,,2sp,탑로더 탑꾸,키링,,,,,,공예,Dreamy_garden,https://dongne.co/events/df2604/circles/162408,제33회 디. 페스타(토),Day1
회전센시,죠공충,M-16,M,16,,2sp,죠죠의 기묘한 모험,,,죠니 죠스타 x 자이로 체펠리/ 죠셉 죠스타 시저 체펠리 (ncp),,"로맨틱,섹슈얼,해당없음",시죠세시,"만화,일러스트",OnyaJJ,https://dongne.co/events/df2604/circles/163178,제33회 디. 페스타(토),Day1
회지낼게,인외,M-06b,M,06,b,1sp,유희왕 듀얼 몬스터즈,,야미진 쁘띠존 < 강한 마음 x 다정한 마음 >,"야미 유우기,무토 유우기",아템X무토 유우기,,,만화,otakuinwae,https://dongne.co/events/df2604/circles/163749,제33회 디. 페스타(토),Day1
꿈팔아요~꿈!,길몽,G-07a,G,07,a,1sp,,,,,,,,"만화,일러스트",drawzr,https://dongne.co/events/df2604/circles/162083,제33회 디. 페스타(토),Day1
힌힌탑꾸 ,"몰리, 힌",H-20,H,20,,2sp,,,,,,,,"공예,기타",hindhind_craft,https://dongne.co/events/df2604/circles/163294,제33회 디. 페스타(토),Day1
어디가서 말 하기 힘든 취미활동을 하고 있어요 ,한오,I-13a,I,13,a,1sp,,,,,,,,만화,h_o00o00,https://dongne.co/events/df2604/circles/163966,제33회 디. 페스타(토),Day1
어떻게든 될 거야!,누구게,E-05a,E,05,a,1sp,썬더일레븐,,,"카제마루 이치로타,마츠카제 텐마,츠루기 쿄스케,키리노 란마루,카리야 마사키",츠루기 쿄스케X마츠카제 텐마,"로맨틱,섹슈얼",란마사,"만화,게임",hehe_nuguge,https://dongne.co/events/df2604/circles/162553,제33회 디. 페스타(토),Day1
루엘드의 부스,루엘드,O-21a,O,21,a,1sp,괴담에 떨어져도 출근을 해야 하는구나,"데뷔못하면 죽는 병 걸림,진혼기,어두운 바다의 등불이 되어",,,,,,,fndpfeb3014,https://dongne.co/events/df2604/circles/161624,제33회 디. 페스타(토),Day1
미나냥과 상애,미나냥,I-17,I,17,,2sp,,,,,,,,기타,MNN_NEKO,https://dongne.co/events/df2604/circles/163579,제33회 디. 페스타(토),Day1
미소녀가 좋아,미츠바,E-16b,E,16,b,1sp,캐릭캐릭체인지,슈가슈가룬 디지캐럿,,,,,,"만화,일러스트,영상",mcb_0303,https://dongne.co/events/df2604/circles/163785,제33회 디. 페스타(토),Day1
벼락치기 닌자,무로마치 카우보이,C-08a,C,08,a,1sp,닌타마,,"닌타마 쁘띠존 : 인술학원 혜성제 ""입학시험의 단!""",,,,,,,https://dongne.co/events/df2604/circles/163753,제33회 디. 페스타(토),Day1
비행기와 춤을,아륜,Y-20a,Y,20,a,1sp,트랜스포머,울트라맨,,스타스크림,스카이파이어X스타스크림,로맨틱,"재즈프라, 사웨로드, 레오 세븐",소설,directionfinde,https://dongne.co/events/df2604/circles/161580,제33회 디. 페스타(토),Day1
소파라는 감정,단지,K-23,K,23,,2sp,트라이건,,,,니콜라스 D. 울프우드X밧슈 더 스탬피드,"로맨틱,섹슈얼",,,Danji_tri,https://dongne.co/events/df2604/circles/163285,제33회 디. 페스타(토),Day1
얼렁뚱땅 부스,뚭,E-14,E,14,,2sp,사카모토데이즈,,,"세바 나츠키,아사쿠라 신",세바 나츠키X아사쿠라 신,로맨틱,,만화,SKMTO3O,https://dongne.co/events/df2604/circles/161505,제33회 디. 페스타(토),Day1
코우시노 강도,시트론,X-19a,X,19,a,1sp,코우노도리,,,"코우노토리 사쿠라,시노미야 하루키",코우노토리 사쿠라X시노미야 하루키,로맨틱,,만화,kitriny404,https://dongne.co/events/df2604/circles/163823,제33회 디. 페스타(토),Day1
쯔꾸르에 인생 판 충사,아숭김,W-06,W,06,,2sp,"위치즈하트,충사,쯔꾸르RPG,안개비가내리는숲",,,,,,,"만화,게임",asung_rpg,https://dongne.co/events/df2604/circles/163244,제33회 디. 페스타(토),Day1
고양이도 먹을 수 있는 토마토레시피,k,F-13,F,13,,2sp,"윈드브레이커,에일리언 스테이지",,,,우메미야X사쿠라,,이반틸,"만화,일러스트,소설",,https://dongne.co/events/df2604/circles/162343,제33회 디. 페스타(토),Day1
무언가의 반죽 상태,금식,D-03b,D,03,b,1sp,아이실드21,술탄의게임,,,가오우X마르코,해당없음,,만화,go_d_eater,https://dongne.co/events/df2604/circles/161934,제33회 디. 페스타(토),Day1
착헌민국 복합 문화 공간,착스패치,R-02a,R,02,a,1sp,이세계 착각 헌터,,,,,,,,chakSpatch,https://dongne.co/events/df2604/circles/163899,제33회 디. 페스타(토),Day1
이사쿠가 하는 부스 간다만다,아리,A-15b,A,15,b,1sp,닌타마 란타로,,"닌타마 쁘띠존 : 인술학원 혜성제 ""입학시험의 단!""","케마 토메사부로,젠포우지 이사쿠,이마후쿠 히코시로,쿠로키 쇼자에몽,나나마츠 코헤이타,나카자이케 쵸지,하급생",케마 토메사부로X젠포우지 이사쿠,로맨틱,"히코쇼히코, 코헤쵸, 6로, 하치라이",기타,_Ari_nin_,https://dongne.co/events/df2604/circles/162708,제33회 디. 페스타(토),Day1
솔음이랑 같이 떠나요,해아,P-03b,P,03,b,1sp,괴담출근,,,,,,,,lllbadgelll,https://dongne.co/events/df2604/circles/162922,제33회 디. 페스타(토),Day1
무로마치 교권 하락의 현장,안경,B-04,B,04,,2sp,"닌타마,닌자보이 란타로",,"닌타마 쁘띠존 : 인술학원 혜성제 ""입학시험의 단!""","야마다 리키치,도이 한스케,케마 토메사부로,젠포우지 이사쿠",야마다 리키치X도이 한스케,로맨틱,케마 토메사부로x젠포우지 이사쿠,만화,"igyeong81, weqwee13",https://dongne.co/events/df2604/circles/163648,제33회 디. 페스타(토),Day1
센티넬이 먼저 제타가 되고 싶다고 했다,트럭기사,Z-21b,Z,21,b,1sp,트랜스포머 ONE,,트랜스포머 쁘띠존,"제타 프라임,센티넬 프라임",제타 프라임X센티넬 프라임,"로맨틱,섹슈얼",,"만화,일러스트",heistruck,https://dongne.co/events/df2604/circles/163755,제33회 디. 페스타(토),Day1
해저기지 뜨개 원데이 클래스,경태,S-02b,S,02,b,1sp,어두운 바다의 등불이 되어,,,,,,,,holololo81801,https://dongne.co/events/df2604/circles/163104,제33회 디. 페스타(토),Day1
삼각형은 가장 완벽한 도형이고 이는 삼간부가 증명한다 ,엘드,Z-06,Z,06,,2sp,트랜스포머,,트랜스포머 쁘띠존,"스타스크림,사운드웨이브,쇼크웨이브",,로맨틱,,"소설,일러스트,만화",eldtree,https://dongne.co/events/df2604/circles/163463,제33회 디. 페스타(토),Day1
국가공인 헌터 연어마켓,"서핑,판사",P-21,P,21,,2sp,괴담출근,"이착헌,데못죽",,,,,,,,https://dongne.co/events/df2604/circles/162360,제33회 디. 페스타(토),Day1
가벼우면 위로 무거우면 아래로,청연,L-10,L,10,,2sp,"원피스,포켓몬스터",,,상디 조로 카지 시유,상디X조로,"로맨틱,섹슈얼",카지x시유,"만화,일러스트,소설",cheongyeon_op,https://dongne.co/events/df2604/circles/164135,제33회 디. 페스타(토),Day1
이번에도 잔뜩 가져왔습니다!,이부,C-04,C,04,,2sp,나루토,은혼,,"나루토,사스케,이타치,긴토키,신스케",,,,기타,_2BOOOO_,https://dongne.co/events/df2604/circles/163495,제33회 디. 페스타(토),Day1
괴담보다 담걸림,뭉구,N-15,N,15,,2sp,괴담에 떨어져도 출근을 해야 하는구나,,,"김솔음,최요원,류재관",,,,,moongguyam,https://dongne.co/events/df2604/circles/163594,제33회 디. 페스타(토),Day1
괴담보이 키타로,시티갸오엠엠뽤,P-01,P,01,,2sp,괴담출근,"게게게의키타로,닌자보이란타로",,,,,,일러스트,goowow_59,https://dongne.co/events/df2604/circles/162091,제33회 디. 페스타(토),Day1
눈내리는 할로윈,생활연구소,J-13,J,13,,2sp,명탐정 코난,,,모로후시 히로미츠 모로후시 타카아키,모로후시 히로미츠X모로후시 타카아키,로맨틱,시라코바 다카사,만화,da_life_conan,https://dongne.co/events/df2604/circles/162423,제33회 디. 페스타(토),Day1
데한민국 외계인,나기,O-14,O,14,,2sp,괴담출근,,,,,,,,,https://dongne.co/events/df2604/circles/162381,제33회 디. 페스타(토),Day1
도라지와 뚜벅쵸,도라지,D-07b,D,07,b,1sp,포켓몬,피크민,,,,,,,frogjem,https://dongne.co/events/df2604/circles/163658,제33회 디. 페스타(토),Day1
도마뱀의 보물함,해룡,I-21,I,21,,2sp,,,,,,,,"공예,만화",tlzn01,https://dongne.co/events/df2604/circles/161561,제33회 디. 페스타(토),Day1
두철이와 어쩔이,어쩔헌터,D-15,D,15,,2sp,헌터x헌터,"사이키쿠스오,던전밥,나의히어로아카데미아",,,,,,기타,"sowhat_hunter, ducheori",https://dongne.co/events/df2604/circles/164121,제33회 디. 페스타(토),Day1
랑하우스 솜옷장,랑하,H-21b,H,21,b,1sp,솜인형 옷,,,,,,,,__rang_house,https://dongne.co/events/df2604/circles/161992,제33회 디. 페스타(토),Day1
밥심으로 운영중,tjsdn653,U-19,U,19,,2sp,"페이트,괴담출근,페스페",,,,,로맨틱,리처아야,,,https://dongne.co/events/df2604/circles/163627,제33회 디. 페스타(토),Day1
비인도적 동력원,"ZAO,새우맛살",H-17,H,17,,2sp,,,,,,,,일러스트,,https://dongne.co/events/df2604/circles/161872,제33회 디. 페스타(토),Day1
사이쿄대 문예부,사라사,"D-04, D-05",D,04,,4sp,아이실드21,,,히루마 요이치,,"로맨틱,섹슈얼","무사히루, 모브히루",만화,salasa075,https://dongne.co/events/df2604/circles/161556,제33회 디. 페스타(토),Day1
야오이의 남자들,비탄,U-17a,U,17,a,1sp,고서점가의 하시히메,"우우울트라C,오오에,LKYT,페르소나5",,,,,,"만화,소설",bbt048,https://dongne.co/events/df2604/circles/164170,제33회 디. 페스타(토),Day1
오랑캐와 매국노,PT,W-09a,W,09,a,1sp,원신,닌타마,,,,,,,"misutgaru1, otatop99",https://dongne.co/events/df2604/circles/163653,제33회 디. 페스타(토),Day1
이것저것 잡화점,수고,G-16,G,16,,2sp,오리지널창작,,,,,,,"일러스트,소설",slrv1111,https://dongne.co/events/df2604/circles/164043,제33회 디. 페스타(토),Day1
이규후의 보석함,기리쉬 케이크 3호,U-02,U,02,,2sp,가비지타임,,,"이현성,박병찬",,,,일러스트,grm848,https://dongne.co/events/df2604/circles/163996,제33회 디. 페스타(토),Day1
장마철엔 진보초,고장난라디오,V-06a,V,06,a,1sp,고서점가의 하시히메,,,,,,,,_e7a59e,https://dongne.co/events/df2604/circles/163289,제33회 디. 페스타(토),Day1
착한친구 보타이,이빨,O-09a,O,09,a,1sp,괴담에 떨어져도 출근을 해야 하는 구나,,,곽제강,J3X곽제강,로맨틱,솔블(솔음X브라운,"기타,만화",,https://dongne.co/events/df2604/circles/162735,제33회 디. 페스타(토),Day1
카리스마 표류기,지돼,X-13a,X,13,a,1sp,카리스마 하우스,,,"아마히코,테라,이오리,오오세,리카이,사루,후미야",리카이X사루카와,로맨틱,,"만화,일러스트",charismatic_pig,https://dongne.co/events/df2604/circles/162737,제33회 디. 페스타(토),Day1
어떻게든 되겠지~,matchru,S-04,S,04,,2sp,가비지타임,어두운 바다의 등불이 되어,,,전영중X성준수,"로맨틱,로맨틱,섹슈얼",지혁지현,만화,matcLOH,https://dongne.co/events/df2604/circles/162187,제33회 디. 페스타(토),Day1
"인술학원 혜성제 ""입학시험의 단!""",인술학원,A-02,A,02,,2sp,닌자보이 란타로,,"닌타마 쁘띠존 : 인술학원 혜성제 ""입학시험의 단!""",,,,,일러스트,hyeseongje2604,https://dongne.co/events/df2604/circles/162157,제33회 디. 페스타(토),Day1
사회자님 저예요 저,Cent,R-08b,R,08,b,1sp,괴담출근,,,,,,,,cent_mz,https://dongne.co/events/df2604/circles/162150,제33회 디. 페스타(토),Day1
경찰차는 사랑을 싣고,릿하,Z-10a,Z,10,a,1sp,트랜스포머,,트랜스포머 쁘띠존,"프라울,재즈",,,,만화,180x178,https://dongne.co/events/df2604/circles/161642,제33회 디. 페스타(토),Day1
농구공을 튀기는 닌자,명수,C-16,C,16,,2sp,닌타마,가비지타임,,,,,,"만화,일러스트",SkIvtt9zP8Fyyu2,https://dongne.co/events/df2604/circles/162761,제33회 디. 페스타(토),Day1
지옥에서 올라온 과학 축구,센먹,K-05a,K,05,a,1sp,해즈빈 호텔,"닥터스톤,블루록",,알래스터,복스X알래스터,로맨틱,센츠카,만화,sentsukamugum,https://dongne.co/events/df2604/circles/163433,제33회 디. 페스타(토),Day1
제정신인 사람은 글을 쓰지 않습니다,아수라장,I-16a,I,16,a,1sp,,,,,,,,소설,,https://dongne.co/events/df2604/circles/161538,제33회 디. 페스타(토),Day1
귀여워도 출근을 해야 하는구나,용사,R-12,R,12,,2sp,괴담출근,,,,,,,일러스트,04_0IV,https://dongne.co/events/df2604/circles/162466,제33회 디. 페스타(토),Day1
모에해도 출근을 해야 하는구나《모에출근》,키키,R-18a,R,18,a,1sp,괴담출근,,,,,,,,qpqi_163,https://dongne.co/events/df2604/circles/162906,제33회 디. 페스타(토),Day1
수상하고 귀여운 가판대,보리차호르몽,I-10,I,10,,2sp,,,이빨요정,,,,,"만화,일러스트",,https://dongne.co/events/df2604/circles/161963,제33회 디. 페스타(토),Day1
아무래도 기계가 최고인 편,은파,Z-10b,Z,10,b,1sp,트랜스포머,,트랜스포머 쁘띠존,메가트론 & 옵티머스 프라임,,,,"소설,기타",eunpaa__,https://dongne.co/events/df2604/circles/162955,제33회 디. 페스타(토),Day1
시끌벅적 동인지 대소동!,으으,B-16a,B,16,a,1sp,닌자보이 란타로,,"닌타마 쁘띠존 : 인술학원 혜성제 ""입학시험의 단!""","후와 라이조,하치야 사부로,야마다 리키치,도이 한스케,아야베 키하치로,타이라노 타키야샤마루",하치야 사부로X후와 라이조,로맨틱,"야마다 리키치x도이 한스케, 아야베 키하치로x타이라노 타키야샤마루","만화,일러스트",iamaO_O_,https://dongne.co/events/df2604/circles/164291,제33회 디. 페스타(토),Day1
나가노는 강원도다,"salmon, TAMANG",K-10,K,10,,2sp,명탐정 코난,,,"야마토 칸스케,우에하라 유이,모로후시 타카아키",야마토 칸스케X우에하라 유이,로맨틱,"후루카자, 하기마츠, 히로레이",소설,"periodic_salmom, tamang_FRKZ",https://dongne.co/events/df2604/circles/162393,제33회 디. 페스타(토),Day1
다칸마리 떡백마리,"9, 미밍",M-09,M,09,,2sp,귀멸의 칼날,게나조,,,,,,,,https://dongne.co/events/df2604/circles/161755,제33회 디. 페스타(토),Day1
동방사단 구멍가게,"가령, 익명, 영원",L-02,L,02,,2sp,괴수8호,,,"호시나 소우시로,나루미 겐",호시나 소우시로X나루미 겐,로맨틱,,"공예,일러스트","garueong, sweven8go",https://dongne.co/events/df2604/circles/164032,제33회 디. 페스타(토),Day1
똥차성녀 네버다이,요리왕위룡,V-09a,V,09,a,1sp,명일방주,붕괴: 스타레일,,,오오토리 쿄우야X후지오카 하루히,로맨틱,,만화,Sbornmaker,https://dongne.co/events/df2604/circles/164057,제33회 디. 페스타(토),Day1
비오는날 전기공사,JYJ,V-10,V,10,,2sp,명일방주 엔드필드,"파이널판타지14 / 나소흑전기 / 괴담출근,화산귀환 및 기타 웹소설. 중국 BL",,"소흑,무한",화성X사련,로맨틱,"도위소병, 화성사련, FF14 NPC드림",일러스트,,https://dongne.co/events/df2604/circles/163312,제33회 디. 페스타(토),Day1
슬기로운 부스생활,댐,U-21,U,21,,2sp,제5인격,단간론파,,,,,,일러스트,,https://dongne.co/events/df2604/circles/163250,제33회 디. 페스타(토),Day1
쏘아올린 새우튀김,Lusy,T-15,T,15,,2sp,"Nu 카니발,누카니발",,,,,,,,Lusy_nu,https://dongne.co/events/df2604/circles/162224,제33회 디. 페스타(토),Day1
엄마아빠 사랑해요,식혜,L-14a,L,14,a,1sp,블리치,,,,,,,,,https://dongne.co/events/df2604/circles/163878,제33회 디. 페스타(토),Day1
천사닌자 앙마닌자,앙마,A-11,A,11,,2sp,닌자보이 란타로,"죠죠의 기묘한 모험,헌터X헌터,마법사의 약속","닌타마 쁘띠존 : 인술학원 혜성제 ""입학시험의 단!""",6학년x5학년x4학년,,,,,ybbaddy,https://dongne.co/events/df2604/circles/162222,제33회 디. 페스타(토),Day1
코난파고 팔자피자,"100, 악음, 차돌짬뽕보이",K-14,K,14,,2sp,명탐정 코난,체인소맨,,"모로후시 타카아키,후루야 레이,모로후시 히로미츠",,,,"소설,만화",skittcn,https://dongne.co/events/df2604/circles/162552,제33회 디. 페스타(토),Day1
회전사제 앤솔로지 : 회전교습비망록,결정,M-17,M,17,,2sp,죠죠의 기묘한 모험,,,,"자이로 체펠리,죠니 죠스타X자이로 체펠리",,,"만화,일러스트,소설",Roundand_round_,https://dongne.co/events/df2604/circles/161856,제33회 디. 페스타(토),Day1
어떻게든 닌자하고 싶은 밤티닌자들의 단,끗꾸,B-10,B,10,,2sp,"닌타마 란타로,닌자보이 란타로,닌타마",,"닌타마 쁘띠존 : 인술학원 혜성제 ""입학시험의 단!""",,,,,"만화,일러스트,기타",kkuku___,https://dongne.co/events/df2604/circles/164183,제33회 디. 페스타(토),Day1
코미야군 대부분의 회지는 부스입장을 하면 해결돼,얌에,C-20,C,20,,2sp,"100m(백미터),100m(햐쿠엠)",,,,,로맨틱,,"일러스트,소설",OOchanmiteru_,https://dongne.co/events/df2604/circles/161836,제33회 디. 페스타(토),Day1
테이머즈 판권기원 정권지르기,"이요르, 유디",C-24,C,24,,2sp,디지몬,,,,,,,,,https://dongne.co/events/df2604/circles/163156,제33회 디. 페스타(토),Day1
고양이를 오른쪽으로,치이즈,S-13b,S,13,b,1sp,괴담에 떨어져도 출근을 해야하는구나,,,"최요원,김솔음",최요원X김솔음,"로맨틱,섹슈얼",,소설,pllilive,https://dongne.co/events/df2604/circles/164272,제33회 디. 페스타(토),Day1
금속모기 생태연구소,J.J,Z-01,Z,01,,2sp,트랜스포머,,트랜스포머 쁘띠존,,,,,"만화,일러스트,소설,기타",J_Jpaw,https://dongne.co/events/df2604/circles/164175,제33회 디. 페스타(토),Day1
기려하성 부흥위원회,현,R-02b,R,02,b,1sp,이세계 착각 헌터,,,"김기려,정하성",김기려X정하성,"로맨틱,섹슈얼",,소설,hyun_2d,https://dongne.co/events/df2604/circles/162417,제33회 디. 페스타(토),Day1
말랑말랑 스프레이빔,뱀하인,Z-24a,Z,24,a,1sp,트랜스포머,,트랜스포머 쁘띠존,,,,,공예,elasious,https://dongne.co/events/df2604/circles/164176,제33회 디. 페스타(토),Day1
아이아콘 동화명작선,장래희망은가오리,Y-18b,Y,18,b,1sp,트랜스포머,,트랜스포머 쁘띠존,"옵티머스,범블비,재즈,엘리타",,로맨틱,,소설,mydreamismanta,https://dongne.co/events/df2604/circles/163258,제33회 디. 페스타(토),Day1
첫회지도 한걸음부터,리아닌,S-21a,S,21,a,1sp,마도조사,환유차등호사,,"위무선,남망기",,로맨틱,,"만화,소설",AninSigsi,https://dongne.co/events/df2604/circles/163425,제33회 디. 페스타(토),Day1
해저기지 초특가세일 괴담,Wchnk,Q-17b,Q,17,b,1sp,괴담에 떨어져도 출근을 해야 하는구나(괴담출근/괴출),어두운 바다의 등불이 되어(어바등),,,,로맨틱,,"소설,공예",pupurdii,https://dongne.co/events/df2604/circles/164084,제33회 디. 페스타(토),Day1
체펠리의 몬스터볼에 경의를 표해라,이삼,M-13,M,13,,2sp,죠죠의 기묘한 모험,포켓몬,,,자이로 체펠리X죠니 죠스타,,"엔투희, 공준카라, 호브우리","만화,일러스트","1_22sssam, 250308u",https://dongne.co/events/df2604/circles/163613,제33회 디. 페스타(토),Day1
나가노발 카나가와행 완행열차,"5호점, 텐시",K-07b,K,07,b,1sp,명탐정 코난,,,,후루야 레이X모로후시 히로미츠,로맨틱,하기마츠,"만화,일러스트","riverflowsin_, SR305E",https://dongne.co/events/df2604/circles/162079,제33회 디. 페스타(토),Day1
해저기지 좋아하세요? 전 좋아하는데,닷,S-03a,S,03,a,1sp,어두운 바다의 등불이 되어,,,,신해량X박무현,로맨틱,,소설,,https://dongne.co/events/df2604/circles/163392,제33회 디. 페스타(토),Day1
발키리도 모르는것들이 예술을 아냐,나우,L-17b,L,17,b,1sp,앙상블스타즈,,,,슈X미카,해당없음,,"일러스트,만화",nowcksr,https://dongne.co/events/df2604/circles/163428,제33회 디. 페스타(토),Day1
아이아콘 서부공영차고지,버스,Z-15,Z,15,,2sp,트랜스포머,,트랜스포머 쁘띠존,"메가트론,옵티머스 프라임,D-16,오라이온 팩스",메가트론X옵티머스 프라임,"로맨틱,섹슈얼",디오라,만화,gemma_allmighty,https://dongne.co/events/df2604/circles/161862,제33회 디. 페스타(토),Day1
합동인술: 무한 껴안기술,"은채, 개무",B-03,B,03,,2sp,닌자보이 란타로,,"닌타마 쁘띠존 : 인술학원 혜성제 ""입학시험의 단!""","야마다 리키치,도이 한스케",야마다 리키치X도이 한스케,로맨틱,센몬,만화,umchichu,https://dongne.co/events/df2604/circles/164284,제33회 디. 페스타(토),Day1
아무거나!,망녕,J-04,J,04,,2sp,,,,,,,,일러스트,Boo_my_00,https://dongne.co/events/df2604/circles/162826,제33회 디. 페스타(토),Day1
김훙떠닝! 저의 김훙떠닝!,사마,R-06,R,06,,2sp,이세계 착각 헌터,,,,정하성X김기려,"로맨틱,섹슈얼",창호기려,만화,sm5927602,https://dongne.co/events/df2604/circles/161571,제33회 디. 페스타(토),Day1
하롱살롱/겨울의꿈,하롱살롱,"G-22, G-23",G,22,,4sp,,,,,,,,공예,,https://dongne.co/events/df2604/circles/161764,제33회 디. 페스타(토),Day1
기려야아..,사랑,R-19,R,19,,2sp,이세계 착각 헌터,괴담출근,,"정하성,김기려,레밍",정하성X김기려,로맨틱,재관솔음,"기타,공예",lululu000012,https://dongne.co/events/df2604/circles/161592,제33회 디. 페스타(토),Day1
그라시아스,쥑끄덩,W-16b,W,16,b,1sp,,"프리파라,아이카츠,프리즘스톤,원피스,소울이터,보컬로이드,페르소나",,,,,,일러스트,m0us2_,https://dongne.co/events/df2604/circles/161792,제33회 디. 페스타(토),Day1
기기고가각,갱님,Z-13,Z,13,,2sp,트랜스포머,"트포프,트포원,트랜스포머 어스스파크,마블(로키토르)",트랜스포머 쁘띠존,"메가트론 옵티머스 휠잭 라쳇,로키토르",메가트론X옵티머스,"해당없음,로맨틱","휠라, 올캐러","만화,일러스트,사진",roddid96,https://dongne.co/events/df2604/circles/162705,제33회 디. 페스타(토),Day1
까마귀둥지,로제,W-05,W,05,,2sp,,,,,,,,,,https://dongne.co/events/df2604/circles/161618,제33회 디. 페스타(토),Day1
나쁜사람들,제일나쁨,M-14,M,14,,2sp,,,,,,,,,,https://dongne.co/events/df2604/circles/162837,제33회 디. 페스타(토),Day1
냐니뉴녜뇨,나나,G-08,G,08,,2sp,,,,,,,,,tokomon_plz,https://dongne.co/events/df2604/circles/162298,제33회 디. 페스타(토),Day1
냠냠샐러드,냠냠,W-19,W,19,,2sp,,,,,,,,"일러스트,기타",chocom3ro,https://dongne.co/events/df2604/circles/161835,제33회 디. 페스타(토),Day1
노랑병아리,문무한,Y-10a,Y,10,a,1sp,보컬로이드,,,"카가미네 린,카가미네 렌",,,,,MH_MUHAN,https://dongne.co/events/df2604/circles/161714,제33회 디. 페스타(토),Day1
닌자동아리,27,A-24,A,24,,2sp,닌타마,나루토,"닌타마 쁘띠존 : 인술학원 혜성제 ""입학시험의 단!""","이사쿠,잣토,카카시",,,,기타,inbolero,https://dongne.co/events/df2604/circles/161923,제33회 디. 페스타(토),Day1
닌자수집가,공마,A-13,A,13,,2sp,닌타마,,"닌타마 쁘띠존 : 인술학원 혜성제 ""입학시험의 단!""",젠포우지 이사쿠,케마 토메사부로X젠포우지 이사쿠,"로맨틱,섹슈얼",,"소설,일러스트",,https://dongne.co/events/df2604/circles/161692,제33회 디. 페스타(토),Day1
닌자팝니다,ahr327ovo,A-01a,A,01,a,1sp,닌타마( 닌자보이란타로),,"닌타마 쁘띠존 : 인술학원 혜성제 ""입학시험의 단!""",,젠포우지 이사쿠X케마 토메사부로,,,,,https://dongne.co/events/df2604/circles/163661,제33회 디. 페스타(토),Day1
다차원학회,유진,X-10a,X,10,a,1sp,프로세카,"오리지널,이착헌,로오히",,카이토,,,,"만화,일러스트,소설",eugene_art_tale,https://dongne.co/events/df2604/circles/163001,제33회 디. 페스타(토),Day1
더피귀여워,팩토리,M-11,M,11,,2sp,체인소맨,데몬헌터스,,체인소맨,,,,,picter12,https://dongne.co/events/df2604/circles/163563,제33회 디. 페스타(토),Day1
도깨비상점,도깨비상점,G-04,G,04,,2sp,,,,,,,,,kkebistore,https://dongne.co/events/df2604/circles/162353,제33회 디. 페스타(토),Day1
동그란복어,복어,H-14,H,14,,2sp,오리지널,,,,,,,"일러스트,공예",bluefish0o,https://dongne.co/events/df2604/circles/162650,제33회 디. 페스타(토),Day1
동실마니아,주주,A-08,A,08,,2sp,닌타마 란타로,,"닌타마 쁘띠존 : 인술학원 혜성제 ""입학시험의 단!""","케마 토메사부로,젠포우지 이사쿠 등",케마 토메사부로X젠포우지 이사쿠,"로맨틱,섹슈얼","아야타키, 하치라이, 아야센, 몬센",만화,ju_saa4,https://dongne.co/events/df2604/circles/163395,제33회 디. 페스타(토),Day1
디페에이코,김녹차,J-05,J,05,,2sp,,,,,,,,,,https://dongne.co/events/df2604/circles/161656,제33회 디. 페스타(토),Day1
롬다롬다롬,도람,D-08,D,08,,2sp,포켓몬,스플래툰 프리큐어 앙스타,,,,,,,doramdarom,https://dongne.co/events/df2604/circles/161837,제33회 디. 페스타(토),Day1
메디아라한,호밀,Q-04b,Q,04,b,1sp,페르소나 시리즈,메타포,,조커,,,,만화,homil_jpg,https://dongne.co/events/df2604/circles/164074,제33회 디. 페스타(토),Day1
부스를내자,혜키,U-23,U,23,,2sp,킹오브프리즘,"제5인격,엘소드,솜인형",,,,해당없음,,"일러스트,만화",mugengyahung,https://dongne.co/events/df2604/circles/162289,제33회 디. 페스타(토),Day1
비밀작가단,소보로,H-16,H,16,,2sp,"1차 창작 HL,BL,GL 소설 / 개인창작 귀여운 캐릭터들",오리지널 창작 캐릭터와 창작 소설,,"모몽이,호냥이,오리지널 소설 인물들",,,,"일러스트,소설,공예",hohomomong,https://dongne.co/events/df2604/circles/162636,제33회 디. 페스타(토),Day1
사랑과전쟁,밀렵꾼,J-14b,J,14,b,1sp,명탐정 코난,러브앤 딥스페이스,,,,,,"일러스트,소설",,https://dongne.co/events/df2604/circles/163151,제33회 디. 페스타(토),Day1
사탕바구니,캔디,D-21,D,21,,2sp,쿠로코의 농구,,,마유즈미 치히로,,"로맨틱,섹슈얼",모브레이,"소설,일러스트",,https://dongne.co/events/df2604/circles/161482,제33회 디. 페스타(토),Day1
사파리월드,덕팔,P-08b,P,08,b,1sp,괴담출근,붕괴:스타레일,,,최요원X류재관,로맨틱,,"만화,일러스트",duckfari481,https://dongne.co/events/df2604/circles/163011,제33회 디. 페스타(토),Day1
새우튀김빵,괭지,P-16,P,16,,2sp,"괴담출근,마차살",은혼,,레오루카,,,,,,https://dongne.co/events/df2604/circles/161716,제33회 디. 페스타(토),Day1
소설먹음이,십리,P-04,P,04,,2sp,"괴담에빠져도출근하는구나,전지적독자시점","너희들은 변호됐다,상업 BL 소설",,,유중혁X김독자,,,,,https://dongne.co/events/df2604/circles/162049,제33회 디. 페스타(토),Day1
스모크베리,뵤뵤,V-21,V,21,,2sp,가라오케 가자!,"패밀리 레스토랑 가자,여학교의 별,빠졌어 너에게",,"나리타 쿄지,오카 사토미",나리타 쿄지X오카 사토미,해당없음,"고바호시,에마하야,메다니카","기타,일러스트,공예",smoke_berry_,https://dongne.co/events/df2604/circles/164087,제33회 디. 페스타(토),Day1
스프링노트,뽐,J-20a,J,20,a,1sp,뽐뽐 스튜디오,엔시티 위시,,엔시티위시,,,,기타,ppomppom_m0m,https://dongne.co/events/df2604/circles/161745,제33회 디. 페스타(토),Day1
아이스박스,빕어,I-08a,I,08,a,1sp,슬램덩크,,,,,,,,,https://dongne.co/events/df2604/circles/161674,제33회 디. 페스타(토),Day1
알파카화방,한결_,I-08b,I,08,b,1sp,오리지널,,,,,,,기타,p_675hg,https://dongne.co/events/df2604/circles/161947,제33회 디. 페스타(토),Day1
예나디자인,예나,"I-06, I-19",I,06,,4sp,,,,,,,,,,https://dongne.co/events/df2604/circles/162456,제33회 디. 페스타(토),Day1
이세계뜬다,인먀,R-04a,R,04,a,1sp,이세계 착각 헌터,어두운 바다의 등불이 되어,,레밍,,,,공예,,https://dongne.co/events/df2604/circles/163711,제33회 디. 페스타(토),Day1
임시부스명,.,L-22a,L,22,a,1sp,유희왕,,,,,,,,,https://dongne.co/events/df2604/circles/163660,제33회 디. 페스타(토),Day1
죠은사람들,"수산시장, gaso",M-15,M,15,,2sp,"죠죠의 기묘한 모험,은혼",,,,,,,,"fishumarket, rkznfksthsus",https://dongne.co/events/df2604/circles/164053,제33회 디. 페스타(토),Day1
주먹밥가게,주먹밥,X-07,X,07,,2sp,프로세카,,,,,,,,onigiri__0000,https://dongne.co/events/df2604/circles/162205,제33회 디. 페스타(토),Day1
진티엔리밍,kje1213114,"H-01, H-24",H,01,,4sp,,,,,,,,,,https://dongne.co/events/df2604/circles/162596,제33회 디. 페스타(토),Day1
챰바스클럽,BAAS,J-08,J,08,,2sp,오리지널 캐릭터,세븐나이츠(게임),,,크리스X녹스,로맨틱,,"소설,기타",minamori_22,https://dongne.co/events/df2604/circles/162628,제33회 디. 페스타(토),Day1
체리곰가게,나르,X-18,X,18,,2sp,18TRIP,,,"오오구로 카프카,니시조노 렌가,무라쿠모 텐,카미나 유키카제,루 리광 위주 올캐러",,,,"만화,일러스트",,https://dongne.co/events/df2604/circles/162453,제33회 디. 페스타(토),Day1
콜라보부스,kje1213114,"H-22, H-23",H,22,,4sp,,,,,,,,,,https://dongne.co/events/df2604/circles/162597,제33회 디. 페스타(토),Day1
틀딱상담소,푸른솜,Z-20a,Z,20,a,1sp,트랜스포머,,트랜스포머 쁘띠존,IDW캐릭터들,드리프트X라쳇,로맨틱,,일러스트,blue_cotton1234,https://dongne.co/events/df2604/circles/162953,제33회 디. 페스타(토),Day1
파랑동구리,파동,Y-10b,Y,10,b,1sp,보컬로이드,,,,,,,,,https://dongne.co/events/df2604/circles/161715,제33회 디. 페스타(토),Day1
포리포리칩,Kiwiiii,Y-22,Y,22,,2sp,,,,,,,,,,https://dongne.co/events/df2604/circles/161741,제33회 디. 페스타(토),Day1
호도해야지,HODO,L-19b,L,19,b,1sp,트라이건,만달로리안. P의거짓,,밧슈. 울프우드. 나이브스. 루크. 딘 자린. 그로구. P.,,섹슈얼,,"만화,일러스트",hodogaza,https://dongne.co/events/df2604/circles/163038,제33회 디. 페스타(토),Day1
타나긴으로~파이널판타지~계획,달달,E-09a,E,09,a,1sp,은혼,오리지널 (1차) / FGO / 세인트세이야 / 보컬로이드 등,,"로완,시월,타카스기,긴토키",타카스기 신스케X사카타 긴토키,"로맨틱,섹슈얼",로완 X 시월 / 아마쿠사 시로 X 에드몽 당테스 (암굴왕),"만화,일러스트",0810X1010,https://dongne.co/events/df2604/circles/164058,제33회 디. 페스타(토),Day1
오합지졸의 단,톰토/사과파이/베이컨/시오,C-13,C,13,,2sp,닌타마 란타로,,,,,,,,"tomtomas_0924, sweet_1applepie, kbb134801, sioooonin",https://dongne.co/events/df2604/circles/163622,제33회 디. 페스타(토),Day1
주객전도의 단,"닌태, 오뎅",B-06a,B,06,a,1sp,닌타마란타로,,"닌타마 쁘띠존 : 인술학원 혜성제 ""입학시험의 단!""","케마 토메사부로,젠포우지 이사쿠,도이 한스케,야마다 리키치",케마 토메사부로X젠포우지 이사쿠,로맨틱,리도이,"만화,일러스트","N1NT4E, sandwich_recipe",https://dongne.co/events/df2604/circles/163488,제33회 디. 페스타(토),Day1
애굽문명의 재림,딱지탐구부,M-05,M,05,,2sp,유희왕,죠죠의 기묘한 모험,야미진 쁘띠존 < 강한 마음 x 다정한 마음 >,"어둠의 유우기,무토 유우기",어둠의 유우기X무토 유우기,,바쿠라 료 x 어둠의 바쿠라 ,"만화,소설",DUELGINI,https://dongne.co/events/df2604/circles/163191,제33회 디. 페스타(토),Day1
기죽지말고 즐겨~,폭스,E-15b,E,15,b,1sp,사카모토데이즈,"슬램덩크,히로아카",,"사카데이-아사쿠라 신 위주 cp(나구신/나츠신/마후신등 신른),ncp,슬램덩크-정대만,히로아카-바쿠고 위주",,,,일러스트,foxda25,https://dongne.co/events/df2604/circles/163065,제33회 디. 페스타(토),Day1
돼지너구리 우동 가게,우메보시,B-13b,B,13,b,1sp,닌타마 란타로,,"닌타마 쁘띠존 : 인술학원 혜성제 ""입학시험의 단!""","오하마 칸에몽(5닌),도이한스케,텐키,우라카제 토나이,산탄다 카즈마(with 3닌)",,로맨틱,,"만화,기타",cheri_sang2,https://dongne.co/events/df2604/circles/162040,제33회 디. 페스타(토),Day1
소꿉친구라 하지 마라 소꿉놀이도 안했으니까,카푸치노,F-24,F,24,,2sp,나의 히어로 아카데미아,"은혼,닌자보이 란타로",,,바쿠고 카츠키X미도리야 이즈쿠,"로맨틱,섹슈얼,로맨틱,섹슈얼",,"소설,만화,일러스트",CPCN_fable,https://dongne.co/events/df2604/circles/162421,제33회 디. 페스타(토),Day1
어서오세요 우리 세상에,.,V-13b,V,13,b,1sp,Dr.Stone (닥터 스톤),"우마무스메,이나이레",,,스탠리 스나이더X제노 H. 윙필드,"해당없음,로맨틱",,"기타,만화","lezlezzinsim, OvO___VV7, ghskdus",https://dongne.co/events/df2604/circles/163962,제33회 디. 페스타(토),Day1
골드패밀리 골드 순금제품,모귯,V-14a,V,14,a,1sp,우마무스메,,,드림저니,스테이골드X드림저니,로맨틱,,만화,mal_love_T,https://dongne.co/events/df2604/circles/163633,제33회 디. 페스타(토),Day1
트랜스포머 원이 지속가능 하게 되려면...[출장편],우동쿵야,Z-16,Z,16,,2sp,트랜스포머 원,트랜스포머,트랜스포머 쁘띠존,,메가트론X옵티머스 프라임,"로맨틱,해당없음","디오라, NCP",만화,boge_2,https://dongne.co/events/df2604/circles/163267,제33회 디. 페스타(토),Day1
소꿉친구가 서로 사랑하는걸 뭐라고해? ㄴ 소꿉친구는 원래 사랑하는 사이야...,김잡덕,F-01a,F,01,a,1sp,나의 히어로 아카데미아,,,"바쿠고 카츠키,미도리야 이즈쿠",바쿠고 카츠키X미도리야 이즈쿠,로맨틱,,"만화,공예",im_zapduk,https://dongne.co/events/df2604/circles/164116,제33회 디. 페스타(토),Day1
가르쳐줬을 텐데!,김뿝,B-02,B,02,,2sp,닌타마 란타로,,"닌타마 쁘띠존 : 인술학원 혜성제 ""입학시험의 단!""","도이,리키치,텐키,6닌",야마다 리키치X도이 한스케,로맨틱,,"만화,기타,일러스트",gimppub_kk,https://dongne.co/events/df2604/circles/163947,제33회 디. 페스타(토),Day1
두려워말고 전진!!,사원,O-17a,O,17,a,1sp,괴담출근,,,,김솔음X백사헌,로맨틱,솔음요원,,hoesaone,https://dongne.co/events/df2604/circles/162872,제33회 디. 페스타(토),Day1
트럭카세트 애호가,슈닝,Z-23b,Z,23,b,1sp,트랜스포머,,트랜스포머 쁘띠존,,옵티머스X사운드웨이브,,,만화,,https://dongne.co/events/df2604/circles/164141,제33회 디. 페스타(토),Day1
형상변환기 애호가 클럽,리다,Y-13,Y,13,,2sp,트랜스포머,,트랜스포머 쁘띠존,"스모크스크린,넉아웃",스모크스크린X넉아웃,로맨틱,,만화,Lida_0706,https://dongne.co/events/df2604/circles/162046,제33회 디. 페스타(토),Day1
지난번보다 성장한 나를 보여주겠다,러^브콜렉터,U-11,U,11,,2sp,리그오브레전드,,,"세트,아펠리오스",세트X아펠리오스,"로맨틱,섹슈얼",,"만화,소설",collecthelove,https://dongne.co/events/df2604/circles/161977,제33회 디. 페스타(토),Day1
불가사리는 둘이서 하나!,이로,M-06a,M,06,a,1sp,유희왕 듀얼몬스터즈,유희왕 토에이,야미진 쁘띠존 < 강한 마음 x 다정한 마음 >,"어둠의 유희(야미 유우기),유희(무토 유우기)",어둠의 유희X유희,로맨틱,"야미진(에서 파생된 마왕진, 아템진)","소설,기타",zadualida,https://dongne.co/events/df2604/circles/164029,제33회 디. 페스타(토),Day1
샤브샤브의 마음이 되어야 해,lonecosm,T-21,T,21,,2sp,가비지타임,"오오에,ADELTA(울트라씨,헌터 x 헌터,헌터×헌터",,"박병찬,최종수,크라피카,클로로",박병찬X최종수,로맨틱,,,lonecosm,https://dongne.co/events/df2604/circles/163605,제33회 디. 페스타(토),Day1
세카이에서 사랑을 노래하다,향,X-10b,X,10,b,1sp,프로젝트 세카이,명일방주,,"카가미네 렌,KAITO",카가미네 렌X카이토,로맨틱,"루이츠카, 토우아키",,Hyang_prsk,https://dongne.co/events/df2604/circles/161756,제33회 디. 페스타(토),Day1
닝자주먹밥 짝짝짝!,먹밥,A-10a,A,10,a,1sp,닌자보이 란타로,,"닌타마 쁘띠존 : 인술학원 혜성제 ""입학시험의 단!""",코헤이타 케마,,"로맨틱,해당없음",,"만화,기타",meokbap99,https://dongne.co/events/df2604/circles/162144,제33회 디. 페스타(토),Day1
마리포사의 보물상자,마리포사,J-23,J,23,,2sp,해리포터,,,,,,,,,https://dongne.co/events/df2604/circles/162303,제33회 디. 페스타(토),Day1
없는게없는 수퍼마켓,와코,T-17,T,17,,2sp,도키메모gs 도키걸즈,죠죠/포켓몬/닌타마,,,,,,,punchline0_0,https://dongne.co/events/df2604/circles/162724,제33회 디. 페스타(토),Day1
해피엔딩은 레고밭에,날Nal,Z-09,Z,09,,2sp,트랜스포머,스타워즈,트랜스포머 쁘띠존,,,,,"소설,기타",null_naaall,https://dongne.co/events/df2604/circles/161548,제33회 디. 페스타(토),Day1
흑발공충과 떡대공충,올드湯,E-24,E,24,,2sp,"메달리스트,브리아노의 연구소",,,"다비,브리아노,요다카 쥰,아케우라지 츠카사,카미사키 히카루,유이츠카 이노리",,,"요다츠카, 히카이노, 답블답","만화,일러스트",Old_chicksoup,https://dongne.co/events/df2604/circles/162788,제33회 디. 페스타(토),Day1
이상현상도 현상이고 힘도 세고 열심히 사는데 함만 봐주죠,룔,S-01,S,01,,2sp,포스터가 36번지에는 괴물이 산다,"의원,다시 살다 / Hollow Knight",,"라이문트 게페르트,프리드리히",류재관X최요원,해당없음,,소설,Rryol_,https://dongne.co/events/df2604/circles/162956,제33회 디. 페스타(토),Day1
코우시노가 부부인걸 어떡해,후룻,X-06a,X,06,a,1sp,코우노도리,,,"코우노토리 사쿠라,시노미야 하루키",,로맨틱,,소설,miuu404nf,https://dongne.co/events/df2604/circles/162136,제33회 디. 페스타(토),Day1
어서오세요 잡동사니 리조트에 ,꼬알 옹부 에베,S-08,S,08,,2sp,괴담에 떨어져도 출근을 해야하는 구나,데못죽 전독시,,,최요원X김솔음,,,,,https://dongne.co/events/df2604/circles/161657,제33회 디. 페스타(토),Day1
사무라이와 출근합니다,야마,Q-03,Q,03,,2sp,괴담에 떨어져도 출근을 해야 하는구나,"페이트,사무라이 렘넌트,주술회전",,"김솔음,야마토 타케루,미야모토 이오리,오가사와라 카야,정성공,주유,이타도리유지,고죠 사토루,유이 쇼세츠,우시고젠",,,,"일러스트,만화,기타",yamabuki_otk,https://dongne.co/events/df2604/circles/164259,제33회 디. 페스타(토),Day1
완다호이의 무서운저주,"B, ^^",X-08,X,08,,2sp,프로젝트세카이,,,,,,,,,https://dongne.co/events/df2604/circles/161480,제33회 디. 페스타(토),Day1
재난관리국 공무원들의 사생활 유포!,모요,Q-14a,Q,14,a,1sp,괴담에 떨어져도 출근은 해야 하는구나,,,"류재관,최요원",류재관X최요원,로맨틱,자헌솔음,"만화,기타,사진",moyo_00,https://dongne.co/events/df2604/circles/164038,제33회 디. 페스타(토),Day1
노맨즈랜드 불가마찜질방,"고박사, 인간식물",K-21,K,21,,2sp,트라이건,,,,울프우드X밧슈,,,,,https://dongne.co/events/df2604/circles/163513,제33회 디. 페스타(토),Day1
핏꼬로씨가 해주실거잖아요?,리빙,D-07a,D,07,a,1sp,드래곤볼,,,"피콜로,손오반",,,,만화,Nsiring,https://dongne.co/events/df2604/circles/161797,제33회 디. 페스타(토),Day1
봉크스포머-몰댄힛디아이,ㅇㅋ,Z-17a,Z,17,a,1sp,트랜스포머,,트랜스포머 쁘띠존,"메가트론,옵티머스,그 외 트랜스포머 캐릭터",메가트론X옵티머스,"로맨틱,섹슈얼",아스블리아스,"만화,소설,기타",ok_bun_123,https://dongne.co/events/df2604/circles/161695,제33회 디. 페스타(토),Day1
"고양이구름,토리냥",김남선(gogo),O-07b,O,07,b,1sp,괴담출근,프리렌,,"김솔음,이자헌,최요원,류재관,j3,게롱,브라운,착한친구,용용이,이성해,백사헌,프리렌,페른,슈타르크",,,,"일러스트,기타,조형",qtcat_cc,https://dongne.co/events/df2604/circles/163028,제33회 디. 페스타(토),Day1
좋아하는거!!,햅띠,E-11,E,11,,2sp,닥터스톤,"은혼,포켓몬스터,월간순정 노자키군",,"이시가미 센쿠,호리 마사유키",이시가미센쿠,로맨틱,,기타,heptti,https://dongne.co/events/df2604/circles/163253,제33회 디. 페스타(토),Day1
클론연구소&밀샌드,클론,R-09,R,09,,2sp,괴담출근,"죠죠,주토피아",,,,,,일러스트,LAB_CLONE,https://dongne.co/events/df2604/circles/162063,제33회 디. 페스타(토),Day1
경찰과범죄자,AK,J-15,J,15,,2sp,명탐정코난,오오에,,,,,,,"eureurung__, 0o0e0A",https://dongne.co/events/df2604/circles/162263,제33회 디. 페스타(토),Day1
관심좀주이소,6지,T-01,T,01,,2sp,가비지타임,,,,박병찬X기상호,"로맨틱,섹슈얼",,"만화,기타",JnzXex,https://dongne.co/events/df2604/circles/162707,제33회 디. 페스타(토),Day1
나기사기충천,ㅈㅌ,F-21a,F,21,a,1sp,블루록,,나기이사 쁘띠존,,,,,,,https://dongne.co/events/df2604/circles/163149,제33회 디. 페스타(토),Day1
닌자노타마고,"타마고,삶은계란",A-16b,A,16,b,1sp,닌타마란타로,,"닌타마 쁘띠존 : 인술학원 혜성제 ""입학시험의 단!""",ALL,,,,"기타,만화,일러스트","tamago_nintama, 1doware",https://dongne.co/events/df2604/circles/163090,제33회 디. 페스타(토),Day1
닌자배달기사,기사,A-06a,A,06,a,1sp,닌타마 란타로,,"닌타마 쁘띠존 : 인술학원 혜성제 ""입학시험의 단!""",닌타마 란타로 캐릭터,아야베 키하치로X타이라노 타키야샤마루,로맨틱,,만화,qg933221_1,https://dongne.co/events/df2604/circles/163724,제33회 디. 페스타(토),Day1
도파민중독자,gyum,M-24b,M,24,b,1sp,유희왕5Ds,,,"유성,브루노",,,,만화,_cnzk12,https://dongne.co/events/df2604/circles/161803,제33회 디. 페스타(토),Day1
듀듀듀바바바,소금,T-19a,T,19,a,1sp,가비지타임,,,,최종수X기상호,,,소설,soo_geum,https://dongne.co/events/df2604/circles/162976,제33회 디. 페스타(토),Day1
레몬크림소다,花,W-08,W,08,,2sp,원신,테일즈런너,,"타르탈리아,종려,테일즈런너 캐릭터들",타르탈리아X종려,로맨틱,없음,"기타,일러스트,만화",ZERO__NANAQ,https://dongne.co/events/df2604/circles/164294,제33회 디. 페스타(토),Day1
망자애호부스,새부리,L-08,L,08,,2sp,원피스,화산귀환,,,,,,일러스트,asebury,https://dongne.co/events/df2604/circles/161514,제33회 디. 페스타(토),Day1
무화과겉핥기,주차장,I-18,I,18,,2sp,,,,,,,,,figtaster,https://dongne.co/events/df2604/circles/162498,제33회 디. 페스타(토),Day1
복합문화공간,33,U-16,U,16,,2sp,오오에,중장르,,,,,,,_3o03_,https://dongne.co/events/df2604/circles/164218,제33회 디. 페스타(토),Day1
부스잡고고민,ㅡ,E-20b,E,20,b,1sp,블루록,악입문,,이사기,,로맨틱,이사기른,,,https://dongne.co/events/df2604/circles/162069,제33회 디. 페스타(토),Day1
비둘기야먹자,성북동비둘기,K-13b,K,13,b,1sp,마블,닌자고,,"샘 윌슨,버키 반즈,제이 워커,니야 스미스",버키 반즈X샘 윌슨,로맨틱,제이니야,일러스트,,https://dongne.co/events/df2604/circles/163075,제33회 디. 페스타(토),Day1
비빔밥탕평채,빠나난나,B-23,B,23,,2sp,닌타마,,"닌타마 쁘띠존 : 인술학원 혜성제 ""입학시험의 단!""",도이,리키치X도이,로맨틱,,"만화,일러스트",thefananan,https://dongne.co/events/df2604/circles/163708,제33회 디. 페스타(토),Day1
사내연애괴담,ast,Q-04a,Q,04,a,1sp,"괴담에 떨어져도 출근을 해야 하는구나,괴출,괴담출근",,,"김솔음,호유원",김솔음X호유원,해당없음,,소설,,https://dongne.co/events/df2604/circles/161552,제33회 디. 페스타(토),Day1
싣싣베이커리,에시디,I-03b,I,03,b,1sp,,,,,,,,공예,shid2drm,https://dongne.co/events/df2604/circles/161920,제33회 디. 페스타(토),Day1
아무생각없음,지옥이,R-17,R,17,,2sp,괴출,"이착헌,변호됨",,주인공 위주,,,,,,https://dongne.co/events/df2604/circles/163691,제33회 디. 페스타(토),Day1
어쩌나저쩌나,어쩌나,E-10,E,10,,2sp,"은혼,던전밥,진격의 거인",히프마이,,,,,,,ozzonna,https://dongne.co/events/df2604/circles/163788,제33회 디. 페스타(토),Day1
오타쿠우쿠우,사팔육,O-20,O,20,,2sp,괴담에 떨어져도 출근을 해야하는구나,이세계 착각 헌터,,김솔음,,,,만화,pass_mindo,https://dongne.co/events/df2604/circles/162138,제33회 디. 페스타(토),Day1
오타쿠집합소,Sundown,W-02,W,02,,2sp,,,,,,,,,,https://dongne.co/events/df2604/circles/163357,제33회 디. 페스타(토),Day1
월슨노동조합,미호,T-10,T,10,,2sp,빛과 밤의 사랑,,빛과 밤의 사랑 쁘띠존 「휘명시디자이너연합회」,"육시헌,소휘,제신율,차이수,하민성",,,,"소설,기타",keep_resisting_,https://dongne.co/events/df2604/circles/163632,제33회 디. 페스타(토),Day1
월슨세광지점,밤밤,T-12,T,12,,2sp,빛과밤의사랑,괴담출근,빛과 밤의 사랑 쁘띠존 「휘명시디자이너연합회」,차이수,,,최요원x김솔음,"만화,일러스트",bambam_chao,https://dongne.co/events/df2604/circles/162845,제33회 디. 페스타(토),Day1
출근탐사기록,룽지,P-05a,P,05,a,1sp,괴담에 떨어져도 출근을 해야하는구나,가정교사히트맨 리본,,"김솔음,이자헌,J3,최요원,류재관,가히리 단체",,,,일러스트,rungzee105,https://dongne.co/events/df2604/circles/164279,제33회 디. 페스타(토),Day1
토마토계란밥,계란,K-16,K,16,,2sp,명탐정 코난,가비지 타임,,,,로맨틱,,만화,egg_bst,https://dongne.co/events/df2604/circles/162413,제33회 디. 페스타(토),Day1
회지필수지참,"효자, KKR, 총첩",U-10,U,10,,2sp,엘소드,,,애드,,,,"만화,소설","goodbeing_, oKKRo_911, lovecontraption",https://dongne.co/events/df2604/circles/162789,제33회 디. 페스타(토),Day1
화이트샌드의 선인장,선인장,W-16a,W,16,a,1sp,"무기미도,보컬로이드,마왕의 고백",S급 짐꾼의 슬기로운 성좌 사냥 생활,,,,로맨틱,,"소설,일러스트,공예",Cactus_line,https://dongne.co/events/df2604/circles/162856,제33회 디. 페스타(토),Day1
미스터리쉘터 체리블랑,zilly,I-11,I,11,,2sp,미스터리 쉘터 체리블랑,,,,,,,"일러스트,기타",WillsStudio_,https://dongne.co/events/df2604/circles/164233,제33회 디. 페스타(토),Day1
시간마법사의 아틀리에,시간마법사,I-01,I,01,,2sp,,,,,,,,,,https://dongne.co/events/df2604/circles/161700,제33회 디. 페스타(토),Day1
꾸루룩깡총의 마감탕탕쇼,산땍,D-17,D,17,,2sp,"가정교사 히트맨 리본,명탐정 코난",,,,,,,"만화,일러스트",,https://dongne.co/events/df2604/circles/161512,제33회 디. 페스타(토),Day1
노맨즈랜드에 어서오세요,수키,K-06a,K,06,a,1sp,트라이건,,,밧슈,,로맨틱,,"만화,일러스트",hushuki_0v0,https://dongne.co/events/df2604/circles/163611,제33회 디. 페스타(토),Day1
아기쇼방님과 거대누나의 결혼,가야,J-09,J,09,,2sp,프로메어,젤다/ 유희왕 / 소녀혁명 우테나 / 카이바,,"마리크 이슈타르,어둠의 유우기",리오 포티아X갈로 티모스,해당없음,,"만화,일러스트",gaiya1287,https://dongne.co/events/df2604/circles/162271,제33회 디. 페스타(토),Day1
모소긴긴줄게___ㅣ하즈다!________,요운,A-04b,A,04,b,1sp,닌타마,,"닌타마 쁘띠존 : 인술학원 혜성제 ""입학시험의 단!""",키리마루,,해당없음,단련조,"만화,일러스트,공예",ye_oun,https://dongne.co/events/df2604/circles/162211,제33회 디. 페스타(토),Day1
탐정이라니깐!,우민,J-14a,J,14,a,1sp,명탐정 코난,"나루토,사이키 쿠스오의 재난",,"경찰동기조,나가노조,사이키 쿠스오",,,,만화,Ldnals_7,https://dongne.co/events/df2604/circles/164049,제33회 디. 페스타(토),Day1
갓반인관람불가,포하,F-02a,F,02,a,1sp,나의 히어로 아카데미아,"헌터X헌터,이세계 착각 헌터,괴담에 떨어져도 출근을 해야 하는구나,동경과 거짓말",,"미도리야 이즈쿠,바쿠고 카츠키,토도로키 쇼토,곤,키르아,크라피카,레오리오,김기려,정하성,강창호,에델바이스 밀런,비올라 알피나,산,카터 마이스,환영여단",바쿠고 카츠키X미도리야 이즈쿠,로맨틱,,기타,phoh8a,https://dongne.co/events/df2604/circles/164208,제33회 디. 페스타(토),Day1
달콤한일러스트,이윤지,J-01,J,01,,2sp,모모찌,,,모모찌,,,,일러스트,iamyunji,https://dongne.co/events/df2604/circles/162167,제33회 디. 페스타(토),Day1
딕그래그래마왕,ceggy,X-02b,X,02,b,1sp,나이트윙,"바이오하자드,레드후드",,"딕 그레이슨,제이슨 토드,레온 S 케네디",,,,기타,Ceggy676791,https://dongne.co/events/df2604/circles/163750,제33회 디. 페스타(토),Day1
마라샹궈소금빵,농네,F-09,F,09,,2sp,,,,,,,,,,https://dongne.co/events/df2604/circles/161789,제33회 디. 페스타(토),Day1
바키로데이이제,뭉탱,W-15,W,15,,2sp,프리파라,,,"신야,우시미츠,마리오,아마리",마리오X아마리,,신야우시,"만화,일러스트",hiyung_2,https://dongne.co/events/df2604/circles/162441,제33회 디. 페스타(토),Day1
신슈소바연구회,깨알,K-09,K,09,,2sp,명탐정코난,,,,,,,,,https://dongne.co/events/df2604/circles/162452,제33회 디. 페스타(토),Day1
안경암모나이트,경계,I-15,I,15,,2sp,,,,,,,,,gyeonnggye,https://dongne.co/events/df2604/circles/163358,제33회 디. 페스타(토),Day1
야생생명체주의,으뮤,X-15b,X,15,b,1sp,플레이브,,,,,,,일러스트,plzmyu,https://dongne.co/events/df2604/circles/162655,제33회 디. 페스타(토),Day1
와아아아앙유히,푸유,M-21b,M,21,b,1sp,유희왕,,야미진 쁘띠존 < 강한 마음 x 다정한 마음 >,,아템X무토 유우기,로맨틱,,만화,puyuduel,https://dongne.co/events/df2604/circles/161825,제33회 디. 페스타(토),Day1
우파우파유치원,빈제,"D-10, D-11",D,10,,4sp,"헌터헌터,포켓몬스터",,,,,,,,,https://dongne.co/events/df2604/circles/163547,제33회 디. 페스타(토),Day1
우파우파유치원,빈제,D-09,D,09,,2sp,포켓몬스터,,,,,,,일러스트,,https://dongne.co/events/df2604/circles/162825,제33회 디. 페스타(토),Day1
유희하자유우기,능이머섯,M-04b,M,04,b,1sp,유희왕,,야미진 쁘띠존 < 강한 마음 x 다정한 마음 >,"유우기,아템,어둠의 유우기",,로맨틱,"얌진, 텐진",소설,wnlgfldl,https://dongne.co/events/df2604/circles/162115,제33회 디. 페스타(토),Day1
이세계특별전형,272장,O-23,O,23,,2sp,괴담출근,,,,,,,"소설,공예",,https://dongne.co/events/df2604/circles/162319,제33회 디. 페스타(토),Day1
이집트불가사리,니카,M-02b,M,02,b,1sp,유희왕,나의 히어로 아카데미아,야미진 쁘띠존 < 강한 마음 x 다정한 마음 >,"어둠의 유우기,무토 유우기",어둠의 유우기X무토 유우기,로맨틱,,"만화,일러스트",cnk5nk,https://dongne.co/events/df2604/circles/163255,제33회 디. 페스타(토),Day1
정상영업합니다,포포빵,"Y-04, Y-05",Y,04,,4sp,니지산지,3월의 라이온,,니지산지 히어로즈,,,,만화,popo_for_me,https://dongne.co/events/df2604/circles/163675,제33회 디. 페스타(토),Day1
착한친구보타이,이빨,O-09b,O,09,b,1sp,괴담에 떨어져도 출근을 해야 하는 구나,,,"곽제강,김솔음,브라운,J3",j3X곽제강,로맨틱,솔음x브라운,,,https://dongne.co/events/df2604/circles/162734,제33회 디. 페스타(토),Day1
프롬투스튜디오,제브,L-06b,L,06,b,1sp,,,,,,,,,fromtostudio,https://dongne.co/events/df2604/circles/163829,제33회 디. 페스타(토),Day1
해저기지해물탕,yumso,"S-06, S-19",S,06,,4sp,어두운 바다의 등불이 되어,"괴담출근,이착헌",,박무현,신해량X박무현,로맨틱,"재희, 무현","만화,일러스트",godsooyum,https://dongne.co/events/df2604/circles/163854,제33회 디. 페스타(토),Day1
마카롱김치찌개 전문점,깡,C-18,C,18,,2sp,닌타마,"괴담출근,니디걸,오오에,고서점가의 하시히메",,,야마다 리키치X코마츠다 슈사쿠,,,,"sg45597, nnhnhnh44",https://dongne.co/events/df2604/circles/163361,제33회 디. 페스타(토),Day1
결혼한다니칸유?,HN,K-18,K,18,,2sp,명탐정 코난,,,"야마토 칸스케,우에하라 유이",,로맨틱,,,HN_YNM,https://dongne.co/events/df2604/circles/163066,제33회 디. 페스타(토),Day1
형도탐정이에요? 어어 대충비슷한거해,서룡,X-17a,X,17,a,1sp,히프노시스 마이크,"코난,오오에",,"사마토키,사사라,헤이지,카즈하,타케시바",,로맨틱,"헤카, 오오아오",만화,4amaisfunk,https://dongne.co/events/df2604/circles/164000,제33회 디. 페스타(토),Day1
남녀연애자유선언,은여,O-19,O,19,,2sp,괴담에 떨어져도 출근은 해야하는 구나,,,,,,,,,https://dongne.co/events/df2604/circles/161483,제33회 디. 페스타(토),Day1
닌자찌개끓임니다,김찌,C-12b,C,12,b,1sp,닌자보이란타로,"순정만화,다이아몬드 에이스,캐릭캐릭체인지",,닌자보이란타로,아야베 키하치로X타이라노 타키야샤마루,,,일러스트,,https://dongne.co/events/df2604/circles/162544,제33회 디. 페스타(토),Day1
도키도키했잖아요,PiPi,B-17,B,17,,2sp,닌타마 란타로,,"닌타마 쁘띠존 : 인술학원 혜성제 ""입학시험의 단!""","도이 한스케,셋츠노 키리마루",도이 한스케X셋츠노 키리마루,로맨틱,,만화,PiPi6756,https://dongne.co/events/df2604/circles/162029,제33회 디. 페스타(토),Day1
두부과자시식코너,"토푸, 까까",C-11,C,11,,2sp,닌자보이 란타로(닌타마),"하이큐!!,앙상블스타즈!!(앙스타)",,,,,,"만화,소설","ssamanko030, KKAX2__",https://dongne.co/events/df2604/circles/162557,제33회 디. 페스타(토),Day1
말랑뽀작우유식빵,아노센,W-12,W,12,,2sp,스타레일,원신 젠레스존제로,,,,,,,,https://dongne.co/events/df2604/circles/161506,제33회 디. 페스타(토),Day1
뭐라도나오는부스,티번,Y-24,Y,24,,2sp,괴담출근,,,,최요원X김솔음,"로맨틱,섹슈얼",,,nitastarwars,https://dongne.co/events/df2604/circles/161682,제33회 디. 페스타(토),Day1
반장미아괴짜연맹,뽀르,A-23b,A,23,b,1sp,닌자보이 란타로,,"닌타마 쁘띠존 : 인술학원 혜성제 ""입학시험의 단!""","아야베키하치로,타이라노타키야샤마루,토마츠사쿠베,칸자키사몬,츠기야산노스케,쿠로키쇼자에몽,이마후쿠히코시로",타이라노 타키야샤마루X아야베 키하치로,로맨틱,"사쿠미아, 쇼히코","만화,소설,사진,기타",seulilu193680,https://dongne.co/events/df2604/circles/163657,제33회 디. 페스타(토),Day1
부스잡아오는두부,샴개,V-04,V,04,,2sp,"프로젝트 세카이 컬러풀 스테이지 feat.하츠네미쿠,프로젝트 세카이",,,"시노노메 아키토,아오야기 토우야",시노노메 아키토X아오야기 토우야,,,"소설,일러스트",,https://dongne.co/events/df2604/circles/161850,제33회 디. 페스타(토),Day1
와얌얌러버스클럽,시옷,V-20,V,20,,2sp,"가라오케 가자,여학교의 별,빠졌어 너에게",패밀리레스토랑 가자,,"쿄지,사토미,고바야시,호시",나리타 쿄지X오카 사토미,,"고바호시, 메다니카, 에마하야","만화,기타,일러스트",shootunning,https://dongne.co/events/df2604/circles/163490,제33회 디. 페스타(토),Day1
패스안해줄거니까,레오사마신앙회,F-05a,F,05,a,1sp,블루록,,,미카게레오,,로맨틱,,"일러스트,만화",anggimichch,https://dongne.co/events/df2604/circles/163107,제33회 디. 페스타(토),Day1
고바야시러버스클럽,노른자,V-06b,V,06,b,1sp,가라오케 가자!,"패밀리레스토랑 가자,여학교의 별,빠졌어 너에게,슬램덩크",,"고바야시,사토미,쿄지",,,,"만화,일러스트",noreunza_,https://dongne.co/events/df2604/circles/162775,제33회 디. 페스타(토),Day1
메리크리도이스마스,사무,B-22b,B,22,b,1sp,닌타마 란타로,,"닌타마 쁘띠존 : 인술학원 혜성제 ""입학시험의 단!""",,야마다 리키치X도이 한스케,,,,samuqaz,https://dongne.co/events/df2604/circles/163532,제33회 디. 페스타(토),Day1
무로마치닌자알페스,딜리트,A-07b,A,07,b,1sp,닌타마 란타로,,"닌타마 쁘띠존 : 인술학원 혜성제 ""입학시험의 단!""","케마 토메사부로,젠포우지 이사쿠",케마 토메사부로X젠포우지 이사쿠,로맨틱,,소설,Delli_ARK,https://dongne.co/events/df2604/circles/162146,제33회 디. 페스타(토),Day1
미봇환풍구보호협회,eme,Z-12a,Z,12,a,1sp,트랜스포머,,트랜스포머 쁘띠존,하이가드,,,,소설,,https://dongne.co/events/df2604/circles/162794,제33회 디. 페스타(토),Day1
사쿠라토시노미야네,모미,X-06b,X,06,b,1sp,코우노도리,,,"코우노토리 사쿠라,시노미야 하루키",코우노토리 사쿠라X시노미야 하루키,,,기타,momii_00,https://dongne.co/events/df2604/circles/162277,제33회 디. 페스타(토),Day1
소다없는소다네부스,isoh0215,U-08b,U,08,b,1sp,파이널판타지14,데뷔못하면죽는병걸림 명탐점코난,,,,,,,sod4nanong,https://dongne.co/events/df2604/circles/162347,제33회 디. 페스타(토),Day1
쑥떡파인애플갈비탕,쑥떡파인애플갈비탕,W-18,W,18,,2sp,보컬로이드,가비지타임 닌타마란타로 페르소나4,,테토 미쿠 뱅상,테토X미쿠,,,,ggang8282,https://dongne.co/events/df2604/circles/163019,제33회 디. 페스타(토),Day1
인술학원천장동호회,돌멩,A-05,A,05,,2sp,닌자보이란타로,,"닌타마 쁘띠존 : 인술학원 혜성제 ""입학시험의 단!""",,,,6하,,ginagamoxo,https://dongne.co/events/df2604/circles/161869,제33회 디. 페스타(토),Day1
잡덕의김밥볶음밥집,에나스,Y-15,Y,15,,2sp,트랜스포머,"G1,IDW 코믹스,ONE,길티기어",트랜스포머 쁘띠존,"드리프트,라쳇,알파트라이온,G1 디셉티콘",,,,"일러스트,만화,기타,공예",LNA_lastnewage,https://dongne.co/events/df2604/circles/162192,제33회 디. 페스타(토),Day1
고양이는참치를좋아해,참콩,F-12,F,12,,2sp,윈드브레이커,닌자보이 란타로,,"우메미야 하지메,사쿠라 하루카",우메미야 하지메X사쿠라 하루카,로맨틱,"히이라기 토마x사코 코타, 하치야 사부로X후와 라이조",만화,mega_chamchi,https://dongne.co/events/df2604/circles/163701,제33회 디. 페스타(토),Day1
그냥친구끼리하는부스,정당구리,R-01,R,01,,2sp,문과라도 안죄송한 이세계로 감,"스타듀밸리,테라리아",,,,,,일러스트,daaanguri,https://dongne.co/events/df2604/circles/162910,제33회 디. 페스타(토),Day1
나아직도시마이부한다,마요네즈,X-20a,X,20,a,1sp,MIU404,,,"시마 카즈미,이부키 아이",시마 카즈미X이부키 아이,"로맨틱,섹슈얼",,"만화,일러스트,소설",mayonezu_404,https://dongne.co/events/df2604/circles/162816,제33회 디. 페스타(토),Day1
눅눅한피스타치오농장,눅타,V-15a,V,15,a,1sp,우마무스메 프리티 더비,,,,오구리 캡X타마모 크로스,,,"만화,일러스트",nooctadesu,https://dongne.co/events/df2604/circles/163037,제33회 디. 페스타(토),Day1
대청봉솔최사랑산악회,"지예, 척얼",O-11,O,11,,2sp,괴담에 떨어져도 출근을 해야 하는구나,잔차품,,"김솔음,최요원",김솔음X최요원,로맨틱,,,bornjiye,https://dongne.co/events/df2604/circles/161864,제33회 디. 페스타(토),Day1
뭐라도팔아보겠습니다,포,V-19,V,19,,2sp,가라오케 가자,패밀리 레스토랑 가자,,,,,,"공예,기타,만화",po_o3o_,https://dongne.co/events/df2604/circles/163748,제33회 디. 페스타(토),Day1
자동에너존국밥양성소,콧치오미로와 병태,Z-17b,Z,17,b,1sp,트랜스포머,명일방주,트랜스포머 쁘띠존,,,,사운드웨이브X핫로드,기타,qudxo_jo,https://dongne.co/events/df2604/circles/162865,제33회 디. 페스타(토),Day1
카바키빼고만든단톡방,싹,D-19,D,19,,2sp,100M,,,,카바키X토가시,,,,,https://dongne.co/events/df2604/circles/161913,제33회 디. 페스타(토),Day1
경찰청쇠창살은외철창살,나로,R-24,R,24,,2sp,서브남주가 파업하면 생기는 일,너희들은 변호됐다,,"정예서,세드리크",세드리크 리에스테르X정예서,로맨틱,,"만화,일러스트,공예",naro_akam,https://dongne.co/events/df2604/circles/161959,제33회 디. 페스타(토),Day1
낫망인생최후의끌어치기,Natmang,K-19b,K,19,b,1sp,어두운 바다의 등불이 되어,,,김재희,,,,"만화,일러스트",null404fail,https://dongne.co/events/df2604/circles/163442,제33회 디. 페스타(토),Day1
우린다같은깡통인거예요,호우,Y-12a,Y,12,a,1sp,트랜스포머,"할로우나이트,실크송",트랜스포머 쁘띠존,"오토봇,디셉티콘,13프라임,벌레",,,,"만화,일러스트,기타",HOU_OWL,https://dongne.co/events/df2604/circles/164132,제33회 디. 페스타(토),Day1
토마토계란없는원숭이밥,S2,M-04a,M,04,a,1sp,유희왕,,야미진 쁘띠존 < 강한 마음 x 다정한 마음 >,,,,,만화,world_vs_you,https://dongne.co/events/df2604/circles/162111,제33회 디. 페스타(토),Day1
우리집벤츠는케이블나온다,유기체,Y-17a,Y,17,a,1sp,트랜스포머,,트랜스포머 쁘띠존,사운드웨이브,쇼크웨이브X사운드웨이브,로맨틱,,"소설,만화",yugiche04,https://dongne.co/events/df2604/circles/164188,제33회 디. 페스타(토),Day1
인술학원다이렉트어트렉션,깡깡,A-06b,A,06,b,1sp,닌타마 란타로,,"닌타마 쁘띠존 : 인술학원 혜성제 ""입학시험의 단!""","아야베,타키야샤마루,4학년",아야베키하치로X타이라노타키야샤마루,"해당없음,로맨틱",,"일러스트,만화",Bannny_01,https://dongne.co/events/df2604/circles/163934,제33회 디. 페스타(토),Day1
프라임사칭사건피해자연대,제트기킬러,Z-03,Z,03,,2sp,트랜스포머,,트랜스포머 쁘띠존,"옵티머스 프라임,라쳇",라쳇X옵티머스 프라임,"로맨틱,섹슈얼",,만화,jetki11er,https://dongne.co/events/df2604/circles/164089,제33회 디. 페스타(토),Day1
나기미나○○○○이검○○○,피자파티,U-06,U,06,,2sp,페이트,아이나나,,,,,,"만화,소설",,https://dongne.co/events/df2604/circles/162241,제33회 디. 페스타(토),Day1
일단신청만하는거니까신청만,"계란,레시,젯",Y-16,Y,16,,2sp,트랜스포머,,트랜스포머 쁘띠존,,,,,,,https://dongne.co/events/df2604/circles/164149,제33회 디. 페스타(토),Day1
좌우상대고정전문중고등학교,"수진,푸딩",E-21,E,21,,2sp,블루록,명조,,"이토시 사에,이토시 린",이토시 사에X이토시 린,로맨틱,이사카이,"만화,일러스트","ifekusa, yeobojagiaegi",https://dongne.co/events/df2604/circles/162827,제33회 디. 페스타(토),Day1
트랜스폼이처음이라떨립니다,탄산,Z-23a,Z,23,a,1sp,트랜스포머 애니메이티드,,트랜스포머 쁘띠존,,,,,"기타,소설",Awesome_TrigerG,https://dongne.co/events/df2604/circles/162174,제33회 디. 페스타(토),Day1
회지를내지않으면나갈수없는방,뜌뜌와 아이들,L-07,L,07,,2sp,원피스,,,,,,,기타,,https://dongne.co/events/df2604/circles/162584,제33회 디. 페스타(토),Day1
천사와악마이미지이거넣어도돼?,호시,L-22b,L,22,b,1sp,유희왕,,,"바쿠라 료,어둠의 바쿠라",어둠의 바쿠라X바쿠라 료,로맨틱,,소설,hoshinonaikai,https://dongne.co/events/df2604/circles/163222,제33회 디. 페스타(토),Day1
메론빵호타고출항해서세상구하기,"겜용팔, 사화",X-19b,X,19,b,1sp,오버워치,"미우404,코우노도리,페르소나,프로젝트 헤일메리",,,,로맨틱,,,yong_fal1863,https://dongne.co/events/df2604/circles/162549,제33회 디. 페스타(토),Day1
부부메크메옵메하는인간부부부스,스텡,Z-18,Z,18,,2sp,트랜스포머,,트랜스포머 쁘띠존,"옵티머스 프라임,메가트론",메가트론X옵티머스 프라임,"로맨틱,섹슈얼"," 옵티메가, 옵리타(옵엘), 메옵리타(메옵엘), 디오라, 오라디","만화,일러스트,소설",musical_Sims,https://dongne.co/events/df2604/circles/161698,제33회 디. 페스타(토),Day1
알잖아난말야빛의밖에선살수없어,공,U-08a,U,08,a,1sp,리버스 1999,빛과 밤의 사랑,,,,,,,MingO562,https://dongne.co/events/df2604/circles/163484,제33회 디. 페스타(토),Day1
하시마다하시는고능한하루되시길,애국,C-03,C,03,,2sp,나루토,헌터헌터,,우치하마다라 센쥬하시라마,,로맨틱,이타사스,,hyung_za,https://dongne.co/events/df2604/circles/163196,제33회 디. 페스타(토),Day1
빛과밤을넘어서너에게로안갈거야???,"명몽, 마뱀이",T-07b,T,07,b,1sp,빛과 밤의 사랑,,빛과 밤의 사랑 쁘띠존 「휘명시디자이너연합회」,,,,,,"Myeong_0u0, MabamE_S2",https://dongne.co/events/df2604/circles/162336,제33회 디. 페스타(토),Day1
잠깐만왜헤무헤무에서헤무헤무냄새가나고있지,ㄷㄷ,B-12,B,12,,2sp,닌타마 란타로,,"닌타마 쁘띠존 : 인술학원 혜성제 ""입학시험의 단!""",,,,,,dd_ninnin,https://dongne.co/events/df2604/circles/163257,제33회 디. 페스타(토),Day1
팔만대장경만들고싶다고했지쓰고싶다고는안했다,종이,U-04,U,04,,2sp,원룸조교님,,,지승혁,지승혁X지은오,로맨틱,,,fage_is_good,https://dongne.co/events/df2604/circles/162259,제33회 디. 페스타(토),Day1
인류최후의마스터도하고닌자도하고프로듀서도하는부스,실타래,U-20a,U,20,a,1sp,"페이트/그랜드 오더,닌타마 란타로",,,,,로맨틱,오베캐스,"만화,일러스트",,https://dongne.co/events/df2604/circles/163429,제33회 디. 페스타(토),Day1
0+123456,우파루파,K-13a,K,13,a,1sp,명탐정 코난,닌자보이 란타로(닌타마 란타로),,"후루야 레이,카자미 유우야",후루야 레이X카자미 유우야,"로맨틱,섹슈얼","다카사, 시라코바 etc.","만화,일러스트",uparupa_nun,https://dongne.co/events/df2604/circles/162810,제33회 디. 페스타(토),Day1
현무 1팀 막내 포도를 찾습니다.,미르,Q-13,Q,13,,2sp,괴담출근,,,"최 요원,류재관,김솔음",,,,일러스트,beummir,https://dongne.co/events/df2604/circles/163545,제33회 디. 페스타(토),Day1
행복 1번지,주먹짱,T-18,T,18,,2sp,도키메키 메모리얼 걸즈사이드,빛과 밤의 사랑,,,,,,,,https://dongne.co/events/df2604/circles/161539,제33회 디. 페스타(토),Day1
하늘에서 떨어지는 1억개의 불운,닌닌,B-07,B,07,,2sp,닌타마,,"닌타마 쁘띠존 : 인술학원 혜성제 ""입학시험의 단!""",,,,,,ninninbogd__,https://dongne.co/events/df2604/circles/163489,제33회 디. 페스타(토),Day1
파문의호흡제1형,"디귿, 카부토무시",F-04,F,04,,2sp,"나의 히어로 아카데미아,죠죠의 기묘한 모험",귀멸의 칼날,,"디오,푸치,야마다 히자시,아이자와 쇼타",디오X푸치,"로맨틱,섹슈얼",마이크X아이자와,"만화,일러스트,소설","deadflagsblues, kbtms_4",https://dongne.co/events/df2604/circles/163000,제33회 디. 페스타(토),Day1
1004기수 시즌2,스ㅍㅡ,X-21,X,21,,2sp,MIU404,호시노겐 슬로우트레인 천관사복 보컬로이드,,이부키 아이 / 시마 카즈미,,,,,,https://dongne.co/events/df2604/circles/161693,제33회 디. 페스타(토),Day1
1042thDEAL,"42, 디일",F-17,F,17,,2sp,원피스,"슬램덩크,은혼,포켓몬,보컬로이드",,,,,,,,https://dongne.co/events/df2604/circles/161526,제33회 디. 페스타(토),Day1
무로마치 13번,괄호,B-09,B,09,,2sp,닌타마 란타로,원신,"닌타마 쁘띠존 : 인술학원 혜성제 ""입학시험의 단!""",,,,,,toi_ttoi2,https://dongne.co/events/df2604/circles/163537,제33회 디. 페스타(토),Day1
13월의 정원,가든,G-21,G,21,,2sp,,,,,,,,,,https://dongne.co/events/df2604/circles/161968,제33회 디. 페스타(토),Day1
어 15년전에 봤던거다,새우,E-05b,E,05,b,1sp,이나즈마 일레븐,,,,,,,,shirimp_eleven,https://dongne.co/events/df2604/circles/163217,제33회 디. 페스타(토),Day1
16hours,방듀,A-07a,A,07,a,1sp,닌타마 란타로,,"닌타마 쁘띠존 : 인술학원 혜성제 ""입학시험의 단!""","케마 토메사부로,젠포우지 이사쿠",케마 토메사부로X젠포우지 이사쿠,"로맨틱,로맨틱",,만화,n_baindyu,https://dongne.co/events/df2604/circles/163013,제33회 디. 페스타(토),Day1
도로교통법제17조3항위반 범칙금13만원,"HR, 명하",Z-19,Z,19,,2sp,트랜스포머,적토,트랜스포머 쁘띠존,"스턴티콘,컴배티콘,적토마",넉아웃X라쳇,로맨틱,,"소설,공예,조형",HRRK_TF,https://dongne.co/events/df2604/circles/161932,제33회 디. 페스타(토),Day1
토마호크 스테이크 1호점 : AT센터점,명란바게트,"S-14, S-15",S,14,,4sp,괴담에 떨어져도 출근을 해야 하는구나,,,김솔음,,"로맨틱,섹슈얼,해당없음",,"만화,일러스트",Myeong_ba_0506,https://dongne.co/events/df2604/circles/161821,제33회 디. 페스타(토),Day1
건강스낵 짱려 1ea 34kcal,피리아,R-04b,R,04,b,1sp,이세계 착각 헌터,,,"강창호,김기려",강창호X김기려,로맨틱,,,my_moist_alien,https://dongne.co/events/df2604/circles/162095,제33회 디. 페스타(토),Day1
말랑말랑로봇협회 시즌2,MAYO,Z-24b,Z,24,b,1sp,트랜스포머,,트랜스포머 쁘띠존,,,,,일러스트,frozenmayo_,https://dongne.co/events/df2604/circles/162345,제33회 디. 페스타(토),Day1
상상가게2호점,무라이,U-01,U,01,,2sp,,,,,,,,,,https://dongne.co/events/df2604/circles/161930,제33회 디. 페스타(토),Day1
낙인2부기원위원회,페르,L-21b,L,21,b,1sp,유희왕 OCG,,,,알버스X에클레시아,"로맨틱,로맨틱",,만화,perrphecy,https://dongne.co/events/df2604/circles/162419,제33회 디. 페스타(토),Day1
2마트,2,O-12,O,12,,2sp,"괴담에 떨어져도 출근을 해야 하는구나,전지적 독자시점","니지산지,데뷔 못 하면 죽는 병 걸림,어두운 바다의 등불이 되어",,"브라운,김솔음,유중혁,김독자",유중혁X김독자,해당없음,"블솔, 제솔, 아현문대, 해량무현",일러스트,charon_22,https://dongne.co/events/df2604/circles/162210,제33회 디. 페스타(토),Day1
2차창작이 돈이 안되는걸 보여주겠다,우라늄,S-20,S,20,,2sp,광마회귀,,,"몽랑,이자하",몽랑X자하,"로맨틱,섹슈얼","몽랑자하, 자하몽랑","소설,만화",,https://dongne.co/events/df2604/circles/162018,제33회 디. 페스타(토),Day1
[201호실],깅,A-22a,A,22,a,1sp,닌자보이 란타로,,"닌타마 쁘띠존 : 인술학원 혜성제 ""입학시험의 단!""","도이 한스케,셋츠노 키리마루",키리마루X도이,로맨틱,,"만화,소설",LSF_21xxxx,https://dongne.co/events/df2604/circles/161987,제33회 디. 페스타(토),Day1
2026 다이겐 앤솔로지 ,두목,X-16,X,16,,2sp,히프노시스 마이크,,,"아리스가와 다이스,유메노 겐타로",아리스가와 다이스X유메노 겐타로,"로맨틱,섹슈얼,로맨틱,섹슈얼",,"만화,일러스트,소설",No_1_KASHIRA,https://dongne.co/events/df2604/circles/162140,제33회 디. 페스타(토),Day1
2026리코붐,리코,M-10,M,10,,2sp,데스노트 소울이터 보컬로이드 니지산지 등,,,라이토 L 보컬로이드 버튜버,,로맨틱,,일러스트,"rico_maruu, ricolifes, JBeaGooP",https://dongne.co/events/df2604/circles/162844,제33회 디. 페스타(토),Day1
21세기 동인은 물물교환만 받습니다.,빨간단추,N-07,N,07,,2sp,괴담출근,,,최요원,,,,,,https://dongne.co/events/df2604/circles/162001,제33회 디. 페스타(토),Day1
창24,Ceo,I-14,I,14,,2sp,오리지널,"프로세카,할로우나이트,실크송,1차 창작,프로젝트 세카이",,오리지널,시노노메 아키토X아오야기 토우야,,,만화,buha699,https://dongne.co/events/df2604/circles/163575,제33회 디. 페스타(토),Day1
2604,양민,R-03,R,03,,2sp,이세계 착각 헌터,,,,김기려X선우연,,,,,https://dongne.co/events/df2604/circles/161738,제33회 디. 페스타(토),Day1
2604디페토n,vinel,V-03a,V,03,a,1sp,,,,,,,,,,https://dongne.co/events/df2604/circles/162365,제33회 디. 페스타(토),Day1
인생의3할을함께한전통된씹덕들의헌사수집목록,pbj,Z-04,Z,04,,2sp,트랜스포머,닌타마 란타로,트랜스포머 쁘띠존,"메가트론,스타스크림,도이 한스케,모로이즈미 손나몽",메가트론X스타스크림,로맨틱,도이손,소설,pisces4910,https://dongne.co/events/df2604/circles/164204,제33회 디. 페스타(토),Day1
그래서 30일 동안 뭐 했는데?,熊,M-08,M,08,,2sp,죠죠의 기묘한 모험,,,,시저 체페리X죠셉 죠스타,"로맨틱,섹슈얼",,"만화,소설",CJ19390128,https://dongne.co/events/df2604/circles/161613,제33회 디. 페스타(토),Day1
30기 35화,ㅅㅇ,B-05,B,05,,2sp,닌타마,,"닌타마 쁘띠존 : 인술학원 혜성제 ""입학시험의 단!""","야마다 리키치,도이 한스케",야마다 리키치X도이 한스케,"로맨틱,섹슈얼",,만화,sensei_saico,https://dongne.co/events/df2604/circles/162418,제33회 디. 페스타(토),Day1
306호 듀못방,2B,M-01,M,01,,2sp,유희왕 등,"이나이레 하비애니 등,니지산지",,,,해당없음,,"만화,일러스트",ivy_vs__,https://dongne.co/events/df2604/circles/162286,제33회 디. 페스타(토),Day1
죽이 되든 밥이 되든 4춘기,"닌탸, 누룽지",C-10,C,10,,2sp,닌자보이 란타로,,"닌타마 쁘띠존 : 인술학원 혜성제 ""입학시험의 단!""","4닌,아야베 키하치로,타이라노 타키야샤마루,타무라 미키에몬,하마 슈이치로,사이토 타카마루",,해당없음,"리코마, 코헤타키","만화,일러스트",TYANIN_86,https://dongne.co/events/df2604/circles/164002,제33회 디. 페스타(토),Day1
가보자(4디페),밀재,M-12,M,12,,2sp,,,,,,,,,Cuu_Mill,https://dongne.co/events/df2604/circles/162476,제33회 디. 페스타(토),Day1
주인장여기애니멧4시즌주쇼,민트구스,Z-12b,Z,12,b,1sp,트랜스포머애니메이티드,,트랜스포머 쁘띠존,,드리프트X퍼셉터,로맨틱,"프라재즈,프범,휠잭퍼시","만화,기타",,https://dongne.co/events/df2604/circles/162032,제33회 디. 페스타(토),Day1
4월,yaming,Q-07,Q,07,,2sp,이세계 착각 헌터,괴담에 떨어져도 출근을 해야 하는구나,,,,,,"기타,공예,조형",,https://dongne.co/events/df2604/circles/162983,제33회 디. 페스타(토),Day1
4디페 가자!,체리,V-01,V,01,,2sp,가라오케 가자!,패밀리 레스토랑 가자.,,"나리타 쿄지,오카 사토미",쿄지X사토미,섹슈얼,,"소설,기타",hk_cherry_2046,https://dongne.co/events/df2604/circles/163599,제33회 디. 페스타(토),Day1
4월은 메옵이 제철,Ghilli,Z-14,Z,14,,2sp,TFP,트랜스포머 IDW1 코믹스,트랜스포머 쁘띠존,옵티머스 프라임,메가트론X옵티머스,"로맨틱,섹슈얼",숔오라,"만화,일러스트,소설",Ghilllli,https://dongne.co/events/df2604/circles/164100,제33회 디. 페스타(토),Day1
404,단후,A-21,A,21,,2sp,닌타마,,"닌타마 쁘띠존 : 인술학원 혜성제 ""입학시험의 단!""",,,,,,,https://dongne.co/events/df2604/circles/161902,제33회 디. 페스타(토),Day1
4디페(토)1sp,벨로,V-03b,V,03,b,1sp,,,,,,,,,,https://dongne.co/events/df2604/circles/162288,제33회 디. 페스타(토),Day1
4인6장르,찌,C-06,C,06,,2sp,"나루토,리버스1999,괴담출근,100미터. 명일방주",,,,,,자이미야자이,"만화,일러스트",,https://dongne.co/events/df2604/circles/162824,제33회 디. 페스타(토),Day1
5등분의 김솔음,호에엥,O-15,O,15,,2sp,괴담출근,,,,,해당없음,,,TFfnxC37VYVUZQN,https://dongne.co/events/df2604/circles/163569,제33회 디. 페스타(토),Day1
6학년이 적기,H2O,B-14,B,14,,2sp,닌타마,,"닌타마 쁘띠존 : 인술학원 혜성제 ""입학시험의 단!""",,,,,"만화,일러스트",eggflygood,https://dongne.co/events/df2604/circles/163295,제33회 디. 페스타(토),Day1
휘명시 제 67지부,알리샤,T-11,T,11,,2sp,빛과 밤의 사랑,,빛과 밤의 사랑 쁘띠존 「휘명시디자이너연합회」,육시헌,,,,공예,Alicia00607,https://dongne.co/events/df2604/circles/161989,제33회 디. 페스타(토),Day1
7년째 타협 불가,부농,L-03,L,03,,2sp,괴수8호,화산귀환,,"나루미 겐,호시나 소우시로,청명,백천,윤종,조걸,이설,소소,당보,혜연",,,,"만화,소설",E5C2BE,https://dongne.co/events/df2604/circles/163591,제33회 디. 페스타(토),Day1
86세 명탐정코난 할아버지 최후의 역전재판,잠칸,U-14,U,14,,2sp,역전재판,"86(에이티식스),명탐정코난",,"오도로키 호스케,블라디레나밀리제,진",아오이다이치X오도로키호스케,로맨틱,"신에이x레나, 진x스카치",만화,_gaesamsoong,https://dongne.co/events/df2604/circles/164187,제33회 디. 페스타(토),Day1
9회말 2아웃에 혹시모름,낙9,"O-04, O-05",O,04,,4sp,괴담에 떨어져도 출근을 해야하는구나,"어두운 바다의 등불이 되어,너희들은 변호됐다",,김솔음 외 all 캐릭터,,해당없음,,"만화,일러스트,소설",sonakBe_33,https://dongne.co/events/df2604/circles/164101,제33회 디. 페스타(토),Day1
Alchemy Lab.,JunE,X-05,X,05,,2sp,볼트론:전설의 수호자,,,"키스,시로,알루라,랜스,피지,헝크,팔라딘즈",,"로맨틱,섹슈얼",알루랜스,"일러스트,소설",fennecjune,https://dongne.co/events/df2604/circles/162249,제33회 디. 페스타(토),Day1
Always Win with You! (적먹 결혼 앤솔로지),YES,E-03,E,03,,2sp,쿠로코의 농구,,,"아카시 세이쥬로,마유즈미 치히로",아카시 세이쥬로X마유즈미 치히로,"로맨틱,섹슈얼",,"만화,소설",Akamayu_wedding,https://dongne.co/events/df2604/circles/161980,제33회 디. 페스타(토),Day1
Aporia 한국 분점 aka 브레마이 한줌단☆,HB,W-13,W,13,,2sp,breakmycase,,,breakmycase,,,,"만화,일러스트,소설,공예",brmy_dreammkcy,https://dongne.co/events/df2604/circles/162062,제33회 디. 페스타(토),Day1
Apple pie Opera,씨소,F-01b,F,01,b,1sp,나의 히어로 아카데미아,,,"바쿠고 카츠키,미도리야 이즈쿠",바쿠고 카츠키X미도리야 이즈쿠,로맨틱,,일러스트,ssiisaw,https://dongne.co/events/df2604/circles/161531,제33회 디. 페스타(토),Day1
ASDF,kkyut,M-22,M,22,,2sp,유희왕,,야미진 쁘띠존 < 강한 마음 x 다정한 마음 >,,,,,만화,sung22a,https://dongne.co/events/df2604/circles/161669,제33회 디. 페스타(토),Day1
Black Eye & Rondor,Rondor,"G-09, G-10",G,09,,4sp,1차 창작,팬아트/FF14/해즈빈호텔,,,,,,,"rondor_1st, blackeye_toast",https://dongne.co/events/df2604/circles/164230,제33회 디. 페스타(토),Day1
BSOD:(,티라,A-20,A,20,,2sp,닌타마,,"닌타마 쁘띠존 : 인술학원 혜성제 ""입학시험의 단!""",,,,,,Tira_0O,https://dongne.co/events/df2604/circles/162662,제33회 디. 페스타(토),Day1
오리지늄 C세포,HYUN,V-12,V,12,,2sp,명일방주,"젤다의 전설,할로우나이트",,올캐릭터,,,,,KJ3R4G,https://dongne.co/events/df2604/circles/163283,제33회 디. 페스타(토),Day1
Cerulean+Blue,Sipir,T-03,T,03,,2sp,가비지타임,하이큐,,,,,,,,https://dongne.co/events/df2604/circles/161768,제33회 디. 페스타(토),Day1
CHIAKI,치아키,T-09,T,09,,2sp,빛과 밤의 사랑,,빛과 밤의 사랑 쁘띠존 「휘명시디자이너연합회」,,소휘X여주,,,만화,chiaki_0219_2,https://dongne.co/events/df2604/circles/161500,제33회 디. 페스타(토),Day1
Crotti,kitami,L-11,L,11,,2sp,원피스,"켄간,킹덤,슬램덩크,아이실드21",,,,,,,,https://dongne.co/events/df2604/circles/161957,제33회 디. 페스타(토),Day1
하마투어 연수여행-DAY2-,식빵,T-14a,T,14,a,1sp,18trip,,,"이소타케 아쿠타,키누가와 키로쿠,나나메기 나나키,카구야 무네우지,쿠라마 우시오",,해당없음,,"만화,일러스트",hilinkbi,https://dongne.co/events/df2604/circles/162586,제33회 디. 페스타(토),Day1
마블&DC 코믹스,"WE , 담현",X-03,X,03,,2sp,DC 코믹스,마블 코믹스,,"배트맨,제이슨토드,스파이더맨",,,,일러스트,WE_5104,https://dongne.co/events/df2604/circles/163496,제33회 디. 페스타(토),Day1
D-Esper,케링,D-03a,D,03,a,1sp,슬램덩크,주술회전,,서태웅,윤대협X서태웅,"로맨틱,섹슈얼","고죠후시,하치리드",,d_esper_,https://dongne.co/events/df2604/circles/161471,제33회 디. 페스타(토),Day1
Diesukideath,적날,J-22,J,22,,2sp,도박묵시록 카이지,도키메모 GS3,,이토 카이지,,로맨틱,,일러스트,Oz_lovers,https://dongne.co/events/df2604/circles/163897,제33회 디. 페스타(토),Day1
DONUT UNIVERSE,"TN, 트라뭇",K-20b,K,20,b,1sp,트라이건,,,,울프우드X밧슈,,,,,https://dongne.co/events/df2604/circles/163141,제33회 디. 페스타(토),Day1
어서오세요 룩키버거 세광DT점,랄루,R-16,R,16,,2sp,괴담출근,,,,최요원X김솔음,,,"만화,일러스트",,https://dongne.co/events/df2604/circles/161488,제33회 디. 페스타(토),Day1
ECO-404,성찬,G-15,G,15,,2sp,,,,,,,,"일러스트,만화,기타",,https://dongne.co/events/df2604/circles/163437,제33회 디. 페스타(토),Day1
Endless Dream,루다,P-10,P,10,,2sp,괴담출근,,,"최요원,류재관",최요원X류재관,로맨틱,,소설,luda_urbanmyth,https://dongne.co/events/df2604/circles/161966,제33회 디. 페스타(토),Day1
G1의 은혜는 하늘 같아서,아무래도,Y-14,Y,14,,2sp,트랜스포머 G1,기타 트랜스포머 시리즈,트랜스포머 쁘띠존,"클리프점퍼,하운드,미라지",,,,"만화,일러스트,기타",brotherofother,https://dongne.co/events/df2604/circles/164127,제33회 디. 페스타(토),Day1
GYURI,김규리,C-22b,C,22,b,1sp,하이큐,디지몬,,,,,,,,https://dongne.co/events/df2604/circles/161659,제33회 디. 페스타(토),Day1
HABSELIGKEITEN,은람,R-20,R,20,,2sp,전독시,,,중혁독자,,,,,eunram,https://dongne.co/events/df2604/circles/162376,제33회 디. 페스타(토),Day1
he@rtkoi,@qpd,G-18,G,18,,2sp,,,,,,,,,,https://dongne.co/events/df2604/circles/163046,제33회 디. 페스타(토),Day1
"우리 플랜트 푸르게 푸르게(If Something's Wrong, It's Probably Humans.)","낫, 또",L-20,L,20,,2sp,트라이건,,,"밧슈,나이브스",밧슈X나이브스,섹슈얼,,"만화,소설","canspiit, huhcerealsly",https://dongne.co/events/df2604/circles/162749,제33회 디. 페스타(토),Day1
잡덕is마이job,루,P-11,P,11,,2sp,괴담출근,프로젝트세카이,,김솔음,,로맨틱,,,jungru1125,https://dongne.co/events/df2604/circles/163883,제33회 디. 페스타(토),Day1
Lovely Mix,Lovely Mix,Q-14b,Q,14,b,1sp,괴담출근,"화산귀환,전독시,내스급",,,,,,,LovelyMix_,https://dongne.co/events/df2604/circles/161958,제33회 디. 페스타(토),Day1
MIGHT BE THE HERO!,mha_deokjil,F-03,F,03,,2sp,나의 히어로 아카데미아,,,바쿠고 카츠키 외 다수 캐릭터,,,,"만화,일러스트",mha_deokjil,https://dongne.co/events/df2604/circles/163381,제33회 디. 페스타(토),Day1
mini:D,M카,P-14,P,14,,2sp,괴담출근,데못죽,,,,,,,,https://dongne.co/events/df2604/circles/161747,제33회 디. 페스타(토),Day1
MIU 하자,아구치,X-22,X,22,,2sp,MIU404,,,"이부키 아이,시마 카즈미",,로맨틱,,"만화,일러스트,사진",oiljang_5,https://dongne.co/events/df2604/circles/163054,제33회 디. 페스타(토),Day1
Mixed Nuts,이례,Q-15,Q,15,,2sp,괴담출근,,,,,,,,irey_y,https://dongne.co/events/df2604/circles/161558,제33회 디. 페스타(토),Day1
MOCOclub,cocomoco,G-17,G,17,,2sp,창작,블루 록,,,,,나기레오,만화,c_ocomoco,https://dongne.co/events/df2604/circles/162433,제33회 디. 페스타(토),Day1
My☆Planet,행성지기,G-05,G,05,,2sp,핸드메이드 봉제인형,솜인형 옷,,,,,,,My_Planet_Doll,https://dongne.co/events/df2604/circles/162449,제33회 디. 페스타(토),Day1
마카롱김치찌개 n회차,ㄲ1,"F-10, F-11",F,10,,4sp,"윈브레,시광대리인",,,미정,,,,"만화,일러스트,공예",___kk1_,https://dongne.co/events/df2604/circles/161510,제33회 디. 페스타(토),Day1
Nocontexthuman,봇,D-06b,D,06,b,1sp,100미터,,,,,,,만화,,https://dongne.co/events/df2604/circles/162875,제33회 디. 페스타(토),Day1
ONSET,사비크,E-23a,E,23,a,1sp,블루록,,,"이사기 요이치,미하엘 카이저",이사기 요이치X미하엘 카이저,로맨틱,,,,https://dongne.co/events/df2604/circles/161919,제33회 디. 페스타(토),Day1
oO(상상중),H4B,S-12b,S,12,b,1sp,괴담에 떨어져도 출근을 해야 하는구나,,,김솔음,최요원X김솔음,"로맨틱,섹슈얼",재관솔음,,hae4back_,https://dongne.co/events/df2604/circles/164016,제33회 디. 페스타(토),Day1
P들의 부스,소비,G-03,G,03,,2sp,없음,없음,,,,,,공예,SOBI_J01,https://dongne.co/events/df2604/circles/162712,제33회 디. 페스타(토),Day1
PASSION,소라,J-07b,J,07,b,1sp,1차 창작 캐릭터 위주의 정기 발간 회지,붕괴:스타레일,,,,,,"만화,일러스트,기타",kaistpassion,https://dongne.co/events/df2604/circles/163479,제33회 디. 페스타(토),Day1
Qterw-A-귀여워지세요,"비타, 레샤",R-13,R,13,,2sp,괴담에 떨어져도 출근을 해야하는구나,"은혼,나루토,헌터헌터",,"괴담출근 캐릭터,긴토키,헌터헌터 캐릭터",,,,일러스트,"banbaji5, Resha_082",https://dongne.co/events/df2604/circles/162778,제33회 디. 페스타(토),Day1
*Rabbithole*,hooneu,M-19,M,19,,2sp,유희왕(DM),,야미진 쁘띠존 < 강한 마음 x 다정한 마음 >,"유희,어둠의 유희",어둠의 유희X유희,로맨틱,,만화,hooneu777,https://dongne.co/events/df2604/circles/162776,제33회 디. 페스타(토),Day1
괴담에떨어졌는데런닝못하면죽는병걸려서s급농구선수가됨,바햄,P-24,P,24,,2sp,괴담출근,"가비지타임,테일즈런너,데못죽,내스급",,,,로맨틱,한유현 x 한유진,,bahammh,https://dongne.co/events/df2604/circles/163190,제33회 디. 페스타(토),Day1
Sad Sad Kiddie,미르덱스,E-01a,E,01,a,1sp,메달리스트,"주술회전,체인소맨",,"아케우라지 츠카사,요다카 쥰",아케우라지 츠카사X요다카 쥰,"로맨틱,섹슈얼","츠카쥰, 츠카요다, 이타후시, 스쿠후시, 천사아키 ",소설,mirdex_murmur,https://dongne.co/events/df2604/circles/161468,제33회 디. 페스타(토),Day1
SEA QUEST,사구리,K-19a,K,19,a,1sp,골든카무이,,,,,,,,,https://dongne.co/events/df2604/circles/161584,제33회 디. 페스타(토),Day1
SEXYGUYS in basketball court,미남프사,T-06,T,06,,2sp,가비지타임,,,,,,,,sexyguyprofile,https://dongne.co/events/df2604/circles/162225,제33회 디. 페스타(토),Day1
SHOCK!#,Syunn,T-16a,T,16,a,1sp,도검난무,,,,,,,"만화,일러스트",lady_may_ladys,https://dongne.co/events/df2604/circles/161760,제33회 디. 페스타(토),Day1
SNBR,시나브로,L-21a,L,21,a,1sp,마법사의약속,월야환담,,,,,,,,https://dongne.co/events/df2604/circles/161751,제33회 디. 페스타(토),Day1
Something Odd.,Odd.,G-02,G,02,,2sp,,,,,,,,"일러스트,사진,조형,공예,기타",i_odd_u,https://dongne.co/events/df2604/circles/162334,제33회 디. 페스타(토),Day1
Sourplace,사워,D-02,D,02,,2sp,슬램덩크,"파미레스 가자,여학교의 별",,,윤대협X서태웅,"섹슈얼,로맨틱","나리타 쿄지 x 오카 사토미, 고바야시 케이지 x 호시 미츠히코","소설,만화",sourcream0314,https://dongne.co/events/df2604/circles/163205,제33회 디. 페스타(토),Day1
SSS급 이세계 망나니 도사 상시 대기,3,R-05b,R,05,b,1sp,이세계 착각 헌터,"망아살,화산귀환",,,정하성X김기려,,,,,https://dongne.co/events/df2604/circles/162431,제33회 디. 페스타(토),Day1
Sukideath,사일,E-20a,E,20,a,1sp,블루록,,,이사기 요이치,이토시 사에X이사기 요이치,"로맨틱,섹슈얼",나기이사,소설,yoixxchi,https://dongne.co/events/df2604/circles/163246,제33회 디. 페스타(토),Day1
Team 동네슈퍼,징오,K-12,K,12,,2sp,명탐정 코난,닌자보이 란타로,,수사1과+@,다카기 와타루X사토 미와코,로맨틱,,"만화,공예",jingjingocto,https://dongne.co/events/df2604/circles/164134,제33회 디. 페스타(토),Day1
Tea Party!,Tea,S-22a,S,22,a,1sp,백작가의 망나니가 되었다,,,케일 헤니투스,최한X케일 헤니투스,"로맨틱,섹슈얼",,만화,_Tea_Thyme,https://dongne.co/events/df2604/circles/163815,제33회 디. 페스타(토),Day1
TTT,TOR,G-11,G,11,,2sp,,,,,,,,"공예,만화",softyor_tor,https://dongne.co/events/df2604/circles/161576,제33회 디. 페스타(토),Day1
[입찰] [일반경쟁] <사카모토 데이즈> TV 애니메이션 제작 용역,김렛,E-15a,E,15,a,1sp,사카모토데이즈,악마에 입문했습니다 이루마군 if 마피아,,,세바 나츠키X아사쿠라 신,로맨틱,,"만화,일러스트",ushirono_wotaku,https://dongne.co/events/df2604/circles/162601,제33회 디. 페스타(토),Day1
Two Rabbits & 자몽공방,Rabbits,H-06,H,06,,2sp,,"데못죽,괴출,하이큐,플레이브,앙스타",,,,,,"공예,조형",2rabbits,https://dongne.co/events/df2604/circles/161676,제33회 디. 페스타(토),Day1
잡탕찌개 ver1.,우니마유,Q-02,Q,02,,2sp,괴담출근/괴수8호/이세계착각헌터,그 외 90-20년대 만화(카캡사/슬레이어즈/하울/ 룬아 등),,,,,,,,https://dongne.co/events/df2604/circles/163163,제33회 디. 페스타(토),Day1
착한 친구 믿기 vs 착한 토끼 믿기,멸종공룡,P-06b,P,06,b,1sp,괴담에 떨어져도 출근을 해야 하는구나,,,,,,,,,https://dongne.co/events/df2604/circles/162109,제33회 디. 페스타(토),Day1
산부인과 vs 정신과,.,W-14,W,14,,2sp,앙상블스타즈,블루록,,"카나타,치아키,이사기,카이저",신카이 카나타X모리사와 치아키,로맨틱,이사기 요이치x미하엘 카이저,"만화,일러스트,소설",vimnse,https://dongne.co/events/df2604/circles/163710,제33회 디. 페스타(토),Day1
무스메vs머스마2,눌,V-16b,V,16,b,1sp,앙스타,,,나즈나 시리우스,,,,만화,,https://dongne.co/events/df2604/circles/163132,제33회 디. 페스타(토),Day1
백사헌 vs 브라운 vs 강창호 누가 더 성가신가,wayter,P-07,P,07,,2sp,괴담출근,"이착헌,오리지널(1차창작)",,,,,,"조형,일러스트,만화,소설",wayter_0918,https://dongne.co/events/df2604/circles/161974,제33회 디. 페스타(토),Day1
warm&happy,므옹,H-11,H,11,,2sp,,아이돌리쉬 세븐,,,,,,,mong6681,https://dongne.co/events/df2604/circles/161833,제33회 디. 페스타(토),Day1
야미진 쁘띠존 < 강한 마음 x 다정한 마음 > 주최부스,야미진 쁘띠존 < 강한 마음 x 다정한 마음 >,M-23,M,23,,2sp,,,야미진 쁘띠존 < 강한 마음 x 다정한 마음 >,,,,,,,https://dongne.co/events/df2604/circles/161666,제33회 디. 페스타(토),Day1
xoxo_xoxo,구남,E-12,E,12,,2sp,은혼,"사카모토데이즈,헌터x헌터,괴수8호",,,,,,일러스트,qnamxoxo,https://dongne.co/events/df2604/circles/161540,제33회 디. 페스타(토),Day1
인(忍)력사무소,"도마, 사부",B-21,B,21,,2sp,닌타마,와야마 시리즈,"닌타마 쁘띠존 : 인술학원 혜성제 ""입학시험의 단!""",,,,,,"uusi1ver, saBoo_v_v",https://dongne.co/events/df2604/circles/162261,제33회 디. 페스타(토),Day1
星 - 사회성결여동아리 ,"피아노찌개, 은오",E-08a,E,08,a,1sp,"에반게리온,강철의 연금술사,던전밥",,,"에드워드 엘릭,알폰스 엘릭,로이 머스탱,나기사 카오루,이카리 신지",나기사 카오루X이카리 신지,"로맨틱,로맨틱",,"일러스트,만화",zkdhtls10VE,https://dongne.co/events/df2604/circles/163733,제33회 디. 페스타(토),Day1
零度少年少女,애옥,X-17b,X,17,b,1sp,히프노시스 마이크,,,"칸논자카 돗포,토쿠마 우네메(OC)",돗포X토쿠마,"로맨틱,섹슈얼",,소설,e62yd7x,https://dongne.co/events/df2604/circles/163602,제33회 디. 페스타(토),Day1
! 충격 ! 천사님 진짜 계심,"추신, 유감","Q-20, Q-21",Q,20,,4sp,,,,,,,,게임,"PS_KIZ, sorryMCE",https://dongne.co/events/dice05/circles/164632,다이스 페스타 #5,Day2
!! 티알잡이 마감배 !!,"TR꿈악어, PUZE",S-14,S,14,,2sp,,,,,,,,,FUSE2GO,https://dongne.co/events/dice05/circles/164653,다이스 페스타 #5,Day2
.,티믜,P-20b,P,20,b,1sp,,,,미정,,,,소설,,https://dongne.co/events/dice05/circles/164798,다이스 페스타 #5,Day2
[㈜ 크툴루 파크] 에 오신 걸 환영합니다~♬,냐루이사,O-07,O,07,,2sp,,,,,,,,기타,CTHULHU_PARK,https://dongne.co/events/dice05/circles/164766,다이스 페스타 #5,Day2
무 지 렁 이 클럽 : 어둠의 인디룰 향우회,반조,S-03,S,03,,2sp,,,,,,,,,Mujirung2_club,https://dongne.co/events/dice05/circles/164758,다이스 페스타 #5,Day2
달 뒷면 토끼파,녹조하임,P-22,P,22,,2sp,,,,,,,,소설,koamadefb_trpg,https://dongne.co/events/dice05/circles/164525,다이스 페스타 #5,Day2
팀 인스버스,멜,T-07a,T,07,a,1sp,,,,,,,,"공예,기타,조형",Melik_L_,https://dongne.co/events/dice05/circles/164790,다이스 페스타 #5,Day2
팀 턀삼국찌,요람,"N-20, N-21",N,20,,4sp,,,,,,,,"게임,소설",,https://dongne.co/events/dice05/circles/164514,다이스 페스타 #5,Day2
팀 기력비수기,비지,P-09,P,09,,2sp,,,,,,,,,OFF_season_TR,https://dongne.co/events/dice05/circles/164524,다이스 페스타 #5,Day2
"오, 겁스","두두, 스민",P-24,P,24,,2sp,,,,,,,,,"kmandoodoo_trpg, Tanzanite32_t1",https://dongne.co/events/dice05/circles/164651,다이스 페스타 #5,Day2
여담,여타,R-21,R,21,,2sp,,,,,,,,,iam_others,https://dongne.co/events/dice05/circles/164635,다이스 페스타 #5,Day2
머리 넷 달린 생선,플랫피쉬,Q-18a,Q,18,a,1sp,,,,,,,,소설,Team_Fourheaded,https://dongne.co/events/dice05/circles/164570,다이스 페스타 #5,Day2
절대 마감,얀별,P-11,P,11,,2sp,,,,,,,,기타,Yan_star_TRPG,https://dongne.co/events/dice05/circles/164562,다이스 페스타 #5,Day2
이름 보다 중요한 티알,다키,P-04,P,04,,2sp,,,,,,,,,biran83262843,https://dongne.co/events/dice05/circles/164718,다이스 페스타 #5,Day2
적폐 동인 더블크로스,그냥사람,P-17a,P,17,a,1sp,,,,,,,,게임,JAERHAUM,https://dongne.co/events/dice05/circles/164879,다이스 페스타 #5,Day2
서던 리치: 오르쿠스의 땅,"달큐, 나찰",R-09,R,09,,2sp,,,,,,,,"기타,게임,소설","FFB__L18, NC_evil",https://dongne.co/events/dice05/circles/164853,다이스 페스타 #5,Day2
공방 프리즘,리즈,T-07b,T,07,b,1sp,,,,,,,,공예,,https://dongne.co/events/dice05/circles/164769,다이스 페스타 #5,Day2
하나 테이블,"레터, 나나","S-22, S-23",S,22,,4sp,,,,,,,,"소설,기타","LOVELETTER_214, PS__TRPG",https://dongne.co/events/dice05/circles/164520,다이스 페스타 #5,Day2
핢과 부셈이,"핢, 부셈이",P-19a,P,19,a,1sp,,,,,,,,소설,TRPG_HARM,https://dongne.co/events/dice05/circles/164778,다이스 페스타 #5,Day2
나는 발광을 할 테니 너는 착란을 맡거라,"엑스, 공삼",P-06,P,06,,2sp,,,,,,,,,,https://dongne.co/events/dice05/circles/164742,다이스 페스타 #5,Day2
부스 이름을 뭐로 하지,이나,"P-14b, P-15a",P,14,b,2sp,,,,없음,,,,소설,nr_kyd,https://dongne.co/events/dice05/circles/164809,다이스 페스타 #5,Day2
버섯 레니빙 재배사,사사,R-12,R,12,,2sp,,,,,,,,"소설,기타",Sasa_TRPG_,https://dongne.co/events/dice05/circles/164705,다이스 페스타 #5,Day2
지금 재난인데 니 은닉을 왜처까,147,N-17,N,17,,2sp,,,,,,,,,N_4091,https://dongne.co/events/dice05/circles/164693,다이스 페스타 #5,Day2
같이 미쿠티알 하지 않을래?,아구,P-23b,P,23,b,1sp,,,,하츠네 미쿠,,,,,agu_TRPG,https://dongne.co/events/dice05/circles/164783,다이스 페스타 #5,Day2
야노 슌사쿠가 앤오로 보입니다,먼솔래담,R-13a,R,13,a,1sp,,,,,,,,,PA4A4A9,https://dongne.co/events/dice05/circles/164801,다이스 페스타 #5,Day2
바다 좋아하시나요...?,하뉴아,O-21,O,21,,2sp,,,,,,,,소설,I_am_not_Hanyu,https://dongne.co/events/dice05/circles/164786,다이스 페스타 #5,Day2
"배신, 그것은 마법을 의미하는 말",핫도그,R-18,R,18,,2sp,,,,,,,,,dog_omo,https://dongne.co/events/dice05/circles/164761,다이스 페스타 #5,Day2
재앙: 섬광,장진우,O-18a,O,18,a,1sp,,,,,,,,,,https://dongne.co/events/dice05/circles/164752,다이스 페스타 #5,Day2
이계: 서로 그렇게까지 소중하지는 않은 관계에 대한 해결책,도팍,O-20,O,20,,2sp,,,,,,,,기타,do0pk,https://dongne.co/events/dice05/circles/164610,다이스 페스타 #5,Day2
낚시터,쿠키,"Q-02, Q-03",Q,02,,4sp,,,,,,,,,CritofSnowman,https://dongne.co/events/dice05/circles/164674,다이스 페스타 #5,Day2
털찐이,털찐이,R-01,R,01,,2sp,,,,바람분댕,,,,,tulzzini,https://dongne.co/events/dice05/circles/164842,다이스 페스타 #5,Day2
푸른꽃,푸른꽃,"T-10, T-11",T,10,,4sp,,,,,,,,"게임,공예,기타",Team_BlueFlower,https://dongne.co/events/dice05/circles/164636,다이스 페스타 #5,Day2
현원탁,nora,"O-04, O-05",O,04,,4sp,,,,,,,,"소설,기타",nora_isThinking,https://dongne.co/events/dice05/circles/164820,다이스 페스타 #5,Day2
미로와 미르,"아비게일, 춤달, ",T-16,T,16,,2sp,,,,,,,,"공예,기타",abisgeil,https://dongne.co/events/dice05/circles/164795,다이스 페스타 #5,Day2
아론의 사제,이소율,S-16a,S,16,a,1sp,,,,,,,,게임,AaronTrpg,https://dongne.co/events/dice05/circles/164660,다이스 페스타 #5,Day2
티알이 고플 땐 저희를 드세요,"비빔참치마요, 이다",S-15,S,15,,2sp,,,,,,,,소설,"bibimtunamayo, cider_trpg",https://dongne.co/events/dice05/circles/164724,다이스 페스타 #5,Day2
일정이 없는 게 아니라 한정판 프리미엄 일정입니다만?,아마도딜로,S-16b,S,16,b,1sp,,,,,,,,소설,amadodilo,https://dongne.co/events/dice05/circles/164559,다이스 페스타 #5,Day2
캔모아 범죄 다발 도시 지점,피자몬,S-10,S,10,,2sp,,,,,,,,"기타,소설",Pizza_and_Coke,https://dongne.co/events/dice05/circles/164576,다이스 페스타 #5,Day2
그런건 네가 써야해,"파장, 네미, 미츠",N-19,N,19,,2sp,,,,,,,,"소설,기타",michu_TRPG,https://dongne.co/events/dice05/circles/164835,다이스 페스타 #5,Day2
고인물 국밥집,"멜, 몽긋",P-05a,P,05,a,1sp,,,,,,,,게임,mmmmmp_tr,https://dongne.co/events/dice05/circles/164728,다이스 페스타 #5,Day2
공수표 해결사,"향초, 댤, CCTV, 공",O-23,O,23,,2sp,,,,,,,,,ScenarichO,https://dongne.co/events/dice05/circles/164738,다이스 페스타 #5,Day2
그레이 스칼렛,스칼,Q-10b,Q,10,b,1sp,,,,,,,,"소설,기타",,https://dongne.co/events/dice05/circles/164529,다이스 페스타 #5,Day2
글쓰는 토끼굴,글쓰는 센트,O-24b,O,24,b,1sp,,,,,,,,기타,writing_cent,https://dongne.co/events/dice05/circles/164840,다이스 페스타 #5,Day2
파라곤 퀘스트,멤메,R-23b,R,23,b,1sp,,,,,,,,기타,,https://dongne.co/events/dice05/circles/164896,다이스 페스타 #5,Day2
신님은 주사위 놀이 당근 빳따죠,요븐,O-14,O,14,,2sp,,,,,,,,,,https://dongne.co/events/dice05/circles/164537,다이스 페스타 #5,Day2
배신의 리벌처 문호 성산시 지부,DB,R-08,R,08,,2sp,,,,,,,,,DBTRPG,https://dongne.co/events/dice05/circles/164563,다이스 페스타 #5,Day2
당신의 사명은 세션을 하는 것이다,LEMON,P-05b,P,05,b,1sp,,,,,,,,,,https://dongne.co/events/dice05/circles/164627,다이스 페스타 #5,Day2
살의와 순애는 초성이 같죠. 이게 과연 우연일까요?,"참새, B",N-01,N,01,,2sp,,,,,,,,기타,"TR_ue_bird, TEAM_MATIZ",https://dongne.co/events/dice05/circles/164794,다이스 페스타 #5,Day2
없어도 좋지만 있으면 더더욱 좋아요,로토스,S-04b,S,04,b,1sp,,,,,,,,"조형,기타",dontdo312,https://dongne.co/events/dice05/circles/164793,다이스 페스타 #5,Day2
정말로 그렇게 하나요?,전자친구,"N-12, N-13",N,12,,4sp,,,,,,,,,AF_TRPG,https://dongne.co/events/dice05/circles/164641,다이스 페스타 #5,Day2
수상한 가죽공방,닐림,T-08,T,08,,2sp,,,,,,,,공예,bsky:nillimbg3,https://dongne.co/events/dice05/circles/164528,다이스 페스타 #5,Day2
양귀비 설탕절임,오퓸,S-05,S,05,,2sp,,,,,,,,,,https://dongne.co/events/dice05/circles/164608,다이스 페스타 #5,Day2
인간이 아닙니다,yung,R-20,R,20,,2sp,,,,,,,,게임,Roastedfeet_0w0,https://dongne.co/events/dice05/circles/164723,다이스 페스타 #5,Day2
배신의 프로젝트 알파 아이돌,야채시장,Q-16,Q,16,,2sp,,,,,,,,,cornsweetpotato,https://dongne.co/events/dice05/circles/164719,다이스 페스타 #5,Day2
듀듀듀 크툴루쿠툴루,양유진,R-04a,R,04,a,1sp,,,,,,,,,,https://dongne.co/events/dice05/circles/164810,다이스 페스타 #5,Day2
광대버섯,버섯가지그라탕,R-16,R,16,,2sp,,,,,,,,"게임,소설,기타",mush_trpg,https://dongne.co/events/dice05/circles/164832,다이스 페스타 #5,Day2
단추수프,Ina,S-02,S,02,,2sp,,,,,,,,,inaHut_Trpg,https://dongne.co/events/dice05/circles/164780,다이스 페스타 #5,Day2
보라상조,디라스티트,O-08,O,08,,2sp,,,,,,,,소설,"IG_Eugene, restinhelio",https://dongne.co/events/dice05/circles/164513,다이스 페스타 #5,Day2
성산일보,ABCD,O-15,O,15,,2sp,,,,,,,,,writerbaek_trpg,https://dongne.co/events/dice05/circles/164745,다이스 페스타 #5,Day2
체크셔츠,김이박,"O-16, O-17",O,16,,4sp,,,,,,,,소설,kimpersonlee,https://dongne.co/events/dice05/circles/164895,다이스 페스타 #5,Day2
캉캉관광,캉캉,O-13,O,13,,2sp,,,,,,,,소설,w_KANGKANG_,https://dongne.co/events/dice05/circles/164891,다이스 페스타 #5,Day2
불명예의 쩐당,"순록, N5, 사일",R-07,R,07,,2sp,,,,,,,,,R31ND33R_TRPG,https://dongne.co/events/dice05/circles/164814,다이스 페스타 #5,Day2
프로젝트 쿠키,프로젝트쿠키,P-13,P,13,,2sp,,,,,,,,,projectkuki,https://dongne.co/events/dice05/circles/164628,다이스 페스타 #5,Day2
닌자들아 다음 시나리오에선 사이가 좋아지길 바라,미뢰,N-22a,N,22,a,1sp,,,,,,,,소설,tastebud_scene,https://dongne.co/events/dice05/circles/164560,다이스 페스타 #5,Day2
에트랑제 앨리스,래빗홀,N-18,N,18,,2sp,,,,,,,,소설,,https://dongne.co/events/dice05/circles/164594,다이스 페스타 #5,Day2
프로젝트 이터널,쿠키,S-20a,S,20,a,1sp,,,,,,,,기타,Eternal_TR,https://dongne.co/events/dice05/circles/164519,다이스 페스타 #5,Day2
크툴루가 없댔지 신화 생물이 없다고는 하지 않은 부스,"리드, 로벤티카",P-10,P,10,,2sp,,,,,,,,,Reed_Who_,https://dongne.co/events/dice05/circles/164904,다이스 페스타 #5,Day2
레니빙이 진화가 된다는 걸 보여주겠다,논냥,Q-07,Q,07,,2sp,,,,,,,,기타,,https://dongne.co/events/dice05/circles/164698,다이스 페스타 #5,Day2
도화여고 오컬트부,야기,Q-23,Q,23,,2sp,,,,,,,,,yagi_do_game,https://dongne.co/events/dice05/circles/164617,다이스 페스타 #5,Day2
젤리냥의 앞발상점,이린,P-17b,P,17,b,1sp,,,,,,,,"공예,기타",Jellycat_store,https://dongne.co/events/dice05/circles/164565,다이스 페스타 #5,Day2
폭신하게 세계멸망,"파블로프, 하늘",P-08,P,08,,2sp,,,,,,,,"소설,기타",trpg_pablof,https://dongne.co/events/dice05/circles/164875,다이스 페스타 #5,Day2
산지직송 당도최고 제일청과,팀 알레프룻,P-03,P,03,,2sp,,,,,,,,,AleF_ruit,https://dongne.co/events/dice05/circles/164889,다이스 페스타 #5,Day2
대법전의 털복숭이들,"설지, 누운개",Q-05,Q,05,,2sp,,,,,,,,,rotlea_for,https://dongne.co/events/dice05/circles/164826,다이스 페스타 #5,Day2
에브리띵 에브리웨어 올 앳 크로스,MAE,S-09b,S,09,b,1sp,,,,,,,,소설,ECL_not_LCL,https://dongne.co/events/dice05/circles/164708,다이스 페스타 #5,Day2
종자한테 마감시키게 브람 각성이나 할까,"자몽씨앗, ⅖㎖",S-11,S,11,,2sp,,,,,,,,기타,"zamong_trpg, 2_IO_OI_5_TRPG",https://dongne.co/events/dice05/circles/164830,다이스 페스타 #5,Day2
"연을빚다,연빚",연빚,R-05,R,05,,2sp,,,,앵자기,,,,공예,,https://dongne.co/events/dice05/circles/164910,다이스 페스타 #5,Day2
정보재해: 당신은 인세시피를 하고싶다,"티그, QU4CK",P-02,P,02,,2sp,,,,,,,,"기타,소설","TIG_TRPG, QU4CKT4KU",https://dongne.co/events/dice05/circles/164675,다이스 페스타 #5,Day2
난수박물관,곰룡,"O-02, O-03",O,02,,4sp,,,,,,,,기타,RNMuseum,https://dongne.co/events/dice05/circles/164540,다이스 페스타 #5,Day2
더블코로스,몬페,Q-18b,Q,18,b,1sp,,,,,,,,일러스트,,https://dongne.co/events/dice05/circles/164721,다이스 페스타 #5,Day2
던전베이직,Gary Kim,S-21a,S,21,a,1sp,,,,,,,,게임,garykimgames,https://dongne.co/events/dice05/circles/164736,다이스 페스타 #5,Day2
보라박쥐단,운구자감,S-17b,S,17,b,1sp,,,,,,,,"만화,일러스트",asdfasgaw_11,https://dongne.co/events/dice05/circles/164534,다이스 페스타 #5,Day2
샤노비가미,베꾸,O-01,O,01,,2sp,,,,,,,,,beGGu55,https://dongne.co/events/dice05/circles/164898,다이스 페스타 #5,Day2
카페인페인,역설,P-01,P,01,,2sp,,,,,,,,,paradoxcho,https://dongne.co/events/dice05/circles/164697,다이스 페스타 #5,Day2
케르베로스,"냡, 샤난, 아프로",P-07,P,07,,2sp,,,,,,,,"소설,기타",,https://dongne.co/events/dice05/circles/164741,다이스 페스타 #5,Day2
소쿠리단지 : 단지 내 물품 미정 ,소쿠리단지,P-14a,P,14,a,1sp,,,,,,,,,basketof_tb,https://dongne.co/events/dice05/circles/164707,다이스 페스타 #5,Day2
구멍가게의 부름,센,T-13,T,13,,2sp,,,,,,,,"공예,기타",COMMU1996,https://dongne.co/events/dice05/circles/164819,다이스 페스타 #5,Day2
시나리오는 내가 쓸게 플레이는 누가 할래,BG,N-02a,N,02,a,1sp,,,,,,,,소설,TR_B_G,https://dongne.co/events/dice05/circles/164511,다이스 페스타 #5,Day2
아니아무도 완전수화하지 않으면 못 나가는 부스,"포쨔, 맛뱅가리",R-17,R,17,,2sp,,,,,,,,소설,"pochaa_open, Y0NY0N_TRPG",https://dongne.co/events/dice05/circles/164557,다이스 페스타 #5,Day2
튀어나와요! 야생불곰!,rha,R-23a,R,23,a,1sp,,,,,,,,기타,rhatk2,https://dongne.co/events/dice05/circles/164613,다이스 페스타 #5,Day2
말차트랜스&콜라계승자,백수광부,Q-12,Q,12,,2sp,,,,,,,,기타,BackbaljoaEx,https://dongne.co/events/dice05/circles/164791,다이스 페스타 #5,Day2
돗까비블루스,로든,O-09,O,09,,2sp,,,,,,,,"공예,기타",raud_ann,https://dongne.co/events/dice05/circles/164621,다이스 페스타 #5,Day2
따개비루둥지,백혜비루,N-23b,N,23,b,1sp,,,,,,,,기타,anatasderu,https://dongne.co/events/dice05/circles/164633,다이스 페스타 #5,Day2
미스티게이즈,클론,Q-09,Q,09,,2sp,,,,,,,,게임,,https://dongne.co/events/dice05/circles/164589,다이스 페스타 #5,Day2
배포전용부스,주스,R-22a,R,22,a,1sp,,,,,,,,기타,,https://dongne.co/events/dice05/circles/164807,다이스 페스타 #5,Day2
블루밍하우스,에피,N-05,N,05,,2sp,,,,,,,,"만화,기타,일러스트",blueminghouse,https://dongne.co/events/dice05/circles/164578,다이스 페스타 #5,Day2
혹시모를대비,사갸,P-20a,P,20,a,1sp,,,,,,,,,,https://dongne.co/events/dice05/circles/164683,다이스 페스타 #5,Day2
당나라군대의 시대,31,O-12,O,12,,2sp,,,,,,,,기타,chitochito_s,https://dongne.co/events/dice05/circles/164555,다이스 페스타 #5,Day2
시노비가미로 티알 입문한 사람들,세요,O-06,O,06,,2sp,,,,,,,,"기타,소설",seyo_trpg,https://dongne.co/events/dice05/circles/164609,다이스 페스타 #5,Day2
시간마법사의 아틀리에,시간마법사,S-24,S,24,,2sp,,,,,,,,,,https://dongne.co/events/dice05/circles/164547,다이스 페스타 #5,Day2
알렉산드리아 도서관학과 올해의 추천도서 : 마소는 답을 알고 있다,이단공무,"Q-01, Q-24",Q,01,,4sp,,,,,,,,"소설,기타",Kotokunibito,https://dongne.co/events/dice05/circles/164677,다이스 페스타 #5,Day2
달콤한일러스트,iamyunji,T-18,T,18,,2sp,,,,모모찌,,,,일러스트,iamyunji,https://dongne.co/events/dice05/circles/164599,다이스 페스타 #5,Day2
인체생성보고서,DKW디케,N-04,N,04,,2sp,,,,,,,,기타,TRPG_dkw,https://dongne.co/events/dice05/circles/164595,다이스 페스타 #5,Day2
다면체모듬국밥 본점,1d6DICE,"Q-14, Q-15",Q,14,,4sp,,,,,,,,,1d6DICE,https://dongne.co/events/dice05/circles/164638,다이스 페스타 #5,Day2
배고파요밥주세요,밥줘요념념,O-18b,O,18,b,1sp,,,,,,,,기타,antnkkr_1208,https://dongne.co/events/dice05/circles/164887,다이스 페스타 #5,Day2
네모토끼주립대학 지구캠퍼스 부설연구소 기적연구학부,정네모,Q-22b,Q,22,b,1sp,,,,,,,,,FREE_NEMO_HUG,https://dongne.co/events/dice05/circles/164813,다이스 페스타 #5,Day2
메이저인척하는부스,"빨강망토치즈, 티알체",O-19,O,19,,2sp,,,,,,,,게임,not_lg_just,https://dongne.co/events/dice05/circles/164870,다이스 페스타 #5,Day2
월드탑클래스샤기꾼,"범, 영화",R-19,R,19,,2sp,,,,,,,,"소설,게임,공예","Bumpg_, trbaepo",https://dongne.co/events/dice05/circles/164849,다이스 페스타 #5,Day2
잊지말자로이스취득,우라무 지부,R-15,R,15,,2sp,,,,,,,,,,https://dongne.co/events/dice05/circles/164672,다이스 페스타 #5,Day2
해양생물성간유속체험지구,고래,S-09a,S,09,a,1sp,,,,,,,,"소설,게임,기타",GolaeE10201,https://dongne.co/events/dice05/circles/164882,다이스 페스타 #5,Day2
온실속잡초처럼키워져서그래,"김쯔루, 김별가",R-10,R,10,,2sp,,,,,,,,"기타,만화,게임",cheu_trpg,https://dongne.co/events/dice05/circles/164866,다이스 페스타 #5,Day2
티알하러왔는데이하트는뭐야,촊 ,P-15b,P,15,b,1sp,,,,,,,,"기타,소설",DX_8_8,https://dongne.co/events/dice05/circles/164872,다이스 페스타 #5,Day2
이름뭐함ㅂ1,사갸,R-03a,R,03,a,1sp,,,,,,,,,,https://dongne.co/events/dice05/circles/164681,다이스 페스타 #5,Day2
알아서 배신당해주실 분 (1/n),해바라이온,Q-17,Q,17,,2sp,,,,,,,,"소설,공예,기타",NO_WRITE_SAZA,https://dongne.co/events/dice05/circles/164701,다이스 페스타 #5,Day2
20세기 안내원,뿌쌰,N-14,N,14,,2sp,,,,,,,,"게임,소설","Ppussya, ghostontheater",https://dongne.co/events/dice05/circles/164739,다이스 페스타 #5,Day2
2026 오버드 아카데미아 입학안내처,"녕희, 용봉",S-08,S,08,,2sp,,,,,,,,"기타,만화,게임","CosmicYUM3, bongY_TRPG",https://dongne.co/events/dice05/circles/164571,다이스 페스타 #5,Day2
2026종교대통합레니게이드로이뤄나갑니다,루뿌,Q-13,Q,13,,2sp,,,,,,,,"기타,소설",Nal_TRPG,https://dongne.co/events/dice05/circles/164620,다이스 페스타 #5,Day2
번역 레벨2부터 치트였던 공장장의 유유자적 부스 라이프 2쿨,공장장,R-11,R,11,,2sp,,,,,,,,"소설,공예,기타",Kindness_OFF,https://dongne.co/events/dice05/circles/164734,다이스 페스타 #5,Day2
2D6=미쳤음,고선명,O-22b,O,22,b,1sp,,,,,,,,,HDTRPG,https://dongne.co/events/dice05/circles/164885,다이스 페스타 #5,Day2
레니게이드 300% 화이트와인 ,레비,T-17,T,17,,2sp,,,,,,,,,,https://dongne.co/events/dice05/circles/164564,다이스 페스타 #5,Day2
404 not found,공사,O-10a,O,10,a,1sp,,,,,,,,게임,commi_gongsa,https://dongne.co/events/dice05/circles/164908,다이스 페스타 #5,Day2
옆 부스도 우리 부스인 4PS,경우,"S-12, S-13",S,12,,4sp,,,,,,,,,KyungWoo5,https://dongne.co/events/dice05/circles/164661,다이스 페스타 #5,Day2
Abyss,심연,N-15,N,15,,2sp,,,,,,,,,Abyss_Bloom,https://dongne.co/events/dice05/circles/164666,다이스 페스타 #5,Day2
AVOIDABYSS,A,Q-04a,Q,04,a,1sp,,,,,,,,기타,A_VOID_A_BYSS,https://dongne.co/events/dice05/circles/164785,다이스 페스타 #5,Day2
CAFE 메로스,팀 숙과회,N-03,N,03,,2sp,,,,,,,,기타,wlsgml1128,https://dongne.co/events/dice05/circles/164508,다이스 페스타 #5,Day2
CRC의권위자가되겠다,aringgg,Q-11,Q,11,,2sp,,,,,,,,소설,aringgg_TRPG,https://dongne.co/events/dice05/circles/164834,다이스 페스타 #5,Day2
Drawanything Board games & RPGs,드로우,S-20b,S,20,b,1sp,,,,,,,,기타,drawanythingame,https://dongne.co/events/dice05/circles/164865,다이스 페스타 #5,Day2
"*GM: 네, 가능합니다.",김왱알,P-16,P,16,,2sp,,,,,,,,,kw_TRPG,https://dongne.co/events/dice05/circles/164600,다이스 페스타 #5,Day2
HO뒷면을 보기 전까지 존재하지 않는 부스 ,김파인,O-24a,O,24,a,1sp,,,,,,,,"일러스트,공예,기타",,https://dongne.co/events/dice05/circles/164905,다이스 페스타 #5,Day2
LIMIT:부엉이맛 타르트,"SIHA, 지현",Q-06,Q,06,,2sp,,,,,,,,기타,"SIHAST, Jiheun_",https://dongne.co/events/dice05/circles/164631,다이스 페스타 #5,Day2
MILK,MILK,Q-04b,Q,04,b,1sp,,,,,,,,,MILK_TRPG_,https://dongne.co/events/dice05/circles/164575,다이스 페스타 #5,Day2
MY FIRST TABLETOP,파카,Q-08,Q,08,,2sp,,,,,,,,기타,TRPGMFT,https://dongne.co/events/dice05/circles/164561,다이스 페스타 #5,Day2
NINJA play that music louder 오네가이,핑퐁,N-02b,N,02,b,1sp,,,,,,,,,_game_pp,https://dongne.co/events/dice05/circles/164667,다이스 페스타 #5,Day2
sarvant on the ground ,"사라반트, 전자테이블 아기고양이",N-07,N,07,,2sp,,,,,,,,,060re_,https://dongne.co/events/dice05/circles/164597,다이스 페스타 #5,Day2
Team. 라퓨타,수연,"N-08, N-09",N,08,,4sp,,,,,,,,소설,team_laputa,https://dongne.co/events/dice05/circles/164629,다이스 페스타 #5,Day2
Team. 마사회,양어,N-16,N,16,,2sp,,,,,,,,,parting_TRPG,https://dongne.co/events/dice05/circles/164582,다이스 페스타 #5,Day2
Team.오소리굴,Team.오소리굴,S-18,S,18,,2sp,,,,,,,,소설,26project_dam,https://dongne.co/events/dice05/circles/164805,다이스 페스타 #5,Day2
Team.도토리둥지,도토리둥지,S-07,S,07,,2sp,,,,,,,,소설,dotoritrpg,https://dongne.co/events/dice05/circles/164804,다이스 페스타 #5,Day2
뱀이 해고되면 뱀파이어(Team Amaranth),리케,R-02,R,02,,2sp,,,,,,,,기타,Rike_0704,https://dongne.co/events/dice05/circles/164784,다이스 페스타 #5,Day2
Team. MMA,소냐,O-22a,O,22,a,1sp,,,,,,,,기타,w__sonya,https://dongne.co/events/dice05/circles/164851,다이스 페스타 #5,Day2
TEAM. PERSONAL SPACE,PERSPA,"S-06, S-19",S,06,,4sp,,,,,,,,,TEAM_PERSPA,https://dongne.co/events/dice05/circles/164755,다이스 페스타 #5,Day2
Team.Zodiac,"태양, 금성, 목성","N-10, N-11",N,10,,4sp,,,,,,,,,Team_Zodiac_TR,https://dongne.co/events/dice05/circles/164657,다이스 페스타 #5,Day2
다이스 오브 당근 - 사당 여성 TRPG,정현,S-17a,S,17,a,1sp,,,,,,,,"소설,기타",eggaccch,https://dongne.co/events/dice05/circles/164556,다이스 페스타 #5,Day2
토깽이 TRPG 분점,K,N-24,N,24,,2sp,,,,,,,,소설,kra_trpg,https://dongne.co/events/dice05/circles/164509,다이스 페스타 #5,Day2
내멋대로 TRPG,연어,T-14,T,14,,2sp,,,,,,,,,salmon_please,https://dongne.co/events/dice05/circles/164659,다이스 페스타 #5,Day2
청춘밴드 TRPG 스트라토 샤우트 <스토샤>로 줄여부르기 위원회,야채칸,R-06,R,06,,2sp,,,,,,,,,"veryBigChu, ManDu_du_duba, s_saendal",https://dongne.co/events/dice05/circles/164558,다이스 페스타 #5,Day2
TRPG 잡담방,카로,N-06,N,06,,2sp,,,,,,,,게임,TEAM_JAPDAM,https://dongne.co/events/dice05/circles/164824,다이스 페스타 #5,Day2
TRPG 바다의 창작 룰이 되어,삼휴칠,T-12,T,12,,2sp,,,,,,,,게임,samchukhuman77,https://dongne.co/events/dice05/circles/164844,다이스 페스타 #5,Day2
TRPG 입문길드 설연,TRPG 입문길드 설연,T-09,T,09,,2sp,,,,,,,,"기타,게임,공예",TRPGerOffer,https://dongne.co/events/dice05/circles/164858,다이스 페스타 #5,Day2
TRPG왕국,리베라스튜디오,N-23a,N,23,a,1sp,,,,,,,,기타,TRPG_kingdom,https://dongne.co/events/dice05/circles/164775,다이스 페스타 #5,Day2
TRPG사업부 창작1팀,TRPG사업부 창작1팀,P-12,P,12,,2sp,,,,,,,,"소설,게임",TRPG_CreativeT1,https://dongne.co/events/dice05/circles/164763,다이스 페스타 #5,Day2
뇌크로노미콘 상회 UGN 서울 지점,리틀언데드,P-18,P,18,,2sp,,,,,,,,"소설,일러스트,기타",lil_undead_hg,https://dongne.co/events/dice05/circles/164654,다이스 페스타 #5,Day2
UZT 침략기지 대민지원 출장소,미송,P-21,P,21,,2sp,,,,,,,,,trpg_commander,https://dongne.co/events/dice05/circles/164828,다이스 페스타 #5,Day2
VELTUS,BLEN,T-15,T,15,,2sp,,,,,,,,,blen_studio_,https://dongne.co/events/dice05/circles/164541,다이스 페스타 #5,Day2
Void Divers DevSystem,클센,S-04a,S,04,a,1sp,,,,,,,,"게임,기타",VoidDivers_TRPG,https://dongne.co/events/dice05/circles/164854,다이스 페스타 #5,Day2
알파트랜스가 물보다 싸다고 젠장~! vol.4,"여백, 클라치스",R-14,R,14,,2sp,,,,,,,,,yeoback_TRPG,https://dongne.co/events/dice05/circles/164526,다이스 페스타 #5,Day2
Xero Crescent,퀴에스,Q-10a,Q,10,a,1sp,,,,,,,,,,https://dongne.co/events/dice05/circles/164568,다이스 페스타 #5,Day2
폭풍해日,해日,O-11,O,11,,2sp,,,,,,,,기타,TEAM_GGUK,https://dongne.co/events/dice05/circles/164760,다이스 페스타 #5,Day2
"<(폐하, 우리 아이가 너무 귀엽죠) (당신은 시력이 안좋은가?!)>",케토,B-13a,B,13,a,1sp,페르소나4,"페르소나3,페르소나5",전서 등록 100% ,,주인공X하나무라 요스케,"로맨틱,섹슈얼",,"만화,일러스트",kettodango,https://dongne.co/events/game07/circles/165621,제7회 오락관,Day2
<세상에 테런 쁘띠존이 어딨어? 맞아 컨셉충이네> 주최 부스 동화나라 부흥회,옥익룡옥,H-01b,H,01,b,1sp,테일즈런너,,세상에 테런 쁘띠존이 어딨어? 맞아 컨셉충이네,올캐릭터,,,,기타,girl_true_human,https://dongne.co/events/game07/circles/165538,제7회 오락관,Day2
<확률론적 겜블링 메이트> 주최부스,확률론적 겜블링 메이트,A-02,A,02,,2sp,,,확률론적 겜블링 메이트,"Dr. 레이시오,어벤츄린",,로맨틱,,기타,ratiorine416,https://dongne.co/events/game07/circles/165837,제7회 오락관,Day2
[주] [인공],함미,C-09b,C,09,b,1sp,"페르소나5,페르소나3",,전서 등록 100% ,,,,,,hham_me,https://dongne.co/events/game07/circles/166005,제7회 오락관,Day2
♡,제쯔보,L-22,L,22,,2sp,오오에,페르소나5,,,,,,"일러스트,공예",cpcp_in,https://dongne.co/events/game07/circles/165319,제7회 오락관,Day2
점,쩌미,C-08a,C,08,a,1sp,페르소나,,전서 등록 100% ,,,,,,,https://dongne.co/events/game07/circles/165719,제7회 오락관,Day2
구~한 하루 되세요,기호,K-06b,K,06,b,1sp,,,,,,,,,miinouwaa_1,https://dongne.co/events/game07/circles/165922,제7회 오락관,Day2
왜 좀 더 일찍 만나지 못했던 걸까,벼삭,C-17a,C,17,a,1sp,페르소나5,,전서 등록 100% ,,주인공X아케치 고로,,,일러스트,anearofrice,https://dongne.co/events/game07/circles/165972,제7회 오락관,Day2
절 환상 토벌전,기니핫,J-22a,J,22,a,1sp,파이널판타지14,,,"레드핫,딥블루,익스트림즈",,해당없음,,,gguenihot,https://dongne.co/events/game07/circles/165280,제7회 오락관,Day2
너 지금 엘쏜의 **핵심**을 찔렀어,순봉식,"D-04, D-05",D,04,,4sp,명일방주,,,,엘리시움X쏜즈,,,,ANSUSANG,https://dongne.co/events/game07/circles/165171,제7회 오락관,Day2
저 위로 질풍그으면 아나님 뽕 주시고 우양님 파도 주시고 자리야님 주방 주시고 디바님 매트켜주시고 윈스님 같이 뛰어주시고 야타님 조화주시고 루시우님 비트켜주세요,"케챱많이, 첼",I-09,I,09,,2sp,오버워치,,,,겐지X디바,로맨틱,,,k3ch4ppu_,https://dongne.co/events/game07/circles/165341,제7회 오락관,Day2
"이 녀석, 중증 포켓몬 오타쿠거든.",연어추가,I-03,I,03,,2sp,포켓몬스터,,,,,,,,salmoninpk,https://dongne.co/events/game07/circles/165598,제7회 오락관,Day2
봄 큐에이,aran,H-12,H,12,,2sp,누카니발,,,"큐야,에이트",큐야X에이트,"로맨틱,섹슈얼",,,,https://dongne.co/events/game07/circles/165274,제7회 오락관,Day2
니 스승의 한계를 보려 하는가,달안개,H-07,H,07,,2sp,대역전재판,,,"아소기 카즈마,바로크 반직스,나루호도 류노스케",종자X바로크 반직스,로맨틱,아소류,소설,Dalfog_,https://dongne.co/events/game07/circles/165723,제7회 오락관,Day2
저 대나무는 분명 클끼다♥,"3콤보, 세모",L-15,L,15,,2sp,오오에,페르소나5,,"오오사키,타케시바",오오사키X타케시바,"로맨틱,섹슈얼","아마미야 렌, 키타가와 유스케",만화,"Ooehand, youyou_9game",https://dongne.co/events/game07/circles/165637,제7회 오락관,Day2
네 사바캉에 유령을 탔어,"프오, HO",K-23,K,23,,2sp,오오에,,,"오오사키,아오미,시즈마,신바시",오오사키X아오미,"로맨틱,섹슈얼","오오사키 X 시즈마, 오오사키 X 신바시","소설,기타","popopoooea, OOE_HO",https://dongne.co/events/game07/circles/165894,제7회 오락관,Day2
맹파,Di,E-21,E,21,,2sp,발더스 게이트3,,,올컴패,,,,"만화,공예",mutual_ko,https://dongne.co/events/game07/circles/165956,제7회 오락관,Day2
미정,잡초,M-16a,M,16,a,1sp,오오에,,,"오오사키,시즈마",오오사키X시즈마,,,만화,,https://dongne.co/events/game07/circles/164990,제7회 오락관,Day2
소록,소록,G-21a,G,21,a,1sp,,,,,,,,,sorok_atelier,https://dongne.co/events/game07/circles/165115,제7회 오락관,Day2
잡탕,MMEE,G-20,G,20,,2sp,리그오브레전드,스타듀밸리 실크송 카모카테,,,,,,,_MM33MM_,https://dongne.co/events/game07/circles/165635,제7회 오락관,Day2
페고,사이 고,A-16b,A,16,b,1sp,페르소나3,"페르소나4,5 포켓몬스터",전서 등록 100% ,"료지,3주",료지X3주,,,일러스트,saitomousimasu1,https://dongne.co/events/game07/circles/165432,제7회 오락관,Day2
출소 후 유일한 낙,해왕성인,I-05,I,05,,2sp,포켓몬스터,"역전재판,닌타마 란타로,괴수8호",,,,,,일러스트,neptuneblue_01,https://dongne.co/events/game07/circles/165733,제7회 오락관,Day2
눈을 감자,구,A-14b,A,14,b,1sp,페르소나3,,전서 등록 100% ,,,,,,SD_13927,https://dongne.co/events/game07/circles/165996,제7회 오락관,Day2
오빠 옆에 그 여잔 뭐에요,롸,F-15a,F,15,a,1sp,용과같이,,"나, 천계를 얻었노라!","마지마 고로,키류 카즈마",마지마 고로X키류 카즈마,"로맨틱,섹슈얼",,만화,op_LAsin,https://dongne.co/events/game07/circles/165172,제7회 오락관,Day2
나만 아는 부스,yu2i,D-15,D,15,,2sp,페르소나,"페르소나,소닉",,,,,,일러스트,"hellisurself, mugua_0",https://dongne.co/events/game07/circles/165731,제7회 오락관,Day2
우리 회사 정상 영업 합니다,듀,G-16b,G,16,b,1sp,에리오스r,,,"쥬드,비앙키",쥬드X비앙키,로맨틱,,,dew_808,https://dongne.co/events/game07/circles/164960,제7회 오락관,Day2
나의 늙은 곰과 젊은 티플링 두명,산신,E-05a,E,05,a,1sp,발더스 게이트,,,"할신,아스타리온",할신X타브,"로맨틱,로맨틱",타브아스타브,"소설,기타",WSansin71126,https://dongne.co/events/game07/circles/166020,제7회 오락관,Day2
고작 재판 하나 가지고 내가 이러고 있다,잠칸,H-15,H,15,,2sp,역전재판,,,"오도로키호스케,아오이다이치,가류쿄야",가류쿄야X오도로키호스케,로맨틱,아오이다이치x오도로키호스케,만화,_gaesamsoong,https://dongne.co/events/game07/circles/165933,제7회 오락관,Day2
꿈을 크게 갖고 불멸하기,"모이, 회색",G-22,G,22,,2sp,로드 오브 히어로즈,,,"브랜든,카론,브란두흐,나인",,,,,,https://dongne.co/events/game07/circles/165493,제7회 오락관,Day2
이거 너가 하는 용과함께 아니냐?,taigaisright,F-08a,F,08,a,1sp,용과같이,,"나, 천계를 얻었노라!","마지마고로,사에지마타이가,고다류지",,,,"만화,기타",taigaisright,https://dongne.co/events/game07/circles/165855,제7회 오락관,Day2
하랑 유사 온리전,미미,H-21b,H,21,b,1sp,테일즈런너,,세상에 테런 쁘띠존이 어딨어? 맞아 컨셉충이네,하랑과 그 외 소량,,,,일러스트,mimi_mom1212,https://dongne.co/events/game07/circles/166003,제7회 오락관,Day2
얘로 피자 만들어 먹을 거임,루키,A-01b,A,01,b,1sp,붕괴:스타레일,,확률론적 겜블링 메이트,레이시오 어벤츄린,,로맨틱,,일러스트,zephyhsr,https://dongne.co/events/game07/circles/165650,제7회 오락관,Day2
너와 친구 이상이 되고싶어,냥떡,A-17b,A,17,b,1sp,페르소나3 리로드,,전서 등록 100% ,,모치즈키 료지X3주(남주인공),,,만화,thanatosmess1ah,https://dongne.co/events/game07/circles/165632,제7회 오락관,Day2
그럼 우리 폐급해도 되니?,.,K-09,K,09,,2sp,,,,,,,,,,https://dongne.co/events/game07/circles/165457,제7회 오락관,Day2
데드 바이 옵치라이트,gkdis1228,I-13,I,13,,2sp,오버워치,"데드 바이 데이라이트,젤다의 전설,레이튼",,,,,,기타,Doyouduu,https://dongne.co/events/game07/circles/165163,제7회 오락관,Day2
일일 전장: 봉인된 오오에 섬,사원,L-03,L,03,,2sp,오오에,파이널 판타지14,,,,,,"소설,일러스트,만화",,https://dongne.co/events/game07/circles/165096,제7회 오락관,Day2
내가 맞아.,흰지,G-21b,G,21,b,1sp,로드 오브 히어로즈,프리파라,,,프라우X로드X남),로맨틱,아사코요,,ajw6941,https://dongne.co/events/game07/circles/165386,제7회 오락관,Day2
네가 레하면 나도 츄,츄,A-23,A,23,,2sp,붕괴:스타레일,,확률론적 겜블링 메이트,"Dr.레이시오,어벤츄린",Dr.레이시오X어벤츄린,"섹슈얼,로맨틱",,"만화,일러스트",turine_CHU,https://dongne.co/events/game07/circles/165148,제7회 오락관,Day2
피짜 시퀀스 준비 완료!,피짜,I-07b,I,07,b,1sp,오버워치,,,,,,,"일러스트,기타",91224watch,https://dongne.co/events/game07/circles/165093,제7회 오락관,Day2
북슬 엘프와 늙은 난쟁이들,"털털톨톨, 판초",F-05,F,05,,2sp,발더스게이트3,,,"할신,자헤이라,타브,더지",,,,"만화,소설,기타",tultoltultol,https://dongne.co/events/game07/circles/165641,제7회 오락관,Day2
절대 수상한 놈이 아닙니다 더수상한놈입니다,"더수상한놈, 이장",E-13,E,13,,2sp,오토메게임,"봄이오면 꽃이피고,하토풀 보이프렌드,인캬라브코메,니지산지,메챠츠에,타몬군지금어느쪽?!",,"디티카,히바치 마나",,,,일러스트,"the_susang, 2z4444ng",https://dongne.co/events/game07/circles/165724,제7회 오락관,Day2
돈이 없다고 영웅을 오락관에 팔지맙시다,909,I-14a,I,14,a,1sp,오버워치2,,,"디바,키리코,리퍼,아나,솔져,겐지,레킹볼 등",,해당없음,,"일러스트,공예,기타",909dva,https://dongne.co/events/game07/circles/165835,제7회 오락관,Day2
최강 팔라딘 오락관편,"Twix, 김노움, 폐차",F-01,F,01,,2sp,발더스게이트3,"FF14,오버워치",,할신,,,,일러스트,,https://dongne.co/events/game07/circles/164954,제7회 오락관,Day2
"네가 온다면,",오이피클,G-15a,G,15,a,1sp,마법사의 약속,18TRIP,,"파우스트 라위니아,도메키 쿠구리",,,,소설,pick_mhyk,https://dongne.co/events/game07/circles/164931,제7회 오락관,Day2
오직 송하나만,33,I-07a,I,07,a,1sp,오버워치,,,디바(송하나),,,,,stella_3116,https://dongne.co/events/game07/circles/165830,제7회 오락관,Day2
수요 많고싶은 공급,"미타, literally1me",A-20,A,20,,2sp,붕괴: 스타레일,,확률론적 겜블링 메이트,"Dr. 레이시오,어벤츄린",레이시오X어벤츄린,로맨틱,,"일러스트,기타","marshmitanyan, literally1me",https://dongne.co/events/game07/circles/165582,제7회 오락관,Day2
국제 만두찜기 디자인 박람회,만두1호,M-19b,M,19,b,1sp,오오에,,,"오오사키,시오도메",오오사키X시오도메,,,"소설,만화",bewareofmandu,https://dongne.co/events/game07/circles/165750,제7회 오락관,Day2
제발 지옥같은 섬에서 지분을 꺼내줘,PP,L-12,L,12,,2sp,오오에,,,오오사키,,"로맨틱,섹슈얼","오오타케, 오오시즈, 오오신","만화,일러스트,소설",byobyo__8,https://dongne.co/events/game07/circles/165832,제7회 오락관,Day2
장르 정상영업중,p2d,H-17,H,17,,2sp,역전재판,"kof,킹오파",,,,,,,,https://dongne.co/events/game07/circles/164946,제7회 오락관,Day2
이런 드림주여도 괜찮다면 드림캐와 사랑을 하고싶어,동화,E-06,E,06,,2sp,"발더스게이트3,페르소나5",,,"게일,마루키 등",게일X드림주,로맨틱,드림주x마루키,만화,Donghwa_BG3,https://dongne.co/events/game07/circles/164970,제7회 오락관,Day2
공격 드가겠습니다,주박,M-10,M,10,,2sp,오오에,,,오오사키,오오사키X시즈마,"섹슈얼,로맨틱",오오사키X신바시,"만화,소설",z00bak_2,https://dongne.co/events/game07/circles/165993,제7회 오락관,Day2
내가 엑스발판에게 간다,"아샷추국밥, 딱콩, 김박공주",H-19,H,19,,2sp,테일즈런너,,세상에 테런 쁘띠존이 어딨어? 맞아 컨셉충이네,,,,,"만화,일러스트,기타","niackbara, IiIlll356235",https://dongne.co/events/game07/circles/165000,제7회 오락관,Day2
햄햄!,향메,B-12,B,12,,2sp,페르소나3,,전서 등록 100% ,"햄코,사나다,준페이",,로맨틱,"준햄, 사나햄","만화,일러스트,기타",NGZA_HM,https://dongne.co/events/game07/circles/165770,제7회 오락관,Day2
어어?너는그때그정신나간도박꾼?어어?너는그때그싸가지석고상?,신협조합원,A-06,A,06,,2sp,붕괴:스타레일,,확률론적 겜블링 메이트,,Dr.레이시오X어벤츄린,,,,Atozlove_,https://dongne.co/events/game07/circles/165511,제7회 오락관,Day2
철썩... 철썩... 철썩...,abr,K-22a,K,22,a,1sp,오오에,파이어 엠블렘 풍화설월,,"오오사키,아오미",오오사키X아오미,로맨틱,,소설,abr_oe,https://dongne.co/events/game07/circles/165446,제7회 오락관,Day2
갓짓시,!,M-15,M,15,,2sp,"오오에,고서점가의 하시히메",데빌 메이 크라이,,,오오사키X시즈마,,카와타마,만화,,https://dongne.co/events/game07/circles/165181,제7회 오락관,Day2
과중량,인벤토리,F-12b,F,12,b,1sp,,,,,,,,,,https://dongne.co/events/game07/circles/165311,제7회 오락관,Day2
구치소,제비,B-08,B,08,,2sp,페르소나4,,전서 등록 100% ,,아다치 토오루X주인공,,,,,https://dongne.co/events/game07/circles/165473,제7회 오락관,Day2
냥왕성,오처,L-20a,L,20,a,1sp,오오에,,,"오오사키,신바시",오오사키X신바시,,,소설,t1sqktl,https://dongne.co/events/game07/circles/165848,제7회 오락관,Day2
모리잉,에피,D-03b,D,03,b,1sp,명일방주,,,,,,,,,https://dongne.co/events/game07/circles/165262,제7회 오락관,Day2
밥찵여,아샷추,C-23,C,23,,2sp,스타레일,,,파이논 마이데이,파이논X마이데이,,,,chu_asdf,https://dongne.co/events/game07/circles/165149,제7회 오락관,Day2
새문서,에머디,D-22,D,22,,2sp,명일방주,,,,,,,,,https://dongne.co/events/game07/circles/165258,제7회 오락관,Day2
아침밥,마늘고등어,H-13a,H,13,a,1sp,에리오스 라이징 히어로즈,,,,,로맨틱,마리렌마리,소설,,https://dongne.co/events/game07/circles/165108,제7회 오락관,Day2
열차조,cakedoughnut,B-01a,B,01,a,1sp,붕괴 스타레일,"앙상블 스타즈,프로젝트 세카이 컬러풀 스테이지 ft. 하츠네 미쿠(프로세카)",,"개척자,단항,마치세븐스,블레이드,유성대",,,"미도치아, 아키츠카",만화,cakeofpaimon,https://dongne.co/events/game07/circles/165445,제7회 오락관,Day2
우주밥,코메,C-04a,C,04,a,1sp,붕괴:스타레일,,,"카일루스,단항",카일루스X단항,로맨틱,,만화,uujubab,https://dongne.co/events/game07/circles/165160,제7회 오락관,Day2
쥬네스,BABAKUN,B-10,B,10,,2sp,페르소나4,,전서 등록 100% ,"나루카미 유우,하나무라 요스케",,"로맨틱,섹슈얼",,,,https://dongne.co/events/game07/circles/165312,제7회 오락관,Day2
탕비실,뱜비,L-06,L,06,,2sp,오오에,"마비노기,마비노기 모바일,리틀 나이트메어",,"오오사키,신바시,타케시바,다이바 시즈마",오오사키X신바시,"로맨틱,섹슈얼",오오시즈,"만화,일러스트",byammbee,https://dongne.co/events/game07/circles/165279,제7회 오락관,Day2
해달샵,시크루,D-06,D,06,,2sp,원신,명조 스타레일,,,,,,공예,Sunmoon_shop16,https://dongne.co/events/game07/circles/165015,제7회 오락관,Day2
햄슈웅,yyang,D-12,D,12,,2sp,페르소나,포켓몬,,,,,,,gniognam,https://dongne.co/events/game07/circles/165475,제7회 오락관,Day2
원숭이 손 꼭 잡으세요,다래,L-08b,L,08,b,1sp,오오에,,,시오도메,,,,,,https://dongne.co/events/game07/circles/165639,제7회 오락관,Day2
이제는 더 이상 물러날 곳이 없다,캄차카불곰,L-23,L,23,,2sp,오오에,"퍼레이드 사 게임,마비노기,포켓몬",,,,,,"만화,소설",H03GW1J4,https://dongne.co/events/game07/circles/165052,제7회 오락관,Day2
분홍색 퐁당,찐빵,J-07a,J,07,a,1sp,페이트/그랜드 오더,,,"오베론,아르토리아 캐스터",오베론X아르토리아 캐스터,,,,burst_zb,https://dongne.co/events/game07/circles/165507,제7회 오락관,Day2
섬으로 가자,하티,M-22b,M,22,b,1sp,오오에,,,,,,,,hailoft,https://dongne.co/events/game07/circles/165859,제7회 오락관,Day2
오오에 목장,와자뵤,M-24b,M,24,b,1sp,오오에,,,"오오사키,아리아케",오오X아리,로맨틱,,기타,030030030h,https://dongne.co/events/game07/circles/165970,제7회 오락관,Day2
홍삼맛 사탕,홍삼진액,F-21,F,21,,2sp,드래곤 에이지,매스이펙트,바이오웨어 통합 쁘띠존,펜리스,호크X펜리스,"섹슈얼,로맨틱",논커플링 루크,"소설,일러스트",Jinseng_Red2,https://dongne.co/events/game07/circles/165294,제7회 오락관,Day2
히어로 염상,dd,G-17,G,17,,2sp,에리오스,도검난무,,"애쉬 올브라이트,그레이 리버스,키사라기 렌,가스트 애들러",,로맨틱,"렌가스, 미다레 토시로x사니와, 부젠 고우x코테기리 고우",소설,sdxxx829,https://dongne.co/events/game07/circles/165404,제7회 오락관,Day2
나중에 바꿀 수 있는거 맞죠,스밀,E-04b,E,04,b,1sp,발더스게이트,"하데스,엘든링,세키로,블러드본",,,,,,"일러스트,만화",bsky:stopmilk,https://dongne.co/events/game07/circles/165550,제7회 오락관,Day2
이래야 내가 살아,NM,H-16b,H,16,b,1sp,역전재판,무기미도,,,,로맨틱,,소설,181X161_,https://dongne.co/events/game07/circles/165395,제7회 오락관,Day2
거짓말 많이 해서 아빠 깜짝 놀래켜야지,휴플,F-06,F,06,,2sp,P의 거짓,,,"제페토의 인형,소피아",제페토의 인형X소피아,로맨틱,"로미P, 시몬소피",일러스트,,https://dongne.co/events/game07/circles/165971,제7회 오락관,Day2
죽지도 않고 다시 돌아온 빛전,금사빠,J-22b,J,22,b,1sp,파이널판타지14,,,그라하 티아,,,,소설,,https://dongne.co/events/game07/circles/165075,제7회 오락관,Day2
그딴건 니가 해야돼,"맆히, 멍킴",H-04,H,04,,2sp,테일즈런너,,세상에 테런 쁘띠존이 어딨어? 맞아 컨셉충이네,"하루,하랑",하루X하랑,"로맨틱,섹슈얼",,"소설,기타,만화,일러스트","R1708090719, revoiution2",https://dongne.co/events/game07/circles/165988,제7회 오락관,Day2
메카에 타라 송하나,찹쌀붕어빵,I-18,I,18,,2sp,오버워치,,,,,,,,chabboong,https://dongne.co/events/game07/circles/165660,제7회 오락관,Day2
아직도 섬에 사람이 잡혀 있다고,페퍼,M-17,M,17,,2sp,오오에,,,"오오사키,시즈마",오오사키X시즈마,,,만화,bub_action,https://dongne.co/events/game07/circles/165576,제7회 오락관,Day2
사장님 여기 커피랑 팬케이크 하나씩 부탁드려요!,단무,D-08b,D,08,b,1sp,페르소나 5,,,,주인공X아케치 고로,로맨틱,,,nageune_sibtaku,https://dongne.co/events/game07/circles/165940,제7회 오락관,Day2
사랑이 쉬워?,지호,C-01a,C,01,a,1sp,붕괴 스타레일,,,블레경원,블레이드X경원,로맨틱,,소설,jihostarail,https://dongne.co/events/game07/circles/165031,제7회 오락관,Day2
유가맛 캔디(본 제품은 키즈키가 함유된 제품과 같은 제조시설에서 제조하고 있습니다),맴돌,H-18,H,18,,2sp,역전재판5,,,,,,,,,https://dongne.co/events/game07/circles/165646,제7회 오락관,Day2
마무쟈 연구회,정원사,J-20a,J,20,a,1sp,파이널판타지14,언라이트,,조라쟈,조라쟈X굴루쟈쟈,섹슈얼,,소설,485gys,https://dongne.co/events/game07/circles/165375,제7회 오락관,Day2
맛있는 파스타,NP,D-19,D,19,,2sp,원신,스타레일,,,,,,,,https://dongne.co/events/game07/circles/164995,제7회 오락관,Day2
밀키트 연구소,하하하,J-10a,J,10,a,1sp,페이트/그랜드 오더,,,"로마니,솔로몬,게티아",,,피니스칼데아(ncp),"일러스트,만화",Myg_8028,https://dongne.co/events/game07/circles/166015,제7회 오락관,Day2
부스명 뭐하지,초봉,C-02b,C,02,b,1sp,붕괴스타레일,아이나나,,단항,,,,,,https://dongne.co/events/game07/circles/165355,제7회 오락관,Day2
세기말 오타쿠,BLEN,K-16,K,16,,2sp,,,,,,,,,,https://dongne.co/events/game07/circles/165002,제7회 오락관,Day2
소나미 충전소,메야리,J-01b,J,01,b,1sp,소닉,,,,,,소나미,만화,me_ya_ri,https://dongne.co/events/game07/circles/165616,제7회 오락관,Day2
술탄의 냐스퍼,쌀토끼,J-03b,J,03,b,1sp,포켓몬스터,술탄의게임,,카라스바,카라스바X공준,"로맨틱,섹슈얼",드림,소설,onepiecetokki,https://dongne.co/events/game07/circles/165024,제7회 오락관,Day2
피크민 후르츠,감전주의 ,H-22,H,22,,2sp,"피크민,하츠네미쿠,테일즈런너","보컬로이드,오리지널 작품,리버스1999",세상에 테런 쁘띠존이 어딨어? 맞아 컨셉충이네,,,,,"만화,일러스트,기타",botong_lili,https://dongne.co/events/game07/circles/165905,제7회 오락관,Day2
무라세 클리닉 옆집,티모모,J-03a,J,03,a,1sp,슬로우데미지,,,,,,,만화,,https://dongne.co/events/game07/circles/165013,제7회 오락관,Day2
교황청 뉴비가 타고 있어요(클리어 시 먼저 구출 부탁),"시오, 서목",J-21,J,21,,2sp,파판14,"블랙배저,공조살,마차살",,오르슈팡,,,,"만화,일러스트,소설",dankixio,https://dongne.co/events/game07/circles/165327,제7회 오락관,Day2
금발도 신사를 좋아해,환락튀김,A-19b,A,19,b,1sp,붕괴: 스타레일,,확률론적 겜블링 메이트,"Dr. 레이시오,어벤츄린",Dr. 레이시오X어벤츄린,로맨틱,,,,https://dongne.co/events/game07/circles/165709,제7회 오락관,Day2
이것이 하찮은 동거의 말로다,"사가, 재익이",C-16,C,16,,2sp,페르소나5,,전서 등록 100% ,"주인공,아케치고로",주인공X아케치고로,로맨틱,,기타,"Nemuisaga, fcbcf888",https://dongne.co/events/game07/circles/165806,제7회 오락관,Day2
유행과 차차와 로나의 유쾌한 반란,"유행, 차차, 로나",H-10a,H,10,a,1sp,대역전재판,,,,바로크 반직스X종자,,,,,https://dongne.co/events/game07/circles/165062,제7회 오락관,Day2
파이널 희망의 학원과 세포의 페르소나 론파 판타지 신곡,한풀,J-01a,J,01,a,1sp,파이널판타지 시리즈,"파판7,파판10,파판14,단간론파,세포신곡,페르소나",,,,,,일러스트,hanpulzupam,https://dongne.co/events/game07/circles/165862,제7회 오락관,Day2
여우의 사랑은 세상을 구한다.,Ru,F-12a,F,12,a,1sp,빛과 밤의 사랑,,,제신율,,로맨틱,,"만화,소설,기타",LAN_RUSFERIA,https://dongne.co/events/game07/circles/165073,제7회 오락관,Day2
무적의 구체와 무적의 챔피언은 다른 것,멘사,E-22b,E,22,b,1sp,발더스게이트3,포켓몬스터,,,게일X타브,,,만화,169_pkmbg,https://dongne.co/events/game07/circles/165667,제7회 오락관,Day2
살아라 그대는 키즈나다,제라,A-10a,A,10,a,1sp,페르소나3,,전서 등록 100% ,,주인공(페르소나3)X아이기스,,,,geranium0305,https://dongne.co/events/game07/circles/165792,제7회 오락관,Day2
생태계 최하위 생명체와 외계인 아빠가 가족이라구요?!,유,H-23a,H,23,a,1sp,"피크민 (1,2,3디럭스,4)",,,"피크민,올리마,루이",,,,"일러스트,사진,기타,게임",yu_pikmin,https://dongne.co/events/game07/circles/165285,제7회 오락관,Day2
산타는 귀신이 아니라니까!,A2,H-16a,H,16,a,1sp,역전재판,"오오에,히프노시스마이크",,,나루호도 류이치X미츠루기 레이지,로맨틱,,"만화,일러스트",A298400_2,https://dongne.co/events/game07/circles/164968,제7회 오락관,Day2
동성회 한국지부,안(경건)달,F-16a,F,16,a,1sp,용과같이,,"나, 천계를 얻었노라!",다테 마코토 외,,,,"일러스트,기타",eomul_geon15848,https://dongne.co/events/game07/circles/166000,제7회 오락관,Day2
무너랑 개구리랑,케루,D-16,D,16,,2sp,페르소나,포켓몬,,,,,,"일러스트,조형",KERu_kaero,https://dongne.co/events/game07/circles/165384,제7회 오락관,Day2
백봉회 한국지부,봉식이,F-16b,F,16,b,1sp,용과같이,,"나, 천계를 얻었노라!","미네,다이고",,"로맨틱,섹슈얼",,"만화,일러스트",bong_001,https://dongne.co/events/game07/circles/165378,제7회 오락관,Day2
테일즈 공허신곡,BG,K-24,K,24,,2sp,"세포신곡,테일즈런너,할로우나이트","프로젝트세카이,미쿠",,,,,,,"BG_Genre, already_VBS",https://dongne.co/events/game07/circles/165414,제7회 오락관,Day2
아다주 앤솔로지 : 심야극장,쿠라게,B-07,B,07,,2sp,페르소나4,,전서 등록 100% ,"아다치 토오루,페르소나4 주인공",아다치 토오루X페르소나4 주인공,"섹슈얼,로맨틱",,만화,ADS_K_anthol,https://dongne.co/events/game07/circles/165353,제7회 오락관,Day2
페어리 토네이도 코스 나왔습니다.,꾹꾹이,J-15,J,15,,2sp,이나즈마 일레븐 시리즈,포켓몬스터,,"유카리,시온,브레이크조,하루",유카리X시온,로맨틱,,만화,ggugguming7,https://dongne.co/events/game07/circles/165110,제7회 오락관,Day2
건달은 누군가를 행복하게 해줄 순 없는 걸까요......,dorayaki,F-18a,F,18,a,1sp,용과같이,,"나, 천계를 얻었노라!","키류,니시키야마",,,,,,https://dongne.co/events/game07/circles/165248,제7회 오락관,Day2
し즈마 타케し바 し오도메 신바し,"순애감별사, 아니요, 숟가락",M-09,M,09,,2sp,오오에,,,,오오사키X시즈마,"로맨틱,섹슈얼","오오타케, 오오시오, 오오신","소설,일러스트","SUN_star__, oo_nigir1, qIE1MDrYOr74940",https://dongne.co/events/game07/circles/165514,제7회 오락관,Day2
머나먼 엘도라도에,에밀,K-01,K,01,,2sp,레뷰,"페르소나3,페이트 스테이 나이트",,,,,,"만화,일러스트",rr_amil,https://dongne.co/events/game07/circles/165010,제7회 오락관,Day2
파이널 장르비빔밥 ,긔곰,J-19,J,19,,2sp,파이널판타지14,파판시리즈 테일즈시리즈,,,,,,"만화,일러스트,기타",,https://dongne.co/events/game07/circles/165991,제7회 오락관,Day2
페그오 부스였다가 명일방주 부스가 된 것,피네,J-07b,J,07,b,1sp,명일방주,페이트/그랜드 오더,,"이그제큐터,비르투오사",이그제큐터X비르투오사,"로맨틱,섹슈얼",,소설,__pkoverata,https://dongne.co/events/game07/circles/165625,제7회 오락관,Day2
야생의 모르가나가 나타났다!,R,C-08b,C,08,b,1sp,페르소나,,전서 등록 100% ,,,,,일러스트,1arutan,https://dongne.co/events/game07/circles/165752,제7회 오락관,Day2
교수님 종강해주세요,hElsea,A-19a,A,19,a,1sp,붕괴 스타레일,,확률론적 겜블링 메이트,"레이시오,어벤츄린",레이시오X어벤츄린,,,"소설,일러스트",,https://dongne.co/events/game07/circles/165756,제7회 오락관,Day2
아무튼 두근두근하면 되는거 아닌가요?,새우,E-09,E,09,,2sp,"바이오하자드,아라비안즈로스트",크림슨 엠파이어,,,레온 케네디X에이다 웡,,스튜어트x아이린,만화,"saeu_pub, Jess_Otome",https://dongne.co/events/game07/circles/165807,제7회 오락관,Day2
다아트: 서초구,신살자,J-18,J,18,,2sp,진·여신전생 5 Vengeance,"진·여신전생 3 녹턴,데빌 서머너 쿠즈노하 라이도우 대 초력병단 등",,나호비노,,,,게임,124opq,https://dongne.co/events/game07/circles/165777,제7회 오락관,Day2
유배지(리얼에디션),림 ,C-09a,C,09,a,1sp,,페르소나3,전서 등록 100% ,아마다 켄,아마다 켄X드림주,,"어쩌면 주아이, 어쩌면 료햄, 어쩌면 다른 거","만화,일러스트",Niu_NJGR,https://dongne.co/events/game07/circles/165783,제7회 오락관,Day2
무장사(무진장장르사랑많은곳) ,광,D-14,D,14,,2sp,페르소나3,"오버워치,아이돌리쉬세븐,마법사의 약속",,선배조,,해당없음,아키미츠신지,만화,enomatsuname,https://dongne.co/events/game07/circles/165640,제7회 오락관,Day2
고라포덕,42,I-20b,I,20,b,1sp,포켓몬,보컬로이드,,,,,,,,https://dongne.co/events/game07/circles/164941,제7회 오락관,Day2
교벅도벅,빈칸,A-22,A,22,,2sp,붕괴: 스타레일,,확률론적 겜블링 메이트,"Dr.레이시오,어벤츄린",Dr.레이시오X어벤츄린,로맨틱,,"일러스트,공예,조형",binkan_eo,https://dongne.co/events/game07/circles/165350,제7회 오락관,Day2
낙사맛집,냅,I-10b,I,10,b,1sp,오버워치,,,,,,,기타,nap_human,https://dongne.co/events/game07/circles/165510,제7회 오락관,Day2
냐냐코냥,tos,B-09,B,09,,2sp,페르소나 4,,전서 등록 100% ,도지마 나나코,,,,,tosssqqq,https://dongne.co/events/game07/circles/165826,제7회 오락관,Day2
네가그려,기설,G-07a,G,07,a,1sp,프로젝트 세카이,,,"카미시로 루이,텐마 츠카사",카미시로 루이X텐마 츠카사,로맨틱,,"만화,일러스트",,https://dongne.co/events/game07/circles/165649,제7회 오락관,Day2
느짓살이,단삭,D-01b,D,01,b,1sp,명일방주,,,인사이더,,,,,Dansak_AK,https://dongne.co/events/game07/circles/164964,제7회 오락관,Day2
댄싱래빗,댄싱래빗,G-05,G,05,,2sp,,,,,,,,,,https://dongne.co/events/game07/circles/165212,제7회 오락관,Day2
동인나라,육개,H-24,H,24,,2sp,테일즈런너,"젤다의전설,라이프이즈스트레인지2",세상에 테런 쁘띠존이 어딨어? 맞아 컨셉충이네,"엘림스 스마일,아슈 로벨(닥터헬),리발",엘림스 스마일X아슈 로벨(닥터헬),"로맨틱,로맨틱",,"만화,일러스트",yuggaepaig5,https://dongne.co/events/game07/circles/165112,제7회 오락관,Day2
동인실직,가미,G-09,G,09,,2sp,프로젝트 세카이,,,"카미시로 루이,텐마 츠카사",카미시로 루이X텐마 츠카사,"로맨틱,섹슈얼",,,,https://dongne.co/events/game07/circles/165003,제7회 오락관,Day2
똘콩이네,쿼카굿,B-23,B,23,,2sp,붕괴 스타레일,젠존제,,,,,,,quokaisgood,https://dongne.co/events/game07/circles/165984,제7회 오락관,Day2
마오공방,MAO,C-17b,C,17,b,1sp,"페르소나3,페르소나5",오오에,전서 등록 100% ,"3주,아이기스,5주,아케치,오오사키,신바시",아마미야 렌X아케치 고로,로맨틱,"주아이,아라햄,오오신",일러스트,,https://dongne.co/events/game07/circles/165256,제7회 오락관,Day2
모델인형,고정희,G-19a,G,19,a,1sp,원신,명탐정 코난,,원신,,,,,,https://dongne.co/events/game07/circles/166014,제7회 오락관,Day2
빛장빛사,에사,G-15b,G,15,b,1sp,에리오스 라이징 히어로즈,,,,주니어X페이스,로맨틱,빌리그레,만화,,https://dongne.co/events/game07/circles/165542,제7회 오락관,Day2
산지직송,강원도감자,D-24b,D,24,b,1sp,명일방주,파판14,,,,,,,,https://dongne.co/events/game07/circles/164973,제7회 오락관,Day2
삼국회담,몹주,C-20a,C,20,a,1sp,Lkyt.,"붕괴: 스타레일,델타룬",,,,,,만화,,https://dongne.co/events/game07/circles/165923,제7회 오락관,Day2
서부웨이,꼬리,I-14b,I,14,b,1sp,오버워치,"우마무스메,뿌요뿌요",,"캐서디,D.va,황금일족,카방클",,,,일러스트,CQDSzz,https://dongne.co/events/game07/circles/165076,제7회 오락관,Day2
서성서성,쎔,A-13a,A,13,a,1sp,페르소나3,페르소나4,전서 등록 100% ,,,,,,ssamesum,https://dongne.co/events/game07/circles/165315,제7회 오락관,Day2
세포트립,코노,H-14,H,14,,2sp,18trip (에이틴 트립),세포신곡,,,,,,만화,,https://dongne.co/events/game07/circles/165257,제7회 오락관,Day2
시쿠시쿠,농부,G-10,G,10,,2sp,프로젝트 세카이,,,,카미시로 루이X텐마 츠카사,로맨틱,,만화,,https://dongne.co/events/game07/circles/164988,제7회 오락관,Day2
아방연하,鉛,F-08b,F,08,b,1sp,"포켓몬스터SV,포켓몬스터",,,"카지,시유",카지X시유,"로맨틱,섹슈얼",,만화,friendlysh0p,https://dongne.co/events/game07/circles/165856,제7회 오락관,Day2
아트박스,RIKI,C-03a,C,03,a,1sp,붕괴 스타레일,,,,,,,,Riki_0v0,https://dongne.co/events/game07/circles/165497,제7회 오락관,Day2
오복마트,냐햐,K-21,K,21,,2sp,"오오에,리그오브레전드",,,,,,,,,https://dongne.co/events/game07/circles/165663,제7회 오락관,Day2
왼귀나산,"사파, 편지",M-08b,M,08,b,1sp,오오에,술탄의 게임,,,오오사키X시즈마,,그외많은것들,,,https://dongne.co/events/game07/circles/165132,제7회 오락관,Day2
요조숙남,묘이,L-13a,L,13,a,1sp,오오에,,,"아리아케,신바시",오오사키X타케시바,,,일러스트,myoeei_,https://dongne.co/events/game07/circles/165919,제7회 오락관,Day2
우주유영,모민,G-18b,G,18,b,1sp,프로젝트 세카이,,,"카미시로 루이,텐마 츠카사",카미시로 루이X텐마 츠카사,,,,pleegf,https://dongne.co/events/game07/circles/165125,제7회 오락관,Day2
이게되네,부율,E-19,E,19,,2sp,발더스게이트3,,,아스타리온,,"로맨틱,섹슈얼",,소설,eunyul0221,https://dongne.co/events/game07/circles/165610,제7회 오락관,Day2
죽박구리,"찌락, 지",L-16,L,16,,2sp,오오에,,,"오오사키,타케시바",오오사키X타케시바,"로맨틱,섹슈얼,로맨틱",,만화,"JJL_otaku, jii9254",https://dongne.co/events/game07/circles/165558,제7회 오락관,Day2
짭벨벳룸,김콜라,B-13b,B,13,b,1sp,페르소나,명일방주,전서 등록 100% ,"나루카미 유우,하나무라 요스케,아마미야 인형 등",나루카미 유우X하나무라 요스케,"로맨틱,해당없음",없음,"일러스트,기타",ttong351329,https://dongne.co/events/game07/circles/165490,제7회 오락관,Day2
철야왕국,"IENN, 프라이",J-16,J,16,,2sp,"파이어 엠블렘 시리즈,Fate 시리즈,Fate/Grand order",,,"오키타 소지,카와카미 겐사이",타쿠미X카무이,,,"만화,일러스트",,https://dongne.co/events/game07/circles/165391,제7회 오락관,Day2
칠첩반상,엘스,J-23,J,23,,2sp,파이널판타지14,붕괴스타레일,,,,,,"일러스트,기타",Grin__erus,https://dongne.co/events/game07/circles/164989,제7회 오락관,Day2
파리날다,82,C-15,C,15,,2sp,페르소나 5 로열,페르소나 3 리로드,전서 등록 100% ,주인공 (아마미야 렌),주인공 (아마미야 렌)X아케치 고로,"로맨틱,섹슈얼","주인공 (유키 마코토) x 아이기스, ","만화,일러스트",justoootaku,https://dongne.co/events/game07/circles/165548,제7회 오락관,Day2
폴리페놀,치자피즈,A-17a,A,17,a,1sp,페르소나3,,전서 등록 100% ,3주,료지X3주,해당없음,,만화,,https://dongne.co/events/game07/circles/164963,제7회 오락관,Day2
오오에와 같이,멸균,F-13b,F,13,b,1sp,오오에,소년기의 끝,,"오오사키 히이로,타케시바 요조,신바시 메이",오오사키 히이로X타케시바 요조,로맨틱,오오신,"만화,일러스트",eMpty_CasE__,https://dongne.co/events/game07/circles/165104,제7회 오락관,Day2
디텍티브 토크 ,슈딘,C-12a,C,12,a,1sp,페르소나5,,전서 등록 100% ,아케치 고로,,,,소설,0s0_strs,https://dongne.co/events/game07/circles/165520,제7회 오락관,Day2
자이언트 킬링 ,전진,E-16a,E,16,a,1sp,아머드코어6 루비콘의 화염,"프롬소프트웨어,기타 콘솔 게임",,,,,,만화,ylsimm9,https://dongne.co/events/game07/circles/165579,제7회 오락관,Day2
팬케이크 가게 ,プルー,G-13,G,13,,2sp,프로젝트세카이,,,"시노노메 아키토,아오야기 토우야,시라이시 안,아즈사와 코하네,아키야마 미즈키,KAITO,카미시로 루이,텐마 츠카사",,,,,,https://dongne.co/events/game07/circles/165253,제7회 오락관,Day2
쯔꾸르에 인생 판 부스,아숭김,K-02,K,02,,2sp,"쯔꾸르 게임 등,위치즈하트,안개비가내리는숲",Ib,,,스가X시오리,로맨틱,"시리클레, 윌라클레 ... ",만화,asung_rpg,https://dongne.co/events/game07/circles/165583,제7회 오락관,Day2
무언가의 반죽 상태,금식,J-02,J,02,,2sp,술탄의 게임,,,페리스,,,,만화,Go_d_eater,https://dongne.co/events/game07/circles/165109,제7회 오락관,Day2
오오에섬 관광 공지 부스,아구,M-06a,M,06,a,1sp,오오에,고서점가의 하시히메,,"오오사키,타케시바,신바시,아리아케",오오사키X타케시바,,"오오신,오오아리",,agoim514,https://dongne.co/events/game07/circles/165854,제7회 오락관,Day2
주아케가 뭔가 먹는 부스,주인공극좌파하렘주의,C-14,C,14,,2sp,페르소나 5,,전서 등록 100% ,"주인공,아케치 고로",주인공(페르소나5)X아케치 고로,"로맨틱,섹슈얼,로맨틱",,"소설,만화",protagoleft,https://dongne.co/events/game07/circles/165127,제7회 오락관,Day2
흔들리는 꽃들 속에섬,연차,L-19,L,19,,2sp,오오에,슈퍼 단간론파2,,"오오사키,신바시,타케시바",오오사키X신바시,로맨틱,,"만화,일러스트,소설",Annual__1,https://dongne.co/events/game07/circles/165726,제7회 오락관,Day2
유니버스 커피 갈루스본점,"점장, 단골",G-23,G,23,,2sp,로드 오브 히어로즈,,,"카르티스,람다,동방조",,해당없음,,"만화,일러스트",,https://dongne.co/events/game07/circles/165717,제7회 오락관,Day2
부스라고 쓰고 슈뢰딩거의 마감일정이라고 읽는,마루,K-11,K,11,,2sp,,,,,,,,,,https://dongne.co/events/game07/circles/165207,제7회 오락관,Day2
대빈민이 됏어요,쉬푸,L-02b,L,02,b,1sp,오오에,,,오오사키 타케시바 신바시 그외,,"섹슈얼,로맨틱",오오신 ,"만화,일러스트,공예",eshi_000,https://dongne.co/events/game07/circles/165955,제7회 오락관,Day2
도라지와 뚜벅쵸,도라지,I-20a,I,20,a,1sp,포켓몬,"피크민,우마무스메",,,,,,,frogjem,https://dongne.co/events/game07/circles/165753,제7회 오락관,Day2
밥심으로 운영중,tjsdn653,I-01b,I,01,b,1sp,젤다의 전설,포켓몬스터,,,,,,,,https://dongne.co/events/game07/circles/165738,제7회 오락관,Day2
스트리트 팰리스,륨,M-08a,M,08,a,1sp,프로젝트 세카이,페르소나5,,,,,,,ryum_PSK,https://dongne.co/events/game07/circles/165017,제7회 오락관,Day2
야오이의 남자들,지학,K-19a,K,19,a,1sp,고서점가의 하시히메,우우울트라C,,,,"섹슈얼,로맨틱","타마모리른, 아키쇼",,qy_xl3,https://dongne.co/events/game07/circles/165819,제7회 오락관,Day2
왕밤빵의 세카이,왕밤빵,G-18a,G,18,a,1sp,프로젝트 세카이,,,,카미시로 루이X텐마 츠카사,,,,,https://dongne.co/events/game07/circles/165255,제7회 오락관,Day2
우파우파 유치원,빈제,"K-12, K-13",K,12,,4sp,포켓몬스터,"레지던트이블,바이오하자드",,,,,,,,https://dongne.co/events/game07/circles/165706,제7회 오락관,Day2
지옥여친 동호회,신원미상,F-04a,F,04,a,1sp,발더스 게이트 3,,,카를라크 (칼라크),,,,"만화,일러스트,소설",sinwon_ms30,https://dongne.co/events/game07/circles/165833,제7회 오락관,Day2
팽이버섯 군생지,사날,J-04,J,04,,2sp,포켓몬스터,파이널판타지 14 / 버튜버,,"카지,푸름,오토노세 카나데,ReGLOSS",카지X푸름,로맨틱,,,SNL_NAL,https://dongne.co/events/game07/circles/165032,제7회 오락관,Day2
같얼굴콤 고치는 법,말로,M-11,M,11,,2sp,오오에,,,,오오사키X시즈마,,,,MCSL_2CP,https://dongne.co/events/game07/circles/164945,제7회 오락관,Day2
아직까지 정해진 게 없는 부스,"덕남, 제인, 파가",K-15,K,15,,2sp,잭잔느,,,,,,,"만화,소설",,https://dongne.co/events/game07/circles/165734,제7회 오락관,Day2
보라빨강 나오는 부스,이노,K-14,K,14,,2sp,,,,,,,,,,https://dongne.co/events/game07/circles/165191,제7회 오락관,Day2
나가노현 고원에 숲이랑 호수로 둘러쌓인 작은 별장이 있어. 거기로 이사가자. 그리고... 결혼하자. ,Deng,M-18a,M,18,a,1sp,오오에,,,"오오사키,시즈마",,,,,deng09n10,https://dongne.co/events/game07/circles/165914,제7회 오락관,Day2
해킹으로 집안을 나락보낸 아버지,슼,K-17,K,17,,2sp,소년기의 끝,,,,캄파넬라X조반니,"로맨틱,섹슈얼",,"만화,일러스트",Li5rim,https://dongne.co/events/game07/circles/165330,제7회 오락관,Day2
청부업자 남편과 국회의원 아내의 스캔들,핳,C-01b,C,01,b,1sp,붕괴:스타레일,,,"블레이드,경원",블레이드X경원,"로맨틱,섹슈얼",,"만화,일러스트",U3U_hahah,https://dongne.co/events/game07/circles/165501,제7회 오락관,Day2
블록놀이 총놀이 영웅놀이 그리고 아내찾기,"버디, 쌉테부인, 양파",I-16,I,16,,2sp,콜오브듀티,"사일런트힐,오버워치,레지던트이블,포세이큰,로블록스",,"게스트,고스트,레온케네디 외",,,,,qjel_01,https://dongne.co/events/game07/circles/165662,제7회 오락관,Day2
주인장이 좋아한 조합들입니다,센느,C-21,C,21,,2sp,리버스 1999,라이자의 아틀리에,,카카니아/이졸데,,,,,,https://dongne.co/events/game07/circles/164930,제7회 오락관,Day2
깨어나라 셰퍼드! 깨어나서 우리와 같이 매스릴레이로 연결된 하수구로 만들어진 지하세계의 목숨의 위협을 피해 도망다니며 평생을 촛농같은 죽만 먹으면서 살자!,"얄메다,톨샄,인어맨",F-19,F,19,,2sp,"매스이펙트,발로란트","산나비,워프레임,p의거짓",,,,,,"만화,공예",,https://dongne.co/events/game07/circles/165182,제7회 오락관,Day2
나오하가 너무조하,코리안더파티,I-19,I,19,,2sp,포켓몬,,,"스카바이,나오하,고양이 포켓몬 위주",페퍼X푸름,로맨틱,,"만화,일러스트",coriander_party,https://dongne.co/events/game07/circles/164997,제7회 오락관,Day2
노키즈존 키즈카페,초과,G-14b,G,14,b,1sp,"프리즘스톤,포켓몬스터","프리파라,킹 오브 프리즘,프리티시리즈",,,,,,일러스트,prism_jjang,https://dongne.co/events/game07/circles/165594,제7회 오락관,Day2
다끼던을 마주하라,강페페,E-11,E,11,,2sp,다키스트 던전,"다크소울,바이오하자드(레지던트 이블)",,"디스마스,레이널드 위주",디스마스X레이널드,로맨틱,,"만화,일러스트","DD_pepekang, gwahaeyo",https://dongne.co/events/game07/circles/165603,제7회 오락관,Day2
아랫도시 백합서점,과몰입플레이,F-03,F,03,,2sp,발더스게이트3,,,"레이젤,새도하트,카를라크",,,,"만화,소설",gwmolua,https://dongne.co/events/game07/circles/165671,제7회 오락관,Day2
오락관의 하시히메,"제로, 고장난라디오",K-05,K,05,,2sp,고서점가의 하시히메,"Adelta,아델타",,,,로맨틱,"미나타마, 카와타마, 박사타마","만화,소설","4D3LTA, _e7a59e",https://dongne.co/events/game07/circles/165410,제7회 오락관,Day2
우리동네 적폐대장,적장,G-08a,G,08,a,1sp,프로젝트 세카이,,,"카미시로 루이,텐마 츠카사",카미시로 루이X텐마 츠카사,로맨틱,,,,https://dongne.co/events/game07/circles/165046,제7회 오락관,Day2
팬케이크 무한리필,수딩,D-08a,D,08,a,1sp,페르소나5,,,,주인공X아케치 고로,,,만화,,https://dongne.co/events/game07/circles/165223,제7회 오락관,Day2
바니바니 바니바니 (담금 담금),버섯,M-21,M,21,,2sp,오오에,우우울트라C,,,,,,"만화,일러스트",a__nokonoko,https://dongne.co/events/game07/circles/165710,제7회 오락관,Day2
오오시즈 리쿠이오 이 둘은 유명한 친구임,"가자, 즐껨충",M-13,M,13,,2sp,오오에,아이돌리쉬 세븐,,,오오사키X시즈마,섹슈얼,나나세리쿠x이즈미이오리,,"oeoloeol, riversidedoggy",https://dongne.co/events/game07/circles/165729,제7회 오락관,Day2
"와일드의 재능이란 까,빠를 미치게 하는 재능이렷다","밍기뉴, 피넛쿠키",B-14,B,14,,2sp,페르소나5,"페이트/그랜드 오더,오오에",전서 등록 100% ,"페르소나5 주인공(아마미야 렌),모르가나,요시자와 카스미,아케치 고로 외 기타등등",아케치 고로X페르소나 5 주인공,해당없음,,"만화,일러스트,소설",unread_u,https://dongne.co/events/game07/circles/165173,제7회 오락관,Day2
니시키가 텟펜에서 낮잠 잘 동안 키류는 카무로쵸 백바퀴 돌기 ,노숙자,F-09b,F,09,b,1sp,용과같이,,,,,,,,,https://dongne.co/events/game07/circles/165982,제7회 오락관,Day2
야쿠자는 누군가를 사랑할 순 없는 걸까요?,창식,F-17b,F,17,b,1sp,용과같이,,"나, 천계를 얻었노라!",도지마 다이고,미네 요시타카X도지마 다이고,로맨틱,,만화,,https://dongne.co/events/game07/circles/165158,제7회 오락관,Day2
가내드림 무료배포 뭐시기 만들고 싶은데 그냥 마감이 필요해서 신청한 부스,동방제과,E-22a,E,22,a,1sp,발더스 게이트 3,,,올캐러,가내드본타브X게일,로맨틱,,"만화,일러스트",llilillliilliil,https://dongne.co/events/game07/circles/165126,제7회 오락관,Day2
동화나라 다이어리 봐주세요,무해무해,H-03b,H,03,b,1sp,테일즈런너,,세상에 테런 쁘띠존이 어딨어? 맞아 컨셉충이네,마키,,,,일러스트,muhae_muhae,https://dongne.co/events/game07/circles/165499,제7회 오락관,Day2
달리기는 못하지만 마음만은 런너,도몽,H-06a,H,06,a,1sp,테일즈런너,,세상에 테런 쁘띠존이 어딨어? 맞아 컨셉충이네,올캐릭터,,해당없음,올캐러,"만화,일러스트",stock_dtr,https://dongne.co/events/game07/circles/165772,제7회 오락관,Day2
프리허그 해드립니다,방다,H-03a,H,03,a,1sp,테일즈런너,,세상에 테런 쁘띠존이 어딨어? 맞아 컨셉충이네,"자브,닥터헬,하랑,하루",하루X하랑,해당없음,,"일러스트,기타,만화",,https://dongne.co/events/game07/circles/165195,제7회 오락관,Day2
베이커가 코스터가든 ,파즈스피,H-08b,H,08,b,1sp,대역전재판,,,"아소기 카즈마,나루호도 류노스케,바로크 반직스,셜록 홈즈,아이리스",,,,기타,Pazspi_,https://dongne.co/events/game07/circles/165565,제7회 오락관,Day2
르동블랙 세마스기루 부스,33,M-07,M,07,,2sp,오오에,,,"오오사키,아리아케,신바시",,,,,_3o03_,https://dongne.co/events/game07/circles/165960,제7회 오락관,Day2
키타가와 유스케에게 밥을 사주기 위한 부스,란가,C-13,C,13,,2sp,페르소나 시리즈,"메타포,역전재판,레인",전서 등록 100% ,,주인공X키타가와 유스케,해당없음,"햄기스, 주하나, 주아케","일러스트,만화",coroin_dgx,https://dongne.co/events/game07/circles/165066,제7회 오락관,Day2
손가락이 부서지도록 눌러라!! 명령하지마라 천천히 누를거다,국밥집,H-21a,H,21,a,1sp,테일즈런너,,세상에 테런 쁘띠존이 어딨어? 맞아 컨셉충이네,테일즈런너 캐릭터들,,로맨틱,,"일러스트,기타",windstormXrLrOl,https://dongne.co/events/game07/circles/165853,제7회 오락관,Day2
털날리는 오오에지마의 고서점가,숟냥,M-03a,M,03,a,1sp,오오에,"고서점가의 하시히메,페르소나,단간론파",,,오오사키X아리아케,,"오오시오, 오오신, 카와타마, 사이아카","기타,일러스트","_OOOwO_, nyanbokk_",https://dongne.co/events/game07/circles/165910,제7회 오락관,Day2
지금부터 보여드리겠습니다,낙복,F-11,F,11,,2sp,용과같이,,,키류카즈마,,섹슈얼,,,,https://dongne.co/events/game07/circles/165509,제7회 오락관,Day2
확실하게 결혼시켜드립니다,"에씨, 물풀빵",H-05,H,05,,2sp,테일즈런너,붕괴 스타레일,세상에 테런 쁘띠존이 어딨어? 맞아 컨셉충이네,,,,,일러스트,TR_essi,https://dongne.co/events/game07/circles/165716,제7회 오락관,Day2
"앉으라고, 덕질하러 왔잖아!",숨져,E-01,E,01,,2sp,"발더스게이트3,사이퍼즈","마블,리그오브레전드",,"아스타리온,섀도하트,윈터 솔져(버키 반즈),사이퍼즈 올캐러",,,,"일러스트,공예,기타",deadBG3,https://dongne.co/events/game07/circles/165787,제7회 오락관,Day2
순띠소나!!,순띠,A-14a,A,14,a,1sp,페르소나3,,전서 등록 100% ,,,,,"일러스트,만화",sooon787,https://dongne.co/events/game07/circles/165644,제7회 오락관,Day2
저리꺼져!내게임기는넘겨줄수없다!,제토,H-09,H,09,,2sp,"역전재판,프세카,언더테일",,,,,,,,zetoee,https://dongne.co/events/game07/circles/165334,제7회 오락관,Day2
나하하하..,미도,L-13b,L,13,b,1sp,오오에,,,,오오사키X타케시바,,"오오신, 오오아리",,woo0o0o471,https://dongne.co/events/game07/circles/165920,제7회 오락관,Day2
게임중독자,12,D-17a,D,17,a,1sp,젤다의 전설,,,,,,,게임,n19392387,https://dongne.co/events/game07/circles/165601,제7회 오락관,Day2
경단보급소,휴,B-03,B,03,,2sp,붕괴:스타레일,,,"경원,단항",경원X단항,로맨틱,,만화,hue_hsr,https://dongne.co/events/game07/circles/165270,제7회 오락관,Day2
경단영업소,사슴,B-04,B,04,,2sp,붕괴:스타레일,,,"경원,단항",경원X단항,로맨틱,,"일러스트,만화",,https://dongne.co/events/game07/circles/165051,제7회 오락관,Day2
경단제작소,류논,B-05,B,05,,2sp,붕괴: 스타레일,,,"경원,단항",경원X단항,로맨틱,,"소설,만화",,https://dongne.co/events/game07/circles/164934,제7회 오락관,Day2
경단주유소,슈님,B-06a,B,06,a,1sp,붕괴: 스타레일,,,"경원,단항",경원X단항,로맨틱,,만화,tbfkdqnfkd,https://dongne.co/events/game07/circles/164938,제7회 오락관,Day2
국밥맛츄르,냥밥,L-05a,L,05,a,1sp,오오에,,,신바시,오오사키X신바시,로맨틱,,만화,rpdlarPwjd_,https://dongne.co/events/game07/circles/165428,제7회 오락관,Day2
도깨비상점,도깨비상점,G-06,G,06,,2sp,,,,,,,,공예,,https://dongne.co/events/game07/circles/165267,제7회 오락관,Day2
도데모이이,봉밥,B-16b,B,16,b,1sp,페르소나,,전서 등록 100% ,"3주인공,4주인공,5주인공",,,,일러스트,MESI2pai,https://dongne.co/events/game07/circles/165714,제7회 오락관,Day2
뒷산한계점,쟈근곰,G-11,G,11,,2sp,프로젝트세카이,,,"아오야기 토우야,시노노메 아키토",아오야기 토우야X시노노메 아키토,"로맨틱,섹슈얼",토우아키,"만화,일러스트",,https://dongne.co/events/game07/circles/165019,제7회 오락관,Day2
롬다롬다롬,도람,I-21,I,21,,2sp,포켓몬,스플래툰 프리큐어 앙스타,,,,,,,doramdarom,https://dongne.co/events/game07/circles/165055,제7회 오락관,Day2
먹다만우동,순두부우동,B-20a,B,20,a,1sp,붕괴 스타레일,,,,경원X블레이드,로맨틱,,만화,,https://dongne.co/events/game07/circles/165259,제7회 오락관,Day2
뭐든내겟지,나긔,K-03b,K,03,b,1sp,,,,,,,,,,https://dongne.co/events/game07/circles/165050,제7회 오락관,Day2
바쁘다바빠,두부,D-02,D,02,,2sp,"명일방주,포켓몬",,,,,,,,,https://dongne.co/events/game07/circles/165701,제7회 오락관,Day2
발더스의개,해인,E-20,E,20,,2sp,발더스게이트3,,,,,,,"일러스트,만화",haein_0214_,https://dongne.co/events/game07/circles/165045,제7회 오락관,Day2
백스테이지,.,G-07b,G,07,b,1sp,프로젝트 세카이 컬러풀 스테이지! feat.하츠네 미쿠,,,"카미시로 루이,텐마 츠카사",카미시로 루이X텐마 츠카사,로맨틱,,"만화,기타",,https://dongne.co/events/game07/circles/165402,제7회 오락관,Day2
별무리상점,밀티,C-22,C,22,,2sp,스타레일,원신,,,,,,,,https://dongne.co/events/game07/circles/164965,제7회 오락관,Day2
세모입작렬,고고매니저,A-16a,A,16,a,1sp,페르소나3,,전서 등록 100% ,,,,,,gogomanager1221,https://dongne.co/events/game07/circles/165778,제7회 오락관,Day2
솜꼬리토끼,감은눈,D-09b,D,09,b,1sp,페르소나5로얄,파이널판타지14,,,,"로맨틱,섹슈얼",빛전라하,,12point13,https://dongne.co/events/game07/circles/164961,제7회 오락관,Day2
장원팰리스,룽,D-09a,D,09,a,1sp,페르소나5,,,"아마미야 렌,아케치 고로",주인공X아케치 고로,해당없음,,일러스트,fndwlwlwl,https://dongne.co/events/game07/circles/165703,제7회 오락관,Day2
진티엔리밍,kje1213114,G-04,G,04,,2sp,,,,,,,,,,https://dongne.co/events/game07/circles/165366,제7회 오락관,Day2
진티엔리밍,kje1213114,"G-02, G-03",G,02,,4sp,,,,,,,,,,https://dongne.co/events/game07/circles/165367,제7회 오락관,Day2
창고보관함,　,H-01a,H,01,a,1sp,테일즈런너,,세상에 테런 쁘띠존이 어딨어? 맞아 컨셉충이네,"이든 화이트 체임벌린,엘림스 스마일,아슈 로벨(닥터헬),에피알티스",,,카인라라,"만화,일러스트,기타","liona_pencil, trunill, yahsooh",https://dongne.co/events/game07/circles/165119,제7회 오락관,Day2
척츄피세요,햄부기,B-22b,B,22,b,1sp,붕괴 스타레일,블루록,,어벤츄린,카일루스X어벤츄린,"섹슈얼,로맨틱",나기레오,"만화,소설,일러스트",ibgwataku,https://dongne.co/events/game07/circles/165981,제7회 오락관,Day2
총체적난국,촤촤촤,D-20a,D,20,a,1sp,,,,,,,,"만화,일러스트",,https://dongne.co/events/game07/circles/165044,제7회 오락관,Day2
최강맛초킹,ming_,A-13b,A,13,b,1sp,페르소나3,,전서 등록 100% ,,,,,,qx_xbc,https://dongne.co/events/game07/circles/165531,제7회 오락관,Day2
키티일기장,외지인,M-23b,M,23,b,1sp,오오에,하시히메,,,,,,,out1and,https://dongne.co/events/game07/circles/165284,제7회 오락관,Day2
티바트열차,농,B-22a,B,22,a,1sp,붕괴스타레일,원신,,,파이논X마이데이,"로맨틱,해당없음",타탈종려 ,"만화,일러스트",Chanok_00,https://dongne.co/events/game07/circles/165488,제7회 오락관,Day2
석류주스와 갈비,갈비,D-21b,D,21,b,1sp,"니어 레플리칸트,명일방주",,,,,로맨틱,루멘x아이린,게임,galbe_back,https://dongne.co/events/game07/circles/165563,제7회 오락관,Day2
팔데아에서 보물 찾고 미르에서 길 잃기,플라티나,I-02,I,02,,2sp,포켓몬스터,,,"카라스바,홈웨이조,북신남매,스타단 등",,,,"일러스트,소설",platin_amide,https://dongne.co/events/game07/circles/165718,제7회 오락관,Day2
아오가시마 원정단,독독,M-20b,M,20,b,1sp,오오에,,,"오오사키,시오도메,신바시",오오사키X시오도메,"로맨틱,섹슈얼",오오신,"만화,소설",dokdok_sumnol,https://dongne.co/events/game07/circles/165243,제7회 오락관,Day2
안녕하세요 여러분~ 페르소나 해주시면 감사하겠습니다!,"잡, 이응",A-15,A,15,,2sp,"페르소나3,페르소나4",메타포:리판타지오,전서 등록 100% ,햄코,,,,"만화,일러스트","dangeroustaku, 2hyu_00",https://dongne.co/events/game07/circles/165303,제7회 오락관,Day2
마리포사의 보물상자,마리포사,F-23,F,23,,2sp,해리포터,,,,,,,,,https://dongne.co/events/game07/circles/165346,제7회 오락관,Day2
뭐가나올지 나도모름,방주,A-01a,A,01,a,1sp,붕괴: 스타레일,,확률론적 겜블링 메이트,,,해당없음,,,grottsca_jo,https://dongne.co/events/game07/circles/165023,제7회 오락관,Day2
우메보시와 애플파이,"이온,폰세",G-16a,G,16,a,1sp,에리오스 라이징 히어로즈,,,,,,"아키렌, 세이로빈","만화,일러스트,소설",redblubestmatch,https://dongne.co/events/game07/circles/165247,제7회 오락관,Day2
유크로니아 만두명가,렐,C-07a,C,07,a,1sp,메타포 : 리판타지오,,전서 등록 100% ,,,,,,Lella_nyam,https://dongne.co/events/game07/circles/165220,제7회 오락관,Day2
하르트만의 명일방주,보라,D-03a,D,03,a,1sp,명일방주,,,,,,,소설,,https://dongne.co/events/game07/circles/165482,제7회 오락관,Day2
우로보로스 프로젝트 ~수십억 명을 구하기 위해서 주먹으로 바위를 부숴야 한다구요?!~,박모싕,E-07,E,07,,2sp,바이오하자드,,,"알버트 웨스커,크리스 레드필드",크리스 레드필드X알버트 웨스커,,,만화,singrairiedog,https://dongne.co/events/game07/circles/165685,제7회 오락관,Day2
벌레라라의 운명수호자,D,J-12,J,12,,2sp,할로우나이트 실크송,데스티니 가디언즈,,,,,,기타,,https://dongne.co/events/game07/circles/165412,제7회 오락관,Day2
아르테리아 아르카부스 습격,루에,E-14b,E,14,b,1sp,아머드코어 포앤서,아머드코어6,,"프로이트,스네일,막시밀리앙 테르미도르",프로이트X스네일,로맨틱,,만화,roe_kukim,https://dongne.co/events/game07/circles/165705,제7회 오락관,Day2
테일즈야르: 완전히 야르다,여유,H-20,H,20,,2sp,테일즈런너,,세상에 테런 쁘띠존이 어딨어? 맞아 컨셉충이네,,RX카이,,,"일러스트,만화",YeoYu_TR3,https://dongne.co/events/game07/circles/165588,제7회 오락관,Day2
그리두어라!,timneh,I-08b,I,08,b,1sp,"오버워치,데스티니 가디언즈",,,,,,,,,https://dongne.co/events/game07/circles/165408,제7회 오락관,Day2
하면되잖아?,이연하,A-08,A,08,,2sp,페르소나3,"페르소나4,페르소나5,검은방,회색도시,베리드스타즈,히프노시스마이크,우오토,어서오세요! FACT에,100미터,지.지구의 운동에 대하여",전서 등록 100% ,아다치 토오루,아다치 토오루X드림주,"로맨틱,섹슈얼","와타이야, 쿠코쥬시, 아다치 토오루 중심 ncp","만화,일러스트,소설,기타",higherrn,https://dongne.co/events/game07/circles/165263,제7회 오락관,Day2
고양이와오리,하품고양이,G-24,G,24,,2sp,"그랜드 체이스,사우스 파크: 프랙처드 벗 홀",,,버터스 스타치(카오스 교수),하르페X로난,,,"만화,소설,기타",Goyang0317,https://dongne.co/events/game07/circles/165465,제7회 오락관,Day2
넨도기원부스,tkdsl,M-18b,M,18,b,1sp,오오에,마법사의 약속,,,,,"오오시즈, 미스아키♂️",,Ooshizu1010,https://dongne.co/events/game07/circles/165707,제7회 오락관,Day2
뚱스페르마타,연서,C-02a,C,02,a,1sp,붕괴:스타레일,,,"히아킨,파이논,아낙사,카스토리스",,,,"일러스트,기타",tkdqntkdwh,https://dongne.co/events/game07/circles/165348,제7회 오락관,Day2
마따따비클럽,모뜨,L-20b,L,20,b,1sp,오오에,,,신바시,오오사키X신바시,해당없음,오오아리(오오사키x아리아케),"만화,일러스트",_graveyard444,https://dongne.co/events/game07/circles/165214,제7회 오락관,Day2
멍냥을잊는법,Kekeke,M-03b,M,03,b,1sp,오오에,"단간론파,드라마티컬 머더",,신바시,오오사키X신바시,해당없음,"오마사이, 코우아오 ",만화,xzgix,https://dongne.co/events/game07/circles/165968,제7회 오락관,Day2
묘크림말차빵,도묘,G-12b,G,12,b,1sp,프로젝트 세카이,"프로젝트 세카이,파이널판타지14,명조",,"아즈사와 코하네,시라이시 안,시노노메 아키토,아오야기 토우야,스펜,에이메스",,,,일러스트,m_2__o,https://dongne.co/events/game07/circles/165444,제7회 오락관,Day2
발도롱게이트,고구마장수,E-04a,E,04,a,1sp,발더스게이트,,,아스타리온 / 게일 / 올캐러,,,,,goguma_no_card,https://dongne.co/events/game07/circles/165789,제7회 오락관,Day2
발등튀김뷔페,플레인요거트,H-13b,H,13,b,1sp,,,,,단테X에이트,로맨틱,,,,https://dongne.co/events/game07/circles/165144,제7회 오락관,Day2
병아리문구점,히카,K-19b,K,19,b,1sp,오오에,니지산지,,,,,,,yohika321,https://dongne.co/events/game07/circles/165467,제7회 오락관,Day2
서울도시공사,시공,E-17,E,17,,2sp,아머드코어6,페그오,,,,,,,,https://dongne.co/events/game07/circles/165547,제7회 오락관,Day2
시골동네모임,이더,B-18,B,18,,2sp,페르소나,,전서 등록 100% ,나루카미 유우,아다치토오루X나루카미 유우,로맨틱,하나주,일러스트,Rider_0303,https://dongne.co/events/game07/circles/165788,제7회 오락관,Day2
애플티하우스,럼블,J-20b,J,20,b,1sp,파이널판타지14,,,,,,,"만화,일러스트",,https://dongne.co/events/game07/circles/165266,제7회 오락관,Day2
어떻게든된다,베빗,A-09b,A,09,b,1sp,페르소나,,전서 등록 100% ,주인공,주인공X아이기스,로맨틱,,"일러스트,기타",Girlcolorga__,https://dongne.co/events/game07/circles/165593,제7회 오락관,Day2
영수증책갈피,밤캐러멜,K-20a,K,20,a,1sp,오오에,,,,,,,일러스트,Lemon_Heim,https://dongne.co/events/game07/circles/165658,제7회 오락관,Day2
큰강섬수영꾼,광기,M-24a,M,24,a,1sp,오오에,,,아리아케,오오사키X아리아케,로맨틱,오오시즈,만화,ooe_togo929,https://dongne.co/events/game07/circles/165116,제7회 오락관,Day2
휴지주식회사,국도,F-15b,F,15,b,1sp,용과같이,디비휴,"나, 천계를 얻었노라!",,,,,만화,,https://dongne.co/events/game07/circles/164949,제7회 오락관,Day2
묘크림말차빵 분점,말차,G-12a,G,12,a,1sp,프로젝트 세카이,,,,카미시로 루이X쿠사나기 네네,,,소설,81tter_sweet,https://dongne.co/events/game07/circles/165336,제7회 오락관,Day2
레드그레이브 향우회,뼝,E-10a,E,10,a,1sp,데빌 메이 크라이(DMC),다키스트 던전,,"단테(DMC),버질(DMC),네로(DMC) 고행자(다키스트 던전)",,,,기타,paladin080,https://dongne.co/events/game07/circles/165655,제7회 오락관,Day2
발더스게이트 돔구장 건설 추진위원회,DP,E-05b,E,05,b,1sp,발더스 게이트3,,,발더게 올캐러,,,,만화,Blueduc_,https://dongne.co/events/game07/circles/165070,제7회 오락관,Day2
더비더비더비 어어어어,심마,L-24,L,24,,2sp,오오에,"세포신곡,아이나나,틱택토",,오오사키,카노 아오구X아토 하루키,로맨틱,,"만화,소설,일러스트",shimma_0531,https://dongne.co/events/game07/circles/165088,제7회 오락관,Day2
썬더일레븐을 기억하라 ,왕자,J-14,J,14,,2sp,썬더일레븐,,,안계연,,,,일러스트,WANYA_BUST,https://dongne.co/events/game07/circles/165874,제7회 오락관,Day2
냄새나는맵도 구더기도 엿같은 패턴도 전부 죄인의길바퀴벌레내장국밥 하나면 든든하게 걸을수있죠,.,K-10,K,10,,2sp,,,,,,,,,,https://dongne.co/events/game07/circles/165769,제7회 오락관,Day2
와검은방이다;,한결_,G-01,G,01,,2sp,검은방,"회색도시,베리드 스타즈",,,,,,"만화,일러스트",p675hg,https://dongne.co/events/game07/circles/165113,제7회 오락관,Day2
고양이부리또!!,퓨래,L-21,L,21,,2sp,오오에,미정,,"오오사키,신바시",,"로맨틱,섹슈얼",,"일러스트,만화",pupurae,https://dongne.co/events/game07/circles/165359,제7회 오락관,Day2
오오에할사람?,분금,L-05b,L,05,b,1sp,오오에,,,오오사키,오오사키,,,만화,bgooeletsgo,https://dongne.co/events/game07/circles/165871,제7회 오락관,Day2
감자치킨샐러드,"만두감자, 듀오",M-06b,M,06,b,1sp,오오에,"우우울트라C,고서점가의 하시히메",,,,,,,,https://dongne.co/events/game07/circles/165471,제7회 오락관,Day2
고대중남드림충,강천비,K-08,K,08,,2sp,연운십육성,진 삼국무쌍 오리진,,,주인공X강무랑,"섹슈얼,로맨틱",자란조조,,,https://dongne.co/events/game07/circles/165435,제7회 오락관,Day2
남자가사랑할때,노예사랑,B-19b,B,19,b,1sp,붕괴스타레일,,,,,,,,,https://dongne.co/events/game07/circles/165175,제7회 오락관,Day2
남편잃은여자들,서목,D-20b,D,20,b,1sp,,,,,,,,,,https://dongne.co/events/game07/circles/165578,제7회 오락관,Day2
도스임시서클명,준,E-18a,E,18,a,1sp,아머드코어 라스트레이븐,몬스터헌터 와일즈,,,,,,만화,bsky:junya34,https://dongne.co/events/game07/circles/165183,제7회 오락관,Day2
딸기체리타르트,빌려온강아지,H-10b,H,10,b,1sp,트위스티드 원더랜드,,,"리들 로즈하트,에이스 트라폴라",리들 로즈하트X에이스 트라폴라,로맨틱,,만화,ttwelb4,https://dongne.co/events/game07/circles/165918,제7회 오락관,Day2
르블랑카레도둑,고봉밥,C-12b,C,12,b,1sp,페르소나5,,전서 등록 100% ,,,,,만화,,https://dongne.co/events/game07/circles/165664,제7회 오락관,Day2
삼주바라의은총,lin,A-10b,A,10,b,1sp,페르소나,,전서 등록 100% ,"페르소나3,5",페르소나3 남자주인공X아이기스,해당없음,코드기아스 루루나나,일러스트,l8l828,https://dongne.co/events/game07/circles/165692,제7회 오락관,Day2
야야야모쨔쨔쨔,"헤세, 하얀, L99",L-07,L,07,,2sp,"오오에,dmmd",,,,,로맨틱,,일러스트,"hexeeeeeeeeee, YAN_XOLL, ooeeet_000",https://dongne.co/events/game07/circles/165829,제7회 오락관,Day2
오월조붐은온다,도리,G-14a,G,14,a,1sp,프로세카,"명일방주,페르소나",,,,,,일러스트,re_memberry,https://dongne.co/events/game07/circles/165187,제7회 오락관,Day2
이래야내가살아,텐머,M-22a,M,22,a,1sp,오오에,,,,오오사키X시즈마,,,,kimo5tar,https://dongne.co/events/game07/circles/165700,제7회 오락관,Day2
일반인비밀친구,일반인여자친구,L-04,L,04,,2sp,오오에,"세포신곡,우우울트라C,고서점가의 하시히메",,"오오사키,신바시",오오사키X신바시,"로맨틱,로맨틱",,"만화,기타",169_EMi,https://dongne.co/events/game07/circles/165899,제7회 오락관,Day2
자칭특별괴도단,"WAKA,PA!",C-10,C,10,,2sp,"페르소나 시리즈,페르소나",,전서 등록 100% ,,,,,,"WAKA_o3o, PA_0709",https://dongne.co/events/game07/circles/165230,제7회 오락관,Day2
총공이섬그늘에,"파도, 돼지, 살청, 람묘","L-10, L-11",L,10,,4sp,오오에,,,"오오사키,신바시,시즈마,아리아케,시오도메,타케시바,아오미,시죠마에",오오사키X오오에 올캐,"로맨틱,섹슈얼","오오아리,오오신,오오아오,오오타케,오오시오,오오시죠,오오히노,오오토요,오오후네,오오시즈","만화,일러스트,소설","B__MDKS, UoU_S2li, hitman88887, RAMNMY0",https://dongne.co/events/game07/circles/165209,제7회 오락관,Day2
취향벅벅무침이,에궁와궁,A-09a,A,09,a,1sp,페르소나3,,전서 등록 100% ,,아리사토 미나토X히라가 케이스케,로맨틱,오다햄,소설,QK_VlKg_9,https://dongne.co/events/game07/circles/165629,제7회 오락관,Day2
테라수산물시장,해류,D-01a,D,01,a,1sp,명일방주,,,스카디,스카디X박사,로맨틱,,소설,haelyu223206,https://dongne.co/events/game07/circles/165836,제7회 오락관,Day2
패배확정히로인,사과,D-11,D,11,,2sp,페르소나,"Over requiemZ,잭잔느",,,주인공X시로가네 나오토,로맨틱,모리 우드랜드x유히루 ,"만화,일러스트,기타",bmt7q,https://dongne.co/events/game07/circles/165326,제7회 오락관,Day2
허구역사연구회,콘,B-02,B,02,,2sp,붕괴스타레일,스타레일,,,,,,,nabusaram,https://dongne.co/events/game07/circles/164939,제7회 오락관,Day2
호밀빵의밀수꾼,호밀,B-01b,B,01,b,1sp,붕괴 스타레일,,,,,,,,homilpain,https://dongne.co/events/game07/circles/165018,제7회 오락관,Day2
발더스게이트로 가자 ,HIMU,F-04b,F,04,b,1sp,발더스 게이트3,,,"아스타리온,게일",,로맨틱,게일 x 타브 ,일러스트,himu_fanart,https://dongne.co/events/game07/circles/165227,제7회 오락관,Day2
강경주인공왼협회,도넛,M-12b,M,12,b,1sp,오오에,,,오오사키 시즈마,오오사키X시즈마,"로맨틱,섹슈얼",,,zsoooe,https://dongne.co/events/game07/circles/165628,제7회 오락관,Day2
말랑뽀작우유식빵,아노센,C-24,C,24,,2sp,스타레일,원신 젠레스존제로,,,,,,,,https://dongne.co/events/game07/circles/164933,제7회 오락관,Day2
여자봉변사랑협회,티슷,F-02,F,02,,2sp,발더스게이트3,,,"섀도하트,아스타리온",,,,"만화,소설",pinkteest,https://dongne.co/events/game07/circles/165047,제7회 오락관,Day2
오락관의하시히메,"시치, 스이",K-06a,K,06,a,1sp,고서점가의 하시히메,,,,,,,"만화,소설,기타","oooo7ii, be11ke",https://dongne.co/events/game07/circles/165759,제7회 오락관,Day2
왐마야씨피전문점,개박하,L-09,L,09,,2sp,오오에,,,"신바시,오오사키",오오사키X신바시,"해당없음,로맨틱",,만화,nuga_harae,https://dongne.co/events/game07/circles/165165,제7회 오락관,Day2
이률리아명예시민,Alka,K-07,K,07,,2sp,길티기어,,,,디지X카이 키스크,로맨틱,,,kygwangin,https://dongne.co/events/game07/circles/165527,제7회 오락관,Day2
젤다뭐라도나와요,ssdfg1899,I-01a,I,01,a,1sp,젤다의 전설,,,,,,,,,https://dongne.co/events/game07/circles/165178,제7회 오락관,Day2
털찐게아니라근육,블루레몬,B-20b,B,20,b,1sp,붕괴 스타레일,,,"경원,블레이드",경원X블레이드,,,일러스트,bluelemon170,https://dongne.co/events/game07/circles/165687,제7회 오락관,Day2
피카피카파치파치,량,I-04,I,04,,2sp,포켓몬스터,"니어,파이널판타지14,명일방주,FGO",,,,,,"일러스트,기타",fid_2cha,https://dongne.co/events/game07/circles/165403,제7회 오락관,Day2
해마♡파라다이스,도피,L-18,L,18,,2sp,오오에,"파이널판타지14,다키스트 던전,데스티니 가디언즈",,,오오사키X타케시바,,,,,https://dongne.co/events/game07/circles/165541,제7회 오락관,Day2
게임진짜재밌다그치,"yesnookay17, vexnalrum",I-08a,I,08,a,1sp,"실크송,오버워치,델타룬","스플래툰,리틀 나이트메어",,,,,,"만화,일러스트","FURRYPE4CH, Vexnalrum",https://dongne.co/events/game07/circles/166019,제7회 오락관,Day2
그리고아케치사랑해,"사과, 뽀",C-18a,C,18,a,1sp,페르소나 5 더 로열,페르소나 시리즈,전서 등록 100% ,"주인공(아마미야 렌),아케치 고로",주인공X아케치 고로,로맨틱,,소설,"6920599nit, HEROxGORO",https://dongne.co/events/game07/circles/165453,제7회 오락관,Day2
쑥떡파인애플갈비탕,쑥떡파인애플갈비탕,D-13a,D,13,a,1sp,페르소나4 피어앤헝거2,,,,,,,,ggang8282,https://dongne.co/events/game07/circles/165504,제7회 오락관,Day2
야수저신혼선물세트,"용례, 지와와",F-07,F,07,,2sp,용과같이,,"나, 천계를 얻었노라!",,,로맨틱,,"만화,기타,공예","like_fore, chijiwawa",https://dongne.co/events/game07/circles/165406,제7회 오락관,Day2
이제부터서로죽여라,8,A-11,A,11,,2sp,페르소나3,"페르소나 4,5",전서 등록 100% ,,,,,일러스트,owsotaku,https://dongne.co/events/game07/circles/165503,제7회 오락관,Day2
잡덕의김밥볶음밥집,박스,K-18,K,18,,2sp,길티기어 파판14,,,"베놈,로보카이,프레이,제로",로보X베놈,"로맨틱,섹슈얼",,"만화,기타,일러스트",,https://dongne.co/events/game07/circles/165085,제7회 오락관,Day2
장갑전차세탁기도둑,집,C-05,C,05,,2sp,메타포 : 리판타지오,,,,,,,만화,house_roh_metap,https://dongne.co/events/game07/circles/165498,제7회 오락관,Day2
신키바가족경영사무소,두부,K-20b,K,20,b,1sp,오오에,,,"시나가와,오오사키,구미",,,,소설,T_Ooe_fu,https://dongne.co/events/game07/circles/165316,제7회 오락관,Day2
아사쿠사해마오마카세,3myeong,L-14,L,14,,2sp,오오에,,,타케시바,오오사키X타케시바,"로맨틱,섹슈얼",,"만화,일러스트,소설",Myeongge,https://dongne.co/events/game07/circles/165502,제7회 오락관,Day2
야에가시마신사예대제,seram123,M-01,M,01,,2sp,오오에,,,아리아케 쇼타로,오오사키X아리아케,로맨틱,오오시즈,,nezuminokimoch,https://dongne.co/events/game07/circles/165798,제7회 오락관,Day2
어제의적은오늘의남편,"IKUJYO, 해사, 순두부",D-07,D,07,,2sp,페르소나5,,,"주인공,아케치 고로",주인공X아케치 고로,,,,"IKU_P5R, Wh4TiS1oVe, dubu2473",https://dongne.co/events/game07/circles/165715,제7회 오락관,Day2
어제의적은오늘의아내,"재불, 주캐",D-18,D,18,,2sp,페르소나5,,,,주인공X아케치 고로,,,,"Pulljjae, hhhhhhj1676",https://dongne.co/events/game07/circles/165385,제7회 오락관,Day2
이부스는대체뭐야아악,캄삼,I-12,I,12,,2sp,오버워치2,페르소나5,,,,,,,Apagandolaslucs,https://dongne.co/events/game07/circles/165845,제7회 오락관,Day2
형아도형아가처음이라,hazama,M-16b,M,16,b,1sp,오오에,,,오오사키시즈마,오오사키X시즈마,로맨틱,,만화,9237q,https://dongne.co/events/game07/circles/165418,제7회 오락관,Day2
왕이되고싶은자나에게로,냉동왕,C-04b,C,04,b,1sp,메타포:리판타지오,,,,,,,만화,aragakiyurusan,https://dongne.co/events/game07/circles/165795,제7회 오락관,Day2
전진짜엘프콤이없습니다,bigegg526,I-24,I,24,,2sp,젤다의전설,포켓몬스터,,링크젤다,,"로맨틱,섹슈얼",,"만화,일러스트",,https://dongne.co/events/game07/circles/165804,제7회 오락관,Day2
치와와늑대와대머리늑대,뭉,F-22a,F,22,a,1sp,드래곤 에이지2,드래곤 에이지 인퀴지션,바이오웨어 통합 쁘띠존,펜리스,,로맨틱,솔라벨란,만화,game_moong,https://dongne.co/events/game07/circles/165122,제7회 오락관,Day2
하잉나하핫이히히캇캇캇,우마,L-17b,L,17,b,1sp,오오에,,,"오오사키,타케시바,아오이,신바시,아리아케,시오도메",오오사키X타케시바,섹슈얼,"오오시오, 오오신, 오오아오","만화,일러스트",119_fire_119,https://dongne.co/events/game07/circles/165422,제7회 오락관,Day2
진짜마비노기드림부스맞음,푸딩,K-04b,K,04,b,1sp,마비노기,"오오에,고서점가의 하시히메",,루에리,,해당없음,"오오아리, 미나타마, 그 ",,youtoopompu,https://dongne.co/events/game07/circles/165389,제7회 오락관,Day2
타르타로스졸음방지위원회,ㅂㅂ,A-07b,A,07,b,1sp,페르소나3,,전서 등록 100% ,,,,,만화,allcb_c,https://dongne.co/events/game07/circles/165162,제7회 오락관,Day2
페르소나못깨면개심당하는방,"낌서, 필망",C-11,C,11,,2sp,"페르소나,페르소나4,페르소나5",,전서 등록 100% ,,,,,"만화,일러스트",,https://dongne.co/events/game07/circles/165536,제7회 오락관,Day2
안녕하세요저는어려서부터안경,켇,K-22b,K,22,b,1sp,오오에,,,"오오사키,아오미",오오사키X아오미,로맨틱,,"소설,사진",OOOO_ked,https://dongne.co/events/game07/circles/165978,제7회 오락관,Day2
엘리사이에데스농부네석류가게,"녹온, 리리카",B-21,B,21,,2sp,붕괴스타레일,,,,파이논X마이데이,,,,"noknok131211, lilika_rail",https://dongne.co/events/game07/circles/165908,제7회 오락관,Day2
게임학부졸업직전최후의끌어치기,시나블,E-12b,E,12,b,1sp,"우마무스메,페르소나","프세카,아이나나",,,,,,일러스트,Sinable_,https://dongne.co/events/game07/circles/165491,제7회 오락관,Day2
메론빵호타고출항해서세상구하기,"겜용팔, 사화",I-10a,I,10,a,1sp,오버워치,"미우404,코우노도리,페르소나,프로젝트 헤일메리",,,,,,,yong_fal1863,https://dongne.co/events/game07/circles/165351,제7회 오락관,Day2
부스명하나는기깔나게지었습니다,교수사랑,B-19a,B,19,a,1sp,붕괴:스타레일,,,"어벤츄린,Dr.레이시오",,로맨틱,,만화,,https://dongne.co/events/game07/circles/165186,제7회 오락관,Day2
아기똔개서방과아기성게냥마누라,이노,L-02a,L,02,a,1sp,오오에,,,"오오사키,신바시",오오사키X신바시,"로맨틱,섹슈얼",,게임,kiminoxie,https://dongne.co/events/game07/circles/166007,제7회 오락관,Day2
페르소나할사람스팀아이디알려줘,toma,B-15,B,15,,2sp,페르소나5,메타포:리판타지오,전서 등록 100% ,,아케치 고로X주인공,로맨틱,루이주,"만화,일러스트",GGGGGAM3B01,https://dongne.co/events/game07/circles/164923,제7회 오락관,Day2
예기치않은서버오류가발생했습니다,wo,I-15,I,15,,2sp,"오버워치,가쿠마스,블러드본","포켓몬,젤다의 전설",,,,,,만화,lk_gndf,https://dongne.co/events/game07/circles/165376,제7회 오락관,Day2
전국순정구련보등화료해보고싶은협회,게롱,F-10,F,10,,2sp,용과같이,"마작,작혼",,,,,,,subchrong,https://dongne.co/events/game07/circles/165151,제7회 오락관,Day2
잠깐만왜백장미에서백장미냄새가나고있지,세미돌,L-01b,L,01,b,1sp,세포신곡,오오에,,,우츠기 노리유키X하츠토리 하지메,,,만화,hehesmm,https://dongne.co/events/game07/circles/166012,제7회 오락관,Day2
잠깐만왜사바캉에서사바캉냄새가나고있지,무지괴물고기,L-01a,L,01,a,1sp,오오에,,,,오오사키X신바시,,,만화,verymonsterfish,https://dongne.co/events/game07/circles/165623,제7회 오락관,Day2
나의밤난초스완당신을보고첫눈에반했습니다,와루,E-23,E,23,,2sp,발더스게이트3,"젤다의 전설,스플래툰",,섀도하트,,,,"만화,일러스트,소설",gmwalwal,https://dongne.co/events/game07/circles/165666,제7회 오락관,Day2
세상에나오지못한명작동인지보다세상에나온졸작동인지가낫다,"HayaK, 담비, 바나나맨",F-24,F,24,,2sp,"발더스게이트3,피크민",,,"아스타리온,올리마,피크민,게일 데카리오스,게일,루이",,,,"소설,만화,기타,조형",DealWithItCyp,https://dongne.co/events/game07/circles/165193,제7회 오락관,Day2
널대신할사람은없고나는네신이아니야나는개척의이름으로네가나아가는길을지키겠어언젠가이모든것이끝나는날너를다시보고싶으니까,정새,B-24,B,24,,2sp,붕괴: 스타레일,"리버스:1999,아이돌리쉬 세븐",,,단항X카일루스,"로맨틱,해당없음","카일루스x단항, 유키x모모, 마샤x센티넬","만화,일러스트,기타",,https://dongne.co/events/game07/circles/165328,제7회 오락관,Day2
동구리1호점,동동,A-21a,A,21,a,1sp,스타레일,,확률론적 겜블링 메이트,"레이시오,어벤츄린",레이시오X어벤츄린,"로맨틱,섹슈얼",,일러스트,1owo_owo1,https://dongne.co/events/game07/circles/165136,제7회 오락관,Day2
10심히 살자 섬 가고 싶으면,열,M-20a,M,20,a,1sp,오오에,세포신곡,,,오오사키X시오도메,로맨틱,하루레이,"일러스트,만화",ssmm3r,https://dongne.co/events/game07/circles/165477,제7회 오락관,Day2
<전서 등록 100%> 주최부스,전서 등록 100%,A-12,A,12,,2sp,,,전서 등록 100% ,,,,,,PSN_petit,https://dongne.co/events/game07/circles/165785,제7회 오락관,Day2
마지마10000000명과 싸우기vs하루카랑 평생 절교하기_키류카즈마 대답:,동차,F-14a,F,14,a,1sp,"용과같이,페르소나4",,"나, 천계를 얻었노라!","마지마 고로,키류 카즈마",마지마 고로X키류 카즈마,"로맨틱,섹슈얼",아다도지,"일러스트,만화",car_10001,https://dongne.co/events/game07/circles/165680,제7회 오락관,Day2
107명과 만남을 추구하면 안되는걸까 네 안됩니다,"마람지, 장의사",M-14,M,14,,2sp,오오에,,,,오오사키X시즈마,"로맨틱,섹슈얼",,,"maramgee0707, BC4790411",https://dongne.co/events/game07/circles/165224,제7회 오락관,Day2
포드라112신고센터,"그마, 제이",J-17,J,17,,2sp,"파이어엠블렘 풍화설월,보이스1",,,"디미트리,에델가르트,강권주,모태구",디미트리X에델가르트,로맨틱,태구권주,소설,"5gurimma, leantowardsyou",https://dongne.co/events/game07/circles/165535,제7회 오락관,Day2
파이널 그노시아의 게임 16,1/2,J-24,J,24,,2sp,"파이널판타지14,그노시아","파이널판타지 16,술탄의게임,연운십육성",,,,,,게임,fire_doggydogdo,https://dongne.co/events/game07/circles/165472,제7회 오락관,Day2
16세고등학생 기만의진언 끌어치기,김리타,C-19a,C,19,a,1sp,메타포 리판타지오,"페르소나,진여신전생,니어 오토마타",,,,,,,,https://dongne.co/events/game07/circles/165297,제7회 오락관,Day2
붕괴:1999,공병뚜껑,C-20b,C,20,b,1sp,"리버스1999,스타레일,원신",,,,,,,"일러스트,만화",0BTTGG_,https://dongne.co/events/game07/circles/165851,제7회 오락관,Day2
제 2회 루비콘 코랄놀이 한마당 축제,너댄전,E-16b,E,16,b,1sp,아머드코어6 루비콘의 화염,연운,,"621,핸들러 월터,러스티,에어",강염X진자해,"로맨틱,로맨틱",,,raccoon_dance_,https://dongne.co/events/game07/circles/165605,제7회 오락관,Day2
튼튼밀크 분점 2호,LUNCH,J-05,J,05,,2sp,포켓몬스터,오버워치,,,,,,"일러스트,만화",,https://dongne.co/events/game07/circles/164987,제7회 오락관,Day2
성배밥집 루비콘 2호,개피,J-09,J,09,,2sp,아머드코어6,,,"621,이구아수",621X이구아수,"섹슈얼,로맨틱",,만화,,https://dongne.co/events/game07/circles/165566,제7회 오락관,Day2
임시신청서2,에바님,A-24,A,24,,2sp,,,,,,,,,,https://dongne.co/events/game07/circles/164956,제7회 오락관,Day2
패작2인큐,훈토리,I-11,I,11,,2sp,오버워치,,,,,"해당없음,섹슈얼,로맨틱",,"만화,일러스트,기타","toridoridorii, ra1noppa",https://dongne.co/events/game07/circles/165980,제7회 오락관,Day2
-273.15,한천,M-19a,M,19,a,1sp,오오에,,,"오오사키 히이로,시오도메 미치오",오오사키X시오도메,로맨틱,,소설,mirukunimikan,https://dongne.co/events/game07/circles/165038,제7회 오락관,Day2
앙리 3세의 비밀 금고,"닥터,춘재,파요",H-02,H,02,,2sp,테일즈런너,1차창작,세상에 테런 쁘띠존이 어딨어? 맞아 컨셉충이네,"닥터헬,엘림스,담연,하랑",닥터헬X엘림스,로맨틱,,"만화,일러스트,기타",stonedog_run,https://dongne.co/events/game07/circles/165500,제7회 오락관,Day2
지능-3,알투,A-04a,A,04,a,1sp,스타레일,,확률론적 겜블링 메이트,"어벤츄린,Dr. 레이시오,레이시오",,"로맨틱,해당없음,로맨틱",,만화,side_aretwo,https://dongne.co/events/game07/circles/165004,제7회 오락관,Day2
저지3 나올 때까지 숨참음 ... 이라고 적혀있는데요?,국화빵 / 코비,F-09a,F,09,a,1sp,저지아이즈,용과같이,"나, 천계를 얻었노라!",,,로맨틱,스기히가,"만화,소설","judgment3_plz, kobi4321",https://dongne.co/events/game07/circles/165744,제7회 오락관,Day2
극3코인큰거온다,엔디안,F-17a,F,17,a,1sp,용과같이,드래곤에이지,"나, 천계를 얻었노라!","미네 요시타카,도지마 다이고",미네 요시타카X도지마 다이고,"로맨틱,섹슈얼",,소설,ee_rgg_md,https://dongne.co/events/game07/circles/165041,제7회 오락관,Day2
3회차가 되서야 어충이 아니게 되었습니다?,거꾸로 생강,E-24a,E,24,a,1sp,발더스게이트3,,,올컴패니언/할신,,,,일러스트,gingerbread_csi,https://dongne.co/events/game07/circles/165696,제7회 오락관,Day2
3시3끼3지마편,제행무상,F-18b,F,18,b,1sp,용과같이,,"나, 천계를 얻었노라!","도지마다이고,사에지마타이가,마지마고로",,,,소설,nnnthtrial,https://dongne.co/events/game07/circles/165442,제7회 오락관,Day2
쇼난십경 -4락관편-,"AK,지평",M-04,M,04,,2sp,오오에,단간론파,,"오오사키,타케시바,아리아케,사이하라 슈이치,아카마츠 카에데",오오사키X아리아케,로맨틱,"오오타케, 올캐릭 ",만화,"0o0e0A, tlrpzh",https://dongne.co/events/game07/circles/165242,제7회 오락관,Day2
부스명 416분째 고민 중,벤,A-03b,A,03,b,1sp,붕괴:스타레일,,확률론적 겜블링 메이트,"레이시오,어벤츄린",Dr.레이시오X어벤츄린,로맨틱,,기타,ven_0417,https://dongne.co/events/game07/circles/165864,제7회 오락관,Day2
4n세디스마스아저씨인생최후의영거리사격,스트리크닌,E-10b,E,10,b,1sp,다키스트 던전,"다크 소울,핫라인 마이애미",,,,해당없음,,"소설,기타",HrdwrdSlfDstrct,https://dongne.co/events/game07/circles/165546,제7회 오락관,Day2
55세 콧수염아저씨가 공주일 수 있는거임? 엠릭도?,JUAN,F-20,F,20,,2sp,"드래곤에이지(베일가드,인퀴지션)",,바이오웨어 통합 쁘띠존,엠릭 볼카린,엠릭X루크,"로맨틱,섹슈얼",블랙월x인퀴지터 등,"만화,일러스트,소설",juanicillin_bdg,https://dongne.co/events/game07/circles/164932,제7회 오락관,Day2
다크월드 5 더 로얄 -RELOAD-,히쨩,D-10,D,10,,2sp,"페르소나3,페르소나5,델타룬",,,,,,,"만화,일러스트,공예",486_0811,https://dongne.co/events/game07/circles/165392,제7회 오락관,Day2
아뭔대코어6 그먼십의 화염,사또,E-15,E,15,,2sp,아머드코어6,폴아웃,,"술라,핸들러 월터",,"로맨틱,섹슈얼",배달부x부운,"만화,일러스트,기타",re_gorf,https://dongne.co/events/game07/circles/165683,제7회 오락관,Day2
60세 마지마 할아버지 최후의 끌어치기,묵,F-14b,F,14,b,1sp,용과같이,,"나, 천계를 얻었노라!","마지마고로,키류카즈마",마지마고로X키류카즈마,"로맨틱,섹슈얼",,"만화,일러스트",mungmenk,https://dongne.co/events/game07/circles/165962,제7회 오락관,Day2
7기까지정권지르기,"파잉, 88",H-11,H,11,,2sp,트위스티드 원더랜드,앙상블 스타즈,,,,로맨틱,,만화,"P2Y_NG, tgf88888888",https://dongne.co/events/game07/circles/165099,제7회 오락관,Day2
르동나라 개작은방 8번째 서랍,"개똘링건, 섬진",L-08a,L,08,a,1sp,오오에,,,"오오사키,신바시",오오사키X신바시,로맨틱,,만화,"GaettongNong, sobose_jin",https://dongne.co/events/game07/circles/165880,제7회 오락관,Day2
★8 입맞춤+,HAYO(yume),K-04a,K,04,a,1sp,마비노기 모바일,,,리시타,리시타X하니에르(드림주),로맨틱,,"만화,일러스트",hayoyume,https://dongne.co/events/game07/circles/165292,제7회 오락관,Day2
나방9첩반상,뤨,J-08a,J,08,a,1sp,페이트/그랜드 오더,,,"오베론,아르토리아 캐스터",,로맨틱,,만화,Kkimi7205838,https://dongne.co/events/game07/circles/165397,제7회 오락관,Day2
ACS LOAD LIMIT,특이점,E-14a,E,14,a,1sp,아머드코어VI,"다크소울,엘든링,엘든링 밤의 통치자,블러드본",,"로더4,스틸 헤이즈,헤드 브링어,록 스미스,라이거 테일,채티 스틱,솔라,지크마이어,추적자",,,,"일러스트,소설",_4_Singularity,https://dongne.co/events/game07/circles/165768,제7회 오락관,Day2
AM01:00,한시,G-08b,G,08,b,1sp,프로젝트 세카이,,,"카미시로 루이,텐마 츠카사",카미시로 루이X텐마 츠카사,로맨틱,,만화,hns_iiiii,https://dongne.co/events/game07/circles/165221,제7회 오락관,Day2
Amabilena,Lena,F-13a,F,13,a,1sp,,,,,,,,,AmabilenaS2,https://dongne.co/events/game07/circles/164958,제7회 오락관,Day2
BURN MY PANCAKE,몰르는개산책,A-07a,A,07,a,1sp,페르소나 3,,전서 등록 100% ,,,,,만화,,https://dongne.co/events/game07/circles/165817,제7회 오락관,Day2
오리지늄 C세포,HYUN,D-23,D,23,,2sp,명일방주,사이퍼즈 할로우나이트 길티기어 젤다의전설,,올캐릭터,,,,,KJ3R4G,https://dongne.co/events/game07/circles/165602,제7회 오락관,Day2
CHOCO*BAR,쵸푸,A-04b,A,04,b,1sp,붕괴:스타레일,,확률론적 겜블링 메이트,"레이시오,어벤츄린",,"로맨틱,섹슈얼",,만화,chyO_Oop,https://dongne.co/events/game07/circles/164994,제7회 오락관,Day2
crazy고구마 목장,"니어, jou, kigakuruu",C-06,C,06,,2sp,메타포 리판타지오,,,"스트롤,주인공",,,,일러스트,"near__near__, 4sssst, KI_kuru_kuru",https://dongne.co/events/game07/circles/165747,제7회 오락관,Day2
Entry,뜗뗇,"I-22, I-23",I,22,,4sp,포켓몬스터,"발로란트,이터널 리턴",,,,,,일러스트,,https://dongne.co/events/game07/circles/165452,제7회 오락관,Day2
섬이야 es야 고서점이야 딱정해,보나,M-23a,M,23,a,1sp,오오에,앙상블스타즈,,오오사키,,섹슈얼,린니키,,,https://dongne.co/events/game07/circles/165388,제7회 오락관,Day2
Esquier,스콰이어,A-05,A,05,,2sp,스타레일,,확률론적 겜블링 메이트,,,,,,,https://dongne.co/events/game07/circles/165079,제7회 오락관,Day2
전국남노소 총공 쟁탈전 final ~키라키라 오오에지마 페스타~♡♡,민섬이,M-05,M,05,,2sp,오오에,,,"오오사키,탐정소",오오사키X아리아케,"로맨틱,섹슈얼,로맨틱,섹슈얼","오오사키왼,탐정소",만화,"dansidumper, ooe_muing",https://dongne.co/events/game07/circles/165100,제7회 오락관,Day2
FPS 중소기업,오렌지드링크,J-08b,J,08,b,1sp,페이트/그랜드 오더,"페르소나5,스플래툰3",,,로마니X구다코,"로맨틱,로맨틱",,"만화,일러스트",_3h0_,https://dongne.co/events/game07/circles/165140,제7회 오락관,Day2
Fry me to the Moon...,"CON, 안경",B-11,B,11,,2sp,페르소나3,,전서 등록 100% ,모치즈키 료지,,해당없음,,만화,"hazaOtoko, megane_gamezip",https://dongne.co/events/game07/circles/165365,제7회 오락관,Day2
<GROUND ZERO> 아직도 이 게임 하세요? 네~⟡ ✧ ✦ ⋆ ⭒,그로제,E-08,E,08,,2sp,"데빌 메이 크라이,록맨,바이오하자드,소닉",,,"네로,단테,버질,포르테,롤,레온 S. 케네디,에이다 웡,소닉 더 헤지혹,에이미 로즈,메탈 소닉,크림 더 래빗,에멜",레온 케네디X에이다 웡,로맨틱,"포르롤(조합), 소나미(조합, 커플링), 메타미(조합), 크레멜(조합)","소설,만화,기타",_0723_1204,https://dongne.co/events/game07/circles/165161,제7회 오락관,Day2
House of Szarr,낙엽,E-24b,E,24,b,1sp,발더스 게이트 3,,,"아스타리온 안쿠닌,카사도어 자르,벨리오스,도넬라 자르",카사도어X아스타리온,해당없음,"벨리오스x카사도어, 벨리오스x도넬라",일러스트,CH01R_,https://dongne.co/events/game07/circles/165675,제7회 오락관,Day2
당신의 오퍼레이터를 jyama 하지 마십시오.,오전,D-24a,D,24,a,1sp,명일방주,,,로고스 이그제큐터 엘리시움,쏜즈X엘리시움,로맨틱,,만화,Pienn_PM,https://dongne.co/events/game07/circles/165430,제7회 오락관,Day2
Let's go 지옥상사,바쓰,I-17a,I,17,a,1sp,세븐나이츠,,,"크리스,녹스",크리스X녹스,로맨틱,,"소설,일러스트",fill_4u,https://dongne.co/events/game07/circles/165371,제7회 오락관,Day2
load memories,yeri,K-03a,K,03,a,1sp,"(쯔꾸르게임)ib,살육의 천사,피학의 노엘",,,"이브,노엘,레이첼",,,,게임,123yaein,https://dongne.co/events/game07/circles/165234,제7회 오락관,Day2
<MegaVolt><SAND LAKE> 로보트가 나와요 ,새벽네시,J-13,J,13,,2sp,"록맨,디트로이트 비컴 휴먼",,,,행크X코너,,,"소설,만화",,https://dongne.co/events/game07/circles/164955,제7회 오락관,Day2
한반도에 출몰한 죽지사우르스(NOT DEAD SAURUS),울랄랍숑,L-17a,L,17,a,1sp,오오에,,,"오오사키,타케시바",오오사키X타케시바,"로맨틱,섹슈얼",,만화,jidesuka2ma,https://dongne.co/events/game07/circles/165999,제7회 오락관,Day2
미친 그림러 모드 on,구마린,J-06,J,06,,2sp,파이널 판타지 14,무기미도,,,에스티니앙X이젤,,,,Coumarinnn,https://dongne.co/events/game07/circles/165447,제7회 오락관,Day2
OOXX,gapamopa,B-17a,B,17,a,1sp,페르소나 시리즈,진여신전생 및 그외…,전서 등록 100% ,"페르소나 3주인공,4주인공",,,,"만화,일러스트",gapamopa,https://dongne.co/events/game07/circles/165083,제7회 오락관,Day2
P13으로 살아남기,신입사원,A-03a,A,03,a,1sp,붕괴: 스타레일,,확률론적 겜블링 메이트,"레이시오,어벤츄린",레이시오X어벤츄린,"로맨틱,섹슈얼",,"만화,소설",ritblackstar_24,https://dongne.co/events/game07/circles/165838,제7회 오락관,Day2
Pale sequence,루셰,J-10b,J,10,b,1sp,페이트/그랜드 오더,파이널 판타지 14,,"카독 젬루푸스,아나스타샤",,로맨틱,,소설,JUN4K4RU,https://dongne.co/events/game07/circles/164998,제7회 오락관,Day2
Pm09:28,絞,M-02,M,02,,2sp,오오에,,,오오사키 / 아리아케,오오사키X아리아케,해당없음,,,Pm_09_28,https://dongne.co/events/game07/circles/165872,제7회 오락관,Day2
"RGB 0,0,255",SB,C-07b,C,07,b,1sp,페르소나 시리즈,메타포: 리 판타지오,전서 등록 100% ,,,,,,salt_richhh,https://dongne.co/events/game07/circles/165494,제7회 오락관,Day2
Runners cafe,바햄,H-06b,H,06,b,1sp,테일즈런너,,세상에 테런 쁘띠존이 어딨어? 맞아 컨셉충이네,,,,,,,https://dongne.co/events/game07/circles/165569,제7회 오락관,Day2
여러분의 S는 무엇인가요 다이바 시즈마는 Sayonara O-saki kun Sabisiku naruyo라고 답했다 하는데요 여러분의 S는 무엇인가요,임마,M-12a,M,12,a,1sp,오오에,,,오오사키,오오사키X다이바 시즈마,"로맨틱,섹슈얼",,만화,otakusaeggi,https://dongne.co/events/game07/circles/165794,제7회 오락관,Day2
Studio Rio ,Rio ,I-06,I,06,,2sp,포켓몬스터,,,,,,,게임,riodrawsstuff,https://dongne.co/events/game07/circles/165194,제7회 오락관,Day2
타르타로스에서도 TV는 켜진다,"멜로, 101",A-18,A,18,,2sp,"페르소나 3,페르소나 4",,전서 등록 100% ,,,,,,"mel1owstruck, MHNY101",https://dongne.co/events/game07/circles/165413,제7회 오락관,Day2
WAY BACK HOME,B333,B-17b,B,17,b,1sp,페르소나4,,전서 등록 100% ,,,,,"일러스트,만화",,https://dongne.co/events/game07/circles/165932,제7회 오락관,Day2
아x주 나이스,공공,B-16a,B,16,a,1sp,페르소나,,전서 등록 100% ,,아케치X주인공,"섹슈얼,로맨틱",,"일러스트,만화",gonggong23203,https://dongne.co/events/game07/circles/165822,제7회 오락관,Day2
You Have My Word.,종자바로앤솔로지,H-08a,H,08,a,1sp,대역전재판,,,"아소기 카즈마,바로크 반직스",아소기 카즈마X바로크 반직스,"로맨틱,섹슈얼",,"만화,소설,일러스트",TGAA_asobaro_,https://dongne.co/events/game07/circles/165042,제7회 오락관,Day2
발더스ZA,게게,E-02,E,02,,2sp,발더스 게이트 3,포켓몬스터 ZA,,,,,,,clockbunnystar,https://dongne.co/events/game07/circles/165670,제7회 오락관,Day2
술탄의 하데스 게이트 ZA,할,E-03,E,03,,2sp,발더스게이트,"하데스,술탄의게임,포켓몬스터ZA",,,,,,,bdgham47,https://dongne.co/events/game07/circles/165429,제7회 오락관,Day2
昆蟲箱子 :: Insect Box,24(SANAI),J-11,J,11,,2sp,,,,,,,,,,https://dongne.co/events/game07/circles/164992,제7회 오락관,Day2
.,도련,V-10,V,10,,2sp,아이돌리쉬세븐,,,"요츠바 타마키,오오사카 소고",요츠바 타마키X오오사카 소고,"로맨틱,섹슈얼",,"만화,소설",,https://dongne.co/events/vidol08/circles/166417,제8회 어나더 스테이지,Day2
"""난 텐니든 이오리든 둘 다 좋아!""",몬짬,U-12a,U,12,a,1sp,아이돌리쉬 세븐,,,"쿠죠 텐,나나세 리쿠,이즈미 이오리",쿠죠 텐X나나세 리쿠,,후레조,,i7_otaku_,https://dongne.co/events/vidol08/circles/166478,제8회 어나더 스테이지,Day2
← 텐을 믿기 이오리를 믿기 →,"쿵, NUP",U-12b,U,12,b,1sp,아이돌리쉬 세븐,,,나나세 리쿠,쿠죠 텐X나나세 리쿠,해당없음,이즈미 이오리x나나세 리쿠,"만화,일러스트","kungkung______, nup_i7",https://dongne.co/events/vidol08/circles/166480,제8회 어나더 스테이지,Day2
←뉴디멘션을믿기  코즈프로를믿기→,제임스,Y-21,Y,21,,2sp,"앙상블스타즈!!,앙상블 스타즈!! Music,앙상블스타즈,앙상블 스타즈,페르소나",,,"사에구사 이바라,아오바 츠무기,사자나미 쥰,아마기 린네,사카사키 나츠메",사자나미 쥰X사에구사 이바라,"로맨틱,섹슈얼","츠무나츠, 린네아이","소설,공예,기타",meganemegalove,https://dongne.co/events/vidol08/circles/166427,제8회 어나더 스테이지,Day2
냐,냥젤,W-24,W,24,,2sp,데못죽,,,,,,,,,https://dongne.co/events/vidol08/circles/166079,제8회 어나더 스테이지,Day2
류 : 유키상! 부스에 초대 받아서 기쁜데 필수품이 리본에이프런인 이유가 뭔가요?,"쵸리쪼, 두케",W-08,W,08,,2sp,아이돌리쉬세븐,,,고딩조(ncp),쿠죠 텐X츠나시 류노스케,,"모모유키,  소우타마","일러스트,만화,기타","cccrixo, blondcharao",https://dongne.co/events/vidol08/circles/166306,제8회 어나더 스테이지,Day2
또 나만 진심이지,페이지,W-02b,W,02,b,1sp,데못죽,,,,,,,,,https://dongne.co/events/vidol08/circles/166164,제8회 어나더 스테이지,Day2
아?!?!이토슈쿠후쿠노루미너스~,서지,Z-05a,Z,05,a,1sp,앙상블 스타즈!! Music,,Shall We Date?:츠카레오 쁘띠존,"스오우 츠카사,츠키나가 레오",스오우 츠카사X츠키나가 레오,로맨틱,,,4m1kan,https://dongne.co/events/vidol08/circles/166491,제8회 어나더 스테이지,Day2
반*대통합-남녀칠세부동석-,포테피,V-16,V,16,,2sp,아이돌리쉬세븐,"학원마스,데레마스,보컬로이드",,,,,,일러스트,potepi_cm,https://dongne.co/events/vidol08/circles/166436,제8회 어나더 스테이지,Day2
크림,챠비별,T-01,T,01,,2sp,,,,,,,,,,https://dongne.co/events/vidol08/circles/166241,제8회 어나더 스테이지,Day2
텐니~~~♡♡♡♡♡♡♡♡♡♡♡♡♡♡♡♡♡♡♡♡,치케,X-16b,X,16,b,1sp,아이돌리쉬세븐,,,"나나세 리쿠,쿠죠 텐",나나세 리쿠X쿠죠 텐,로맨틱,,만화,chike_i7,https://dongne.co/events/vidol08/circles/166455,제8회 어나더 스테이지,Day2
눈과 봄,호호,Z-07,Z,07,,2sp,아이돌리쉬세븐,,유키모모 쁘띠존 : Y(o)U&Mo(re),"유키,모모",유키X모모,"로맨틱,해당없음",가쿠츠무,"만화,소설,기타",youyou_900,https://dongne.co/events/vidol08/circles/166330,제8회 어나더 스테이지,Day2
이걸 위해 날아왔어요,인생/종강,Y-08,Y,08,,2sp,아이돌리쉬세븐,,유키모모 쁘띠존 : Y(o)U&Mo(re),카라스텐구(유키) 우타(모모),카라스텐구(유키)X우타(모모),로맨틱,,만화,"junsaeng77, jonggang0415",https://dongne.co/events/vidol08/circles/166530,제8회 어나더 스테이지,Day2
개와 호랑이님,민지,V-11a,V,11,a,1sp,아이돌리쉬 세븐,,,"이누마루 토우마,미도 토라오,이스미 하루카,나츠메 미나미",이누마루 토우마X미도 토라오,"로맨틱,섹슈얼",,"소설,만화",minjiZLD,https://dongne.co/events/vidol08/circles/166446,제8회 어나더 스테이지,Day2
라멘 쿠즈노하,텐초,X-14,X,14,,2sp,아이돌리쉬 세븐,,,"쿠죠 텐,나나세 리쿠",나나세 리쿠X쿠죠 텐,해당없음,,"만화,일러스트",tenn_choIkeman,https://dongne.co/events/vidol08/circles/166301,제8회 어나더 스테이지,Day2
봄봄 스튜디오,아사,V-03,V,03,,2sp,플레이브,,,,,,,,,https://dongne.co/events/vidol08/circles/166395,제8회 어나더 스테이지,Day2
모코 스튜디오 ,모코,X-21,X,21,,2sp,앙상블 스타즈,"프세카,아이나나,에이트리,히프마이 등등",,,,,,공예,studio_moco_u,https://dongne.co/events/vidol08/circles/166327,제8회 어나더 스테이지,Day2
나의 자강두천 아이돌들아,세르크,W-19,W,19,,2sp,데뷔 못 하면 죽는 병 걸림,,,"박문대,청려",,"섹슈얼,로맨틱",,소설,,https://dongne.co/events/vidol08/circles/166151,제8회 어나더 스테이지,Day2
"부스 내버리게 되었으니까, 마감이라든가는 아무래도 좋아!","벨, 먕냠 ",Z-06b,Z,06,b,1sp,앙상블 스타즈!! Music,,Shall We Date?:츠카레오 쁘띠존,"스오우 츠카사,츠키나가 레오",,로맨틱,,"만화,일러스트","bell_4655, myangnyam60",https://dongne.co/events/vidol08/circles/166507,제8회 어나더 스테이지,Day2
다음 아카펠라는 러브송으로!,무광,U-05a,U,05,a,1sp,아오페라,,,,,,,,0doredore,https://dongne.co/events/vidol08/circles/166063,제8회 어나더 스테이지,Day2
다음 아카펠라는 러브송으로?,물주,U-05b,U,05,b,1sp,아오페라,,,,,,,소설,,https://dongne.co/events/vidol08/circles/166159,제8회 어나더 스테이지,Day2
"유키,이케멘~!! 나도 알아",응애,Y-13,Y,13,,2sp,아이돌리쉬세븐,,유키모모 쁘띠존 : Y(o)U&Mo(re),유키모모,유키X모모,로맨틱,,기타,kumapipi_i7,https://dongne.co/events/vidol08/circles/166405,제8회 어나더 스테이지,Day2
동포...,덕,X-13,X,13,,2sp,아이돌리쉬세븐,,,"야오토메 가쿠,쿠죠 텐",야오토메 가쿠X쿠죠 텐,로맨틱,,만화,goodduckgame,https://dongne.co/events/vidol08/circles/166489,제8회 어나더 스테이지,Day2
난장판,피달이,V-01,V,01,,2sp,망나니 pd 아이돌로 살아남기,망할 운명의 걸그룹 리더가 되었습니다,,"서호윤,강이채,민지헌",,섹슈얼,"호윤이채, 호진이채","만화,일러스트,소설",,https://dongne.co/events/vidol08/circles/166143,제8회 어나더 스테이지,Day2
리그렛,천경,T-23,T,23,,2sp,"보컬로이드,프로젝트 세카이",홀로라이브,,"하츠네 미쿠,카이토,카가미네 린,카가미네 렌",,,,"일러스트,조형,기타",,https://dongne.co/events/vidol08/circles/166046,제8회 어나더 스테이지,Day2
밥부스,너리,V-15,V,15,,2sp,아이돌리쉬세븐,,,"이즈미 이오리,나나세 리쿠",,,,소설,neorit_,https://dongne.co/events/vidol08/circles/166194,제8회 어나더 스테이지,Day2
온돌방,손마,Z-09b,Z,09,b,1sp,"아이돌리쉬7,아이나나",,유키모모 쁘띠존 : Y(o)U&Mo(re),,,로맨틱,,"만화,일러스트",sonma0801,https://dongne.co/events/vidol08/circles/166097,제8회 어나더 스테이지,Day2
멧쪼옥 ,죠온,V-09a,V,09,a,1sp,아이돌리쉬 세븐,,,"요츠바타마키,오오사카소고",요츠바타마키X오오사카소고,"로맨틱,로맨틱",,만화,jyoon_i77,https://dongne.co/events/vidol08/circles/166116,제8회 어나더 스테이지,Day2
갱스터 옆 부스,완소퍼펙트매니저,W-14a,W,14,a,1sp,아이돌리쉬세븐,,,,,로맨틱,,만화,,https://dongne.co/events/vidol08/circles/166152,제8회 어나더 스테이지,Day2
당근의 효능,냉블,U-20a,U,20,a,1sp,킹 오브 프리즘,,,"카케루,타이가",쥬오인 카케루X코우가미 타이가,"로맨틱,섹슈얼",,만화,n_beul00_kop,https://dongne.co/events/vidol08/circles/166226,제8회 어나더 스테이지,Day2
발키리 부스,종이,Z-02b,Z,02,b,1sp,앙상블 스타즈!! Music,,,"이츠키 슈,카게히라 미카",,,,일러스트,0000_paper,https://dongne.co/events/vidol08/circles/166451,제8회 어나더 스테이지,Day2
백수네 식탁,하윤,Y-02a,Y,02,a,1sp,앙상블스타즈,블루록,,"미카,슈",,"로맨틱,섹슈얼",,"만화,소설",habeksu,https://dongne.co/events/vidol08/circles/166171,제8회 어나더 스테이지,Day2
벤또야 유키,"YANU, 점장",Z-17,Z,17,,2sp,아이돌리쉬 세븐,,유키모모 쁘띠존 : Y(o)U&Mo(re),,유키X모모,"로맨틱,섹슈얼",,"일러스트,소설","YANU_0000, is_it_idolanime",https://dongne.co/events/vidol08/circles/166495,제8회 어나더 스테이지,Day2
토마토 사랑,"비야, 애헤",X-04,X,04,,2sp,앙상블스타즈,,,"레이,코가",사쿠마 레이X오오가미 코가,"로맨틱,섹슈얼,로맨틱,섹슈얼",,,"__navi_vi, ananaehae",https://dongne.co/events/vidol08/circles/166456,제8회 어나더 스테이지,Day2
논컾과 찐컾 사이,밤색,U-03,U,03,,2sp,아이돌 마스터 SideM,아이돌 마스터,,"키요스미 쿠로,하나무라 쇼마,키사라기 치하야,사쿠라바 카오루",키요스미 쿠로X하나무라 쇼마,로맨틱,,"소설,만화",SAIko_denyansu,https://dongne.co/events/vidol08/circles/166548,제8회 어나더 스테이지,Day2
잡덕의 덕질 로그,제하,X-05b,X,05,b,1sp,앙상블스타즈,데뷔 못하면 죽는 병 걸림,,,,,,일러스트,exxovery,https://dongne.co/events/vidol08/circles/166353,제8회 어나더 스테이지,Day2
주주님 저희 아직 정정합니다,연화,V-22b,V,22,b,1sp,데뷔못하면죽는병걸림,,,,,,,,Lotus_flower432,https://dongne.co/events/vidol08/circles/166337,제8회 어나더 스테이지,Day2
야근을 해도 마감은 해야 하는구나,"시스, 뎅구",W-20,W,20,,2sp,데뷔 못 하면 죽는 병 걸림,,,"박문대,신재현,류건우",박문대X청려,,건우청려,"소설,만화",,https://dongne.co/events/vidol08/circles/166390,제8회 어나더 스테이지,Day2
우리는 한때 하나였다,하이,X-11,X,11,,2sp,아이돌리쉬세븐,"아이나나,페르소나,윈드브레이커(윈브레)",,,나나세 리쿠X이즈미 이오리,,"리쿠이오, 주아케, 사쿠스오",만화,Higkdl0,https://dongne.co/events/vidol08/circles/166441,제8회 어나더 스테이지,Day2
차라리 개랑 결혼하는 게 낫겠어,삐,V-20a,V,20,a,1sp,18TRIP,,,,무라쿠모 텐X니시조노 렌가,,,,,https://dongne.co/events/vidol08/circles/166041,제8회 어나더 스테이지,Day2
볼테야 테야 유키모모 동인지 볼테야,"촟코, 토리니쿠",Z-08,Z,08,,2sp,아이돌리쉬세븐,,유키모모 쁘띠존 : Y(o)U&Mo(re),"유키,모모",유키X모모,"섹슈얼,로맨틱",,"만화,일러스트",gmlfud_i77,https://dongne.co/events/vidol08/circles/166162,제8회 어나더 스테이지,Day2
부스명 뭐하지,유마,W-04b,W,04,b,1sp,데뷔 못하면 죽는병에 걸림,,,배세진,,,,만화,,https://dongne.co/events/vidol08/circles/166245,제8회 어나더 스테이지,Day2
앙스타 즐겜러,"모리, 55",X-03,X,03,,2sp,앙상블 스타즈,,,Knights,,,,"만화,일러스트","chukasa_daisuki, 0lallallal0",https://dongne.co/events/vidol08/circles/166512,제8회 어나더 스테이지,Day2
쿠키네 곰가게,쿠키,V-20b,V,20,b,1sp,18trip,,,,키누가와 키로쿠X이소타케 아쿠타,해당없음,카구야 무네우지 x 쿠라마 우시오,"기타,만화,일러스트",dui_uu,https://dongne.co/events/vidol08/circles/166375,제8회 어나더 스테이지,Day2
프릴리 데이즈,플plz,T-05,T,05,,2sp,,,,,,,,공예,,https://dongne.co/events/vidol08/circles/166206,제8회 어나더 스테이지,Day2
유키쨩 모모쨩 나 이 셋의 만남 너무 기쁘다.,콜라링,Y-11a,Y,11,a,1sp,아이돌리쉬 세븐,,유키모모 쁘띠존 : Y(o)U&Mo(re),유키 / 모모,유키X모모,"로맨틱,섹슈얼",,만화,coI7aring,https://dongne.co/events/vidol08/circles/166268,제8회 어나더 스테이지,Day2
키작공 있는거 다 내놔,mukbab,W-18,W,18,,2sp,아이돌리쉬 세븐,킹 오브 프리즘 우마무스메,,"오사카 소고,요츠바 타마키",오사카 소고X요츠바 타마키,로맨틱,,,,https://dongne.co/events/vidol08/circles/166056,제8회 어나더 스테이지,Day2
"괜찮아 변하지 않아 ""마감하기 달렸어""",실공,Z-16,Z,16,,2sp,아이돌리쉬 세븐,,유키모모 쁘띠존 : Y(o)U&Mo(re),"유키,모모",유키X모모,로맨틱,,"만화,소설",SGnichya,https://dongne.co/events/vidol08/circles/166174,제8회 어나더 스테이지,Day2
유키짱 모모짱 지수짱 이 셋 만남 기쁘다,한지수,Y-11b,Y,11,b,1sp,아이돌리쉬세븐,,유키모모 쁘띠존 : Y(o)U&Mo(re),"유키,모모",,로맨틱,,,hanjisu2ga2,https://dongne.co/events/vidol08/circles/166277,제8회 어나더 스테이지,Day2
덕질에 빠져도 마감은 해야 하는 구나,괴도팡,W-03,W,03,,2sp,데못죽,,,,,,,,LUKAPANG__45,https://dongne.co/events/vidol08/circles/166105,제8회 어나더 스테이지,Day2
복숭아 손으로 누르지 마세요!!눈으로만보세요!!,배배꾸,Y-12,Y,12,,2sp,아이돌리쉬세븐,,유키모모 쁘띠존 : Y(o)U&Mo(re),오리카사유키토 스노하라모모세,유키X모모,로맨틱,,만화,i7_109,https://dongne.co/events/vidol08/circles/166501,제8회 어나더 스테이지,Day2
따뜻한 아이스 유키모모 하나 주세요,따수,Y-15,Y,15,,2sp,아이돌리쉬 세븐,,유키모모 쁘띠존 : Y(o)U&Mo(re),"유키,모모",유키X모모,"로맨틱,해당없음",,"만화,일러스트",dda_sue,https://dongne.co/events/vidol08/circles/166205,제8회 어나더 스테이지,Day2
엄마랑 아빠가 사랑하면 그건무슨콤임?,비사,Y-18,Y,18,,2sp,아이돌리쉬 세븐,,,"이즈미 미츠키,니카이도 야마토,유키,모모",이즈미 미츠키X니카이도 야마토,"로맨틱,섹슈얼",,소설,bisa_otk,https://dongne.co/events/vidol08/circles/166264,제8회 어나더 스테이지,Day2
정반대 두명이 만났습니다,딥,W-05b,W,05,b,1sp,데뷔 못 하면 죽는 병에 걸림,"아이돌리쉬 세븐,앙스타(앙상블스타즈)",,"쿠죠텐x나나세리쿠,청려문대,히이아이",청려X박문대,로맨틱,"아이돌리쉬세븐 쿠죠 텐 x 나나세 리쿠, 앙스타 아마기 히이로x시라토리 아이라","일러스트,기타","di9di7, dulkunotaku",https://dongne.co/events/vidol08/circles/166545,제8회 어나더 스테이지,Day2
"엄마는 아이돌, 아빠는 아저씨.",달코,Y-07,Y,07,,2sp,아이돌리쉬 세븐,,,"니카이도 야마토,이즈미 미츠키",이즈미 미츠키X니카이도 야마토,"로맨틱,섹슈얼",,만화,daldal_tako,https://dongne.co/events/vidol08/circles/166342,제8회 어나더 스테이지,Day2
다이닝 투나잇!,.,Z-15,Z,15,,2sp,아이돌리쉬세븐,,유키모모 쁘띠존 : Y(o)U&Mo(re),유키x모모,유키X모모,로맨틱,,게임,,https://dongne.co/events/vidol08/circles/166124,제8회 어나더 스테이지,Day2
기타와 오카리나,겜이지옥,Y-20b,Y,20,b,1sp,앙상블 스타즈,,,아도니스,코가X아도니스,,,"만화,기타",a_morgeta,https://dongne.co/events/vidol08/circles/166348,제8회 어나더 스테이지,Day2
사랑의 트랩카드,갈릭,Z-01,Z,01,,2sp,앙상블스타즈,,,,사쿠마 레이X오오가미 코가,"로맨틱,섹슈얼",,,,https://dongne.co/events/vidol08/circles/166040,제8회 어나더 스테이지,Day2
연하는 왼쪽으로,낙,U-09,U,09,,2sp,"아이돌리쉬세븐,오오엥",,,"이즈미 이오리,나나세 리쿠,오오사카 소고,요츠바 타마키,이즈미 미츠키,니카이도 야마토",,로맨틱,"오오시즈, 이오리쿠, 타마소우, 미츠야마 ","만화,소설",nag__i7,https://dongne.co/events/vidol08/circles/166457,제8회 어나더 스테이지,Day2
육지에 천사강림,미운,X-15,X,15,,2sp,아이돌리쉬세븐,,,"나나세 리쿠,쿠죠 텐",나나세 리쿠X쿠죠 텐,"섹슈얼,로맨틱",,만화,_miunmiun,https://dongne.co/events/vidol08/circles/166422,제8회 어나더 스테이지,Day2
파르페 부대찌개,츠루비,Z-04,Z,04,,2sp,앙상블 스타즈!! Music,,Shall We Date?:츠카레오 쁘띠존,"스오우 츠카사,츠키나가 레오",스오우 츠카사X츠키나가 레오,,,"소설,일러스트",tsurubi_v,https://dongne.co/events/vidol08/circles/166321,제8회 어나더 스테이지,Day2
"너에게 내려진건 ""바뱀""이라는 축복이란다",유시리아,Z-12a,Z,12,a,1sp,아이돌리쉬세븐,아이나나,유키모모 쁘띠존 : Y(o)U&Mo(re),"유키,모모",유키X모모,,"텐리쿠,미츠이오",일러스트,siria_yuu,https://dongne.co/events/vidol08/circles/166500,제8회 어나더 스테이지,Day2
퍼펙트 고등학생 옆 부스,NEZ,W-14b,W,14,b,1sp,아이돌리쉬세븐,,,"ZOOL(주르),이스미 하루카,이누마루 토우마,나츠메 미나미,미도 토라오",,,,만화,BAKANI_SARETA_,https://dongne.co/events/vidol08/circles/166140,제8회 어나더 스테이지,Day2
푸딩과 핫소스는 쓰기 나름,꼬지,V-09b,V,09,b,1sp,아이돌리쉬세븐,,,"요츠바 타마키,오오사카 소고",요츠바 타마키X오오사카 소고,"로맨틱,섹슈얼",,"만화,기타",_ggo_ji,https://dongne.co/events/vidol08/circles/166313,제8회 어나더 스테이지,Day2
인생의 처음부터 끝까지 함께 해,구구,U-11,U,11,,2sp,아이돌리쉬세븐,,,"쿠죠 텐,나나세 리쿠",쿠죠텐X나나세리쿠,"로맨틱,로맨틱",,"만화,일러스트",rmsclsgudwp_00,https://dongne.co/events/vidol08/circles/166260,제8회 어나더 스테이지,Day2
신세이 안드로이드 공업,독풍 / 히삽,X-01,X,01,,2sp,앙상블스타즈,,,"모리사와치아키,신카이카나타",모리사와 치아키X신카이 카나타,로맨틱,,"만화,소설,일러스트",_baldstorm,https://dongne.co/events/vidol08/circles/166355,제8회 어나더 스테이지,Day2
모냐의 눈복숭아가게,모냐,Y-14,Y,14,,2sp,아이돌리쉬세븐(아이나나),,유키모모 쁘띠존 : Y(o)U&Mo(re),"유키,모모",,,,일러스트,MONYA_I7,https://dongne.co/events/vidol08/circles/166204,제8회 어나더 스테이지,Day2
유키의 복숭아도시락,메밀,Y-10,Y,10,,2sp,아이돌리쉬 세븐,,유키모모 쁘띠존 : Y(o)U&Mo(re),"유키,모모",유키X모모,로맨틱,,소설,memilcharrr,https://dongne.co/events/vidol08/circles/166396,제8회 어나더 스테이지,Day2
전방에 유키모모주의,모차,Y-09b,Y,09,b,1sp,아이돌리쉬세븐,,유키모모 쁘띠존 : Y(o)U&Mo(re),유키 모모,유키X모모,로맨틱,,일러스트,mooocha1111,https://dongne.co/events/vidol08/circles/166209,제8회 어나더 스테이지,Day2
유유윸!모모못!,야므,Y-17,Y,17,,2sp,IDOLiSH7,,유키모모 쁘띠존 : Y(o)U&Mo(re),"유키,모모",유키X모모,"로맨틱,해당없음",,"만화,일러스트,기타",yame423,https://dongne.co/events/vidol08/circles/166484,제8회 어나더 스테이지,Day2
깜찍이네,볕,X-24a,X,24,a,1sp,앙상블스타즈,,,,사쿠마 레이X하카제 카오루,,,,uvu_ovo_uvu,https://dongne.co/events/vidol08/circles/166297,제8회 어나더 스테이지,Day2
내맘대로,메이,V-17,V,17,,2sp,파라독스라이브(파라라이),"케이팝데몬헌터스,앙상블스타즈,아이돌리쉬세븐,보컬로이드",,,,,,,Maii_050225,https://dongne.co/events/vidol08/circles/166263,제8회 어나더 스테이지,Day2
루팡탑꾸,루팡탑꾸,T-06,T,06,,2sp,,탑꾸,,,,,,공예,gry1710,https://dongne.co/events/vidol08/circles/166502,제8회 어나더 스테이지,Day2
리벨리온,이퍼,W-13a,W,13,a,1sp,아이돌리쉬 세븐,,,,이스미 하루카X나츠메 미나미,,,,nipanipachi_,https://dongne.co/events/vidol08/circles/166386,제8회 어나더 스테이지,Day2
바리공방,리리,T-24b,T,24,b,1sp,,,,,,,,공예,VARIBARI_,https://dongne.co/events/vidol08/circles/166310,제8회 어나더 스테이지,Day2
반말금지,강돌이,X-02,X,02,,2sp,앙상블스타즈,,,"아마기히이로,아마기린네",,,,만화,come_backstrong,https://dongne.co/events/vidol08/circles/166376,제8회 어나더 스테이지,Day2
쁘띠뽀짝,뽀짝쿵야,V-23,V,23,,2sp,"데못죽,케데헌,플레이브,최애의 아이","괴담출근,이착헌,오란고교,하이큐,전독시,내스급,코난,슬램덩크,쿠키런 킹덤,스파이패밀리,뮤지컬 프랑켄슈타인,화산귀환",,,,,,,BBoJJaKKyu,https://dongne.co/events/vidol08/circles/166107,제8회 어나더 스테이지,Day2
사과정원,빨간사숨,Z-09a,Z,09,a,1sp,아이돌리쉬세븐,,유키모모 쁘띠존 : Y(o)U&Mo(re),"유키,모모",유키X모모,"로맨틱,섹슈얼",,,redsasum,https://dongne.co/events/vidol08/circles/166127,제8회 어나더 스테이지,Day2
소년현상,少年現象,X-24b,X,24,b,1sp,앙상블 스타즈!! Music,,,"아야세 마요이,카제하야 타츠미,사카사키 나츠메,아오바 츠무기,하루카와 소라",아야세 마요이X카제하야 타츠미,로맨틱,사카사키 나츠메 ✕ 아오바 츠무기,"만화,일러스트,소설",5_145c,https://dongne.co/events/vidol08/circles/166346,제8회 어나더 스테이지,Day2
열혈반점,소지,Y-06,Y,06,,2sp,앙상블 스타즈!! Music,,,나구모 테토라,나구모 테토라X키류 쿠로,,테츠쿠로,"일러스트,만화",draca2na,https://dongne.co/events/vidol08/circles/166066,제8회 어나더 스테이지,Day2
장작과다,뱅쇼,W-05a,W,05,a,1sp,데뷔 못 하면 죽는 병 걸,,,,선아현X박문대,로맨틱,유진래빈,"소설,공예",classsscallion,https://dongne.co/events/vidol08/circles/166062,제8회 어나더 스테이지,Day2
칠색버튼,람님람님,U-02a,U,02,a,1sp,아이카츠!,앙상블 스타즈,,"오오조라 아카리,사오토메 아코",세나 츠바사X오오조라 아카리,로맨틱,아마기히이로X시라토리아이라,"만화,일러스트",ramsama,https://dongne.co/events/vidol08/circles/166042,제8회 어나더 스테이지,Day2
호장문고,최고점수,"V-07, V-18",V,07,,4sp,아이돌리쉬세븐,,,"미도 토라오,오오사카 소고(커플링명 토라소우)",미도 토라오X오오사카 소고,"로맨틱,섹슈얼",,만화,YOURBESTSCORE,https://dongne.co/events/vidol08/circles/166434,제8회 어나더 스테이지,Day2
환상뜨락,환상뜨락,T-02,T,02,,2sp,탑꾸 탑로더,키링,,,,,,공예,Dreamy_garden,https://dongne.co/events/vidol08/circles/166217,제8회 어나더 스테이지,Day2
힌힌탑꾸,"몰리, 힌",T-03,T,03,,2sp,,,,,,,,"공예,기타",hindhind_craft,https://dongne.co/events/vidol08/circles/166379,제8회 어나더 스테이지,Day2
에이유즈 냄,토기,W-22b,W,22,b,1sp,앙상블 스타즈,,,"텐쇼인 에이치,후시미 유즈루",텐쇼인 에이치X후시미 유즈루,로맨틱,,,thfinehh,https://dongne.co/events/vidol08/circles/166098,제8회 어나더 스테이지,Day2
차였는데 딴 사람인 척 작업했다가 또 차이고 촌스러워,,U-16,U,16,,2sp,IDOLiSH7,,Happy Tsumugi Day! 츠무기른 쁘띠존,,,,,,,https://dongne.co/events/vidol08/circles/166374,제8회 어나더 스테이지,Day2
이이요의 망령,타리,W-07a,W,07,a,1sp,아이돌리쉬 세븐,,,리바레(모모+유키),,,,,inakunattari,https://dongne.co/events/vidol08/circles/166433,제8회 어나더 스테이지,Day2
미화계획 지원 부스,신호,U-23b,U,23,b,1sp,아이돌랜드 프리파라,역전재판1~4,,"마리오,아마리,히비키",마리오X히비키,"로맨틱,섹슈얼,해당없음",아마리X마리오X아마리,"만화,일러스트",milfhodo,https://dongne.co/events/vidol08/circles/166147,제8회 어나더 스테이지,Day2
야오토메 가쿠 싸움 잘하냐?,朗 (랑),U-17a,U,17,a,1sp,"아이돌리쉬세븐,아이나나",,Happy Tsumugi Day! 츠무기른 쁘띠존,"쿠죠텐,나나세리쿠",야오토메 가쿠X타카나시 츠무기,"로맨틱,로맨틱",,"만화,일러스트",tennshi_79,https://dongne.co/events/vidol08/circles/166370,제8회 어나더 스테이지,Day2
아이돌이 너무 좋다.,ssu,Y-02b,Y,02,b,1sp,앙상블스타즈!!,아이돌리쉬세븐 등등,,"스오우 츠카사,오우카와 코하쿠",,,,일러스트,sb1oo4,https://dongne.co/events/vidol08/circles/166497,제8회 어나더 스테이지,Day2
아침에는 주임 밤에는 매니저 그들의 아찔한 이중생활,터스햄,X-09,X,09,,2sp,"아이돌리쉬 세븐,18TRIP",,,"ŹOOĻ,R1ze",무라쿠모 텐X니시조노 렌가,해당없음,,일러스트,__hamsterlove,https://dongne.co/events/vidol08/circles/166191,제8회 어나더 스테이지,Day2
"뇨테로는 선택, 뇨타는 필수","은범, DD, 돼지새끼두마리",U-19,U,19,,2sp,파라독스 라이브,에이트리,,,한쵸X유토,로맨틱,나유카나,,D4mvDt3anTUIOnL,https://dongne.co/events/vidol08/circles/166296,제8회 어나더 스테이지,Day2
눈복숭아 제빵소,"오팡, 식빵",Z-13,Z,13,,2sp,아이돌리쉬 세븐(아이나나),,유키모모 쁘띠존 : Y(o)U&Mo(re),"유키,모모",유키X모모,"로맨틱,로맨틱",,"만화,일러스트","5PANG_, i7_RePpang",https://dongne.co/events/vidol08/circles/166523,제8회 어나더 스테이지,Day2
데한민국 외계인,나기,V-02,V,02,,2sp,플레이브 데못죽,,,,,,,,,https://dongne.co/events/vidol08/circles/166207,제8회 어나더 스테이지,Day2
돌고돌아 매니저,"퓨리, 락또, 유르",V-14,V,14,,2sp,아이돌리쉬세븐,,,,,,,,,https://dongne.co/events/vidol08/circles/166077,제8회 어나더 스테이지,Day2
아이나나 팬클럽,새달,X-10,X,10,,2sp,아이돌리쉬 세븐,,,,,,,,nana_saedal,https://dongne.co/events/vidol08/circles/166122,제8회 어나더 스테이지,Day2
야오토메 가쿠다. 겁먹지 않을 거야. (납치),"파구, 야자",X-17b,X,17,b,1sp,아이돌리쉬세븐,,,ZOOL(주르),,,,"소설,일러스트,만화","i7zero_, yaja_i7",https://dongne.co/events/vidol08/circles/166393,제8회 어나더 스테이지,Day2
달콤쌉쌀 신간있(으면좋겠)습니다,감농,V-06,V,06,,2sp,18TRIP,,,,아제카와 키나리X도메키 쿠구리,로맨틱,무라쿠모 텐 X 니시조노 렌가 (텐렌),소설,,https://dongne.co/events/vidol08/circles/166404,제8회 어나더 스테이지,Day2
한정판매 핫케이크 레시피,눙,W-12b,W,12,b,1sp,아이돌리쉬세븐,,,"이즈미 미츠키,이즈미 이오리",미츠키X이오리,해당없음,,"만화,기타",play_nung,https://dongne.co/events/vidol08/circles/166160,제8회 어나더 스테이지,Day2
타카나시 츠무기는 전설이다,제이연,U-18,U,18,,2sp,아이돌리쉬세븐,,Happy Tsumugi Day! 츠무기른 쁘띠존,"니카이도 야마토,타카나시 츠무기,하나마키 스미레",하나마키 스미레X타카나시 츠무기,로맨틱,"야마츠무, 가쿠츠무",소설,zhal23,https://dongne.co/events/vidol08/circles/166190,제8회 어나더 스테이지,Day2
냥이멍이 합사사건 일어나지 않게 조심해,zqw,Y-04b,Y,04,b,1sp,앙상블스타즈!!,,,,히다카 호쿠토X아케호시 스바루,로맨틱,,"만화,기타",hokkeleft,https://dongne.co/events/vidol08/circles/166398,제8회 어나더 스테이지,Day2
마이크로 알아보는 양대간판 관계성,LEVI,Y-19b,Y,19,b,1sp,앙상블 스타즈!! Music,,,,,,,,LEVI_enstar,https://dongne.co/events/vidol08/circles/166314,제8회 어나더 스테이지,Day2
아름다운 슈이팅게일,나체,Y-01b,Y,01,b,1sp,앙상블스타즈,히프노시스마이크,,"카게히라 미카,이츠키 슈",카게히라 미카X이츠키 슈,"로맨틱,섹슈얼",,,,https://dongne.co/events/vidol08/circles/166429,제8회 어나더 스테이지,Day2
두근두근 근친클럽♡ ~근친연구회에 어서 오세요~,메이,X-16a,X,16,a,1sp,아이돌리쉬세븐,,,"나나세 리쿠,쿠죠 텐",나나세 리쿠X쿠죠 텐,로맨틱,,소설,meime2mewmew,https://dongne.co/events/vidol08/circles/166505,제8회 어나더 스테이지,Day2
"노래해줘, 유키 씨!","온도, 철퇴",Z-11,Z,11,,2sp,아이돌리쉬세븐,,유키모모 쁘띠존 : Y(o)U&Mo(re),"유키,모모",유키X모모,로맨틱,,만화,"0ndo_S2, hyeongababy",https://dongne.co/events/vidol08/circles/166509,제8회 어나더 스테이지,Day2
냥미카냥슈,약크림,Y-04a,Y,04,a,1sp,앙상블스타즈,,,"카게히라미카,이츠키슈",,로맨틱,,만화,yakcreamcream,https://dongne.co/events/vidol08/circles/166473,제8회 어나더 스테이지,Day2
눈복과수원,과찌,Y-16a,Y,16,a,1sp,아이돌리쉬세븐(아이나나),,유키모모 쁘띠존 : Y(o)U&Mo(re),,,,,,gwaj_ji,https://dongne.co/events/vidol08/circles/166448,제8회 어나더 스테이지,Day2
미폼시힐즈,피미,Y-03,Y,03,,2sp,앙상블스타즈,,,"카게히라 미카,이츠키 슈",,"섹슈얼,로맨틱",,"만화,일러스트",gelatoluver,https://dongne.co/events/vidol08/circles/166482,제8회 어나더 스테이지,Day2
비정상영업,88,W-22a,W,22,a,1sp,데뷔 못 하면 죽는 병 걸림,,,"차유진,김래빈,채율,청려",차유진X김래빈,,채율청려,소설,9UzFp8,https://dongne.co/events/vidol08/circles/166084,제8회 어나더 스테이지,Day2
앙이라고함,ㅇㅇ,Z-02a,Z,02,a,1sp,앙상블스타즈,,,,,,,일러스트,sem2_world,https://dongne.co/events/vidol08/circles/166385,제8회 어나더 스테이지,Day2
애플블로썸,소내,W-02a,W,02,a,1sp,"데못죽,초심돌",괴출,,,,,,일러스트,,https://dongne.co/events/vidol08/circles/166052,제8회 어나더 스테이지,Day2
웃츄피렌체,ㅇㅌㅋ,"X-06, X-19",X,06,,4sp,앙상블스타즈,,,츠키나가 레오,츠키나가 레오X세나 이즈미,"로맨틱,섹슈얼,해당없음",,"만화,일러스트,기타",,https://dongne.co/events/vidol08/circles/166175,제8회 어나더 스테이지,Day2
주먹밥가게,주먹밥,T-21,T,21,,2sp,프로세카,,,,,,,,,https://dongne.co/events/vidol08/circles/166188,제8회 어나더 스테이지,Day2
차유진밥값,은진,W-21,W,21,,2sp,데뷔 못 하면 죽는 병 걸림,,,차유진 김래빈 박문대,차유진X김래빈,로맨틱,,일러스트,tinypighouse,https://dongne.co/events/vidol08/circles/166459,제8회 어나더 스테이지,Day2
체리곰가게,나르,V-04,V,04,,2sp,18TRIP,,,"오오구로 카프카,니시조노 렌가,무라쿠모 텐,카미나 유키카제,루 리광 위주 올캐러",,,,"일러스트,만화",narugrm,https://dongne.co/events/vidol08/circles/166227,제8회 어나더 스테이지,Day2
키라키라빔,미애,U-01,U,01,,2sp,아이엠스타/프리티시리즈,아이나나,,,,해당없음,,일러스트,m_i_a_e_,https://dongne.co/events/vidol08/circles/166506,제8회 어나더 스테이지,Day2
무적의씨피 :: 츠카레오,"오조, 메리",Z-21,Z,21,,2sp,앙상블스타즈!!,,Shall We Date?:츠카레오 쁘띠존,"스오우 츠카사,츠키나가 레오",스오우 츠카사X츠키나가 레오,로맨틱,,"만화,일러스트",oeny4a,https://dongne.co/events/vidol08/circles/166281,제8회 어나더 스테이지,Day2
망가돌리쉬 세븐,U,X-08,X,08,,2sp,아이돌리쉬 세븐,,,,,로맨틱,,,z_zzz612,https://dongne.co/events/vidol08/circles/166413,제8회 어나더 스테이지,Day2
야마토군의 어디가 좋아? 안경?,기상,V-11b,V,11,b,1sp,아이돌리쉬세븐,,,유키,니카이도 야마토X유키,"로맨틱,로맨틱",,만화,,https://dongne.co/events/vidol08/circles/166423,제8회 어나더 스테이지,Day2
미니사탕과 왕큰크로와상,구민,Y-24,Y,24,,2sp,앙상블스타즈!!,,,미카슈,미카X슈,"로맨틱,섹슈얼",미카슈,"만화,일러스트",9min_va,https://dongne.co/events/vidol08/circles/166257,제8회 어나더 스테이지,Day2
죽을때까지 아이나나하고 지는쪽이 무지개되자!,푸아,U-13,U,13,,2sp,아이돌리쉬세븐,,,"요츠바 타마키,오오사카 소고,나나세 리쿠,쿠죠 텐,모모,유키",쿠죠 텐X나나세 리쿠,로맨틱,"모모&유키 , 요츠바 타마키&오오사카 소고",일러스트,Pooa_27,https://dongne.co/events/vidol08/circles/166520,제8회 어나더 스테이지,Day2
"갈테야테야, 츠무기한테 장가갈테야","뇨지, 티티",U-15,U,15,,2sp,아이돌리쉬 세븐 (아이나나),,Happy Tsumugi Day! 츠무기른 쁘띠존,타카나시 츠무기,,로맨틱,,만화,"nyoji_0654, ce_os0",https://dongne.co/events/vidol08/circles/166368,제8회 어나더 스테이지,Day2
결정적순간!,안요,Z-18a,Z,18,a,1sp,idolish7,,유키모모 쁘띠존 : Y(o)U&Mo(re),유키모모,유키X모모,"로맨틱,섹슈얼",,만화,jellygom777,https://dongne.co/events/vidol08/circles/166083,제8회 어나더 스테이지,Day2
굿즈비전문가,굿즈,W-06a,W,06,a,1sp,데뷔 못하면 죽는병,,,"박문대,청려",박문대X청려,로맨틱,,만화,idolg8ds,https://dongne.co/events/vidol08/circles/166119,제8회 어나더 스테이지,Day2
무지개동호회,메로,U-24,U,24,,2sp,프리티 시리즈(오드 디마퓨 레라 킹프리 프리파라),,,,쥬오인 카케루X코우가미 타이가,로맨틱,,"일러스트,만화",,https://dongne.co/events/vidol08/circles/166255,제8회 어나더 스테이지,Day2
쥬쥬미유업㈜,김밀크,W-13b,W,13,b,1sp,아이돌리쉬 세븐,,,"이즈미 이오리,이즈미 미츠키",이즈미 미츠키X이즈미 이오리,,,"기타,만화",ortho_fanatic,https://dongne.co/events/vidol08/circles/166421,제8회 어나더 스테이지,Day2
하바네로푸딩,ㄷㄹ,W-17,W,17,,2sp,아이돌리쉬 세븐,,,"요츠바 타마키,오사카 소고",오사카 소고X요츠바 타마키,로맨틱,,만화,,https://dongne.co/events/vidol08/circles/166166,제8회 어나더 스테이지,Day2
슈퍼달링에게 꽃다발을,냐리,U-20b,U,20,b,1sp,킹 오브 프리즘,,,,쥬오인 카케루X코우가미 타이가,로맨틱,,만화,4170X3167,https://dongne.co/events/vidol08/circles/166373,제8회 어나더 스테이지,Day2
천도복숭아도 유키모모다,휘엔,Z-12b,Z,12,b,1sp,IDOLiSH7,,유키모모 쁘띠존 : Y(o)U&Mo(re),"유키,모모",유키X모모,"로맨틱,섹슈얼",,소설,1100logical,https://dongne.co/events/vidol08/circles/166345,제8회 어나더 스테이지,Day2
아이나나하자!,조부단,Z-10,Z,10,,2sp,아이돌리쉬세븐,,유키모모 쁘띠존 : Y(o)U&Mo(re),모모,유키X모모,로맨틱,,만화,oasis525200,https://dongne.co/events/vidol08/circles/166064,제8회 어나더 스테이지,Day2
가능성은무한대,호집,U-21,U,21,,2sp,킹 오브 프리즘,"프리티 시리즈,우리는 마지고 디스트로이",,,,,,"만화,일러스트",hoOojip,https://dongne.co/events/vidol08/circles/166546,제8회 어나더 스테이지,Day2
뉴디멘션법무팀,palm ,X-22,X,22,,2sp,앙상블스타즈,아이돌리쉬세븐,,,,,,"일러스트,소설",kedakaki712,https://dongne.co/events/vidol08/circles/166399,제8회 어나더 스테이지,Day2
말랑딱복복숭아,우샤,Y-16b,Y,16,b,1sp,아이돌리쉬세븐,,유키모모 쁘띠존 : Y(o)U&Mo(re),모모,유키X모모,로맨틱,,"만화,일러스트",Usha_moRE_i7,https://dongne.co/events/vidol08/circles/166259,제8회 어나더 스테이지,Day2
아이돌리쉬세븐,두부반죽,U-10,U,10,,2sp,아이돌리쉬세븐,아이돌리쉬세븐,,아이돌리쉬세븐,미도 토라오X이누마루 토우마,로맨틱,,기타,,https://dongne.co/events/vidol08/circles/166278,제8회 어나더 스테이지,Day2
미나하루를믿기 토라토우를믿기,하그,X-07,X,07,,2sp,아이돌리쉬세븐,,,"나츠메 미나미,이스미 하루카,이누마루 토우마,미도 토라오",나츠메 미나미X이스미 하루카,"로맨틱,섹슈얼",미도 토라오 X 이누마루 토우마,"일러스트,만화",O_Oyouno,https://dongne.co/events/vidol08/circles/166408,제8회 어나더 스테이지,Day2
내밥은내가짓는다,h,Y-23b,Y,23,b,1sp,앙상블 스타즈,,,,아케호시 스바루X안즈,"로맨틱,로맨틱",아오이 히나타X안즈,,hz_rin9,https://dongne.co/events/vidol08/circles/166106,제8회 어나더 스테이지,Day2
아이돌이연애하기,노나,W-04a,W,04,a,1sp,데뷔 못 하면 죽는 병 걸림,,,"이세진,박문대",이세진X박문대,"로맨틱,섹슈얼,로맨틱,섹슈얼",,소설,donggapizoa,https://dongne.co/events/vidol08/circles/166156,제8회 어나더 스테이지,Day2
엄마뱃속동기동창회,말콩,X-17a,X,17,a,1sp,아이돌리쉬세븐,,,,나나세리쿠X쿠죠 텐,로맨틱,,일러스트,gongrikusuten,https://dongne.co/events/vidol08/circles/166477,제8회 어나더 스테이지,Day2
사잇쇼니플라이어웨이,곽똥철,U-08b,U,08,b,1sp,아이돌리쉬 세븐,,,"이즈미 이오리,나나세 리쿠",,로맨틱,,,kwaknanacheol,https://dongne.co/events/vidol08/circles/166443,제8회 어나더 스테이지,Day2
위아원트리거사랑하자,마셔,W-16b,W,16,b,1sp,아이돌리쉬 세븐 아이나나,,,,,,,만화,g265936,https://dongne.co/events/vidol08/circles/166425,제8회 어나더 스테이지,Day2
당신은에다의발데르예요,스이,X-12,X,12,,2sp,아이돌리쉬세븐,,,"로쿠야 나기,나츠메 미나미",로쿠야 나기X나츠메 미나미,로맨틱,,"만화,소설,기타",nm_pI7,https://dongne.co/events/vidol08/circles/166196,제8회 어나더 스테이지,Day2
넌뭘위해부스를냈어난복수,"야체, 쯔모선수",W-09,W,09,,2sp,아이돌리쉬세븐,,,ŹOOĻ,,,,,zarajaebalzom,https://dongne.co/events/vidol08/circles/166141,제8회 어나더 스테이지,Day2
전국삼백안른연합위원회부스,랜걸,W-10a,W,10,a,1sp,아이돌리쉬세븐,,,이누마루 토우마,야오토메 가쿠X니카이도 야마토,"로맨틱,섹슈얼","가쿠야마, 토라토우","만화,소설",rinmrfg,https://dongne.co/events/vidol08/circles/166114,제8회 어나더 스테이지,Day2
리더들끼리사랑하면안되는건가요?,누구라네,W-10b,W,10,b,1sp,아이돌리쉬세븐,,,"야오토메 가쿠,니카이도 야마토",야오토메 가쿠X니카이도 야마토,"로맨틱,섹슈얼",,"만화,소설",NURANE_I7_82,https://dongne.co/events/vidol08/circles/166415,제8회 어나더 스테이지,Day2
프리즘의반짝임을당신에게＼＼네?저요?／／,知(チヰ),U-22,U,22,,2sp,"킹 오브 프리즘,킹프리",,,"이치죠신,프리즘사자(샤인,린네,루이,아이),히무로히지리,노리즈키진,쥬오인카케루,코우가미타이가,스즈노유우,하야미히로",,로맨틱,"샤인린네, 샤인신, 루이신, 히지진, 카케타이, 유우히로","만화,일러스트","owokpr, mumuK0114",https://dongne.co/events/vidol08/circles/166236,제8회 어나더 스테이지,Day2
수감자아이돌형기만료되면전과자아이돌,링구장,V-19a,V,19,a,1sp,18TRIP,,,"아제카와 키나리,도메키 쿠구리",아제카와 키나리X도메키 쿠구리,해당없음,니시조노 렌가x무라쿠모 텐,만화,senohikuikuchou,https://dongne.co/events/vidol08/circles/166095,제8회 어나더 스테이지,Day2
지옥의밴드맨과개쎈슛돌이의사랑이야기,정시,Y-09a,Y,09,a,1sp,아이돌리쉬세븐,,유키모모 쁘띠존 : Y(o)U&Mo(re),"유키(오리카사 유키토),모모(스노하라 모모세)",유키X모모,로맨틱,,"만화,기타",__2123m,https://dongne.co/events/vidol08/circles/166537,제8회 어나더 스테이지,Day2
그대손한번잡고싶은데거긴갈수없는세상인걸,휘핑,V-08,V,08,,2sp,아이돌리쉬세븐 (아이나나),"프리파라,니지산지",,,,,,만화,hwiping44,https://dongne.co/events/vidol08/circles/166488,제8회 어나더 스테이지,Day2
왕정제폐위하고국민주권되찾아나기를애니메이트로 ,예림,"V-12, V-13",V,12,,4sp,아이돌리쉬 세븐,,,,,,,"만화,소설",,https://dongne.co/events/vidol08/circles/166418,제8회 어나더 스테이지,Day2
내 남친은 전교1등학생회나이츠리더뉴디대표크루즈소유땅부자승마특기리무진등교스칼렛체리도에스당주님,"루우, 풍",Z-03,Z,03,,2sp,앙상블스타즈,,Shall We Date?:츠카레오 쁘띠존,"스오우 츠카사,츠키나가 레오",,"로맨틱,섹슈얼",,,ruu_ens,https://dongne.co/events/vidol08/circles/166044,제8회 어나더 스테이지,Day2
착한 몬타마 푸딩 100개,김또기 / 퓨캿,W-07b,W,07,b,1sp,아이돌리쉬세븐,,,,오사카 소고X요츠바 타마키,,,,"55nakayo44, PP_cat_00",https://dongne.co/events/vidol08/circles/166229,제8회 어나더 스테이지,Day2
아방공협회 제108지부,믕시,W-12a,W,12,a,1sp,아이돌리쉬세븐,"킹 오브 프리즘,아이돌타임 프리파라",,"야오토메 가쿠,쿠죠 텐,츠나시 류노스케",츠나시 류노스케X야오토메 가쿠,"섹슈얼,로맨틱",히지리x진,만화,msi8isiii,https://dongne.co/events/vidol08/circles/166200,제8회 어나더 스테이지,Day2
멍멍2,연정,Z-24b,Z,24,b,1sp,앙상블스타즈,,,,사쿠마 레이X오오가미 코가,로맨틱,,,,https://dongne.co/events/vidol08/circles/166163,제8회 어나더 스테이지,Day2
2026 나아가자 HAMA 스타즈 박람회,낙향,V-21,V,21,,2sp,18TRIP,앙상블 스타즈,,,,,,,,https://dongne.co/events/vidol08/circles/166266,제8회 어나더 스테이지,Day2
2d 이하 아이돌에게 통장을 잃음,유타페,W-01,W,01,,2sp,데뷔 못 하면 죽는 병 걸림,앙상블 스타즈!! Music,,,,"로맨틱,섹슈얼",,,,https://dongne.co/events/vidol08/circles/166057,제8회 어나더 스테이지,Day2
하루토우 마이크로 온리전 4,다뽀주,W-11,W,11,,2sp,"아이돌리쉬세븐,아이돌리쉬 세븐,아이나나",,,"이스미 하루카,이누마루 토우마",이스미 하루카X이누마루 토우마,로맨틱,주르 NCP,만화,dieforzool,https://dongne.co/events/vidol08/circles/166218,제8회 어나더 스테이지,Day2
소우타마가 있는 집 4,니니니니,W-15,W,15,,2sp,아이돌리쉬세븐,,,"오오사카 소고,요츠바 타마키",,로맨틱,,,,https://dongne.co/events/vidol08/circles/166271,제8회 어나더 스테이지,Day2
4디페(일1sp,벨로,V-24a,V,24,a,1sp,괴담출근,,,,,,,,kurobina_win,https://dongne.co/events/vidol08/circles/166197,제8회 어나더 스테이지,Day2
선왕을 빨래하는 4655가지 방법,"돌멩이, 꿀빵",Z-20,Z,20,,2sp,앙상블스타즈!!,,Shall We Date?:츠카레오 쁘띠존,"스오우 츠카사,츠키나가 레오",스오우 츠카사X츠키나가 레오,"로맨틱,섹슈얼",,"만화,소설","mae_ngtl, Honeybread_827",https://dongne.co/events/vidol08/circles/166522,제8회 어나더 스테이지,Day2
4825%,Sapphire,T-20,T,20,,2sp,,,,,,,,,,https://dongne.co/events/vidol08/circles/166201,제8회 어나더 스테이지,Day2
오54마푸딩ㅡ!!!!,메온,W-16a,W,16,a,1sp,아이돌리쉬 세븐,,,"오사카 소고,요츠바 타마키",오사카 소고X요츠바 타마키,,모미운,"만화,소설",mezzoonna,https://dongne.co/events/vidol08/circles/166551,제8회 어나더 스테이지,Day2
6월 모의고사,딱꾹,Z-18b,Z,18,b,1sp,아이나나,,유키모모 쁘띠존 : Y(o)U&Mo(re),"유키,모모",,"로맨틱,섹슈얼",,만화,ai7_ttakku,https://dongne.co/events/vidol08/circles/166254,제8회 어나더 스테이지,Day2
제8회 어나스테 그리고 밀리시타 8주년 센터 아이돌 야부키 카나,♡,U-02b,U,02,b,1sp,아이돌 마스터 밀리언 라이브!,"샤니마스,18TRIP",,,,,,일러스트,"m_e_rong, tabixkql",https://dongne.co/events/vidol08/circles/166554,제8회 어나더 스테이지,Day2
888 정육점,08,Y-20a,Y,20,a,1sp,앙상블스타즈,,,,오오가미코가X언데드,,"코가아도,코가카오,코가레이","만화,일러스트",888O08,https://dongne.co/events/vidol08/circles/166168,제8회 어나더 스테이지,Day2
CRAZY 삡‼️,짱삡,Y-22,Y,22,,2sp,앙상블스타즈,,,,,,,,PPIP___OK,https://dongne.co/events/vidol08/circles/166462,제8회 어나더 스테이지,Day2
Dry Flower,iple,Z-24a,Z,24,a,1sp,앙상블 스타즈!! Music,,,,사쿠마 레이X오오가미 코가,"로맨틱,섹슈얼",레오이즈,소설,iple0000,https://dongne.co/events/vidol08/circles/166067,제8회 어나더 스테이지,Day2
Golden slumber,안하리,W-06b,W,06,b,1sp,데뷔 못하면 죽는 병 걸림,,,,박문대X청려,로맨틱,,만화,HNM487,https://dongne.co/events/vidol08/circles/166412,제8회 어나더 스테이지,Day2
HAMA 스타즈 세븐!!,린고,V-22a,V,22,a,1sp,18TRIP,"아이돌리쉬 세븐,앙상블 스타즈!! Music,킹 오브 프리즘",,"에스프리,아이돌리쉬세븐,에이트리,오버더레인보우,요와 네타로,하치노야 나기",무라쿠모 텐X니시조노 렌가,해당없음,,"만화,일러스트",,https://dongne.co/events/vidol08/circles/166485,제8회 어나더 스테이지,Day2
HAMA 환경미화원,가위,V-19b,V,19,b,1sp,18TRIP,,,"무라쿠모 텐,니시조노 렌가,하치노야 나기,요와 네타로,루 리광,키바",무라쿠모 텐X니시조노 렌가,"로맨틱,로맨틱","하치노야 나기 × 요와 네타로, 루 리광 × 키바",만화,scissors_pic,https://dongne.co/events/vidol08/circles/166533,제8회 어나더 스테이지,Day2
HAMA까지 택시비 18만엔,젠,V-05,V,05,,2sp,18TRIP,,,"키타카타 라이토,키타카타 나유키,18TRIP 올캐러",,,,"만화,기타",sotaimoto,https://dongne.co/events/vidol08/circles/166293,제8회 어나더 스테이지,Day2
<Happy Tsumugi Day! 츠무기른 쁘띠존> 주최부스,Happy Tsumugi Day! 츠무기른 쁘띠존,U-14,U,14,,2sp,,,Happy Tsumugi Day! 츠무기른 쁘띠존,,,,,,,https://dongne.co/events/vidol08/circles/166086,제8회 어나더 스테이지,Day2
"Hello, World! ",재랑,U-23a,U,23,a,1sp,킹 오브 프리즘,꿈의 라이브 프리즘스톤,,"코우가미 타이가,쥬오인 카케루",,로맨틱,,"만화,일러스트",timetosay_YES,https://dongne.co/events/vidol08/circles/166145,제8회 어나더 스테이지,Day2
차력쇼ing,왕왕,Y-01a,Y,01,a,1sp,앙상블스타즈,,,발키리/카게히라미카x이츠키슈,,로맨틱,,,osisaran,https://dongne.co/events/vidol08/circles/166261,제8회 어나더 스테이지,Day2
"절대로 KISS, 참을 수 없습니다.",딸기찹쌀떡,Z-05b,Z,05,b,1sp,앙상블스타즈!!,,Shall We Date?:츠카레오 쁘띠존,"스오우 츠카사,츠키나가 레오",스오우 츠카사X츠키나가 레오,로맨틱,,"만화,일러스트",tk04060505,https://dongne.co/events/vidol08/circles/166463,제8회 어나더 스테이지,Day2
KM BOOTH,관맹,Y-19a,Y,19,a,1sp,앙상블 스타즈,,,나구모 테토라,,,,일러스트,,https://dongne.co/events/vidol08/circles/166118,제8회 어나더 스테이지,Day2
군필미시집사L♡VE,리리,W-23,W,23,,2sp,앙상블스타즈!!,,,후시미 유즈루,텐쇼인 에이치X후시미 유즈루,"로맨틱,로맨틱",,"만화,일러스트,공예",ririri_2121,https://dongne.co/events/vidol08/circles/166340,제8회 어나더 스테이지,Day2
Midnight Blue,세르웬,T-22,T,22,,2sp,프로젝트 세카이,,,,,,,"만화,일러스트",serrewen,https://dongne.co/events/vidol08/circles/166110,제8회 어나더 스테이지,Day2
N잡사무소,아르테,U-04,U,04,,2sp,아이돌 마스터,"D4DJ,케이팝데몬헌터스",,아이돌 마스터 캐릭터 올캐러,,,,일러스트,Arte_2532,https://dongne.co/events/vidol08/circles/166504,제8회 어나더 스테이지,Day2
NA NA NOL NA NA PI NANANA~~~,PICO,Y-23a,Y,23,a,1sp,앙상블스타즈,,,"시이나 니키,아마기 린네",시이나 니키X아마기 린네,로맨틱,,만화,CHOIPICO,https://dongne.co/events/vidol08/circles/166094,제8회 어나더 스테이지,Day2
Platina Comet,하나토리 아논,Y-05,Y,05,,2sp,앙상블스타즈,스텔라이브,,유우키 마코토,,,,"만화,일러스트,기타",anon_ovs,https://dongne.co/events/vidol08/circles/166061,제8회 어나더 스테이지,Day2
주르의 나츠메 미나미와 미도 토라오가 사귄다는 찌라시가 사실이라고? (R모양: 길어.),랑,U-07,U,07,,2sp,,,,"나츠메 미나미,미도 토라오",나츠메 미나미X미도 토라오,"섹슈얼,로맨틱",,소설,nolda_rang,https://dongne.co/events/vidol08/circles/166276,제8회 어나더 스테이지,Day2
Re:제로부터 시작하는 츠카레오 이야기,"한결, RUA",Z-19,Z,19,,2sp,앙상블스타즈,,Shall We Date?:츠카레오 쁘띠존,"스오우 츠카사,츠키나가 레오",스오우 츠카사X츠키나가 레오,로맨틱,,소설,,https://dongne.co/events/vidol08/circles/166285,제8회 어나더 스테이지,Day2
RUPANG BOX,루팡,X-20,X,20,,2sp,앙상블 스타즈!! Music,,,"아마기 린네,시이나 니키",아마기 린네X시이나 니키,"로맨틱,섹슈얼",린니키,만화,pangpangstar,https://dongne.co/events/vidol08/circles/166307,제8회 어나더 스테이지,Day2
S2카레52,젼,Z-06a,Z,06,a,1sp,앙상블 스타즈,,Shall We Date?:츠카레오 쁘띠존,"스오우 츠카사,츠키나가 레오",스오우 츠카사X츠키나가 레오,로맨틱,,"만화,사진",Dore_Jj,https://dongne.co/events/vidol08/circles/166498,제8회 어나더 스테이지,Day2
<Shall We Date?:츠카레오 쁘띠존> 주최부스,Shall We Date?:츠카레오 쁘띠존,Z-23,Z,23,,2sp,,,Shall We Date?:츠카레오 쁘띠존,,,로맨틱,,,,https://dongne.co/events/vidol08/circles/166319,제8회 어나더 스테이지,Day2
에스(S)보다더도S인 연하공,지폭,Z-22,Z,22,,2sp,앙상블스타즈!!,,Shall We Date?:츠카레오 쁘띠존,"스오우 츠카사,츠키나가 레오",,"섹슈얼,로맨틱",,만화,jipokk,https://dongne.co/events/vidol08/circles/166320,제8회 어나더 스테이지,Day2
연하의맛tv,노노,X-05a,X,05,a,1sp,앙상블스타즈,"프로세카,아이마스",,카게히라 미카,,"로맨틱,섹슈얼",,만화,nonoLee4242564,https://dongne.co/events/vidol08/circles/166553,제8회 어나더 스테이지,Day2
Two Rabbits & 자몽공방,Rabbits,T-19,T,19,,2sp,데못죽,"앙스타,플레이브",,,,,,"공예,조형",2rabbits,https://dongne.co/events/vidol08/circles/166076,제8회 어나더 스테이지,Day2
Velvet Ship ,choco,X-23,X,23,,2sp,앙상블스타즈!!,,,언데드,,,,"만화,소설",anony__u,https://dongne.co/events/vidol08/circles/166082,제8회 어나더 스테이지,Day2
수달의 작업실x꽁뜨공방,김수달,T-04,T,04,,2sp,수공예,"탑꾸,뜨개",,,,,,공예,sudal_s,https://dongne.co/events/vidol08/circles/166212,제8회 어나더 스테이지,Day2
xoxo_xoxo,구남,U-06,U,06,,2sp,케이팝데몬헌터스,,,사자보이즈,,,,,qnamxoxo,https://dongne.co/events/vidol08/circles/166053,제8회 어나더 스테이지,Day2
<유키모모 쁘띠존 : Y(o)U&Mo(re)> 주최부스,유키모모 쁘띠존 : Y(o)U&Mo(re),Z-14,Z,14,,2sp,,,유키모모 쁘띠존 : Y(o)U&Mo(re),,,,,,,https://dongne.co/events/vidol08/circles/166252,제8회 어나더 스테이지,Day2
냥즈냐코 (・ω・),굥,U-17b,U,17,b,1sp,앙상블스타즈,,,"세나 이즈미,유우키 마코토",세나 이즈미X유우키 마코토,로맨틱,,일러스트,314j3104,https://dongne.co/events/vidol08/circles/166487,제8회 어나더 스테이지,Day2
