부스명,대표자,위치,위치(열),위치(번호),반부스,부스,대표 작품(원작),그 외 다루는 작품,쁘띠존,캐릭터,커플링,커플링 성향,그 외 커플링,매체,트위터,링크,행사명,개최일
<혈계전선 쁘띠존> 주최 부스,혈계전선 쁘띠존,,,,,2sp,,,혈계전선 쁘띠존 : 라이브라 한국지부 홍보팀,,,,,,,https://dongne.co/events/df2401/circles/113682,제24회 디. 페스타,Day1
"<밧슈울프 쁘띠존 : 하여, 우리는 이 백지에 그들을 기록한다.> 주최 부스","밧슈울프 쁘띠존 : 하여, 우리는 이 백지에 그들을 기록한다.",,,,,2sp,,,"밧슈울프 쁘띠존 : 하여, 우리는 이 백지에 그들을 기록한다.",,,,,,,https://dongne.co/events/df2401/circles/113746,제24회 디. 페스타,Day1
<고죠유지 쁘띠존 : 겨울을 녹이는 봄> 주최부스,고죠유지 쁘띠존 : 겨울을 녹이는 봄,,,,,2sp,,,고죠유지 쁘띠존 : 겨울을 녹이는 봄,,,,,,,https://dongne.co/events/df2401/circles/112274,제24회 디. 페스타,Day1
<태웅백호 쁘띠존 : 호호신년> 주최 부스,태웅백호 쁘띠존 : 호호신년,,,,,2sp,,,태웅백호 쁘띠존 : 호호신년,,,,,,,https://dongne.co/events/df2401/circles/113776,제24회 디. 페스타,Day1
<세포신곡 쁘띠존 :: 세포와 인자의 미묘한 상관관계> 주최 부스,세포신곡 쁘띠존 :: 세포와 인자의 미묘한 상관관계,,,,,2sp,,,세포신곡 쁘띠존 :: 세포와 인자의 미묘한 상관관계,,,,,,,https://dongne.co/events/df2401/circles/113543,제24회 디. 페스타,Day1
<변호사가 역전을 숨김> 주최 부스,변호사가 역전을 숨김,,,,,2sp,,,변호사가 역전을 숨김,,,,,,,https://dongne.co/events/df2401/circles/112981,제24회 디. 페스타,Day1
                                                                                                                                                                                                  공동정탈취범,"훈, 양갱",,,,,2sp,주술회전,,,"고죠 사토루,게토 스구루",고죠 사토루X게토 스구루,"로맨틱,섹슈얼",,"만화,일러스트","Ju_angbal_love, za_yess",https://dongne.co/events/df2401/circles/115154,제24회 디. 페스타,Day1
 이 땅은 밥이 주식인 나라 , 쾅,,,,,2sp,가비지타임,,,"박병찬,기상호",박병찬X기상호,로맨틱,재석영중재,"일러스트,소설,기타",pizzamatitdang,https://dongne.co/events/df2401/circles/112874,제24회 디. 페스타,Day1
________로 만나 버튜버 되다,"야마, 2, 르타",,,,,2sp,니지산지,,,,,,,,diakghkrnl,https://dongne.co/events/df2401/circles/112731,제24회 디. 페스타,Day1
(주) 무림미식회의 기묘한 모험을 바이풋슈!,단팥빵,,,,,2sp,월한강천록: 무림제일폐,"아카기,죠죠의 기묘한 모험",,유소월,홍륜X소월,"로맨틱,섹슈얼","소월른, 아카난고","만화,일러스트",Annbbang,https://dongne.co/events/df2401/circles/112529,제24회 디. 페스타,Day1
(실은 모든 것을 알고 있음),"마키오토, 테마파크직원",,,,,2sp,프로젝트 세카이,보컬로이드 (카이토 위주),,,,,,,tmpk_in,https://dongne.co/events/df2401/circles/112956,제24회 디. 페스타,Day1
[활]화산횟집[어],미미광어,,,,,1sp,화산귀환,,,올캐릭터,,,,"공예,일러스트",trapcardmim,https://dongne.co/events/df2401/circles/113146,제24회 디. 페스타,Day1
냠,냠,,,,,1sp,슬램덩크 데못죽,,,,,,,,Cell_pq,https://dongne.co/events/df2401/circles/113822,제24회 디. 페스타,Day1
뿅,뿅,,,,,2sp,,,,,,,,"만화,기타",qazwsx1493,https://dongne.co/events/df2401/circles/111404,제24회 디. 페스타,Day1
청,cheongryuha,,,,,2sp,,,,,,,,,,https://dongne.co/events/df2401/circles/112521,제24회 디. 페스타,Day1
㈜ 텅 빈,레이지빈,,,,,2sp,데뷔 못하면 죽는 병 걸림,,,,청려X박문대,"로맨틱,섹슈얼",,"만화,일러스트",amibean,https://dongne.co/events/df2401/circles/114050,제24회 디. 페스타,Day1
야 이 부스 무지달다 루하나 아냐?,"디브, 지금",,,,,1sp,슬램덩크,X,태웅백호 쁘띠존 : 호호신년,서태웅 강백호,서태웅X강백호,해당없음,,기타,"rukahanaryomi, lovewayandu",https://dongne.co/events/df2401/circles/114347,제24회 디. 페스타,Day1
운 좋게 토라 햝기,토라,,,,,2sp,프로세카,,,"아오야기 토우야,시노노메 아키토",,"로맨틱,섹슈얼",,"만화,소설",_tiger_ovo,https://dongne.co/events/df2401/circles/114204,제24회 디. 페스타,Day1
세 명만 모이면 메이저다,도적,,,,,4sp,진혼기,"반월당의 기묘한 이야기,태양의 시,전지적 독자 시점,엘소드",,,,로맨틱,,,C12151127H,https://dongne.co/events/df2401/circles/113972,제24회 디. 페스타,Day1
이 맛을 모르는 당신들이 불쌍해요,Un,,,,,2sp,주술회전,,,"옷코츠 유타,오리모토 리카",옷코츠 유타X오리모토 리카,로맨틱,,"만화,일러스트",ASU_c0,https://dongne.co/events/df2401/circles/113640,제24회 디. 페스타,Day1
어 그래 준수야. 예 청명이 형,"환효, 점복",,,,,2sp,"가비지타임,화산귀환",,,"전영중,성준수,청명",전영중X성준수,"로맨틱,섹슈얼",,"일러스트,소설,기타",yoaketime,https://dongne.co/events/df2401/circles/112035,제24회 디. 페스타,Day1
뭘 파든 헤어지지 않겠다는 피의 맹세,-,,,,,4sp,,"명문고 EX급 조연의 리플레이,내가 키운 S급들,서브남주가 파업하면 생기는 일,가비지타임",,다수,박병찬X기상호,섹슈얼,,"소설,일러스트",,https://dongne.co/events/df2401/circles/112121,제24회 디. 페스타,Day1
다 팔아야 집 가기,김시럽/먀,,,,,2sp,가비지타임,,,박병찬 기상호,박병찬X기상호,로맨틱,준쟁(성준수x진재유),소설,"js2bs2, mya789456",https://dongne.co/events/df2401/circles/114724,제24회 디. 페스타,Day1
아 대퇴가 기가막혀,실차,,,,,4sp,화산귀환,,,"청명,당보",당보X청명,로맨틱,"백천청명, 드림 ",,notcaryestea,https://dongne.co/events/df2401/circles/113840,제24회 디. 페스타,Day1
그 늑대가 사랑하는 법,간장이페달,,,,,2sp,겁쟁이페달,슬램덩크,,,아라키타 야스토모X후쿠토미 주이치,"로맨틱,섹슈얼","하야유우, 우성명헌","일러스트,만화",YWPD_shoyu,https://dongne.co/events/df2401/circles/114260,제24회 디. 페스타,Day1
이 베이가 스핀피니쉬 되기 전에 돌아오겠소,에이드,,,,,2sp,베이블레이드,"키미가시네,네가죽어,FF14",,,,"로맨틱,섹슈얼",프리크리. 바루슈. 시스락.소우신,"만화,일러스트",baybladeade1222,https://dongne.co/events/df2401/circles/112987,제24회 디. 페스타,Day1
"좀 떨어져주세요, 스티븐 씨!",젤리,,,,,2sp,혈계전선,,혈계전선 쁘띠존 : 라이브라 한국지부 홍보팀,"레오나르도 워치,스티븐 스타페이즈",스티븐X레오,로맨틱,레오른,"소설,공예,일러스트",Jellyfish_BBB,https://dongne.co/events/df2401/circles/113325,제24회 디. 페스타,Day1
네? 준수가 지금 오른쪽에 있다고요? 이런 씨몬! 당장 출동하겠습니다!!,빈,,,,,2sp,가비지타임,,,성준수,전영중X성준수,"로맨틱,섹슈얼","박병찬 x 성준수, 성준수른","소설,일러스트,만화",bin_s2_you,https://dongne.co/events/df2401/circles/113255,제24회 디. 페스타,Day1
어? 병찬이랑 상호가 뽀뽀하는게 자연스러운 행위인 것 같아.,"랭이, 팥붕, qmq",,,,,2sp,가비지타임,,,"박병찬,기상호",,로맨틱,,"만화,소설","lyeng_2, baggae443724, beub649736",https://dongne.co/events/df2401/circles/114680,제24회 디. 페스타,Day1
잘(생긴 애) 옆(에) 잘(생긴 애),기린,,,,,2sp,누카니발,플레이브,,,,,,,girin_qqq,https://dongne.co/events/df2401/circles/112941,제24회 디. 페스타,Day1
릴리,하다월,,,,,4sp,,,,,,,,,war_Som,https://dongne.co/events/df2401/circles/112019,제24회 디. 페스타,Day1
무제,류영,,,,,1sp,데뷔 못 하면 죽는 병 걸림,,,,,"로맨틱,섹슈얼",,,,https://dongne.co/events/df2401/circles/111773,제24회 디. 페스타,Day1
반디,반디,,,,,1sp,내가 키운 s급들,,,성현제,성현제X한유진,"섹슈얼,로맨틱",,만화,,https://dongne.co/events/df2401/circles/112341,제24회 디. 페스타,Day1
뱀집,t,,,,,1sp,NU카니발,,,,,로맨틱,,소설,,https://dongne.co/events/df2401/circles/111672,제24회 디. 페스타,Day1
임시,줄기,,,,,2sp,,,혈계전선 쁘띠존 : 라이브라 한국지부 홍보팀,,,,,"만화,일러스트",julgi___,https://dongne.co/events/df2401/circles/115244,제24회 디. 페스타,Day1
잡탕,티라,,,,,2sp,,,,,,,,,TIRA_o2,https://dongne.co/events/df2401/circles/113408,제24회 디. 페스타,Day1
지세,지세,,,,,2sp,,,,,,,,"일러스트,기타",yoonzise,https://dongne.co/events/df2401/circles/114529,제24회 디. 페스타,Day1
찐빵,찐빵,,,,,2sp,가비지타임,,,,,,,,,https://dongne.co/events/df2401/circles/113147,제24회 디. 페스타,Day1
청춘,"오트, 쿠왕",,,,,1sp,주술회전,프세카,,"주술회전,프세카",게토X고죠,로맨틱,,일러스트,"jujutsuoat, gang_coo",https://dongne.co/events/df2401/circles/114325,제24회 디. 페스타,Day1
풀밭,풀,,,,,1sp,쿠로코의 농구,,,"타카오,미도리마",타카오X미도리마,로맨틱,,소설,,https://dongne.co/events/df2401/circles/112815,제24회 디. 페스타,Day1
코에 츄,"코쟁, 츄현",,,,,2sp,"프로세카,가비지타임",,,"마후유,카나데,최종수,기상호 등",최종수X기상호,해당없음,,일러스트,"KOZaang, O116peach",https://dongne.co/events/df2401/circles/115198,제24회 디. 페스타,Day1
이거 다 못 내면 나한테 뒈지는거야!!!!!!!!,견,,,,,1sp,화산귀환,,,"청명,당보,당소소,이송백,백천",,,,소설,_yi_hyeon__,https://dongne.co/events/df2401/circles/113479,제24회 디. 페스타,Day1
요즘 그 집 둘째가 연애한다던데,에바님,,,,,2sp,,,,,,,,,,https://dongne.co/events/df2401/circles/111482,제24회 디. 페스타,Day1
농구 안 하면 죽는 병 걸림,피자 ,,,,,2sp,가비지타임,데뷔 못하면 죽는 병 걸림,,"가비지타임 내 지상 고등학교 캐릭터,데뷔 못하면 죽는 병 걸림 내 그룹  테스타 캐릭터",기상호X정희찬,"로맨틱,해당없음","준수재유,형석현성,큰세문대,유진래빈","만화,사진",spoonoksusu,https://dongne.co/events/df2401/circles/114471,제24회 디. 페스타,Day1
부스 못 열면 죽는 병 걸림,원,,,,,1sp,데뷔 못하면 죽는 병 걸림,,,테스타,,,,일러스트,o17e_,https://dongne.co/events/df2401/circles/113962,제24회 디. 페스타,Day1
코트 위 동성연애 규탄,솔,,,,,2sp,가비지타임,블루록,종수상호 쁘띠존 1회 : 종착역은 상대방입니다,"최종수,기상호",최종수X기상호,로맨틱,,일러스트,,https://dongne.co/events/df2401/circles/115079,제24회 디. 페스타,Day1
이게 제 최애타컾 지크토니입니다,찟,,,,,2sp,창작커플(1차),페그오(2차) 등,,토니,지크프리트X파에톤,"로맨틱,섹슈얼",아마타카 등,소설,zziiz_,https://dongne.co/events/df2401/circles/112158,제24회 디. 페스타,Day1
모두 다 보인다구!,나히다,,,,,4sp,원신,"주술회전,가비지타임",,,,,,,,https://dongne.co/events/df2401/circles/111663,제24회 디. 페스타,Day1
"나야 나, 화산귀환에 나오는 김자하라고",조상악개,,,,,1sp,"화산귀환,진혼기",은혼,,"청명,백천,백아,자하,설영",,,,"만화,일러스트,기타",josangnim_sorry,https://dongne.co/events/df2401/circles/113967,제24회 디. 페스타,Day1
컴온 요!,이공,,,,,2sp,화산귀환,가비지타임,,올캐릭터,,,,"만화,일러스트,기타",kkyigong,https://dongne.co/events/df2401/circles/112242,제24회 디. 페스타,Day1
미우 타임,"소바, 파산, 먼지",,,,,2sp,miu404,,,"이부키 아이,시마 카즈미",이부키 아이X시마 카즈미,로맨틱,,"만화,일러스트",extension404,https://dongne.co/events/df2401/circles/113278,제24회 디. 페스타,Day1
영영 위빙,영영 위빙,,,,,1sp,,,,,,,,,Y0ung0_weaving,https://dongne.co/events/df2401/circles/114509,제24회 디. 페스타,Day1
분명 만날 땐 하나였는데 장르가 너무 많아졌어요,비오,,,,,2sp,데뷔 못하면 죽는 병 걸림,"가비지타임,슬램덩크,어두운 바다의 등불이 되어,백작가의 망나니가 되었다,서브남주가 파업하면 생기는 일",,,,로맨틱,,일러스트,bio12031113,https://dongne.co/events/df2401/circles/115094,제24회 디. 페스타,Day1
펭긴 없는 부스,.,,,,,1sp,가비지타임,,종수상호 쁘띠존 1회 : 종착역은 상대방입니다,"최종수,기상호",최종수X기상호,"로맨틱,섹슈얼",,만화,,https://dongne.co/events/df2401/circles/112986,제24회 디. 페스타,Day1
나올 거면 나와 루하나,"누보, 파펭",,,,,2sp,슬램덩크,,태웅백호 쁘띠존 : 호호신년,태웅백호,서태웅X강백호,"로맨틱,섹슈얼",,소설,"Underlash_0101, 15th_of_march",https://dongne.co/events/df2401/circles/114376,제24회 디. 페스타,Day1
새해 탱백 많이 받으세요,"NYOM, 장투",,,,,2sp,슬램덩크,,태웅백호 쁘띠존 : 호호신년,,서태웅X강백호,"로맨틱,섹슈얼",,"만화,소설","wvvo00, jangtu1110",https://dongne.co/events/df2401/circles/114113,제24회 디. 페스타,Day1
쟤네 쟆레 잡네...,"리ㅍ, 초록악어",,,,,2sp,혈계전선,,혈계전선 쁘띠존 : 라이브라 한국지부 홍보팀,"재프 렌프로,레오나르도 워치",재프 렌프로X레오나르도 워치,"로맨틱,섹슈얼",,"소설,공예","lee_p_bbb, sososo14789",https://dongne.co/events/df2401/circles/113268,제24회 디. 페스타,Day1
종상 온도 측정기,주사위,,,,,1sp,가비지타임,,종수상호 쁘띠존 1회 : 종착역은 상대방입니다,,,,,,Pks2hi,https://dongne.co/events/df2401/circles/113915,제24회 디. 페스타,Day1
빛의 고리 도나쓰 맛집,"백곰, 종이",,,,,2sp,울트라맨 오브,,,"쿠레나이 가이,쟈그라스 쟈그라",,,,소설,"polarbear0918, nichiasa_paper",https://dongne.co/events/df2401/circles/112395,제24회 디. 페스타,Day1
저는 여기 판매가 아니라 홍보를 하기 위해 나왔습니다,흰둥이의은밀한콧수염,,,,,1sp,버튜버(모로스),,,"카이론 베르티안,유키토라 신야,아델 다우트",,,,일러스트,eunmilhan_,https://dongne.co/events/df2401/circles/113758,제24회 디. 페스타,Day1
좋아 내가 수비가 되어주마,"캐러멜펀치, 강아라",,,,,2sp,슬램덩크,,,"송태섭,정대만",태섭X대만,섹슈얼,,"만화,소설",junggongjoo14,https://dongne.co/events/df2401/circles/111336,제24회 디. 페스타,Day1
우리 드림 열일해요,꼽표,,,,,2sp,원신,,,라이오슬리,,섹슈얼,상뱅 청려문대 ,일러스트,sleep_againer,https://dongne.co/events/df2401/circles/113042,제24회 디. 페스타,Day1
쿠키 사랑 마녀집회,콩빵,,,,,1sp,쿠키런 킹덤,,,"마들렌맛 쿠키,에스프레소맛 쿠키",,로맨틱,,,Congbbang,https://dongne.co/events/df2401/circles/113074,제24회 디. 페스타,Day1
우리 게임 정상영업 합니다,네리링,,,,,1sp,붕괴 스타레일,,,,경원X나찰,"로맨틱,섹슈얼",,소설,nerine_cine,https://dongne.co/events/df2401/circles/112092,제24회 디. 페스타,Day1
누가 계속 부스잡으래!!,샴개,,,,,2sp,가비지타임,,,성준수,전영중X성준수,로맨틱,"뱅준,준른",소설,,https://dongne.co/events/df2401/circles/111596,제24회 디. 페스타,Day1
탱댐 먹고 회의합시다.,TD,,,,,2sp,"슬램덩크,더 퍼스트 슬램덩크",,,"서태웅,정대만,루카와 카에데,미츠이 히사시",서태웅X정대만,"로맨틱,섹슈얼",루미츠,"소설,일러스트,만화",KEEP_CALM_N_,https://dongne.co/events/df2401/circles/112228,제24회 디. 페스타,Day1
무료 배포존,뿅,,,,,1sp,가비지타임,슬램덩크,,,,,,,ppinyong_lee04,https://dongne.co/events/df2401/circles/112827,제24회 디. 페스타,Day1
이름 뭐하지,멜,,,,,2sp,혈계전선,,혈계전선 쁘띠존 : 라이브라 한국지부 홍보팀,,,,,"일러스트,기타",__flamel_,https://dongne.co/events/df2401/circles/113246,제24회 디. 페스타,Day1
햇님 잡화점,나기,,,,,2sp,데못죽,플레이브,,,,,,,,https://dongne.co/events/df2401/circles/112900,제24회 디. 페스타,Day1
쓰리 포인트 고 슛!,픽,,,,,2sp,베이블레이드,슬램덩크,,"시스코 칼라일,키야마 란타로 / 양호열,강백호 등등",양호열X강백호,"로맨틱,섹슈얼",시스락(시스쿠미),"소설,일러스트",,https://dongne.co/events/df2401/circles/112944,제24회 디. 페스타,Day1
마감 실패할 것 같은 부스,시스티나,,,,,2sp,가비지타임,,,"성준수,기상호,최종수,박병찬,정희찬",성준수X기상호,"섹슈얼,로맨틱","종수상호, 병찬상호, 종수상호병찬, 희찬상호, 종상, 뱅상, 희상, 종상뱅",소설,sistina_w,https://dongne.co/events/df2401/circles/111843,제24회 디. 페스타,Day1
농구 못하면 죽는 병 걸린 종남파 ,째깍,,,,,2sp,슬램덩크,"화산귀환,데뷔 못하면 죽는 병걸림",,최동오,,"로맨틱,섹슈얼","우성명헌,명헌우성,명헌태섭,우성태섭,현철명헌,동오명헌,우성동오,태섭대만","만화,일러스트,소설,공예",jjaekkag0104,https://dongne.co/events/df2401/circles/114411,제24회 디. 페스타,Day1
신은 마감을 대신 해주지 않아...,"소사, 은설",,,,,2sp,가비지타임,데못죽 망아살 블루록,,기상호,,로맨틱,상호른,일러스트,"SOSA3451, Eunsul_1109",https://dongne.co/events/df2401/circles/112723,제24회 디. 페스타,Day1
달군 마라탕 찌르기,남자헌터,,,,,2sp,가비지타임,화산귀환,,가비지타임 준빵/ 화산귀환 청명백천,,섹슈얼,청명X백천,만화,dansihunter,https://dongne.co/events/df2401/circles/113626,제24회 디. 페스타,Day1
이것 때문에 부스냈다,개냥이,,,,,2sp,전지적 독자 시점,데뷔 못하면 죽는 병 걸림,,"유중혁,김독자",유중혁X김독자,,청려문대,"소설,일러스트",lmyinuneko,https://dongne.co/events/df2401/circles/114910,제24회 디. 페스타,Day1
준상 온리전 홍보부스,준상 온리전,,,,,2sp,가비지타임,,,"성준수,기상호",성준수X기상호,해당없음,,기타,junsang_only,https://dongne.co/events/df2401/circles/113490,제24회 디. 페스타,Day1
지상 최대의 린이사쇼,"로티, 집사, 구독깅",,,,,2sp,블루록,,부스의 원석들: 펑크는 LOCK OFF,"이토시 린,이사기 요이치",,,,"만화,일러스트","blueloty, B1ue_butler, blue1ocktv",https://dongne.co/events/df2401/circles/114066,제24회 디. 페스타,Day1
우리 멍청이 정상영업 합니다,"J, 농곰",,,,,1sp,슬램덩크,,태웅백호 쁘띠존 : 호호신년,,,로맨틱,,소설,"plsherlock, nongnolS2",https://dongne.co/events/df2401/circles/112472,제24회 디. 페스타,Day1
나의 기묘한 아카데미아,엉덩덩이박사,,,,,2sp,죠죠의 기묘한 모험,나의 히어로 아카데미아,,,,,,,hamon__o,https://dongne.co/events/df2401/circles/113307,제24회 디. 페스타,Day1
뭐가 나올지 모르겠어요,으어어,,,,,2sp,슬램덩크,,,강백호,양호열X강백호,로맨틱,,"만화,일러스트,소설",,https://dongne.co/events/df2401/circles/111359,제24회 디. 페스타,Day1
저희 사무소 정상영업합니다,김리타,,,,,1sp,역전재판,,변호사가 역전을 숨김,,,,,,kiml0919,https://dongne.co/events/df2401/circles/112982,제24회 디. 페스타,Day1
디페 리벤저스,도떤계정,,,,,2sp,도쿄리벤저스,,,도리벤의 수많은 남자들,도리벤의 수많은 남자들X타케미치X타케미치X타케미치,로맨틱,타케른,"만화,일러스트,기타,공예",,https://dongne.co/events/df2401/circles/113536,제24회 디. 페스타,Day1
슬덩 가보자고,DaDa,,,,,1sp,슬램덩크,,태웅백호 쁘띠존 : 호호신년,"서태웅,강백호",태웅X백호,해당없음,태섭대만,일러스트,DaDa9191,https://dongne.co/events/df2401/circles/112908,제24회 디. 페스타,Day1
인생 저당잡힘,오프유,,,,,2sp,주술회전,,,"고죠,유지,사시스,올캐러",고죠 사토루X이타도리 유지,"섹슈얼,로맨틱",,"만화,일러스트",off_u__off,https://dongne.co/events/df2401/circles/112463,제24회 디. 페스타,Day1
형을 사랑하는 두 가지 방법,녜,,,,,2sp,가비지타임,,,박병찬 기상호 이초원 공태성 김다은,김다은X공태성,"로맨틱,섹슈얼","이초원×박병찬×기상호 리버시블, 기상호×박병찬","만화,일러스트,소설",nxnxnnnxnx,https://dongne.co/events/df2401/circles/113512,제24회 디. 페스타,Day1
고담 베이커리 카페,민초빙수,,,,,2sp,배트맨,샌드맨,,"브루스 웨인,모르페우스",슈퍼맨X배트맨,"로맨틱,섹슈얼",,"일러스트,소설,만화",,https://dongne.co/events/df2401/circles/111485,제24회 디. 페스타,Day1
이거 게이볼그 아냐 아쳐,베헤리트,,,,,1sp,fate 시리즈,,,에미야,쿠훌린X에미야,섹슈얼,,만화,,https://dongne.co/events/df2401/circles/112155,제24회 디. 페스타,Day1
사마 공주님과 그의 시비들,다식,,,,,2sp,화산귀환,,,청명,청명,로맨틱,,"소설,공예",dasik_ghkrnl,https://dongne.co/events/df2401/circles/112453,제24회 디. 페스타,Day1
역시 메이드는 내게 용기를 준다,"세모, 릿코",,,,,2sp,블루록,,부스의 원석들: 펑크는 LOCK OFF,"이사기 요이치,바치라 메구루,나기 세이시로,미카게 레오",이사기 요이치X바치라 메구루,로맨틱,나기레오,"만화,소설","jjsuwg, igedamoya",https://dongne.co/events/df2401/circles/111848,제24회 디. 페스타,Day1
내가 사랑하는 모든 캐릭터들에게,차차,,,,,2sp,,,,,,,,"일러스트,공예,기타",chacha_beggar,https://dongne.co/events/df2401/circles/113143,제24회 디. 페스타,Day1
나랑 무비나나 보자고,sama,,,,,2sp,아이돌리쉬 세븐,어바등,,나나세 리쿠,이즈미 이오리X나나세 리쿠,,,,HIKARII__ARE,https://dongne.co/events/df2401/circles/114262,제24회 디. 페스타,Day1
화음 저잣거리 노점상,테리,,,,,2sp,화산귀환,,,,,,,소설,Tobby_new,https://dongne.co/events/df2401/circles/114018,제24회 디. 페스타,Day1
슛이 좋아지는 음이온 서클,소동,,,,,2sp,가비지타임,,,전영중,전영중X성준수,,,일러스트,ppang0_z,https://dongne.co/events/df2401/circles/114240,제24회 디. 페스타,Day1
저기 환호하는 사람들 속에 너의 시선을 느껴,가지무침,,,,,2sp,슬램덩크,,,서태웅,서태웅X정대만,"섹슈얼,로맨틱",,소설,gajimuchim11,https://dongne.co/events/df2401/circles/114856,제24회 디. 페스타,Day1
내가 이때까지 하고있을까?,쵸코하임,,,,,1sp,슬램덩크,,,,,,,,,https://dongne.co/events/df2401/circles/114339,제24회 디. 페스타,Day1
여긴 백호열의 무대입니다.,녕,,,,,2sp,슬램덩크,,백호열 쁘띠존 <순간포착 : 왜 백호랑 호열이가 사랑하는 것 같냐>,"강백호,양호열",강백호X양호열,"로맨틱,섹슈얼",,"소설,만화",nooy_nongnol,https://dongne.co/events/df2401/circles/112002,제24회 디. 페스타,Day1
같은 아이돌끼리 돕고 삽시다,비온후,,,,,2sp,,,,,,,,,,https://dongne.co/events/df2401/circles/113749,제24회 디. 페스타,Day1
맛난 김치마카롱 드셔보세요~,뺨뺨,,,,,2sp,가비지타임,슬램덩크,,"기상호,송태섭(미야기 료타)",,로맨틱,"대만태섭(미츠료), 코코타케, 상호른","일러스트,소설",neol_bam_write,https://dongne.co/events/df2401/circles/112745,제24회 디. 페스타,Day1
함께 백호열하세요 그렇지 않으면 다 같이 굶습니다,"바다사과, 따따",,,,,2sp,슬램덩크,,백호열 쁘띠존 <순간포착 : 왜 백호랑 호열이가 사랑하는 것 같냐>,"강백호,양호열",강백호X양호열,"로맨틱,섹슈얼",,"소설,기타,일러스트",Bada_sagwa,https://dongne.co/events/df2401/circles/114239,제24회 디. 페스타,Day1
제발 배송도착하길..,자유인,,,,,1sp,,,,,,,,,,https://dongne.co/events/df2401/circles/112882,제24회 디. 페스타,Day1
겨울-별 책방,"알만다이트, 겨울새우",,,,,2sp,오리지널,,,,,,,소설,alman_dawn,https://dongne.co/events/df2401/circles/111928,제24회 디. 페스타,Day1
"호열, 백호, 그리고 서태웅의 아내",요하,,,,,1sp,슬램덩크,,,,서태웅X양호열,로맨틱,양호열X강백호,만화,10ho_0310,https://dongne.co/events/df2401/circles/114115,제24회 디. 페스타,Day1
"이봐, 자네! 그거 알아? 이 부스 하나엔 자그마치 대역재 모든 분량의 스포일러가 있다는 놀라운 사실을!",LO3,,,,,2sp,역전재판 시리즈,,변호사가 역전을 숨김,,,로맨틱,,,,https://dongne.co/events/df2401/circles/115007,제24회 디. 페스타,Day1
"행성, 살인축구 그리고 푸른 장미의 새싹","시로, 김곽기",,,,,2sp,블루 록,,부스의 원석들: 펑크는 LOCK OFF,,이토시 린X이사기 요이치,로맨틱,"쿠로이사,카이이사","만화,일러스트","bll_sio, trash_bibim",https://dongne.co/events/df2401/circles/114916,제24회 디. 페스타,Day1
"덥크, 가든오더 그리고 마법사의 약속","진정/초상, 류비엠",,,,,2sp,마법사의 약속,"TRPG(가든 오더,더블 크로스)",,"오즈,피가로 가르시아",오즈X피가로 가르시아,"로맨틱,섹슈얼",,소설,P0r7r417,https://dongne.co/events/df2401/circles/114996,제24회 디. 페스타,Day1
타코! 타코! 타코!,"헤라, 포포토샐러드",,,,,2sp,파이널 판타지14,파판 드림,,"그라하 티아,빛의 전사",,로맨틱,,"일러스트,만화",HUSHL0V3,https://dongne.co/events/df2401/circles/113894,제24회 디. 페스타,Day1
격돌! 복수를 부르는 공놀이 여자놀이 남자놀이,꺄,,,,,4sp,가비지타임,"우마무스메,니디 걸 오버도즈,회색도시,단간론파,히프노시스 마이크,문호 스트레이 독스,프로젝트 세카이",,,최종수X기상호,로맨틱,"준상, 뱅상","일러스트,소설",,https://dongne.co/events/df2401/circles/115019,제24회 디. 페스타,Day1
자와! 카이지! 후쿠모토 아시는구나!,영주,,,,,2sp,fkmt,카이지,,카이지,,,,"만화,공예,기타",oqwertyui0,https://dongne.co/events/df2401/circles/115039,제24회 디. 페스타,Day1
주술..회전? 둘이..회전? 고유...설마?,"요월 , 수현",,,,,2sp,주술회전,,고죠유지 쁘띠존 : 겨울을 녹이는 봄,고죠사토루 이타도리 유지,고죠 사토루X이타도리 유지,로맨틱,,"기타,일러스트,만화",yowol_game,https://dongne.co/events/df2401/circles/113159,제24회 디. 페스타,Day1
배놀(밴드놀)합시다,평붓,,,,,2sp,아르고나비스,블루록,,,키쿄 리오X마토바 와타루,"로맨틱,섹슈얼",,만화,flat_brusj_argn,https://dongne.co/events/df2401/circles/114229,제24회 디. 페스타,Day1
ㅅㅅㅅ,이삼,,,,,2sp,오리지널,,,,,,,"일러스트,공예,조형,만화",6_e_sam,https://dongne.co/events/df2401/circles/112668,제24회 디. 페스타,Day1
감자칩,"유용, 사서",,,,,2sp,적왕사,어바등,,"베른,박무현",,,,일러스트,,https://dongne.co/events/df2401/circles/113198,제24회 디. 페스타,Day1
까막북,DOWON,,,,,2sp,터무니없는 이야기,,,,,,,,,https://dongne.co/events/df2401/circles/112898,제24회 디. 페스타,Day1
꿈다락,꿈다락,,,,,2sp,오리지널,오리지널,,,,,,일러스트,,https://dongne.co/events/df2401/circles/113500,제24회 디. 페스타,Day1
나영사,아사네,,,,,2sp,파이널판타지14,,,,에메트셀크X아젬,"로맨틱,섹슈얼","에메히카,브리에스,테미에리",만화,pinktokifire,https://dongne.co/events/df2401/circles/111428,제24회 디. 페스타,Day1
다이소,마리,,,,,1sp,프로젝트 세카이 / 앙상블 스타즈,죠죠의 기묘한 모험,,"시라이시 안,아즈사와 코하네,시노노메 아키토,아오야기 토우야,하나사토 미노리,키리타니 하루카 등",시라이시 안X아즈사와 코하네,로맨틱,,"만화,일러스트",gimmaritta,https://dongne.co/events/df2401/circles/115096,제24회 디. 페스타,Day1
딥블루,cmh1685_ib,,,,,1sp,어두운 바다의 등불이 되어,"전독시,데못죽,내스급",,"신해량,박무현",,,,"일러스트,사진,공예",p_april_,https://dongne.co/events/df2401/circles/112561,제24회 디. 페스타,Day1
또롱별,이데아,,,,,2sp,내가 키운 S급들,,,한유현 한유진,,로맨틱,,일러스트,ideatami,https://dongne.co/events/df2401/circles/111373,제24회 디. 페스타,Day1
라라라,양쿠,,,,,2sp,프로세카,,,올캐릭,,,,,ukyangku,https://dongne.co/events/df2401/circles/112727,제24회 디. 페스타,Day1
바욷녀,광자,,,,,2sp,가비지 타임,"슬램덩크,어두운 바다의 등불이 되어 어바등,젤다의 전설,검은방,회색 도시,베리드 스타즈",,,,,,"만화,일러스트",FoolAndpoop_,https://dongne.co/events/df2401/circles/114435,제24회 디. 페스타,Day1
밥사줘,포모,,,,,2sp,프로세카,,,,,,,,9nong9,https://dongne.co/events/df2401/circles/112677,제24회 디. 페스타,Day1
복복복,회복제,,,,,1sp,가비지타임,,,이현성,,로맨틱,,,,https://dongne.co/events/df2401/circles/113978,제24회 디. 페스타,Day1
블루록,"하파, 이나",,,,,2sp,블루록,,부스의 원석들: 펑크는 LOCK OFF,블루록,쿠니가미X치기리,로맨틱,"린이사, 나기레오","만화,일러스트","blue_hapa, inari_gajigaji",https://dongne.co/events/df2401/circles/112789,제24회 디. 페스타,Day1
삼국전,Z3,,,,,2sp,슬램덩크,"가비지타임,화산귀환",,"강백호,정대만",양호열X강백호,해당없음,"대만른, 상뱅, 종뱅, 형현",소설,Z3_1114,https://dongne.co/events/df2401/circles/113102,제24회 디. 페스타,Day1
솜바새,솜바새,,,,,2sp,,,,,,,,"일러스트,기타",sombasae,https://dongne.co/events/df2401/circles/112370,제24회 디. 페스타,Day1
왕오앙,뀨,,,,,2sp,주술회전,"슬램덩크,마도조사,천관사복",,고죠 사토루,고죠X게토,섹슈얼,"센루,망무","일러스트,공예,기타",mangmu_lover,https://dongne.co/events/df2401/circles/113155,제24회 디. 페스타,Day1
주술밥,감자요리연구가,,,,,1sp,주술회전,,,"게토 스구루,고죠 사토루,나나미 켄토,이타도리 유지,후시구로 메구미",고죠 사토루X이타도리 유지,로맨틱,나나이타 ※부스컷과 원고의 내용은 다를 수 있습니다※,"만화,소설",,https://dongne.co/events/df2401/circles/111402,제24회 디. 페스타,Day1
초가네,호시,,,,,2sp,진혼기 반월당,,,김자하 김설영,,,,"만화,일러스트",hosing_,https://dongne.co/events/df2401/circles/112470,제24회 디. 페스타,Day1
으아아~~~고죠게토가너무재밌어~~~,"뭔버거, 뭔튀김",,,,,2sp,주술회전,,,"고죠 사토루,게토 스구루",고죠 사토루X게토 스구루,로맨틱,,"일러스트,만화","dhlfhqsi, What_fried",https://dongne.co/events/df2401/circles/113308,제24회 디. 페스타,Day1
냉장고 ,하임,,,,,4sp,하이큐,"이런 영웅은 싫어,쿠키런,스파이패밀리",,히나타쇼요,,로맨틱,"카게히나, 오이히나, 켄히나 ","만화,일러스트",iced_chocohaim,https://dongne.co/events/df2401/circles/112445,제24회 디. 페스타,Day1
닌자의 길,냥이,,,,,2sp,가비지타임,,,,성준수X기상호,,,일러스트,,https://dongne.co/events/df2401/circles/113670,제24회 디. 페스타,Day1
닉네임 좀 짧게 써라,"통귤탕후루,천생연분,우스테리,돈토로동",,,,,1sp,"명탐정 코난,대역전재판",역전재판 시리즈,변호사가 역전을 숨김,,,,,,"dld_dgs, tgaa_danshi, U_stery, tttan_ng",https://dongne.co/events/df2401/circles/113732,제24회 디. 페스타,Day1
사장님 한 그릇 더요,deraring,,,,,2sp,슬램덩크,,,"이정환,전호장,강백호,양호열",이정환X전호장,로맨틱,양호열x강백호,일러스트,monampr,https://dongne.co/events/df2401/circles/112465,제24회 디. 페스타,Day1
총놀할 수 있는 거임? 인간도?,"A/S, 호도",,,,,2sp,트라이건,,,,,,,만화,"A_S15771577, hodogaza",https://dongne.co/events/df2401/circles/115239,제24회 디. 페스타,Day1
그래서 이 부스 장르가 뭐라고요?,기뮨,,,,,2sp,주컨곤,,,,,,,"일러스트,소설,공예,만화",,https://dongne.co/events/df2401/circles/112869,제24회 디. 페스타,Day1
사랑은 늘 도망가,폐연,,,,,2sp,세포신곡,,세포신곡 쁘띠존 :: 세포와 인자의 미묘한 상관관계,,,,,게임,3nG4x,https://dongne.co/events/df2401/circles/115117,제24회 디. 페스타,Day1
머슴이 된 여우와 멍청한 도련님,오늘,,,,,1sp,슬램덩크,,태웅백호 쁘띠존 : 호호신년,"서태웅,강백호",서태웅X강백호,"로맨틱,섹슈얼",,만화,1110_94,https://dongne.co/events/df2401/circles/112830,제24회 디. 페스타,Day1
기하와 벡더,벡더,,,,,2sp,"가비지타임,슬램덩크",,종수상호 쁘띠존 1회 : 종착역은 상대방입니다,,,"섹슈얼,로맨틱","동준남훈, 호장정환",만화,zibakman,https://dongne.co/events/df2401/circles/114193,제24회 디. 페스타,Day1
다도부 조기,남남,,,,,2sp,프로세카,,,,,,,게임,0_o_o0_0o_o_0,https://dongne.co/events/df2401/circles/115255,제24회 디. 페스타,Day1
무리한 덕질,무리,,,,,2sp,데못죽,백망되 내스급,,류건우,신재현X류건우,로맨틱,현제유진 알베케일,소설,M_u_L_i_Y_a,https://dongne.co/events/df2401/circles/112798,제24회 디. 페스타,Day1
사랑과 전쟁,찻윱,,,,,1sp,슬램덩크,,태웅백호 쁘띠존 : 호호신년,,,,,,YubChas,https://dongne.co/events/df2401/circles/111769,제24회 디. 페스타,Day1
종상적 사랑,쏭,,,,,2sp,가비지타임,에이티식스,종수상호 쁘띠존 1회 : 종착역은 상대방입니다,최종수 기상호,최종수X기상호,로맨틱,신레나,만화,deepsiyun,https://dongne.co/events/df2401/circles/112550,제24회 디. 페스타,Day1
혈계로 산다,리나,,,,,1sp,혈계전선,,혈계전선 쁘띠존 : 라이브라 한국지부 홍보팀,스티븐a 스타페이즈.레오나르도 워치,,로맨틱,,"만화,일러스트,공예",aohana_03,https://dongne.co/events/df2401/circles/111481,제24회 디. 페스타,Day1
버추얼 농구 한 겜,"서머,2ㅊ",,,,,2sp,가비지타임,"니지산지JP,플레이브",,,최종수X기상호,"로맨틱,섹슈얼",종수상호,,Butterfl2ffect,https://dongne.co/events/df2401/circles/113690,제24회 디. 페스타,Day1
럽티카 환장 콜라보,아현아누나야,,,,,2sp,데못죽,가비지타임,,선아현,,,,,ANu_loviewer,https://dongne.co/events/df2401/circles/112951,제24회 디. 페스타,Day1
여기도 사람 있어요,JIN,,,,,2sp,나의 히어로 아카데미아,"엘소드,도리벤,가히리 등",,,,로맨틱,,"일러스트,소설,기타",skcm2728800,https://dongne.co/events/df2401/circles/113275,제24회 디. 페스타,Day1
농구공 찾아 삼만리 ,"라라, 재강사",,,,,2sp,가비지타임,,,지상고,최종수X기상호,,"빵준, 종상","일러스트,소설",,https://dongne.co/events/df2401/circles/111997,제24회 디. 페스타,Day1
세상에 같은 핑크는 없다,"베온,크헹",,,,,2sp,프로젝트 세카이(프로세카),,,,아키야마 미즈키X시노노메 에나,해당없음,마후카나,일러스트,onprsk,https://dongne.co/events/df2401/circles/113714,제24회 디. 페스타,Day1
서로에 대한 신뢰를 믿고 내는 부스,온더,,,,,2sp,"명급리,슬램덩크,가비지타임","문송안함,광마회귀",,,,,,"만화,공예,소설",nongguon,https://dongne.co/events/df2401/circles/112452,제24회 디. 페스타,Day1
탱탱한 백호 한번만 잡솨봐,정마요,,,,,2sp,슬램덩크,,태웅백호 쁘띠존 : 호호신년,서태웅 강백호,,,,"소설,기타",14eggmayo1110,https://dongne.co/events/df2401/circles/114550,제24회 디. 페스타,Day1
겨울을 담은 남자는 오늘도 벚꽃 꿈을 꾼다,Exce-T,,,,,1sp,주술회전,,고죠유지 쁘띠존 : 겨울을 녹이는 봄,"고죠 사토루,이타도리 유지",고죠 사토루X이타도리 유지,"로맨틱,섹슈얼",,만화,DprtpF_Tor5X2,https://dongne.co/events/df2401/circles/115133,제24회 디. 페스타,Day1
이부키 아이 퍼스널 컬러는 메이드복입니다,"마린, 맋맋",,,,,2sp,MIU404,,,"이부키 아이,시마 카즈미",이부키 아이X시마 카즈미,로맨틱,,"만화,일러스트,기타",,https://dongne.co/events/df2401/circles/112021,제24회 디. 페스타,Day1
상대의 눈을 응시해!!,"ㄷㄷㅠ, 공, 33",,,,,2sp,슬램덩크,,태웅백호 쁘띠존 : 호호신년,"서태웅,강백호,송태섭,정대만",서태웅X강백호,"로맨틱,섹슈얼",송태섭X정대만,"소설,만화","forgiveme_im20, SLDK0401, minan_doshi",https://dongne.co/events/df2401/circles/113800,제24회 디. 페스타,Day1
미래의 나를 믿어보는 부스,두둥,,,,,2sp,슬램덩크,,,"강백호,양호열,서태웅",양호열X강백호,로맨틱,대만태섭,"만화,소설",,https://dongne.co/events/df2401/circles/114195,제24회 디. 페스타,Day1
루하나 단골 레코드샵 드림러,히희,,,,,1sp,슬램덩크,,태웅백호 쁘띠존 : 호호신년,"서태웅,강백호",서태웅X강백호,로맨틱,,소설,hihihui1110,https://dongne.co/events/df2401/circles/115008,제24회 디. 페스타,Day1
올빼미 새장 팝업스토어,뺌!,,,,,1sp,마기카로기아,TRPG,,,,,,기타,Constellar_owl,https://dongne.co/events/df2401/circles/112822,제24회 디. 페스타,Day1
해적도 먹는 왕가탕후루,오일일리터,,,,,1sp,원피스,,,"트라팔가 로우,롤로노아 조로",트라팔가 로우X롤로노아 조로,"로맨틱,섹슈얼",,"만화,일러스트",oililiter,https://dongne.co/events/df2401/circles/114191,제24회 디. 페스타,Day1
태대를 위해 부스냈는데 미치겠다,앙금,,,,,2sp,슬램덩크,,,"송태섭,정대만",송태섭X정대만,"섹슈얼,로맨틱",,"소설,기타",1110__love,https://dongne.co/events/df2401/circles/114657,제24회 디. 페스타,Day1
감자가 맵니? 난 달기만 하던데?,파파,,,,,1sp,주술회전,,고죠유지 쁘띠존 : 겨울을 녹이는 봄,고죠 사토루 이타도리 유지,고죠 사토루X이타도리 유지,로맨틱,,만화,papa8_8,https://dongne.co/events/df2401/circles/113229,제24회 디. 페스타,Day1
곰숭이 수집가,공마,,,,,2sp,슬램덩크,,,이정환 전호장,이정환X전호장,"로맨틱,섹슈얼",,소설,wagamamahimez,https://dongne.co/events/df2401/circles/114255,제24회 디. 페스타,Day1
그렇게 되었다,치디,,,,,1sp,.,.,,.,,,,기타,momomommpp,https://dongne.co/events/df2401/circles/112653,제24회 디. 페스타,Day1
나뭇잎 백만개,벽달,,,,,1sp,누카니발,,,큐야,큐야X에이트,,,일러스트,paledawn_65,https://dongne.co/events/df2401/circles/114417,제24회 디. 페스타,Day1
도토리 저장소,판다1,,,,,2sp,가비지타임,,,기상호,박병찬X기상호,로맨틱,,만화,biYf3E4xidHbgSY,https://dongne.co/events/df2401/circles/111847,제24회 디. 페스타,Day1
딸기맛 디저트,챌리스,,,,,2sp,슬램덩크,,,서태웅 정대만,,"로맨틱,섹슈얼",,,chrs_1234567890,https://dongne.co/events/df2401/circles/112631,제24회 디. 페스타,Day1
마감이 안끝나,사오,,,,,1sp,플레이브,"붕괴:스타레일,원신,전지적 독자 시점,체인소맨,프세카",,각 장르의 여러 캐릭터들,,해당없음,유중혁 x 김독자,일러스트,No_non_ni,https://dongne.co/events/df2401/circles/113655,제24회 디. 페스타,Day1
만지면 물어요,레네,,,,,1sp,화산귀환,,,청명,,해당없음,,일러스트,rene_jdc,https://dongne.co/events/df2401/circles/112746,제24회 디. 페스타,Day1
뭐낼지 생각중,"3, 굿게",,,,,2sp,내가키운S급들,가비지타임,,,,,,,,https://dongne.co/events/df2401/circles/111725,제24회 디. 페스타,Day1
바삭한 크래커,맛설탕,,,,,2sp,,,,,,,,"만화,일러스트",matsultang,https://dongne.co/events/df2401/circles/112229,제24회 디. 페스타,Day1
부스명 모하지,강생강,,,,,1sp,혈계전선,,혈계전선 쁘띠존 : 라이브라 한국지부 홍보팀,,스티븐X재프,해당없음,,소설,gingerywpd,https://dongne.co/events/df2401/circles/112323,제24회 디. 페스타,Day1
사소한 티타임,짜요,,,,,2sp,,,,,,,,소설,CHAYO_sq,https://dongne.co/events/df2401/circles/112616,제24회 디. 페스타,Day1
오브네 분식점,오브,,,,,2sp,프로젝트 세카이,가비지 타임,,,,,,만화,imbongg4,https://dongne.co/events/df2401/circles/113982,제24회 디. 페스타,Day1
장강의 오작교,semo,,,,,1sp,화산귀환,,,"청명,장일소",장일소X청명,"로맨틱,섹슈얼",,소설,HQ_SEMO,https://dongne.co/events/df2401/circles/111429,제24회 디. 페스타,Day1
톡투미 루카스,유네,,,,,2sp,스타워즈 탑건 슬램덩크,,,,,,,,yune_0_0,https://dongne.co/events/df2401/circles/114173,제24회 디. 페스타,Day1
남자가 사랑할 때...,씨레,,,,,1sp,슬램덩크,,태웅백호 쁘띠존 : 호호신년,서태웅 강백호,서태웅X강백호,로맨틱,,"만화,일러스트,공예",ssile_11,https://dongne.co/events/df2401/circles/115194,제24회 디. 페스타,Day1
여자의 우정과 의리,힝,,,,,2sp,,,,,,,,만화,,https://dongne.co/events/df2401/circles/112331,제24회 디. 페스타,Day1
전세계 고유가 시대,유루,,,,,1sp,주술회전,,고죠유지 쁘띠존 : 겨울을 녹이는 봄,"고죠 사토루,이타도리 유지",고죠 사토루X이타도리 유지,로맨틱,,"일러스트,기타",,https://dongne.co/events/df2401/circles/113643,제24회 디. 페스타,Day1
코트를 가르며 귀환,동이,,,,,2sp,화산귀환,슬램덩크,,,,,,"일러스트,소설",gimdongi1010,https://dongne.co/events/df2401/circles/114823,제24회 디. 페스타,Day1
엄마와 주워온 자식들,엄마,,,,,2sp,프로젝트 세카이,,,요이사키 카나데,아오야기 토우야X시노노메 아키토,해당없음,아사히나 마후유×요이사키 카나데,,__MomMother_,https://dongne.co/events/df2401/circles/113586,제24회 디. 페스타,Day1
지고천 연구소 양재점,홍동,,,,,2sp,세포신곡,,세포신곡 쁘띠존 :: 세포와 인자의 미묘한 상관관계,세포신곡캐릭터all,,,,"일러스트,만화",hdong_st,https://dongne.co/events/df2401/circles/113545,제24회 디. 페스타,Day1
환상의 수공예 랜드로,비타,,,,,2sp,,,,,,,,"공예,기타",,https://dongne.co/events/df2401/circles/112454,제24회 디. 페스타,Day1
난초와 손주는 운명을 함께,"난초, 손주",,,,,2sp,마법사의 약속,,,,,,,,Magic_holic,https://dongne.co/events/df2401/circles/113554,제24회 디. 페스타,Day1
부모님 허락이 필요한 나이,군만두,,,,,1sp,슬램덩크,,,"채치수,정대만,권준호",채치수X정대만,"섹슈얼,로맨틱",,만화,gunmandu_du,https://dongne.co/events/df2401/circles/111945,제24회 디. 페스타,Day1
어두운 바다의 가비지 타임,녹,,,,,2sp,어두운 바다의 등불이 되어,가비지 타임,,,,,,,nok_k,https://dongne.co/events/df2401/circles/111550,제24회 디. 페스타,Day1
맹우의 힘으로 용서치 않겠다,"사몽, 오메",,,,,2sp,트라이건,,"밧슈울프 쁘띠존 : 하여, 우리는 이 백지에 그들을 기록한다.","밧슈 더 스탬피드,니콜라스 D. 울프우드",밧슈 더 스탬피드X니콜라스 D. 울프우드,로맨틱,,"기타,일러스트","0range_melon, vaaa_vaa_va",https://dongne.co/events/df2401/circles/114791,제24회 디. 페스타,Day1
스승의 제자와 스승의 자식은 씨피적으로 올바르다,Aster,,,,,1sp,역전재판 시리즈,역전검사 시리즈,변호사가 역전을 숨김,"카르마 고우,미츠루기 레이지,카르마 메이",미츠루기 레이지X카르마 메이,"로맨틱,섹슈얼,해당없음",,소설,meiareum,https://dongne.co/events/df2401/circles/111966,제24회 디. 페스타,Day1
우째도 새해에 농구하네,냥,,,,,2sp,가비지타임 세포신곡,,,,,,,,,https://dongne.co/events/df2401/circles/112857,제24회 디. 페스타,Day1
온세상 행복을 농구에게 ,송초,,,,,2sp,슬램덩크,가비지타임,,"정우성,이명헌,이달재,김수겸,이정환,전호장,진재유,조재석,박병찬,조신우",우성X명헌,로맨틱,"정환호장, 우성태섭",,gyeomnol,https://dongne.co/events/df2401/circles/112977,제24회 디. 페스타,Day1
연하장 그려서 만나기로 했죠?,"여름, Myacc, Kanzo",,,,,2sp,하이큐,"가비지타임,파이어엠블렘 풍화설월,아이돌마스터 사이드엠",,스가와라 코시,오이카와 토오루X스가와라 코시,"로맨틱,섹슈얼",,"일러스트,소설,공예",yeoreum_xp,https://dongne.co/events/df2401/circles/112733,제24회 디. 페스타,Day1
위선도 선이고 붓츠부스도 부스다,NONNOR,,,,,2sp,슬램덩크,,,"송태섭,정대만,정우성,이명헌,서태웅,강백호",송태섭X정대만,"로맨틱,섹슈얼","우성명헌, 태웅백호, 대만태섭","소설,일러스트,공예,만화",non9_nol2,https://dongne.co/events/df2401/circles/114402,제24회 디. 페스타,Day1
이사기 하렘은 할렘이란게 사실인가요?,스키아,,,,,1sp,블루록,원신,부스의 원석들: 펑크는 LOCK OFF,이사기,,섹슈얼,,소설,tmzldk,https://dongne.co/events/df2401/circles/111696,제24회 디. 페스타,Day1
종상이 합니다.,"초코롤, 쥐구멍",,,,,2sp,가비지타임,,종수상호 쁘띠존 1회 : 종착역은 상대방입니다,기상호,최종수X기상호,"로맨틱,섹슈얼",,소설,"shdshfroll, GGGG_23X6",https://dongne.co/events/df2401/circles/112160,제24회 디. 페스타,Day1
네글자 장르부스,"사파이어젤리, 술꽃",,,,,2sp,"무기미도,화산귀환",,,,장일소X청명,,여국헤카,만화,"sappazell, slkk_h",https://dongne.co/events/df2401/circles/111941,제24회 디. 페스타,Day1
농구로 재결합♥,"까마귀, 장모, 사천오, 제적",,,,,4sp,가비지타임,체인소맨,,"전영중,성준수,박병찬,기상호",전영중X성준수,"로맨틱,섹슈얼","병찬상호, 빵준, 뱅상","만화,일러스트,소설",,https://dongne.co/events/df2401/circles/111705,제24회 디. 페스타,Day1
마음껏 와주세요,모네,,,,,1sp,주술회전,명탐정코난,,"고죠,나나미",,,,일러스트,nemo_is_square,https://dongne.co/events/df2401/circles/114128,제24회 디. 페스타,Day1
마카롱 김치찌개,김영원,,,,,2sp,슬램덩크,주술회전,,"서태웅,정대만",서태웅X정대만,"로맨틱,섹슈얼","우성명헌, 태섭대만, 고죠게토","만화,소설",Leia_front,https://dongne.co/events/df2401/circles/111609,제24회 디. 페스타,Day1
만두집 해남대점,"만두대왕, 고도",,,,,2sp,슬램덩크,,,"이정환,전호장",이정환X전호장,,,,,https://dongne.co/events/df2401/circles/111464,제24회 디. 페스타,Day1
모든걸 삼켜버릴,nov,,,,,1sp,슬램덩크,,,태웅 대만,,,,"일러스트,만화",lol_monsta_x,https://dongne.co/events/df2401/circles/113902,제24회 디. 페스타,Day1
무농약 보리꼬리,브요,,,,,2sp,슬램덩크,나의 히어로 아카데미아,,"송태섭 외 북산,산왕",,로맨틱,태섭른,일러스트,Broccolover_,https://dongne.co/events/df2401/circles/113420,제24회 디. 페스타,Day1
무엇이 나올까요,.,,,,,2sp,"파라라이,꿈왕국,마호야쿠",,,"베이,엠프룰",하준X알렌,,오웬카인,,,https://dongne.co/events/df2401/circles/113370,제24회 디. 페스타,Day1
사랑의 버저비터,민채상,,,,,1sp,슬램덩크,,태웅백호 쁘띠존 : 호호신년,"서태웅,강백호",서태웅X강백호,"로맨틱,섹슈얼",,소설,1110bus,https://dongne.co/events/df2401/circles/111734,제24회 디. 페스타,Day1
소소한 인형공방,소소한 인형공방,,,,,2sp,,,,,,,,,sosohan611004,https://dongne.co/events/df2401/circles/113916,제24회 디. 페스타,Day1
올해도 고유한다,"유밀, 녹삼",,,,,2sp,주술회전,,고죠유지 쁘띠존 : 겨울을 녹이는 봄,"고죠 사토루,이타도리 유지",고죠 사토루X이타도리 유지,"섹슈얼,로맨틱",,"만화,일러스트",goyumil_5u,https://dongne.co/events/df2401/circles/112252,제24회 디. 페스타,Day1
태백산 맑은정기,슬루미,,,,,2sp,슬램덩크,,태웅백호 쁘띠존 : 호호신년,,서태웅X강백호,,,만화,slr0o0mi,https://dongne.co/events/df2401/circles/111620,제24회 디. 페스타,Day1
한중일 히어로즈,팩좽토리,,,,,1sp,화산귀환,"로드오브히어로즈,주술회전",,,,,,"공예,일러스트",facjangtory,https://dongne.co/events/df2401/circles/114034,제24회 디. 페스타,Day1
전지적 리벤저스 타임,믐,,,,,1sp,"가비지타임,전독시",,,"박병찬,기상호,최종수,김독자,유중혁",유중혁X김독자,로맨틱,상른 독자른 타케른 ,일러스트,orvstory,https://dongne.co/events/df2401/circles/114317,제24회 디. 페스타,Day1
화음현 점소이의 당청 한 그릇,흑흑,,,,,2sp,화산귀환,,,"All캐릭터,청명,당보",당보X청명,,"백천청명,소소이설,도위소병,일소청명","일러스트,사진",crying_06,https://dongne.co/events/df2401/circles/113969,제24회 디. 페스타,Day1
버츄얼 닥터스톤 카센타,물방개,,,,,2sp,슬램덩크,"짱,스터디그룹,닥터스톤,니지산지",,,,,,"일러스트,만화,공예",beotnamu5,https://dongne.co/events/df2401/circles/115056,제24회 디. 페스타,Day1
농구로 시작하는 이세계 생활,소소,,,,,2sp,슬램덩크,가비지타임,,정환 호장 태웅 대만,,,,기타,jjang_soso,https://dongne.co/events/df2401/circles/114149,제24회 디. 페스타,Day1
이케맨 선생님과 즐거운 지옥 여행 타래 아주 천천히 이어집니다,"레타, 슈퍼캣",,,,,2sp,주술회전,,고죠유지 쁘띠존 : 겨울을 녹이는 봄,고죠 사토루 이타도리 유지,고죠 사토루X이타도리 유지,"로맨틱,섹슈얼",,"소설,만화,기타","Reta_8903, superxz_juju",https://dongne.co/events/df2401/circles/114961,제24회 디. 페스타,Day1
어느날 대가리에 매화가 피었다,하루반L,,,,,2sp,화산귀환,플레이브,,청명 장일소,,,,일러스트,"kununk030, mang_it1010",https://dongne.co/events/df2401/circles/113425,제24회 디. 페스타,Day1
장르는 스포츤데 얼굴은 판타지,묘하,,,,,2sp,가비지타임,,,기상호,최종수X기상호,"로맨틱,섹슈얼",박병찬×기상호,"만화,일러스트,소설",myoha_S2,https://dongne.co/events/df2401/circles/112824,제24회 디. 페스타,Day1
미래는 백지여도 원고가 백지면 안된단다,"뼝, 날개",,,,,2sp,트라이건 맥시멈,,,"밧슈 더 스탬피드,니콜라스 D. 울프우드",밧슈울프X울프밧슈,로맨틱,,"만화,소설",gudoggyebal,https://dongne.co/events/df2401/circles/111792,제24회 디. 페스타,Day1
따뜻한 지옥에서 고유하는 중,PINK,,,,,1sp,주술회전,,고죠유지 쁘띠존 : 겨울을 녹이는 봄,"고죠 사토루,이타도리 유지",고죠 사토루X이타도리 유지,로맨틱,,"만화,기타",lovely_momoman,https://dongne.co/events/df2401/circles/113707,제24회 디. 페스타,Day1
백호가 귀여우면 호열이가 산다,"꿀냥, 아우, 가나",,,,,2sp,슬램덩크,,백호열 쁘띠존 <순간포착 : 왜 백호랑 호열이가 사랑하는 것 같냐>,"강백호,양호열",강백호X양호열,,,"일러스트,기타","hanamitto, AWoo_sd, ganadala_12",https://dongne.co/events/df2401/circles/114817,제24회 디. 페스타,Day1
어두운 농구장의 화산채가 되어,김관식,,,,,1sp,가비지타임,화산귀환 어두운 바다의 등불이 되어,,,,,,"만화,일러스트,소설,음반,영상,사진",olivine_olo0,https://dongne.co/events/df2401/circles/114737,제24회 디. 페스타,Day1
루이가 좋아하는 루이츠카 네네에무,왕밤빵,,,,,2sp,프로젝트 세카이,,,,카미시로 루이X텐마 츠카사,,네네에무,,b1gbambbang,https://dongne.co/events/df2401/circles/112812,제24회 디. 페스타,Day1
빗자루 진토되어 맹우라도 있고없고,지휘자,,,,,2sp,트라이건,,"밧슈울프 쁘띠존 : 하여, 우리는 이 백지에 그들을 기록한다.","밧슈,울프우드",밧슈 더 스탬피드X니콜라스 D. 울프우드,"로맨틱,섹슈얼",,"만화,일러스트,소설",handsofmaestro,https://dongne.co/events/df2401/circles/114620,제24회 디. 페스타,Day1
걸어서 장발남의 세계속으로,"서호용정차, 금광",,,,,2sp,"죠죠의 기묘한 모험,헌터X헌터,포켓몬",천관사복,,"푸름,페퍼,보민,모란",,,,"일러스트,만화","Suhoyongjungtea, ArtoriaDaisuki",https://dongne.co/events/df2401/circles/111377,제24회 디. 페스타,Day1
신비한 장르연구회," J, 륭",,,,,2sp,"마블,스어유,신비한 동물사전,슬램덩크,드라마",,,,송태섭X이한나,로맨틱,,"소설,기타","4tleastoneforU, ryungsillust",https://dongne.co/events/df2401/circles/112574,제24회 디. 페스타,Day1
맹우행 익스프레스 티켓,단데기,,,,,1sp,트라이건,,"밧슈울프 쁘띠존 : 하여, 우리는 이 백지에 그들을 기록한다.","니콜라스 D.울프우드,밧슈 더 스탬피드",밧슈 더 스탬피드X니콜라스 D.울프우드,로맨틱,,만화,danza_721,https://dongne.co/events/df2401/circles/111341,제24회 디. 페스타,Day1
종수햄 오른쪽으로 가다가 멈춰서 뽀뽀할 거니까 막아봐요,덕사,,,,,1sp,가비지타임,,종수상호 쁘띠존 1회 : 종착역은 상대방입니다,"최종수,기상호",최종수X기상호,섹슈얼,,소설,,https://dongne.co/events/df2401/circles/112495,제24회 디. 페스타,Day1
가비지 슬램덩크타임,토드,,,,,2sp,슬램덩크,가비지타임,,,,로맨틱,,,todtodpic,https://dongne.co/events/df2401/circles/111509,제24회 디. 페스타,Day1
환생한 도스토옙스키,도치,,,,,2sp,슬램덩크,데못죽,,"정대만,송태섭",송태섭X정대만,"로맨틱,섹슈얼",,소설,___stoneheart_,https://dongne.co/events/df2401/circles/112823,제24회 디. 페스타,Day1
어쨌든 종상해달라는 거 아냐? 그렇게 해주겠다고.,"채금, 마계기공사, 더쓰",,,,,2sp,가비지타임,,종수상호 쁘띠존 1회 : 종착역은 상대방입니다,"최종수,기상호",최종수X기상호,"로맨틱,섹슈얼",,"일러스트,만화","23Chaegeum6, 193cmx187cm, deoss_101",https://dongne.co/events/df2401/circles/113953,제24회 디. 페스타,Day1
화음현 부대찌개집과 포목점 ,챱 ,,,,,2sp,화산귀환,"솜인형,젤다의전설 왕국의 눈물",,청명 쿠사나기 네네 링크 젤다,,로맨틱,링젤,"소설,게임,만화,공예",Cchyapp55,https://dongne.co/events/df2401/circles/114551,제24회 디. 페스타,Day1
악마에 입문했습니다! 문왼팔이소녀,서문바다,,,,,1sp,데뷔 못 하면 죽는 병 걸림,악마에 입문했습니다! 이루마군,,박문대,,"로맨틱,섹슈얼","박문대x배세진, 박문대x선아현",소설,seomunbada_DMJ,https://dongne.co/events/df2401/circles/114227,제24회 디. 페스타,Day1
반어인 인권증진협의회,"토벅, 모고",,,,,2sp,혈계전선,"명탐정 코난,용과 같이 시리즈",혈계전선 쁘띠존 : 라이브라 한국지부 홍보팀,제드 오브라이언,밧슈울프X울프밧슈,"로맨틱,섹슈얼",올캐러 논커플링,"일러스트,만화,기타",Otamot007,https://dongne.co/events/df2401/circles/114608,제24회 디. 페스타,Day1
"그대들, 어떻게 고유할 것인가",지하,,,,,1sp,주술회전,,고죠유지 쁘띠존 : 겨울을 녹이는 봄,"고죠 사토루,이타도리 유지",고죠 사토루X이타도리 유지,로맨틱,,"만화,일러스트",247_dowisdom,https://dongne.co/events/df2401/circles/112049,제24회 디. 페스타,Day1
"청명아, 그럼에도 북산이니라",린,,,,,2sp,화산귀환,슬램덩크,,청명,,,,기타,Mixacc_01,https://dongne.co/events/df2401/circles/112515,제24회 디. 페스타,Day1
"케다마, 산책갈까?",소얼,,,,,1sp,앙상블스타즈,"기븐,누카니발",,"아케호시 스바루,야쿠모",,,,"소설,일러스트",soAll416,https://dongne.co/events/df2401/circles/113087,제24회 디. 페스타,Day1
사장님! 여기 부대찌개에 벌레 들어갔어요!,파르페,,,,,2sp,"할로우나이트,산나비,가비지타임,프로젝트세카이,하츠네미쿠,화산귀환,데못죽","실크송,보컬로이드,나의히어로아카데미아,수색연합,에반게리온,해리포터",,All캐릭터,,,,"기타,일러스트",Rarfait,https://dongne.co/events/df2401/circles/113227,제24회 디. 페스타,Day1
유브티+니코코,ND,,,,,2sp,"니지산지,레볼루션 하트","앙스타,니디걸",,,,,,일러스트,,https://dongne.co/events/df2401/circles/112334,제24회 디. 페스타,Day1
강서부행,성부행,,,,,2sp,슬램덩크,,태웅백호 쁘띠존 : 호호신년,"서태웅,강백호",서태웅X강백호,"로맨틱,섹슈얼",,만화,tjdqngod,https://dongne.co/events/df2401/circles/112173,제24회 디. 페스타,Day1
개굴상점,chocogeguri,,,,,2sp,"솜인형 소품샵 5,10,5cm +사람소품도있어요",모든장르 착용가능합니다❤️,,,,로맨틱,,공예,geguri_store,https://dongne.co/events/df2401/circles/113864,제24회 디. 페스타,Day1
고게랜드,"라라, 오탑",,,,,2sp,주술회전,,,"고죠 사토루,게토 스구루",고죠 사토루X게토 스구루,로맨틱,,만화,"goge_lara572, otav_572",https://dongne.co/events/df2401/circles/111746,제24회 디. 페스타,Day1
고유명사,"냐 , 얏",,,,,2sp,주술회전,,고죠유지 쁘띠존 : 겨울을 녹이는 봄,고죠사토루 이타도리유지,고죠 사토루X이타도리 유지,로맨틱,온리 고유,"기타,일러스트",Y4T__H0,https://dongne.co/events/df2401/circles/113300,제24회 디. 페스타,Day1
고죠게토,토모 우쿠,,,,,2sp,주술회전,,,"고죠 사토루,게토 스구루",고죠 사토루X게토 스구루,로맨틱,,,"chamoooo0, UQUOOZZ",https://dongne.co/events/df2401/circles/113129,제24회 디. 페스타,Day1
공귀나산,해감,,,,,2sp,가비지타임,화산귀환,,,,,,만화,,https://dongne.co/events/df2401/circles/113005,제24회 디. 페스타,Day1
관상식물,noname,,,,,2sp,명탐정 코난,,,"아카이 슈이치,후루야 레이",아카이 슈이치X후루야 레이,,,소설,,https://dongne.co/events/df2401/circles/111561,제24회 디. 페스타,Day1
관찰일기,정원,,,,,2sp,슬램덩크,,,"송태섭,정대만",송태섭X정대만,"로맨틱,섹슈얼",,,,https://dongne.co/events/df2401/circles/111392,제24회 디. 페스타,Day1
국지재해,모카,,,,,2sp,트라이건,,,"울프우드,밧슈",울프우드X밧슈,"로맨틱,섹슈얼",,"만화,소설",cmslash,https://dongne.co/events/df2401/circles/111446,제24회 디. 페스타,Day1
군밤가게,군밤장수,,,,,2sp,,,,,,,,만화,,https://dongne.co/events/df2401/circles/112737,제24회 디. 페스타,Day1
그림이랑,만두,,,,,1sp,,,,,,,,일러스트,dumpling0417,https://dongne.co/events/df2401/circles/113313,제24회 디. 페스타,Day1
꾸메드림,지벨,,,,,1sp,슬램덩크,,,"강백호,양호열",양호열X강백호,"로맨틱,섹슈얼",,,04070303,https://dongne.co/events/df2401/circles/111406,제24회 디. 페스타,Day1
끼상벌개,숑숑,,,,,2sp,가비지타임,,종수상호 쁘띠존 1회 : 종착역은 상대방입니다,최종수 기상호,최종수X기상호,,,,,https://dongne.co/events/df2401/circles/112137,제24회 디. 페스타,Day1
나의보물,쭈디츄군,,,,,2sp,블루록,,부스의 원석들: 펑크는 LOCK OFF,,나기X레오,,,,majudy_2021,https://dongne.co/events/df2401/circles/113986,제24회 디. 페스타,Day1
네코마마,레이카,,,,,4sp,데뷔 못하면 죽는 병 걸림,화산귀환,,박문대 (오른쪽),,,,,rayca01,https://dongne.co/events/df2401/circles/111426,제24회 디. 페스타,Day1
달빛아래,무무,,,,,2sp,달빛아래,,,,,,,소설,,https://dongne.co/events/df2401/circles/113334,제24회 디. 페스타,Day1
대타출동,제네,,,,,2sp,우타프리,"주술회전,원피스",,,,로맨틱,,만화,10x14,https://dongne.co/events/df2401/circles/111350,제24회 디. 페스타,Day1
도원결의,송진,,,,,2sp,화산귀환,,,,,,,"만화,일러스트,공예",songjin_dovob,https://dongne.co/events/df2401/circles/115013,제24회 디. 페스타,Day1
독초약방,마쓰루,,,,,2sp,광마회귀,,,모용백,모용백X이자하,"로맨틱,섹슈얼",모용백의,"소설,공예",Matsuru_0823,https://dongne.co/events/df2401/circles/113808,제24회 디. 페스타,Day1
동인실직,다람,,,,,2sp,프로젝트세카이,,,"카미시로 루이,텐마 츠카사",카미시로 루이X텐마 츠카사,"로맨틱,섹슈얼",루이츠카,만화,,https://dongne.co/events/df2401/circles/111777,제24회 디. 페스타,Day1
두두다다,두두,,,,,2sp,"앙스타,플레이브",,,앙스타,,,,,DD_0404,https://dongne.co/events/df2401/circles/111638,제24회 디. 페스타,Day1
뒹굴꼬옥,"돕, 꼬옥",,,,,2sp,슬램덩크,,,"서태웅,정대만,강백호",,해당없음,,"만화,일러스트","doppdoppdopp, kkoog_TT",https://dongne.co/events/df2401/circles/111644,제24회 디. 페스타,Day1
똥깨파티,보나,,,,,1sp,가비지타임,,종수상호 쁘띠존 1회 : 종착역은 상대방입니다,기상호 최종수,,섹슈얼,,,toogoodtoluv,https://dongne.co/events/df2401/circles/113444,제24회 디. 페스타,Day1
라디지안,유민호,,,,,2sp,슬램덩크 한드,,,김수겸,,"섹슈얼,로맨틱",,소설,fkelwldks2,https://dongne.co/events/df2401/circles/112204,제24회 디. 페스타,Day1
랑하우스,랑하,,,,,1sp,,,,,,,,,RH_h0use,https://dongne.co/events/df2401/circles/114183,제24회 디. 페스타,Day1
마리포사,마리포사,,,,,2sp,오리지널,,,,,,,,Richinmm,https://dongne.co/events/df2401/circles/113886,제24회 디. 페스타,Day1
묘크림빵,도묘,,,,,2sp,프로젝트 세카이,,,"아즈사와 코하네,시라이시 안",시라이시 안X아즈사와 코하네,,,일러스트,m_2__o,https://dongne.co/events/df2401/circles/113678,제24회 디. 페스타,Day1
바둑이네,서,,,,,2sp,명탐정 코난,,,"아카이 슈이치,아무로 토오루",,섹슈얼,,소설,detectseo,https://dongne.co/events/df2401/circles/111553,제24회 디. 페스타,Day1
버섯나라,k1130s,,,,,2sp,데못죽,"프세카,가비지,전독시,아이나나",,,,,,,Hwiwol,https://dongne.co/events/df2401/circles/112352,제24회 디. 페스타,Day1
부르르스,김빙봉,,,,,1sp,,,,,,,,,,https://dongne.co/events/df2401/circles/113081,제24회 디. 페스타,Day1
불꽃군단,14호,,,,,4sp,슬램덩크,,,,,,,일러스트,14ho_sd,https://dongne.co/events/df2401/circles/112264,제24회 디. 페스타,Day1
붉은나비,유티아,,,,,2sp,하이큐,"데못죽,내스급",,,,,,소설,moon_shine12,https://dongne.co/events/df2401/circles/112154,제24회 디. 페스타,Day1
뾰이타임,이다,,,,,2sp,가비지타임,우마무스메,,,,,,"기타,일러스트",condensed_yda,https://dongne.co/events/df2401/circles/114713,제24회 디. 페스타,Day1
산지직송,강원도 옥수수,,,,,2sp,가비지타임,,,,,,,,,https://dongne.co/events/df2401/circles/114989,제24회 디. 페스타,Day1
삼인삼색,시야,,,,,1sp,화산귀환,,,,,,,,,https://dongne.co/events/df2401/circles/114323,제24회 디. 페스타,Day1
상호이모,사탕나무,,,,,2sp,마법사의 약속,가비지타임,종수상호 쁘띠존 1회 : 종착역은 상대방입니다,피가로,,섹슈얼,"빵준, 상뱅","만화,일러스트,소설",5555,https://dongne.co/events/df2401/circles/115167,제24회 디. 페스타,Day1
순봉이네,박순봉,,,,,2sp,슬램덩크,,,산왕공업고등학교,,,,"만화,일러스트",peaceturtIe,https://dongne.co/events/df2401/circles/112142,제24회 디. 페스타,Day1
시쿠시쿠,농부,,,,,2sp,프로젝트 세카이,,,,카미시로 루이X텐마 츠카사,섹슈얼,,,,https://dongne.co/events/df2401/circles/111631,제24회 디. 페스타,Day1
십리십리,십리,,,,,2sp,진혼기,슬덩 명급리 백망되 등등 소설장르,,"자하,설영",,로맨틱,,일러스트,10n_nri,https://dongne.co/events/df2401/circles/112667,제24회 디. 페스타,Day1
아기상호,돈고,,,,,1sp,가비지타임,,,"기상호,성준수",,,,일러스트,Dongo_time,https://dongne.co/events/df2401/circles/113928,제24회 디. 페스타,Day1
야태서바,리브레,,,,,2sp,슬램덩크,,,송태섭 정대만,송태섭X정대만,해당없음,,"소설,기타",714madeinSHK,https://dongne.co/events/df2401/circles/113876,제24회 디. 페스타,Day1
연말정산,"204, nes",,,,,2sp,슬램덩크,"아이돌리쉬세븐,프로젝트 세카이",,,,,,"만화,일러스트",,https://dongne.co/events/df2401/circles/113368,제24회 디. 페스타,Day1
오션스쿨,로지넷,,,,,1sp,,,,,,,,,,https://dongne.co/events/df2401/circles/112257,제24회 디. 페스타,Day1
오욜체리,"체리밍,오욜",,,,,2sp,프로젝트세카이,화산귀환,,,,,,일러스트,cherrymeing,https://dongne.co/events/df2401/circles/114142,제24회 디. 페스타,Day1
오합지졸,짹,,,,,2sp,가비지타임,"블루록,니지산지,블루아카",,"지상고,바치라,치기리,쿠로노와,로후마오,니지다토카,후와구사,살로메,흥신소,이즈나,아리스,미카,히비키,후부키",,로맨틱,,일러스트,Wor_200,https://dongne.co/events/df2401/circles/112935,제24회 디. 페스타,Day1
유람유람,유마,,,,,2sp,가비지타임,데뷔 못하면 죽는 병 걸림,,"전영중,성준수",전영중X성준수,로맨틱,,,,https://dongne.co/events/df2401/circles/112120,제24회 디. 페스타,Day1
작당모의,날백,,,,,2sp,슬램덩크,,,,,,,"만화,일러스트,소설",Qww9x,https://dongne.co/events/df2401/circles/114572,제24회 디. 페스타,Day1
주술놀이,피케,,,,,4sp,주술회전,"슬램덩크,체인소맨",,,,,,,,https://dongne.co/events/df2401/circles/112501,제24회 디. 페스타,Day1
준상국밥,당도최뾰,,,,,1sp,가비지타임,,,,성준수X기상호,,,,bbyonyam,https://dongne.co/events/df2401/circles/114214,제24회 디. 페스타,Day1
지상국밥,당도최뾰,,,,,1sp,가비지타임,,,"성준수,기상호",,로맨틱,,일러스트,bbyonyam,https://dongne.co/events/df2401/circles/113180,제24회 디. 페스타,Day1
지옥컴백,백덕,,,,,2sp,슬램덩크,테니스의 왕자,태웅백호 쁘띠존 : 호호신년,,서태웅X강백호,섹슈얼,,,,https://dongne.co/events/df2401/circles/111588,제24회 디. 페스타,Day1
지튜스츄,지츄 ,,,,,2sp,데못죽,가비지타임,,"박문대,기상호",큰세X문대,로맨틱,,"만화,소설",Jichu_Loviewer,https://dongne.co/events/df2401/circles/113760,제24회 디. 페스타,Day1
카페오레,허브,,,,,2sp,프로젝트 세카이,원신,,,,,,,hb_rosemary,https://dongne.co/events/df2401/circles/112081,제24회 디. 페스타,Day1
팡팡타임,루카팡,,,,,2sp,가비지타임,"플레이브,데못죽",,기상호른,,,,,LUKAPANG__9158,https://dongne.co/events/df2401/circles/111816,제24회 디. 페스타,Day1
풍리큐어,"기절초풍전, 아마토요, 순정",,,,,2sp,,,,,,,,,,https://dongne.co/events/df2401/circles/113909,제24회 디. 페스타,Day1
환상뜨락,환상뜨락,,,,,2sp,,,,,,,,공예,Dreamy_garden,https://dongne.co/events/df2401/circles/112950,제24회 디. 페스타,Day1
모르겟다 ,"리케,농사",,,,,4sp,슬램덩크,,,"송태섭,정대만",서태웅X정대만,"섹슈얼,로맨틱",태웅대만,"만화,일러스트","Lykke_838, bestcondition14",https://dongne.co/events/df2401/circles/114211,제24회 디. 페스타,Day1
비즈카페 ,영이,,,,,2sp,,,,,,,,만화,beatplz2,https://dongne.co/events/df2401/circles/115236,제24회 디. 페스타,Day1
장기자랑 ,내장 ,,,,,2sp,화산귀환,,,청명,당보X청명,로맨틱,,,back_9158,https://dongne.co/events/df2401/circles/113537,제24회 디. 페스타,Day1
세카이가 되,루루,,,,,2sp,"프로세카,프로젝트 세카이",,,"니고,원더쇼,비배스",,,,일러스트,lulu54569084,https://dongne.co/events/df2401/circles/114095,제24회 디. 페스타,Day1
한줄기의 빛,두부콩,,,,,2sp,데못죽,"가비지타임,화귀",,"박문대,박병찬",,,,기타,dbu_4068,https://dongne.co/events/df2401/circles/113767,제24회 디. 페스타,Day1
가족끼리 왜 이래...♡,무믓,,,,,2sp,트라이건,,,"밧슈 더 스탬피드,밀리온즈 나이브스",밀리온즈 나이브스X밧슈 더 스탬피드,"로맨틱,섹슈얼",,"만화,소설,일러스트",,https://dongne.co/events/df2401/circles/112836,제24회 디. 페스타,Day1
"건파우더 속, 참회를","네기, 덕개,펠멜",,,,,2sp,트라이건,,"밧슈울프 쁘띠존 : 하여, 우리는 이 백지에 그들을 기록한다.","밧슈 더 스탬피드,니콜라스 D.울프우드",밧슈 더 스탬피드X니콜라스 D.울프우드,"섹슈얼,로맨틱",,"만화,소설","negi_killer, deockGae, plml__",https://dongne.co/events/df2401/circles/114432,제24회 디. 페스타,Day1
김밥천국 본점,"햄숙랑, 늘래몽",,,,,2sp,"진혼기,명급리,백망되","그외 판소,벨소",,,,,,,"haemsuglang, nrhmong",https://dongne.co/events/df2401/circles/112016,제24회 디. 페스타,Day1
농구로운 생활,단후,,,,,4sp,슬램덩크,"가비지타임,원피스",,,,,,,DanHu_00,https://dongne.co/events/df2401/circles/112069,제24회 디. 페스타,Day1
대농놀의 시대,소댜,,,,,2sp,슬램덩크,가비지타임,,슬램덩크,,,,"공예,일러스트,만화",fhiyr17,https://dongne.co/events/df2401/circles/112864,제24회 디. 페스타,Day1
메이마요 정원,"메이, 마요",,,,,4sp,1차 창작,수공예 악세사리 + 솜인형 + 뜨개인형,,1차 창작,,,,공예,"Ma_Li_garden, piece0and",https://dongne.co/events/df2401/circles/111842,제24회 디. 페스타,Day1
미지근한 동인,아모,,,,,1sp,앙상블스타즈,마법사의 약속,,"츠키나가 레오,세나 이즈미,샤일록,무르",,섹슈얼,샤이무르,,pang2_pang2,https://dongne.co/events/df2401/circles/111929,제24회 디. 페스타,Day1
중국집의 전설,망망,,,,,2sp,젤다의 전설,"인사반파자구계통,창작 무협",,,링크X젤다,"로맨틱,섹슈얼","낙빙하심청추,주인공카뮤",만화,,https://dongne.co/events/df2401/circles/113629,제24회 디. 페스타,Day1
팬케이크 가게,"수플레, 백소",,,,,2sp,프로젝트 세카이,,,,,로맨틱,,"만화,소설,일러스트",prsk_sou,https://dongne.co/events/df2401/circles/114212,제24회 디. 페스타,Day1
프로젝트 쿠키,프로젝트 쿠키,,,,,4sp,크툴루의 부름,"언성듀엣,피아스코 및 trpg,수공예품",,,,,,"게임,공예",projectkuki,https://dongne.co/events/df2401/circles/112849,제24회 디. 페스타,Day1
구원받은 쪽이 왼 사랑 알려준 쪽이 른,비엔,,,,,2sp,프세카,,,루이/츠카사,카미시로 루이X텐마 츠카사,"섹슈얼,로맨틱",토우아키,만화,rkawkehtnwlq,https://dongne.co/events/df2401/circles/112602,제24회 디. 페스타,Day1
이것저것 뭐가 많음,덕배,,,,,2sp,아이나나(아이돌리쉬 세븐),"페그오,데못죽,명일방주,등등",,,,,,"만화,일러스트",1Tylenol_F,https://dongne.co/events/df2401/circles/113442,제24회 디. 페스타,Day1
우리가게 빵준 합니다,규남,,,,,2sp,가비지타임,,,"전영중,성준수",,로맨틱,,소설,Salv_Temp14,https://dongne.co/events/df2401/circles/113583,제24회 디. 페스타,Day1
휘핑크림 마니 쥬떼요,"인간관계망함, 오슴",,,,,4sp,가비지타임,디스 러브,,"최종수,박병찬,정의헌",최종수X박병찬,해당없음,차현호정의헌,"만화,일러스트",__inmang,https://dongne.co/events/df2401/circles/112008,제24회 디. 페스타,Day1
열대야가 없는 태백으로 떠나자,당근,,,,,2sp,슬램덩크,,태웅백호 쁘띠존 : 호호신년,서태웅 강백호,서태웅X강백호,"섹슈얼,로맨틱",,"만화,일러스트,소설",cherry_carrot_,https://dongne.co/events/df2401/circles/111920,제24회 디. 페스타,Day1
아이돌이 돈이 된다는걸 보여주지,스노잉,,,,,2sp,앙상블스타즈,,,사쿠마 리츠,사쿠마리츠X세나이즈미,로맨틱,드림,,,https://dongne.co/events/df2401/circles/112374,제24회 디. 페스타,Day1
미안하다 이거 보여주려고 어그로끌었다,"도매상가, 호록, 유다히",,,,,2sp,가비지타임,,,가비지타임 캐릭터,최종수X박병찬,"로맨틱,섹슈얼","상호병찬, 준수재유","일러스트,공예,만화,소설","domesangga, HRxck_, youdahxx",https://dongne.co/events/df2401/circles/111950,제24회 디. 페스타,Day1
따끈따끈 잡화점,Doopang,,,,,2sp,"도리벤,가비지타임,카리스마","도리벤,가비지타임,카리스마",,,,해당없음,,,DDo_Pang,https://dongne.co/events/df2401/circles/112985,제24회 디. 페스타,Day1
마감에서 도망침,백안,,,,,2sp,"전지적 독자 시점,최애의 아이",,,"김독자,유중혁,한수영,우리엘,심연의 흑염룡,제천대성,은밀한 모략가,호시노 아이,호시노 루비,아리마 카나",,,,일러스트,Baekuan_10,https://dongne.co/events/df2401/circles/114783,제24회 디. 페스타,Day1
산지직송 농슐리,무인도셰프,,,,,2sp,더퍼스트슬램덩크,"가비지타임,리바운드",,,,,,"만화,일러스트,소설",MASOIDEA,https://dongne.co/events/df2401/circles/114178,제24회 디. 페스타,Day1
호밀빵의 밀수꾼,호밀,,,,,2sp,1차창작,"프세카,죠죠",,1차,,,,"만화,일러스트",homilpain,https://dongne.co/events/df2401/circles/111772,제24회 디. 페스타,Day1
호열이네 정비소,송만섭,,,,,2sp,슬램덩크,,,,,로맨틱,호열백호,,duuuums,https://dongne.co/events/df2401/circles/112593,제24회 디. 페스타,Day1
"밧슈울프 쁘띠존 : 하여, 우리는 그들을 이 백지에 기록한다 이벤트&위탁 부스",쁘띠주최,,,,,4sp,트라이건,,"밧슈울프 쁘띠존 : 하여, 우리는 이 백지에 그들을 기록한다.","밧슈 더 스탬피드,니콜라스 D. 울프우드",밧슈 더 스탬피드X니콜라스 D. 울프우드,"로맨틱,섹슈얼",,"만화,소설,일러스트,기타",VW_petit_kr,https://dongne.co/events/df2401/circles/115065,제24회 디. 페스타,Day1
백호열은 결혼을 해,"무커바, 이트",,,,,2sp,슬램덩크,,백호열 쁘띠존 <순간포착 : 왜 백호랑 호열이가 사랑하는 것 같냐>,"강백호,양호열,백호군단(김대남,노구식,이용팔)",강백호X양호열,"로맨틱,섹슈얼",,"소설,만화,공예,기타","mukheoba, iiiiiite1",https://dongne.co/events/df2401/circles/114593,제24회 디. 페스타,Day1
농구하는 아이돌 고망,"눗뽀, 하나이",,,,,2sp,가비지타임,"슬램덩크,데뷔 못 하면 죽는 병 걸림",,,,로맨틱,,일러스트,"hunuuuut, _00365",https://dongne.co/events/df2401/circles/112404,제24회 디. 페스타,Day1
할머니의 나쵸맛 감자,"가나쵸, 뮤실리, 할멈",,,,,4sp,슬램덩크,가비지타임,,,,,,"일러스트,공예,소설",_rkskcy,https://dongne.co/events/df2401/circles/112797,제24회 디. 페스타,Day1
김부리가 동인지 내는 부스,부리부리,,,,,2sp,전지적 독자 시점,,,,유중혁X김독자,로맨틱,,,gudokjungdok,https://dongne.co/events/df2401/circles/112660,제24회 디. 페스타,Day1
아이돌만 세장르 잡은 부스,루벨릭,,,,,2sp,앙상블스타즈,"데못죽,아이돌리쉬세븐",,,,,,"만화,소설",kangtekong,https://dongne.co/events/df2401/circles/113519,제24회 디. 페스타,Day1
죽어서도 드림의 맛을 잊지 못할 거다,영백,,,,,1sp,오페라의 유령,해리포터,,에릭,에릭X드림주,로맨틱,드림,소설,0_back_129,https://dongne.co/events/df2401/circles/113654,제24회 디. 페스타,Day1
가챠보다 짜릿한 미찌팡,"도롱뇽구, 무와",,,,,2sp,마법사의 약속,,,,,,,,Dorongnyongu,https://dongne.co/events/df2401/circles/114781,제24회 디. 페스타,Day1
닌텐도의 기묘한 이야기,"환멸망, 시오",,,,,2sp,"스플래툰,반월당의 기묘한 이야기","세포신곡,포켓몬",,"아오리,백란,유단",,,,"일러스트,공예","H_MMANG, xsoxxnx, soqqqil",https://dongne.co/events/df2401/circles/113101,제24회 디. 페스타,Day1
미인공이 세상을 구한다,찌마감,,,,,1sp,혈계전선,주술회전,혈계전선 쁘띠존 : 라이브라 한국지부 홍보팀,스티븐,,섹슈얼,고죠나나,소설,,https://dongne.co/events/df2401/circles/111829,제24회 디. 페스타,Day1
우당탕탕 공놀이 대소동,"선인장,제티",,,,,2sp,가비지타임,하이큐,,,,,,일러스트,cactus_G_T,https://dongne.co/events/df2401/circles/113393,제24회 디. 페스타,Day1
호리유코 비배스 바이럴 부스,"남오,안뇽",,,,,2sp,프세카,가비지타임 아이돌마스터 데못죽,,,,,,"일러스트,기타","n5amo, annyong__hi",https://dongne.co/events/df2401/circles/113853,제24회 디. 페스타,Day1
농구해서 이기면 박병찬 하는 걸로,여름,,,,,1sp,가비지타임,,,,,,,소설,,https://dongne.co/events/df2401/circles/112291,제24회 디. 페스타,Day1
하루하루 힘겹게 살아서 하루살이,설기,,,,,2sp,가비지타임 (갑탐),프로세카,,"성준수,기상호",성준수X기상호,해당없음,,소설,,https://dongne.co/events/df2401/circles/112101,제24회 디. 페스타,Day1
루하나와 종생의 상관관계,"영명, 준새끼",,,,,2sp,슬램덩크,,태웅백호 쁘띠존 : 호호신년,"서태웅,강백호",서태웅X강백호,"로맨틱,섹슈얼",,"소설,만화","HRZN0DWN, nongjun21",https://dongne.co/events/df2401/circles/114493,제24회 디. 페스타,Day1
카리스마 넘치는 스타들의 기묘한 이야기,유채,,,,,2sp,"반월당의 기묘한 이야기,베리드스타즈,앙상블스타즈,카리스마",,,,,,,일러스트,"yuchae_82, musiruoomu, ugnon1126",https://dongne.co/events/df2401/circles/115051,제24회 디. 페스타,Day1
농구실력 실화냐?가슴이 웅장해진다..,"히요,캐쩐,요아,밤깍",,,,,2sp,가비지타임,슬램덩크,,성준수,최종수X박병찬,"로맨틱,섹슈얼",준수상호,"만화,일러스트,소설,공예","Dia_HIYO, CUonbank_, coolyogurtice, nongbam_oO",https://dongne.co/events/df2401/circles/112955,제24회 디. 페스타,Day1
기상호의 서울나기,돼맛,,,,,2sp,가비지타임,,종수상호 쁘띠존 1회 : 종착역은 상대방입니다,,,"섹슈얼,로맨틱",,,very_long_pig,https://dongne.co/events/df2401/circles/111817,제24회 디. 페스타,Day1
농구잔치 빵야빵야,익명,,,,,2sp,슬램덩크,,,,태섭X대만,"섹슈얼,로맨틱",,"만화,일러스트,소설",,https://dongne.co/events/df2401/circles/112039,제24회 디. 페스타,Day1
닉휴저별 윤막새신,지존검둥,,,,,2sp,로드오브히어로즈,,,"미하일 블레이크,로드(남)",미하일X남로드,"로맨틱,섹슈얼","브랜라르, 카를크롬",만화,sm5927602,https://dongne.co/events/df2401/circles/111529,제24회 디. 페스타,Day1
비종상적 정상연애,나야,,,,,2sp,가비지타임,,종수상호 쁘띠존 1회 : 종착역은 상대방입니다,최종수x기상호,,"로맨틱,섹슈얼",,만화,garbagenaya,https://dongne.co/events/df2401/circles/113172,제24회 디. 페스타,Day1
사랑하는 반신에게,매일불타는사람,,,,,1sp,트라이건 스탬피드,,,"밀리온즈 나이브스,밧슈 더 스탬피드",밀리온즈 나이브스X밧슈 더 스탬피드,로맨틱,,,S22023AA,https://dongne.co/events/df2401/circles/112147,제24회 디. 페스타,Day1
섭섭이랑 만만이네,그,,,,,1sp,슬램덩크,,,송태섭 정대만,송태섭X정대만,로맨틱,,일러스트,TdTd714,https://dongne.co/events/df2401/circles/114954,제24회 디. 페스타,Day1
스포츠에 인생베팅,Sipir,,,,,2sp,하이큐,"쿠키런,가비지타임,슬램덩크",,,스가와라 코우시X히나타 쇼요,"로맨틱,섹슈얼",츠키히나,,sipir02,https://dongne.co/events/df2401/circles/112928,제24회 디. 페스타,Day1
아무래도 개취자랑,마론,,,,,2sp,데뷔 못하면 죽는 병 걸림,"꿈왕국,아르고나비스,플레이브,앙상블스타즈!!,서브남주가 파업하면 생기는 일",,"김래빈,신재현,차유진,류건우 등",,,,"공예,일러스트,소설,만화,기타",mrmhrro,https://dongne.co/events/df2401/circles/112689,제24회 디. 페스타,Day1
은단이네 농구코트,은단,,,,,1sp,슬램덩크,,,송태섭,,,,,pre55_7,https://dongne.co/events/df2401/circles/112893,제24회 디. 페스타,Day1
이것저것 크오버스,시프림,,,,,1sp,광마회귀,슬램덩크,,"이자하,이명헌,정우성",,로맨틱,,"일러스트,소설",CREAM_liar,https://dongne.co/events/df2401/circles/114068,제24회 디. 페스타,Day1
잡동사니 구멍가게,하놀,,,,,2sp,1차창작,"뽑기,마비노기",,,,,,,Hanol_clcl,https://dongne.co/events/df2401/circles/113475,제24회 디. 페스타,Day1
짱이니까 창동한다,청월,,,,,1sp,프로젝트 세카이 컬러풀 스테이지 feat. 하츠네 미쿠,,,아키토우,시노노메 아키토X아오야기 토우야,"로맨틱,섹슈얼",,소설,zzinma__,https://dongne.co/events/df2401/circles/114170,제24회 디. 페스타,Day1
코컴퍼니 주식회사,김경진,,,,,1sp,데뷔 못 하면 죽는 병 걸림,화산귀환,,,,,,"일러스트,기타,공예",hasan_samdea,https://dongne.co/events/df2401/circles/112859,제24회 디. 페스타,Day1
쿨피스도 엘피스다,낙만,,,,,2sp,파이널판타지14,,,,,,,,,https://dongne.co/events/df2401/circles/111380,제24회 디. 페스타,Day1
태섭한나 도둑파티,"코리안더파티, 공도둑",,,,,2sp,슬램덩크,,,"송태섭,이한나",송태섭X이한나,"로맨틱,섹슈얼",,"만화,일러스트",coriander_party,https://dongne.co/events/df2401/circles/111677,제24회 디. 페스타,Day1
개상호의 발바닥은 말랑,룽,,,,,2sp,가비지타임,"전지적 독자 시점,데못죽",,기상호 지상고 김독자 유중혁,기상호,,"중독, 중혁독자",,nong_rune,https://dongne.co/events/df2401/circles/111520,제24회 디. 페스타,Day1
저희가게 종상영업 합니다.,낸내,,,,,1sp,가비지타임,,종수상호 쁘띠존 1회 : 종착역은 상대방입니다,"최종수,기상호",최종수X기상호,로맨틱,,일러스트,,https://dongne.co/events/df2401/circles/113027,제24회 디. 페스타,Day1
나시입다 감기걸린 타케미치 팝니다.,엣취,,,,,2sp,도쿄 리벤저스,,,"사노만지로,하나가키 타케미치 등등",사노 만지로X하나가키 타케미치,로맨틱,"코코타케,이자타케,토라타케 등등의 타케미치 른","만화,일러스트,기타",Ahchoo_0x0,https://dongne.co/events/df2401/circles/115017,제24회 디. 페스타,Day1
아저씨의 마감을건 마지막한판승부,"뻥튀기아저씨,세모",,,,,2sp,슬램덩크,,태웅백호 쁘띠존 : 호호신년,서태웅 강백호,서태웅X강백호,"로맨틱,섹슈얼",,만화,"hells_usol, semo_11x10",https://dongne.co/events/df2401/circles/112771,제24회 디. 페스타,Day1
어디서나 태백태백걷기,88,,,,,1sp,슬램덩크,,태웅백호 쁘띠존 : 호호신년,,서태웅X강백호,로맨틱,,"만화,소설",limited_88_88,https://dongne.co/events/df2401/circles/112421,제24회 디. 페스타,Day1
츠카레오 단일메뉴제공,"메리,지폭",,,,,2sp,앙상블스타즈,,,"스오우 츠카사,츠키나가 레오",스오우 츠카사X츠키나가 레오,"로맨틱,섹슈얼",,,merrykasa,https://dongne.co/events/df2401/circles/113292,제24회 디. 페스타,Day1
네모스낵 꼬쏠레파쏠로씨또맛,도산,,,,,2sp,"플레이브,스파이더맨,슬램덩크,니지산지",플레이브 스파이더맨 슬램덩크 니지산지,,"플레이브,스파이더맨,니지산지",,,,일러스트,dobaksanta,https://dongne.co/events/df2401/circles/114946,제24회 디. 페스타,Day1
"브로콜리, 불꽃, 첫사랑",베리,,,,,1sp,슬램덩크,,,정대만,송태섭X정대만,"로맨틱,섹슈얼",,소설,appleberry0714,https://dongne.co/events/df2401/circles/114818,제24회 디. 페스타,Day1
"다이키치, 산책갈까?",지넹,,,,,1sp,앙상블스타즈,"기븐,누카니발",,"아케호시 스바루,야쿠모",,,,일러스트,_jiNeng_,https://dongne.co/events/df2401/circles/113088,제24회 디. 페스타,Day1
인리수복? 랩으로 해,"삼광, 백공",,,,,2sp,"페이트 그랜드오더,히프노시스마이크","가비지타임,원피스,블리치,파판14,페그오,명일방주",,"가비지타임 올캐러,사마토키,사사라,샹크스,이치마루 긴,로마니 아키만",,"로맨틱,섹슈얼,해당없음","사마사사, 벤샹, 긴란, 칼준","일러스트,소설","sellingssal, Samgwang__S2, F1_rst_Time",https://dongne.co/events/df2401/circles/114726,제24회 디. 페스타,Day1
둥지에서...엘의 울림이 들려와.,퍼플,,,,,2sp,"엘소드,제5인격,페르소나 5,솜인형",,,,,,,"만화,공예,기타",purple_1line,https://dongne.co/events/df2401/circles/112181,제24회 디. 페스타,Day1
문어구이&내가내면얘도낸다고했어요,휘옌&문어구이&시토네,,,,,4sp,데뷔 못 하면 죽는 병 걸림,"내가 키운 s급들,화산귀환",,"박문대,청명,한유진",박문대,섹슈얼,"문대른, 청명른, 유진른","만화,소설,일러스트",Hwiyyen,https://dongne.co/events/df2401/circles/111914,제24회 디. 페스타,Day1
네거포지부,마가,,,,,2sp,프로젝트 세카이 컬러풀 스테이지! feat. 하츠네 미쿠,,,"25시 나이트코드에서,원더랜즈 × 쇼타임",카미시로 루이X쿠사나기 네네,해당없음,,일러스트,magazlly,https://dongne.co/events/df2401/circles/114977,제24회 디. 페스타,Day1
농구멘헤라,UOD,,,,,2sp,슬램덩크,,,북산/산왕,,,,"만화,일러스트,소설",,https://dongne.co/events/df2401/circles/114751,제24회 디. 페스타,Day1
달린다달려,갈괴기,,,,,2sp,슬램덩크,,,,,"로맨틱,섹슈얼",,만화,,https://dongne.co/events/df2401/circles/112820,제24회 디. 페스타,Day1
뒷산한계점,우우린,,,,,2sp,프로젝트 세카이 컬러풀 스테이지! feat. 하츠네 미쿠,,,"아오야기 토우야,시노노메 아키토",아오야기 토우야X시노노메 아키토,"로맨틱,섹슈얼",루이츠카,만화,wwrin_k,https://dongne.co/events/df2401/circles/111340,제24회 디. 페스타,Day1
려채비빔밥,비요,,,,,2sp,세포신곡,"트라이건,버튜버",,아토 하루키,오토와루이X아토하루키,해당없음,,일러스트,kamhee_,https://dongne.co/events/df2401/circles/112546,제24회 디. 페스타,Day1
마마야메론,고래고기,,,,,2sp,프로세카,,,,,,,게임,,https://dongne.co/events/df2401/circles/111641,제24회 디. 페스타,Day1
메르박물관,메르박물관,,,,,1sp,,,,,,,,일러스트,,https://dongne.co/events/df2401/circles/115243,제24회 디. 페스타,Day1
모질노인정,차라,,,,,2sp,,,,,,,,,,https://dongne.co/events/df2401/circles/112254,제24회 디. 페스타,Day1
문대굴대굴,판다군,,,,,1sp,데못죽,슬램덩크,,,청려X문대,"섹슈얼,로맨틱","큰세문대, 태웅대만","만화,일러스트",pandagoonS,https://dongne.co/events/df2401/circles/111692,제24회 디. 페스타,Day1
미어깻동굴,시오,,,,,1sp,명탐정 코난,,,"아카이 슈이치,아무로 토오루",,"로맨틱,섹슈얼",,만화,comet_xio,https://dongne.co/events/df2401/circles/113730,제24회 디. 페스타,Day1
사갈같은놈,사갈,,,,,4sp,화산귀환,,,청명 현화산 구화산,,,,"만화,일러스트,소설",sagal_hwa,https://dongne.co/events/df2401/circles/112368,제24회 디. 페스타,Day1
상어양식장,"칼, 피망",,,,,2sp,가비지타임,,,,최종수X기상호,"해당없음,로맨틱,섹슈얼","병찬상호, 희찬상호",만화,"23_0119, pikooooong",https://dongne.co/events/df2401/circles/114924,제24회 디. 페스타,Day1
손뜨개타임,여단,,,,,2sp,가비지타임,1차,,,,,,,,https://dongne.co/events/df2401/circles/112017,제24회 디. 페스타,Day1
솜뭉치타임,햄,,,,,2sp,가비지 타임,내가 키운 s급들,,,,섹슈얼,,공예,love_sss_s2,https://dongne.co/events/df2401/circles/112795,제24회 디. 페스타,Day1
스콘이탑꾸,스코니,,,,,2sp,플레이브,,,,,,,공예,scone_TopKKu,https://dongne.co/events/df2401/circles/111358,제24회 디. 페스타,Day1
신유고우승,창식,,,,,1sp,가비지타임,,,강인석 조신우 허창현,강인석X조신우,로맨틱,,"만화,일러스트",from_changsick,https://dongne.co/events/df2401/circles/112070,제24회 디. 페스타,Day1
아마라별관,무이킹,,,,,1sp,진여신전생3,타이거&바니,,인수라,단테X인수라,"로맨틱,섹슈얼",바니x타이거,만화,moking999,https://dongne.co/events/df2401/circles/111329,제24회 디. 페스타,Day1
아침드라마,"농놜, 철새",,,,,2sp,슬램덩크,,,,양호열X강백호,,,,babababbabbab,https://dongne.co/events/df2401/circles/111421,제24회 디. 페스타,Day1
애플블로썸,소내,,,,,1sp,세포신곡,데뷔 못하면 죽는 병 걸림 (데못죽),세포신곡 쁘띠존 :: 세포와 인자의 미묘한 상관관계,,,,,일러스트,,https://dongne.co/events/df2401/circles/111445,제24회 디. 페스타,Day1
예나디자인,예나,,,,,2sp,,,,,,,,,,https://dongne.co/events/df2401/circles/113020,제24회 디. 페스타,Day1
원더어쩌고,"B, ^^",,,,,2sp,"프로젝트세카이,마법사의 약속",,,,,,,"만화,일러스트",,https://dongne.co/events/df2401/circles/111353,제24회 디. 페스타,Day1
잡탕그라탕,잠깐,,,,,2sp,데뷔 못 하면 죽는 병 걸림,전지적 독자 시점,,,,,,,zamkkan_dod,https://dongne.co/events/df2401/circles/113780,제24회 디. 페스타,Day1
종상팔아요,날금,,,,,1sp,가비지타임,,종수상호 쁘띠존 1회 : 종착역은 상대방입니다,최종수 기상호,최종수X기상호,로맨틱,,"만화,일러스트",nalguem_,https://dongne.co/events/df2401/circles/115197,제24회 디. 페스타,Day1
종상하세요,조수,,,,,1sp,가비지타임,,종수상호 쁘띠존 1회 : 종착역은 상대방입니다,"최종수,기상호",종수X상호,로맨틱,,"소설,기타",whdtkd0,https://dongne.co/events/df2401/circles/114036,제24회 디. 페스타,Day1
주술램덩크,"팬지,비나",,,,,2sp,슬램덩크,주술회전,,,,,,,_rk_sd,https://dongne.co/events/df2401/circles/113761,제24회 디. 페스타,Day1
준수좋은날,햅띠,,,,,1sp,가비지타임,,,성준수,,,,기타,heptti,https://dongne.co/events/df2401/circles/114232,제24회 디. 페스타,Day1
짜장면가게,우주인마요네즈,,,,,2sp,플레이브,"가비지타임,내가키운S급들",,,,,,"만화,소설",CosMayon,https://dongne.co/events/df2401/circles/113194,제24회 디. 페스타,Day1
총체적난국,촤촤촤,,,,,1sp,스파이더맨,,,,,,,"만화,일러스트",,https://dongne.co/events/df2401/circles/111922,제24회 디. 페스타,Day1
최강티라노,세나티,,,,,2sp,가비지타임,데뷔 못하면 죽는 병 걸림,,,박병찬X기상호,로맨틱,,"소설,일러스트,기타",BeTyranno,https://dongne.co/events/df2401/circles/113964,제24회 디. 페스타,Day1
크림소다당, BNV,,,,,2sp,,,,,,,,,,https://dongne.co/events/df2401/circles/113414,제24회 디. 페스타,Day1
클론연구소,클론,,,,,2sp,슬램덩크,,,정대만 권준호 서태웅 양호열,,로맨틱,"호열대만, 태웅대만","일러스트,소설,만화",daepa_j,https://dongne.co/events/df2401/circles/114116,제24회 디. 페스타,Day1
킴의가시네,루치,,,,,2sp,네가죽어,,,소우 사라,,"로맨틱,섹슈얼",,만화,ru_chi_i,https://dongne.co/events/df2401/circles/112171,제24회 디. 페스타,Day1
태백태백산,라햐,,,,,2sp,슬램덩크,,태웅백호 쁘띠존 : 호호신년,강백호,서태웅X강백호,"로맨틱,해당없음",,"공예,조형,소설",laahyaa,https://dongne.co/events/df2401/circles/111363,제24회 디. 페스타,Day1
태풍집합소,"타코, 비락",,,,,2sp,트라이건 맥시멈,트라이건 스탬피드 / 가비지타임,,"트라이건 - 밧슈,울프우드 // 가비지타임 - 최종수",밧슈울프X울프밧슈,"로맨틱,섹슈얼",,"일러스트,만화,기타","taco_v3, birak27",https://dongne.co/events/df2401/circles/114696,제24회 디. 페스타,Day1
트윙클스타,이슬,,,,,2sp,어두운 바다의 등불이 되어,가비지타임,,박무현,,,,,kkomsuri,https://dongne.co/events/df2401/circles/111751,제24회 디. 페스타,Day1
현실도피자,"고사리, 하현",,,,,1sp,가비지타임,,,기상호,최종수X기상호,"로맨틱,섹슈얼","준상, 뱅상",소설,"gosariorbit, hotclare0987",https://dongne.co/events/df2401/circles/112003,제24회 디. 페스타,Day1
만두가게의 도리,앙,,,,,2sp,주술회전,,고죠유지 쁘띠존 : 겨울을 녹이는 봄,,고죠 사토루X이타도리 유지,섹슈얼,,소설,,https://dongne.co/events/df2401/circles/112656,제24회 디. 페스타,Day1
슈뢰딩거의 부스,미쮸,,,,,1sp,가비지타임,,,"전영중,성준수",전영중X성준수,로맨틱,,,,https://dongne.co/events/df2401/circles/112856,제24회 디. 페스타,Day1
연어마왕의 청춘,연어마왕,,,,,2sp,나의 히어로 아카데미아,주술회전,,,,,,"만화,공예,기타",XX__BX,https://dongne.co/events/df2401/circles/113446,제24회 디. 페스타,Day1
상대고정에 이의 있음!,"수성, 게불",,,,,2sp,"역전재판 시리즈: 역전재판 후기,대역전재판,역전검사",파이널 판타지 14,변호사가 역전을 숨김,"아노 셜록 홈즈,아소우기 카즈마,오도로키 호우스케,두르크 사드마디,미카가미 하카리",아소우기 카즈마X미코토바 유진,"해당없음,로맨틱,섹슈얼","전설조, 반유가코코, 오도두르, 두르아마, 종자바로, 아소왼 / 히카미드","소설,만화,일러스트","disciplexmentor, Ged_the_aad",https://dongne.co/events/df2401/circles/114872,제24회 디. 페스타,Day1
고죠유지가 미래다,"도라, Mmm",,,,,2sp,주술회전,,고죠유지 쁘띠존 : 겨울을 녹이는 봄,"고죠 사토루,이타도리 유우지",고죠 사토루X이타도리 유우지,"로맨틱,섹슈얼",,"만화,소설","dr_goyu, Mmm_jjtks",https://dongne.co/events/df2401/circles/113149,제24회 디. 페스타,Day1
한국장르에 진심인 놈,물개파파,,,,,2sp,"내스급,가비지타임",전독시,,,,,,공예,,https://dongne.co/events/df2401/circles/112899,제24회 디. 페스타,Day1
너구리자식 나한테 무슨짓을,군홍,,,,,2sp,가비지타임,,,,,,,,,https://dongne.co/events/df2401/circles/111996,제24회 디. 페스타,Day1
애정장르는 많지만 덕질장르는 없어,영채라궁,,,,,2sp,오모리,"언더테일,델타룬,살육의 천사,프세카,이브,보컬로이드,세포신곡,네가죽어,전생슬,체인소맨,프세카,던전밥,마인드핵,창작",,,,,,"일러스트,기타",yycckk33,https://dongne.co/events/df2401/circles/114522,제24회 디. 페스타,Day1
고릴튀김과 박쥐염통,닭튀김,,,,,2sp,흡혈귀는 툭하면 죽는다,,,,로널드X드라루크,로맨틱,,만화,onlywonder200,https://dongne.co/events/df2401/circles/113965,제24회 디. 페스타,Day1
라이브라의 키링남들,"두리안, 사제, 이소",,,,,2sp,혈계전선,,혈계전선 쁘띠존 : 라이브라 한국지부 홍보팀,라이브라,,,,"일러스트,기타",,https://dongne.co/events/df2401/circles/113766,제24회 디. 페스타,Day1
화산포목점 삐아체레,삐아체레,,,,,2sp,화산귀환,,,청명 당보 이송백 백천,,,,공예,piacere_s2,https://dongne.co/events/df2401/circles/112811,제24회 디. 페스타,Day1
오타쿠소대 지구침략 .ᐟ ,모로,,,,,2sp,가비지타임 헌터헌터,개구리중사 케로로,,,,,종뱅 상뱅,,Librak1707,https://dongne.co/events/df2401/circles/113455,제24회 디. 페스타,Day1
소꿉친구의 종착역은 부부 아니겠냐,HOD:U,,,,,2sp,나의 히어로 아카데미아,,,"미도리야 이즈쿠,바쿠고 카츠키",바쿠고 카츠키X미도리야 이즈쿠,"로맨틱,섹슈얼",,만화,hoduMHA,https://dongne.co/events/df2401/circles/112419,제24회 디. 페스타,Day1
나무늘보는 호모하고 울어요,"나무늘보, 모스까또우, 중요한건 꺾이지 않는 마음",,,,,4sp,슬램덩크,,태웅백호 쁘띠존 : 호호신년,"서태웅,강백호",서태웅X강백호,"로맨틱,섹슈얼",,"소설,만화","sloth1205, aaasti1397, Asashijixxx",https://dongne.co/events/df2401/circles/111585,제24회 디. 페스타,Day1
유람선에서 농구공이 내려와 하는 말,유람선,,,,,1sp,가비지타임,,,"성준수,진재유",,,,일러스트,ramnole,https://dongne.co/events/df2401/circles/114133,제24회 디. 페스타,Day1
주술사들이 농구하며 원피스 찾는 부스,"오프유, 이거존맛",,,,,2sp,원피스,"주술회전,가비지타임",,올캐러,고죠 사토루X이타도리 유지,"섹슈얼,로맨틱",,"만화,일러스트","OFF_U__, vivivibbi",https://dongne.co/events/df2401/circles/111795,제24회 디. 페스타,Day1
마나석으로 테이크아웃,긎,,,,,1sp,마법사의 약속,,,,,,,일러스트,"0000FF____, gnomonica_",https://dongne.co/events/df2401/circles/113010,제24회 디. 페스타,Day1
우성오시와 현철오시의 크로스!!,뿅란바게트,,,,,2sp,슬램덩크,,,정우성,정우성X신현철,"섹슈얼,로맨틱","우성성구, 현철명헌",,tasub_123,https://dongne.co/events/df2401/circles/112488,제24회 디. 페스타,Day1
삐져나올것 같다고해서 떼줬습니다,MOY,,,,,1sp,나의 히어로 아카데미아,,,,바쿠고 카츠키X미도리야 이즈쿠,로맨틱,우라토가,"만화,일러스트,공예",qhsrP_moy,https://dongne.co/events/df2401/circles/113406,제24회 디. 페스타,Day1
러뷰어셀프 브이틱라이프,밍,,,,,2sp,데뷔 못하면 죽는 병 걸림,,,,,,,,min5ko,https://dongne.co/events/df2401/circles/112014,제24회 디. 페스타,Day1
★잡덕부스★,융융래빗,,,,,1sp,마블,"슬램덩크,스타워즈,스타트렉,데어데블,캡틴마블,테넷,알라딘,쥬라기월드,버즈오브프레이",,,,,,"공예,조형,기타",Y_GoodsY,https://dongne.co/events/df2401/circles/111832,제24회 디. 페스타,Day1
겨울맞이상점,"별모래, 치롤",,,,,2sp,수공예,"마법사의 약속,파이널 판타지14",,,,,,"공예,기타",,https://dongne.co/events/df2401/circles/112694,제24회 디. 페스타,Day1
고양이방앗간,고양이방앗간,,,,,1sp,,,,,,,,,_millcat,https://dongne.co/events/df2401/circles/112126,제24회 디. 페스타,Day1
글쎄요뭘까요,뱀,,,,,1sp,바이오하자드,파판 게임,,,,,,"일러스트,공예",baemc95,https://dongne.co/events/df2401/circles/111737,제24회 디. 페스타,Day1
냉동치즈버거,"noc, 따안",,,,,2sp,혈계전선,,혈계전선 쁘띠존 : 라이브라 한국지부 홍보팀,,스티븐 A 스타페이즈X레오나르도 워치,"섹슈얼,로맨틱",,"만화,일러스트,소설",,https://dongne.co/events/df2401/circles/112847,제24회 디. 페스타,Day1
농구부츠부스,"edna, 에드나, 엗나",,,,,1sp,슬램덩크,,,"정대만,윤대협,서태웅,최동오",서태웅X정대만,"로맨틱,섹슈얼","대협대만, 태웅대만, 동오대만","만화,소설",prozac_00,https://dongne.co/events/df2401/circles/112071,제24회 디. 페스타,Day1
농구천재모임,각,,,,,2sp,슬램덩크,,,,,,,일러스트,nogal_2,https://dongne.co/events/df2401/circles/111967,제24회 디. 페스타,Day1
두부구이정식,옐쓴,,,,,1sp,프로세카,,,"아오야기 토우야,시노노메 아키토",아오야기 토우야X시노노메 아키토,로맨틱,,"일러스트,만화",touaki_numnum,https://dongne.co/events/df2401/circles/113066,제24회 디. 페스타,Day1
두부착즙부스,바다,,,,,2sp,프로젝트 세카이,,,"아오야기 토우야,시노노메 아키토",아오야기 토우야X시노노메 아키토,로맨틱,,만화,bd_0_prsk,https://dongne.co/events/df2401/circles/111372,제24회 디. 페스타,Day1
레트로판타지,ohmarron,,,,,1sp,해리포터,아이돌,,해리포터,,,,"일러스트,공예",Marron_House,https://dongne.co/events/df2401/circles/112409,제24회 디. 페스타,Day1
문어발의업보,ㅎㅅ,,,,,1sp,가비지타임,데못죽,,"박문대,성준수",,,"빵준, 문대른, 대태",만화,,https://dongne.co/events/df2401/circles/111573,제24회 디. 페스타,Day1
쁘띠뽀짝군단,"구구, 뽀짝쿵야",,,,,2sp,플레이브 슬램덩크,화산귀환 데못죽 전독시 내스급 하이큐,,남예준 한노아 서태웅 강백호 정우성 이명헌,,,,,"googoo0731, BBoJJaKKyu",https://dongne.co/events/df2401/circles/113901,제24회 디. 페스타,Day1
수공예처돌이,@bu661y_hand5,,,,,1sp,오리지널 1차 수공예 책상꾸미기 소품 키링 오브제(푸딩 거북이 당고),,,,,,,"공예,기타,조형",bu661y_hand5,https://dongne.co/events/df2401/circles/112292,제24회 디. 페스타,Day1
술렁술렁덩크,구뿅이,,,,,2sp,슬램덩크,,,"정우성,이명헌,양호열,강백호",정우성X이명헌,"로맨틱,섹슈얼",호백,"소설,공예",9ppyong2,https://dongne.co/events/df2401/circles/114401,제24회 디. 페스타,Day1
오타쿠탕후루,이노츠,,,,,2sp,가비지타임,화산귀환,,지상,,,,일러스트,enough_iro,https://dongne.co/events/df2401/circles/111506,제24회 디. 페스타,Day1
인천만지연합,SAGE,,,,,1sp,도쿄 리벤저스,,,ALL,란X린도,"섹슈얼,로맨틱",코코이누,"만화,일러스트",SEIJI_Jang,https://dongne.co/events/df2401/circles/114071,제24회 디. 페스타,Day1
일단가보자고,Rita,,,,,4sp,가비지타임,"주술회전,내가 키운 S급들 등..",,"성준수,고죠 사토루,성현제,쬬",,,,"일러스트,기타",,https://dongne.co/events/df2401/circles/114917,제24회 디. 페스타,Day1
일단내고본다,심해어,,,,,1sp,슬램덩크,강백호x양호열,백호열 쁘띠존 <순간포착 : 왜 백호랑 호열이가 사랑하는 것 같냐>,강백호x양호열,,,,소설,deepdownsee_ome,https://dongne.co/events/df2401/circles/112382,제24회 디. 페스타,Day1
작은먼지상점,타렌,,,,,2sp,내가키운S급들,"전독시,슬램덩크,데못죽 등",,한유진,,,,"만화,소설,일러스트,기타",,https://dongne.co/events/df2401/circles/112278,제24회 디. 페스타,Day1
종상샌드위치,♡,,,,,2sp,가비지타임,,종수상호 쁘띠존 1회 : 종착역은 상대방입니다,,최종수X기상호,로맨틱,,"만화,일러스트",sendheart_,https://dongne.co/events/df2401/circles/114084,제24회 디. 페스타,Day1
준상주의구간,낀,,,,,1sp,가비지타임,,,,성준수X기상호,로맨틱,,소설,GGGGG1NNN,https://dongne.co/events/df2401/circles/115137,제24회 디. 페스타,Day1
책공장공장장,원애,,,,,2sp,,,,,,,,,,https://dongne.co/events/df2401/circles/112817,제24회 디. 페스타,Day1
티티포레스트,llllnetillll,,,,,1sp,"데뷔못하면죽는병걸림,데못죽",해리포터,,박문대,문대,로맨틱,,,llllnetillll,https://dongne.co/events/df2401/circles/112482,제24회 디. 페스타,Day1
햄취취햄취취,김이박배,,,,,2sp,가비지타임,,,진재유,최종수/ 박병찬X기상호,,,,agiBdan_17,https://dongne.co/events/df2401/circles/111750,제24회 디. 페스타,Day1
신성묘견영역 캣독,올드탕,,,,,2sp,가비지타임,,종수상호 쁘띠존 1회 : 종착역은 상대방입니다,"최종수,기상호",최종수X기상호,해당없음,,"만화,일러스트",Old_chicksoup,https://dongne.co/events/df2401/circles/114134,제24회 디. 페스타,Day1
죽음은달라도 우리는하나,"잡, 선인장",,,,,2sp,단간론파,"네가죽어,포켓몬스터",,,,"로맨틱,섹슈얼",,만화,jabducklife,https://dongne.co/events/df2401/circles/111729,제24회 디. 페스타,Day1
감자콩나물조림,"소팟, 포남",,,,,2sp,세포신곡,,세포신곡 쁘띠존 :: 세포와 인자의 미묘한 상관관계,"아토 하루키,이소이 레이지",,,,"기타,공예,일러스트","so_redbean, TL_GluvY02",https://dongne.co/events/df2401/circles/112518,제24회 디. 페스타,Day1
구름이뭉게뭉게,choco8342,,,,,2sp,슬램덩크,가비지타임,,,,,,,s2nolangs2,https://dongne.co/events/df2401/circles/112364,제24회 디. 페스타,Day1
김치찌개마카롱,포롱,,,,,2sp,가비지 타임,,,"기상호,허창현,진재유,박병찬",성준수X기상호,"로맨틱,해당없음",,"소설,만화,일러스트",,https://dongne.co/events/df2401/circles/112448,제24회 디. 페스타,Day1
농최날부스연합,팽이,,,,,2sp,슬램덩크,,,정대만,최동오X정대만,"로맨틱,섹슈얼","우성명헌, 현철명헌, 동오명헌, 태섭대만","만화,일러스트,소설,공예",spinning_314,https://dongne.co/events/df2401/circles/114409,제24회 디. 페스타,Day1
달콤한일러스트,iamyunji,,,,,2sp,모모찌,,,모모찌,,,,일러스트,iamyunji,https://dongne.co/events/df2401/circles/112588,제24회 디. 페스타,Day1
레몬가게곰도리,렌치,,,,,2sp,슬램덩크,,,대협정환,,섹슈얼,,"만화,소설",farfromeit,https://dongne.co/events/df2401/circles/111693,제24회 디. 페스타,Day1
마카롱김치찌개,"시우, 유콧",,,,,2sp,데뷔못하면죽는병걸림,"니지산지,프로젝트세카이",,올캐러,,,,일러스트,"hamtldn, _Yuccot_",https://dongne.co/events/df2401/circles/114307,제24회 디. 페스타,Day1
맡구가또하겟지,"해안구, 마하무트, 놔타쿠",,,,,2sp,플레이브,슬램덩크,,,예준X노아,,,"일러스트,공예,만화",,https://dongne.co/events/df2401/circles/112320,제24회 디. 페스타,Day1
매지컬유니버스,매지유니,,,,,2sp,,,,,,,,,,https://dongne.co/events/df2401/circles/112584,제24회 디. 페스타,Day1
모든게구라같다,느적,,,,,1sp,가비지타임,,,기상호 성준수 박병찬 전영중 최종수,정영중X성준수,,,일러스트,nuzuuk,https://dongne.co/events/df2401/circles/113472,제24회 디. 페스타,Day1
사혼의농구조각,레누아,,,,,2sp,슬램덩크,,,송태섭 등,,,,,x_ggalong,https://dongne.co/events/df2401/circles/113403,제24회 디. 페스타,Day1
산지직판북산고,직판장,,,,,2sp,슬램덩크,,,,,로맨틱,,일러스트,jigpanjang,https://dongne.co/events/df2401/circles/112564,제24회 디. 페스타,Day1
아무거나쓰세요,마루,,,,,1sp,bl,,,자캐,,,,일러스트,,https://dongne.co/events/df2401/circles/113241,제24회 디. 페스타,Day1
엜카롱니지찌개,"사탐, 윈",,,,,2sp,"니지산지,엘소드",반월당의 기묘한 이야기,,"엘소드 (플레이어블 캐릭터),니지산지 (카가미 하야토/마유즈미 카이),반월당의 기묘한 이갸기(백란,유단)",,,,일러스트,"Sachyo_Detector, _W_i_n__",https://dongne.co/events/df2401/circles/113071,제24회 디. 페스타,Day1
이벤트호라이즌,뼏두,,,,,4sp,슬램덩크,카이지,,,,,,"만화,일러스트",queennongnol,https://dongne.co/events/df2401/circles/114165,제24회 디. 페스타,Day1
탱백오우예씨몬,사사,,,,,1sp,슬램덩크,,태웅백호 쁘띠존 : 호호신년,서태웅. 강백호,서태웅X강백호,로맨틱,,"만화,공예",ssassais44,https://dongne.co/events/df2401/circles/112920,제24회 디. 페스타,Day1
프로농구선수가 고교감독과 사귀면 안되는 걸까,소랑,,,,,4sp,가비지타임,,,이현성 조형석,조형석X이현성,"로맨틱,섹슈얼",,"소설,일러스트",sorang_HH,https://dongne.co/events/df2401/circles/114097,제24회 디. 페스타,Day1
갑타귀환못하면 서라벌에서 죽는병걸림,약지,,,,,4sp,화산귀환,"화산귀환,가비지타임,명탐정코난,데뷔못하면죽는병걸림",,"청명,당보",당보X청명,"로맨틱,섹슈얼","NCP, 당보청명, 청명당보, 자하설영, 청려문대","만화,소설,일러스트,공예",_Yakji,https://dongne.co/events/df2401/circles/113576,제24회 디. 페스타,Day1
부스주인고질병:입덕부정,Arian,,,,,2sp,데뷔 못하면 죽는 병 걸림,"전지적 독자 시점,하이큐,쿠로코의 농구,가비지타임",,,,,"메타우리, 쿠로켄, 적흑, 종뱅",소설,,https://dongne.co/events/df2401/circles/111448,제24회 디. 페스타,Day1
귤먹는여우의부스,미유,,,,,1sp,하이큐,,,미야 아츠무,미야 아츠무X히나타 쇼요,"로맨틱,섹슈얼",,만화,miyu___miya,https://dongne.co/events/df2401/circles/111805,제24회 디. 페스타,Day1
그저농구가좋아서,해아,,,,,1sp,가비지타임,슬램덩크,,,,,,일러스트,lllbadgelll,https://dongne.co/events/df2401/circles/113947,제24회 디. 페스타,Day1
까짓거한번해보죠,눌룽쥐,,,,,2sp,슬램덩크,가비지타임,,"최동오,정대만,송태섭,이명헌",서태웅X정대만,"로맨틱,섹슈얼","준수상호, 형석현성","만화,소설",null6909,https://dongne.co/events/df2401/circles/111343,제24회 디. 페스타,Day1
꺄눌레종상제과점,눌레,,,,,2sp,가비지타임,,종수상호 쁘띠존 1회 : 종착역은 상대방입니다,기상호,최종수X기상호,"로맨틱,섹슈얼",,"소설,만화",canele_8585,https://dongne.co/events/df2401/circles/111980,제24회 디. 페스타,Day1
내가슴속에삼점슛,승칠,,,,,2sp,슬램덩크,,,정대만,송태섭X정대만,"로맨틱,섹슈얼",,"만화,일러스트",seungchil_sldk,https://dongne.co/events/df2401/circles/112221,제24회 디. 페스타,Day1
농놀이하고싶어요,"mini, 윤휘 ",,,,,2sp,슬램덩크,,태웅백호 쁘띠존 : 호호신년,서태웅 강백호,서태웅X강백호,"로맨틱,섹슈얼",,"만화,소설",basukemnmn,https://dongne.co/events/df2401/circles/112076,제24회 디. 페스타,Day1
동물모에화전문점,900,,,,,1sp,가비지타임,데못죽,,,,,,"일러스트,공예",,https://dongne.co/events/df2401/circles/113791,제24회 디. 페스타,Day1
뭐든해보겠습니다,"시온, 모리",,,,,2sp,전지적독자시점,"가비지타임,진혼기",,,,"로맨틱,섹슈얼","자하,설영","만화,일러스트,소설",SION_428,https://dongne.co/events/df2401/circles/112686,제24회 디. 페스타,Day1
미남이미래다북산,"sawol, syusyu, 만농",,,,,2sp,슬램덩크,가비지타임,,"서태웅,정대만",서태웅X정대만,,,소설,"sawol_yoon, ROSO_290, popo1414141414",https://dongne.co/events/df2401/circles/111399,제24회 디. 페스타,Day1
부스내다낧고지침,엠티,,,,,2sp,가비지타임,앙스타,,"박병찬,기상호,최종수",전영중X성준수,,타츠히메,일러스트,MT_empty08,https://dongne.co/events/df2401/circles/114615,제24회 디. 페스타,Day1
블루레몬제비꽃차,공책/제비,,,,,2sp,마법사의 약속,"아이돌리쉬 세븐,히프노시스 마이크",,,,해당없음,"루센, 태웅대협","일러스트,소설",maho212020,https://dongne.co/events/df2401/circles/114156,제24회 디. 페스타,Day1
와○○아시는구나,야미노,,,,,2sp,젤다의 전설,이누야샤,,"링크,나락,셋쇼마루",,,,,,https://dongne.co/events/df2401/circles/112009,제24회 디. 페스타,Day1
이것저것보장하라,셀고,,,,,2sp,FGO,,,,,"로맨틱,섹슈얼",,"만화,소설",selfu_appeal,https://dongne.co/events/df2401/circles/111961,제24회 디. 페스타,Day1
초코송이바나나킥,퍄프,,,,,2sp,프로메어,,,,,"로맨틱,섹슈얼",,"만화,소설",poppo_pm,https://dongne.co/events/df2401/circles/111699,제24회 디. 페스타,Day1
고릴라와허접멸치~울트라로맨틱~,BlueBox,,,,,2sp,흡혈귀는 툭하면 죽는다,,,로널드 드라루크,로널드X드라루크,"섹슈얼,로맨틱",,"만화,소설",wow_BlueBox,https://dongne.co/events/df2401/circles/111925,제24회 디. 페스타,Day1
남녀연애자유선언 / 준영아 우리 아까 밥 먹었잖아,은여 / 로즈우드,,,,,2sp,"Fate 시리즈,명탐정 코난","로오히,에이티식스,유희왕",,,,로맨틱,"아카아무, 그 외",소설,eunyu0,https://dongne.co/events/df2401/circles/111362,제24회 디. 페스타,Day1
아직도그게임하니?,Yaco,,,,,1sp,사이퍼즈,,,,,,,,,https://dongne.co/events/df2401/circles/111613,제24회 디. 페스타,Day1
전학…좋아하세요?,페일,,,,,2sp,가비지타임,,,"전영중,성준수",전영중X성준수,로맨틱,"승재, 상뱅, 뱅상, 종상",소설,pale_night1,https://dongne.co/events/df2401/circles/112373,제24회 디. 페스타,Day1
아놀밴놀농놀탑놀+뜨놀,여단,,,,,2sp,가비지타임,데못죽 LUCY,,,,,,,,https://dongne.co/events/df2401/circles/112018,제24회 디. 페스타,Day1
『강경해피엔딩파』,이존버찌,,,,,2sp,트라이건,,"밧슈울프 쁘띠존 : 하여, 우리는 이 백지에 그들을 기록한다.","밧슈 더 스탬피드,니콜라스 D. 울프우드",밧슈X울프우드,"로맨틱,섹슈얼",,"일러스트,소설",trigunballsaram,https://dongne.co/events/df2401/circles/112191,제24회 디. 페스타,Day1
대만아올해도힘내자,김타마,,,,,1sp,슬램덩크,,,정대만,송태섭X정대만,로맨틱,동오대만,만화,TTAMA_3,https://dongne.co/events/df2401/circles/114271,제24회 디. 페스타,Day1
아자아자고유화이팅,"단호박, 만두",,,,,2sp,주술회전,,고죠유지 쁘띠존 : 겨울을 녹이는 봄,"고죠 사토루,이타도리 유지",,로맨틱,,소설,"danho_p, manduchoco",https://dongne.co/events/df2401/circles/113688,제24회 디. 페스타,Day1
오늘정상영업합니다,백언,,,,,1sp,데못죽,,,,,,,,qordjs__s,https://dongne.co/events/df2401/circles/113244,제24회 디. 페스타,Day1
최애행복복지위원회,소단랑,,,,,1sp,명급리,"진혼기,데못죽",,"용제건,김신록",용제건X김신록,로맨틱,"자하설영, 황호의신, 청려문대","소설,일러스트",ththeks,https://dongne.co/events/df2401/circles/112821,제24회 디. 페스타,Day1
미소녀총각할아버지 팬클럽,"Lunch, 찍먹",,,,,2sp,"트라이건,트라이건 맥시멈,트라이건 스탬피드",,,,울프우드X밧슈,"로맨틱,섹슈얼","나이밧슈, 나밧","만화,기타",,https://dongne.co/events/df2401/circles/111621,제24회 디. 페스타,Day1
농구는겨울이제철이다,공자,,,,,2sp,가비지타임,,,"이규,최종수",,섹슈얼,빵준,소설,gontamja_s2,https://dongne.co/events/df2401/circles/111594,제24회 디. 페스타,Day1
농구소리좀안나게해라,엥,,,,,1sp,가비지타임,슬램덩크,,,,,,만화,,https://dongne.co/events/df2401/circles/113865,제24회 디. 페스타,Day1
데쿠と캇쨩のジャジー,모모삐,,,,,2sp,나의 히어로 아카데미아,,,"데쿠,바쿠고",,해당없음,,조형,mmmmm___p,https://dongne.co/events/df2401/circles/114298,제24회 디. 페스타,Day1
새로운경험그만달라고,철분,,,,,2sp,슬램덩크,,,"우성,태웅,동오,명헌,대만",우성X태웅,"로맨틱,섹슈얼",동오명헌,"만화,일러스트",Fe_minute,https://dongne.co/events/df2401/circles/112305,제24회 디. 페스타,Day1
고양이가방에들어가신다,집,,,,,1sp,페르소나5,,,주인공,,,,"만화,일러스트,공예",roh_Ewoong,https://dongne.co/events/df2401/circles/114096,제24회 디. 페스타,Day1
남고딩납치감금살인축구,눌,,,,,1sp,블루록,,부스의 원석들: 펑크는 LOCK OFF,이사기 요이치,,섹슈얼,,소설,Null_watching,https://dongne.co/events/df2401/circles/113478,제24회 디. 페스타,Day1
뭔가를보여드리겠습니다,딴,,,,,2sp,,,,,,,,,JJB_D_,https://dongne.co/events/df2401/circles/113832,제24회 디. 페스타,Day1
이부시마동거권장위원회,로론,,,,,1sp,MIU404,다이아몬드 에이스,,"이부키 아이,시마 카즈미",이부키 아이X시마 카즈미,로맨틱,,만화,0520X0708,https://dongne.co/events/df2401/circles/113237,제24회 디. 페스타,Day1
이여자는제종상이아니다,초코비,,,,,2sp,가비지타임,,종수상호 쁘띠존 1회 : 종착역은 상대방입니다,"최종수,기상호",,로맨틱,,기타,dlqtldkrrnl,https://dongne.co/events/df2401/circles/113631,제24회 디. 페스타,Day1
접수하면어떻게든되겠지,스,,,,,1sp,블루록,,부스의 원석들: 펑크는 LOCK OFF,카이이사,미하엘 카이저X이사기 요이치,,,,,https://dongne.co/events/df2401/circles/112023,제24회 디. 페스타,Day1
축구감옥에서로맨스를함,vivi,,,,,2sp,블루록,,부스의 원석들: 펑크는 LOCK OFF,,나기 세이시로X미카게 레오,로맨틱,,일러스트,bb162534,https://dongne.co/events/df2401/circles/114416,제24회 디. 페스타,Day1
⭐️새해오픈⭐️빵준네 제철귤농장,"공귤 , 새햄",,,,,2sp,가비지타임,,,,전영중X성준수,,기상호x박병찬,,"Gonggyul, Sstofgoak_",https://dongne.co/events/df2401/circles/113789,제24회 디. 페스타,Day1
이제농놀그만해야되는데...,거지,,,,,2sp,가비지타임,,,"전영중,성준수",전영중X성준수,해당없음,,"만화,일러스트",Money_x_x,https://dongne.co/events/df2401/circles/113569,제24회 디. 페스타,Day1
니가없으면혈계는누가지켜,"박봉박, 비터, 고표챤",,,,,2sp,혈계전선,슬램덩크,혈계전선 쁘띠존 : 라이브라 한국지부 홍보팀,,크라우스X스티븐,로맨틱,,"만화,소설,일러스트","14bon9so649, _273dot15D_, A0415Koso",https://dongne.co/events/df2401/circles/113676,제24회 디. 페스타,Day1
신청에성공하면뭐라도내는,메리메무리,,,,,1sp,데못죽,,,박문대,,,,일러스트,cookylove19,https://dongne.co/events/df2401/circles/111891,제24회 디. 페스타,Day1
심각한유사가족중독입니다,P_Phew,,,,,2sp,"화산귀환,약속의 네버랜드","남궁혁,집이 없어",,,청명X윤종,로맨틱,"청명윤종, 조걸윤종","만화,일러스트",p_phew77,https://dongne.co/events/df2401/circles/113687,제24회 디. 페스타,Day1
종친것처럼그래상친것처럼,지고꾸끼,,,,,1sp,가비지 타임,,종수상호 쁘띠존 1회 : 종착역은 상대방입니다,"최종수,기상호",최종수X기상호,로맨틱,,"일러스트,소설,기타",JSH23063104,https://dongne.co/events/df2401/circles/111855,제24회 디. 페스타,Day1
얘들아진짜장르안잡을거니?,121,,,,,2sp,가비지타임,미정,,"최종수,박병찬",최종수X박병찬,"로맨틱,섹슈얼,해당없음",,"만화,일러스트,기타",xswwwxsw,https://dongne.co/events/df2401/circles/111767,제24회 디. 페스타,Day1
나쁜흡혈귀소금빵먹을수없음,소금빵,,,,,2sp,흡혈귀는 툭하면 죽는다,,,드라루크,로날드X드라루크,로맨틱,,만화,salty_bread_of,https://dongne.co/events/df2401/circles/114365,제24회 디. 페스타,Day1
로제떡볶이피자치킨만두가게,cns,,,,,2sp,,,,,,,,,RanrindoS2,https://dongne.co/events/df2401/circles/113261,제24회 디. 페스타,Day1
부스이름짓는게가장어렵더라,카로,,,,,2sp,"원피스,화산귀환",프로세카,,,,,,,karo_pic,https://dongne.co/events/df2401/circles/111775,제24회 디. 페스타,Day1
우리부스계속농구공튕깁니다,모짜오리,,,,,1sp,슬램덩크,,,,,"로맨틱,섹슈얼",,,mozzarellaori,https://dongne.co/events/df2401/circles/113812,제24회 디. 페스타,Day1
종상차려이각박한세상속에서,매생이굴튀김,,,,,2sp,가비지타임,,종수상호 쁘띠존 1회 : 종착역은 상대방입니다,"최종수,기상호",최종수X기상호,로맨틱,,일러스트,0yster_b1rd,https://dongne.co/events/df2401/circles/115216,제24회 디. 페스타,Day1
주인장대학합격시나오는부스,ursula,,,,,2sp,가비지타임,,,,,,,일러스트,new0rld228,https://dongne.co/events/df2401/circles/114884,제24회 디. 페스타,Day1
저주받은지옥의카리스마고양이,"제트, 팔크",,,,,2sp,아이돌리쉬세븐(아이나나),"카리스마,가비지타임",,"타마키,소고,이오리",소우타마X타마소우,"로맨틱,섹슈얼",,"소설,일러스트",letter4M,https://dongne.co/events/df2401/circles/114452,제24회 디. 페스타,Day1
통모짜인간태풍요즘잘자티라노,pon,,,,,2sp,가비지타임,"슬램덩크,주술회전",,,,,,,,https://dongne.co/events/df2401/circles/111505,제24회 디. 페스타,Day1
나를두고전학가면사랑도묶인채 ,낙낙,,,,,2sp,가비지타임,없음,,전영중 성준수 기상호 박병찬 최종수,,해당없음,없음,"만화,일러스트",_nknk__12,https://dongne.co/events/df2401/circles/114625,제24회 디. 페스타,Day1
좌우상대고정전문중고등학교동문회,"진아, 도넛맨",,,,,2sp,트라이건,,"밧슈울프 쁘띠존 : 하여, 우리는 이 백지에 그들을 기록한다.","밧슈 더 스탬피드,니콜라스 D 울프우드",밧슈 더 스탬피드X니콜라스 D 울프우드,"로맨틱,섹슈얼",,만화,"jina_vw, poepeo",https://dongne.co/events/df2401/circles/113747,제24회 디. 페스타,Day1
매화나무아래에서농구하는탐정의시점,성팬(하니),,,,,2sp,화산귀환,"전지적독자시점,가비지타임",,"김독자,유중혁,청명,백천,당보,상호,종수,병찬,준수,영중",,,,,shjpt,https://dongne.co/events/df2401/circles/112663,제24회 디. 페스타,Day1
제가사랑하는아버지니까때리지말아주세요,딱캐,,,,,2sp,세포신곡,,세포신곡 쁘띠존 :: 세포와 인자의 미묘한 상관관계,,이소이레이지X이소이사네미츠,로맨틱,,"만화,소설",SalinmaMongoose,https://dongne.co/events/df2401/circles/115212,제24회 디. 페스타,Day1
죽을때까지돌놀하자탈주하는쪽은돌이되는걸로,b,,,,,1sp,"명탐정 코난,닥터스톤",ss급 비명헌터 등등,,"과학왕국 올캐러,후루엘레",,로맨틱,"세빈지의최민, 히사에리, 료아리, 아키안, 탯준(위탁)",만화,,https://dongne.co/events/df2401/circles/112644,제24회 디. 페스타,Day1
이부스를보고계신단건제가부스신청에성공했단거겠죠,"슬래시, 바댐, 치기",,,,,2sp,트라이건,,,"니콜라스 D 울프우드,밧슈 더 스탬피드",울프우드X밧슈,"섹슈얼,로맨틱",,"만화,소설",,https://dongne.co/events/df2401/circles/112146,제24회 디. 페스타,Day1
구슬당첨구멍쪽에너어서이치죠는으앙이라고하고카이지는개좋아함늪당첨금ㅈㄴ큼,오야,,,,,2sp,fkmt,,,이치죠 세이야,,,,"만화,조형",126649J06,https://dongne.co/events/df2401/circles/115021,제24회 디. 페스타,Day1
내볼까…픽시브 0건 씨피…,검청,,,,,2sp,파라독스 라이브,,,,미야마 케이X야마토 쇼고,,"켄타레오, 시온유토, 수라야차","만화,일러스트,기타,소설",geomcheong,https://dongne.co/events/df2401/circles/114627,제24회 디. 페스타,Day1
00,00,,,,,2sp,0,,,0,,"로맨틱,해당없음,섹슈얼",,,00,https://dongne.co/events/df2401/circles/113742,제24회 디. 페스타,Day1
<백호열 쁘띠존 <순간포착 : 왜 백호랑 호열이가 사랑하는 것 같냐>> 주최 부스 (1),백호열 쁘띠존 <순간포착 : 왜 백호랑 호열이가 사랑하는 것 같냐>,,,,,2sp,,,백호열 쁘띠존 <순간포착 : 왜 백호랑 호열이가 사랑하는 것 같냐>,,,,,,,https://dongne.co/events/df2401/circles/114891,제24회 디. 페스타,Day1
<종수상호 쁘띠존 1회 : 종착역은 상대방입니다> 주최 부스,종수상호 쁘띠존 1회 : 종착역은 상대방입니다,,,,,2sp,,,종수상호 쁘띠존 1회 : 종착역은 상대방입니다,,,,,,,https://dongne.co/events/df2401/circles/113641,제24회 디. 페스타,Day1
인소의 법칙 제 1조 : 연성러들은 마감 기간 안에 마감을 끝낼 수 있다고 생각한다,흫,,,,,2sp,인소의법칙,,,사대령단,유천영X함단이,로맨틱,"은지호x함단이, 이루다x함단이","소설,일러스트,만화",__sherio,https://dongne.co/events/df2401/circles/113704,제24회 디. 페스타,Day1
태백에 인생 저당 잡힌지 1주년,말랑,,,,,1sp,슬램덩크,,태웅백호 쁘띠존 : 호호신년,,,,,,mallangijoayo,https://dongne.co/events/df2401/circles/114338,제24회 디. 페스타,Day1
전생에 1군 남돌이었던 우리가 이번생에는 로판영식???,키림,,,,,1sp,데뷔 못하면 죽는 병 걸림,,,박문대,,,,소설,takeyoursky,https://dongne.co/events/df2401/circles/114881,제24회 디. 페스타,Day1
전생에 1군 남돌이었던 우리가 이번생에는 로판영식...,푸름,,,,,1sp,데뷔못하면죽는병걸림,인소의법칙,,박문대,,,,소설,pooruem_DMJ,https://dongne.co/events/df2401/circles/113842,제24회 디. 페스타,Day1
1년째 공 튀기는 중,농구맘,,,,,2sp,슬램덩크,,,올캐러,,,,만화,,https://dongne.co/events/df2401/circles/114406,제24회 디. 페스타,Day1
1월에 갑타는 완결나있겠지,루우,,,,,1sp,가비지타임,,종수상호 쁘띠존 1회 : 종착역은 상대방입니다,"기상호,최종수",최종수X기상호,"로맨틱,섹슈얼",,,mxtx_bingul,https://dongne.co/events/df2401/circles/111384,제24회 디. 페스타,Day1
( 비 ) 정상영업합니다. 100%할인중. 배포존,결,,,,,2sp,가비지타임,,,"최종수,기상호,박병찬,이초원",최종수X기상호,"로맨틱,해당없음",,"만화,일러스트,소설",gyeul_230228,https://dongne.co/events/df2401/circles/114140,제24회 디. 페스타,Day1
❤︎방문 시 [무/료/법/률/상/담] 100%만족 보장! 두뇌 섹시한 투디캐릭터들 상시 대기중❤︎,"N, 유닉",,,,,2sp,역전재판 시리즈,,변호사가 역전을 숨김,,,"로맨틱,해당없음",,,,https://dongne.co/events/df2401/circles/114855,제24회 디. 페스타,Day1
니지사이코100,호두(クルミ),,,,,1sp,"니지산지 JP,모브사이코100",,,"카나에,쿠즈하",,,,일러스트,"ku_urumii, D100NG",https://dongne.co/events/df2401/circles/113001,제24회 디. 페스타,Day1
레오나르도 워치의 연상공략법 ~상사와 사내연애하는 100가지 방법~,"에델, 라씨, 마찌",,,,,2sp,혈계전선,오로지 혈계전선,혈계전선 쁘띠존 : 라이브라 한국지부 홍보팀,,,,,소설,Mazzy_2nd,https://dongne.co/events/df2401/circles/113899,제24회 디. 페스타,Day1
양평해장국 100호점,매도계멘헤라미소녀남고생,,,,,1sp,슬램덩크,,,"양호열,강백호",양호열X강백호,로맨틱,,만화,,https://dongne.co/events/df2401/circles/112205,제24회 디. 페스타,Day1
사랑의 질량은 10010,배결,,,,,2sp,슬램덩크,,백호열 쁘띠존 <순간포착 : 왜 백호랑 호열이가 사랑하는 것 같냐>,강백호 양호열,강백호X양호열,"로맨틱,섹슈얼",,소설,mittoboom,https://dongne.co/events/df2401/circles/114930,제24회 디. 페스타,Day1
1042thDEAL,디일,,,,,2sp,슬램덩크,"죠죠의 기묘한 모험,스파이더맨",,,양호열X강백호,"로맨틱,섹슈얼","태웅백호, 루하나, 시죠세","만화,일러스트",,https://dongne.co/events/df2401/circles/111534,제24회 디. 페스타,Day1
1햄1케이지,히로히로,,,,,2sp,가비지타임,,,박병찬,박병찬X기상호,로맨틱,,,hirobears,https://dongne.co/events/df2401/circles/111797,제24회 디. 페스타,Day1
11 + 10 = N21,"오디, 하르",,,,,2sp,슬램덩크,,태웅백호 쁘띠존 : 호호신년,"서태웅,강백호",서태웅X강백호,"로맨틱,섹슈얼",,"소설,만화,공예","odzp_ruhana, 2hrrr",https://dongne.co/events/df2401/circles/114662,제24회 디. 페스타,Day1
131번째 강호유람,103호,,,,,2sp,화산귀환,,,,,로맨틱,,"만화,일러스트",P103ho_1,https://dongne.co/events/df2401/circles/113007,제24회 디. 페스타,Day1
1만 3천 297시간과 49분,윈저,,,,,1sp,아이실드21,,,히루마 요이치,무사시X히루마,섹슈얼,아히루,,,https://dongne.co/events/df2401/circles/111424,제24회 디. 페스타,Day1
너구나 그 14번 슈터가,요미,,,,,2sp,슬램덩크,,,정대만,최동오X정대만,,,만화,Rollyomie,https://dongne.co/events/df2401/circles/112460,제24회 디. 페스타,Day1
150 할아버지 너무 사랑하는데 이거 어카면좋으냐고 절망되,4B,,,,,2sp,트라이건,,"밧슈울프 쁘띠존 : 하여, 우리는 이 백지에 그들을 기록한다.","밧슈 더 스탬피드,니콜라스 디 울프우드",밧슈 더 스탬피드X니콜라스 디 울프우드,"로맨틱,섹슈얼",,"일러스트,만화",B4W8D,https://dongne.co/events/df2401/circles/114374,제24회 디. 페스타,Day1
<백호열 쁘띠존 <순간포착 : 왜 백호랑 호열이가 사랑하는 것 같냐>> 주최 부스 (2),백호열 쁘띠존 <순간포착 : 왜 백호랑 호열이가 사랑하는 것 같냐>,,,,,2sp,,,백호열 쁘띠존 <순간포착 : 왜 백호랑 호열이가 사랑하는 것 같냐>,,,,,,,https://dongne.co/events/df2401/circles/114890,제24회 디. 페스타,Day1
해피해피탱백2,"빙회, 뎅군",,,,,2sp,슬램덩크,,태웅백호 쁘띠존 : 호호신년,강백호,서태웅X강백호,"섹슈얼,로맨틱",,"소설,기타,만화","shdqld23, _deng2",https://dongne.co/events/df2401/circles/112591,제24회 디. 페스타,Day1
2024 운세 확인하기 ▶▶ 축 스팁레오 결혼 대운,"사라, 이사야",,,,,1sp,혈계전선,,혈계전선 쁘띠존 : 라이브라 한국지부 홍보팀,"스티븐 A 스타페이즈,레오나르도 워치",스티븐 A 스타페이즈X레오나르도 워치,"로맨틱,섹슈얼",,소설,on_se_renity,https://dongne.co/events/df2401/circles/112054,제24회 디. 페스타,Day1
안녕하세요농구선수기상호입니다부산은제가농구로도자주찾는도시이고제가사랑하는정말경이로운도시죠이도시의매력을이천삼십년저와함께찾아보시지않겠어요부산에서만나요유치를위하여다함께나가자2030부산월드엑스포,"허사, 쑥떡파인애플갈비탕",,,,,2sp,가비지타임,,,"최종수,기상호,박병찬,정희찬... 등등 올캐러",최종수X기상호,"섹슈얼,로맨틱","최종병기, 뱅상","일러스트,기타","Heosa_2306, ggang8282",https://dongne.co/events/df2401/circles/112148,제24회 디. 페스타,Day1
찐빵 213개 쥬세요! (귀엽다는듯이 웃기),"찐빵, 213",,,,,2sp,가비지타임,,,,기상호X박병찬,"로맨틱,섹슈얼",빵준,"만화,일러스트","morgen_brot, suloful",https://dongne.co/events/df2401/circles/115114,제24회 디. 페스타,Day1
2306년 전통 236대 곰네 동인국밥,한세디,,,,,2sp,가비지타임,,종수상호 쁘띠존 1회 : 종착역은 상대방입니다,"최종수,기상호",최종수X기상호,로맨틱,,"일러스트,소설",HanseD257,https://dongne.co/events/df2401/circles/114635,제24회 디. 페스타,Day1
2321세종뱅러들의최후의끌어치기,핍,,,,,1sp,가비지타임,,,최종수 박병찬,최종수X박병찬,"로맨틱,섹슈얼",,소설,frompibb,https://dongne.co/events/df2401/circles/112132,제24회 디. 페스타,Day1
236 종상의 나라,일회용,,,,,2sp,가비지타임,,종수상호 쁘띠존 1회 : 종착역은 상대방입니다,,최종수X기상호,"로맨틱,섹슈얼",,소설,Hyun_xJin,https://dongne.co/events/df2401/circles/111589,제24회 디. 페스타,Day1
여름낮2401,겨울밤,,,,,2sp,화산귀환,로오히 꿈라프 킹프리 수공예,,,,,,,,https://dongne.co/events/df2401/circles/111778,제24회 디. 페스타,Day1
25시간 깨어있음,냠충,,,,,1sp,프로젝트 세카이,,,니고,,,,"만화,일러스트",kR21Pzg,https://dongne.co/events/df2401/circles/113078,제24회 디. 페스타,Day1
아루는 26시간이 모자라,아루,,,,,2sp,가비지타임,"슬램덩크,데뷔 못하면 죽는 병 걸림",,가비지타임 전체 메인 캐릭터,,"해당없음,로맨틱",데못죽 엋문(청려-문대),"만화,소설","__au_79, Love_26k",https://dongne.co/events/df2401/circles/113817,제24회 디. 페스타,Day1
28x15m,향,,,,,2sp,가비지타임,남궁혁(버튜버),,성준수 진재유,성준수X진재유,"로맨틱,섹슈얼",,"만화,일러스트,기타,공예",hyang_kalenim,https://dongne.co/events/df2401/circles/111490,제24회 디. 페스타,Day1
2D X 3D,이서,,,,,2sp,플레이브,"앙스타,헌터x헌터",,,,,,"일러스트,공예",iseo_12,https://dongne.co/events/df2401/circles/112637,제24회 디. 페스타,Day1
30년 전통 호랑이 고로케,림좌,,,,,1sp,슬램덩크,,태웅백호 쁘띠존 : 호호신년,"서태웅,강백호",서태웅X강백호,로맨틱,,소설,Rimja_02,https://dongne.co/events/df2401/circles/113373,제24회 디. 페스타,Day1
평균연령 307살,파슬리/메종 드 철배/LM/말랑,,,,,2sp,마법사의 약속,,,브래들리/네로/리케/미틸,,,,"만화,일러스트","pasullli, mabooljae, lmlm_possideo, marrang_mhyk",https://dongne.co/events/df2401/circles/113651,제24회 디. 페스타,Day1
3점슛을 110번 ,로봇,,,,,2sp,가비지타임,,,,,,,,robot__ch,https://dongne.co/events/df2401/circles/113443,제24회 디. 페스타,Day1
31번의 4번들,철,,,,,2sp,가비지타임,,,"성준수,전영중,진재유",성준수X전영중,"로맨틱,섹슈얼",성준수x진재유,"일러스트,만화",kgse220,https://dongne.co/events/df2401/circles/113438,제24회 디. 페스타,Day1
3232,소롱,,,,,2sp,내가키운s급들,화산귀환 가비지타임,,,,,,,sorong33,https://dongne.co/events/df2401/circles/111648,제24회 디. 페스타,Day1
33년의 순애,페이지,,,,,1sp,슬램덩크,,백호열 쁘띠존 <순간포착 : 왜 백호랑 호열이가 사랑하는 것 같냐>,강백호,,,,소설,nooo_eezee,https://dongne.co/events/df2401/circles/112416,제24회 디. 페스타,Day1
영오를 믿기 미아를 믿기 4,"영오, 미아",,,,,4sp,"가비지타임,플레이브,주술회전","가비지타임,플레이브,주술회전",,,,,,"일러스트,만화","youngoh0505, mmmiaa__",https://dongne.co/events/df2401/circles/113634,제24회 디. 페스타,Day1
아발론 변두리 맥주감자집 4호점,리나,,,,,1sp,로드 오브 히어로즈(로오히),페이트/사무라이 렘넌트,,"요한 테일드,프람 베르그",요한X프람,로맨틱,,만화,_linalord_,https://dongne.co/events/df2401/circles/113485,제24회 디. 페스타,Day1
4825%,사파,,,,,2sp,버튜버,앙상블스타즈,,,,해당없음,,"만화,일러스트",,https://dongne.co/events/df2401/circles/111457,제24회 디. 페스타,Day1
52도로 자전중,わゆ,,,,,2sp,주술회전,,고죠유지 쁘띠존 : 겨울을 녹이는 봄,"고죠 사토루,이타도리 유우지,후시구로 메구미,쿠기사키 노바라",고죠 사토루X이타도리 유우지,로맨틱,,일러스트,wau_uu8,https://dongne.co/events/df2401/circles/114016,제24회 디. 페스타,Day1
                                                                                                                                                                                          572 no friends,안건,,,,,2sp,주술회전,,,"고죠 사토루,게토 스구루",고죠 사토루X게토 스구루,"로맨틱,섹슈얼",,"만화,일러스트",goodteethguys,https://dongne.co/events/df2401/circles/111754,제24회 디. 페스타,Day1
[최상급]산지직송 구식농장 꿀사과 6kg 21kg ,구식,,,,,1sp,가비지타임,,,"기상호,박병찬",기상호X박병찬,로맨틱,,일러스트,sickziguuu,https://dongne.co/events/df2401/circles/114273,제24회 디. 페스타,Day1
7년 보장된 맛집: 프랑소와와패니즈코리안머튼커리파스타집,요븐,,,,,4sp,화산귀환,"가비지타임,데뷔 못하면 죽는 병 걸림,내가 키운 S급들",,"장일소,청명",장일소X청명,"로맨틱,섹슈얼","상호병찬, 올캐릭터(NCP)","만화,일러스트,소설,공예,기타",,https://dongne.co/events/df2401/circles/111639,제24회 디. 페스타,Day1
혈중태대농도 714%,대망,,,,,2sp,슬램덩크,,,"송태섭,정대만",송태섭X정대만,"로맨틱,섹슈얼",,,daeman_moms,https://dongne.co/events/df2401/circles/111514,제24회 디. 페스타,Day1
ADDICTION,순자,,,,,2sp,명탐정코난,"슬램덩크,트라이건",,아카이슈이치,아카이슈이치X아무로토오루,섹슈얼,울프우드밧슈,소설,I_A_Se,https://dongne.co/events/df2401/circles/111578,제24회 디. 페스타,Day1
ALL STAR 티켓 배부소,PP,,,,,2sp,가비지타임,,,,,,,,2_PP22,https://dongne.co/events/df2401/circles/113098,제24회 디. 페스타,Day1
ALL STAR 티켓 배부소,PP,,,,,2sp,가비지타임,,,,,,,,2_PP22,https://dongne.co/events/df2401/circles/113099,제24회 디. 페스타,Day1
ANGEL-IN-US sandwich club,염,,,,,2sp,트라이건,세포신곡,,"밀리온즈 나이브스,밧슈 더 스탬피드,니콜라스 D 울프우드",나이브스X밧슈,섹슈얼,울프밧슈,"만화,일러스트",Citronplanet,https://dongne.co/events/df2401/circles/115004,제24회 디. 페스타,Day1
바니:BANY,바니,,,,,2sp,원피스,"수공예인형,스티커등등등",,"루피,에이스,사보,다수 원피스친구들",,,,,ye_190X666,https://dongne.co/events/df2401/circles/112618,제24회 디. 페스타,Day1
반바지가 BL을 구한다,까마중,,,,,2sp,블루록,,부스의 원석들: 펑크는 LOCK OFF,"바치라메구루,이사기요이치",,"로맨틱,섹슈얼",,소설,gimkkamjung0808,https://dongne.co/events/df2401/circles/111420,제24회 디. 페스타,Day1
스트라이커라는 죄로 BL이라는 교도소에 갇혀 유니폼이라는 죄수복을 입고 축구라는 벌을 받고 에고이스트라는 석방을 기다린다,우,,,,,2sp,블루록,"전독시,데못죽,화산귀환",,"이사기,김독자,박문대,청명",이사기,로맨틱,,,,https://dongne.co/events/df2401/circles/112449,제24회 디. 페스타,Day1
BL부스,러시아워,,,,,2sp,블루록,,부스의 원석들: 펑크는 LOCK OFF,"나기 세이시로,미카게 레오",나기 세이시로X미카게 레오,"로맨틱,섹슈얼",,만화,rushAawer,https://dongne.co/events/df2401/circles/111757,제24회 디. 페스타,Day1
『 절대로 BL(blue lock)이 되는 부스 』 ,야키,,,,,1sp,블루록,,부스의 원석들: 펑크는 LOCK OFF,,나기 세이시로X미카게 레오,로맨틱,,"만화,일러스트",yaki_bl,https://dongne.co/events/df2401/circles/113660,제24회 디. 페스타,Day1
BL의맛tv,멀미,,,,,1sp,블루록,,부스의 원석들: 펑크는 LOCK OFF,,나기 세이시로X이사기 요이치,,린이사,소설,,https://dongne.co/events/df2401/circles/112841,제24회 디. 페스타,Day1
Blue is The New Black,과일소주,,,,,2sp,가비지타임,,,박병찬 성준수 최종수,박병찬X성준수,"섹슈얼,로맨틱","박병찬×최종수, 전영중×성준수, 기상호×최종수",소설,bb_soju,https://dongne.co/events/df2401/circles/112025,제24회 디. 페스타,Day1
BLUE LOCK이여 긴장하라! BL이 온다!,윌슨,,,,,1sp,블루록,,부스의 원석들: 펑크는 LOCK OFF,"이사기 요이치,이토시 린,나기 세이시로",이토시 린X이사기 요이치,로맨틱,나기이사,소설,wewill_lxckyou,https://dongne.co/events/df2401/circles/113441,제24회 디. 페스타,Day1
 B+R=P  , 만쥬/삥,,,,,1sp,슬램덩크,,,"윤대협,서태웅",,"로맨틱,섹슈얼",,,br_0522,https://dongne.co/events/df2401/circles/113201,제24회 디. 페스타,Day1
BUSTER!!,winston,,,,,2sp,화산귀환,,,청명,당보X청명,,"당청, 백청",,,https://dongne.co/events/df2401/circles/111381,제24회 디. 페스타,Day1
cell of 신라,차,,,,,2sp,반월당,"세포신곡,진혼기",,"백란,유단,알파,하루키",백란X유단,해당없음,"자하설영, 포도하루","소설,일러스트",gakcha_N,https://dongne.co/events/df2401/circles/113795,제24회 디. 페스타,Day1
COLOR ROTATION,MEEMA,,,,,2sp,명일방주 플레이브 데뷔못하면죽는병걸림,내가키운s급들,,,,,,,M_33M4,https://dongne.co/events/df2401/circles/112075,제24회 디. 페스타,Day1
초절COOL 사회인도 덕질하고 싶어!,박궁,,,,,1sp,세포신곡,악마에 입문했습니다! 이루마군,세포신곡 쁘띠존 :: 세포와 인자의 미묘한 상관관계,낙원조,,,,일러스트,cook__zhffk,https://dongne.co/events/df2401/circles/113387,제24회 디. 페스타,Day1
결혼보다 생존이 더 급한 CP,"삼사,엔진",,,,,2sp,트라이건,,,"밧슈 더 스탬피드,밀리온즈 나이브스",나이브스X밧슈,"섹슈얼,로맨틱",,"기타,소설,만화,일러스트",,https://dongne.co/events/df2401/circles/112055,제24회 디. 페스타,Day1
Crotti,kitami,,,,,2sp,슬램덩크,"원피스,스타트렉,다이아몬드 에이스",,"이정환,전호장,신준섭",,,,만화,,https://dongne.co/events/df2401/circles/112209,제24회 디. 페스타,Day1
Dear. 공방,나비,,,,,2sp,,,,,,,,공예,Gongbangdear,https://dongne.co/events/df2401/circles/113882,제24회 디. 페스타,Day1
Endless Dream,루다,,,,,2sp,슬램덩크,테일즈 오브 제스티리아,,"송태섭,송아라",송태섭X이한나,로맨틱,"슬레미쿠,태섭한나",,karlin_123,https://dongne.co/events/df2401/circles/112225,제24회 디. 페스타,Day1
everblue,이온,,,,,1sp,가비지타임,,,기상호 박병찬,기상호X박병찬,로맨틱,논커플링(ncp),"만화,일러스트,소설",ionblue,https://dongne.co/events/df2401/circles/114863,제24회 디. 페스타,Day1
명문고 EX급 조연의 컬러풀 스테이지,대학생,,,,,2sp,"명급리,프로세카",,,,,,,,,https://dongne.co/events/df2401/circles/113049,제24회 디. 페스타,Day1
Fennel,tita,,,,,2sp,TRIGUN,,"밧슈울프 쁘띠존 : 하여, 우리는 이 백지에 그들을 기록한다.","밧슈 더 스탬피드,니콜라스 D 울프우드",밧슈X니콜라스,"섹슈얼,로맨틱",,만화,tinetittaa0415,https://dongne.co/events/df2401/circles/114893,제24회 디. 페스타,Day1
픽스픽 fix_pick,픽스,,,,,2sp,슬램덩크,,,이명헌 정우성 강백호 서태웅 정대만,,,,일러스트,fix0614,https://dongne.co/events/df2401/circles/114634,제24회 디. 페스타,Day1
gggggggggggoooooooooooooooooooooooooooogggggggggggggeeeeeeeeeeeeeeeeeeeeeeeeeeeeeeeeeeeeeeeeeeeeeeeeeeeeee,lusch,,,,,1sp,주술회전,,,"고죠 사토루,게토 스구루",고죠 사토루X게토 스구루,"로맨틱,섹슈얼",,,lunchsetB,https://dongne.co/events/df2401/circles/114177,제24회 디. 페스타,Day1
GO,점,,,,,1sp,임시,,,임시,,,,기타,,https://dongne.co/events/df2401/circles/113436,제24회 디. 페스타,Day1
guess what?," endian , 닉넴",,,,,2sp,슬램덩크,,태웅백호 쁘띠존 : 호호신년,서태웅x강백호,,"로맨틱,섹슈얼",,"소설,만화","endi_slam, Nicknem__",https://dongne.co/events/df2401/circles/114720,제24회 디. 페스타,Day1
Gyuri,규리,,,,,1sp,디지몬,,,,,,,,,https://dongne.co/events/df2401/circles/111654,제24회 디. 페스타,Day1
hanabi rendezvous,nori,,,,,2sp,프로젝트 세카이,,,,,,,,,https://dongne.co/events/df2401/circles/112649,제24회 디. 페스타,Day1
HH,재농,,,,,2sp,가비지타임,화산귀환,,"조형석,이현성,강인석,조신우,조걸,윤종,당보,청명",조형석X이현성,로맨틱,"인석신우, 조걸윤종, 당보청명","소설,기타",interestingbsk,https://dongne.co/events/df2401/circles/114321,제24회 디. 페스타,Day1
HL State Of Mind,타라몬,,,,,2sp,혈계전선,"트라이건,해리포터",혈계전선 쁘띠존 : 라이브라 한국지부 홍보팀,"혈계전선 캐릭터,트라이건 캐릭터",레오나르도 워치X재프 렌프로,해당없음,,소설,tara_love_peace,https://dongne.co/events/df2401/circles/113395,제24회 디. 페스타,Day1
I'm fark moon dae,"Tt, 꼬깜",,,,,2sp,데뷔 못하면 죽는 병 걸림,,,"박문대,청려,류청우,배세진,큰세진,선아현,차유진,김래빈",청려X박문대,"로맨틱,섹슈얼","큰세문대, 유진래빈, 동갑조, 논컾",일러스트,"TteSTAR_, GGOGGAM_",https://dongne.co/events/df2401/circles/111850,제24회 디. 페스타,Day1
농놀 ing,당고,,,,,1sp,슬램덩크,,,,,,,,dango_1110,https://dongne.co/events/df2401/circles/113942,제24회 디. 페스타,Day1
JJK 공동경비구역,"달래, 강, 궁맥",,,,,2sp,주술회전,,,"고죠 사토루,게토 스구루,이에이리 쇼코",,,,기타,"ID_DAL_RAE, pseudogang_, Emaxx",https://dongne.co/events/df2401/circles/113638,제24회 디. 페스타,Day1
카미고KKUL맛조합,향,,,,,2sp,프로젝트 세카이 컬러풀 스테이지! feat. 하츠네 미쿠,,,"루이,츠카사,토우야,아키토,미즈키",카미시로 루이X텐마 츠카사,"섹슈얼,로맨틱",토우아키,"만화,소설",Hyang_prsk,https://dongne.co/events/df2401/circles/115219,제24회 디. 페스타,Day1
Kozmic*cosmo,Koz,,,,,2sp,슬램덩크,,,해남대부속고 이정환 전호장,이정환X전호장,,,만화,nowhere616,https://dongne.co/events/df2401/circles/111787,제24회 디. 페스타,Day1
<부스의 원석들: 펑크는 LOCK OFF> 주최 부스,부스의 원석들: 펑크는 LOCK OFF,,,,,2sp,,,부스의 원석들: 펑크는 LOCK OFF,,,,,,,https://dongne.co/events/df2401/circles/111419,제24회 디. 페스타,Day1
LOVE 1999,천사,,,,,2sp,헌터x헌터,"유유백서,슬램덩크,죠죠의 기묘한 모험",,,,,,일러스트,Love__ppi,https://dongne.co/events/df2401/circles/112658,제24회 디. 페스타,Day1
made by 자윤,자윤,,,,,2sp,,,,,,,,공예,jayun_blue,https://dongne.co/events/df2401/circles/112873,제24회 디. 페스타,Day1
MicroUniverse,유월은준,,,,,2sp,,,,,,,,,juneeunjune,https://dongne.co/events/df2401/circles/112536,제24회 디. 페스타,Day1
My☆Planet,행성지기,,,,,2sp,핸드메이드 봉제인형,,,,,,,공예,My_Planet_Doll,https://dongne.co/events/df2401/circles/113012,제24회 디. 페스타,Day1
N회차 김치찌개,꿍요,,,,,2sp,"슬램덩크,겁쟁이페달",도박마,,,,,,만화,kkung_yo,https://dongne.co/events/df2401/circles/111540,제24회 디. 페스타,Day1
nennen,넹,,,,,1sp,프로젝트 세카이,앙상블 스타즈,,,,,,,nn_game1,https://dongne.co/events/df2401/circles/111411,제24회 디. 페스타,Day1
미친 그림러 모드 on,구마린,,,,,4sp,파이널 판타지 14,"플레이브,세븐틴",,,,,,,Coumarinnn,https://dongne.co/events/df2401/circles/113724,제24회 디. 페스타,Day1
 ONLY GOGE,사뿐,,,,,2sp,주술회전,,,"고죠 사토루,게토 스구루",고죠 사토루X게토 스구루,"로맨틱,섹슈얼",,"만화,일러스트",,https://dongne.co/events/df2401/circles/115182,제24회 디. 페스타,Day1
Platina Comet,트리아논,,,,,2sp,앙상블스타즈,버튜버,,유우키 마코토,,섹슈얼,트릭스타 넷이 사귐,"만화,일러스트,기타",anon_ovs,https://dongne.co/events/df2401/circles/111593,제24회 디. 페스타,Day1
Pretty Savage,"폭, 그냥",,,,,2sp,"트라이건,혈계전선",,혈계전선 쁘띠존 : 라이브라 한국지부 홍보팀,,밧슈른,,,"일러스트,만화","FIREPOK1, gnyang27",https://dongne.co/events/df2401/circles/112098,제24회 디. 페스타,Day1
quinoli,케챠라챺빵,,,,,2sp,Nu Carnival,트라이건,,케시 & 올리빈,케시X올리빈,"섹슈얼,로맨틱",울프우드른,"소설,만화",xjcjdd__fscc,https://dongne.co/events/df2401/circles/114217,제24회 디. 페스타,Day1
상호의 달밤의ㅋr페인,"꼬알, 공새, 에베",,,,,2sp,가비지타임,데뷔를 못하면 죽는병 걸림,,,,,,,,https://dongne.co/events/df2401/circles/111649,제24회 디. 페스타,Day1
Re-boot + 우리축구정상영업합니다,피망,,,,,2sp,"블루록,문호 스트레이독스",,,,,,,만화,spade999_p,https://dongne.co/events/df2401/circles/111440,제24회 디. 페스타,Day1
백호열 앰버Sㅓ더,"라라, 칠",,,,,2sp,슬램덩크,,백호열 쁘띠존 <순간포착 : 왜 백호랑 호열이가 사랑하는 것 같냐>,"강백호,양호열",강백호X양호열,"로맨틱,섹슈얼",,"소설,만화","714raranchurus, qkddma",https://dongne.co/events/df2401/circles/112192,제24회 디. 페스타,Day1
S급 외모 EX급 가창 그리고...(왕!),"비노, 함마",,,,,2sp,데뷔 못하면 죽는 병 걸림,,,,,"로맨틱,섹슈얼","청려문대, 논커플링",일러스트,Vino_dmj,https://dongne.co/events/df2401/circles/114560,제24회 디. 페스타,Day1
Space cowboy ,Rozaroza ,,,,,2sp,트라이건 맥시멈,,,리비오 라즐로,라즐로X리비오,"로맨틱,해당없음",,만화,yBTjL4DZy7Wgp0j,https://dongne.co/events/df2401/circles/115142,제24회 디. 페스타,Day1
SPASE ANCIENT MAN YAOI ,냠냥,,,,,1sp,울트라맨 오브,가면라이더 가이무,,,,,,,,https://dongne.co/events/df2401/circles/112804,제24회 디. 페스타,Day1
stray kids,somesing,,,,,2sp,데뷔 못 하면 죽는 병 걸림,"가비지타임,앙상블 스타즈",,,차유진X김래빈,로맨틱,"청우배세, 문대아현, 큰세문대, 뱅상, 치아미도",소설,onedogsing,https://dongne.co/events/df2401/circles/111432,제24회 디. 페스타,Day1
밧슈 THE 씹탑피드,"헤, 북",,,,,2sp,트라이건 맥시멈,,,"밧슈,울프우드,메릴",밧슈X울프우드,로맨틱,밧슈메릴,"만화,소설",,https://dongne.co/events/df2401/circles/115139,제24회 디. 페스타,Day1
tkfkatkffu,사람살려,,,,,2sp,가비지타임,슬램덩크,,"최종수,박병찬 / 서태웅,정대만",,"로맨틱,섹슈얼",서태웅x정대만,"만화,소설,일러스트",_tkfkatkffu,https://dongne.co/events/df2401/circles/114166,제24회 디. 페스타,Day1
태웅백호tv,"오목눈이&보스, 나무",,,,,2sp,슬램덩크,,태웅백호 쁘띠존 : 호호신년,태웅백호 태백 루하나 서태웅 강백호,서태웅X강백호,"로맨틱,섹슈얼",없음,"소설,만화","omoknun_2, 1DUNK1",https://dongne.co/events/df2401/circles/114387,제24회 디. 페스타,Day1
Two Rabbits & 자몽공방,Rabbits,,,,,2sp,데못죽,"가비지타임,하이큐,앙스타,슬램덩크 외",,,,,,"공예,조형,기타",2rabbits,https://dongne.co/events/df2401/circles/111668,제24회 디. 페스타,Day1
VELTUS(벨투스),쟈키퐁,,,,,4sp,,,,,,,,"조형,기타,일러스트,음반",veltus_lab,https://dongne.co/events/df2401/circles/111615,제24회 디. 페스타,Day1
"마카롱, 의자, 그리고 화랑 vs 닌자",권도,,,,,1sp,"진혼기,나루토",슬램덩크,,,,해당없음,,일러스트,syzhlv,https://dongne.co/events/df2401/circles/113983,제24회 디. 페스타,Day1
wwwwwww,wave,,,,,2sp,,,,,,,,,,https://dongne.co/events/df2401/circles/115226,제24회 디. 페스타,Day1
수달의 작업실X꽁뜨공방,김수달X꽁치,,,,,2sp,"뜨개소품,탑로더",,,,,,,공예,sudal_s,https://dongne.co/events/df2401/circles/112945,제24회 디. 페스타,Day1
뮤ㅅ뮤 x ◐3◐.,노농,,,,,1sp,가비지타임,,종수상호 쁘띠존 1회 : 종착역은 상대방입니다,"최종수,기상호",최종수X기상호,로맨틱,,"만화,기타",nonong99099,https://dongne.co/events/df2401/circles/113260,제24회 디. 페스타,Day1
감자튀김XXL,"cxuxe, 현생",,,,,1sp,혈계전선,,혈계전선 쁘띠존 : 라이브라 한국지부 홍보팀,"스티븐 A 스타페이즈,레오나르도 워치",스티븐 A 스타페이즈X레오나르도 워치,"로맨틱,섹슈얼",,"소설,기타",,https://dongne.co/events/df2401/circles/112831,제24회 디. 페스타,Day1
뱅찬의 미숫가루ZrTTㅔ,꼬알,,,,,1sp,가비지 타임,데뷔를 못하면 죽는 병 걸림,,박병찬,,,,,,https://dongne.co/events/df2401/circles/111650,제24회 디. 페스타,Day1
행복万의 道,쵸이,,,,,2sp,도쿄 리벤저스,,,하나가키 타케미치,하나가키 타케미치,,,,,https://dongne.co/events/df2401/circles/111971,제24회 디. 페스타,Day1
                                                                                                                                                                                                    今際の際,"ON, CC",,,,,2sp,주술회전,,,"고죠 사토루,게토 스구루",고죠 사토루X게토 스구루,"로맨틱,섹슈얼",,"만화,일러스트","I224off, ggss_cc",https://dongne.co/events/df2401/circles/113665,제24회 디. 페스타,Day1
순애(殉愛):[하츠우츠] 사랑을 위하여 모든 것을 바침,니어어,,,,,2sp,세포신곡.,화산귀환,,"하츠토리 하지메,우츠기 노리유키",하츠토리 하지메X우츠기 노리유키,해당없음,하츠우츠,"일러스트,기타",Die_nier,https://dongne.co/events/df2401/circles/115217,제24회 디. 페스타,Day1
<<프리스트 소설 연구회> 작품 수위와 덕질 지속성의 상관 관계에 대하여> 주최 부스,<프리스트 소설 연구회> 작품 수위와 덕질 지속성의 상관 관계에 대하여,,,,,2sp,,,<프리스트 소설 연구회> 작품 수위와 덕질 지속성의 상관 관계에 대하여,,,,,,,https://dongne.co/events/novel04/circles/116929,"아아─, 이것이 『소설』이라는 것이다. Chapter 4",Day2
"<아아─, 이것이 『현제유진』이라는 것이다. ",부야오,,,,,2sp,내가키운S급들,내스급,"댁네 집이었는데, 이젠 우리집입니다.",성현제 한유진,,섹슈얼,,소설,negakiunseupdl,https://dongne.co/events/novel04/circles/116617,"아아─, 이것이 『소설』이라는 것이다. Chapter 4",Day2
<엋문 쁘띠존 : 감미로운 사랑의 맛이었다> 주최 부스,엋문 쁘띠존 : 감미로운 사랑의 맛이었다,,,,,2sp,,,엋문 쁘띠존 : 감미로운 사랑의 맛이었다,,,,,,,https://dongne.co/events/novel04/circles/117235,"아아─, 이것이 『소설』이라는 것이다. Chapter 4",Day2
<피의 일소청명 쁘띠존 ~부부클리닉 사랑과 전쟁(주의: 진짜전쟁함)~> 주최 부스,피의 일소청명 쁘띠존 ~부부클리닉 사랑과 전쟁(주의: 진짜전쟁함)~,,,,,2sp,,,피의 일소청명 쁘띠존 ~부부클리닉 사랑과 전쟁(주의: 진짜전쟁함)~,,,,,,,https://dongne.co/events/novel04/circles/116899,"아아─, 이것이 『소설』이라는 것이다. Chapter 4",Day2
"<댁네 집이었는데, 이젠 우리집입니다.> 주최 부스","댁네 집이었는데, 이젠 우리집입니다.",,,,,2sp,,,"댁네 집이었는데, 이젠 우리집입니다.",,,,,,,https://dongne.co/events/novel04/circles/116434,"아아─, 이것이 『소설』이라는 것이다. Chapter 4",Day2
"<천관이 복을 내리시니, 쁘띠존 걱정 하나 없다> 주최 부스","천관이 복을 내리시니, 쁘띠존 걱정 하나 없다",,,,,2sp,,,"천관이 복을 내리시니, 쁘띠존 걱정 하나 없다",,,,,,,https://dongne.co/events/novel04/circles/116055,"아아─, 이것이 『소설』이라는 것이다. Chapter 4",Day2
<섭남파업 예서른 쁘띠존 ~세상에서 가장 완벽하고 궁극적인 우회전 궁주님 연모회~> 주최 부스,섭남파업 예서른 쁘띠존 ~세상에서 가장 완벽하고 궁극적인 우회전 궁주님 연모회~,,,,,2sp,,,섭남파업 예서른 쁘띠존 ~세상에서 가장 완벽하고 궁극적인 우회전 궁주님 연모회~,,,,,,,https://dongne.co/events/novel04/circles/116592,"아아─, 이것이 『소설』이라는 것이다. Chapter 4",Day2
<삼천세계 연애일지> 주최 부스,삼천세계 연애일지,,,,,2sp,,,삼천세계 연애일지,,,,,,,https://dongne.co/events/novel04/circles/115854,"아아─, 이것이 『소설』이라는 것이다. Chapter 4",Day2
<놀러와요 화테로의 숲> 주최 부스,놀러와요 화테로의 숲,,,,,2sp,,,놀러와요 화테로의 숲,,,,,,,https://dongne.co/events/novel04/circles/117768,"아아─, 이것이 『소설』이라는 것이다. Chapter 4",Day2
.,치디,,,,,2sp,.,.,,.,,,,,momomommpp,https://dongne.co/events/novel04/circles/116261,"아아─, 이것이 『소설』이라는 것이다. Chapter 4",Day2
(주)세성_현윶 진흥회,사리,,,,,1sp,내가 키운 S급들,,"댁네 집이었는데, 이젠 우리집입니다.","성현제,한유진",성현제X한유진,로맨틱,,기타,pikabunzukSari,https://dongne.co/events/novel04/circles/117943,"아아─, 이것이 『소설』이라는 것이다. Chapter 4",Day2
냠~,헤이!,,,,,1sp,천관사복,,"천관이 복을 내리시니, 쁘띠존 걱정 하나 없다",,,,,일러스트,4HeyHeyHey12,https://dongne.co/events/novel04/circles/116436,"아아─, 이것이 『소설』이라는 것이다. Chapter 4",Day2
음~ 마쉿다. 옆부스 다녀오셨나봐요,김덴,,,,,2sp,"전지적 독자 시점,진혼기","데뷔 못 하면 죽는 병 걸림,반월당의 기묘한 이야기",,,,,,,,https://dongne.co/events/novel04/circles/117736,"아아─, 이것이 『소설』이라는 것이다. Chapter 4",Day2
아~! 러뷰어를 위해 마감하고 있었는데 미치겠다!,콩,,,,,2sp,데뷔 못하면 죽는 병 걸림,,,"배세진,류청우,선아현,이세진,박문대,차유진,김래빈,신재현",이세진X박문대,,청려문대,"소설,만화,일러스트",p7i_q,https://dongne.co/events/novel04/circles/116093,"아아─, 이것이 『소설』이라는 것이다. Chapter 4",Day2
밤 하늘 속 달고양이,월묘,,,,,2sp,화산귀환,,,화산귀환 AII,,,,공예,warhwa_12,https://dongne.co/events/novel04/circles/115846,"아아─, 이것이 『소설』이라는 것이다. Chapter 4",Day2
개 짖는 부스,투견,,,,,2sp,내가 키운 S급들,,"댁네 집이었는데, 이젠 우리집입니다.","성현제,한유진",성현제X한유진,섹슈얼,,소설,lightmeup0830,https://dongne.co/events/novel04/circles/116371,"아아─, 이것이 『소설』이라는 것이다. Chapter 4",Day2
내 기분 마치 신라,"화련, 단명",,,,,2sp,진혼기,"화산귀환,변서황,저그인",삼천세계 연애일지,,자하X설영,로맨틱,"백천청명, 청명소소","소설,일러스트","4PR1C0T_R, 10_Dan___",https://dongne.co/events/novel04/circles/116308,"아아─, 이것이 『소설』이라는 것이다. Chapter 4",Day2
한 집안 리버스,이이챤,,,,,1sp,화산귀환,,,"청명,백천",청명X백천,,,"만화,소설",,https://dongne.co/events/novel04/circles/115734,"아아─, 이것이 『소설』이라는 것이다. Chapter 4",Day2
난 이제 지쳤어요,"김땡벌, 장멈무",,,,,2sp,화산귀환,"적왕사,광마회귀",,청명,당보X청명,로맨틱,"NCP, 백청, 칼플","일러스트,만화,소설",jahaehwasan,https://dongne.co/events/novel04/circles/116919,"아아─, 이것이 『소설』이라는 것이다. Chapter 4",Day2
숨 참고 신국다이브,Van,,,,,1sp,진혼기,,삼천세계 연애일지,"김자하,김설영",자하X설영,로맨틱,,소설,VANRy2d,https://dongne.co/events/novel04/circles/116218,"아아─, 이것이 『소설』이라는 것이다. Chapter 4",Day2
글 팝니다,별사탕가루,,,,,2sp,화산귀환,,,"청명,화산파,척마오걸",당보X청명,로맨틱,,소설,HSGH_Cndi,https://dongne.co/events/novel04/circles/117517,"아아─, 이것이 『소설』이라는 것이다. Chapter 4",Day2
널 사랑할 수 밖에 ,사랑할수밖에,,,,,1sp,화산귀환,,,청명,,,,"일러스트,만화",LetsLllove,https://dongne.co/events/novel04/circles/118034,"아아─, 이것이 『소설』이라는 것이다. Chapter 4",Day2
그 소가주 그 녹림왕의 사정,여명,,,,,2sp,화산귀환,,,"남궁도위,임소병",남궁도위X임소병,"섹슈얼,로맨틱",,,,https://dongne.co/events/novel04/circles/115997,"아아─, 이것이 『소설』이라는 것이다. Chapter 4",Day2
네 술잔에 독을 탔어,귤뽕,,,,,2sp,화산귀환,,피의 일소청명 쁘띠존 ~부부클리닉 사랑과 전쟁(주의: 진짜전쟁함)~,"장일소,청명",장일소X청명,로맨틱,,"소설,만화",gyulgyul_1010,https://dongne.co/events/novel04/circles/117640,"아아─, 이것이 『소설』이라는 것이다. Chapter 4",Day2
내 상선이 이렇게 얄미울 리 없어,왜옹,,,,,1sp,진혼기,,삼천세계 연애일지,김자하 김설영,,로맨틱,,"만화,일러스트",waong001,https://dongne.co/events/novel04/circles/117396,"아아─, 이것이 『소설』이라는 것이다. Chapter 4",Day2
이 중원의 쌍존은 정말로 죽여줍니다.,헤시야,,,,,2sp,화산귀환,,,"청명,당보",청명X당보,섹슈얼,청여당,소설,Hesiya_MHua,https://dongne.co/events/novel04/circles/117997,"아아─, 이것이 『소설』이라는 것이다. Chapter 4",Day2
아 흉부가 기가막혀,원중,,,,,4sp,화산귀환,,,,,,백천청명,"소설,만화,일러스트",2_p_r_c,https://dongne.co/events/novel04/circles/116860,"아아─, 이것이 『소설』이라는 것이다. Chapter 4",Day2
악 가보자고,으악,,,,,2sp,,,,,,,,"일러스트,만화",,https://dongne.co/events/novel04/circles/116551,"아아─, 이것이 『소설』이라는 것이다. Chapter 4",Day2
뭘 좋아할지 몰라서 다 준비했어 ,데네브,,,,,2sp,데뷔 못하면 죽는 병 걸림,,,"박문대,선아현,이세진",이세진X박문대,"섹슈얼,로맨틱",선아현x박문대,"소설,사진,기타",denebeu_star,https://dongne.co/events/novel04/circles/116935,"아아─, 이것이 『소설』이라는 것이다. Chapter 4",Day2
야 완결내자!,비월군,,,,,2sp,내스급,회사설 화산귀환,,,,,,,,https://dongne.co/events/novel04/circles/115839,"아아─, 이것이 『소설』이라는 것이다. Chapter 4",Day2
내 백의화랑이 이렇게 귀여울 리 없어,지예,,,,,1sp,진혼기,,삼천세계 연애일지,"김자하,김설영",자하X설영,"로맨틱,섹슈얼,해당없음",,"만화,일러스트",J072415,https://dongne.co/events/novel04/circles/117995,"아아─, 이것이 『소설』이라는 것이다. Chapter 4",Day2
"아,우리 인생 짝궁이라고.",예리나,,,,,2sp,화산귀환,내가키운s급들,,백천 청명 당보,,,,"기타,공예,만화,소설",papa_opa_o,https://dongne.co/events/novel04/circles/115692,"아아─, 이것이 『소설』이라는 것이다. Chapter 4",Day2
쉿! 정실은 지금 단수 중,"맙, 사연",,,,,2sp,마도조사,,망무 쁘띠존이 열린다니 속이 다 시원합니다!,망기무선,남망기X위무선,"로맨틱,섹슈얼",,소설,"wjwx1031, MM_crylikebaby",https://dongne.co/events/novel04/circles/117753,"아아─, 이것이 『소설』이라는 것이다. Chapter 4",Day2
얍! 무엇이든 되어라.,사미,,,,,1sp,데못죽,,,,,,,일러스트,sou__ffle,https://dongne.co/events/novel04/circles/117269,"아아─, 이것이 『소설』이라는 것이다. Chapter 4",Day2
네? 한달 뒤에 또 온리전을 간다고요?,성팬(하니),,,,,2sp,화산귀환,전지적독자시점,,청명 백천 당보 김독자 유중혁,,,,,shjpt,https://dongne.co/events/novel04/circles/116403,"아아─, 이것이 『소설』이라는 것이다. Chapter 4",Day2
쫄? 가보자고,샇,,,,,2sp,데뷔 못 하면 죽는 병 걸림,,,,이세진X박문대,"로맨틱,섹슈얼",,만화,moon__SH_,https://dongne.co/events/novel04/circles/116117,"아아─, 이것이 『소설』이라는 것이다. Chapter 4",Day2
네??? 패군이랑 화산검협이 순애를 한다고요?!?! 이런 젠장!!!! 바로 출동하겠습니다!!!!,나자미,,,,,2sp,화산귀환,,피의 일소청명 쁘띠존 ~부부클리닉 사랑과 전쟁(주의: 진짜전쟁함)~,"장일소,청명",장일소X청명,로맨틱,,"만화,일러스트",nazami_art,https://dongne.co/events/novel04/circles/116900,"아아─, 이것이 『소설』이라는 것이다. Chapter 4",Day2
와... 내가 노벨문큰학상이라니 감사합니다 열심히 문큰하겠습니다,귬,,,,,1sp,데뷔 못 하면 죽는 병 걸림,,문대큰세 쁘띠존 <MK office>,"박문대,류건우,이세진",박문대X이세진,"로맨틱,섹슈얼",류건우×이세진(건큰),만화,potatowtchngyou,https://dongne.co/events/novel04/circles/115537,"아아─, 이것이 『소설』이라는 것이다. Chapter 4",Day2
원)중원큰손도채의 순두부집(조,서도채/직화순두부,,,,,2sp,화산귀환,,,"청명,이설,백천,소소,조걸,윤종",,,,일러스트,"seododochae, soft_tofu0820",https://dongne.co/events/novel04/circles/117317,"아아─, 이것이 『소설』이라는 것이다. Chapter 4",Day2
ㅁㅁ,ㅁㅁ,,,,,1sp,,,피의 일소청명 쁘띠존 ~부부클리닉 사랑과 전쟁(주의: 진짜전쟁함)~,,,,,소설,,https://dongne.co/events/novel04/circles/116381,"아아─, 이것이 『소설』이라는 것이다. Chapter 4",Day2
달야,달야,,,,,2sp,데뷔 못 하면 죽는 병 걸림,,,ALL,,,,일러스트,Dalya_png,https://dongne.co/events/novel04/circles/117040,"아아─, 이것이 『소설』이라는 것이다. Chapter 4",Day2
데굴,점,,,,,1sp,임시,,,임시,,,,기타,,https://dongne.co/events/novel04/circles/116820,"아아─, 이것이 『소설』이라는 것이다. Chapter 4",Day2
매듭,청류하,,,,,1sp,화산귀환,,,,,,,,cheongryuha,https://dongne.co/events/novel04/circles/115939,"아아─, 이것이 『소설』이라는 것이다. Chapter 4",Day2
매실,매실,,,,,4sp,화산귀환,,,,,,,,apricot_5flower,https://dongne.co/events/novel04/circles/117157,"아아─, 이것이 『소설』이라는 것이다. Chapter 4",Day2
미정,머렝,,,,,1sp,데뷔 못 하면 죽는 병 걸림,,,"박문대,선아현,이세진,신재현",,,,일러스트,,https://dongne.co/events/novel04/circles/116642,"아아─, 이것이 『소설』이라는 것이다. Chapter 4",Day2
반디,반디,,,,,1sp,내가 키운 S급들,,"댁네 집이었는데, 이젠 우리집입니다.",성현제,성현제X한유진,"로맨틱,섹슈얼",,만화,,https://dongne.co/events/novel04/circles/115916,"아아─, 이것이 『소설』이라는 것이다. Chapter 4",Day2
붕붕,스튜,,,,,2sp,데뷔못하면 죽는 병걸림,,,,박문대,해당없음,,일러스트,Ste_woo,https://dongne.co/events/novel04/circles/116441,"아아─, 이것이 『소설』이라는 것이다. Chapter 4",Day2
삼비,지카비,,,,,2sp,화산귀환,,피의 일소청명 쁘띠존 ~부부클리닉 사랑과 전쟁(주의: 진짜전쟁함)~,"장일소,청명",장일소X청명,"섹슈얼,로맨틱",,"소설,만화",jikajikabi,https://dongne.co/events/novel04/circles/117848,"아아─, 이것이 『소설』이라는 것이다. Chapter 4",Day2
선과,도화,,,,,1sp,화산귀환,,,청명,,,,"소설,만화",dohwa_hg,https://dongne.co/events/novel04/circles/116904,"아아─, 이것이 『소설』이라는 것이다. Chapter 4",Day2
소라,"유용, 솜미루",,,,,2sp,적왕사,"어바등,화산귀환",,"베른,박무현,호가명,장일소",,,,일러스트,,https://dongne.co/events/novel04/circles/116650,"아아─, 이것이 『소설』이라는 것이다. Chapter 4",Day2
안경,"가나쵸, 뮤실리, 기상호주머니, 포도",,,,,4sp,,,,,,,,,,https://dongne.co/events/novel04/circles/116801,"아아─, 이것이 『소설』이라는 것이다. Chapter 4",Day2
임시,브요,,,,,2sp,,,피의 일소청명 쁘띠존 ~부부클리닉 사랑과 전쟁(주의: 진짜전쟁함)~,,,,,,,https://dongne.co/events/novel04/circles/116808,"아아─, 이것이 『소설』이라는 것이다. Chapter 4",Day2
어제 그 부스,피자,,,,,2sp,데뷔 못하면 죽는 병 걸림,,,박문대 외 올캐러,이세진(큰세)X박문대,"로맨틱,해당없음",유진래빈,"만화,일러스트,사진",spoonoksusu,https://dongne.co/events/novel04/circles/117571,"아아─, 이것이 『소설』이라는 것이다. Chapter 4",Day2
대학 못 가면 죽는 병 걸림,유렌,,,,,1sp,데뷔 못하면 죽는 병 걸림,,,"신재현,류건우,박문대",,"섹슈얼,로맨틱",,"소설,만화",uren__1215,https://dongne.co/events/novel04/circles/117257,"아아─, 이것이 『소설』이라는 것이다. Chapter 4",Day2
부스 못 내면 죽는 병 걸림,하카,,,,,2sp,데뷔 못 하면 죽는 병 걸림,,엋문 쁘띠존 : 감미로운 사랑의 맛이었다,"청려,박문대",청려X문대,로맨틱,,"만화,일러스트",haka_VTIC,https://dongne.co/events/novel04/circles/117410,"아아─, 이것이 『소설』이라는 것이다. Chapter 4",Day2
지가 두 눈으로 똑똑히 봣슈,시현,,,,,2sp,화산귀환,,,,,,,,djgmddlekt,https://dongne.co/events/novel04/circles/116934,"아아─, 이것이 『소설』이라는 것이다. Chapter 4",Day2
"토끼 둘, 여우와 족제비",치즈,,,,,2sp,마도조사,천관사복,망무 쁘띠존이 열린다니 속이 다 시원합니다!,위무선 남망기 사련 화성,,섹슈얼,화성사련,일러스트,cheeseandsalmon,https://dongne.co/events/novel04/circles/116087,"아아─, 이것이 『소설』이라는 것이다. Chapter 4",Day2
무낫 서클,"랑데, 황태",,,,,2sp,데뷔 못 하면 죽는 병 걸림,어두운 바다의 등불이 되어,,김재희,박문대X선아현,"로맨틱,섹슈얼",,"만화,일러스트",,https://dongne.co/events/novel04/circles/117998,"아아─, 이것이 『소설』이라는 것이다. Chapter 4",Day2
잉여 농장,빈 농장주,,,,,2sp,화산귀환,,,,남궁도위X임소병,해당없음,,"만화,일러스트",dn_blanked,https://dongne.co/events/novel04/circles/116363,"아아─, 이것이 『소설』이라는 것이다. Chapter 4",Day2
쪽빛 상점,티,,,,,1sp,"진혼기,어두운 바다의 등불이 되어","화귀,데못죽",,,,,,"일러스트,기타","El_Lia_na, _Mu_G_El_, _muneo_12, emg_doodle",https://dongne.co/events/novel04/circles/117837,"아아─, 이것이 『소설』이라는 것이다. Chapter 4",Day2
혹시 모름,으앙,,,,,1sp,,,,,,,,,,https://dongne.co/events/novel04/circles/116632,"아아─, 이것이 『소설』이라는 것이다. Chapter 4",Day2
능력 없는 *** 사교 부흥회,팩좽토리,,,,,1sp,화산귀환,기타 로판,,,,,,"기타,공예,일러스트",facjangtory,https://dongne.co/events/novel04/circles/117375,"아아─, 이것이 『소설』이라는 것이다. Chapter 4",Day2
부스 이름 못 지으면 죽는 병 걸림,명천,,,,,2sp,데뷔 못 하면 죽는 병 걸림,내가 키운 S급들,,"테스타,청려,내스급 캐릭터",,,,소설,"Mlim__jjang111, Chung_720, o__oii_",https://dongne.co/events/novel04/circles/117176,"아아─, 이것이 『소설』이라는 것이다. Chapter 4",Day2
지조 없는 부스,당구리,,,,,1sp,"문과라도 안 죄송한 이세계로 감,어두운 바다의 등불이 되어",진혼기,,"클레이오,박무현",,,,"일러스트,기타",jeoongguri,https://dongne.co/events/novel04/circles/117267,"아아─, 이것이 『소설』이라는 것이다. Chapter 4",Day2
하롱 도치 겨울,하롱살롱,,,,,4sp,,,,,,,,"공예,기타,조형",,https://dongne.co/events/novel04/circles/115776,"아아─, 이것이 『소설』이라는 것이다. Chapter 4",Day2
신라 부흥 운동 (부제: 자설로 보는 신라 관혼상제 문화 탐구로부터),"추수랑, 바림랑, 유민랑, 무인가랑",,,,,4sp,진혼기,,삼천세계 연애일지,"자하,설영",자하X설영,"로맨틱,섹슈얼",,"소설,일러스트,사진,공예","water_7021, Ba_lim_J, 935_yumin, sinlayumul14",https://dongne.co/events/novel04/circles/117467,"아아─, 이것이 『소설』이라는 것이다. Chapter 4",Day2
총각 감자 가격 그만 깎아,"롤, 나베 , 가홍",,,,,2sp,마도조사,,망무 쁘띠존이 열린다니 속이 다 시원합니다!,남망기 위무선,남망기X위무선,"섹슈얼,로맨틱",,"만화,일러스트,소설,기타",jooooo_ni,https://dongne.co/events/novel04/circles/117367,"아아─, 이것이 『소설』이라는 것이다. Chapter 4",Day2
내가 내면 얘도 낸다고 했어요,휘옌,,,,,1sp,데뷔 못하면 죽는 병 걸림,"내가 키운 s급들,화산귀환,광마회귀",,"박문대,청명",박문대,섹슈얼,"문대른, 청명른, 유진른","만화,일러스트,소설",hwiyyen,https://dongne.co/events/novel04/circles/117229,"아아─, 이것이 『소설』이라는 것이다. Chapter 4",Day2
청백 보러 왔어요,"새우, 티김, 파티",,,,,2sp,화산귀환,데뷔 못하면 죽는 병 걸림,,"청명,백천",청명X백천,"로맨틱,섹슈얼",,"만화,일러스트,소설","cmxbcn, tigim0_0, happycandyparty",https://dongne.co/events/novel04/circles/116120,"아아─, 이것이 『소설』이라는 것이다. Chapter 4",Day2
일단 뭔가 합니다 ,영,,,,,1sp,진혼기,,삼천세계 연애일지,,,,,"일러스트,기타",young__mong,https://dongne.co/events/novel04/circles/116727,"아아─, 이것이 『소설』이라는 것이다. Chapter 4",Day2
이번 생은 크툴루 게임 속 천재 성기사로 다시 살다,연소,,,,,2sp,"크툴루 게임 속 천재 마법사가 되었다(크법사),이번 생은 우주 대스타(이생우),죽은 신의 성기사(죽신성),의원 다시 살다(의다살),어두운 바다의 등불이 되어(어바등)",한국 웹소설 위주,,,,,,"일러스트,소설",yeonso656499,https://dongne.co/events/novel04/circles/116276,"아아─, 이것이 『소설』이라는 것이다. Chapter 4",Day2
우리 객잔 그정도 아닙니다,우도영,,,,,2sp,화산귀환,,,"청명,백천",청명X백천,로맨틱,,소설,wecanslae,https://dongne.co/events/novel04/circles/115657,"아아─, 이것이 『소설』이라는 것이다. Chapter 4",Day2
너는 무슨 랩실에 들어오란 말을 버터 간장 계란 볶음밥 할 때 하니?,"분, 가홍",,,,,1sp,"의원,다시 살다",,,진천희,,,,,"og_bun__mu, gahong_",https://dongne.co/events/novel04/circles/117105,"아아─, 이것이 『소설』이라는 것이다. Chapter 4",Day2
우리 몰래 연애해? 우리 보는 앞에서 하자,엋문쁘띠존,,,,,2sp,데뷔 못하면 죽는병에 걸림,,엋문 쁘띠존 : 감미로운 사랑의 맛이었다,"배세진,류청우,선아현,박문대,이세진,차유진,김래빈",신재현X박문대,"로맨틱,섹슈얼",,"일러스트,만화,소설",1127x1215,https://dongne.co/events/novel04/circles/116467,"아아─, 이것이 『소설』이라는 것이다. Chapter 4",Day2
우리 이제 헤어질까.,아진,,,,,2sp,데뷔 못하면 죽는 병 걸림,,엋문 쁘띠존 : 감미로운 사랑의 맛이었다,,,로맨틱,,"소설,일러스트,만화",Ajinnnn_315,https://dongne.co/events/novel04/circles/117885,"아아─, 이것이 『소설』이라는 것이다. Chapter 4",Day2
상선 내기 중독이에요,소단랑,,,,,1sp,진혼기,명급리,삼천세계 연애일지,"자하,설영",자하X설영,"로맨틱,섹슈얼","제건신록, 황호의신","소설,일러스트",ththeks,https://dongne.co/events/novel04/circles/116374,"아아─, 이것이 『소설』이라는 것이다. Chapter 4",Day2
여기 어느 소설이에요?,기뮨,,,,,2sp,주컨곤,,,,,,,"소설,공예",,https://dongne.co/events/novel04/circles/116400,"아아─, 이것이 『소설』이라는 것이다. Chapter 4",Day2
새해 문대 인사드립니다.,"Tt, 냐삐",,,,,2sp,데뷔 못하면 죽는 병 걸림,,,"박문대,청려,류청우,배세진,이세진,선아현,차유진,김래빈",,"로맨틱,섹슈얼","청려문대, 유진래빈, 논컾",일러스트,"TteSTAR_, nyabbi__",https://dongne.co/events/novel04/circles/116083,"아아─, 이것이 『소설』이라는 것이다. Chapter 4",Day2
우리 부스 정상영업합니다,튀밥,,,,,4sp,화산귀환,,,,,,,"조형,만화,일러스트,소설",twi_bab,https://dongne.co/events/novel04/circles/115953,"아아─, 이것이 『소설』이라는 것이다. Chapter 4",Day2
이게 굿즈?,햅부,,,,,1sp,데못죽,,,,,,,공예,hapbu_,https://dongne.co/events/novel04/circles/116800,"아아─, 이것이 『소설』이라는 것이다. Chapter 4",Day2
문큰 사랑방,.,,,,,2sp,데뷔 못 하면 죽는 병 걸림,,문대큰세 쁘띠존 <MK office>,"박문대,이세진",,"로맨틱,섹슈얼",,"만화,소설,일러스트",,https://dongne.co/events/novel04/circles/116747,"아아─, 이것이 『소설』이라는 것이다. Chapter 4",Day2
햇님 잡화점,나기,,,,,2sp,데못죽,,,,,,,,,https://dongne.co/events/novel04/circles/116428,"아아─, 이것이 『소설』이라는 것이다. Chapter 4",Day2
저희 분식집 정.상.영.업 합니다,찹쌀,,,,,2sp,데뷔 못하면 죽는 병 걸림,,,"류청우,배세진,이세진,박문대,선아현,차유진,김래빈",선아현X박문대,로맨틱,차유진×김래빈,"만화,일러스트,기타",jjabssal_4ah,https://dongne.co/events/novel04/circles/117805,"아아─, 이것이 『소설』이라는 것이다. Chapter 4",Day2
엋문 배세른 부스,"엔뉴, 온비",,,,,1sp,데못죽,전독시,,"청려,문대,배세진",청려X문대,"로맨틱,섹슈얼","문대배세, 배세른","만화,일러스트,소설","NU_1311, onbii127",https://dongne.co/events/novel04/circles/116328,"아아─, 이것이 『소설』이라는 것이다. Chapter 4",Day2
일단 지르고 보는 부스,토카투,,,,,2sp,화산귀환,,,"청명,백천,도위,소병",,"로맨틱,섹슈얼",도위소병,"소설,기타","tot5s, Secretus__Odor",https://dongne.co/events/novel04/circles/116212,"아아─, 이것이 『소설』이라는 것이다. Chapter 4",Day2
사마 공주님 없는 사마 부스,다식,,,,,2sp,화산귀환,,,청명,청명,로맨틱,,"소설,공예",daisk_ghkrnl,https://dongne.co/events/novel04/circles/116127,"아아─, 이것이 『소설』이라는 것이다. Chapter 4",Day2
우리 아빠는 아직 살아 계셔,삼,,,,,1sp,묵독,잔차품 장진주 과문 등,<프리스트 소설 연구회> 작품 수위와 덕질 지속성의 상관 관계에 대하여,,,,,,calli_030303,https://dongne.co/events/novel04/circles/116586,"아아─, 이것이 『소설』이라는 것이다. Chapter 4",Day2
예서 궁주님 왼쪽 말고 오른쪽이요,소냐,,,,,2sp,서브 남주가 파업하면 생기는 일,,섭남파업 예서른 쁘띠존 ~세상에서 가장 완벽하고 궁극적인 우회전 궁주님 연모회~,"정예서,세드리크 리에스테르,요한 헤인스,함가인,지브릴 디오프",세드리크X예서,"섹슈얼,로맨틱","제국 황실파(세드예서 포함 요한예서, 가인예서, 지브예서)×정예서","소설,기타",vivid_1231,https://dongne.co/events/novel04/circles/116595,"아아─, 이것이 『소설』이라는 것이다. Chapter 4",Day2
천년 역사의 조상 알페스,지호 / 첨지,,,,,2sp,진혼기,천관사복,삼천세계 연애일지,자하 설영,자하X설영,로맨틱,화성사련,,"yejiho_8, MOFShm",https://dongne.co/events/novel04/circles/116964,"아아─, 이것이 『소설』이라는 것이다. Chapter 4",Day2
도는 몰라도 레는 아는데요,404비빔밥,,,,,2sp,화산귀환,,,"청명,당보",,,,"소설,만화",4O4_missing,https://dongne.co/events/novel04/circles/116319,"아아─, 이것이 『소설』이라는 것이다. Chapter 4",Day2
후후 불면은 앟문이 터지는 커다란 큰배,"혀니, Hua",,,,,2sp,데뷔 못 하면 죽는 병 걸림,,,"선아현,박문대,배세진,이세진",선아현X박문대,,이세진×배세진,소설,"wagibambi, hua_odd",https://dongne.co/events/novel04/circles/116733,"아아─, 이것이 『소설』이라는 것이다. Chapter 4",Day2
콩콩 콩이를 심으면 청려가 오함마를 보여준다,Q,,,,,1sp,데못죽,,,"박문대,청려,콩,테스타전원,브이틱전원",,,,"공예,일러스트,기타",sleep_very_well,https://dongne.co/events/novel04/circles/116283,"아아─, 이것이 『소설』이라는 것이다. Chapter 4",Day2
형님 어쩌다 그렇게 되셧소...,당근,,,,,2sp,화산귀환,,,"당보,청명",당보X청명,"로맨틱,섹슈얼",,"일러스트,소설,기타",qakmuscari,https://dongne.co/events/novel04/circles/117381,"아아─, 이것이 『소설』이라는 것이다. Chapter 4",Day2
지금 청문이 필요한 상황이야?,"공장장박씨, 냐파죽, 미역, 별",,,,,4sp,데뷔 못 하면 죽는 병 걸림,,,,류청우X박문대,,문대른,,"mrpark__o3o, J_Woo_1028185S2, Kingmi_23, RC_moonright",https://dongne.co/events/novel04/circles/116992,"아아─, 이것이 『소설』이라는 것이다. Chapter 4",Day2
되면 뭐라도 가지고 나가야지뭐,코우,,,,,2sp,데뷔 못 하면 죽는 병 걸림,,,박문대,,해당없음,"아현문대,큰세문대,배세문대,청우문대,래빈문대,유진문대",일러스트,Fanso_kouzuki,https://dongne.co/events/novel04/circles/117967,"아아─, 이것이 『소설』이라는 것이다. Chapter 4",Day2
하고 싶은거 다합니다,름,,,,,2sp,열화요수,,,쉬엔지,,,,"소설,일러스트",reum__hq,https://dongne.co/events/novel04/circles/116296,"아아─, 이것이 『소설』이라는 것이다. Chapter 4",Day2
세성 농장에 복숭아꽃 피었네,이녹,,,,,1sp,내가 키운 S급들,,"댁네 집이었는데, 이젠 우리집입니다.","성현제,한유진",성현제X한유진,로맨틱,,일러스트,enoch9393,https://dongne.co/events/novel04/circles/116659,"아아─, 이것이 『소설』이라는 것이다. Chapter 4",Day2
자랑 설이가 빙글빙글 모임에 ...?!,여빈,,,,,2sp,진혼기,전독시 어바등 외 판소,,"자하,설영",,로맨틱,,"만화,일러스트",hl__206,https://dongne.co/events/novel04/circles/117466,"아아─, 이것이 『소설』이라는 것이다. Chapter 4",Day2
내가 정파야! <마교를 믿기 화산을 믿기>,장마,,,,,4sp,화산귀환,,,천마,,로맨틱,,"일러스트,만화",94_rainy,https://dongne.co/events/novel04/circles/117049,"아아─, 이것이 『소설』이라는 것이다. Chapter 4",Day2
예봄 컴퍼니(회사 아닙니다),예봄,,,,,2sp,데못죽,화산귀환,,,,,,공예,,https://dongne.co/events/novel04/circles/116262,"아아─, 이것이 『소설』이라는 것이다. Chapter 4",Day2
몽실 마법소년,망토,,,,,2sp,데뷔 못하면 죽는 병 걸림,,,,,,,일러스트,mangto618,https://dongne.co/events/novel04/circles/117601,"아아─, 이것이 『소설』이라는 것이다. Chapter 4",Day2
엋문 하실래요,시그린,,,,,2sp,데뷔못하면죽는병걸림,1차벨,엋문 쁘띠존 : 감미로운 사랑의 맛이었다,,,로맨틱,,,moruk970730,https://dongne.co/events/novel04/circles/117223,"아아─, 이것이 『소설』이라는 것이다. Chapter 4",Day2
오직 윻윶만을,삼각김밥,,,,,1sp,내가 키운 S급들,,,"한유현,한유진",한유현X한유진,로맨틱,,사진,YH_BC_SAMGIM,https://dongne.co/events/novel04/circles/116502,"아아─, 이것이 『소설』이라는 것이다. Chapter 4",Day2
현희 게스트북,갱얼쥐,,,,,2sp,"의원,다시 살다 (의다살)",,,진천희,,로맨틱,,"만화,일러스트,소설",hyeonhi_guest,https://dongne.co/events/novel04/circles/116584,"아아─, 이것이 『소설』이라는 것이다. Chapter 4",Day2
한국 플레이어 협회,자루흑월,,,,,2sp,얼어붙은 플레이어의 귀환,데못죽 주컨곤 마차살,,서준호 박문대,,,"엋문,대마,큰문",,SeojunhoSM,https://dongne.co/events/novel04/circles/117798,"아아─, 이것이 『소설』이라는 것이다. Chapter 4",Day2
꿈은 백수고요 놀고 먹고 싶습니다 ,"점핑거미, 알로",,,,,2sp,백작가의 망나니가 되었다,,,"알베르 크로스만,케일 헤니투스,김록수",김록수X알베르 크로스만,"로맨틱,섹슈얼",알베케일,"소설,일러스트",Jumpinggeomi_S,https://dongne.co/events/novel04/circles/116603,"아아─, 이것이 『소설』이라는 것이다. Chapter 4",Day2
화음 저잣거리 노점상,테리,,,,,2sp,화산귀환,,,,,,,소설,Tobby_new,https://dongne.co/events/novel04/circles/117361,"아아─, 이것이 『소설』이라는 것이다. Chapter 4",Day2
식빵 테두리에 사람이 갇혔어요,제리,,,,,1sp,내가 키운 S급들,,"댁네 집이었는데, 이젠 우리집입니다.","성현제,한유진",성현제X한유진,로맨틱,,,ssoieum,https://dongne.co/events/novel04/circles/116417,"아아─, 이것이 『소설』이라는 것이다. Chapter 4",Day2
저쪽 상선께서 보내신 자하설영입니다,독할,,,,,1sp,진혼기,천관사복,삼천세계 연애일지,"자하,설영",자하X설영,"로맨틱,섹슈얼",화성사련,"만화,일러스트",E____Su_J,https://dongne.co/events/novel04/circles/115797,"아아─, 이것이 『소설』이라는 것이다. Chapter 4",Day2
"모든 덕후들은 들어라, 동인이 돌아왔다.",취한늘보/190,,,,,2sp,얼어붙은 플레이어의 귀환,,,서준호 중심 모든 캐릭터,,,,"만화,일러스트,조형",chwipo_,https://dongne.co/events/novel04/circles/116888,"아아─, 이것이 『소설』이라는 것이다. Chapter 4",Day2
객잔 정상영업 안합니다,"홉, 냑, 수풀",,,,,2sp,"의원,다시살다","적왕사,반월당",,all,,,,"일러스트,만화,소설","hop_roo, NagWoon_O7, bush___LIM",https://dongne.co/events/novel04/circles/116927,"아아─, 이것이 『소설』이라는 것이다. Chapter 4",Day2
같이 빙글빙글 청려문대 하실 분,ting_a_ring,,,,,1sp,데뷔 못하면 죽는 병 걸림,가비지타임,엋문 쁘띠존 : 감미로운 사랑의 맛이었다,청려,청려X문대,로맨틱,,일러스트,0618tes_ting,https://dongne.co/events/novel04/circles/115708,"아아─, 이것이 『소설』이라는 것이다. Chapter 4",Day2
나의 자강두천 아이돌들아,"세르크, 오리",,,,,2sp,데뷔 못 하면 죽는 병 걸림,,,"박문대,신재현(청려)",박문대X청려,"섹슈얼,로맨틱",문대왼,"소설,만화,일러스트","MDCR_Serk, DMJ_SJ",https://dongne.co/events/novel04/circles/115957,"아아─, 이것이 『소설』이라는 것이다. Chapter 4",Day2
살롱 강아지들이 먹다 남긴 뼈다귀,삼공,,,,,1sp,서브 남주가 파업하면 생기는 일,어두운 바다의 등불이 되어,섭남파업 예서른 쁘띠존 ~세상에서 가장 완벽하고 궁극적인 우회전 궁주님 연모회~,정예서,지브릴 디오프X정예서,로맨틱,"요한예서, 해량무현","일러스트,소설",ssamgong,https://dongne.co/events/novel04/circles/115712,"아아─, 이것이 『소설』이라는 것이다. Chapter 4",Day2
"오라, 무협이여",뽁숭,,,,,2sp,"화산귀환,이합화타적백묘사존","데뷔 못하면 죽는병걸림,전지적 독자 시점",,"청명,묵연",당보X청명,해당없음,"연만, 중독","만화,일러스트",ch_monkey_19,https://dongne.co/events/novel04/circles/117216,"아아─, 이것이 『소설』이라는 것이다. Chapter 4",Day2
"콩아, 아빠들이 둘째 만들어준대",두부콩,,,,,2sp,데못죽,화귀,엋문 쁘띠존 : 감미로운 사랑의 맛이었다,박문대,청려X문대,로맨틱,큰문,"일러스트,만화",dbu_4068,https://dongne.co/events/novel04/circles/118039,"아아─, 이것이 『소설』이라는 것이다. Chapter 4",Day2
"우리, 제사할래? ( 부제 : 저희는 마감을 한 번도 거절해본 적이 없습니다 )","홍시랑, 애옹랑",,,,,2sp,진혼기,,삼천세계 연애일지,"자하,설영",자하X설영,"로맨틱,섹슈얼",,"소설,일러스트,기타",persimmon613,https://dongne.co/events/novel04/circles/116415,"아아─, 이것이 『소설』이라는 것이다. Chapter 4",Day2
"오직, 마감이지. (해윰도 물론 오고)","이지, 해윰",,,,,2sp,문과라도 안 죄송한 이세계로 감(정수읠),,,"김정진,클레이오,아서",아서X클레이오,"로맨틱,섹슈얼",첼시엘,소설,Yumu_msnono,https://dongne.co/events/novel04/circles/116246,"아아─, 이것이 『소설』이라는 것이다. Chapter 4",Day2
"청명: 나야 나, 전독시에 나오는 박문대라고.",천하,,,,,2sp,화산귀환,"전지적 독자 시점,데뷔 못하면 죽는 병 걸림",,"박문대,김독자,유중혁,백천,청명",백천X청명,"해당없음,로맨틱",,"기타,일러스트",shinsehee_,https://dongne.co/events/novel04/circles/118025,"아아─, 이것이 『소설』이라는 것이다. Chapter 4",Day2
특명! 엋문 심콩 대작전 : 람부트,"심덕, 달콩, 여람",,,,,2sp,데뷔 못 하면 죽는 병 걸림,,엋문 쁘띠존 : 감미로운 사랑의 맛이었다,"청려(신재현),박문대,류건우 등",청려X문대,"로맨틱,섹슈얼",청려건우,"소설,일러스트","v_v22825, DarKong_OPEN, ylam_19",https://dongne.co/events/novel04/circles/116257,"아아─, 이것이 『소설』이라는 것이다. Chapter 4",Day2
작전! 폭풍을 부르는 우당탕탕 종랭귀환 마감치기!!,종자,,,,,2sp,화산귀환,X,,,당보X청명,"로맨틱,섹슈얼",,"만화,일러스트",jongjadosa,https://dongne.co/events/novel04/circles/117406,"아아─, 이것이 『소설』이라는 것이다. Chapter 4",Day2
하나!!!! 하나!! 하나!!!,08,,,,,2sp,내가 키운 S급들,,"댁네 집이었는데, 이젠 우리집입니다.","성현제,한유진",성현제X한유진,"로맨틱,섹슈얼",,일러스트,MYS_otk,https://dongne.co/events/novel04/circles/116983,"아아─, 이것이 『소설』이라는 것이다. Chapter 4",Day2
뭐래? 신라화랑올릴거냐는데? 많이주세요!,"네안, 산령, 신아",,,,,2sp,진혼기,화산귀환,삼천세계 연애일지,"자하,설영",자하X설영,로맨틱,,"일러스트,소설","Nean_novel_, Xinia02, 486_480",https://dongne.co/events/novel04/circles/117301,"아아─, 이것이 『소설』이라는 것이다. Chapter 4",Day2
저기... 열반하면 안대 진실게임하자 좋아하는 화랑 있어?,골제,,,,,2sp,진혼기,"데뷔 못하면 죽는 병 걸림,명문고 EX급 조연의 리플레이 등",삼천세계 연애일지,,자하X설영,로맨틱,"큰세문대, 황호의신, 제건신록, 적호웅녀",,B0NECURB,https://dongne.co/events/novel04/circles/116585,"아아─, 이것이 『소설』이라는 것이다. Chapter 4",Day2
주인'공'은 왼쪽으로만 가,"숫부, 상연",,,,,2sp,데뷔 못하면 죽는 병에 걸림,적국의 왕자로 사는 법,,박문대×청려,박문대X청려,"로맨틱,섹슈얼","건우청려, 베른플란, 칼리플란",소설,eoiX_sukboo,https://dongne.co/events/novel04/circles/117011,"아아─, 이것이 『소설』이라는 것이다. Chapter 4",Day2
감자밭,스타감자,,,,,2sp,데못죽,,문대큰세 쁘띠존 <MK office>,테스타,문대X큰세,,,일러스트,80o0o0o08,https://dongne.co/events/novel04/circles/116590,"아아─, 이것이 『소설』이라는 것이다. Chapter 4",Day2
뚜벅초,장의사,,,,,2sp,진혼기,집이 없어,,"설영,자하",설영X자하,"로맨틱,섹슈얼","해준x은영, 오리지널",만화,BC4790411,https://dongne.co/events/novel04/circles/117883,"아아─, 이것이 『소설』이라는 것이다. Chapter 4",Day2
매실청,람,,,,,1sp,화산귀환,,,청명,,섹슈얼,,소설,,https://dongne.co/events/novel04/circles/115927,"아아─, 이것이 『소설』이라는 것이다. Chapter 4",Day2
무인도,아난,,,,,2sp,화산귀환,,,"청명,당보",청명X당보,로맨틱,,"만화,일러스트,기타",ID_nandato,https://dongne.co/events/novel04/circles/115906,"아아─, 이것이 『소설』이라는 것이다. Chapter 4",Day2
베리팜,슈퍼베리,,,,,2sp,마도조사,,망무 쁘띠존이 열린다니 속이 다 시원합니다!,"남망기,위무선",망기X무선,해당없음,,"기타,일러스트",,https://dongne.co/events/novel04/circles/115612,"아아─, 이것이 『소설』이라는 것이다. Chapter 4",Day2
신내림,니케,,,,,1sp,데뷔못하면죽는병걸림,,,,,,,,nike35582747,https://dongne.co/events/novel04/circles/117113,"아아─, 이것이 『소설』이라는 것이다. Chapter 4",Day2
얘들아,공차사장,,,,,1sp,화산귀환,"데못죽,전독시",,청명,,,,일러스트,KICKING_0,https://dongne.co/events/novel04/circles/117158,"아아─, 이것이 『소설』이라는 것이다. Chapter 4",Day2
영문전,름,,,,,2sp,천관사복,,"천관이 복을 내리시니, 쁘띠존 걱정 하나 없다","화성,사련,all",,로맨틱,,일러스트,Reum_E00,https://dongne.co/events/novel04/circles/117891,"아아─, 이것이 『소설』이라는 것이다. Chapter 4",Day2
죽먹쟘,잼,,,,,2sp,화산귀환,,,"당보,청명",,로맨틱,,일러스트,jam_hwgw,https://dongne.co/events/novel04/circles/116546,"아아─, 이것이 『소설』이라는 것이다. Chapter 4",Day2
중국집,망망,,,,,2sp,인사반파자구계통,창작무협,,,낙빙하X심청추,"로맨틱,섹슈얼",,,,https://dongne.co/events/novel04/circles/115497,"아아─, 이것이 『소설』이라는 것이다. Chapter 4",Day2
천두대,천두,,,,,2sp,화산귀환,,,청명,,,,"만화,일러스트",1000_doo,https://dongne.co/events/novel04/circles/116707,"아아─, 이것이 『소설』이라는 것이다. Chapter 4",Day2
쿵짝짝,청량,,,,,1sp,광마회귀,화산귀환,,,,,,일러스트,cheongnyang,https://dongne.co/events/novel04/circles/116069,"아아─, 이것이 『소설』이라는 것이다. Chapter 4",Day2
판잣집,셀로판지,,,,,2sp,패션(Passion),UJ보고서,,"일레이 리그로우,정태의",일레이 리그로우X정태의,해당없음,,기타,Rurubox0625,https://dongne.co/events/novel04/circles/117092,"아아─, 이것이 『소설』이라는 것이다. Chapter 4",Day2
화산파,를를,,,,,1sp,화산귀환,,,,,,,,,https://dongne.co/events/novel04/circles/117287,"아아─, 이것이 『소설』이라는 것이다. Chapter 4",Day2
흐느적,룽,,,,,2sp,전지적 독자 시점,데못죽 내스급,,유중혁 김독자,유중혁X김독자,,,,nov_rune,https://dongne.co/events/novel04/circles/115590,"아아─, 이것이 『소설』이라는 것이다. Chapter 4",Day2
흙만두,페사,,,,,2sp,전지적 독자 시점,,,"유중혁,김독자",유중혁X김독자,로맨틱,,일러스트,pesa21,https://dongne.co/events/novel04/circles/115531,"아아─, 이것이 『소설』이라는 것이다. Chapter 4",Day2
한오백 명,엠알,,,,,4sp,화산귀환,,,"백천,청명,올캐러",백천X청명,"로맨틱,섹슈얼",,"만화,공예",mrxxxemaru,https://dongne.co/events/novel04/circles/116746,"아아─, 이것이 『소설』이라는 것이다. Chapter 4",Day2
고대인 쌈 싸 먹는 현대인,판랑,,,,,2sp,진혼기,반월당의 기묘한 이야기,,,,,,일러스트,pwangsogye,https://dongne.co/events/novel04/circles/117651,"아아─, 이것이 『소설』이라는 것이다. Chapter 4",Day2
겨우내 빈 소원,예티,,,,,2sp,"의원,다시 살다(의다살) / 진혼기",,,,,,,"일러스트,만화",yeti5203,https://dongne.co/events/novel04/circles/116180,"아아─, 이것이 『소설』이라는 것이다. Chapter 4",Day2
그르륵 칵 사매 여기 앉아봐,섬서주민,,,,,1sp,화산귀환,,,"청명,당보",당보X청명,,,,seomseojumin,https://dongne.co/events/novel04/circles/117184,"아아─, 이것이 『소설』이라는 것이다. Chapter 4",Day2
플뢰르 드 리스 서울지부,우미,,,,,2sp,서브남주가 파업하면 생기는 일,,섭남파업 예서른 쁘띠존 ~세상에서 가장 완벽하고 궁극적인 우회전 궁주님 연모회~,정예서,정예서,"로맨틱,해당없음,섹슈얼",,"소설,기타",uno_mi,https://dongne.co/events/novel04/circles/115514,"아아─, 이것이 『소설』이라는 것이다. Chapter 4",Day2
부스명 못 지으면 죽는 병 걸림,제뉴,,,,,2sp,데뷔 못하면 죽는 병 걸림 / 데못죽,,,테스타,청려X박문대,,,소설,jenurabbit,https://dongne.co/events/novel04/circles/116829,"아아─, 이것이 『소설』이라는 것이다. Chapter 4",Day2
당신이 이 부스를 들여다보면 부스러들도 당신을 애옹,"서목, 떼모",,,,,2sp,어두운 바다의 등불이 되어,"서브 남주가 파업하면 생기는 일,화산귀환,데뷔 못 하면 죽는 병 걸림",,"신해양,박무현,청려,박문대,당보,청명",해량X무현,로맨틱,"당보청명, 청려문대, 요한예서","만화,일러스트,소설,기타",SeoMok__,https://dongne.co/events/novel04/circles/116924,"아아─, 이것이 『소설』이라는 것이다. Chapter 4",Day2
마님은 왜 돌쇠에게 화산을 주었는가,돌쇠,,,,,4sp,화산귀환,,,장일소,,,,"일러스트,조형,기타",lalahye_9779,https://dongne.co/events/novel04/circles/117161,"아아─, 이것이 『소설』이라는 것이다. Chapter 4",Day2
명분과 실세,sho,,,,,2sp,"화산귀환,SKT(스왈로우 나이츠 테일즈)",,,"조걸,윤종,쇼탄,루이블랑",,,,,,https://dongne.co/events/novel04/circles/117863,"아아─, 이것이 『소설』이라는 것이다. Chapter 4",Day2
목근화 부스,목근화,,,,,2sp,명문고 EX급 조연의 리플레이,"서브 남주가 파업하면 생기는 일,내가 키운 S급들",,조의신,,해당없음,"황호의신,제건신록, 유현유진, 세드예서, 요한예서,",,ahrrmsghk,https://dongne.co/events/novel04/circles/115917,"아아─, 이것이 『소설』이라는 것이다. Chapter 4",Day2
무리한 덕질,무리,,,,,2sp,데못죽,백망되 내스급,,류건우,신재현X류건우,로맨틱,"알베케일, 현제유진",소설,M_u_L_i_Y_a,https://dongne.co/events/novel04/circles/116352,"아아─, 이것이 『소설』이라는 것이다. Chapter 4",Day2
문제적 큰자,데밀,,,,,1sp,데뷔 못하면 죽는 병 걸림,어두운 바다의 등불이 되어,문대큰세 쁘띠존 <MK office>,"박문대,이세진",박문대X이세진,"로맨틱,섹슈얼",무현지혁,소설,keunse_xgf,https://dongne.co/events/novel04/circles/116990,"아아─, 이것이 『소설』이라는 것이다. Chapter 4",Day2
보따리 상점,BN,,,,,1sp,화산귀환,,,청명,당보X청명,,,"일러스트,소설",,https://dongne.co/events/novel04/circles/117150,"아아─, 이것이 『소설』이라는 것이다. Chapter 4",Day2
송백의 정석,키키,,,,,2sp,화산귀환,,,청명 이송백 금룡 윤종 조걸,청명X송백,,"검존송백,금룡송백,윤종조걸","만화,일러스트,소설,기타",kiki03210506,https://dongne.co/events/novel04/circles/117826,"아아─, 이것이 『소설』이라는 것이다. Chapter 4",Day2
신라의 등불,녹,,,,,2sp,어두운 바다의 등불이 되어,진혼기,,,,,,,nok_k,https://dongne.co/events/novel04/circles/115601,"아아─, 이것이 『소설』이라는 것이다. Chapter 4",Day2
진순맛 현윶,키세,,,,,2sp,내가 키운 S급들,,"댁네 집이었는데, 이젠 우리집입니다.","성현제,한유진",성현제X한유진,로맨틱,,"일러스트,만화",kise_chain,https://dongne.co/events/novel04/circles/116105,"아아─, 이것이 『소설』이라는 것이다. Chapter 4",Day2
집으로 가자,펠,,,,,1sp,"명급리,문송안함,어바등",,,,,,"멜키레이, 백호의신, 해량무현",소설,,https://dongne.co/events/novel04/circles/116821,"아아─, 이것이 『소설』이라는 것이다. Chapter 4",Day2
청송할 결심,섬서주민,,,,,1sp,화산귀환,,,,청명X송백,로맨틱,,만화,maehwanevergone,https://dongne.co/events/novel04/circles/115772,"아아─, 이것이 『소설』이라는 것이다. Chapter 4",Day2
현실과 이상,Mm,,,,,1sp,,,,,,,,,,https://dongne.co/events/novel04/circles/116690,"아아─, 이것이 『소설』이라는 것이다. Chapter 4",Day2
화성이 파먹,정연,,,,,2sp,천관사복,,"천관이 복을 내리시니, 쁘띠존 걱정 하나 없다",화성,,,,일러스트,jung9401,https://dongne.co/events/novel04/circles/115661,"아아─, 이것이 『소설』이라는 것이다. Chapter 4",Day2
전지적 화산 시점,나격,,,,,2sp,화산귀환,전지적 독자 시점,,"정파,사파,김독자 컴퍼니",장일소X임소병,,"련녹,당청,중독",일러스트,fallin_nagyuk,https://dongne.co/events/novel04/circles/116989,"아아─, 이것이 『소설』이라는 것이다. Chapter 4",Day2
케일님 백수 무한 실패 기원,"레비, 요봄, 키민, 호토",,,,,2sp,백작가의 망나니가 되었다,블랙배저,,,,,,,rebi_na_young,https://dongne.co/events/novel04/circles/117085,"아아─, 이것이 『소설』이라는 것이다. Chapter 4",Day2
복숭아 나무 현제 걸렸네,낀로,,,,,2sp,내가 키운 S급들,,"댁네 집이었는데, 이젠 우리집입니다.",,성현제X한유진,로맨틱,,"만화,소설",kinrou99,https://dongne.co/events/novel04/circles/115625,"아아─, 이것이 『소설』이라는 것이다. Chapter 4",Day2
청명한 하늘 아래 미인들,잉어연못,,,,,2sp,화산귀환,"진혼기,가비지타임",,청명,청명X당보,,,"만화,일러스트,소설,기타",ingeoyeon,https://dongne.co/events/novel04/circles/116028,"아아─, 이것이 『소설』이라는 것이다. Chapter 4",Day2
당보야 지금 와도 지각이다,환해,,,,,2sp,화산귀환,,,청명,당보X청명,"로맨틱,섹슈얼",,"소설,만화,일러스트",hwasanhae,https://dongne.co/events/novel04/circles/115975,"아아─, 이것이 『소설』이라는 것이다. Chapter 4",Day2
유진이 행복 증진위,야호,,,,,2sp,내가 키운 S급들,,"댁네 집이었는데, 이젠 우리집입니다.","성현제,한유진",성현제X한유진,로맨틱,,일러스트,yaho_ns,https://dongne.co/events/novel04/circles/116027,"아아─, 이것이 『소설』이라는 것이다. Chapter 4",Day2
여기가 바로 부스의 길!!,이공,,,,,2sp,화산귀환,,,올캐릭터,,,,"만화,일러스트,기타",kkyigong,https://dongne.co/events/novel04/circles/115977,"아아─, 이것이 『소설』이라는 것이다. Chapter 4",Day2
세상에 나쁜 무인은 없다,사환,,,,,2sp,화산귀환,"진혼기,광마회귀",,"청명,당보,당소소,이송백 외",,,,일러스트,4hwan_,https://dongne.co/events/novel04/circles/117754,"아아─, 이것이 『소설』이라는 것이다. Chapter 4",Day2
과거를 믿기 현재를 믿기 미래를 믿기,만두,,,,,1sp,진혼,"묵독,잔차품",<프리스트 소설 연구회> 작품 수위와 덕질 지속성의 상관 관계에 대하여,프리스트의자식들,,,,기타,G_7H0I,https://dongne.co/events/novel04/circles/117663,"아아─, 이것이 『소설』이라는 것이다. Chapter 4",Day2
공작의 완드 시연회 브로셔 판매대,"아마, 솜솜",,,,,2sp,문과라도 안 죄송한 이세계로 감,,,"클레이오 아세르,멜키오르 리오그난",클레이오X멜키오르,"섹슈얼,로맨틱",,소설,isnt_pro,https://dongne.co/events/novel04/circles/116459,"아아─, 이것이 『소설』이라는 것이다. Chapter 4",Day2
이곳은 본디 환락의 지옥이다,혼놀,,,,,1sp,천관사복,,"천관이 복을 내리시니, 쁘띠존 걱정 하나 없다",,화성X사련,,all,"만화,일러스트",_honnol,https://dongne.co/events/novel04/circles/117972,"아아─, 이것이 『소설』이라는 것이다. Chapter 4",Day2
천축에 가면 편지를 띄우세요,재호,,,,,1sp,진혼기,,삼천세계 연애일지,자하 설영,,로맨틱,,소설,4k4k209,https://dongne.co/events/novel04/circles/117114,"아아─, 이것이 『소설』이라는 것이다. Chapter 4",Day2
청명한 하루 되세요!,누렁개,,,,,2sp,화산귀환,,,"장일소,호가명,청명,백천,유이설,윤종,조걸",,,,일러스트,LaZ_Pi2,https://dongne.co/events/novel04/circles/117760,"아아─, 이것이 『소설』이라는 것이다. Chapter 4",Day2
미래의 내가 어떻게든,보메,,,,,1sp,데못죽,,엋문 쁘띠존 : 감미로운 사랑의 맛이었다,청려,청려X문대,"로맨틱,섹슈얼",,만화,Bpring_DorD,https://dongne.co/events/novel04/circles/116043,"아아─, 이것이 『소설』이라는 것이다. Chapter 4",Day2
이구역 잡식 활자인간,INT,,,,,2sp,전지적독자시점,데못죽 어바등 화산귀환,,김독자,유중혁X김독자,로맨틱,"청우문대, 청려문대, 큰세문대","일러스트,소설",INT_inFVN,https://dongne.co/events/novel04/circles/116360,"아아─, 이것이 『소설』이라는 것이다. Chapter 4",Day2
세상은 이걸 천하라고 부릅니다,정차,,,,,2sp,화산귀환,,,,,,,만화,HoldonHwasan,https://dongne.co/events/novel04/circles/117046,"아아─, 이것이 『소설』이라는 것이다. Chapter 4",Day2
가난한 내가 아름다운 신재현을 사랑해서,닉네임 없어요,,,,,2sp,데뷔 못하면 죽는 병걸림,,,청려,,로맨틱,,,,https://dongne.co/events/novel04/circles/115774,"아아─, 이것이 『소설』이라는 것이다. Chapter 4",Day2
여자가 검을 뽑았으면 청설이라도 해야지,이팔,,,,,2sp,화산귀환,,놀러와요 화테로의 숲,"청명,유이설",청명X유이설,"로맨틱,섹슈얼",,"만화,일러스트",E82pal,https://dongne.co/events/novel04/circles/117354,"아아─, 이것이 『소설』이라는 것이다. Chapter 4",Day2
곤륜산 아래 부대찌개집,"마름모, 유호",,,,,2sp,진혼,"잔차품,열화요수,묵독 등",<프리스트 소설 연구회> 작품 수위와 덕질 지속성의 상관 관계에 대하여,"진혼,잔차품,열화요수 등장인물",션웨이X자오윈란,섹슈얼,"루린, 선령, 저우두 등","만화,소설,조형","_marginn, Guardian_Yuuho",https://dongne.co/events/novel04/circles/117683,"아아─, 이것이 『소설』이라는 것이다. Chapter 4",Day2
뭐든지 청소 해드립니다.,곽곽랑,,,,,4sp,화산귀환,,,"청명,임소병",청명X임소병,"로맨틱,섹슈얼",,"만화,일러스트,소설,공예",salamsallyeo01,https://dongne.co/events/novel04/circles/116247,"아아─, 이것이 『소설』이라는 것이다. Chapter 4",Day2
겨울은 추워잉,으랏챠챠,,,,,2sp,화산귀환,,,,,,,,qawsedcici,https://dongne.co/events/novel04/circles/116290,"아아─, 이것이 『소설』이라는 것이다. Chapter 4",Day2
대가리 집착단,맹먕,,,,,1sp,화산귀환,,,"청명,백아,백천,유이설,조걸,윤종,당보,소소,혜연,천마",,,,"일러스트,기타",meangmyang__,https://dongne.co/events/novel04/circles/118028,"아아─, 이것이 『소설』이라는 것이다. Chapter 4",Day2
도사네 전당포,도오사란무엇인가 ,,,,,2sp,화산귀환,,,"청명,당보,청문,청진,윤종,조걸,소소,백천,유이설",,,,"만화,일러스트",dodukgyeong1023,https://dongne.co/events/novel04/circles/116203,"아아─, 이것이 『소설』이라는 것이다. Chapter 4",Day2
쁘띠존 본부석,몰랑퐁당,,,,,4sp,내가 키운 S급들,,"댁네 집이었는데, 이젠 우리집입니다.","성현제,한유진",,"로맨틱,섹슈얼",,"소설,일러스트,만화,공예,기타",,https://dongne.co/events/novel04/circles/116435,"아아─, 이것이 『소설』이라는 것이다. Chapter 4",Day2
성현제 허벅지,성냥냥,,,,,2sp,내가키운S급들,,"댁네 집이었는데, 이젠 우리집입니다.","성현제,한유진",,섹슈얼,,"소설,일러스트",Snyang_SF,https://dongne.co/events/novel04/circles/116667,"아아─, 이것이 『소설』이라는 것이다. Chapter 4",Day2
솜씻는 너구리,너구리 42호,,,,,1sp,데뷔 못 하면 죽는 병 걸림,,문대큰세 쁘띠존 <MK office>,"박문대,이세진",박문대X이세진,,,기타,,https://dongne.co/events/novel04/circles/116251,"아아─, 이것이 『소설』이라는 것이다. Chapter 4",Day2
수상한 짬뽕집,수식,,,,,2sp,데못죽,전독시/내스급,,"테스타,청려,김독자",,,,일러스트,SB_01911,https://dongne.co/events/novel04/circles/117065,"아아─, 이것이 『소설』이라는 것이다. Chapter 4",Day2
심해어 락밴드,심해어,,,,,2sp,화산귀환,전독시,,,남궁도위X임소병,,중혁독자,,ll235813,https://dongne.co/events/novel04/circles/116431,"아아─, 이것이 『소설』이라는 것이다. Chapter 4",Day2
쏘머치 애옹쓰,양냥,,,,,2sp,화산귀환,,,올캐러,,,,"기타,조형,공예",SomuchNya,https://dongne.co/events/novel04/circles/116005,"아아─, 이것이 『소설』이라는 것이다. Chapter 4",Day2
앗곰과 친구들,앗곰,,,,,2sp,진혼기,명급리,삼천세계 연애일지,자하,,로맨틱,"의신른, 제건신록",일러스트,i_iurtm,https://dongne.co/events/novel04/circles/116692,"아아─, 이것이 『소설』이라는 것이다. Chapter 4",Day2
열라면 수요일,"프라, 유성, 팝",,,,,2sp,열화요수,,<프리스트 소설 연구회> 작품 수위와 덕질 지속성의 상관 관계에 대하여,,쉬엔지X성령연,"로맨틱,섹슈얼",,"만화,소설","pravmf, Daydream_DX, pp4_po",https://dongne.co/events/novel04/circles/117431,"아아─, 이것이 『소설』이라는 것이다. Chapter 4",Day2
영양소 불균형,여명,,,,,2sp,화산귀환,,,"청명,백천,유이설,윤종,조걸,당소소,혜연",백천청명,,,만화,Dawn_light____,https://dongne.co/events/novel04/circles/117781,"아아─, 이것이 『소설』이라는 것이다. Chapter 4",Day2
장강의 오작교,"밥장사주는착한언니, SEMO",,,,,2sp,화산귀환,,피의 일소청명 쁘띠존 ~부부클리닉 사랑과 전쟁(주의: 진짜전쟁함)~,장일소 청명,장일소X청명,"섹슈얼,로맨틱",,소설,"diddldjssl, HQ_SEMO",https://dongne.co/events/novel04/circles/116013,"아아─, 이것이 『소설』이라는 것이다. Chapter 4",Day2
중원의 단수들,새우튀김,,,,,4sp,화산귀환,,피의 일소청명 쁘띠존 ~부부클리닉 사랑과 전쟁(주의: 진짜전쟁함)~,"장일소,청명",장일소X청명,"섹슈얼,로맨틱",,"만화,일러스트,공예,기타",shrimp_tem_ooo,https://dongne.co/events/novel04/circles/116985,"아아─, 이것이 『소설』이라는 것이다. Chapter 4",Day2
탈덕은 없더라,롱귤,,,,,2sp,서브 남주가 파업하면 생기는 일,,섭남파업 예서른 쁘띠존 ~세상에서 가장 완벽하고 궁극적인 우회전 궁주님 연모회~,세드리크 예서,세드리크 리에스테르X정예서,"섹슈얼,로맨틱",,"만화,일러스트,기타",MD_gyu1,https://dongne.co/events/novel04/circles/115909,"아아─, 이것이 『소설』이라는 것이다. Chapter 4",Day2
하기네 탕후루,"율토끼, 행복",,,,,2sp,천관사복,,"천관이 복을 내리시니, 쁘띠존 걱정 하나 없다","명의,사청현,화성,사련",,로맨틱,화성사련,"일러스트,만화","mm_yu9l1, www_TGCF_com",https://dongne.co/events/novel04/circles/115719,"아아─, 이것이 『소설』이라는 것이다. Chapter 4",Day2
설표네 고양이 ,볼,,,,,1sp,내가 키운 S급들,,"댁네 집이었는데, 이젠 우리집입니다.","성현제,한유진",성현제X한유진,로맨틱,,일러스트,booooll_A,https://dongne.co/events/novel04/circles/116285,"아아─, 이것이 『소설』이라는 것이다. Chapter 4",Day2
달빛은 거스를 수 없어서 ,꾼,,,,,2sp,내가 키운 S급들,,"댁네 집이었는데, 이젠 우리집입니다.","성현제,한유진",,섹슈얼,,"소설,공예",charms2_19HYeat,https://dongne.co/events/novel04/circles/116256,"아아─, 이것이 『소설』이라는 것이다. Chapter 4",Day2
동로산 다이브 함 하실래요,꿹꽉,,,,,2sp,천관사복,,"천관이 복을 내리시니, 쁘띠존 걱정 하나 없다","화성,사련",,로맨틱,,일러스트,ducduck_030,https://dongne.co/events/novel04/circles/116085,"아아─, 이것이 『소설』이라는 것이다. Chapter 4",Day2
너희는 사랑을 해. 난 받아적을테니.,커피,,,,,2sp,화산귀환,,피의 일소청명 쁘띠존 ~부부클리닉 사랑과 전쟁(주의: 진짜전쟁함)~,"청명,장일소",장일소X청명,"섹슈얼,로맨틱",,소설,gsjajwhha,https://dongne.co/events/novel04/circles/117482,"아아─, 이것이 『소설』이라는 것이다. Chapter 4",Day2
전설의 흡혈귀 고향,"밍구멍구, HUE",,,,,2sp,월야환담,,,한세건,서현X한세건,섹슈얼,"린건, 리림건",소설,mung_mn,https://dongne.co/events/novel04/circles/116387,"아아─, 이것이 『소설』이라는 것이다. Chapter 4",Day2
천우맹 종나ㅁ 좋아~,카인,,,,,2sp,화산귀환,,,,,,,기타,min0826joo,https://dongne.co/events/novel04/circles/117149,"아아─, 이것이 『소설』이라는 것이다. Chapter 4",Day2
어두운 바다의 쨈의 맹세,그린블루,,,,,2sp,어두운 바다의 등불이 되어,,,재희무현,김재희X박무현,"로맨틱,섹슈얼",,"소설,만화",G_Deepblue,https://dongne.co/events/novel04/circles/116652,"아아─, 이것이 『소설』이라는 것이다. Chapter 4",Day2
우리네 가슴엔 꿈도 많다,이지,,,,,2sp,화산귀환,,놀러와요 화테로의 숲,"청명,당소소,조걸,윤종",청명X당소소,"로맨틱,섹슈얼","조걸소소, 청명이설, 백천이설","소설,만화",Daisy27from,https://dongne.co/events/novel04/circles/118059,"아아─, 이것이 『소설』이라는 것이다. Chapter 4",Day2
촉촉한 사과맛 콩떡 맛집,치타,,,,,2sp,데뷔못하면 죽는 병 걸림,화산귀환,,박문대,,로맨틱,"문대른, 논커플링",기타,,https://dongne.co/events/novel04/circles/116129,"아아─, 이것이 『소설』이라는 것이다. Chapter 4",Day2
날조가 싫으면 먼저 선수 치셔야죠 작가님,류난,,,,,2sp,백작가의 망나니가 되었다,,,,,,,"소설,공예,기타",707_1108,https://dongne.co/events/novel04/circles/116376,"아아─, 이것이 『소설』이라는 것이다. Chapter 4",Day2
스승의 은혜는 하늘 같아서,엥,,,,,2sp,인사반파자구계통,,,,빙하X청추,,"막북상청, 일현청가",,,https://dongne.co/events/novel04/circles/115638,"아아─, 이것이 『소설』이라는 것이다. Chapter 4",Day2
"가오는 없지만 문엋,독중,윻윶은 있음",연어,,,,,1sp,데뷔 못 하면 죽는 병 걸림,"내가 키운 S급들,전지적 독자 시점",,"문대,청려",,"로맨틱,섹슈얼",,소설,salmon_DHA,https://dongne.co/events/novel04/circles/116359,"아아─, 이것이 『소설』이라는 것이다. Chapter 4",Day2
당보야 그렇게 됐다.,발루,,,,,2sp,화산귀환,,,당보,,"섹슈얼,로맨틱",,,Baloo737582,https://dongne.co/events/novel04/circles/115782,"아아─, 이것이 『소설』이라는 것이다. Chapter 4",Day2
귀시장 무허가 노점상,두충,,,,,2sp,천관사복,-,"천관이 복을 내리시니, 쁘띠존 걱정 하나 없다",-,,,,기타,2nd_sindo8,https://dongne.co/events/novel04/circles/116056,"아아─, 이것이 『소설』이라는 것이다. Chapter 4",Day2
이상한 나라의 잡화점,빵,,,,,2sp,x,,,,,,,공예,0110_101,https://dongne.co/events/novel04/circles/117425,"아아─, 이것이 『소설』이라는 것이다. Chapter 4",Day2
조상과 후손의 콜라보,이네하나,,,,,4sp,"화산귀환,삼국지",,,,,,,"소설,기타",inehana_,https://dongne.co/events/novel04/circles/116905,"아아─, 이것이 『소설』이라는 것이다. Chapter 4",Day2
연하가 공이다 내말이 맞다,배스,,,,,2sp,내가 키운 S급들,"전지적 독자 시점,데뷔 못하면 죽는 병 걸림,화산귀환",,,한유현X한유진,"섹슈얼,로맨틱",중혁독자 당보청명 아현문대 큰세배세,"소설,일러스트",bbaatthh,https://dongne.co/events/novel04/circles/116119,"아아─, 이것이 『소설』이라는 것이다. Chapter 4",Day2
청룡의 해인데 호랑이 꽉껴,리타랑,,,,,1sp,,,,,,,,,,https://dongne.co/events/novel04/circles/116519,"아아─, 이것이 『소설』이라는 것이다. Chapter 4",Day2
바다도 좋지만 땅에서 살면 안 될까요?,시우,,,,,1sp,어두운 바다의 등불이 되어,,,"박무현,박무진,강수정,김가영,이지현 등.",,,,소설,siu_tldn,https://dongne.co/events/novel04/circles/116852,"아아─, 이것이 『소설』이라는 것이다. Chapter 4",Day2
수상할 정도로 파란데 빨간 부스,민이,,,,,2sp,화산귀환,무협드림,,종남,,"로맨틱,섹슈얼",,,tianxiajianxing,https://dongne.co/events/novel04/circles/117089,"아아─, 이것이 『소설』이라는 것이다. Chapter 4",Day2
바다가 깊을까 화산이 높을까,호선,,,,,2sp,어두운바다의등불이되어,"화산귀환,블랙배저,명급리",,"김재희,박무현",김재희X박무현,"로맨틱,섹슈얼","백천청명 , 릭힐데","만화,일러스트,소설",cheese_ec,https://dongne.co/events/novel04/circles/116230,"아아─, 이것이 『소설』이라는 것이다. Chapter 4",Day2
민감한 바다의 사악한 해파리들,사치,,,,,1sp,어두운 바다의 등불이 되어,민감한 대리님,,박무현,김재희X박무현,섹슈얼,,소설,,https://dongne.co/events/novel04/circles/116163,"아아─, 이것이 『소설』이라는 것이다. Chapter 4",Day2
귓가에 햇살을 받으며 석양까지 행복한 독서를,"살믄게, 티베리",,,,,2sp,이영도 소설,"드래곤 라자,퓨처워커,눈물을 마시는 새",,,,,,"소설,만화","lifeiscrab, tiberi509",https://dongne.co/events/novel04/circles/117988,"아아─, 이것이 『소설』이라는 것이다. Chapter 4",Day2
오늘은 기분이 째지니 극락방으로 간다 ,낑깡,,,,,1sp,천관사복,,"천관이 복을 내리시니, 쁘띠존 걱정 하나 없다","화성,사련",,로맨틱,지사풍사,"일러스트,만화",ggang_gr,https://dongne.co/events/novel04/circles/116918,"아아─, 이것이 『소설』이라는 것이다. Chapter 4",Day2
복숭아 누르지 마세요...,"삼시나매, 짜라란",,,,,2sp,내가 키운 S급들,화산귀환,"댁네 집이었는데, 이젠 우리집입니다.","성현제,한유진",성현제X한유진,로맨틱,,"소설,일러스트,기타",rolllbang,https://dongne.co/events/novel04/circles/116608,"아아─, 이것이 『소설』이라는 것이다. Chapter 4",Day2
김독자 컴퍼니 영업부서,김구디,,,,,2sp,전지적독자시점,,,김독자 컴퍼니,,,,"일러스트,기타",guding_nut,https://dongne.co/events/novel04/circles/116578,"아아─, 이것이 『소설』이라는 것이다. Chapter 4",Day2
매화에 잠겨서 임종하다,물개,,,,,1sp,화산귀환,,,청명,당보X청명,로맨틱,,기타,185cm_158cm,https://dongne.co/events/novel04/circles/118027,"아아─, 이것이 『소설』이라는 것이다. Chapter 4",Day2
어두운 바다의 잡탕찌개,고별,,,,,1sp,어두운 바다의 등불이 되어,,,"김재희,박무현,전체인물",김재희X박무현,"로맨틱,섹슈얼",,"만화,일러스트",sea_0328,https://dongne.co/events/novel04/circles/116548,"아아─, 이것이 『소설』이라는 것이다. Chapter 4",Day2
테스타 찾으러 개복치가 나비 들고 왔는데 근심할 거 하나도 없어요!,Ramy,,,,,1sp,데못죽,전독시/천관사복,,,,,,"공예,기타",catcatnyaong,https://dongne.co/events/novel04/circles/116026,"아아─, 이것이 『소설』이라는 것이다. Chapter 4",Day2
그룹내 연애는 상관없지 않나?,판사,,,,,2sp,데못죽,,,올캐러,,해당없음,청려문대 큰세문대,,JJ8bl0tstar,https://dongne.co/events/novel04/circles/115633,"아아─, 이것이 『소설』이라는 것이다. Chapter 4",Day2
지나간 엋문은 돌아오지 않는다,기요,,,,,1sp,데뷔 못 하면 죽는 병 걸림,,엋문 쁘띠존 : 감미로운 사랑의 맛이었다,,청려X문대,해당없음,,소설,ggiyo_yogi,https://dongne.co/events/novel04/circles/117362,"아아─, 이것이 『소설』이라는 것이다. Chapter 4",Day2
고도로 발달한 동업자는 부부와 구분할 수 없다.,례다,,,,,2sp,내가 키운 S급들,,"댁네 집이었는데, 이젠 우리집입니다.","성현제,한유진",성현제X한유진,"로맨틱,섹슈얼",,소설,bliss_207,https://dongne.co/events/novel04/circles/116445,"아아─, 이것이 『소설』이라는 것이다. Chapter 4",Day2
존잘님 만나러 왔습니다.,"아리, 류류",,,,,2sp,데뷔 못 하면 죽는 병 걸림,,,"박문대,청려",청려X박문대(류건우),로맨틱,,기타,Aari_S2_1004,https://dongne.co/events/novel04/circles/117982,"아아─, 이것이 『소설』이라는 것이다. Chapter 4",Day2
황제와 장군과 통수권자와 기업총수,랑존,,,,,2sp,"잔차품,묵독,열화요수,살파랑",,<프리스트 소설 연구회> 작품 수위와 덕질 지속성의 상관 관계에 대하여,"린징헝,루비싱,성령연,쉬엔지,뤄원저우,페이두,장경,고윤",루비싱X린징헝,섹슈얼,"쉬엔지성령연, 뤄원저우페이두, 장경고윤",소설,L4N9J0N,https://dongne.co/events/novel04/circles/116222,"아아─, 이것이 『소설』이라는 것이다. Chapter 4",Day2
변경백 서자는 블랙배저였다,신불,,,,,2sp,블랙배저,변경백 서자는 황제였다,,"이안,힐데베르트,이예현,잭 등",,"로맨틱,섹슈얼","윤예윤, 논cp","일러스트,만화",dobby_dbswn,https://dongne.co/events/novel04/circles/116970,"아아─, 이것이 『소설』이라는 것이다. Chapter 4",Day2
영양소 불균형-화진단지,화진,,,,,2sp,화산귀환,,,올캐러 백천 청명,백천X청명,"로맨틱,섹슈얼","당청,일청,논cp, 올캐러","만화,일러스트,기타",hwa_jinjin,https://dongne.co/events/novel04/circles/115905,"아아─, 이것이 『소설』이라는 것이다. Chapter 4",Day2
귀시장 잡화상점,MMW,,,,,2sp,천관사복,,"천관이 복을 내리시니, 쁘띠존 걱정 하나 없다","화성,사련",,,,만화,,https://dongne.co/events/novel04/circles/115627,"아아─, 이것이 『소설』이라는 것이다. Chapter 4",Day2
그렇게 됐습니다,독구,,,,,1sp,데뷔 못하면 죽는 병 걸림,,,박문대,류청우X박문대,섹슈얼,"청건, 엋건",만화,,https://dongne.co/events/novel04/circles/117253,"아아─, 이것이 『소설』이라는 것이다. Chapter 4",Day2
도사란 무엇이냐,"흉, 라비고, 우적",,,,,2sp,화산귀환,,,당보 청명 이송백 진금룡,당보X청명,로맨틱,"검검, 논커플링","만화,일러스트","froggg_x8, YumYumUjeog, ing_hyung",https://dongne.co/events/novel04/circles/116081,"아아─, 이것이 『소설』이라는 것이다. Chapter 4",Day2
돌아온 성검전설,오슷카,,,,,2sp,내가 키운 S급들,"패션,섭남파업",,"성현제,한유진",성현제X한유진,"로맨틱,섹슈얼",,,osc_sss,https://dongne.co/events/novel04/circles/116372,"아아─, 이것이 『소설』이라는 것이다. Chapter 4",Day2
무림별 강호랜드,"비파, 감감",,,,,1sp,"의원,다시 살다",어바등 섭남파업,,진천희,,,,"소설,만화,일러스트,공예,기타",Ring_bell94,https://dongne.co/events/novel04/circles/117000,"아아─, 이것이 『소설』이라는 것이다. Chapter 4",Day2
뭐라도 해볼게요,공로/라모,,,,,1sp,데뷔 못하면 죽는 병 걸림,,,테스타,큰세X문대,,,소설,kyalamo,https://dongne.co/events/novel04/circles/117920,"아아─, 이것이 『소설』이라는 것이다. Chapter 4",Day2
복마동 구석탱이,akira,,,,,1sp,마도조사,,망무 쁘띠존이 열린다니 속이 다 시원합니다!,"남망기,위무선",남망기X위무선,"로맨틱,섹슈얼",,일러스트,akiranosouko,https://dongne.co/events/novel04/circles/117702,"아아─, 이것이 『소설』이라는 것이다. Chapter 4",Day2
사패련 대나무숲,볼,,,,,2sp,화산귀환,,,"장일소,호가명,임소병",장일소X호가명,"로맨틱,섹슈얼,해당없음","가명일소, 당보청명, 일소소병","일러스트,만화,소설,공예",vol__cano,https://dongne.co/events/novel04/circles/116846,"아아─, 이것이 『소설』이라는 것이다. Chapter 4",Day2
사패련 채용공고,"소1장, 미음",,,,,2sp,화산귀환,,,"장일소,호가명,임소병,검존,암존",,"섹슈얼,로맨틱",일소소병,"만화,일러스트",sojang_o,https://dongne.co/events/novel04/circles/116515,"아아─, 이것이 『소설』이라는 것이다. Chapter 4",Day2
산에서 살것이다,녹수,,,,,1sp,화산귀환,,,임소병,남궁도위X임소병,해당없음,청명소병,일러스트,water_lily73,https://dongne.co/events/novel04/circles/117436,"아아─, 이것이 『소설』이라는 것이다. Chapter 4",Day2
양심적 설정붕괴,소아월,,,,,2sp,내가 키운 S급들,,"댁네 집이었는데, 이젠 우리집입니다.","성현제,한유진",성현제X한유진,섹슈얼,,,Child_C_Moon,https://dongne.co/events/novel04/circles/116356,"아아─, 이것이 『소설』이라는 것이다. Chapter 4",Day2
어바등 같이봐요,네짜흐,,,,,1sp,어두운 바다의 등불이 되어,,,,,,,만화,netjjach,https://dongne.co/events/novel04/circles/115553,"아아─, 이것이 『소설』이라는 것이다. Chapter 4",Day2
이로운 쌀떡가게,"쌀떡, 이로",,,,,2sp,데뷔 못하면 죽는 병 걸림,,,,,,,소설,"ssallddk, _IRO6_18",https://dongne.co/events/novel04/circles/116266,"아아─, 이것이 『소설』이라는 것이다. Chapter 4",Day2
자연산 감성비엘,자원,,,,,2sp,데뷔 못 하면 죽는 병 걸림,,,박문대,,"로맨틱,섹슈얼","문대른, 건우른","만화,소설",Jawon5112,https://dongne.co/events/novel04/circles/117128,"아아─, 이것이 『소설』이라는 것이다. Chapter 4",Day2
케일님 보우하사,듀라엘,,,,,2sp,백작가의 망나니가 되었다,데뷔 못하면 죽는 병 걸림 / 화산귀환,,,,,,,ebfkdpf,https://dongne.co/events/novel04/circles/115791,"아아─, 이것이 『소설』이라는 것이다. Chapter 4",Day2
화음현 우유공방,"젠, 아도",,,,,2sp,화산귀환,,,,당보X청명,"로맨틱,섹슈얼",,,,https://dongne.co/events/novel04/circles/115824,"아아─, 이것이 『소설』이라는 것이다. Chapter 4",Day2
화테로 마을회관 ,말희,,,,,4sp,화산귀환,,놀러와요 화테로의 숲,"당소소,유이설,윤종,청명",,,,"일러스트,소설",malhee_g,https://dongne.co/events/novel04/circles/116258,"아아─, 이것이 『소설』이라는 것이다. Chapter 4",Day2
상선은 돌아오는 거야,박삼것고,,,,,4sp,진혼기,,삼천세계 연애일지,"자하,설영",자하X설영,,,,"subbak520, 333_2d, _no134012, goso342",https://dongne.co/events/novel04/circles/115847,"아아─, 이것이 『소설』이라는 것이다. Chapter 4",Day2
자유를 사랑하는 고삐 풀린 망아지이니 이해해주시길,"리엔, 제영, 파프리카",,,,,2sp,열화요수,,<프리스트 소설 연구회> 작품 수위와 덕질 지속성의 상관 관계에 대하여,"쉬엔지,성령연",,"로맨틱,섹슈얼",,"소설,만화",lieneun1,https://dongne.co/events/novel04/circles/117505,"아아─, 이것이 『소설』이라는 것이다. Chapter 4",Day2
저희집 청명이가 제일 많습니다,"빵쥐, 꼬리",,,,,2sp,화산귀환,,,청명,,해당없음,,"만화,일러스트",00g_00g,https://dongne.co/events/novel04/circles/117430,"아아─, 이것이 『소설』이라는 것이다. Chapter 4",Day2
숨참고 동네글자 다이브,"야마랑, 염가리",,,,,2sp,진혼기,"반월당의 기묘한 이야기,천관사복",삼천세계 연애일지,,자하X설영,,,기타,"diakghkrnl, OenpalC",https://dongne.co/events/novel04/circles/116305,"아아─, 이것이 『소설』이라는 것이다. Chapter 4",Day2
굿즈는 성공하고 생각하자,내슈,,,,,2sp,어두운 바다의 등불이되어,"서브남주가 파업하면 생기는 일,데못죽",,박무현,,로맨틱,,일러스트,sotb_U_U,https://dongne.co/events/novel04/circles/117082,"아아─, 이것이 『소설』이라는 것이다. Chapter 4",Day2
사랑은 어떻게든 사랑이지,아레카야자,,,,,2sp,진혼기,,삼천세계 연애일지,,,,,,ARECA_palm_,https://dongne.co/events/novel04/circles/115492,"아아─, 이것이 『소설』이라는 것이다. Chapter 4",Day2
심각한 유사가족 중독입니다,P_Phew,,,,,1sp,화산귀환,,,,청명X윤종,로맨틱,,"만화,일러스트",p_phew0612,https://dongne.co/events/novel04/circles/116997,"아아─, 이것이 『소설』이라는 것이다. Chapter 4",Day2
수영은 못하지만 해저기지는 가고싶어,노체,,,,,2sp,어두운 바다의 등불이 되어,,,"서지혁,신해량",신해량X서지혁,"로맨틱,섹슈얼",,"만화,일러스트",unanocheoscura_,https://dongne.co/events/novel04/circles/117465,"아아─, 이것이 『소설』이라는 것이다. Chapter 4",Day2
햄스터 남편찾기:: 그럼에도 뵤하고싶어,"빙홍차,헤르츠 ",,,,,2sp,데뷔 못하면 죽는 병 걸림,,,배세진,ALLX배세진,"해당없음,로맨틱","ncp,류청우x배세진,류건우x배세진,이세진x배세진,박문대x배세진","공예,소설,일러스트",,https://dongne.co/events/novel04/circles/117725,"아아─, 이것이 『소설』이라는 것이다. Chapter 4",Day2
거양전 정상영업중 ,연근납치범,,,,,2sp,천관사복,,"천관이 복을 내리시니, 쁘띠존 걱정 하나 없다",풍신 모정,풍신X모정,해당없음,,일러스트,renconabductor,https://dongne.co/events/novel04/circles/115564,"아아─, 이것이 『소설』이라는 것이다. Chapter 4",Day2
궁연이 예서른하면 생기는 일,길봉구,,,,,1sp,서브 남주가 파업하면 생기는 일,,섭남파업 예서른 쁘띠존 ~세상에서 가장 완벽하고 궁극적인 우회전 궁주님 연모회~,정예서,세드리크X정예서,"로맨틱,섹슈얼","지브릴×정예서, 요한×정예서, 크리스텔×정예서","기타,일러스트",gbg_2727,https://dongne.co/events/novel04/circles/115577,"아아─, 이것이 『소설』이라는 것이다. Chapter 4",Day2
패군이 화산검협을 사랑했다,"스콘, nahee ",,,,,2sp,화산귀환,,피의 일소청명 쁘띠존 ~부부클리닉 사랑과 전쟁(주의: 진짜전쟁함)~,"장일소,청명",장일소X청명,"로맨틱,섹슈얼",,소설,"SconeLover_hs, yxneverdie",https://dongne.co/events/novel04/circles/116042,"아아─, 이것이 『소설』이라는 것이다. Chapter 4",Day2
댕댕이 행복추구협회,알레사,,,,,2sp,데뷔 못 하면 죽는 병 걸림,,엋문 쁘띠존 : 감미로운 사랑의 맛이었다,"청려,류건우",청려X건우,"로맨틱,섹슈얼",,,,https://dongne.co/events/novel04/circles/115901,"아아─, 이것이 『소설』이라는 것이다. Chapter 4",Day2
진혼된 오타쿠입니다,나임,,,,,1sp,진혼기,,,설영,,"로맨틱,섹슈얼",,소설,youyouyouyour11,https://dongne.co/events/novel04/circles/116249,"아아─, 이것이 『소설』이라는 것이다. Chapter 4",Day2
"사매님, 떼껄룩",자홍,,,,,1sp,화산귀환,전지적 독자 시점,,백천,백천X청명,해당없음,"백천X청명,중혁X독자",공예,zihong409,https://dongne.co/events/novel04/circles/116842,"아아─, 이것이 『소설』이라는 것이다. Chapter 4",Day2
청명아! 나는 언제나 너의 사숙이다.,"산화, 도룡뇽",,,,,2sp,화산귀환,,,"청명,백천",청명X백천,"로맨틱,섹슈얼",,"소설,만화","HS_sanhwa, cham95z",https://dongne.co/events/novel04/circles/116807,"아아─, 이것이 『소설』이라는 것이다. Chapter 4",Day2
아뿔싸! 궁주님을 위해 일하고 있었는데 미치겠다,사다,,,,,2sp,서브남주가 파업하면 생기는 일,광마회귀,섭남파업 예서른 쁘띠존 ~세상에서 가장 완벽하고 궁극적인 우회전 궁주님 연모회~,정예서,요한X예서,로맨틱,검마자하 ,"소설,기타",sada0w0,https://dongne.co/events/novel04/circles/116587,"아아─, 이것이 『소설』이라는 것이다. Chapter 4",Day2
적폐요!? 우리가 왕자님 모에화하는 사람처럼 보이세요?! (적왕사),"가오나시, 퓨랑",,,,,2sp,적국의 왕자로 사는 법,서브남주가 파업하면 생기는 일/주인공이 컨셉충이면 곤란한가요/마법명가 차남으로 살아남는 법,,"칼리안,플란츠,히나,드미레아,올캐러",칼리안X드미레아,로맨틱,플란히나,"소설,일러스트","hutsound_, pyurang_md",https://dongne.co/events/novel04/circles/116670,"아아─, 이것이 『소설』이라는 것이다. Chapter 4",Day2
가보자고,bdb,,,,,2sp,데못죽,,,큰세문대,이세진X박문대,로맨틱,문대른,일러스트,dbd17068597,https://dongne.co/events/novel04/circles/116554,"아아─, 이것이 『소설』이라는 것이다. Chapter 4",Day2
개굴상점,@chocogeguri,,,,,1sp,"화산귀환,데못죽,전독시 등","테마 소품,솜인형 소품",,,,,,공예,geguri_store,https://dongne.co/events/novel04/circles/117627,"아아─, 이것이 『소설』이라는 것이다. Chapter 4",Day2
과자가게,낵바,,,,,2sp,화산귀환,,,청명,,,,"일러스트,기타",ssnack_hsgh,https://dongne.co/events/novel04/circles/116240,"아아─, 이것이 『소설』이라는 것이다. Chapter 4",Day2
관상식물,"노네임, 스슥",,,,,2sp,내가 키운 S급들,이세계 착각헌터,"댁네 집이었는데, 이젠 우리집입니다.",,성현제X한유진,,기려른,소설,,https://dongne.co/events/novel04/circles/115606,"아아─, 이것이 『소설』이라는 것이다. Chapter 4",Day2
구멍가게,밍,,,,,1sp,데뷔못하면죽는병걸림,,,박문대,선아현X박문대,,,공예,,https://dongne.co/events/novel04/circles/116518,"아아─, 이것이 『소설』이라는 것이다. Chapter 4",Day2
김피탕집,"홍삼, 만돌",,,,,2sp,천관사복,"진혼기,인사반파자구계통,마도조사,화산귀환","천관이 복을 내리시니, 쁘띠존 걱정 하나 없다","화성,사련",,,,"일러스트,만화",hong3___0,https://dongne.co/events/novel04/circles/117088,"아아─, 이것이 『소설』이라는 것이다. Chapter 4",Day2
내비심서,매지운,,,,,1sp,데뷔 못 하면 죽는 병 걸림,"광마회귀,화산귀환",,,,,,일러스트,maejiun_sht,https://dongne.co/events/novel04/circles/117358,"아아─, 이것이 『소설』이라는 것이다. Chapter 4",Day2
네코마마,레이카,,,,,4sp,데뷔 못 하면 죽는 병 걸림,화산귀환,,박문대 (오른쪽),,,,,rayca01,https://dongne.co/events/novel04/circles/115510,"아아─, 이것이 『소설』이라는 것이다. Chapter 4",Day2
당과좋아,참비,,,,,1sp,화산귀환,전독시,,청명,,,,,truelovex91,https://dongne.co/events/novel04/circles/115780,"아아─, 이것이 『소설』이라는 것이다. Chapter 4",Day2
당청가약,따,,,,,1sp,화산귀환,,,"당보,청명",당보X청명,"로맨틱,섹슈얼",,소설,michyeotta2,https://dongne.co/events/novel04/circles/116493,"아아─, 이것이 『소설』이라는 것이다. Chapter 4",Day2
대종남파,soiya13,,,,,1sp,화산귀환,,,"진금룡,이송백",진금룡X이송백,"로맨틱,섹슈얼",,"소설,일러스트",no_name__8_8,https://dongne.co/events/novel04/circles/116154,"아아─, 이것이 『소설』이라는 것이다. Chapter 4",Day2
도원결의,키우,,,,,2sp,화산귀환,진혼기,,"장일소,청명,종남파,자하,설영",,,,"만화,일러스트,소설,사진,공예",chungjabaelove,https://dongne.co/events/novel04/circles/117484,"아아─, 이것이 『소설』이라는 것이다. Chapter 4",Day2
둥지문고,얼리버드,,,,,2sp,매직 미니윙,,,,,,,소설,fivenune,https://dongne.co/events/novel04/circles/116062,"아아─, 이것이 『소설』이라는 것이다. Chapter 4",Day2
뚜루뚜뚯,Yl,,,,,1sp,전지적독자시점,,,,,,,,MoonRackSeo,https://dongne.co/events/novel04/circles/116324,"아아─, 이것이 『소설』이라는 것이다. Chapter 4",Day2
만독불침,소옐,,,,,4sp,화산귀환,,,청명,청명,"로맨틱,섹슈얼",,"만화,일러스트,소설",soyel_OD,https://dongne.co/events/novel04/circles/117066,"아아─, 이것이 『소설』이라는 것이다. Chapter 4",Day2
맥도날드,이창수,,,,,1sp,데못죽,,,,,,,,,https://dongne.co/events/novel04/circles/116936,"아아─, 이것이 『소설』이라는 것이다. Chapter 4",Day2
모둠판소,"예섬, 캐럿",,,,,2sp,어두운 바다의 등불이 되어,"데뷔 못하면 죽는 병 걸림,내가 키운 s급들",,"신해량,박무현,박문대,이세진,한유현,한유진",신해량X박무현,"로맨틱,섹슈얼","크로스오버, 큰문, 유현유진, 해량무현",,"hnjari, zltpdibb",https://dongne.co/events/novel04/circles/115552,"아아─, 이것이 『소설』이라는 것이다. Chapter 4",Day2
모몬가즈,모구토,,,,,2sp,내가 키운 S급들,광마회귀,"댁네 집이었는데, 이젠 우리집입니다.",,,,,,,https://dongne.co/events/novel04/circles/115671,"아아─, 이것이 『소설』이라는 것이다. Chapter 4",Day2
무릉도원,"벽도랑, 여진, 사진",,,,,1sp,진혼기,"반월당,화산귀환,광마회귀",삼천세계 연애일지,,자하X설영,"로맨틱,섹슈얼",,"일러스트,만화,소설",byeokdolang,https://dongne.co/events/novel04/circles/115969,"아아─, 이것이 『소설』이라는 것이다. Chapter 4",Day2
무인양품,밀들,,,,,2sp,화산귀환,,,청명,청명X당보,로맨틱,,"만화,소설",mildeull,https://dongne.co/events/novel04/circles/117557,"아아─, 이것이 『소설』이라는 것이다. Chapter 4",Day2
문어구이,문어구이,,,,,2sp,데뷔 못하면 죽는 병 걸림,,,박문대(오른쪽),선아현X박문대,,,,moonuuh,https://dongne.co/events/novel04/circles/116504,"아아─, 이것이 『소설』이라는 것이다. Chapter 4",Day2
문큰반점,챠무,,,,,1sp,데뷔못하는 죽는 병 걸림,,문대큰세 쁘띠존 <MK office>,"박문대,이세진",박문대X이세진,로맨틱,,일러스트,chyamu_D,https://dongne.co/events/novel04/circles/117220,"아아─, 이것이 『소설』이라는 것이다. Chapter 4",Day2
반짝조각,반짝,,,,,2sp,왕은웃었다 길라잡이의등불,"진혼기,반월당의 기묘한 이야기,백망되",,,아기에X라야,로맨틱,"긴작산하,산유산새,자하설영","만화,일러스트",jyge95,https://dongne.co/events/novel04/circles/116986,"아아─, 이것이 『소설』이라는 것이다. Chapter 4",Day2
배놀랜드,kukuberry,,,,,2sp,데뷔못하면죽는병걸림,,,배세진,류청우X배세진,"로맨틱,섹슈얼",이세진x배세진 박문대x배세진 외 배세른,,071831_,https://dongne.co/events/novel04/circles/116040,"아아─, 이것이 『소설』이라는 것이다. Chapter 4",Day2
백진사댁,백진사,,,,,2sp,화산귀환,,,백천,청명X백천,섹슈얼,,만화,backjinsa,https://dongne.co/events/novel04/circles/117849,"아아─, 이것이 『소설』이라는 것이다. Chapter 4",Day2
뱁새둥지,노량,,,,,2sp,화산귀환,,,"청명,당보",당보X청명,"로맨틱,섹슈얼",,소설,rabbit_ryang,https://dongne.co/events/novel04/circles/117146,"아아─, 이것이 『소설』이라는 것이다. Chapter 4",Day2
보글보글,deill,,,,,1sp,적왕사,,,"칼리안,플란츠",,,,기타,,https://dongne.co/events/novel04/circles/116104,"아아─, 이것이 『소설』이라는 것이다. Chapter 4",Day2
부대찌개,밈,,,,,2sp,백작가의 망나니가 되었다,"화산귀환,데뷔 못하면 죽는 병 걸림,저 그런 인재 아닌데요,해리포터 시리즈,명문고 Ex급 조연의 리플레이",,,,,,"만화,일러스트,기타",_M_E_M_M_,https://dongne.co/events/novel04/circles/118038,"아아─, 이것이 『소설』이라는 것이다. Chapter 4",Day2
삼시돼끼,라온,,,,,2sp,내가 키운 S급들,,"댁네 집이었는데, 이젠 우리집입니다.","성현제,한유진",성현제X한유진,로맨틱,,일러스트,Raonning_S,https://dongne.co/events/novel04/circles/117123,"아아─, 이것이 『소설』이라는 것이다. Chapter 4",Day2
삼인삼색,시야,,,,,1sp,화산귀환,,,,,,,,,https://dongne.co/events/novel04/circles/117526,"아아─, 이것이 『소설』이라는 것이다. Chapter 4",Day2
상사불망,양서리,,,,,2sp,진혼기,,삼천세계 연애일지,,,,,,yang_seoli,https://dongne.co/events/novel04/circles/116898,"아아─, 이것이 『소설』이라는 것이다. Chapter 4",Day2
세탁건조,래시,,,,,2sp,어두운 바다의 등불이 되어,,,,,로맨틱,,만화,le2dduck,https://dongne.co/events/novel04/circles/115585,"아아─, 이것이 『소설』이라는 것이다. Chapter 4",Day2
수려공방,수려공방,,,,,1sp,화산귀환,,,화산귀환 문,,,,"기타,공예",_00kabocha00_,https://dongne.co/events/novel04/circles/118072,"아아─, 이것이 『소설』이라는 것이다. Chapter 4",Day2
십리십리,십리,,,,,2sp,진혼기,"1차 BL,백작가의 망나니가 되었다,명문고 EX급 조연의 리플레이,전지적 독자 시점",삼천세계 연애일지,,,,,,10n_nri,https://dongne.co/events/novel04/circles/115653,"아아─, 이것이 『소설』이라는 것이다. Chapter 4",Day2
엋멥불망,하제,,,,,1sp,데뷔 못하면 죽는 병 걸림,,엋문 쁘띠존 : 감미로운 사랑의 맛이었다,"신재현,박문대",청려X문대,"로맨틱,섹슈얼",,,Aiai_len,https://dongne.co/events/novel04/circles/116631,"아아─, 이것이 『소설』이라는 것이다. Chapter 4",Day2
연성술사,연성술사,,,,,2sp,화산귀환,,,화산귀환,,,,공예,alchemist_for,https://dongne.co/events/novel04/circles/115721,"아아─, 이것이 『소설』이라는 것이다. Chapter 4",Day2
이럴수가,침음,,,,,2sp,화산귀환,,,,,,,,myhappyend__,https://dongne.co/events/novel04/circles/116512,"아아─, 이것이 『소설』이라는 것이다. Chapter 4",Day2
이름없음,국히,,,,,1sp,화산귀환,,,"청명,당보,백천",,로맨틱,당보청명,소설,cookie_1017_,https://dongne.co/events/novel04/circles/117050,"아아─, 이것이 『소설』이라는 것이다. Chapter 4",Day2
이빨요정,귤쌈,,,,,2sp,어두운바다의등불이되어(어바등),,,,,,,소설,saltjing,https://dongne.co/events/novel04/circles/116095,"아아─, 이것이 『소설』이라는 것이다. Chapter 4",Day2
장작부족,뱅쇼,,,,,1sp,데뷔 못 하면 죽는 병 걸림,"전지적독자시점,내가 키운 S급들,서브남주가 파업하면 생기는 일",,"박문대,선아현,유중혁,김독자,성현제,한유진,예서,요한",선아현X박문대,섹슈얼,"성현제x한유진, 유중혁x김독자, 요한x예서","소설,공예,기타",classscallion,https://dongne.co/events/novel04/circles/115644,"아아─, 이것이 『소설』이라는 것이다. Chapter 4",Day2
토끼나라,Nia,,,,,2sp,,,,,,,,,,https://dongne.co/events/novel04/circles/115966,"아아─, 이것이 『소설』이라는 것이다. Chapter 4",Day2
폐관수련,따봉,,,,,2sp,천관사복,인사반파자구계통,"천관이 복을 내리시니, 쁘띠존 걱정 하나 없다","화성,사련,낙빙하,심청추",화성X사련,해당없음,빙추,"만화,일러스트",Lwc1Wp9,https://dongne.co/events/novel04/circles/115908,"아아─, 이것이 『소설』이라는 것이다. Chapter 4",Day2
형아얌냠,이데아,,,,,2sp,내가 키운 S급들,,,한유현 한유진,,로맨틱,,일러스트,ideatami,https://dongne.co/events/novel04/circles/115513,"아아─, 이것이 『소설』이라는 것이다. Chapter 4",Day2
형우제공,꿍,,,,,2sp,내가 키운 S급들,블랙배저,,,한유현X한유진,"로맨틱,섹슈얼","잭힐데, 예현윤","소설,일러스트",yhsrd52,https://dongne.co/events/novel04/circles/115798,"아아─, 이것이 『소설』이라는 것이다. Chapter 4",Day2
화산파전,김비,,,,,2sp,화산귀환,미정,,"청명,이송백 등등",,,,"일러스트,공예,기타",Poison_Drinking,https://dongne.co/events/novel04/circles/115738,"아아─, 이것이 『소설』이라는 것이다. Chapter 4",Day2
붉은나비 ,레인,,,,,2sp,,,,,,,,,,https://dongne.co/events/novel04/circles/115696,"아아─, 이것이 『소설』이라는 것이다. Chapter 4",Day2
도덕경을 천 번만 외우세요,240,,,,,1sp,천관사복,"터닝,인사반파자구계통","천관이 복을 내리시니, 쁘띠존 걱정 하나 없다","화성,사련",화성X사련,로맨틱,"지풍, 키시유더, 빙추",일러스트,3344_240,https://dongne.co/events/novel04/circles/117268,"아아─, 이것이 『소설』이라는 것이다. Chapter 4",Day2
소설이란 왜 이렇게 재밌을까,ceve93,,,,,2sp,어두운 바다의 등불이 되어,전지적 독자 시점,,all,,,,일러스트,luvhunter_ad,https://dongne.co/events/novel04/circles/117008,"아아─, 이것이 『소설』이라는 것이다. Chapter 4",Day2
화산으로 못 돌아가면 죽는 병 걸림,요주,,,,,1sp,화산귀환,,,"당보,청명,백천",백천X청명,,당보청명,만화,yojuuuuuuu,https://dongne.co/events/novel04/circles/118050,"아아─, 이것이 『소설』이라는 것이다. Chapter 4",Day2
금쪽이를 믿기,"지우, 2Mo, 뵤들, 밥, 분진",,,,,2sp,데뷔 못하면 죽는 병 걸림,,,,,해당없음,"유진래빈, 논컾",일러스트,"102__uu, ahyeon_aunt, byodeul_, bunzdust",https://dongne.co/events/novel04/circles/117886,"아아─, 이것이 『소설』이라는 것이다. Chapter 4",Day2
기다림이 좋아,무식,,,,,2sp,데못죽,,문대큰세 쁘띠존 <MK office>,박문대x이세진/테스타ncp,박문대X이세진,로맨틱,,"만화,일러스트",musicismylike,https://dongne.co/events/novel04/circles/115741,"아아─, 이것이 『소설』이라는 것이다. Chapter 4",Day2
새해에도 덕질,아르,,,,,1sp,데뷔 못 하면 죽는 병 걸림,,,,,,,,eternal_mien,https://dongne.co/events/novel04/circles/116544,"아아─, 이것이 『소설』이라는 것이다. Chapter 4",Day2
신라명물 자설,"타타랑, 한서랑",,,,,2sp,진혼기,,삼천세계 연애일지,,자하X설영,로맨틱,,"공예,소설",tatta1888,https://dongne.co/events/novel04/circles/117639,"아아─, 이것이 『소설』이라는 것이다. Chapter 4",Day2
언더더씨 찻집,이나리,,,,,1sp,반월당의 기묘한 이야기,"명급리,적왕사",,,,,,"일러스트,기타",E_nariB,https://dongne.co/events/novel04/circles/117323,"아아─, 이것이 『소설』이라는 것이다. Chapter 4",Day2
얼레벌레 부스,넬즈,,,,,1sp,데못죽,,,,,,,,,https://dongne.co/events/novel04/circles/116505,"아아─, 이것이 『소설』이라는 것이다. Chapter 4",Day2
옹산신씨 본가,"두콩, 춘봉",,,,,2sp,데뷔 못하면 죽는 병 걸림,,엋문 쁘띠존 : 감미로운 사랑의 맛이었다,신청려 박문대,,로맨틱,,일러스트,"DDukong_, chunbong_de",https://dongne.co/events/novel04/circles/116625,"아아─, 이것이 『소설』이라는 것이다. Chapter 4",Day2
은쪽이를 믿기,"시케, 삼오, 건망, 텅사, 기오",,,,,2sp,데뷔 못 하면 죽는 병 걸림,,,,,해당없음,유진&래빈,,"moonligh_t7, AHloveisu, kun_mang_, tnugsa000, ddd_bloo",https://dongne.co/events/novel04/circles/117163,"아아─, 이것이 『소설』이라는 것이다. Chapter 4",Day2
회귀하는 휘월,회귀자,,,,,2sp,데못죽,,,,,,,일러스트,anna_ice_cream,https://dongne.co/events/novel04/circles/117221,"아아─, 이것이 『소설』이라는 것이다. Chapter 4",Day2
주인장만 아는 맛,죽밥(주인장2). 주인장1,,,,,2sp,화산귀환,반월당,,,,,,일러스트,jukbab_4_I,https://dongne.co/events/novel04/circles/116137,"아아─, 이것이 『소설』이라는 것이다. Chapter 4",Day2
채율문대 하는 집,빛자,,,,,1sp,데뷔못하면 죽는 병 걸림,,,채율문대,채율X문대,"로맨틱,섹슈얼",,"기타,소설",uhus2530,https://dongne.co/events/novel04/circles/116662,"아아─, 이것이 『소설』이라는 것이다. Chapter 4",Day2
화산파의 종남 단속,찬,,,,,4sp,화산귀환,,,"화산파,종남파",화산X종남,"로맨틱,섹슈얼",,"만화,일러스트,소설,기타",YONAR_CHAN,https://dongne.co/events/novel04/circles/117445,"아아─, 이것이 『소설』이라는 것이다. Chapter 4",Day2
심해에서 치과 선생 앓이중,이실isil,,,,,2sp,어두운 바다의 등불이 되어,,,"박무현,신해량",해량X무현,"로맨틱,섹슈얼",,소설,isilmoon,https://dongne.co/events/novel04/circles/115709,"아아─, 이것이 『소설』이라는 것이다. Chapter 4",Day2
존잘님들 부스 사이 피어난 무나용 부스,비그네안,,,,,1sp,데뷔 못하면 죽는 병 걸림,,엋문 쁘띠존 : 감미로운 사랑의 맛이었다,박문대,신재현X박문대,로맨틱,,,Bi_gnean,https://dongne.co/events/novel04/circles/116264,"아아─, 이것이 『소설』이라는 것이다. Chapter 4",Day2
노부부를 향한 전지적 양민 시점,오리,,,,,2sp,화산귀환,,,,당보X청명,"로맨틱,섹슈얼",,"소설,만화",,https://dongne.co/events/novel04/circles/115496,"아아─, 이것이 『소설』이라는 것이다. Chapter 4",Day2
해저기지 완전 개판이네,댕댕,,,,,1sp,어바등,전독시 내스급,,,,,,"만화,일러스트",mungmum,https://dongne.co/events/novel04/circles/115607,"아아─, 이것이 『소설』이라는 것이다. Chapter 4",Day2
데못죽에 뼈를 묻었다가 말았음,유키,,,,,1sp,데뷔 못 하면 죽는 병 걸림,,,"류건우,배세진,류청우,이세진",류청우X배세진,섹슈얼,"이세진×배세진, 류건우×배세진",소설,youki_otaku_,https://dongne.co/events/novel04/circles/116831,"아아─, 이것이 『소설』이라는 것이다. Chapter 4",Day2
가시나무 부락: 우리 가문 정상영업 합니다,키로,,,,,4sp,길라잡이의 등불,,,산하,,,,"일러스트,만화",sanhayasaranghH,https://dongne.co/events/novel04/circles/116609,"아아─, 이것이 『소설』이라는 것이다. Chapter 4",Day2
가족끼리 왜이래,유하주,,,,,1sp,살파랑,잔차품,<프리스트 소설 연구회> 작품 수위와 덕질 지속성의 상관 관계에 대하여,"장경,고윤",장경X고윤,"로맨틱,섹슈얼",루린,소설,youhajuin,https://dongne.co/events/novel04/circles/117752,"아아─, 이것이 『소설』이라는 것이다. Chapter 4",Day2
그마없는 그마팀,비비,,,,,1sp,화산귀환,,,"청명,백천,당보,임소병",,,,기타,bibi_lyb,https://dongne.co/events/novel04/circles/117679,"아아─, 이것이 『소설』이라는 것이다. Chapter 4",Day2
기예팔이 신도들,해사,,,,,2sp,천관사복,,"천관이 복을 내리시니, 쁘띠존 걱정 하나 없다","사련,화성",,,,일러스트,OrWith_,https://dongne.co/events/novel04/circles/117059,"아아─, 이것이 『소설』이라는 것이다. Chapter 4",Day2
맛있는거 다먹음,쌈,,,,,1sp,내가 키운 S급들,"데뷔 못 하면 죽는 병 걸림,망돌 1군 만들기 프로젝트,블랙배저,변경백 서자는 황제였다",,,성현제X한유진,로맨틱,"문대른, 해온른, 힐데른, 이안른",,ssamtaku,https://dongne.co/events/novel04/circles/116317,"아아─, 이것이 『소설』이라는 것이다. Chapter 4",Day2
북태평양 표류기,심마,,,,,1sp,어두운 바다의 등불이 되어,,,"백애영,슈란",슈란X애영,"로맨틱,해당없음",,"일러스트,만화",shimma_0531,https://dongne.co/events/novel04/circles/115897,"아아─, 이것이 『소설』이라는 것이다. Chapter 4",Day2
일소청명 화톳불,김화덕,,,,,2sp,화산귀환,,피의 일소청명 쁘띠존 ~부부클리닉 사랑과 전쟁(주의: 진짜전쟁함)~,장일소 청명,장일소X청명,"로맨틱,섹슈얼",,만화,gimhwadeog2723,https://dongne.co/events/novel04/circles/116011,"아아─, 이것이 『소설』이라는 것이다. Chapter 4",Day2
친구로는 약해요,고래어항,,,,,1sp,어두운 바다의 등불이 되어,,,"김재희,박무현",김재희X박무현,,,소설,Pl2CaPVrDE7a9CJ,https://dongne.co/events/novel04/circles/115795,"아아─, 이것이 『소설』이라는 것이다. Chapter 4",Day2
형님여기 이상한 책이 잇쏘,압쥬,,,,,2sp,화산귀환,,,"당보,청명",당보X청명,"로맨틱,섹슈얼",,소설,Erun_hg,https://dongne.co/events/novel04/circles/117433,"아아─, 이것이 『소설』이라는 것이다. Chapter 4",Day2
보부상의 아늑한 보따리,보부상인,,,,,2sp,화산귀환,전독시,,청명 외 4명+n,,,,"만화,일러스트",___Sangin,https://dongne.co/events/novel04/circles/118042,"아아─, 이것이 『소설』이라는 것이다. Chapter 4",Day2
사벌주의 기묘한 왕만두,감댜,,,,,4sp,진혼기,반월당의 기묘한 이야기,,,,,,"만화,기타",PrilliaS2,https://dongne.co/events/novel04/circles/117306,"아아─, 이것이 『소설』이라는 것이다. Chapter 4",Day2
사천당가 뒷마당 독텃밭,도꼬마리(깜자),,,,,2sp,화산귀환,,,청명,당보X청명,"로맨틱,섹슈얼",,"소설,사진","neneneeng, Gggamjae",https://dongne.co/events/novel04/circles/117048,"아아─, 이것이 『소설』이라는 것이다. Chapter 4",Day2
계두국수 잘하는 화음현 점소이,얼굴잘그리고싶은사람,,,,,2sp,화산귀환,외 광마회귀,,"화산귀환 청명•당보•백천 등,광마회귀 이자하 등",청명X송백 있으나ncp위주입니다,"로맨틱,해당없음",논씨피 . 만약 커플링을기준으로 부스배치를 한다면 청명왼으로 부탁드립니다.,"일러스트,만화,소설",0510Practi,https://dongne.co/events/novel04/circles/116535,"아아─, 이것이 『소설』이라는 것이다. Chapter 4",Day2
배세진만 있으면 행복한 사람들,AB,,,,,1sp,데뷔 못하면 죽는 병 걸림,-,,배세진,박문대X배세진,섹슈얼,"청우배세, 풍산류뵤, 배세른 ","만화,소설",Byo64714159,https://dongne.co/events/novel04/circles/117977,"아아─, 이것이 『소설』이라는 것이다. Chapter 4",Day2
솜뭉치가 화산을 오르지 못하면 죽는 병 걸림,.,,,,,2sp,데못죽,화산귀환,,,,,,,,https://dongne.co/events/novel04/circles/117217,"아아─, 이것이 『소설』이라는 것이다. Chapter 4",Day2
누벅누벅 내스급 외길인생,누차,,,,,1sp,내가 키운 S급들,,,한유진 한유현 성현제,한유현X한유진,로맨틱,,"일러스트,만화",noocha_js,https://dongne.co/events/novel04/circles/116444,"아아─, 이것이 『소설』이라는 것이다. Chapter 4",Day2
순대국밥 아니고 문대국밥,"쇠수, 고미, 깉",,,,,2sp,"데뷔 못하면 죽는 병 걸림,데못죽",,,"박문대,류건우,국밥즈",,,,소설,"ironsujeo, meme_jjang, moondae_park",https://dongne.co/events/novel04/circles/117992,"아아─, 이것이 『소설』이라는 것이다. Chapter 4",Day2
으른이는 덕질을 참지않긔,도리,,,,,1sp,화산귀환,데못죽,,당보청명,당보X청명,"로맨틱,섹슈얼",,"소설,공예,기타",Do_ri_4238,https://dongne.co/events/novel04/circles/116050,"아아─, 이것이 『소설』이라는 것이다. Chapter 4",Day2
무한으로 즐겨요 명문진사갈비,복숭아,,,,,4sp,화산귀환,,,"청명,청문",청명X청문,섹슈얼,,"만화,소설,일러스트,공예",peach_hwasan,https://dongne.co/events/novel04/circles/117191,"아아─, 이것이 『소설』이라는 것이다. Chapter 4",Day2
다음역은 십올쥐.. 십올쥐 역입니다,"쮜, 칼세올, 10",,,,,4sp,데뷔 못 하면 죽는 병 걸림,,엋문 쁘띠존 : 감미로운 사랑의 맛이었다,,,,,소설,D8latte,https://dongne.co/events/novel04/circles/116691,"아아─, 이것이 『소설』이라는 것이다. Chapter 4",Day2
곰개연애 불가항력,누구,,,,,1sp,데뷔 못 하면 죽는 병 걸림,데못죽,,"큰세문대,이세진,박문대",,로맨틱,,,limja111,https://dongne.co/events/novel04/circles/115800,"아아─, 이것이 『소설』이라는 것이다. Chapter 4",Day2
덕만이의 덕질세상,덕만이,,,,,1sp,잔차품,,<프리스트 소설 연구회> 작품 수위와 덕질 지속성의 상관 관계에 대하여,,,,,소설,jobduckmanga,https://dongne.co/events/novel04/circles/116301,"아아─, 이것이 『소설』이라는 것이다. Chapter 4",Day2
데못죽은 영원하다,메리메무리,,,,,1sp,데못죽,,,,,,,,cookylove19,https://dongne.co/events/novel04/circles/115799,"아아─, 이것이 『소설』이라는 것이다. Chapter 4",Day2
말랑말랑 스프레이,수정,,,,,1sp,데뷔 못 하면 죽는 병 걸림,"화산귀환,내가 키운 S급들,어두운 바다의 등불이 되어",,청명 문대 콩이 세진 테스타 등,,,,"공예,기타",amethyst_lab,https://dongne.co/events/novel04/circles/117170,"아아─, 이것이 『소설』이라는 것이다. Chapter 4",Day2
삼천세계 연애일지,익명,,,,,4sp,진혼기,,삼천세계 연애일지,"자하,설영",자하X설영,해당없음,,일러스트,jaseol_petit,https://dongne.co/events/novel04/circles/115855,"아아─, 이것이 『소설』이라는 것이다. Chapter 4",Day2
서안골목 만두가게,먼지,,,,,1sp,화산귀환,,,,,,,,,https://dongne.co/events/novel04/circles/116531,"아아─, 이것이 『소설』이라는 것이다. Chapter 4",Day2
엋문하지 않을래요,"솔잎, 서나, 안나",,,,,2sp,데뷔 못하면 죽는 병 걸림,,엋문 쁘띠존 : 감미로운 사랑의 맛이었다,"박문대,청려,신재현",청려X문대,해당없음,,"일러스트,만화,소설","liel_ps, SeoooooNa, anna_ice_cream",https://dongne.co/events/novel04/circles/117129,"아아─, 이것이 『소설』이라는 것이다. Chapter 4",Day2
우주세기 대량제과,칙슈,,,,,1sp,살파랑,잔차품,<프리스트 소설 연구회> 작품 수위와 덕질 지속성의 상관 관계에 대하여,"장경,고윤,루비싱,린징헝",장경X고윤,"로맨틱,섹슈얼",루비싱×린징헝,소설,chicfum,https://dongne.co/events/novel04/circles/115544,"아아─, 이것이 『소설』이라는 것이다. Chapter 4",Day2
정파나라 사파공주,황도,,,,,2sp,화산귀환,,,청명,,,,"만화,일러스트",hwangdo157,https://dongne.co/events/novel04/circles/116863,"아아─, 이것이 『소설』이라는 것이다. Chapter 4",Day2
파스타를 기억하라,"서리, 함께뜨기",,,,,2sp,크툴루 게임 속 천재 마법사가 되었다,"어두운 바다의 등불이 되어,화산귀환",,,,해당없음,,,b00kedge,https://dongne.co/events/novel04/circles/115632,"아아─, 이것이 『소설』이라는 것이다. Chapter 4",Day2
해저기지 내기자랑,"호로롭, BB",,,,,2sp,"진혼기,어두운 바다의 등불이 되어(어바등)",,,"자하,설영,김재희",,,,"일러스트,만화","_HOROROP_, B4MB0N",https://dongne.co/events/novel04/circles/116369,"아아─, 이것이 『소설』이라는 것이다. Chapter 4",Day2
화랑에서 도사까지,"떼엑, 밥",,,,,2sp,"화산귀환,진혼기","변서황,진혼기,백망되",,"백아 / 자하,설영 / 이안",,,,일러스트,ddeack14,https://dongne.co/events/novel04/circles/116582,"아아─, 이것이 『소설』이라는 것이다. Chapter 4",Day2
강호에서 살아남기 - 점소이편,싴케,,,,,1sp,화산귀환,광마회귀,,"화산파,종남파,몽랑,자하",몽랑X자하,해당없음,,일러스트,C_C_K_O,https://dongne.co/events/novel04/circles/117036,"아아─, 이것이 『소설』이라는 것이다. Chapter 4",Day2
열화요수 앤솔로지 : 산맹해서,열화요수 앤솔로지,,,,,2sp,열화요수,,<프리스트 소설 연구회> 작품 수위와 덕질 지속성의 상관 관계에 대하여,"쉬엔지,성령연",쉬엔지X성령연,로맨틱,,"만화,일러스트,소설",DaemaduWaJujak,https://dongne.co/events/novel04/circles/116378,"아아─, 이것이 『소설』이라는 것이다. Chapter 4",Day2
우리들의 일그러진 영웅 느그들의 쫙쫙펴진 악당,104,,,,,2sp,화산귀환,,,청명 외 n명,,해당없음,,"기타,사진,일러스트,소설,만화",104_chivalry,https://dongne.co/events/novel04/circles/117881,"아아─, 이것이 『소설』이라는 것이다. Chapter 4",Day2
대량제국 부요산도 식후경,디귿,,,,,2sp,"살파랑,육효",프리스트 작품,<프리스트 소설 연구회> 작품 수위와 덕질 지속성의 상관 관계에 대하여,"고윤,엄쟁명",장경X고윤,"로맨틱,섹슈얼",엄쟁명x정잠,"만화,일러스트",,https://dongne.co/events/novel04/circles/116310,"아아─, 이것이 『소설』이라는 것이다. Chapter 4",Day2
해저기지 입사면접 스터디,환,,,,,2sp,어두운 바다의 등불이 되어,"서브 남주가 파업하면 생기는 일,이세계 착각 헌터",,,신해량X박무현,"로맨틱,섹슈얼",,,book_ghks,https://dongne.co/events/novel04/circles/116482,"아아─, 이것이 『소설』이라는 것이다. Chapter 4",Day2
데한민국 산지직송 회지맛집,푸름,,,,,2sp,데뷔 못하면 죽는 병 걸림,인소의 법칙,,청려 박문대,,로맨틱,,소설,pooruem_DMJ,https://dongne.co/events/novel04/circles/117726,"아아─, 이것이 『소설』이라는 것이다. Chapter 4",Day2
이것저것 독중하라!,재아,,,,,1sp,전지적 독자 시점,,,"김독자,유중혁",김독자X유중혁,,,,j_gudok_a,https://dongne.co/events/novel04/circles/115618,"아아─, 이것이 『소설』이라는 것이다. Chapter 4",Day2
연상유죄 연하무죄?,dreamtaste1313,,,,,2sp,이합화타적 백묘사존,"내스급,병안본,여오,밀랍인형폭렬학원가,블랙스완",,"묵연,만녕,한유진,한유현,허위,칭청,강야설,모용초의,유난오,류호피,관창,이환매",,"로맨틱,섹슈얼","유현유진, 허위칭청, 야설초의 ",,,https://dongne.co/events/novel04/circles/116238,"아아─, 이것이 『소설』이라는 것이다. Chapter 4",Day2
테스타냐 브이틱이냐 그것이 문제로다,행성,,,,,2sp,데뷔 못하면 죽는 병 걸림/데못죽,,,"테스타,브이틱,류건우",,,,소설,Planet_twt_,https://dongne.co/events/novel04/circles/116830,"아아─, 이것이 『소설』이라는 것이다. Chapter 4",Day2
서클명을 입력해주세요,조탁,,,,,2sp,전지적 독자시점,,,"유중혁,김독자",유중혁X김독자,"섹슈얼,로맨틱",,소설,zotacvv,https://dongne.co/events/novel04/circles/117422,"아아─, 이것이 『소설』이라는 것이다. Chapter 4",Day2
소가주가 연하공이어도 되나요?,정현,,,,,2sp,화산귀환,,,남궁도위,,"로맨틱,섹슈얼",,,succubus_dosa,https://dongne.co/events/novel04/circles/116185,"아아─, 이것이 『소설』이라는 것이다. Chapter 4",Day2
잡화상점-블랙배저봐주세요,주사,,,,,1sp,,,,,,,,,,https://dongne.co/events/novel04/circles/117062,"아아─, 이것이 『소설』이라는 것이다. Chapter 4",Day2
"장문사형, 여기 이 단수짓하는 놈들 저희같은데요!?",천양,,,,,1sp,화산귀환,,,"청문,청명",청문X청명,"섹슈얼,로맨틱,해당없음",논커플링,"소설,일러스트",soyu4232,https://dongne.co/events/novel04/circles/117155,"아아─, 이것이 『소설』이라는 것이다. Chapter 4",Day2
마감실패!,"ham, 삼칠",,,,,2sp,화산귀환,,,,당보X청명,"로맨틱,해당없음",,"만화,일러스트",ham_MXTX,https://dongne.co/events/novel04/circles/116791,"아아─, 이것이 『소설』이라는 것이다. Chapter 4",Day2
망되레드! 매화핑크! 합체! 현판소레인저 출동!,올런,,,,,2sp,백작가의망나니가되었다,화산귀환,,케일 헤니투스,알베르 크로스만X케일 헤니투스,로맨틱,백천청명,"만화,기타",2D_OlEn,https://dongne.co/events/novel04/circles/115642,"아아─, 이것이 『소설』이라는 것이다. Chapter 4",Day2
국제정치·외교에 관한 논고: 크로스만론,박체링,,,,,1sp,백작가의 망나니가 되었다,,,알베르 크로스만,,로맨틱,,"소설,기타",Guignol_chering,https://dongne.co/events/novel04/circles/117017,"아아─, 이것이 『소설』이라는 것이다. Chapter 4",Day2
안정후부(빈집),셍,,,,,1sp,살파랑,,<프리스트 소설 연구회> 작품 수위와 덕질 지속성의 상관 관계에 대하여,"장경,고윤",,"로맨틱,섹슈얼",루린,"소설,기타",SSCBL,https://dongne.co/events/novel04/circles/117810,"아아─, 이것이 『소설』이라는 것이다. Chapter 4",Day2
하늘하늘* 여기가 우리의 봄,양쌈,,,,,1sp,내가 키운 s급들,,,"한유진,한유현",한유진X한유현,로맨틱,,"일러스트,만화",open_bleu,https://dongne.co/events/novel04/circles/115495,"아아─, 이것이 『소설』이라는 것이다. Chapter 4",Day2
★할리킹☆,요시시키,,,,,1sp,전지적 독자시점,백작가의 망나니가 되었다.,,,,로맨틱,,,novel_yosi,https://dongne.co/events/novel04/circles/115675,"아아─, 이것이 『소설』이라는 것이다. Chapter 4",Day2
가로다직선,차일,,,,,2sp,화산귀환,,,당보 청명,,로맨틱,,"일러스트,만화",Chail_12,https://dongne.co/events/novel04/circles/117409,"아아─, 이것이 『소설』이라는 것이다. Chapter 4",Day2
건전한부스,"램브, 덕구",,,,,2sp,화산귀환,광마회귀,,,,,,"소설,일러스트","ash___ed, mo_red00",https://dongne.co/events/novel04/circles/115516,"아아─, 이것이 『소설』이라는 것이다. Chapter 4",Day2
나혼렙부스,눌,,,,,1sp,"나혼렙,나혼자만레벨업",,,성진우,,섹슈얼,,소설,Null_reading,https://dongne.co/events/novel04/circles/116839,"아아─, 이것이 『소설』이라는 것이다. Chapter 4",Day2
농놀의시대,냐냐냥,,,,,1sp,,,,,,,,,,https://dongne.co/events/novel04/circles/117246,"아아─, 이것이 『소설』이라는 것이다. Chapter 4",Day2
도소맛축제,마쓰루,,,,,2sp,화산귀환,광마회귀,,"남궁도위,임소병",남궁도위X임소병,"로맨틱,섹슈얼","모용백의, 모용자하",소설,Matsuru_0823,https://dongne.co/events/novel04/circles/117101,"아아─, 이것이 『소설』이라는 것이다. Chapter 4",Day2
도토리곳간,강하,,,,,2sp,"전독시,데못죽,내스급",,,김독자 유중혁,,,,,ganghaGAH,https://dongne.co/events/novel04/circles/115656,"아아─, 이것이 『소설』이라는 것이다. Chapter 4",Day2
독서동아리,"취급주의, 철식",,,,,2sp,데뷔 못 하면 죽는 병 걸림,"진혼기,1차BL +a",,"박문대,이세진,청려(신재현),테스타,브이틱 etc...",박문대,,"문대왼(문대청려, 문대큰세)","만화,일러스트,소설","chwijuR, dosikluv",https://dongne.co/events/novel04/circles/117002,"아아─, 이것이 『소설』이라는 것이다. Chapter 4",Day2
만듦캔두잇,최예진,,,,,4sp,해리포터,,,,,,,,,https://dongne.co/events/novel04/circles/117719,"아아─, 이것이 『소설』이라는 것이다. Chapter 4",Day2
매실절임통,매실장아찌,,,,,2sp,화산귀환,,,당보 청명,당보X청명,"로맨틱,섹슈얼",,"소설,공예",plum_7896,https://dongne.co/events/novel04/circles/116418,"아아─, 이것이 『소설』이라는 것이다. Chapter 4",Day2
매화만엽당,벽랑,,,,,2sp,화산귀환,,,"백천,청명",백천X청명,,,,byeokrang,https://dongne.co/events/novel04/circles/116623,"아아─, 이것이 『소설』이라는 것이다. Chapter 4",Day2
무인판매점,구모,,,,,2sp,화산귀환,,,청명,청명X당보,로맨틱,,"만화,일러스트",gumoarchive,https://dongne.co/events/novel04/circles/116133,"아아─, 이것이 『소설』이라는 것이다. Chapter 4",Day2
문대굴대굴,판다군,,,,,1sp,데못죽,슬램덩크,,,청려X문대,"로맨틱,섹슈얼","큰세문대, 태웅대만","만화,일러스트",pandagoonS,https://dongne.co/events/novel04/circles/115699,"아아─, 이것이 『소설』이라는 것이다. Chapter 4",Day2
뭔가합니다,오타,,,,,2sp,데뷔 못 하면 죽는 병 걸림,,,,박문대X청려,로맨틱,,소설,siceratscript,https://dongne.co/events/novel04/circles/116891,"아아─, 이것이 『소설』이라는 것이다. Chapter 4",Day2
배른먹거리,풀무,,,,,1sp,데뷔 못 하면 죽는 병 걸림,,,배세진,,"로맨틱,섹슈얼","큰세배세, 배세른","소설,기타",fullmoo_1,https://dongne.co/events/novel04/circles/117187,"아아─, 이것이 『소설』이라는 것이다. Chapter 4",Day2
비공식부스,"꺄르륵,감튀",,,,,2sp,화산귀환,주인공이 컨셉충이면 곤란한가요,,,,,,,,https://dongne.co/events/novel04/circles/117001,"아아─, 이것이 『소설』이라는 것이다. Chapter 4",Day2
사탕바구니,사탕,,,,,1sp,데못죽,,,박문대,큰세진X박문대,로맨틱,,만화,meinweg_,https://dongne.co/events/novel04/circles/117042,"아아─, 이것이 『소설』이라는 것이다. Chapter 4",Day2
수공예조아,디디,,,,,1sp,,,,,,,,공예,,https://dongne.co/events/novel04/circles/116329,"아아─, 이것이 『소설』이라는 것이다. Chapter 4",Day2
순애주의보,"리베, 으악",,,,,2sp,데뷔 못 하면 죽은 병에 걸림,,,"박문대,청려",박문대X청려,"로맨틱,섹슈얼",,소설,MyLiebeLove,https://dongne.co/events/novel04/circles/115817,"아아─, 이것이 『소설』이라는 것이다. Chapter 4",Day2
식빵팝니다,굿게,,,,,2sp,내스급,,"댁네 집이었는데, 이젠 우리집입니다.",한유진 성현제,성현제X한유진,해당없음,,일러스트,_ellllk,https://dongne.co/events/novel04/circles/115787,"아아─, 이것이 『소설』이라는 것이다. Chapter 4",Day2
실화탐사대,유시아,,,,,2sp,마도조사,화산귀환 내스급 천관사복,망무 쁘띠존이 열린다니 속이 다 시원합니다!,위무선 남망기,남망기X위무선,"섹슈얼,로맨틱",,"일러스트,공예,만화",xia7438,https://dongne.co/events/novel04/circles/116789,"아아─, 이것이 『소설』이라는 것이다. Chapter 4",Day2
아르르르르,톨톨,,,,,1sp,,,,,,,,소설,,https://dongne.co/events/novel04/circles/117276,"아아─, 이것이 『소설』이라는 것이다. Chapter 4",Day2
애플블로썸,소내,,,,,1sp,데뷔 못하면 죽는 병 걸림 (데못죽),,,선아현,,,,일러스트,,https://dongne.co/events/novel04/circles/115549,"아아─, 이것이 『소설』이라는 것이다. Chapter 4",Day2
에스페란사,"천경, 째무",,,,,2sp,천관사복,"내가키운S급들,팅커테일러솔저스파이,은하수를여행하는히치하이커를위한안내서","천관이 복을 내리시니, 쁘띠존 걱정 하나 없다",화성사련,화성X사련,"로맨틱,섹슈얼",송태원x성현제(송성),"일러스트,공예",HeySayJAMU,https://dongne.co/events/novel04/circles/115490,"아아─, 이것이 『소설』이라는 것이다. Chapter 4",Day2
웅루랄라랄,와웅이,,,,,2sp,왕은 웃었다,"길라잡이의 등불,진혼기,문과라도 안 죄송한 이세계로 감",,,,,,,,https://dongne.co/events/novel04/circles/115806,"아아─, 이것이 『소설』이라는 것이다. Chapter 4",Day2
웨딩촬영날,"레뇨, 화 련",,,,,2sp,데뷔 못 하면 죽는 병 걸림,,엋문 쁘띠존 : 감미로운 사랑의 맛이었다,"청려,박문대",청려X박문대,로맨틱,,"소설,일러스트","Re_veiwer, sos873",https://dongne.co/events/novel04/circles/117296,"아아─, 이것이 『소설』이라는 것이다. Chapter 4",Day2
잡탕그라탕,잠깐,,,,,2sp,데뷔 못 하면 죽는 병 걸림,전지적 독자 시점,,,,,중혁독자,일러스트,zamkkan_dod,https://dongne.co/events/novel04/circles/117063,"아아─, 이것이 『소설』이라는 것이다. Chapter 4",Day2
정사파일통,"에리식톤, 공청석유",,,,,2sp,화산귀환,,피의 일소청명 쁘띠존 ~부부클리닉 사랑과 전쟁(주의: 진짜전쟁함)~,장일소 청명,장일소X청명,"로맨틱,섹슈얼",,"일러스트,만화,소설","fn3dipa8fjc1foa, hocimdl",https://dongne.co/events/novel04/circles/116014,"아아─, 이것이 『소설』이라는 것이다. Chapter 4",Day2
제형입니다,"나기, 우엉",,,,,1sp,내가 키운 S급들,,,"한유현,한유진",한유현X한유진,로맨틱,,"공예,기타",ueongEueong,https://dongne.co/events/novel04/circles/116579,"아아─, 이것이 『소설』이라는 것이다. Chapter 4",Day2
젤리보관함,냥젤,,,,,1sp,데뷔못하면 죽는 병 걸림,,,,,,,"만화,일러스트",NYAN_zzell,https://dongne.co/events/novel04/circles/115907,"아아─, 이것이 『소설』이라는 것이다. Chapter 4",Day2
중원잡화점,동이,,,,,2sp,화산귀환,,,,,,,"일러스트,소설",gimdongi1010,https://dongne.co/events/novel04/circles/117692,"아아─, 이것이 『소설』이라는 것이다. Chapter 4",Day2
찐찐잡화상,찐,,,,,1sp,내가 키운 S급들,,"댁네 집이었는데, 이젠 우리집입니다.",,,,,공예,,https://dongne.co/events/novel04/circles/116422,"아아─, 이것이 『소설』이라는 것이다. Chapter 4",Day2
창조윤경제,슬,,,,,2sp,화산귀환,,,조걸 윤종,조걸X윤종,"섹슈얼,로맨틱",,"만화,소설",amylaseGiraffe,https://dongne.co/events/novel04/circles/116966,"아아─, 이것이 『소설』이라는 것이다. Chapter 4",Day2
치킨집아님,척얼,,,,,1sp,열화요수,"잔차품,살파랑",<프리스트 소설 연구회> 작품 수위와 덕질 지속성의 상관 관계에 대하여,"성령연,쉬엔지",선기X령연,로맨틱,,,bz80q,https://dongne.co/events/novel04/circles/117360,"아아─, 이것이 『소설』이라는 것이다. Chapter 4",Day2
크림소다당, BNV,,,,,2sp,,,,,,,,,,https://dongne.co/events/novel04/circles/116802,"아아─, 이것이 『소설』이라는 것이다. Chapter 4",Day2
큰문탕후루,"데미, 빈",,,,,2sp,데뷔 못하면 죽는 병 걸림,"어바등,마도조사",,"이세진,박문대",이세진X박문대,"로맨틱,섹슈얼","망기무선, 재희무현","만화,일러스트","moottjook_mi, dotoribean_124",https://dongne.co/events/novel04/circles/117604,"아아─, 이것이 『소설』이라는 것이다. Chapter 4",Day2
테스타튀김,욧시튀김,,,,,2sp,데뷔못하면죽음,내가 키운 s급,,배세진,,해당없음,,,hamzzu123,https://dongne.co/events/novel04/circles/115836,"아아─, 이것이 『소설』이라는 것이다. Chapter 4",Day2
화산아이돌,랑하,,,,,1sp,화산귀환,데뷔 못하면 죽는 병 걸림,,,,,,,jei_j_p,https://dongne.co/events/novel04/circles/116007,"아아─, 이것이 『소설』이라는 것이다. Chapter 4",Day2
화산만물상~연성강도점~,리안,,,,,2sp,화산귀환,,,"청명,백천,이설,조걸,윤종,소소,백아,송백,장일소 외 화산귀환 등장인물",,,,"일러스트,공예,만화,소설,기타",Say5andhit6,https://dongne.co/events/novel04/circles/117862,"아아─, 이것이 『소설』이라는 것이다. Chapter 4",Day2
사탕바구니 ,사탕,,,,,1sp,데뷔못하면 죽는 병 걸림,내가 키운 s급들,,데못죽 올캐러,,로맨틱,,만화,meinweg_,https://dongne.co/events/novel04/circles/116683,"아아─, 이것이 『소설』이라는 것이다. Chapter 4",Day2
레모네이드 못 팔면 죽는 병 걸림,"서우, 하얀별, 비오, 넨네",,,,,2sp,데뷔 못 하면 죽는 병 걸림,,,"테스타,브이틱",청려X문대,로맨틱,"엋건, 문대른, 논컾","기타,만화,소설,일러스트","seou822022, foxstar_w, bio03121311, kokonenneS2",https://dongne.co/events/novel04/circles/117003,"아아─, 이것이 『소설』이라는 것이다. Chapter 4",Day2
치과의사와 두 연하남,심해치킨,,,,,2sp,어두운 바다의 등불이 되어,,,,,,,소설,under3km,https://dongne.co/events/novel04/circles/115945,"아아─, 이것이 『소설』이라는 것이다. Chapter 4",Day2
앟문부흥회 회장,단지,,,,,1sp,데뷔 못하면 죽는 병 걸림,,,,선아현X박문대,,,,,https://dongne.co/events/novel04/circles/115990,"아아─, 이것이 『소설』이라는 것이다. Chapter 4",Day2
매화검존이 구한 중원이 이게 맞냐?,히나,,,,,2sp,화산귀환,,,청명 당보,당보X청명,로맨틱,,"사진,기타,일러스트",hina_panso,https://dongne.co/events/novel04/circles/115831,"아아─, 이것이 『소설』이라는 것이다. Chapter 4",Day2
현제유진아 내가 말하지 않아도 알아서 결혼한거야?,겨울맨,,,,,2sp,내가 키운 S급들,,"댁네 집이었는데, 이젠 우리집입니다.",,,섹슈얼,유진른,,helado19maam,https://dongne.co/events/novel04/circles/115863,"아아─, 이것이 『소설』이라는 것이다. Chapter 4",Day2
오랜만이야 언니. 동생 마감 안했어?,"페퍼,서린",,,,,2sp,백작가의 망나니가 되었다,블랙배저,,백작가의 망나니가 되었다 캐릭터 다수,,,,"소설,일러스트",_sa8_sa8,https://dongne.co/events/novel04/circles/116776,"아아─, 이것이 『소설』이라는 것이다. Chapter 4",Day2
다시돌아와 돌아와,핀아,,,,,2sp,데못죽,어바등,,,,,,,pina_ku,https://dongne.co/events/novel04/circles/117608,"아아─, 이것이 『소설』이라는 것이다. Chapter 4",Day2
앟문부흥회 부회장,라미,,,,,1sp,데뷔못하면 죽는병에 걸림,,,박문대,,"로맨틱,해당없음",문대른,만화,ram_nyang,https://dongne.co/events/novel04/circles/116721,"아아─, 이것이 『소설』이라는 것이다. Chapter 4",Day2
운심부지처 눈토끼 ,강디네 / 뻬랑 / 열무,,,,,2sp,마도조사,,,,남망기X위무선,로맨틱,,"일러스트,소설","k_d_mdzs09, FRang_mdzs, yealmoo_mdzs",https://dongne.co/events/novel04/circles/117836,"아아─, 이것이 『소설』이라는 것이다. Chapter 4",Day2
어서오세요 말랑의 숲,말지,,,,,2sp,화산귀환,X,,"백천,청명",백천X청명,"로맨틱,섹슈얼","협녹, 청명소병","만화,소설,기타",hzmlg_,https://dongne.co/events/novel04/circles/117868,"아아─, 이것이 『소설』이라는 것이다. Chapter 4",Day2
시린겨울에 피어난 매화,매실,,,,,2sp,화산귀환,,,청명,,,,,sweetblue1010,https://dongne.co/events/novel04/circles/116689,"아아─, 이것이 『소설』이라는 것이다. Chapter 4",Day2
길라잡이의 기묘한 그림 ~원왕생~,국밥,,,,,2sp,"길라잡이의 등불,진혼기,반월당의 기묘한 이야기",유랑화사,,,,로맨틱,긴작산하,소설,gwihwihyeol,https://dongne.co/events/novel04/circles/115978,"아아─, 이것이 『소설』이라는 것이다. Chapter 4",Day2
연화봉에서 가락지 얻었다 짱이지 이 약지를 봐 너구리임,중원이짱이 됨,,,,,4sp,화산귀환,,,"당보,청명,백천,이설",당보X청명,"로맨틱,섹슈얼","NCP, 청명당보, 백천청명, 백천이설, 도위소병, 일소소병","만화,일러스트,소설,공예",_Yakji,https://dongne.co/events/novel04/circles/116908,"아아─, 이것이 『소설』이라는 것이다. Chapter 4",Day2
레서판다가 소설에 등장하면 생기는 일,켈,,,,,2sp,서브 남주가 파업하면 생기는 일,,섭남파업 예서른 쁘띠존 ~세상에서 가장 완벽하고 궁극적인 우회전 궁주님 연모회~,"정예서,세드리크,크리스텔,요한,지브릴",,,,"일러스트,기타",cappu_ccino_k,https://dongne.co/events/novel04/circles/117099,"아아─, 이것이 『소설』이라는 것이다. Chapter 4",Day2
쉬엔주임의 은밀한 곤줄박이폴더(숨김해제!),"묵, 초와",,,,,2sp,열화요수,잔차품,<프리스트 소설 연구회> 작품 수위와 덕질 지속성의 상관 관계에 대하여,프리스트의 아들들,쉬엔지X성령연,"섹슈얼,로맨틱",루비싱x린징헝,"일러스트,만화",notzamuk,https://dongne.co/events/novel04/circles/116930,"아아─, 이것이 『소설』이라는 것이다. Chapter 4",Day2
데한민국에 데려다줘,페이지,,,,,1sp,데못죽,,엋문 쁘띠존 : 감미로운 사랑의 맛이었다,박문대,,,,,nooo_eezee,https://dongne.co/events/novel04/circles/116106,"아아─, 이것이 『소설』이라는 것이다. Chapter 4",Day2
뜨뜨미지근 약육강정,"강정,뜨뜨미",,,,,2sp,화산귀환,,,청명 위주 올캐러/쌍존,당보X청명,로맨틱,"백청,All","만화,일러스트,소설",gangja_2cha,https://dongne.co/events/novel04/circles/116298,"아아─, 이것이 『소설』이라는 것이다. Chapter 4",Day2
화산포목점 삐아체레,삐아체레,,,,,2sp,화산귀환,,,청명 당보 이송백 백천,,,,공예,,https://dongne.co/events/novel04/circles/116362,"아아─, 이것이 『소설』이라는 것이다. Chapter 4",Day2
데뷔못하면 신라에서 매화피워야하는 병걸림,안터,,,,,2sp,화산귀환,"진혼기,데뷔못하면죽는병걸림",,당보청명,,,,"일러스트,기타",anteo_N,https://dongne.co/events/novel04/circles/117456,"아아─, 이것이 『소설』이라는 것이다. Chapter 4",Day2
해피엔딩은 멀티버스뿐,날Nal,,,,,2sp,"내가 키운 S급들,반지의 제왕",,,,,,,,,https://dongne.co/events/novel04/circles/115574,"아아─, 이것이 『소설』이라는 것이다. Chapter 4",Day2
패트와매트 얼레와벌레 숭과고망,꽥,,,,,1sp,데뷔못하면죽는병걸림,,,,,,,,52Rhor,https://dongne.co/events/novel04/circles/117109,"아아─, 이것이 『소설』이라는 것이다. Chapter 4",Day2
러뷰어셀프 브이틱라이프,"망고챠, 근",,,,,4sp,데뷔 못 하면 죽는 병 걸림,,,테스타,차유진X박문대,로맨틱,큰세문대,일러스트,"mango_matcha, min5ko",https://dongne.co/events/novel04/circles/117038,"아아─, 이것이 『소설』이라는 것이다. Chapter 4",Day2
중원토피아 화음사거리점,"백, 중원사짱",,,,,4sp,화산귀환,,,청명,,,,"만화,일러스트,소설","bac_r0, joongwon_4jjang",https://dongne.co/events/novel04/circles/117481,"아아─, 이것이 『소설』이라는 것이다. Chapter 4",Day2
"어찌되었건, 현대인이 운영하는 객잔은 아닙니다","뱜, 랑해",,,,,2sp,"의원,다시 살다",,,,사마현X진천희,로맨틱,유호천희,"일러스트,공예,만화,소설","BYam0104, saranghae1079",https://dongne.co/events/novel04/circles/117364,"아아─, 이것이 『소설』이라는 것이다. Chapter 4",Day2
강아지매니아,"Taru, 파이, 금귤사탕",,,,,2sp,데뷔 못 하면 죽는 병 걸림,,,"테스타,박문대",,,,"일러스트,공예,기타",not_your_cake,https://dongne.co/events/novel04/circles/117561,"아아─, 이것이 『소설』이라는 것이다. Chapter 4",Day2
녹림톨게이트,매화설탕,,,,,4sp,화산귀환,,,"청명,임소병",청명X임소병,섹슈얼,,"기타,만화",BS_apricot,https://dongne.co/events/novel04/circles/116485,"아아─, 이것이 『소설』이라는 것이다. Chapter 4",Day2
담지부려먹기,엔뿌,,,,,2sp,반월당의 기묘한 이야기,,,,,,,,NF_vn_nv,https://dongne.co/events/novel04/circles/116507,"아아─, 이것이 『소설』이라는 것이다. Chapter 4",Day2
댄스정마대전,"사천당가의 개, 매복사랑니",,,,,4sp,천마돌,"어바등(어두운 바다의 등불이 되어),화산귀환",,,당사천X점소의,로맨틱,"재희무현, 당보청명","소설,만화",hwasanBlossom,https://dongne.co/events/novel04/circles/116488,"아아─, 이것이 『소설』이라는 것이다. Chapter 4",Day2
동룡이나르샤,"아꼰, MO",,,,,2sp,화산귀환,오직 화산귀환뿐,,"당보,청명,백천",당보X청명,,"백천청명,NCP",기타,agiggonmu,https://dongne.co/events/novel04/circles/116669,"아아─, 이것이 『소설』이라는 것이다. Chapter 4",Day2
문어발의업보,ㅎㅅ,,,,,1sp,데못죽,,,박문대,,,문대른,만화,,https://dongne.co/events/novel04/circles/115614,"아아─, 이것이 『소설』이라는 것이다. Chapter 4",Day2
반월당경쟁사,"사약커피, 호랑",,,,,2sp,"진혼기,반월당의 기묘한 이야기",,,,,해당없음,,기타,"caffeine10_, SINLATIGER",https://dongne.co/events/novel04/circles/117078,"아아─, 이것이 『소설』이라는 것이다. Chapter 4",Day2
백아야사랑해,Asi,,,,,1sp,화산귀환,,,,,,,,,https://dongne.co/events/novel04/circles/117226,"아아─, 이것이 『소설』이라는 것이다. Chapter 4",Day2
번개맛꿀사탕,"양운, 하몽",,,,,2sp,,,"댁네 집이었는데, 이젠 우리집입니다.","성현제,한유진",성현제X한유진,"로맨틱,섹슈얼",,소설,"yangun02, hamong_jd",https://dongne.co/events/novel04/circles/115640,"아아─, 이것이 『소설』이라는 것이다. Chapter 4",Day2
쁘띠뽀짝군단,뽀짝쿵야,,,,,1sp,화산귀환,데못죽 전독시 내스급,,청명 백천 유중혁 김독자 성현제 한유진,,,,,BBoJJaKKyu,https://dongne.co/events/novel04/circles/117214,"아아─, 이것이 『소설』이라는 것이다. Chapter 4",Day2
사파붐은온다,감자채주,,,,,2sp,화산귀환,,,장일소,장일소X임소병,,,"만화,공예",gamjachaeju,https://dongne.co/events/novel04/circles/116168,"아아─, 이것이 『소설』이라는 것이다. Chapter 4",Day2
사파의지이슈,호사가,,,,,2sp,화산귀환,,,장일소,장일소X임소병,해당없음,,,yellow_yello_w,https://dongne.co/events/novel04/circles/117915,"아아─, 이것이 『소설』이라는 것이다. Chapter 4",Day2
새콤문큰달콤,뎨몽,,,,,2sp,데뷔 못하면 죽는 병 걸림,,문대큰세 쁘띠존 <MK office>,박문대 이세진,,해당없음,,"소설,기타",Dae_Mong03,https://dongne.co/events/novel04/circles/115525,"아아─, 이것이 『소설』이라는 것이다. Chapter 4",Day2
서라벌아이돌,댁수,,,,,2sp,진혼기,데못죽,삼천세계 연애일지,자하 설영,,"로맨틱,섹슈얼",,"만화,일러스트",,https://dongne.co/events/novel04/circles/116148,"아아─, 이것이 『소설』이라는 것이다. Chapter 4",Day2
서라벌포목점,센,,,,,1sp,진혼기,반월당의 기묘한 이야기,,"설영,자하,백란",,,,공예,sangsungoso,https://dongne.co/events/novel04/circles/116339,"아아─, 이것이 『소설』이라는 것이다. Chapter 4",Day2
아기남자씨피,도렷,,,,,2sp,진혼기,,,,설영X자하,로맨틱,,만화,doryeot_silla,https://dongne.co/events/novel04/circles/115923,"아아─, 이것이 『소설』이라는 것이다. Chapter 4",Day2
와플호떡가게,"와플, 호떡",,,,,2sp,데뷔 못 하면 죽는 병 걸림,어두운 바다의 등불이 되어,,"테스타,신청려",테스타&신청려X박문대,"로맨틱,섹슈얼",,,angelinwaffle,https://dongne.co/events/novel04/circles/115850,"아아─, 이것이 『소설』이라는 것이다. Chapter 4",Day2
작은먼지상점,Lun룬,,,,,2sp,내스급,,"댁네 집이었는데, 이젠 우리집입니다.",한유진,성현제X한유진,해당없음,,기타,,https://dongne.co/events/novel04/circles/116003,"아아─, 이것이 『소설』이라는 것이다. Chapter 4",Day2
저근친좀해요,빌로,,,,,2sp,데뷔 못 하면 죽는 병 걸림,,,,,해당없음,,만화,Qi8080,https://dongne.co/events/novel04/circles/116032,"아아─, 이것이 『소설』이라는 것이다. Chapter 4",Day2
해바라기환상,냘키,,,,,2sp,내가 키운 S급들,,"댁네 집이었는데, 이젠 우리집입니다.","성현제,한유진",,섹슈얼,,,nya_sadam21,https://dongne.co/events/novel04/circles/115512,"아아─, 이것이 『소설』이라는 것이다. Chapter 4",Day2
허위매물상점,HANDA,,,,,2sp,내가 키운 S급들,데뷔 못하면 죽는 병 걸림,,"성현제,한유진",성현제X한유진,로맨틱,"아현문대, 유진른, 문대른",만화,tender_han,https://dongne.co/events/novel04/circles/116108,"아아─, 이것이 『소설』이라는 것이다. Chapter 4",Day2
이름머로하지 ,이랴비,,,,,1sp,화산귀환,,,윤종,청명X윤종,"섹슈얼,로맨틱",,소설,e_ravi_e,https://dongne.co/events/novel04/circles/116995,"아아─, 이것이 『소설』이라는 것이다. Chapter 4",Day2
문대문대리의 낭만,낭만농부,,,,,1sp,데뷔 못 하면 죽는 병 걸림,,문대큰세 쁘띠존 <MK office>,"문큰,박문대,이세진",박문대X이세진,로맨틱,,"만화,일러스트",Q_NOlN,https://dongne.co/events/novel04/circles/117242,"아아─, 이것이 『소설』이라는 것이다. Chapter 4",Day2
뭔가보여주는 멋진부스,마존,,,,,2sp,화산귀환,의다살,,"청명,당보,진천희,제갈린",,,,소설,maum_john_,https://dongne.co/events/novel04/circles/116674,"아아─, 이것이 『소설』이라는 것이다. Chapter 4",Day2
식빵테두리에 복숭아잼,하현,,,,,1sp,내가 키운 S급들,,"댁네 집이었는데, 이젠 우리집입니다.","성현제,한유진",성현제X한유진,로맨틱,,"만화,일러스트",51h24,https://dongne.co/events/novel04/circles/115888,"아아─, 이것이 『소설』이라는 것이다. Chapter 4",Day2
국립중앙박물관,부검엉존,,,,,4sp,화산귀환,"진혼기,어두운 바다의 등불이 되어,문과라도 안죄송한 이세계로 감",,청명,,,,"일러스트,소설",owl_hsgh,https://dongne.co/events/novel04/circles/116392,"아아─, 이것이 『소설』이라는 것이다. Chapter 4",Day2
김도게자컴퍼니,현,,,,,2sp,전지적독자시점,,,,,,,,Lj_hyun_0,https://dongne.co/events/novel04/circles/116527,"아아─, 이것이 『소설』이라는 것이다. Chapter 4",Day2
달콤한일러스트,iamyunji,,,,,2sp,모모찌,,,모모찌,,,,일러스트,iamyunji,https://dongne.co/events/novel04/circles/116217,"아아─, 이것이 『소설』이라는 것이다. Chapter 4",Day2
댕뵤건뵤잡화점,"이_____아이, 곰탕",,,,,2sp,데뷔 못 하면 죽는 병 걸림,,,박문대 류건우 배세진,,로맨틱,류건우x배세진,"만화,일러스트",,https://dongne.co/events/novel04/circles/116053,"아아─, 이것이 『소설』이라는 것이다. Chapter 4",Day2
또로록또로로록,삥찌,,,,,1sp,데뷔못하면죽는병걸림,어두운바다의등불이되어,,,,,,,,https://dongne.co/events/novel04/circles/116654,"아아─, 이것이 『소설』이라는 것이다. Chapter 4",Day2
마카롱김치찌개,RB알비,,,,,2sp,"화산귀환,데뷔못하면죽는병",,,"청명,백천,당보,테스타,청려",,,,"만화,일러스트,공예",Cpink0312,https://dongne.co/events/novel04/circles/115660,"아아─, 이것이 『소설』이라는 것이다. Chapter 4",Day2
마카롱김치찌개,"시우, 유콧",,,,,2sp,데뷔못하면죽는병걸림,화산귀환,,올캐러,,,,,"hamtldn, _Yuccot_",https://dongne.co/events/novel04/circles/117520,"아아─, 이것이 『소설』이라는 것이다. Chapter 4",Day2
마카롱못죽찌개,달력,,,,,2sp,데뷔 못하면 죽는 병 걸림,,,,,로맨틱,,기타,alcmoon1215,https://dongne.co/events/novel04/circles/117144,"아아─, 이것이 『소설』이라는 것이다. Chapter 4",Day2
무현이척척해요,김모도,,,,,1sp,어두운 바다의 등불이 되어,,,박무현 신해량 서지혁 등,,로맨틱,"박무현X서지혁, 신해량X서지혁",만화,D__modo,https://dongne.co/events/novel04/circles/115920,"아아─, 이것이 『소설』이라는 것이다. Chapter 4",Day2
배햄쥑이대잔치,"집주인, 톨렝",,,,,2sp,"데뷔 못 하면 죽는 병 걸림,데못죽",,,배세진,류건우X배세진,로맨틱,,"만화,소설,일러스트",juin_i7,https://dongne.co/events/novel04/circles/115500,"아아─, 이것이 『소설』이라는 것이다. Chapter 4",Day2
쀼내리는호남선,비우,,,,,2sp,화산귀환,,,남궁도위 임소병 녹림왕,,"섹슈얼,로맨틱",,"일러스트,만화",VIUDAYOo,https://dongne.co/events/novel04/circles/117974,"아아─, 이것이 『소설』이라는 것이다. Chapter 4",Day2
섬서제일당과집,"의연, 숙수나물, 다숭",,,,,2sp,화산귀환,,,,백천X청명,,청명른,,,https://dongne.co/events/novel04/circles/115729,"아아─, 이것이 『소설』이라는 것이다. Chapter 4",Day2
신라짬뽕탕수육,장남,,,,,1sp,진혼기,,,,,,,일러스트,senpasenlove,https://dongne.co/events/novel04/circles/117649,"아아─, 이것이 『소설』이라는 것이다. Chapter 4",Day2
이것이소설이다,삼사,,,,,2sp,데못죽,미정,,"청려,박문대",청려X문대,로맨틱,,소설,tls1834,https://dongne.co/events/novel04/circles/116405,"아아─, 이것이 『소설』이라는 것이다. Chapter 4",Day2
중화짬뽕전문점,낙동강오리알,,,,,2sp,이합화타적백묘사존(2ha),"인사반파자구계통,밀랍인형폭렬학원가,블랙스완,천관사복,화산귀환",,"묵미우(묵연),초만녕",묵미우X초만녕,해당없음,"빙추,난홒,창매,화련,위칭",기타,onmyoji_anyu,https://dongne.co/events/novel04/circles/117971,"아아─, 이것이 『소설』이라는 것이다. Chapter 4",Day2
추나당환우모임,꽁,,,,,1sp,"의원,다시 살다",,,"제갈린,진천희,유호 외",제갈린X진천희,섹슈얼,,"소설,공예,일러스트",calimochooo,https://dongne.co/events/novel04/circles/115503,"아아─, 이것이 『소설』이라는 것이다. Chapter 4",Day2
현제유진결혼해,소롱,,,,,1sp,내가키운s급들,,"댁네 집이었는데, 이젠 우리집입니다.",,,,,,sorong33,https://dongne.co/events/novel04/circles/115672,"아아─, 이것이 『소설』이라는 것이다. Chapter 4",Day2
화산부스였으나,청뵤,,,,,1sp,화산귀환,뜨개질 작품,,,,,,일러스트,maehuadangbo,https://dongne.co/events/novel04/circles/117895,"아아─, 이것이 『소설』이라는 것이다. Chapter 4",Day2
화산파정기연회,망고,,,,,1sp,화산귀환,,,,,,,,mangoruruu,https://dongne.co/events/novel04/circles/116869,"아아─, 이것이 『소설』이라는 것이다. Chapter 4",Day2
과로사하기전에 이제 그만 쉬세요,Aysel/공야,,,,,2sp,백작가의 망나니가 되었다,변경백 서자는 황제였다,,"케일 헤니투스,이안히엘로",,로맨틱,,"만화,일러스트",Rabbit_sel1108,https://dongne.co/events/novel04/circles/116630,"아아─, 이것이 『소설』이라는 것이다. Chapter 4",Day2
기묘꾸러기들과 보호자,"은은, R, 묘",,,,,2sp,데뷔 못하면 죽는 병 걸림,,,"박문대,청려,채율,주단",,"로맨틱,섹슈얼","채율청려, 주단청려, 문대주단","만화,소설",sdsd_na,https://dongne.co/events/novel04/circles/117511,"아아─, 이것이 『소설』이라는 것이다. Chapter 4",Day2
남녀연애자유선언,"은여, 아켄",,,,,1sp,로판,,,,,,,소설,eunyu0,https://dongne.co/events/novel04/circles/115505,"아아─, 이것이 『소설』이라는 것이다. Chapter 4",Day2
빛나라아이돌의별,시루떡,,,,,2sp,데뷔못하면죽는병걸림,,,테스타 브이틱,,,,일러스트,_shyan_day,https://dongne.co/events/novel04/circles/116316,"아아─, 이것이 『소설』이라는 것이다. Chapter 4",Day2
소비러탈출대작전,식,,,,,1sp,어두운 바다의 등불이 되어,서브남주가 파업하면 생기는 일,,박무현,신해량X박무현,"로맨틱,섹슈얼",요한예서,"소설,공예",gladjq,https://dongne.co/events/novel04/circles/115964,"아아─, 이것이 『소설』이라는 것이다. Chapter 4",Day2
이십사수라떼권법,펄,,,,,1sp,화산귀환,내가 키운 S급들,,"청명,당보,백천,장일소,유이설,현제,유진,유현",,,,"기타,일러스트",gold__pearl_0u0,https://dongne.co/events/novel04/circles/117864,"아아─, 이것이 『소설』이라는 것이다. Chapter 4",Day2
일단내고보는부스,리마,,,,,1sp,화산귀환,"전독시,내스급",,올캐러,,,,일러스트,rimammm0,https://dongne.co/events/novel04/circles/117070,"아아─, 이것이 『소설』이라는 것이다. Chapter 4",Day2
장례문화체험부스,비연,,,,,2sp,살파랑,"아르슬란 전기,은하영웅전설전",,장경 고윤,,로맨틱,,,,https://dongne.co/events/novel04/circles/116806,"아아─, 이것이 『소설』이라는 것이다. Chapter 4",Day2
전국화산노동조합,때때,,,,,4sp,화산귀환,,,청명,당보X청명,로맨틱,"검검,일청","만화,일러스트",HS_DDAE,https://dongne.co/events/novel04/circles/116882,"아아─, 이것이 『소설』이라는 것이다. Chapter 4",Day2
전국화산노동조합,사갈,,,,,4sp,화산귀환,,,,,해당없음,"검검, 일청, 논컾","만화,일러스트,소설",sagal_hwa,https://dongne.co/events/novel04/circles/117086,"아아─, 이것이 『소설』이라는 것이다. Chapter 4",Day2
제발되게해주세요,잠수부,,,,,2sp,어두운 바다의 등불이 되어,,,"박무현,신해량,서지혁,백애영",,,,"일러스트,소설",jamsubu1,https://dongne.co/events/novel04/circles/115913,"아아─, 이것이 『소설』이라는 것이다. Chapter 4",Day2
천하제일야수대회,야수귀환,,,,,1sp,화산귀환,,,청명,,,,,RE_WildBeasts,https://dongne.co/events/novel04/circles/116092,"아아─, 이것이 『소설』이라는 것이다. Chapter 4",Day2
타코야끼먹고싶다,야끼,,,,,1sp,데뷔 못하면 죽는 병 걸림,,엋문 쁘띠존 : 감미로운 사랑의 맛이었다,"신재현,박문대",청려X문대,해당없음,,일러스트,yakki_1127,https://dongne.co/events/novel04/circles/116162,"아아─, 이것이 『소설』이라는 것이다. Chapter 4",Day2
화산반점사천짬뽕,신용,,,,,4sp,화산귀환,,,,,,,,sinyoyon,https://dongne.co/events/novel04/circles/116338,"아아─, 이것이 『소설』이라는 것이다. Chapter 4",Day2
《선령세상유람기》,선령세상유람기,,,,,1sp,열화요수,,<프리스트 소설 연구회> 작품 수위와 덕질 지속성의 상관 관계에 대하여,"쉬엔지,성령연",,로맨틱,,"일러스트,소설",lhjcpost,https://dongne.co/events/novel04/circles/116945,"아아─, 이것이 『소설』이라는 것이다. Chapter 4",Day2
강호의도리도리잼잼,"허쑤당, 판귄",,,,,2sp,화산귀환,,,"청명,당보",당보X청명,,,,cm_ackgae,https://dongne.co/events/novel04/circles/115654,"아아─, 이것이 『소설』이라는 것이다. Chapter 4",Day2
냔킁정상영업합니다,냐냔,,,,,2sp,데뷔 못하면 죽는 병 걸림,,,,,,,,Nyansu33,https://dongne.co/events/novel04/circles/116705,"아아─, 이것이 『소설』이라는 것이다. Chapter 4",Day2
여우토끼산채비빔밥,비랭 상추 행성,,,,,2sp,"의원,다시 살다 / 의다살",,,"진천희,제갈린,유호 등",유호X진천희,로맨틱,,"만화,일러스트,소설",pl__w0,https://dongne.co/events/novel04/circles/116252,"아아─, 이것이 『소설』이라는 것이다. Chapter 4",Day2
인터넷소설고등학교,88,,,,,2sp,"화산귀환,전지적 독자 시점",,,청명,,,,,un253050,https://dongne.co/events/novel04/circles/117476,"아아─, 이것이 『소설』이라는 것이다. Chapter 4",Day2
잠자는조선의자존심,롯폰기기관총,,,,,2sp,데뷔 못하면 죽는 병 걸림,어두운 바다의 등불이 되어,,"박문대,청려",박문대X청려,"로맨틱,섹슈얼",,만화,machinegun100,https://dongne.co/events/novel04/circles/116323,"아아─, 이것이 『소설』이라는 것이다. Chapter 4",Day2
저희부스영업합니다,백언,,,,,2sp,데못죽,,엋문 쁘띠존 : 감미로운 사랑의 맛이었다,,,,,,qordjs__s,https://dongne.co/events/novel04/circles/116706,"아아─, 이것이 『소설』이라는 것이다. Chapter 4",Day2
김치찌개마카롱볶음 귀시장점,DL,,,,,4sp,천관사복,인사반파,"천관이 복을 내리시니, 쁘띠존 걱정 하나 없다",,화성X사련,해당없음,빙추,,Deulle_Mm,https://dongne.co/events/novel04/circles/115529,"아아─, 이것이 『소설』이라는 것이다. Chapter 4",Day2
이아이돌을피아새요!,Letmego,,,,,2sp,데못죽,,문대큰세 쁘띠존 <MK office>,"박문대,이세진",박문대X큰세진,"섹슈얼,로맨틱",,"만화,일러스트",zzzangdori,https://dongne.co/events/novel04/circles/115911,"아아─, 이것이 『소설』이라는 것이다. Chapter 4",Day2
현희객쟈가쟈가쟝쟝(명물 유호동상 존재!) ,"독후감, 멩메, 카레",,,,,2sp,"의원,다시 살다",,,진천희 사마현 유호,사마현X진천희,"섹슈얼,로맨틱",,만화,"doghugam1_1, maengme09251222, ilhahyeon13",https://dongne.co/events/novel04/circles/116704,"아아─, 이것이 『소설』이라는 것이다. Chapter 4",Day2
우리애아빠무덤잘파요,떡,,,,,2sp,내가 키운 S급들,,"댁네 집이었는데, 이젠 우리집입니다.","성현제,한유진",성현제X한유진,"로맨틱,섹슈얼",,"만화,기타",,https://dongne.co/events/novel04/circles/115631,"아아─, 이것이 『소설』이라는 것이다. Chapter 4",Day2
윻윶못하면죽는병걸림,이구/림츄,,,,,2sp,내가 키운 S급들,"데뷔를 못하면 죽는 병 걸림,어두운 바다의 등불이 되어,블랙배저",,"한유현,한유진,테스타,청려",,,,,bombi_igu,https://dongne.co/events/novel04/circles/117030,"아아─, 이것이 『소설』이라는 것이다. Chapter 4",Day2
중원제일통모차핫도그,모차,,,,,2sp,화산귀환,,,청명,당보X청명,,도위소병,만화,mocha5earlgrey,https://dongne.co/events/novel04/circles/117096,"아아─, 이것이 『소설』이라는 것이다. Chapter 4",Day2
경찰청쇠창살은외철창살,나로,,,,,1sp,어두운 바다의 등불이 되어,,,"신해량,박무현",신해량X박무현,로맨틱,,기타,naro_akam,https://dongne.co/events/novel04/circles/115963,"아아─, 이것이 『소설』이라는 것이다. Chapter 4",Day2
그치만공식이먼저중독을,부리,,,,,2sp,전독시,데못죽,,,,,,일러스트,gudokjungdok,https://dongne.co/events/novel04/circles/116657,"아아─, 이것이 『소설』이라는 것이다. Chapter 4",Day2
마감못하면죽는병에걸림,루카팡,,,,,2sp,데뷔못하면죽는병에걸림,,,박문대른,,,,,LUKAPANG__9158,https://dongne.co/events/novel04/circles/115771,"아아─, 이것이 『소설』이라는 것이다. Chapter 4",Day2
문지모르겠지만큰내세요,렁지,,,,,2sp,데뷔 못 하면 죽는 병 걸림,,문대큰세 쁘띠존 <MK office>,"박문대,이세진",박문대X이세진,"로맨틱,섹슈얼",,"만화,일러스트",Lung_G_5658,https://dongne.co/events/novel04/circles/116982,"아아─, 이것이 『소설』이라는 것이다. Chapter 4",Day2
뭐라도보여드리겠습니다,Butzzi,,,,,2sp,살파랑,잔차품,<프리스트 소설 연구회> 작품 수위와 덕질 지속성의 상관 관계에 대하여,"장경,고윤",,로맨틱,,일러스트,But_zzi,https://dongne.co/events/novel04/circles/118021,"아아─, 이것이 『소설』이라는 것이다. Chapter 4",Day2
상상츄월곰개연애스토리,"츄, 구월",,,,,2sp,데못죽,,,"이세진,박문대",이세진X박문대,로맨틱,,소설,"chuuhc27, bigsept_",https://dongne.co/events/novel04/circles/118066,"아아─, 이것이 『소설』이라는 것이다. Chapter 4",Day2
화산파제자가운영하는대-환장사천요리쑈,민초님,,,,,1sp,화산귀환,천마는 아이돌이 되었다,,,당보X청명,로맨틱,사천소의,"만화,공예,조형,기타",hwasan_mint_,https://dongne.co/events/novel04/circles/117401,"아아─, 이것이 『소설』이라는 것이다. Chapter 4",Day2
고정충은신이내린형벌이다,"컨뿌, 세히",,,,,2sp,데뷔못하면죽는병걸림,,문대큰세 쁘띠존 <MK office>,문큰,박문대X이세진,"로맨틱,섹슈얼",,"만화,일러스트,소설",controlppu,https://dongne.co/events/novel04/circles/115816,"아아─, 이것이 『소설』이라는 것이다. Chapter 4",Day2
문큰무제한제공거짓말사건,"서문바다, 개물 속우구리",,,,,2sp,데뷔 못 하면 죽는 병 걸림,,문대큰세 쁘띠존 <MK office>,"박문대,이세진",박문대X이세진,"로맨틱,섹슈얼",,"소설,일러스트","seomunbada_DMJ, haeryang_S2",https://dongne.co/events/novel04/circles/117502,"아아─, 이것이 『소설』이라는 것이다. Chapter 4",Day2
유진아솔직하게결혼해야지,산샷,,,,,2sp,내가키운에스급들,,,"성현제,한유진",성현제X한유진,해당없음,,"기타,일러스트,공예",sanshot_,https://dongne.co/events/novel04/circles/116508,"아아─, 이것이 『소설』이라는 것이다. Chapter 4",Day2
유진아솔직하게부스내야지,샤오에,,,,,2sp,내가 키운 S급들,,"댁네 집이었는데, 이젠 우리집입니다.","성현제,한유진",성현제X한유진,"로맨틱,섹슈얼",,,jjin_i_da,https://dongne.co/events/novel04/circles/116453,"아아─, 이것이 『소설』이라는 것이다. Chapter 4",Day2
자유로운현윶을봐자유로워,무의낙,,,,,1sp,내가 키운 S급,,"댁네 집이었는데, 이젠 우리집입니다.",한유진,성현제X한유진,로맨틱,,일러스트,muinak_ss,https://dongne.co/events/novel04/circles/117080,"아아─, 이것이 『소설』이라는 것이다. Chapter 4",Day2
한형제는제삶그자체입니다,지감,,,,,2sp,내가 키운 S급들,"전지적 독자 시점,어두운 바다의 등불이 되어",,"한유현,한유진",한유현X한유진,로맨틱,"중혁독자, 현제유진","일러스트,소설",jigam86,https://dongne.co/events/novel04/circles/117024,"아아─, 이것이 『소설』이라는 것이다. Chapter 4",Day2
마카롱김치찌개간장게장미식가,구사,,,,,2sp,내가키운s급들,"게스트:폐허가부른손님,어두운바다의등불이되어,데뷔못하면죽는병걸림,화산귀환,진혼기","댁네 집이었는데, 이젠 우리집입니다.","성현제,한유진,이이선,우현호,청명,당보,신해량,박무현,김설영,김자하",성현제X한유진,"로맨틱,섹슈얼","이선현호,해량무현,설영자하,청명당보","소설,만화",mdzsgusa,https://dongne.co/events/novel04/circles/115622,"아아─, 이것이 『소설』이라는 것이다. Chapter 4",Day2
절대적신뢰야말로진정한순애다 ,리엘,,,,,2sp,화산귀환,,,당보청명,,"로맨틱,섹슈얼",,소설,hwachinnyeo,https://dongne.co/events/novel04/circles/116022,"아아─, 이것이 『소설』이라는 것이다. Chapter 4",Day2
브이틱메보류건우가깜냥이인세계관,04,,,,,1sp,데뷔못하면죽는병걸림,,엋문 쁘띠존 : 감미로운 사랑의 맛이었다,류건우,청려X건우,"섹슈얼,로맨틱",,"소설,공예",gongsa_04,https://dongne.co/events/novel04/circles/117893,"아아─, 이것이 『소설』이라는 것이다. Chapter 4",Day2
천방지축얼렁뚱땅빙글빙글장르대통합,맬렁,,,,,2sp,데못죽,"섭남파업,백망되,어바등",,,,,,,oo_sunpeach,https://dongne.co/events/novel04/circles/117435,"아아─, 이것이 『소설』이라는 것이다. Chapter 4",Day2
망무하자지치는쪽이망무연성더해오는것으로,"뮤즈, 새우 ",,,,,2sp,마도조사,,망무 쁘띠존이 열린다니 속이 다 시원합니다!,남망기 위무선,남망기X위무선,"섹슈얼,로맨틱",,"일러스트,사진","nyamuse, see_sau",https://dongne.co/events/novel04/circles/116215,"아아─, 이것이 『소설』이라는 것이다. Chapter 4",Day2
결벽불탁불역좌우고정일공일수신성혼인문대큰세,10,,,,,2sp,데뷔못하면죽는병걸림,,문대큰세 쁘띠존 <MK office>,박문대 이세진,박문대X이세진,로맨틱,,일러스트,gun1234___,https://dongne.co/events/novel04/circles/117094,"아아─, 이것이 『소설』이라는 것이다. Chapter 4",Day2
군사전 1월 아이소 출장 부스,"훔넨네, 호가명먹는사람",,,,,1sp,화산귀환,,,"호가명,장일소",호가명X장일소,,,,winter_981215,https://dongne.co/events/novel04/circles/117438,"아아─, 이것이 『소설』이라는 것이다. Chapter 4",Day2
당도최고 과채농장 1호점,랩콩,,,,,2sp,데뷔 못하면 죽는 병 걸림,,,"테스타(박문대,류청우,김래빈,차유진,배세진,이세진,선아현),청려(신재현)",차유진X김래빈,"해당없음,로맨틱",논커플링,"일러스트,기타",Rapper_bean11,https://dongne.co/events/novel04/circles/117694,"아아─, 이것이 『소설』이라는 것이다. Chapter 4",Day2
제형타코 1월호,taco,,,,,1sp,내가 키운 s급들,,,"한유현,한유진",한유현X한유진,"섹슈얼,로맨틱",,"만화,소설",hrdtaco,https://dongne.co/events/novel04/circles/116843,"아아─, 이것이 『소설』이라는 것이다. Chapter 4",Day2
1225,leoll,,,,,1sp,내가키운s급들,어두운바다의등불이되어,,한유현,,,,일러스트,,https://dongne.co/events/novel04/circles/116858,"아아─, 이것이 『소설』이라는 것이다. Chapter 4",Day2
1225년 전통 유현유진 전문점,"자렌, 레몽",,,,,2sp,내가 키운 S급들,,,"한유현,한유진",한유현X한유진,"로맨틱,섹슈얼",,"만화,소설","JAL_fn, s_lemong",https://dongne.co/events/novel04/circles/116052,"아아─, 이것이 『소설』이라는 것이다. Chapter 4",Day2
15세 자설이용가,"삼오, 랩터랑",,,,,1sp,진혼기,,삼천세계 연애일지,"자하,설영",자하X설영,로맨틱,,"만화,일러스트","blue_x_, RAPTER0250",https://dongne.co/events/novel04/circles/116520,"아아─, 이것이 『소설』이라는 것이다. Chapter 4",Day2
1588-황눈아세,5새벽,,,,,2sp,내가 키운 S급들,,,,,"로맨틱,섹슈얼",,만화,,https://dongne.co/events/novel04/circles/115597,"아아─, 이것이 『소설』이라는 것이다. Chapter 4",Day2
잔고 169원 대기번호 1497번의 부스,호찌,,,,,2sp,화산귀환,,,"당보,청명 등 화산귀환 캐릭터",당보X청명,로맨틱,,"소설,일러스트,공예,기타",h0ozzzzi,https://dongne.co/events/novel04/circles/117583,"아아─, 이것이 『소설』이라는 것이다. Chapter 4",Day2
토마호크 스테이크 1호점 : AT센터점,마말레이드,,,,,4sp,화산귀환,,,청명,당보X청명,"로맨틱,섹슈얼,해당없음",,"만화,소설,일러스트",Marmal_0329,https://dongne.co/events/novel04/circles/115829,"아아─, 이것이 『소설』이라는 것이다. Chapter 4",Day2
책만 합쳐 1kg,운현,,,,,2sp,"월야환담,내가 키운 S급들",,,,,,,,,https://dongne.co/events/novel04/circles/115521,"아아─, 이것이 『소설』이라는 것이다. Chapter 4",Day2
상상가게2호점,무라이,,,,,1sp,마도조사,천관사복,"천관이 복을 내리시니, 쁘띠존 걱정 하나 없다","남망기,위무선,화성,사련",남망기X위무선,섹슈얼,화련,소설,Murai_ok,https://dongne.co/events/novel04/circles/115919,"아아─, 이것이 『소설』이라는 것이다. Chapter 4",Day2
데못죽2부나올때까지정권지르기,현,,,,,2sp,데못죽,,,,,,,,,https://dongne.co/events/novel04/circles/115858,"아아─, 이것이 『소설』이라는 것이다. Chapter 4",Day2
"서기 2834년, 송백금룡 붐이 옵니다.",광양,,,,,2sp,화산귀환,,,"이송백,진금룡",이송백X진금룡,"로맨틱,섹슈얼",청명X당보,"소설,사진,일러스트,기타",,https://dongne.co/events/novel04/circles/117578,"아아─, 이것이 『소설』이라는 것이다. Chapter 4",Day2
토마호크 스테이크 2호점 : AT센터점,빡빡이,,,,,2sp,화산귀환,,,청명,당보X청명,,,"만화,일러스트",bakbak__2,https://dongne.co/events/novel04/circles/116768,"아아─, 이것이 『소설』이라는 것이다. Chapter 4",Day2
미모의 30대 치과의사를 아시나요,쟈가비,,,,,1sp,어두운 바다의 등불이 되어,,,,,,,,__hello_dear_06,https://dongne.co/events/novel04/circles/115814,"아아─, 이것이 『소설』이라는 것이다. Chapter 4",Day2
300년 전통 중원기사식당 천마직영점,산돌돕,,,,,2sp,화산귀환,,,"당보,청명",당보X청명,해당없음,,만화,sandoldob,https://dongne.co/events/novel04/circles/117160,"아아─, 이것이 『소설』이라는 것이다. Chapter 4",Day2
데한민국 환생 기원 315일째,령관,,,,,1sp,데뷔 못 하면 죽는 병 걸림,,,,,,,일러스트,LYGW_27,https://dongne.co/events/novel04/circles/117175,"아아─, 이것이 『소설』이라는 것이다. Chapter 4",Day2
토마호크 스테이크 3호점 : AT센터점,자박자박,,,,,2sp,화산귀환,x,,"화산귀환,당보,청명",당보(화산귀환 소설 등장)X청명(화산귀환 소설 등장),"해당없음,로맨틱,섹슈얼",,"만화,소설",ddo_watzi,https://dongne.co/events/novel04/circles/116952,"아아─, 이것이 『소설』이라는 것이다. Chapter 4",Day2
데한민국프리벳가4번지 ,llllnetillll,,,,,1sp,데못죽,해리포터,,문대,문대,로맨틱,,,llllnetillll,https://dongne.co/events/novel04/circles/116155,"아아─, 이것이 『소설』이라는 것이다. Chapter 4",Day2
6/45,롯도,,,,,2sp,"데뷔 못하면 죽는 병 걸림,데못죽",,엋문 쁘띠존 : 감미로운 사랑의 맛이었다,"청려,박문대",청려X문대,,,"만화,일러스트",lotto961127,https://dongne.co/events/novel04/circles/116390,"아아─, 이것이 『소설』이라는 것이다. Chapter 4",Day2
연상이 취향인데 이젠 없어! -76세 당보-,미노,,,,,1sp,화산귀환,,,,당보X청명,,,소설,Zzrdla,https://dongne.co/events/novel04/circles/117530,"아아─, 이것이 『소설』이라는 것이다. Chapter 4",Day2
asebi,로네,,,,,2sp,화산귀환,,,,,,,공예,riddlemato_,https://dongne.co/events/novel04/circles/117278,"아아─, 이것이 『소설』이라는 것이다. Chapter 4",Day2
소맥길드 양재at점,피리아,,,,,1sp,서브 남주가 파업하면 생기는 일,,섭남파업 예서른 쁘띠존 ~세상에서 가장 완벽하고 궁극적인 우회전 궁주님 연모회~,정예서,세드리크X예서,로맨틱,요한X예서,일러스트,filiaulcopt,https://dongne.co/events/novel04/circles/116161,"아아─, 이것이 『소설』이라는 것이다. Chapter 4",Day2
beer있음,R,,,,,1sp,화산귀환,,,,도위X백천,,,소설,,https://dongne.co/events/novel04/circles/116024,"아아─, 이것이 『소설』이라는 것이다. Chapter 4",Day2
빼곡하게 피어나는 blue,ㄱㅁ,,,,,2sp,화산귀환,,,,진금룡X이송백,,,,,https://dongne.co/events/novel04/circles/116656,"아아─, 이것이 『소설』이라는 것이다. Chapter 4",Day2
BUSTER!!,winston,,,,,4sp,화산귀환,,,청명,당보X청명,,"당청, 백청",,,https://dongne.co/events/novel04/circles/115515,"아아─, 이것이 『소설』이라는 것이다. Chapter 4",Day2
연구원 C,카세트,,,,,1sp,"잔차품,살파랑","열화요수,묵독,진혼",<프리스트 소설 연구회> 작품 수위와 덕질 지속성의 상관 관계에 대하여,,,"로맨틱,섹슈얼","창구, 선령, 웨이란, 저우두",일러스트,cassette_cbl,https://dongne.co/events/novel04/circles/117589,"아아─, 이것이 『소설』이라는 것이다. Chapter 4",Day2
㈜ 텅 빈 CASINO,레이지빈,,,,,4sp,데뷔 못 하면 죽는 병 걸림,,엋문 쁘띠존 : 감미로운 사랑의 맛이었다,,,"로맨틱,섹슈얼",,,amibean,https://dongne.co/events/novel04/circles/117713,"아아─, 이것이 『소설』이라는 것이다. Chapter 4",Day2
cerealBox,신월,,,,,1sp,화산귀환,,,청명,당보X청명,"섹슈얼,로맨틱",,만화,_cerealbox,https://dongne.co/events/novel04/circles/115650,"아아─, 이것이 『소설』이라는 것이다. Chapter 4",Day2
Chimomo*,송,,,,,2sp,천관사복,,"천관이 복을 내리시니, 쁘띠존 걱정 하나 없다",,화성X사련,"로맨틱,섹슈얼",,"만화,일러스트",song_tgcf,https://dongne.co/events/novel04/circles/118063,"아아─, 이것이 『소설』이라는 것이다. Chapter 4",Day2
Dear. 공방,나비,,,,,2sp,"데못죽,화산귀환,전독시,백망되",,,,,,,공예,Gongbangdear,https://dongne.co/events/novel04/circles/117190,"아아─, 이것이 『소설』이라는 것이다. Chapter 4",Day2
내가 키운 Dol들,연필,,,,,2sp,"내스급,데못죽",룬의 아이들(미정),,"한유진 외 내스급 캐들,박문대 외 데못죽 캐들 등",,,,일러스트,S2yeonpil,https://dongne.co/events/novel04/circles/117045,"아아─, 이것이 『소설』이라는 것이다. Chapter 4",Day2
저 그런 초심잃은 EX급 마족답게 사는 변경백 망나니 서자 아닙니다,옌,,,,,2sp,명문고 EX급 조연의 리플레이,"초심잃은 아이돌을 위한 회귀 백서,저 그런 인재 아닙니다,백작가의 망나니가 되었다,마족답게 사는 법,변경백 서자는 황제였다",,,,,,,24133cm,https://dongne.co/events/novel04/circles/117084,"아아─, 이것이 『소설』이라는 것이다. Chapter 4",Day2
길드장님은왜그F급에게만쌀밥을주셨을까,양지,,,,,2sp,내가 키운 S급들,,"댁네 집이었는데, 이젠 우리집입니다.",한유진,,로맨틱,"태원유진, 황림유진",,gyazu_826,https://dongne.co/events/novel04/circles/116086,"아아─, 이것이 『소설』이라는 것이다. Chapter 4",Day2
Fairline,초벌샴푸,,,,,1sp,명문고 EX급 조연의 리플레이,적국의 왕자로 사는 법,,조의신,,,,만화,cb_shampoo,https://dongne.co/events/novel04/circles/115491,"아아─, 이것이 『소설』이라는 것이다. Chapter 4",Day2
나는 화산 free 근데 취해,에솔,,,,,4sp,화산귀환,,,청명 당보 백천,당보X청명,로맨틱,"백천청명, 소백청명","일러스트,만화",dpthf_501,https://dongne.co/events/novel04/circles/116714,"아아─, 이것이 『소설』이라는 것이다. Chapter 4",Day2
문ㄷH의 ㅋrSS테Zr,공달우 ,,,,,2sp,데뷔를 못하면 죽는 병 걸림,내가 키운 S급들,,박문대,,,,,,https://dongne.co/events/novel04/circles/115674,"아아─, 이것이 『소설』이라는 것이다. Chapter 4",Day2
Ignition Point,행인A,,,,,2sp,내가키운S급들,,,성현제 X 한유진,성현제X한유진,"로맨틱,섹슈얼","한유현X한유진, 송태원X한유진",소설,haengin__a,https://dongne.co/events/novel04/circles/116355,"아아─, 이것이 『소설』이라는 것이다. Chapter 4",Day2
북태평양 해저기지 기업 설명회(IR) 안내,펄그라스,,,,,1sp,어두운 바다의 등불이 되어,,,"박무현,김재희",,로맨틱,,소설,,https://dongne.co/events/novel04/circles/117518,"아아─, 이것이 『소설』이라는 것이다. Chapter 4",Day2
문앟 is My Life,낑깡까미,,,,,2sp,데뷔 못 하면 죽는 병 걸림,어두운 바다의 등불이 되어,,"박문대,선아현",박문대X선아현,"로맨틱,섹슈얼",젼젹,만화,kingkami1,https://dongne.co/events/novel04/circles/116481,"아아─, 이것이 『소설』이라는 것이다. Chapter 4",Day2
Lovely Mix,Lovely Mix,,,,,1sp,화산귀환,"전독시,데못죽,내스급",,,,,,,LovelyMix_,https://dongne.co/events/novel04/circles/115962,"아아─, 이것이 『소설』이라는 것이다. Chapter 4",Day2
<문대큰세 쁘띠존 <MK office>> 주최 부스,문대큰세 쁘띠존 <MK office>,,,,,2sp,,,문대큰세 쁘띠존 <MK office>,,,,,,,https://dongne.co/events/novel04/circles/117004,"아아─, 이것이 『소설』이라는 것이다. Chapter 4",Day2
NO약자석,허니,,,,,2sp,화산귀환,,,"청명,당보",청명X당보,"로맨틱,섹슈얼",,"소설,만화",h017ey,https://dongne.co/events/novel04/circles/117460,"아아─, 이것이 『소설』이라는 것이다. Chapter 4",Day2
NO인성생활,솜멸,,,,,2sp,화산귀환,,,"청명,당보",청명X당보,"로맨틱,섹슈얼",,소설,Som_myeol,https://dongne.co/events/novel04/circles/117878,"아아─, 이것이 『소설』이라는 것이다. Chapter 4",Day2
Paradise Lost,사박,,,,,2sp,잔차품,적왕사,,,루비싱X린징헝,"섹슈얼,로맨틱",린,"만화,소설",,https://dongne.co/events/novel04/circles/117471,"아아─, 이것이 『소설』이라는 것이다. Chapter 4",Day2
pinkmoon,니센,,,,,1sp,데뷔 못 하면 죽는 병 걸림,,,"박문대,선아현",박문대X선아현,"로맨틱,섹슈얼",,만화,nomiya37,https://dongne.co/events/novel04/circles/115635,"아아─, 이것이 『소설』이라는 것이다. Chapter 4",Day2
Playlist 12:24,"3333, 희원, Playlist 12:24 앤솔로지",,,,,4sp,데뷔 못하면 죽는 병 걸림,,,"차유진,김래빈",차유진X김래빈,"로맨틱,섹슈얼",,"소설,만화","ChaRab3333, raebinaimoda, EGRBlogy_PL",https://dongne.co/events/novel04/circles/117178,"아아─, 이것이 『소설』이라는 것이다. Chapter 4",Day2
콩's 제너레이션,오잉,,,,,1sp,데뷔못하면죽는병걸림,,,"청려,콩이",청려X문대,로맨틱,,일러스트,ouing02122319,https://dongne.co/events/novel04/circles/117341,"아아─, 이것이 『소설』이라는 것이다. Chapter 4",Day2
전지적 S급으로 데뷔해서 귀환합니다,"환타 ,노아",,,,,2sp,화산귀환,"전독시,내스급",,,,"로맨틱,섹슈얼",,,ghksxk9151,https://dongne.co/events/novel04/circles/116956,"아아─, 이것이 『소설』이라는 것이다. Chapter 4",Day2
화산으로 터닝한 S급의 패션,녹황,,,,,2sp,"터닝,화산귀환,내가키운S급들,패션",,,"키시아르,유더,당보,청명,유현,유진,일레이,태의",키시아르X유더,섹슈얼,"당보청명, 유현유진, 일태","만화,소설,공예",nokhwang_read,https://dongne.co/events/novel04/circles/116025,"아아─, 이것이 『소설』이라는 것이다. Chapter 4",Day2
내가키운S급들과함께,봄겨울,,,,,2sp,내가키운S급들,,,한유진,,,,일러스트,haruduprintemps,https://dongne.co/events/novel04/circles/116070,"아아─, 이것이 『소설』이라는 것이다. Chapter 4",Day2
누이좋고 매부좋고 ~호텔스윗룸연합~ Season 2,칠러,,,,,2sp,"일타강사 백사부,데뷔 못 하면 죽는 병 걸림",,문대큰세 쁘띠존 <MK office>,"박문대,백수룡,이세진(큰세),남궁수",박문대X이세진,"로맨틱,섹슈얼",뇌청(남궁수룡),"만화,소설,일러스트",chiller_web,https://dongne.co/events/novel04/circles/117091,"아아─, 이것이 『소설』이라는 것이다. Chapter 4",Day2
사랑은 SF ,닉스,,,,,2sp,내가 키운 S급들,,"댁네 집이었는데, 이젠 우리집입니다.",성현제 한유진,성현제X한유진,"로맨틱,섹슈얼",,"소설,만화",jungdokdolnim,https://dongne.co/events/novel04/circles/115967,"아아─, 이것이 『소설』이라는 것이다. Chapter 4",Day2
SSS급 매화도사 상시 대기,낮궁,,,,,1sp,화산귀환,,,청명,백천X청명,,"백청,당청",,Oo_goong,https://dongne.co/events/novel04/circles/116489,"아아─, 이것이 『소설』이라는 것이다. Chapter 4",Day2
stray kids,somesing,,,,,2sp,데뷔 못 하면 죽는 병 걸림,,,,차유진X김래빈,로맨틱,"청우배세, 유진래빈, 문대아현, 큰세문대",소설,onedogsing,https://dongne.co/events/novel04/circles/115543,"아아─, 이것이 『소설』이라는 것이다. Chapter 4",Day2
 sun and clouds,카야,,,,,2sp,이번생은 우주대스타,,,뉴블랙 한태현 선우주,한태현X선우주,로맨틱,,,_kaya_2725,https://dongne.co/events/novel04/circles/116382,"아아─, 이것이 『소설』이라는 것이다. Chapter 4",Day2
S급 외모 X EX급 가창 그리고..(왕!),사치,,,,,2sp,데뷔 못하면 죽는 병 걸림,,,"박문대,선아현,신재현,콩이",신재현X박문대,"로맨틱,섹슈얼","선아현x박문대 ,아현문대 ,엋문,앟문,문대른","만화,일러스트,소설,공예",sachi37_artwork,https://dongne.co/events/novel04/circles/115842,"아아─, 이것이 『소설』이라는 것이다. Chapter 4",Day2
(주) 텅 빈 The Bar,에러,,,,,2sp,데뷔 못하면 죽는 병 걸림,,엋문 쁘띠존 : 감미로운 사랑의 맛이었다,,청려X박문대,"로맨틱,섹슈얼",,,yuuri_123,https://dongne.co/events/novel04/circles/116725,"아아─, 이것이 『소설』이라는 것이다. Chapter 4",Day2
Thursday Blue,산영,,,,,2sp,화산귀환,,,"청명,당보",,"섹슈얼,로맨틱",청명당보 ,소설,sannhsn,https://dongne.co/events/novel04/circles/117095,"아아─, 이것이 『소설』이라는 것이다. Chapter 4",Day2
「국선TIP」 옥배 하나로 귀마왕 유급노예 만들기,리혜 / 7세기 미소년,,,,,2sp,진혼기,,,"설영,자하",설영X자하,로맨틱,,만화,"_ri0ir_, Silla_BeautyBoy",https://dongne.co/events/novel04/circles/116341,"아아─, 이것이 『소설』이라는 것이다. Chapter 4",Day2
Two Rabbits&자몽공방,Rabbits,,,,,2sp,데못죽,화산귀환,,,,,,"공예,조형,기타",2rabbits,https://dongne.co/events/novel04/circles/117603,"아아─, 이것이 『소설』이라는 것이다. Chapter 4",Day2
화종지회vs종화지회,개미,,,,,2sp,화산귀환,,,"청명(화산),송백(종남)",,,,만화,gaemi_gigi,https://dongne.co/events/novel04/circles/116792,"아아─, 이것이 『소설』이라는 것이다. Chapter 4",Day2
육지vs바다,빵,,,,,2sp,"진혼기,어두운 바다의 등불이 되어",일타강사 백사부,,,,해당없음,,일러스트,frogbread1010,https://dongne.co/events/novel04/circles/117335,"아아─, 이것이 『소설』이라는 것이다. Chapter 4",Day2
(주)허위매물 w.데못죽,"파나물, 코코나츠",,,,,1sp,데뷔 못하면 죽는 병 걸림,,,"박문대,청려",,,,"일러스트,소설","pa_namul_, KoKoNaTsu11",https://dongne.co/events/novel04/circles/115763,"아아─, 이것이 『소설』이라는 것이다. Chapter 4",Day2
Walking on the Moonroad,피달이,,,,,4sp,"적왕사,진혼기","내스급,백망되",,플란츠,,섹슈얼,"설자,알케","만화,일러스트,소설",,https://dongne.co/events/novel04/circles/115937,"아아─, 이것이 『소설』이라는 것이다. Chapter 4",Day2
악법도 법이고 청려문대도 대학이다(with뵤햄),뇸뇸,,,,,2sp,데뷔 못하면 죽는 병 걸림,,엋문 쁘띠존 : 감미로운 사랑의 맛이었다,"청려,박문대,배세진",,,,,nya__nyam,https://dongne.co/events/novel04/circles/115948,"아아─, 이것이 『소설』이라는 것이다. Chapter 4",Day2
사파일짱x정파일짱,술꽃,,,,,2sp,화산귀환,,피의 일소청명 쁘띠존 ~부부클리닉 사랑과 전쟁(주의: 진짜전쟁함)~,,장일소X청명,,,만화,slkk_h,https://dongne.co/events/novel04/circles/116804,"아아─, 이것이 『소설』이라는 것이다. Chapter 4",Day2
안 우니까 지구로 돌아가자 개X끼야,"루제, 토토",,,,,1sp,어두운 바다의 등불이 되어(어바등),"전독시,블랙배저,데못죽",,"박무현,김독자",김재희X박무현,로맨틱,중혁독자,일러스트,"t_bLUEj, TOTOtoto0801",https://dongne.co/events/novel04/circles/116849,"아아─, 이것이 『소설』이라는 것이다. Chapter 4",Day2
아~ XX 중원 구하려고 천마 목베고 있었는데 미치겠다,"창식, 레블",,,,,2sp,화산귀환,,,"당보,청명,임소병",당보X청명,로맨틱,청명소병,"일러스트,만화","hitz_0o0, RB_KJ12",https://dongne.co/events/novel04/circles/117259,"아아─, 이것이 『소설』이라는 것이다. Chapter 4",Day2
zl존제형덮밥,국,,,,,1sp,내가 키운 S급들,,,,,,,,5__OUP,https://dongne.co/events/novel04/circles/117251,"아아─, 이것이 『소설』이라는 것이다. Chapter 4",Day2
강자ZoNE,당돌이,,,,,2sp,화산귀환,,,청명당보,청명X당보,로맨틱,,,4000_dangga,https://dongne.co/events/novel04/circles/116627,"아아─, 이것이 『소설』이라는 것이다. Chapter 4",Day2
佳報自告맹: 가보자고 맹,화삼,,,,,4sp,화산귀환,,,청명,,,,"만화,일러스트,소설,기타",hasan_samdea,https://dongne.co/events/novel04/circles/117582,"아아─, 이것이 『소설』이라는 것이다. Chapter 4",Day2
佳報自告맹: 가보자고 맹,연,,,,,1sp,화산귀환,,,천우맹,,,,"만화,소설,일러스트,기타",yhunpromit,https://dongne.co/events/novel04/circles/116225,"아아─, 이것이 『소설』이라는 것이다. Chapter 4",Day2
卍토함산 귀마왕 보살卍,"선빵, 먀우, 밍덩",,,,,2sp,진혼기,"반월당,천관사복",삼천세계 연애일지,"자하,설영",자하X설영,로맨틱,,"만화,일러스트","SE0NBBANG, OwO_MYAU, JJJJ_d_",https://dongne.co/events/novel04/circles/117576,"아아─, 이것이 『소설』이라는 것이다. Chapter 4",Day2
(주)天友盟 : 화음 문구점,삼인성호,,,,,4sp,화산귀환,,,"화산귀환,구화산즈,천우맹",,,,"소설,기타",3inseongho,https://dongne.co/events/novel04/circles/117345,"아아─, 이것이 『소설』이라는 것이다. Chapter 4",Day2
암향만리행(暗香萬里行),암향만리행,,,,,2sp,화산귀환,,,"청명,당보",,로맨틱,청명당보 ,"만화,소설",,https://dongne.co/events/novel04/circles/115989,"아아─, 이것이 『소설』이라는 것이다. Chapter 4",Day2
강호한정 江湖閑情,이삭,,,,,1sp,화산귀환,진혼기,,임소병,남궁도위X임소병,해당없음,당보청명,"일러스트,소설,공예",Esak_5d6q,https://dongne.co/events/novel04/circles/116859,"아아─, 이것이 『소설』이라는 것이다. Chapter 4",Day2
竹林裏的湖水,화가람,,,,,2sp,화산귀환,,,"구화산 및 현화산,장일소,당보 등",당보X청명,로맨틱,조걸윤종,소설,floweriver95,https://dongne.co/events/novel04/circles/117183,"아아─, 이것이 『소설』이라는 것이다. Chapter 4",Day2
