부스명,대표자,위치,위치(열),위치(번호),반부스,부스,대표 작품(원작),그 외 다루는 작품,쁘띠존,캐릭터,커플링,커플링 성향,그 외 커플링,매체,트위터,링크,행사명,개최일
<무>암존 가오 다 뒤짐<적>,"솔고, 무무, 먹물",,,,,2sp,화산귀환,,화산귀환 쁘띠존: 天下俠義,"청명,장일소,당보,임소병,남궁도위",당보X청명,"로맨틱,섹슈얼","청당, 도소, 일청","기타,소설,일러스트,공예",@solgocheong2,https://dongne.co/events/df2407/circles/126135,제26회 디. 페스타,Day1
<반월당 쁘띠존 : 나쁜 꿈은 끝났어> 주최부스,반월당 쁘띠존 : 나쁜 꿈은 끝났어,,,,,2sp,,,반월당 쁘띠존 : 나쁜 꿈은 끝났어,,,,,,,https://dongne.co/events/df2407/circles/123455,제26회 디. 페스타,Day1
<긴히지 쁘띠존 : 사랑에는 당분도 마요네즈도 없다> 주최부스,긴히지 쁘띠존 : 사랑에는 당분도 마요네즈도 없다,,,,,2sp,,,긴히지 쁘띠존 : 사랑에는 당분도 마요네즈도 없다,,,,,,,https://dongne.co/events/df2407/circles/124562,제26회 디. 페스타,Day1
<게토고죠 쁘띠존> 주최부스,게토고죠 쁘띠존,,,,,2sp,,,게토고죠 쁘띠존 《END UP》,,,,,,,https://dongne.co/events/df2407/circles/123101,제26회 디. 페스타,Day1
<재희무현 쁘띠존 ~이 쁘띠존은 오늘의 상이에요~> 주최부스,재희무현 쁘띠존 ~이 쁘띠존은 오늘의 상이에요~,,,,,2sp,,,재희무현 쁘띠존 ~이 쁘띠존은 오늘의 상이에요~,,,,,일러스트,,https://dongne.co/events/df2407/circles/125026,제26회 디. 페스타,Day1
<청명백천 쁘띠존 <청명아! 백천아! 안되겠다 혼인하자>> 주최부스,청명백천 쁘띠존 <청명아! 백천아! 안되겠다 혼인하자>,,,,,2sp,,,청명백천 쁘띠존 <청명아! 백천아! 안되겠다 혼인하자>,,,,,,,https://dongne.co/events/df2407/circles/124606,제26회 디. 페스타,Day1
                                                                                                                                                                                                    국사무우,"lusch, 안건",,,,,4sp,주술회전,,고죠게토 쁘띠존 : ✧ 夢中相尋 몽중상심 ✦,,고죠 사토루X게토 스구루,"로맨틱,섹슈얼",,만화,"@lunchsetB, @goodteethguys",https://dongne.co/events/df2407/circles/125750,제26회 디. 페스타,Day1
                                                                                                                                                                                                 공동정탈취범,훈,,,,,2sp,주술회전,,고죠게토 쁘띠존 : ✧ 夢中相尋 몽중상심 ✦,"고죠 사토루,게토 스구루",고죠 사토루X게토 스구루,"로맨틱,섹슈얼",,"만화,일러스트",@Ju_angbal_love,https://dongne.co/events/df2407/circles/124945,제26회 디. 페스타,Day1
                                                                                                                                                                                타비신고 마중 나온 푸른 봄,UQU,,,,,2sp,주술회전,,고죠게토 쁘띠존 : ✧ 夢中相尋 몽중상심 ✦,"고죠 사토루,게토 스구루",고죠 사토루X게토 스구루,로맨틱,,일러스트,UQUOOZZ,https://dongne.co/events/df2407/circles/123475,제26회 디. 페스타,Day1
 신나! 신나게!,메탈전사GT,,,,,1sp,드래곤볼GT,,,팡(드래곤볼 GT),,,,만화,@MetalwarriorZ,https://dongne.co/events/df2407/circles/124640,제26회 디. 페스타,Day1
",",화영,,,,,1sp,화산귀환,,청명백천 쁘띠존 <청명아! 백천아! 안되겠다 혼인하자>,청명백천,청명X백천,"로맨틱,섹슈얼",,소설,@Flower221218,https://dongne.co/events/df2407/circles/125904,제26회 디. 페스타,Day1
.,123456ccpi,,,,,1sp,,,,,,,,,,https://dongne.co/events/df2407/circles/126223,제26회 디. 페스타,Day1
.,.,,,,,1sp,,,,,고죠 사토루X게토 스구루,로맨틱,,"만화,기타",.,https://dongne.co/events/df2407/circles/125156,제26회 디. 페스타,Day1
... 그렇게 됐다,ㅍㅍ,,,,,2sp,블랙배저,,,,,,,,,https://dongne.co/events/df2407/circles/124699,제26회 디. 페스타,Day1
...!,레리,,,,,2sp,"데뷔못하면죽는병걸림,패션(BL)",,,,,,,일러스트,,https://dongne.co/events/df2407/circles/124920,제26회 디. 페스타,Day1
(주) 무림미식회,단팥빵,,,,,2sp,무림제일폐: 월한강천록,발더스게이트3,,유소월,홍륜X소월,"로맨틱,섹슈얼",소월른,"만화,일러스트",@Annbbang,https://dongne.co/events/df2407/circles/126280,제26회 디. 페스타,Day1
[활]화산횟집[어],연푸른,,,,,2sp,화산귀환,,화산귀환 쁘띠존: 天下俠義,올캐릭터,,,,"일러스트,공예",@trapcardmim,https://dongne.co/events/df2407/circles/124752,제26회 디. 페스타,Day1
내 기분 마치 신라,화련,,,,,1sp,화산귀환,진혼기,화산귀환 쁘띠존: 天下俠義,청명,백천X청명,"로맨틱,해당없음",자하설영,,@4PR1C0T_R,https://dongne.co/events/df2407/circles/124306,제26회 디. 페스타,Day1
운 좋게 토라 햝기,토라,,,,,2sp,프로세카,,,"아오야기 토우야,시노노메 아키토",아오야기 토우야X시노노메 아키토,"로맨틱,섹슈얼",루이츠카,"만화,소설,일러스트",@_tiger_ovo,https://dongne.co/events/df2407/circles/125764,제26회 디. 페스타,Day1
넌 폭탄 처리 같은 거 하지 마,관식,,,,,1sp,명탐정 코난,,,"하기와라 켄지,마츠다 진페이",하기와라 켄지X마츠다 진페이,"섹슈얼,로맨틱",,소설,@m__ulti,https://dongne.co/events/df2407/circles/126028,제26회 디. 페스타,Day1
한 고게 넘어 사랑!,양갱,,,,,2sp,주술회전,,고죠게토 쁘띠존 : ✧ 夢中相尋 몽중상심 ✦,"고죠 사토루,게토 스구루",고죠 사토루X게토 스구루,로맨틱,,만화,@za_yess,https://dongne.co/events/df2407/circles/126833,제26회 디. 페스타,Day1
이 중에 취향 하나쯤은 있겠지요,뿜키,,,,,2sp,하이큐,"가비지타임,하이큐,윈드브레이커,사카모토데이즈",,,,,,,bboomkey,https://dongne.co/events/df2407/circles/124957,제26회 디. 페스타,Day1
난 교수고 넌 학생이야.,올씨,,,,,2sp,스타레일,"잔차품,천관사복",,"레이시오,어벤츄린,루비싱,린징헝,화성,사련",레이시오X어벤츄린,로맨틱,"루린, 화련","일러스트,만화",@little_modao,https://dongne.co/events/df2407/circles/123803,제26회 디. 페스타,Day1
이 부스를 보면 무사히 원고를 했다는 거겠죠.,무쯔,,,,,2sp,은과 금,"카리스마,서뱀프",FKMT 쁘띠존: 바ざわ회 ~디페 내에 코 크신 분 계십니까~,"긴지,모리타",,,,,,https://dongne.co/events/df2407/circles/124090,제26회 디. 페스타,Day1
백 선생도 못한 장르통일,"수성, 게불, 아마",,,,,2sp,대역전재판,"트라이건,문과라도 안 죄송한 이세계로 감,아머드코어6,슬로우 데미지,역전검사2",,"토와,미카가미 하카리",씨피도X통일못함,"해당없음,로맨틱,섹슈얼","전설조, 히카미드, 621월터, 술라월터, 마노소타, 시가츠카, 반사미카, 미츠메이","소설,일러스트,만화","@A174K, @Ged_the_aad, @isnt_pro",https://dongne.co/events/df2407/circles/124305,제26회 디. 페스타,Day1
왜 아직도 공놀이 중이야,여름,,,,,2sp,하이큐,"윈브레,가비지타임",,스가와라 코시,,"로맨틱,섹슈얼","우메사쿠, 스오사쿠","소설,공예,일러스트",yeoreum_xp,https://dongne.co/events/df2407/circles/124304,제26회 디. 페스타,Day1
이 부스가 열린다면 무사히 마감을 끝낸 것이겠죠,"Rok, 청둥이",,,,,2sp,화산귀환,로오히,화산귀환 쁘띠존: 天下俠義,"청명,프라우",,섹슈얼,,소설,cho_cho180,https://dongne.co/events/df2407/circles/126124,제26회 디. 페스타,Day1
한 여름밤의 졸업식,글쓰는 임인하,,,,,1sp,CoC7th_TRPG,"언성듀엣_TRPG,블러드패스_TRPG",,TRPG,,,,"소설,기타",@InHa_TRPG,https://dongne.co/events/df2407/circles/124689,제26회 디. 페스타,Day1
아 심심한데 농구공이나 튀겨먹어야겠다,그렇게됏다..,,,,,2sp,가비지타임,,,,,,,,nong_gu_go,https://dongne.co/events/df2407/circles/124391,제26회 디. 페스타,Day1
난 사과사탕이 좋더라,BH,,,,,2sp,"포켓몬,프세카,플레이브",,,,청려X건우,,,,,https://dongne.co/events/df2407/circles/123157,제26회 디. 페스타,Day1
"형, 걔는 다른 강아지예요.","폭주기관차, 불번",,,,,2sp,"데뷔 못 하면 죽는 병 걸림,가비지타임",,,"박문대,배세진,류건우,박병찬,기상호",박문대(류건우)X배세진,로맨틱,박병찬X기상호,"만화,소설,기타,공예","@pogjugigwancha, @Deepinburn",https://dongne.co/events/df2407/circles/123988,제26회 디. 페스타,Day1
"쉿, 문대 훔쳐가는중!","마이츄,노넴",,,,,2sp,데뷔 못 하면 죽는 병 걸림,,,"이세진(큰세진),박문대,선아현",이세진(큰세진)X박문대,"로맨틱,해당없음",아현문대,"소설,공예,사진,기타",@Mychu_030,https://dongne.co/events/df2407/circles/125178,제26회 디. 페스타,Day1
쫄? 가보자고,"샇, 치즈",,,,,2sp,"데뷔 못하면 죽는 병 걸림,천관사복",,,,이세진X박문대,"로맨틱,섹슈얼",,"만화,일러스트","@moon__SH_, @cheeseandsalmon",https://dongne.co/events/df2407/circles/124005,제26회 디. 페스타,Day1
반/성교,9둘9기,,,,,2sp,주술회전,,게토고죠 쁘띠존 《END UP》,게토스구루 고죠사토루,,"로맨틱,섹슈얼",,"일러스트,만화",gudulgugi,https://dongne.co/events/df2407/circles/125838,제26회 디. 페스타,Day1
게(이)고(자극),"이치, 망푸, 씨밀레",,,,,4sp,주술회전,,게토고죠 쁘띠존 《END UP》,"게토 스구루,고죠 사토루",게토 스구루X고죠 사토루,"섹슈얼,로맨틱",,"만화,일러스트,소설,기타","@ichi_gosa, @puleun_gego, @Simile725",https://dongne.co/events/df2407/circles/123783,제26회 디. 페스타,Day1
가띤,뿡,,,,,2sp,가면라이더,,,,,,,"기타,만화",,https://dongne.co/events/df2407/circles/123725,제26회 디. 페스타,Day1
계몽,게피,,,,,2sp,가비지타임,수공예,,,,,,"만화,일러스트",gepilife,https://dongne.co/events/df2407/circles/126715,제26회 디. 페스타,Day1
끼놀,"이끼끼,좀놀",,,,,2sp,아이나나,,,,,,,"만화,일러스트",@recyclenono,https://dongne.co/events/df2407/circles/125271,제26회 디. 페스타,Day1
나무,나무,,,,,4sp,주술회전,,,,,,,,,https://dongne.co/events/df2407/circles/124088,제26회 디. 페스타,Day1
뉴무,율무,,,,,2sp,화산귀환,,,"당보,청명",당보X청명,로맨틱,,"소설,만화",@yulmu_0131,https://dongne.co/events/df2407/circles/126224,제26회 디. 페스타,Day1
믕소,이소,,,,,2sp,,,,,,,,"일러스트,공예",,https://dongne.co/events/df2407/circles/125315,제26회 디. 페스타,Day1
반디,반디,,,,,1sp,,,,,,"섹슈얼,해당없음",,만화,,https://dongne.co/events/df2407/circles/124017,제26회 디. 페스타,Day1
부슥,삥찌,,,,,1sp,데못죽,어바등,,,,,,,@bbing_zzi,https://dongne.co/events/df2407/circles/124808,제26회 디. 페스타,Day1
소누,소누,,,,,1sp,,,,,,,,"일러스트,만화",,https://dongne.co/events/df2407/circles/125777,제26회 디. 페스타,Day1
행성,하롱,,,,,2sp,,,,,,,,공예,,https://dongne.co/events/df2407/circles/124577,제26회 디. 페스타,Day1
청백 ,다즐링,,,,,1sp,화산귀환,,청명백천 쁘띠존 <청명아! 백천아! 안되겠다 혼인하자>,"청명,백천",청명X백천,로맨틱,,소설,sasuksasuk1,https://dongne.co/events/df2407/circles/125550,제26회 디. 페스타,Day1
우린 (마감)할 수 있을거야,은디,,,,,2sp,진혼기,,,김설영,,"로맨틱,섹슈얼",,"만화,일러스트",Ttjes1217,https://dongne.co/events/df2407/circles/123514,제26회 디. 페스타,Day1
산과 신,산이풍 / 율기,,,,,1sp,데뷔못하면죽는병걸림,,,박문대 외,,,,"기타,소설",,https://dongne.co/events/df2407/circles/125674,제26회 디. 페스타,Day1
코에 츄,"코쟁, 츄현",,,,,1sp,"프로젝트 세카이,가비지타임",,,,,,,일러스트,"@KOZaang, @O116peach",https://dongne.co/events/df2407/circles/125469,제26회 디. 페스타,Day1
마감 할 수 있잖아,숭,,,,,2sp,슬램덩크,,,서태웅,,,,,@ram1nk,https://dongne.co/events/df2407/circles/125944,제26회 디. 페스타,Day1
화산 한 바퀴,동이,,,,,2sp,화산귀환,,,,,,,"일러스트,소설,공예",gimdongi1010,https://dongne.co/events/df2407/circles/126189,제26회 디. 페스타,Day1
부스 안 열면 죽는 병 걸림,"하세, 연화, 쫭",,,,,2sp,데못죽,,,청려,청려X문대,,,"일러스트,기타,만화,소설","@haka_VTIC, @lotus_flower432, @JJANG__bb",https://dongne.co/events/df2407/circles/124550,제26회 디. 페스타,Day1
고려 그 자식 말도 꺼내지 마세요,"이영랑,살이",,,,,2sp,반월당의 기묘한 이야기,"진혼기,잔불의 기사",반월당 쁘띠존 : 나쁜 꿈은 끝났어,"백란,유단,자하,설영,와론",백란X유단,"해당없음,로맨틱","(자하,설영)","일러스트,기타,소설,만화", @iyeonglang0926 ,https://dongne.co/events/df2407/circles/125105,제26회 디. 페스타,Day1
누난 내 여자니까 너는 내 여자니까 너라고 부를께 뭐라고 하든지 남자로 느끼도록 꽉 안아줄께 너라고 부를께 뭐라고 하든 상관없어요,Soul_4043,,,,,2sp,주술회전,,,"고죠 사토루,이오리 우타히메",고죠 사토루X이오리 우타히메,"로맨틱,섹슈얼",,"만화,일러스트,소설,공예",@Soul_4043,https://dongne.co/events/df2407/circles/126388,제26회 디. 페스타,Day1
역시 내 플레이어블 영웅이야,저속노화밥,,,,,2sp,명문고 EX급 조연의 리플레이,로드 오브 히어로즈,,"황지호,조의신",,로맨틱,"황의, 황호의신",일러스트,@sl0w_aging,https://dongne.co/events/df2407/circles/127055,제26회 디. 페스타,Day1
검은 새벽,김래곤,,,,,2sp,,,,,,,,일러스트,kimlaegon911,https://dongne.co/events/df2407/circles/124128,제26회 디. 페스타,Day1
나눔 파티,ㄹㅇ,,,,,1sp,데뷔 못 하면 죽는 병 걸림,,,,,,,"소설,기타",,https://dongne.co/events/df2407/circles/123478,제26회 디. 페스타,Day1
쿠키 오븐,간만의 쿠키,,,,,2sp,데뷔 못 하면 죽는 병 걸림,슬램덩크,,테스타 브이틱 북산,,,,공예,@coo_TeSTAR_kies,https://dongne.co/events/df2407/circles/125647,제26회 디. 페스타,Day1
산적 또는 흑도,갈,,,,,4sp,화산귀환,광마회귀,화산귀환 쁘띠존: 天下俠義,"청명,임소병,이자하",청명X임소병,섹슈얼,,"소설,만화,공예,일러스트",@1so_cute,https://dongne.co/events/df2407/circles/124018,제26회 디. 페스타,Day1
피로 쓰인 혈서,모시삼베,,,,,2sp,앙스타,,,,,로맨틱,레이안즈,만화,@_MEETPIANO,https://dongne.co/events/df2407/circles/124525,제26회 디. 페스타,Day1
나의 부스 너의 동인지,"모노, 깜빌",,,,,1sp,프로젝트 세카이,,,"아키야마 미즈키,시노노메 에나",아키야마 미즈키X시노노메 에나,로맨틱,,"만화,일러스트,기타","mono_prsk, kkamvill",https://dongne.co/events/df2407/circles/126456,제26회 디. 페스타,Day1
울지 않는 새는 죽인다,김교수,,,,,1sp,페이트/그랜드 오더,,,오다 노부나가,오다 노부카츠X오다 노부나가,"로맨틱,섹슈얼",,소설,@xxxxinthetrap,https://dongne.co/events/df2407/circles/123367,제26회 디. 페스타,Day1
인형 구경 하고 가세요,솜구리,,,,,1sp,블랙배저,"이세계 착각헌터,서브 남주가 파업하면 생기는 일",,"힐데베르트 탈레브,김기려,정예서",,,,,@cotton_gul,https://dongne.co/events/df2407/circles/123940,제26회 디. 페스타,Day1
우리 부스 정상 영업합니다.,티라,,,,,2sp,도쿄리벤저스,,,,,로맨틱,타케른,,@TIRA_O2,https://dongne.co/events/df2407/circles/124974,제26회 디. 페스타,Day1
눈을 뜨니 낯선 귀시장이었다.,predict,,,,,2sp,천관사복,,,"화성,사련",화성X사련,로맨틱,,"만화,일러스트",Pjpleiades,https://dongne.co/events/df2407/circles/125219,제26회 디. 페스타,Day1
쿠키 굽는 가마솥,누룽,,,,,1sp,,,,마들에슾,,로맨틱,,일러스트,@NuRung_J,https://dongne.co/events/df2407/circles/124444,제26회 디. 페스타,Day1
제가 엋문 사귀는 거 다봄,다봄,,,,,2sp,데뷔 못하면 죽는 병 걸림,가비지타임,,"청려,박문대,전영중,성준수",신재현X박문대,로맨틱,,,ham_dang_,https://dongne.co/events/df2407/circles/126239,제26회 디. 페스타,Day1
둘이 모여 하나가 된다!,"쌀, 바니",,,,,2sp,원피스,"블리치,히프노시스마이크",,,,"로맨틱,섹슈얼",,"공예,기타,소설","@sellingssal, @yeeeee_190",https://dongne.co/events/df2407/circles/123499,제26회 디. 페스타,Day1
큰달 많이 주세요!,"쇠수, 고미, 콕, 렉토",,,,,2sp,데뷔 못 하면 죽는 병 걸림,,,"류건우,박문대,국밥즈,이세진",박문대X큰달,로맨틱,"건우찐문, 문대큰세",소설,@IronSujeo,https://dongne.co/events/df2407/circles/126333,제26회 디. 페스타,Day1
아직 살아 있단다.,"묵, 태수",,,,,2sp,열화요수,"잔차품,살파랑",,"쉬엔지,성령연",쉬엔지X성령연,,"루비싱x린징헝, 장경x고윤","만화,일러스트","@notzamuk, @xoxo000_0",https://dongne.co/events/df2407/circles/125172,제26회 디. 페스타,Day1
우리 게이 정상영업하고 싶습니다. ,수풀,,,,,1sp,더 게이머. 의다살,,,"신선일,한지한",신선일X한지한,로맨틱,,"만화,소설,일러스트",@BF__SP,https://dongne.co/events/df2407/circles/124409,제26회 디. 페스타,Day1
농놀 대잔치,오이리,,,,,1sp,가비지타임,슬램덩크,,"북산,산왕,지상,원중,장도,조형",,"섹슈얼,로맨틱","종수병찬, 종수상호, 영중준수, 태섭대만, 대만태섭, 태웅대만, 태웅태섭, 우성명헌, 우성태섭, 명헌태섭","소설,일러스트",@Oiri_0706,https://dongne.co/events/df2407/circles/123682,제26회 디. 페스타,Day1
동인 다이소,시호,,,,,1sp,원신,"페이트/그랜드 오더,주술회전,fkmt,포켓몬스터,보컬로이드",,"종려,루미네,느비예트,라이오슬리,포케미쿠,아카기,카이지,페그오 서번트들",종려X루미네,로맨틱,"남캐x루미네, 아카기×카이지",일러스트,@siho_is_alien,https://dongne.co/events/df2407/circles/125917,제26회 디. 페스타,Day1
딱지 후라이,낼리,,,,,1sp,유희왕GX,유희왕A5,,,A,,,"일러스트,만화",Nly_yyy,https://dongne.co/events/df2407/circles/126167,제26회 디. 페스타,Day1
름가 탄후루,갸탄,,,,,2sp,천관사복,,,-,,,,,@GATAN666,https://dongne.co/events/df2407/circles/123945,제26회 디. 페스타,Day1
매화 잡화점,렉시,,,,,2sp,화산귀환,,화산귀환 쁘띠존: 天下俠義,"화산파,사천당가,종남파 등",,,,"소설,만화,공예",@Lexy_xxx_,https://dongne.co/events/df2407/circles/123927,제26회 디. 페스타,Day1
우정 단속반,"GO 릴라, 용",,,,,2sp,주술회전,,게토고죠 쁘띠존 《END UP》,"게토 스구루,고죠 사토루",게토 스구루X고죠 사토루,로맨틱,,기타,"@GoLila_098, @yo_gud2",https://dongne.co/events/df2407/circles/126669,제26회 디. 페스타,Day1
퓨어 다즐링,wz,,,,,1sp,,,,,,,,,,https://dongne.co/events/df2407/circles/124424,제26회 디. 페스타,Day1
홍견 급식소,소1장,,,,,2sp,화산귀환,,화산귀환 쁘띠존: 天下俠義,"장일소,호가명,임소병",,,,일러스트,@sojang_o,https://dongne.co/events/df2407/circles/124650,제26회 디. 페스타,Day1
홍견 복지처,볼케이노,,,,,2sp,화산귀환,,화산귀환 쁘띠존: 天下俠義,"장일소,호가명",장일소X호가명,"로맨틱,해당없음,섹슈얼",,"소설,기타,일러스트,만화",@vol__cano,https://dongne.co/events/df2407/circles/124676,제26회 디. 페스타,Day1
진짜 어떻게 된 애들 얘기, 오회차,,,,,2sp,주술회전,,고죠게토 쁘띠존 : ✧ 夢中相尋 몽중상심 ✦,"고죠 사토루,게토 스구루",고죠 사토루X게토 스구루,"로맨틱,섹슈얼",,"만화,일러스트",@dhghlck07,https://dongne.co/events/df2407/circles/125502,제26회 디. 페스타,Day1
메론 곰돌이 달콤,바냐,,,,,1sp,데못죽,,,,,,,"기타,일러스트",.,https://dongne.co/events/df2407/circles/125478,제26회 디. 페스타,Day1
은하 버츄얼 협객,"얌민, 덕",,,,,2sp,"니지산지,스타레일",,,"니지산지EN,JP 라이버들",,,,일러스트,"@yammin09, @duck_x805",https://dongne.co/events/df2407/circles/125710,제26회 디. 페스타,Day1
윻윶 못하면 죽는 병 걸림,"설기,유유",,,,,2sp,내가 키운 s급들,"데뷔 못하면 죽는 병 걸림,어두운 바다의 등불이 되어,블랙 배저 등",,"한유현,한유진,박문대,선아현,이세진,박무현,김재희,신해량,힐데",,섹슈얼,,"소설,일러스트,기타",@jjangssul_,https://dongne.co/events/df2407/circles/124143,제26회 디. 페스타,Day1
매화 빛으로 물든 천하,매실,,,,,2sp,,,화산귀환 쁘띠존: 天下俠義,,,,,,@sweetblue1010,https://dongne.co/events/df2407/circles/125640,제26회 디. 페스타,Day1
경주 센티넬 가이드 센터,"13월 17일, 추수",,,,,2sp,진혼기,,,"자하,설영",자하X설영,"로맨틱,섹슈얼",,"소설,일러스트,기타","@935_yumin, @Thirteseventeen, @water_7021",https://dongne.co/events/df2407/circles/125735,제26회 디. 페스타,Day1
비엘 남기면 나중에 지옥 가서 남긴 거 다 비벼준다 ,세범,,,,,2sp,진혼기,아이돌리쉬 세븐,,김자하,김자하X김설영,로맨틱,유키모모,기타,@sebeom_,https://dongne.co/events/df2407/circles/126496,제26회 디. 페스타,Day1
무슨 축제가 열리고 있는 건가요?,로이비,,,,,2sp,격기3반,,,,동근혁X이현걸,"섹슈얼,로맨틱",,,f3loeyb,https://dongne.co/events/df2407/circles/125296,제26회 디. 페스타,Day1
지금 청문이 필요한 상황이야?,"냐파죽,공장장박씨,미역,별",,,,,4sp,데뷔 못하면 죽는 병 걸림,,,"류청우,박문대",류청우X박문대,"섹슈얼,로맨틱",문대른,소설,@J_Woo_1028185S2,https://dongne.co/events/df2407/circles/124757,제26회 디. 페스타,Day1
인생 최대로 끌어치는 중,유누,,,,,2sp,주술회전,,게토고죠 쁘띠존 《END UP》,"게토 스구루,고죠 사토루",게토 스구루X고죠 사토루,로맨틱,,"기타,일러스트,만화",gg_ychn,https://dongne.co/events/df2407/circles/123729,제26회 디. 페스타,Day1
황의 안하면 죽이기는 싫고 어떻게 할까?,마카롱고래,,,,,1sp,명문고 EX급 조연의 리플레이,,,"조의신,황호",,"로맨틱,섹슈얼",,소설,@night__whale,https://dongne.co/events/df2407/circles/126945,제26회 디. 페스타,Day1
"청명 어르신, 오른쪽에 계실 때 아름다우세요",뀨모,,,,,4sp,화산귀환,,화산귀환 쁘띠존: 天下俠義,"장일소,청명,당보,백천 등",장일소X청명,"섹슈얼,로맨틱","백천청명, 소병청명, 당보청명","만화,소설,기타",@NQumoo,https://dongne.co/events/df2407/circles/126337,제26회 디. 페스타,Day1
어이 제형해라,새벽,,,,,2sp,내가 키운 S급들,,,"한유현,한유진",한유현X한유진,"로맨틱,섹슈얼",,만화,@pan_toqur,https://dongne.co/events/df2407/circles/125787,제26회 디. 페스타,Day1
중식 코스요리 단돈 ××원,"율토끼, 공삼주의",,,,,2sp,천관사복,"잔차품,묵독,장진주",,"하현,사청현",하현X사청현,로맨틱,"화성사련, 저우두","만화,일러스트","@mm_yu9l1,@hongsam_03",https://dongne.co/events/df2407/circles/123435,제26회 디. 페스타,Day1
나를 후배로만 그냥 그 정도로만 귀엽다고 하지만 누난 내게 여자야 니가 뭘 알겠냐고 크면 알게된다고 까분다고 하지만 누난 내게 여자야 누나가 누굴 만났든지 누굴 만나 뭘하든지 난 그냥 기다릴뿐 누난 내 여자니까 너는 내 여자니까,Soul,,,,,2sp,주술회전,,,"고죠 사토루,이오리 우타히메",고죠 사토루X이오리 우타히메,"로맨틱,섹슈얼","게토 스구루, 이에이리 쇼코","기타,만화,일러스트,소설,공예",@_Soul_Shadow,https://dongne.co/events/df2407/circles/125174,제26회 디. 페스타,Day1
예서 궁주님의 오색 빛깔 별궁 보석함,소냐,,,,,2sp,서브 남주가 파업하면 생기는 일,,,"정예서,세드리크,크리스텔,요한,지브릴",세드리크X예서,"로맨틱,섹슈얼",예서른,소설,@vivid_1231,https://dongne.co/events/df2407/circles/124755,제26회 디. 페스타,Day1
마감 시작했다 마감 안끝났다,밤,,,,,2sp,,,,,,,,,,https://dongne.co/events/df2407/circles/123540,제26회 디. 페스타,Day1
웨딩 위캔드를 넘어서,밤도,,,,,2sp,프로젝트 세카이,,,,,로맨틱,토우코하,"만화,소설,일러스트",@BAMDO_SEKAI,https://dongne.co/events/df2407/circles/124324,제26회 디. 페스타,Day1
최강 주술사의 속사정,"무채색, 춉오, 주령",,,,,2sp,주술회전,,게토고죠 쁘띠존 《END UP》,,게토 스구루X고죠 사토루,"로맨틱,섹슈얼",,,"@blackwhite_gego, @@empty_growl, @jurung_ge",https://dongne.co/events/df2407/circles/126780,제26회 디. 페스타,Day1
화음 저잣거리 노점상,테리,,,,,2sp,화산귀환,,화산귀환 쁘띠존: 天下俠義,,,,,소설,@Tobby_new,https://dongne.co/events/df2407/circles/125596,제26회 디. 페스타,Day1
뭐야 ○○이네 발언시 스쿼트 비무신청,달팟,,,,,2sp,화산귀환,,,,,로맨틱,화산귀환 드림,"만화,소설",@u_pasaotaku,https://dongne.co/events/df2407/circles/126772,제26회 디. 페스타,Day1
오직 인자로만 세상을 판단한다,+ω,,,,,2sp,세포신곡,,,원흉(란무테),우츠기 란기리X하라다 무테이,,,"만화,일러스트,소설",@Plus_Omega_A,https://dongne.co/events/df2407/circles/123707,제26회 디. 페스타,Day1
저쪽 상선께서 보내신 자하설영입니다,구독랑 / 지호,,,,,2sp,진혼기,,,자하 설영,자하X설영,"로맨틱,섹슈얼",,,@E____Su_J / @yejiho_8,https://dongne.co/events/df2407/circles/125218,제26회 디. 페스타,Day1
화산 심해에서 당가당가,이현,,,,,2sp,화산귀환,어바등,,청명 백천 당보 임소병 이송백,,,"당청,협녹,조윤","일러스트,공예,기타",@for_mememe,https://dongne.co/events/df2407/circles/123277,제26회 디. 페스타,Day1
죽은 전남친이 부활하면 어떨거 같아? 엠비티아이랑 반응 알려줘,"청, 돌솥비빔밥",,,,,2sp,화산귀환,,,"청명,당보",청명X당보,로맨틱,청명여당보,만화,"@yujasonak, @A16071839 ",https://dongne.co/events/df2407/circles/124241,제26회 디. 페스타,Day1
늑대 사질에게 잡아먹힌 성냥팔이 사숙,룡,,,,,1sp,화산귀환,,청명백천 쁘띠존 <청명아! 백천아! 안되겠다 혼인하자>,청명 백천,,,,,,https://dongne.co/events/df2407/circles/125203,제26회 디. 페스타,Day1
우리 공항가서 스껄할래?,"파산, 멸망",,,,,2sp,주술회전,,게토고죠 쁘띠존 《END UP》,"게토 스구루,고죠 사토루",게토 스구루X고죠 사토루,로맨틱,,"만화,일러스트","@pasan_S5, @byeol_lo ",https://dongne.co/events/df2407/circles/124917,제26회 디. 페스타,Day1
어이 무라카미...잘들어라....! 고난을 거꾸로 하면 '난고' ...아무 뜻도 없다...!,"요로결석충격파쇄석술,0",,,,,2sp,fkmt,,FKMT 쁘띠존: 바ざわ회 ~디페 내에 코 크신 분 계십니까~,"카이지,이치죠,아카기,난고,늪",,해당없음,,"만화,기타",@126649J06,https://dongne.co/events/df2407/circles/126255,제26회 디. 페스타,Day1
뵤의 마법주머니,띠띠,,,,,4sp,화산귀환,,화산귀환 쁘띠존: 天下俠義,당보 청명,당보X청명,로맨틱,,"만화,일러스트,소설",@s2ei1010,https://dongne.co/events/df2407/circles/125864,제26회 디. 페스타,Day1
중원 순두부찌개,"직화순두부, 비야",,,,,2sp,화산귀환,,화산귀환 쁘띠존: 天下俠義,"청명,백천",,,,일러스트,"@soft_tofu0820, @b_iy_a",https://dongne.co/events/df2407/circles/126921,제26회 디. 페스타,Day1
멋진 부활이었어요 히어로 .   고맙습니다 다 죽은 주술사  ㄴ(아이돌: 저 빼고 멘션해주세요),"나쵸,홍차,마",,,,,2sp,나의히어로아카데미아,"데뷔못하면죽는병,주술회전",,"바쿠고,고죠 사토루,배세진",바쿠고 카즈키X미도리야 이즈쿠,,"고죠게토 , 배세른","만화,일러스트,소설",@NACHO_0717,https://dongne.co/events/df2407/circles/126847,제26회 디. 페스타,Day1
"소저, 또 핸드폰 하는 거예요?",분,,,,,1sp,"의원,다시 살다",명문고 EX급 조연의 리플레이,,,,,,,@buunbun_mu,https://dongne.co/events/df2407/circles/125352,제26회 디. 페스타,Day1
"음악, 춤, 와인 어쩌면 문큰",Music,,,,,2sp,데뷔 못 하면 죽는 병 걸림,,,박문대 이세진,,로맨틱,,만화,@musicismylife,https://dongne.co/events/df2407/circles/123621,제26회 디. 페스타,Day1
"앟문, 연애할 거면 내 눈 앞에서","비노, 혀니",,,,,2sp,데뷔 못 하면 죽는 병 걸림,,,선아현,선아현X박문대,"섹슈얼,로맨틱",아현건우,"공예,소설",@Vino_dmj,https://dongne.co/events/df2407/circles/123687,제26회 디. 페스타,Day1
선배! 무한 쭈꾸미 사주세요,일원,,,,,1sp,나루토,걸즈밴드크라이,,,오비토X카카시,"섹슈얼,로맨틱",,,,https://dongne.co/events/df2407/circles/125049,제26회 디. 페스타,Day1
반한'게 고'녀석이니,"미캉, gg, 月",,,,,2sp,주술회전,,게토고죠 쁘띠존 《END UP》,"게토 스구루,고죠 사토루",게토 스구루X고죠 사토루,"로맨틱,섹슈얼",,"만화,기타","@Yuha_MK, @gtgjisgreat, @podo765",https://dongne.co/events/df2407/circles/126825,제26회 디. 페스타,Day1
소문(안)난 동네 맛집,모리,,,,,2sp,전지적 독자 시점,"어두운 바다의 등불이 되어,가비지 타임",,,,,,,mori_gy,https://dongne.co/events/df2407/circles/123104,제26회 디. 페스타,Day1
우린(마감)할 수 있을겁니다,"애옹,홍시",,,,,2sp,진혼기,,,"김자하,김설영",자하X설영,"로맨틱,섹슈얼",,"만화,일러스트,소설,기타",@eong_rrang @persimmon613,https://dongne.co/events/df2407/circles/126991,제26회 디. 페스타,Day1
ㅅㅅㅅ,태발,,,,,2sp,창작,,,,,,,"만화,일러스트,소설,공예",@taebal_,https://dongne.co/events/df2407/circles/124967,제26회 디. 페스타,Day1
깍앤꼭,꼬옥,,,,,2sp,슬램덩크,,,,,,,"만화,일러스트",kkoog_TT,https://dongne.co/events/df2407/circles/123353,제26회 디. 페스타,Day1
꼴꼴초,카타,,,,,2sp,아카기,카이지,FKMT 쁘띠존: 바ざわ회 ~디페 내에 코 크신 분 계십니까~,아카기,아카기X카이지,"로맨틱,섹슈얼",x,만화,,https://dongne.co/events/df2407/circles/125003,제26회 디. 페스타,Day1
레쭈고,톨톨,,,,,1sp,,,,,,,,만화,,https://dongne.co/events/df2407/circles/125506,제26회 디. 페스타,Day1
리레포,레네,,,,,1sp,화산귀환,,,청명,,,,기타,@rene_jdc,https://dongne.co/events/df2407/circles/124319,제26회 디. 페스타,Day1
만두네,호시 송송 엔뿌,,,,,2sp,반월당 진혼기,,반월당 쁘띠존 : 나쁜 꿈은 끝났어,,,,,"만화,일러스트",@hosing_ @MOno_4_ @NF_vn_nv ,https://dongne.co/events/df2407/circles/124042,제26회 디. 페스타,Day1
무자야,무자야연합,,,,,1sp,화산귀환,,,,,,,공예,,https://dongne.co/events/df2407/circles/124860,제26회 디. 페스타,Day1
백다방,초묵,,,,,2sp,반월당의 기묘한 이야기,진혼기,반월당 쁘띠존 : 나쁜 꿈은 끝났어,"백란,유단",,로맨틱,자하설영,"만화,일러스트,기타,공예",@Pashauyte,https://dongne.co/events/df2407/circles/124198,제26회 디. 페스타,Day1
아자뵤,카야,,,,,1sp,전독시 데못죽,,,,유중혁X김독자,,,,@_kaya_2725,https://dongne.co/events/df2407/circles/124426,제26회 디. 페스타,Day1
안가네,"가나쵸, 뮤실리",,,,,2sp,"슬램덩크,아이나나",,,"권준호,야마토",,,,,,https://dongne.co/events/df2407/circles/124373,제26회 디. 페스타,Day1
온온온,ㅁ,,,,,1sp,1차 창작,,,,,,,,blacktea1315,https://dongne.co/events/df2407/circles/124469,제26회 디. 페스타,Day1
중국집,망망,,,,,2sp,인사반파자구계통,창작 무협,,낙빙하,,"로맨틱,섹슈얼",,"만화,소설",,https://dongne.co/events/df2407/circles/125214,제26회 디. 페스타,Day1
쥬네스,"트넙,BABAKUN",,,,,2sp,"창작,파이어 엠블렘 풍화설월",페르소나4,,"펠릭스,디미트리,주인공(번장)",,로맨틱,,만화," @tnup_ , @BABAKUN9",https://dongne.co/events/df2407/circles/124210,제26회 디. 페스타,Day1
짬뽕집,"설우, 만돌, 홍삼, 나안",,,,,4sp,"살파랑,천관사복,진혼기,블랙배저",,,,우사X배명,로맨틱,장경고윤,"일러스트,만화",@UPONIA_,https://dongne.co/events/df2407/circles/124995,제26회 디. 페스타,Day1
치밋치,couragelre,,,,,1sp,카리스마,데못죽 화산귀환,,,,,,,22chimitti,https://dongne.co/events/df2407/circles/124950,제26회 디. 페스타,Day1
흫차봄,흫,,,,,2sp,인소의법칙,프로젝트세카이,,사대령단,,,,"일러스트,만화",@Hyonsha0704,https://dongne.co/events/df2407/circles/125266,제26회 디. 페스타,Day1
산신의 숲,산신,,,,,2sp,화산귀환,원피스,,"청명,임소병,트라팔가 로우,사보",,,,"만화,일러스트",177_1010,https://dongne.co/events/df2407/circles/123465,제26회 디. 페스타,Day1
외계인 붐,no5,,,,,1sp,,"이착헌,블배,화산귀환",,,,,,,,https://dongne.co/events/df2407/circles/125330,제26회 디. 페스타,Day1
오렌지 한 입 하실래요?,꺵무,,,,,1sp,어두운 바다의 등불이 되어,,재희무현 쁘띠존 ~이 쁘띠존은 오늘의 상이에요~,"김재희,박무현",,"로맨틱,섹슈얼",,만화,eobadeung1,https://dongne.co/events/df2407/circles/125106,제26회 디. 페스타,Day1
사파는 못 말려,감자채주,,,,,2sp,화산귀환,솜인형옷장,화산귀환 쁘띠존: 天下俠義,,,해당없음,,"공예,소설,만화",@gamjachaeju,https://dongne.co/events/df2407/circles/124084,제26회 디. 페스타,Day1
부스가 두 개나 있으면 복잡하잖아,충치,,,,,1sp,주술회전,,고죠게토 쁘띠존 : ✧ 夢中相尋 몽중상심 ✦,"고죠 사토루,게토 스구루",고죠 사토루X게토 스구루,로맨틱,,만화,@Chung_chie,https://dongne.co/events/df2407/circles/126381,제26회 디. 페스타,Day1
마감할 수 있었으면 좋겠어요.,결,,,,,1sp,가비지타임,,,"최종수,박병찬,이초원,이태영",최종수X박병찬,로맨틱,,"만화,일러스트,소설",gyeul_230228,https://dongne.co/events/df2407/circles/125714,제26회 디. 페스타,Day1
어떻게 내 만화까지 사랑하겠어 내 최애를 사랑하는거지...,Rodrod,,,,,1sp,"블랙배저,나루토","진혼기,슬램덩크",,나루토,,,,,,https://dongne.co/events/df2407/circles/125565,제26회 디. 페스타,Day1
고게릿 러브,무라,,,,,2sp,주술회전,,고죠게토 쁘띠존 : ✧ 夢中相尋 몽중상심 ✦,"고죠 사토루,게토 스구루",고죠 사토루X게토 스구루,로맨틱,,만화,@rA_muum,https://dongne.co/events/df2407/circles/124725,제26회 디. 페스타,Day1
도토리 서가,마치,,,,,2sp,문호와 알케미스트,,,이시카와 타쿠보쿠,타쿠보쿠X사서,로맨틱,,"소설,일러스트",@March_library,https://dongne.co/events/df2407/circles/124223,제26회 디. 페스타,Day1
란아를 믿기,진미,,,,,2sp,반월당의 기묘한 이야기,,반월당 쁘띠존 : 나쁜 꿈은 끝났어,백란 유단 란아 소류,,로맨틱,,소설,@im_best_food,https://dongne.co/events/df2407/circles/123456,제26회 디. 페스타,Day1
무리한 덕질,무리,,,,,2sp,내가 키운 S급들,데못죽,,성현제 한유진,성현제X한유진,로맨틱,재현건우,소설,@M_u_L_i_Y_a,https://dongne.co/events/df2407/circles/124374,제26회 디. 페스타,Day1
복수가 몽댜,몽댜,,,,,2sp,데뷔 못 하면 죽는 병 걸림,,,"류청우,배세진,선아현,박문대,이세진,차유진,김래빈",선아현X박문대,,,일러스트,@mongdya_a,https://dongne.co/events/df2407/circles/123561,제26회 디. 페스타,Day1
쇼하고 있네,ㅇㅇ,,,,,1sp,프로젝트 세카이,,,"텐마 츠카사,오오토리 에무,쿠사나기 네네,카미시로 루이",카미시로 루이X텐마 츠카사,로맨틱,,,@loveblond_46,https://dongne.co/events/df2407/circles/126965,제26회 디. 페스타,Day1
잡덕의 최후,케트,,,,,2sp,가비지타임,"이런 환생은 원치 않아,조연을 위한 회귀 지침서,BBC셜록,etc.",,"조형석,이현성,한이결,차서후,그레고리 레스트라드",,"로맨틱,섹슈얼","이결른, 서후른, 마레, etc.",소설,"@likeHyeongHyeon, @KetiaXQ, @KetoringXD",https://dongne.co/events/df2407/circles/124204,제26회 디. 페스타,Day1
토마토 행성,민지,,,,,1sp,식물헬멧,"스티커,엽서",,,,,,만화,@min_ddle,https://dongne.co/events/df2407/circles/125933,제26회 디. 페스타,Day1
할멈과 야데,"할멈, 야데",,,,,2sp,,,,,,,,,,https://dongne.co/events/df2407/circles/124372,제26회 디. 페스타,Day1
카레맛 체리 참치,야채카레,,,,,1sp,프로젝트 세카이,,,"시노노메 에나,아키야마 미즈키",,,,"게임,만화",@38O038,https://dongne.co/events/df2407/circles/126404,제26회 디. 페스타,Day1
이세계 착각 차남 배저,히례,,,,,1sp,마법명가 차남으로 살아남는 법,"이세계 착각 헌터,블랙 배저",,루카스 김기려 힐데베르트,아드리안X루카스,로맨틱,,일러스트,zzzz_0405,https://dongne.co/events/df2407/circles/125452,제26회 디. 페스타,Day1
행복한 군놀 보약 가게,"일하는J, NIKTATEKO",,,,,2sp,"콜 오브 듀티,발더스 게이트 3,슬램덩크","마블,해리포터",,"고스트,호랑이,쾨니히,알레한드로,etc.",,로맨틱,,"소설,기타,만화","@4tleastoneforU, @NiktaTEK0",https://dongne.co/events/df2407/circles/124582,제26회 디. 페스타,Day1
죠충을 위한 바른 덕질 안내서 ,로주,,,,,2sp,랭커를 위한 바른 생활 안내서,,,,,로맨틱,성위죠,"소설,일러스트",LoJu_0101,https://dongne.co/events/df2407/circles/125576,제26회 디. 페스타,Day1
이번엔 제가 진짜 뭔가 그려보겠습니다.,.,,,,,2sp,"꿈왕국,트위스테,파라라이",마호야쿠,,,,,,,,https://dongne.co/events/df2407/circles/124940,제26회 디. 페스타,Day1
상선을 좌로 밀어 잠금해제,"온애, 람테",,,,,2sp,진혼기,,,"자하,설영",김자하X김설영,"로맨틱,섹슈얼",,"만화,일러스트,소설","@onat_js, @ramte_zs",https://dongne.co/events/df2407/circles/126163,제26회 디. 페스타,Day1
여기가 너의 부스 아카데미아다!,오톡,,,,,1sp,나의 히어로 아카데미아,가비지타임,,,,,,일러스트,@O_tok_,https://dongne.co/events/df2407/circles/125471,제26회 디. 페스타,Day1
개노답 순애 삼형제,"타밍,미응,_MH",,,,,2sp,슬램덩크,주술회전,,"이타도리 유지,후시구로 메구미,양호열,강백호,정우성,이명헌",,,,,"@ita_mi_ng,@cc_000094,@MH_hanamja",https://dongne.co/events/df2407/circles/126365,제26회 디. 페스타,Day1
다함께 화산 두바뀌,얼굴잘그리고싶은사람,,,,,1sp,화산귀환,,,,,,,"일러스트,만화",0510Practi,https://dongne.co/events/df2407/circles/126534,제26회 디. 페스타,Day1
친구는 너무 약해요,아무,,,,,2sp,어두운 바다의 등불이 되어,"가비지타임,동경과 거짓말",,"김재희,박무현",김재희X박무현,,,일러스트,@amammmma,https://dongne.co/events/df2407/circles/124513,제26회 디. 페스타,Day1
상천정 구석 무허가 책방,MMW,,,,,2sp,천관사복,,,,,,,만화,@mang_mu_w,https://dongne.co/events/df2407/circles/123294,제26회 디. 페스타,Day1
세상에 같은 핑크는 없다,"크헹,GIN",,,,,2sp,프로젝트 세카이,,,,,,,일러스트,"@k_heng1223,@gin937",https://dongne.co/events/df2407/circles/125050,제26회 디. 페스타,Day1
당보야 이거 뭐라고 읽는거냐?,압쥬,,,,,2sp,화산귀환,,화산귀환 쁘띠존: 天下俠義,"당보,청명",당보X청명,"로맨틱,섹슈얼",,소설,@Erun_hg,https://dongne.co/events/df2407/circles/125689,제26회 디. 페스타,Day1
파지귤 취급 안합니다,귤뽕,,,,,1sp,화산귀환,,화산귀환 쁘띠존: 天下俠義,청명,일소X청명,로맨틱,당보청명,소설,@cheonggyul1010,https://dongne.co/events/df2407/circles/126075,제26회 디. 페스타,Day1
신재현 네가 콩콩콩이 나와요냐? 후배님이 말랑촉촉강쥐인가요?,광합성하는 민트,,,,,2sp,데뷔 못 하면 죽는 병 걸림,,,"신재현,박문대,류건우,오윤신,이세진,선아현,차유진,김래빈,류청우,배세진",신재현X박문대,로맨틱,"청려문대, 청려건우, 큰세문대, 유진래빈, 아현문대","소설,일러스트",@Mint031124,https://dongne.co/events/df2407/circles/125474,제26회 디. 페스타,Day1
단♡짠 러브 사토と시오,시기,,,,,1sp,주술회전,,고죠게토 쁘띠존 : ✧ 夢中相尋 몽중상심 ✦,"고죠 사토루,게토 스구루",고죠 사토루X게토 스구루,"로맨틱,섹슈얼",,소설,@chaag113514,https://dongne.co/events/df2407/circles/126811,제26회 디. 페스타,Day1
오렌지 많이 올려주세요,심마,,,,,2sp,어두운 바다의 등불이 되어,,재희무현 쁘띠존 ~이 쁘띠존은 오늘의 상이에요~,"김재희,박무현",김재희X박무현,로맨틱,,"소설,만화",@shimma_0531,https://dongne.co/events/df2407/circles/123743,제26회 디. 페스타,Day1
심해는 진짜 아름다운거구나,킴셰,,,,,2sp,어바등,,,신해량,,로맨틱,,공예,@kimsye_RZ,https://dongne.co/events/df2407/circles/124388,제26회 디. 페스타,Day1
헤어진 인연 재회시켜드립니다,미련랑,,,,,2sp,진혼기,,,"설영,자하",설영X자하,로맨틱,"자남매, 서형제, 백언서검",,@modongsoup__,https://dongne.co/events/df2407/circles/125195,제26회 디. 페스타,Day1
곰숭이 수집가,공마,,,,,2sp,슬램덩크,,,전호장,이정환X전호장,"로맨틱,섹슈얼",,,wagamamahimez,https://dongne.co/events/df2407/circles/123409,제26회 디. 페스타,Day1
더러운 뇨타충,금우,,,,,2sp,FKMT,"테일즈런너,브리아노의 연구소,쓰르라미 울적에,아카기,죠죠의 기묘한모험,개구리중사케로로",FKMT 쁘띠존: 바ざわ회 ~디페 내에 코 크신 분 계십니까~,"늪,와시즈 이와오,아카기,나란챠,류구 레나",아카기X와시코,"섹슈얼,로맨틱",,"만화,일러스트,기타", jinagumyo,https://dongne.co/events/df2407/circles/126214,제26회 디. 페스타,Day1
마라탕 세카이,"^^, 고남, 소금빵",,,,,2sp,프로젝트 세카이,,,원더랜즈x쇼타임,텐마 츠카사X카미시로 루이,해당없음,,"일러스트,만화",,https://dongne.co/events/df2407/circles/126576,제26회 디. 페스타,Day1
마지막 스불재,레테,,,,,2sp,내가키운S급들,,,성현제 한유진,,"로맨틱,섹슈얼",,,,https://dongne.co/events/df2407/circles/124437,제26회 디. 페스타,Day1
문대야 사랑해,메리메무리,,,,,1sp,데뷔못하면죽는병걸림,,,박문대,선아현X박문대,로맨틱,,,,https://dongne.co/events/df2407/circles/123577,제26회 디. 페스타,Day1
물귀신 배양실,"갱얼쥐, 낙냑냑낙, 비랭, 상추, 수풀, 행성",,,,,4sp,"의원 다시 살다,의다살","아이나나,이세계착각헌터",,"진천희,유호,제갈린,여하륜,진천우,사마현",유호X천희,"섹슈얼,로맨틱","린희, 텐리쿠","만화,소설,일러스트,기타",Nagwoon_o7,https://dongne.co/events/df2407/circles/126241,제26회 디. 페스타,Day1
보제관 양재점,재규,,,,,2sp,천관사복,,,,,,,일러스트,@Jagu_4r,https://dongne.co/events/df2407/circles/123768,제26회 디. 페스타,Day1
부스명 모하지,강생강,,,,,1sp,혈계전선,,,,스티븐X재프,"섹슈얼,로맨틱,해당없음",,소설,gingerywpd,https://dongne.co/events/df2407/circles/123922,제26회 디. 페스타,Day1
소소한 이야기,소소한 이야기,,,,,2sp,,,,,,,,공예,studio_story_,https://dongne.co/events/df2407/circles/124749,제26회 디. 페스타,Day1
송가네 매운탕,쑥갓,,,,,1sp,슬램덩크,,,송태섭,,섹슈얼,우성태섭,소설,@ssukgod_31,https://dongne.co/events/df2407/circles/125796,제26회 디. 페스타,Day1
아따따 아따따,화기자,,,,,2sp,화산귀환,,화산귀환 쁘띠존: 天下俠義,,당보X청명,로맨틱,,"만화,일러스트",@hs_gija,https://dongne.co/events/df2407/circles/123623,제26회 디. 페스타,Day1
여름이 다섯개,miijeong,,,,,2sp,주술회전,,게토고죠 쁘띠존 《END UP》,게토고죠,,"로맨틱,섹슈얼",,"만화,소설",@404UND_,https://dongne.co/events/df2407/circles/127088,제26회 디. 페스타,Day1
오렌지 잡화점,세세,,,,,1sp,어두운 바다의 등불이 되어,"가비지타임,다이아포닉 심포니아",재희무현 쁘띠존 ~이 쁘띠존은 오늘의 상이에요~,"김재희,박무현,리하르트,크리스",재희X무현,로맨틱,리하크리,"소설,일러스트",Ks5wx,https://dongne.co/events/df2407/circles/124483,제26회 디. 페스타,Day1
오르빗 잡화점,하엘,,,,,2sp,데뷔 못 하면 죽는 병 걸림,,,,,"섹슈얼,로맨틱",,"소설,일러스트,공예,기타",@Orbit__TeSTAR,https://dongne.co/events/df2407/circles/126332,제26회 디. 페스타,Day1
장강의 오작교,Ian,,,,,2sp,화산귀환,,화산귀환 쁘띠존: 天下俠義,"장일소,청명",장일소X청명,"로맨틱,섹슈얼",,"만화,일러스트,소설",,https://dongne.co/events/df2407/circles/123893,제26회 디. 페스타,Day1
체리맛 돌멩이,"유운, 체리밍",,,,,2sp,프로젝트 세카이,윈브레,,"아키야마 미즈키,시노노메 에나,요이사키 카나데,아사히나 마후유",아키야마 미즈키X시노노메 에나,,,,00,https://dongne.co/events/df2407/circles/125190,제26회 디. 페스타,Day1
열차가 마지막 역 마현 역에 도착합니다 준비하시기 바랍니다,최체리,,,,,1sp,"의원,다시 살다",,,"진천희,사마현",사마현X진천희,"로맨틱,섹슈얼",진천희X사마현,소설,@chlcherrysal,https://dongne.co/events/df2407/circles/126443,제26회 디. 페스타,Day1
흰머리 대머리 될 때까지,서래,,,,,2sp,어두운 바다의 등불이 되어,,재희무현 쁘띠존 ~이 쁘띠존은 오늘의 상이에요~,,재희무현,,,"공예,일러스트,만화,소설",,https://dongne.co/events/df2407/circles/125510,제26회 디. 페스타,Day1
여자를 밝히는 게 아니라 고게가 밝은 것이다,장첸,,,,,1sp,주술회전,,고죠게토 쁘띠존 : ✧ 夢中相尋 몽중상심 ✦,"고죠 사토루,게토 스구루",고죠 사토루X게토 스구루,로맨틱,,"만화,기타",ujjalreamiwar,https://dongne.co/events/df2407/circles/125582,제26회 디. 페스타,Day1
고게를 밝히는 게 아니라 공식이 밝은 것이다...,이불,,,,,1sp,주술회전,,고죠게토 쁘띠존 : ✧ 夢中相尋 몽중상심 ✦,"고죠 사토루,게토 스구루",고죠 사토루X게토 스구루,로맨틱,온리고죠게토좌우상대고정일공일수신성혼인,"만화,기타",@iiiiibulllllll,https://dongne.co/events/df2407/circles/127071,제26회 디. 페스타,Day1
정태의 정재의 삼촌 & 생물학적 부친 괴롭히는 부스,소금,,,,,1sp,패션(PASSION),,,,카일X정창인,섹슈얼,,"소설,일러스트",@sogeum_otk,https://dongne.co/events/df2407/circles/125345,제26회 디. 페스타,Day1
우리네 가슴엔 꿈도 많다,이지,,,,,2sp,화산귀환,,화산귀환 쁘띠존: 天下俠義,"청명,당소소,윤종,조걸",,로맨틱,조걸윤종,"만화,일러스트,소설",@Daisy27from,https://dongne.co/events/df2407/circles/126347,제26회 디. 페스타,Day1
우리가 연성이 없지 가오가 없냐,랑랑,,,,,4sp,블랙배저,"적국의 왕자로 사는 법,마법명가 차남으로 살아남는 법,플레이어가 과거를 숨김",,레루엘나(조합),이예현X최윤,로맨틱,"스카릭, 힐데릭","소설,기타",,https://dongne.co/events/df2407/circles/126340,제26회 디. 페스타,Day1
그래도 지구는 돈다.,윤섭,,,,,2sp,주술회전,,고죠게토 쁘띠존 : ✧ 夢中相尋 몽중상심 ✦,"고죠 사토루,게토 스구루",고죠 사토루X게토 스구루,"로맨틱,섹슈얼",,"만화,일러스트",@satoruS2suguru,https://dongne.co/events/df2407/circles/125031,제26회 디. 페스타,Day1
다정이 세상을 바꾼다,어누,,,,,2sp,진혼기,"광마회귀,화산귀환",,"자하,설영",,,,만화,@E09roo,https://dongne.co/events/df2407/circles/124679,제26회 디. 페스타,Day1
이상한 나라의 잡화점,피치,,,,,2sp,가비지타임,화산귀환,,,,,,,@__peach_S2,https://dongne.co/events/df2407/circles/124839,제26회 디. 페스타,Day1
중원에 나타난 외계인,수려,,,,,4sp,화산귀환,이세계 착각 헌터,,,,,,공예,,https://dongne.co/events/df2407/circles/126350,제26회 디. 페스타,Day1
지고천 연구소 양재점,홍동,,,,,1sp,세포신곡,,,백장미,,,,,,https://dongne.co/events/df2407/circles/125115,제26회 디. 페스타,Day1
농구는 무조건 나오는 부스,팽이,,,,,2sp,슬램덩크,"가비지타임,데뷔 못하면 죽는 병 걸림,화산귀환,MIU404",,강백호,,"로맨틱,섹슈얼","태섭백호, 우성백호, 태웅백호, 호열백호, 동오른","소설,만화,일러스트,공예,기타",@spinning_09,https://dongne.co/events/df2407/circles/125893,제26회 디. 페스타,Day1
유중혁 가슴이 시키는 부스,부리,,,,,4sp,전지적 독자 시점,"데뷔 못 하면 죽는 병 걸림,가비지타임",,유중혁 x 김독자,,로맨틱,,,gudokjungdok,https://dongne.co/events/df2407/circles/125331,제26회 디. 페스타,Day1
클라인 대륙의 등불이 되어 ~렉시우~,시우,,,,,2sp,NU:Carnival,어두운 바다의 등불이 되어,,"케시,에이트",케시X에이트,"섹슈얼,로맨틱","야쿠에이, 에이에드, 큐야에이, 블레에이, 에이가르, 단테에이, 에이레이, 에이올리",일러스트,@chi_gui_,https://dongne.co/events/df2407/circles/126748,제26회 디. 페스타,Day1
어두운 마감의 등불이 죽는 병 걸림,무너링,,,,,2sp,어두운바다의등불이되어,데뷔못하면죽는병걸림,,,,,,"만화,일러스트,소설,기타",@Munerindeepblue,https://dongne.co/events/df2407/circles/123646,제26회 디. 페스타,Day1
장르는 달라도 우리는 모두 친구,랴리아,,,,,2sp,,,,,,,,소설,lia_lya02,https://dongne.co/events/df2407/circles/125977,제26회 디. 페스타,Day1
치료가 필요할 정도로 심각한 ‘청춘 중독증’ 입니다.,청무,,,,,2sp,주술회전,,게토고죠 쁘띠존 《END UP》,"게토,고죠",게토X고죠,로맨틱,,"일러스트,만화",99round,https://dongne.co/events/df2407/circles/126802,제26회 디. 페스타,Day1
고죠는 친구를 뭐라고 생각해?,프라,,,,,2sp,주술회전,,고죠게토 쁘띠존 : ✧ 夢中相尋 몽중상심 ✦,"고죠 사토루,게토 스구루",고죠 사토루X게토 스구루,"로맨틱,섹슈얼",,"만화,일러스트",@pravmfk,https://dongne.co/events/df2407/circles/123759,제26회 디. 페스타,Day1
농구냐 바다냐 그것이 문제로다,행성인,,,,,1sp,어두운 바다의 등불이 되어,가비지타임,,"박무현,성준수",성준수X드림주,로맨틱,,기타,iced_dulli,https://dongne.co/events/df2407/circles/123973,제26회 디. 페스타,Day1
어두운 바다의 동인녀가 되어,사치,,,,,1sp,어두운 바다의 등불이 되어,,재희무현 쁘띠존 ~이 쁘띠존은 오늘의 상이에요~,"김재희,박무현,신해량",,섹슈얼,해량무현,소설,@hansoune_naver,https://dongne.co/events/df2407/circles/123898,제26회 디. 페스타,Day1
농구공 튀기며 카리스마 있는 오토바이를끄는 주술사,두빵,,,,,2sp,가비지타임,"도쿄리벤저스,주술회전,헌터X헌터,봇치더락",,"도쿄리벤저스,가비지타임,주술회전,헌터X헌터,봇치더락",,,,"일러스트,공예",@DDo_Pang,https://dongne.co/events/df2407/circles/124988,제26회 디. 페스타,Day1
위선도 선이고 붓츠부스도 부스다,NONNOR,,,,,1sp,슬램덩크,,,"강백호,서태웅,정대만,송태섭 등",,로맨틱,,,non9_nol2,https://dongne.co/events/df2407/circles/125885,제26회 디. 페스타,Day1
선생님 첫사랑 얘기해주세요,듀,,,,,2sp,주술회전,,고죠게토 쁘띠존 : ✧ 夢中相尋 몽중상심 ✦,"고죠 사토루,게토 스구루",고죠 사토루X게토 스구루,로맨틱,,,@MP572d,https://dongne.co/events/df2407/circles/124103,제26회 디. 페스타,Day1
고게를 끄덕였다,뀨,,,,,2sp,주술회전,슬램덩크,고죠게토 쁘띠존 : ✧ 夢中相尋 몽중상심 ✦,고죠,고죠X게토,섹슈얼,센루,"일러스트,만화,공예",@mangmu_lover,https://dongne.co/events/df2407/circles/124758,제26회 디. 페스타,Day1
그렇게 됐습니다,"독구, 새",,,,,2sp,데뷔 못하면 죽는 병 걸림,,,박문대,류청우X박문대,로맨틱,문대른,만화,,https://dongne.co/events/df2407/circles/125481,제26회 디. 페스타,Day1
마카롱 김치찌개,"효자,사일",,,,,2sp,"데못죽,블루록",,,"데못죽,블루록",,,,"소설,공예","@hamsejin_, @yoixxchi",https://dongne.co/events/df2407/circles/125871,제26회 디. 페스타,Day1
매화빛 휘날리며,섀린,,,,,1sp,화산귀환,,화산귀환 쁘띠존: 天下俠義,청명,당보X청명,,"백천청명, 일소소병","만화,일러스트",@sharin_anything,https://dongne.co/events/df2407/circles/126423,제26회 디. 페스타,Day1
무언가 나옵니다,.,,,,,1sp,소설,,,,,,,기타,,https://dongne.co/events/df2407/circles/124990,제26회 디. 페스타,Day1
무언가 나옵니다,나인,,,,,2sp,화산귀환,,,,,,,,@nine41000,https://dongne.co/events/df2407/circles/125493,제26회 디. 페스타,Day1
사랑의 트랩카드,갈릭,,,,,2sp,앙상블스타즈,,,,사쿠마 레이X오오가미 코가,"로맨틱,섹슈얼",,만화,,https://dongne.co/events/df2407/circles/123083,제26회 디. 페스타,Day1
상호네 아기상어,에베,,,,,2sp,,,,,,,,,,https://dongne.co/events/df2407/circles/123497,제26회 디. 페스타,Day1
서라벌 마라탕집,뻬랑,,,,,2sp,마도조사,진혼기,,"자하,설영",망기X무선,,,"소설,일러스트",@FRang_mdzs,https://dongne.co/events/df2407/circles/124195,제26회 디. 페스타,Day1
소소한 메이릴리,"메이, 소소",,,,,4sp,,,,,,,,,@Ma_Li_garden,https://dongne.co/events/df2407/circles/123533,제26회 디. 페스타,Day1
시그마 에이전시,시그마,,,,,4sp,화산귀환,,화산귀환 쁘띠존: 天下俠義,"남궁도위,임소병",남궁도위X임소병,해당없음,,소설,TargetSigma,https://dongne.co/events/df2407/circles/126584,제26회 디. 페스타,Day1
오렌지 취급주의,고별,,,,,1sp,어두운 바다의 등불이 되어,,재희무현 쁘띠존 ~이 쁘띠존은 오늘의 상이에요~,김재희 박무현,김재희X박무현,"섹슈얼,로맨틱",,"만화,일러스트",@sea_0328,https://dongne.co/events/df2407/circles/124694,제26회 디. 페스타,Day1
태양과 인어공주,딸기,,,,,1sp,프로젝트 세카이,,,쿠사나기 네네 오오토리 에무,쿠사나기 네네X오오토리 에무,로맨틱,,"만화,일러스트,소설",@mint_berry__,https://dongne.co/events/df2407/circles/124273,제26회 디. 페스타,Day1
하와이 편도티켓,Lunch,,,,,2sp,역전재판,용과같이,,,,,,"만화,일러스트,기타",,https://dongne.co/events/df2407/circles/123330,제26회 디. 페스타,Day1
햇감자 벗겨먹기,"YOWOL , 라부 , 노나 , 파파",,,,,4sp,주술회전,,,,,,,"만화,기타","@yowol_game , @nishira0320 , @papa8_8 @RABU_3301",https://dongne.co/events/df2407/circles/124760,제26회 디. 페스타,Day1
그분을 따라가는 길,Shunyk,,,,,2sp,,,,"아기에,라야,기해",,,,기타,@kingsmiled_doll,https://dongne.co/events/df2407/circles/125227,제26회 디. 페스타,Day1
히어로 사건사고 문서,dd,,,,,2sp,에리오스,"나의히어로아카데미아,앙상블스타즈",,그레이 리버스,애쉬 올브라이트X그레이 리버스,"로맨틱,섹슈얼","캇데쿠, 테토미도, 비앙쥬드, 빌리그레","만화,일러스트,소설",@4777S444,https://dongne.co/events/df2407/circles/124051,제26회 디. 페스타,Day1
쌍둥이 선생님이 이거 다 팔고 오래요,림,,,,,2sp,마법사의 약속,,,,,,,,@5T4RBURST,https://dongne.co/events/df2407/circles/126507,제26회 디. 페스타,Day1
청명한 하늘아래 미인들,잉어연못,,,,,2sp,화산귀환,,화산귀환 쁘띠존: 天下俠義,"청명,당보",청명X당보,로맨틱,,"일러스트,만화,소설",@ingeoyeon,https://dongne.co/events/df2407/circles/125302,제26회 디. 페스타,Day1
청명한 하늘아래 매화차 한잔,나나,,,,,2sp,화산귀환,,화산귀환 쁘띠존: 天下俠義,"청명,당보,백아",당보X청명,로맨틱,,"일러스트,소설",@su89817301,https://dongne.co/events/df2407/circles/123290,제26회 디. 페스타,Day1
커피맛 무뇨무뇨 팬케이크,"중, 엘",,,,,2sp,프로젝트 세카이,프로세카,,"아오야기 토우야,시노노메 아키토",아오야기 토우야X시노노메 아키토,"로맨틱,섹슈얼",,만화,@jung_rk @erueru77,https://dongne.co/events/df2407/circles/123889,제26회 디. 페스타,Day1
울면서 사죄하면 죽이지는 않을게,헤이즐,,,,,1sp,"주술회전,도리벤",,,"고죠 사토루,게토 스구루",고죠 사토루X게토 스구루,,,기타,@hajel0302,https://dongne.co/events/df2407/circles/127001,제26회 디. 페스타,Day1
유난히 내성적이 게토고죠네,"구룽, 라샤, 김장",,,,,2sp,주술회전,,게토고죠 쁘띠존 《END UP》,"게토 스구루,고죠 사토루",게토 스구루X고죠 사토루,해당없음,,,@guru_725,https://dongne.co/events/df2407/circles/125261,제26회 디. 페스타,Day1
거양전 폐관수련중,연납,,,,,2sp,천관사복,인사반파,,화성 사련 풍신 모정 빙하 청추,,,,일러스트,@renconabductor,https://dongne.co/events/df2407/circles/123200,제26회 디. 페스타,Day1
걸어서 신라속으로,랑,,,,,2sp,진혼기,,,,설영X자하,로맨틱,,"일러스트,소설,만화",,https://dongne.co/events/df2407/circles/125522,제26회 디. 페스타,Day1
고게로 회귀합니다,사,,,,,2sp,주술회전,"광마회귀,진혼기",고죠게토 쁘띠존 : ✧ 夢中相尋 몽중상심 ✦,"고죠 사토루,게토 스구루",고죠 사토루X게토 스구루,"로맨틱,섹슈얼",,"만화,일러스트",@gnlr_572,https://dongne.co/events/df2407/circles/126700,제26회 디. 페스타,Day1
무언가 하겠습니다,바구리윅,,,,,2sp,존윅,슬램덩크,,존윅,,,,"만화,기타,일러스트",@Baguei_wick,https://dongne.co/events/df2407/circles/123616,제26회 디. 페스타,Day1
일단은 신청해보는 부스,Myacc,,,,,2sp,THE IDOLM@STER SideM(사이마스),"HQ!!(하이큐!!),카리스마",,,,,,"만화,일러스트",,https://dongne.co/events/df2407/circles/123150,제26회 디. 페스타,Day1
이세계 데뷔못하면 죽는병 걸린 착각 헌터,판사,,,,,2sp,데뷔 못 하면 죽는 병 걸림,이세계 착각 헌터,,박문대,,,,,,https://dongne.co/events/df2407/circles/124465,제26회 디. 페스타,Day1
나야나 신성력시대 아이돌 쉬엔지,라희,,,,,4sp,잔차품,"열화요수,아이돌리쉬세븐",,"루비싱,린징헝,쉬엔지,성령연,유키,모모",,"섹슈얼,로맨틱","쉬엔지×성령연(열화요수), 유키×모모(아이나나)","일러스트,소설",@lanxi_SPL,https://dongne.co/events/df2407/circles/124971,제26회 디. 페스타,Day1
어둠의 녹색어머니회,미스틱,,,,,2sp,슬램덩크,,,"김수겸,성현준,상양고등학교",성현준X김수겸,로맨틱,,만화,@noye_mystic,https://dongne.co/events/df2407/circles/125778,제26회 디. 페스타,Day1
무언가 해보곘습니다.,에도 와 도,,,,,2sp,"슬램덩크,데못죽",,,"양호열,박문대",양호열X강백호,"로맨틱,섹슈얼",,공예,@ronnokovu,https://dongne.co/events/df2407/circles/123501,제26회 디. 페스타,Day1
"빠졌어, 너에게",매니저,,,,,1sp,가비지타임,"슬램덩크,그 외",,,,,,"소설,만화,일러스트,사진,공예,조형",@heesoo21004,https://dongne.co/events/df2407/circles/126086,제26회 디. 페스타,Day1
"카나타, 산책갈까?",마감,,,,,1sp,앙상블스타즈,"슬램덩크,헌터x헌터",,"신카이 카나타,강백호(사쿠라기 하나미치)",야기 시즈스미X카시마 히이라기,,,일러스트,,https://dongne.co/events/df2407/circles/124687,제26회 디. 페스타,Day1
도파민! 엔돌핀! 아드레날린!,빠네,,,,,2sp,도박묵시록 카이지,"아카기,은과금",FKMT 쁘띠존: 바ざわ회 ~디페 내에 코 크신 분 계십니까~,"카이지,아카기,모리타",,,,일러스트,@panespaghetti,https://dongne.co/events/df2407/circles/125953,제26회 디. 페스타,Day1
호오오... 희징사세요...,무지,,,,,2sp,마도조사,,,"남희신,강만음",,"로맨틱,섹슈얼",,"만화,일러스트,소설",LKCH09,https://dongne.co/events/df2407/circles/126230,제26회 디. 페스타,Day1
까막북+소랏 ,까막북,,,,,4sp,창작부스,,,,,,,,@dottkown,https://dongne.co/events/df2407/circles/124484,제26회 디. 페스타,Day1
가보자고,나오냥,,,,,2sp,없음,없음,,없음,,,,공예,,https://dongne.co/events/df2407/circles/124124,제26회 디. 페스타,Day1
개구리집,"상메, LH41,0_N",,,,,2sp,발더스 게이트3,"역전재판,청의 엑소시스트,해즈빈 호텔",,아스타리온,,섹슈얼,,만화,"@D_SANME,@EHLH41,@MIZUN0_N",https://dongne.co/events/df2407/circles/123172,제26회 디. 페스타,Day1
겟또고죠,정난,,,,,1sp,주술회전,로드오브히어로즈,게토고죠 쁘띠존 《END UP》,"게토 스구루,고죠 사토루",게토 스구루X고죠 사토루,로맨틱,,기타,@GetoGo725,https://dongne.co/events/df2407/circles/124091,제26회 디. 페스타,Day1
겨울방학,결,,,,,1sp,주술회전,,후시른 쁘띠존 3회 [ MEGUMI IS ALWAYS RIGHT ],,,로맨틱,,소설,,https://dongne.co/events/df2407/circles/124007,제26회 디. 페스타,Day1
고게랜드,"라라, 오탑",,,,,2sp,주술회전,,고죠게토 쁘띠존 : ✧ 夢中相尋 몽중상심 ✦,"고죠 사토루,게토 스구루",고죠 사토루X게토 스구루,로맨틱,,"만화,일러스트","@goge_lara572, @otav_572",https://dongne.co/events/df2407/circles/124066,제26회 디. 페스타,Day1
공공칠빵,공칠,,,,,2sp,"원신,앙스타","창작,플레이브",,"방랑자,카즈하,헤이조,벤티,소,나즈나,리츠,하지메 등",,,,"사진,일러스트",@gongchil1016,https://dongne.co/events/df2407/circles/125335,제26회 디. 페스타,Day1
공귀나산,해감,,,,,2sp,아이돌리쉬세븐,,,,,,,만화,,https://dongne.co/events/df2407/circles/124618,제26회 디. 페스타,Day1
공뇽상점,gongyo,,,,,2sp,진혼기,가비지타임,,"설영,자하,남궁혁",설영X자하,로맨틱,"설영자하, 상호병찬, 영중준수, 설자, 상뱅, 빵준",일러스트,loving1108,https://dongne.co/events/df2407/circles/124299,제26회 디. 페스타,Day1
구리십리,십리,,,,,2sp,진혼기,"슬램덩크,전독시,명급리",,"김자하,김설영,유중혁,김독자",,로맨틱,중혁독자,,@baske_tta @10n_nri,https://dongne.co/events/df2407/circles/124236,제26회 디. 페스타,Day1
구멍가게,밍쓰,,,,,1sp,데못죽,,,박문대,,,,공예,,https://dongne.co/events/df2407/circles/124652,제26회 디. 페스타,Day1
국빵옷장,랙랙,,,,,2sp,프로젝트 세카이,,,"카미시로 루이,텐마 츠카사",카미시로 루이X텐마 츠카사,,네네에무,게임,,https://dongne.co/events/df2407/circles/123899,제26회 디. 페스타,Day1
근화부스,근화,,,,,2sp,명문고 EX급 조연의 리플레이,"내가 키운 S급들,서브남주가 파업하면 생기는 일",,"황지호,조의신,용제건,김신록",,해당없음,"황호의신, 황의, 제건신록, 제록",,,https://dongne.co/events/df2407/circles/125683,제26회 디. 페스타,Day1
꾸메드림,지벨,,,,,1sp,어두운 바다의 등불이 되어,,,,,"로맨틱,섹슈얼",,공예,@04070303,https://dongne.co/events/df2407/circles/123137,제26회 디. 페스타,Day1
내비심서,유크파사삭,,,,,2sp,데못죽,,,청려,,,"청배,큰문,윶랩","일러스트,만화",@maejiun_sht,https://dongne.co/events/df2407/circles/125443,제26회 디. 페스타,Day1
네코마마,"레이카,마키시,시에",,,,,4sp,데뷔 못 하면 죽는 병 걸림,"화산귀환,광마회귀,블랙배저",,박문대(오른쪽),,,,,"@rayca01, @makisi17, @sye51244kk (@nekomoms)",https://dongne.co/events/df2407/circles/123097,제26회 디. 페스타,Day1
단짠단짠,원숭이세마리,,,,,2sp,주술회전,,고죠게토 쁘띠존 : ✧ 夢中相尋 몽중상심 ✦,"고죠 사토루,게토 스구루",고죠X게토,"로맨틱,섹슈얼",,"만화,일러스트",@GJGTONEANDONLY,https://dongne.co/events/df2407/circles/125912,제26회 디. 페스타,Day1
덩이덩이,oojiya,,,,,1sp,,,,,,,,,oojiya,https://dongne.co/events/df2407/circles/125611,제26회 디. 페스타,Day1
도원결의,키우,,,,,2sp,화산귀환,진혼기,화산귀환 쁘띠존: 天下俠義,이송백. 청명. 화산파.,,,,"만화,일러스트,사진,공예",@chungjabaelove,https://dongne.co/events/df2407/circles/125762,제26회 디. 페스타,Day1
동룡정점,린,,,,,2sp,화산귀환,,,청명,,,,기타,mixacc_01,https://dongne.co/events/df2407/circles/124100,제26회 디. 페스타,Day1
동인실직,도토리,,,,,2sp,프로젝트세카이,,,"카미시로 루이,텐마 츠카사",카미시로 루이X텐마 츠카사,"로맨틱,섹슈얼",루이츠카,"만화,일러스트",,https://dongne.co/events/df2407/circles/123482,제26회 디. 페스타,Day1
두다다다,두두,,,,,2sp,플레이브,앙스타,,,,,,,DD_0404,https://dongne.co/events/df2407/circles/124798,제26회 디. 페스타,Day1
두부상회,두부,,,,,1sp,프로세카,,,니고,,,,,,https://dongne.co/events/df2407/circles/123904,제26회 디. 페스타,Day1
뒹굴뒹굴,돕,,,,,2sp,슬램덩크,,,,,,,,@doppdoppdopp,https://dongne.co/events/df2407/circles/125884,제26회 디. 페스타,Day1
마요공방,Roro,,,,,2sp,핸드메이드,,,,,,,,@piece0and,https://dongne.co/events/df2407/circles/125256,제26회 디. 페스타,Day1
매원결의,북,,,,,2sp,트라이건,"화산귀환,주인공이 컨셉충이면 곤란한가요",,,밧슈X울프우드,로맨틱,마이악기,"만화,일러스트",,https://dongne.co/events/df2407/circles/125260,제26회 디. 페스타,Day1
맨몸부스,아월,,,,,2sp,데못죽,하이큐,,,,로맨틱,,일러스트,rninbblong_,https://dongne.co/events/df2407/circles/125536,제26회 디. 페스타,Day1
모몬가즈,모구토,,,,,2sp,화산귀환,,화산귀환 쁘띠존: 天下俠義,,,,,,,https://dongne.co/events/df2407/circles/123357,제26회 디. 페스타,Day1
모찌못쭉,낸내,,,,,1sp,데뷔못하면죽는병걸림,,,"박문대,선아현,이세진",,,,일러스트,,https://dongne.co/events/df2407/circles/124641,제26회 디. 페스타,Day1
몬쟈마루,MARU,,,,,2sp,MIU404,아이나나,,"이부키 아이,시마 카즈미,모모,유키",,로맨틱,모모유키,"만화,소설",@_ral_rd,https://dongne.co/events/df2407/circles/123535,제26회 디. 페스타,Day1
몽글몽글,각,,,,,2sp,,"게게게의 키타로(키타로 탄생 게게게의 수수께끼),슬램덩크,파이널판타지14",,,,,,일러스트,@qlrks007,https://dongne.co/events/df2407/circles/123637,제26회 디. 페스타,Day1
무릉도원,벽도랑,,,,,1sp,진혼기,"반월당,화산귀환,광마회귀",,,자하X설영,"로맨틱,섹슈얼",,"만화,일러스트,소설",@byeokdolang,https://dongne.co/events/df2407/circles/123859,제26회 디. 페스타,Day1
반려서점,손개피,,,,,2sp,,,,,,,,만화,@gaepi,https://dongne.co/events/df2407/circles/123355,제26회 디. 페스타,Day1
벨로벨로,벨로,,,,,2sp,윈드브레이커,윈브레,,,,,,,@kurobina_trv,https://dongne.co/events/df2407/circles/124346,제26회 디. 페스타,Day1
보릿고게,파오,,,,,2sp,주술회전,,고죠게토 쁘띠존 : ✧ 夢中相尋 몽중상심 ✦,"고죠 사토루,게토 스구루",,로맨틱,,만화,@ikol_0,https://dongne.co/events/df2407/circles/123283,제26회 디. 페스타,Day1
뿅클로젯,호잍,,,,,1sp,슬램덩크,,,이명헌 정우성 송태섭,,"로맨틱,해당없음","명헌태섭,명헌우성,우성명헌,우성태섭","일러스트,공예,기타",@ho_it_o_o,https://dongne.co/events/df2407/circles/126386,제26회 디. 페스타,Day1
쁘띠뽀짝,뽀짝쿵야,,,,,2sp,플레이브,"화산귀환,데못죽,슬램덩크,전독시",,,,,,,@BBoJJaKKyu,https://dongne.co/events/df2407/circles/123532,제26회 디. 페스타,Day1
삼인삼색,시야,,,,,1sp,화산귀환,,,,,,,일러스트,,https://dongne.co/events/df2407/circles/125839,제26회 디. 페스타,Day1
소년현상,少年現象,,,,,1sp,앙상블 스타즈!! Music,,,"아야세 마요이,카제하야 타츠미,사카사키 나츠메,아오바 츠무기,하루카와 소라",사카사키 나츠메X아오바 츠무기,,아야세 마요이✕카제하야 타츠미,"만화,기타",@5_145c,https://dongne.co/events/df2407/circles/125897,제26회 디. 페스타,Day1
시쿠시쿠,농부,,,,,2sp,프로젝트 세카이,,,,카미시로 루이X텐마 츠카사,로맨틱,,만화,@nbnb0306,https://dongne.co/events/df2407/circles/123337,제26회 디. 페스타,Day1
아므아무,하미,,,,,1sp,bl,,,,,,,"일러스트,만화",@id_z,https://dongne.co/events/df2407/circles/124848,제26회 디. 페스타,Day1
알몸부스,다비,,,,,4sp,하이큐,명탐정코난. 슬램덩크.,,"아카이,아무로",아카이X아무로,섹슈얼,,"일러스트,만화",https://twitter.com/Daby_DB,https://dongne.co/events/df2407/circles/126213,제26회 디. 페스타,Day1
연성술사,연성술사,,,,,2sp,화산귀환,,화산귀환 쁘띠존: 天下俠義,,,,,공예,@Alchemist_for,https://dongne.co/events/df2407/circles/123436,제26회 디. 페스타,Day1
연어초밥,A,,,,,1sp,슬램덩크,,,,,해당없음,,"기타,공예",,https://dongne.co/events/df2407/circles/126925,제26회 디. 페스타,Day1
영영위빙,영영위빙,,,,,2sp,,,,,,,,공예,@y0ung0_weaving,https://dongne.co/events/df2407/circles/125967,제26회 디. 페스타,Day1
우쥬부스,째무,,,,,2sp,카리스마 하우스,슬램덩크,,양호열,양호열X강백호,로맨틱,양호열X강백호X양호열(호백호),"일러스트,공예",JJrato_illust,https://dongne.co/events/df2407/circles/123064,제26회 디. 페스타,Day1
유브니코,ND,,,,,2sp,니지산지,"세포신곡,에이스테,윈브레,블루록",,,,,,일러스트,,https://dongne.co/events/df2407/circles/123932,제26회 디. 페스타,Day1
은민상점,은민,,,,,2sp,,,,,,,,일러스트,em913em,https://dongne.co/events/df2407/circles/125873,제26회 디. 페스타,Day1
이착차배,예샘,,,,,1sp,마법명가 차남으로 살아남는 법,"블랙 배저,이세계 착각 헌터",,루카스,,,,일러스트,sem_e18,https://dongne.co/events/df2407/circles/126943,제26회 디. 페스타,Day1
지강최상,이노츠,,,,,2sp,가비지타임,,,지상고,,,,"사진,만화",@enough_iro,https://dongne.co/events/df2407/circles/123226,제26회 디. 페스타,Day1
태종정육,두살,,,,,2sp,변방의 외노자,"민감한 대리님,은둔형 마법사",,민준,백치현X도서린,"해당없음,로맨틱",,"기타,소설",@twosall17,https://dongne.co/events/df2407/circles/125154,제26회 디. 페스타,Day1
팡팡랜드,괴도팡,,,,,2sp,플레이브,"데못죽,가비지타임,하이큐",,,,,,,@LUKAPANG__45,https://dongne.co/events/df2407/circles/123513,제26회 디. 페스타,Day1
하이하이,영어론땡큐,,,,,1sp,던전밥,아이돌리쉬세븐,,,,,,,,https://dongne.co/events/df2407/circles/125783,제26회 디. 페스타,Day1
한담객설,하은,,,,,1sp,화산귀환,,청명백천 쁘띠존 <청명아! 백천아! 안되겠다 혼인하자>,청명백천,,해당없음,,소설,,https://dongne.co/events/df2407/circles/124212,제26회 디. 페스타,Day1
한오백명,"엠알, 소남송, 슬, 까까",,,,,4sp,화산귀환,,,,백천X청명,섹슈얼,조걸x윤종,"만화,일러스트,공예",@mrxxxemaru,https://dongne.co/events/df2407/circles/123595,제26회 디. 페스타,Day1
화산회전,허쑤당,,,,,2sp,화산귀환,주술회전,,"당보,청명,고죠,게토,토우지,나오야 등",당보X청명,로맨틱,나오토우,"만화,일러스트",@cm__ackgae,https://dongne.co/events/df2407/circles/125713,제26회 디. 페스타,Day1
화음쉼터,"우도영, 횰",,,,,2sp,화산귀환,,청명백천 쁘띠존 <청명아! 백천아! 안되겠다 혼인하자>,"청명,백천",청명X백천,"로맨틱,섹슈얼",,"소설,기타","wecanslae, 9hyor",https://dongne.co/events/df2407/circles/124607,제26회 디. 페스타,Day1
태섭이가 ,마김,,,,,1sp,슬램덩크,,,송태섭,,"섹슈얼,해당없음",태섭른,"공예,기타",,https://dongne.co/events/df2407/circles/125173,제26회 디. 페스타,Day1
환상뜨락 & 시옌 댁,환상뜨락,,,,,2sp,탑로더,오리지널(회지),,,,,,"공예,만화",dreamy_garden,https://dongne.co/events/df2407/circles/127113,제26회 디. 페스타,Day1
동백이를 믿기,사랑의전도사,,,,,2sp,어두운 바다의 등불이 되어,,재희무현 쁘띠존 ~이 쁘띠존은 오늘의 상이에요~,"김재희,박무현",김재희X박무현,"로맨틱,섹슈얼,해당없음",,"만화,소설,일러스트",@jeondosa_npius,https://dongne.co/events/df2407/circles/123282,제26회 디. 페스타,Day1
미지근한 동인,아모,,,,,1sp,앙상블 스타즈,"마법사의 약속,18TRIP",,,,"로맨틱,섹슈얼",샤이무르,,,https://dongne.co/events/df2407/circles/123607,제26회 디. 페스타,Day1
삼왕자를 믿기,오매불랑,,,,,2sp,반월당의 기묘한 이야기,진혼기,반월당 쁘띠존 : 나쁜 꿈은 끝났어,"백란,유단",,로맨틱,,만화,@qodjwhbdic,https://dongne.co/events/df2407/circles/126205,제26회 디. 페스타,Day1
신라명물 자설,"타탸, 반류랑",,,,,2sp,진혼기,,,,자하X설영,,,소설,@tatta1888,https://dongne.co/events/df2407/circles/123130,제26회 디. 페스타,Day1
오렌지를 믿기,증명,,,,,2sp,어두운 바다의 등불이 되어,,재희무현 쁘띠존 ~이 쁘띠존은 오늘의 상이에요~,김재희 박무현,김재희X박무현,"로맨틱,섹슈얼",,"만화,기타",@submarine_proof,https://dongne.co/events/df2407/circles/124138,제26회 디. 페스타,Day1
이것저것 부스,합,,,,,2sp,아이돌리쉬 세븐,"앙상블 스타즈,하이큐,사카모토데이즈",,,,,,"일러스트,기타",@harb_oth,https://dongne.co/events/df2407/circles/124208,제26회 디. 페스타,Day1
플레이브 타임,인,,,,,2sp,"플레이브,가비지타임",,,,,,,일러스트,,https://dongne.co/events/df2407/circles/125390,제26회 디. 페스타,Day1
나나사키 짬뽕 ,폼사 ,,,,,2sp,문호 스트레이 독스,"주술회전,앙스타,엘소드",,"이타도리 유지,쿠니키다 돗포,아야세 마요이",,로맨틱,,"기타,일러스트",@only1_today,https://dongne.co/events/df2407/circles/125325,제26회 디. 페스타,Day1
연상공을 믿기 // 연하공을 믿기,kkk,,,,,2sp,아이돌리쉬세븐,슬램덩크,,,,,,만화,@SC_kkukkaa,https://dongne.co/events/df2407/circles/125737,제26회 디. 페스타,Day1
냐삐처럼 날아 네 맘에 츄,"츄, 냐삐",,,,,2sp,데못죽,,,"이세진,박문대",박문대,"섹슈얼,로맨틱",,"소설,일러스트",@chuuhc27 @nyabbi__,https://dongne.co/events/df2407/circles/124530,제26회 디. 페스타,Day1
사제지정 외엔 다 허상이란다,코코아,,,,,2sp,"의원,다시 살다",,,"진천희,제갈린,유호",,,,소설,@RlLHel,https://dongne.co/events/df2407/circles/126447,제26회 디. 페스타,Day1
가슴으로 낳은 깜고,로빙빙,,,,,2sp,주술회전,,후시른 쁘띠존 3회 [ MEGUMI IS ALWAYS RIGHT ],"고죠 사토루,후시구로 메구미",고죠 사토루X후시구로 메구미,로맨틱,,소설,robingbing1,https://dongne.co/events/df2407/circles/126179,제26회 디. 페스타,Day1
배고파요 부스 주세요,마약,,,,,2sp,슬램덩크,가비지 타임,,,,,,,addict_jd,https://dongne.co/events/df2407/circles/123434,제26회 디. 페스타,Day1
어서와요 오븐 속으로^^,마에루,,,,,1sp,쿠키런킹덤,,,"마들렌,에스프레소",,해당없음,,일러스트,@maeru___,https://dongne.co/events/df2407/circles/124896,제26회 디. 페스타,Day1
이쪽으로 고게 돌려주세요!,가응,,,,,2sp,주술회전,,고죠게토 쁘띠존 : ✧ 夢中相尋 몽중상심 ✦,"고죠 사토루,게토 스구루",고죠 사토루X게토 스구루,"섹슈얼,로맨틱",,만화,@tonggong_00,https://dongne.co/events/df2407/circles/126298,제26회 디. 페스타,Day1
길고양이 급식소,"레몬, 쑥떡파인애플갈비탕",,,,,2sp,천관사복,가비지타임,,,,,,"공예,조형,일러스트","@dayrhyme, @ggang8282",https://dongne.co/events/df2407/circles/123477,제26회 디. 페스타,Day1
무림지존 마라탕,한섬,,,,,1sp,인사반파자구계통,"천관사복,화산귀환,사카모토데이즈",,낙빙하,낙빙하X심청추,로맨틱,화성사련,일러스트,@2hoocdb,https://dongne.co/events/df2407/circles/123091,제26회 디. 페스타,Day1
백린의각 양재점,"로운, 도톨, 미음",,,,,4sp,"의원,다시 살다",,,"진천희,제갈린,유호",제갈린X진천희,"로맨틱,섹슈얼",논컾,"일러스트,만화,소설",@mangnani01,https://dongne.co/events/df2407/circles/126240,제26회 디. 페스타,Day1
세카이의 치킨집,깡,,,,,2sp,프로젝트 세카이,열화요수,,"카미시로 루이,텐마 츠카사,쉬엔지,성령연",카미시로 루이X텐마 츠카사,"로맨틱,섹슈얼",쉬엔지X성령연,"소설,기타",@0kkaaang,https://dongne.co/events/df2407/circles/126740,제26회 디. 페스타,Day1
아니근데 캡콤이,p2d,,,,,1sp,역전재판,,,역전재판,,,,"만화,일러스트",@p2222d,https://dongne.co/events/df2407/circles/125899,제26회 디. 페스타,Day1
타패전설 방총기,핑퐁,,,,,1sp,아카기,,FKMT 쁘띠존: 바ざわ회 ~디페 내에 코 크신 분 계십니까~,아카기,,,,기타,,https://dongne.co/events/df2407/circles/124779,제26회 디. 페스타,Day1
햄스터치 뵤거킹,"죽악사, 뎅글, 리스, 하리뵤",,,,,2sp,데뷔 못하면 죽는 병 걸림(데못죽),,,테스타,박문대류건우X배세진,"로맨틱,섹슈얼","ncp, 국밥즈, 배세른","만화,일러스트",@Agsa1208 @deng_geul1004 @resres_37 @Haribowwwww,https://dongne.co/events/df2407/circles/123933,제26회 디. 페스타,Day1
호밀빵의 밀수꾼,아니야,,,,,2sp,ㅁ,ㅁ,,자캐,,,,,@aniya19998,https://dongne.co/events/df2407/circles/126551,제26회 디. 페스타,Day1
등본떼면 나오는 커플,잡솨봐,,,,,2sp,화산귀환,,,,,로맨틱,,"만화,소설",@ra_wha_,https://dongne.co/events/df2407/circles/125439,제26회 디. 페스타,Day1
얼레벌레 잡덕의 하루,쟈가비,,,,,1sp,어두운 바다의 등불이 되어,"가비지타임,블랙배저",,,박무현,로맨틱,,,@__hello_dear_06,https://dongne.co/events/df2407/circles/123600,제26회 디. 페스타,Day1
해저기지 유실물 센터,우리,,,,,2sp,어두운 바다의 등불이 되어,,,"박무현,신해량,서지혁,백애영,김재희 등",,,,일러스트,@US_NPIUS,https://dongne.co/events/df2407/circles/124895,제26회 디. 페스타,Day1
켄펠켄은 거꾸로 해도 켄펠켄,8bit,,,,,2sp,롤(리그 오브 레전드),,,시에다 케인/아펠리오스,,,,"만화,일러스트,기타",@yeeeeeeejmtyes,https://dongne.co/events/df2407/circles/125726,제26회 디. 페스타,Day1
어쩌다가 이렇게 됐을까,하현,,,,,1sp,가비지타임,,,"기상호,성준수,최종수",성준수X기상호,"로맨틱,섹슈얼",종상,소설,@hotclare0987,https://dongne.co/events/df2407/circles/124529,제26회 디. 페스타,Day1
흡혈귀와 늑대의 러브송,레이코가 과거 앤솔로지,,,,,2sp,앙상블 스타즈,,,,사쿠마 레이X오오가미 코가,,,만화,@ReikogaAnth,https://dongne.co/events/df2407/circles/127036,제26회 디. 페스타,Day1
하늘에서 내려온 여우가 하는 말,네윤,,,,,1sp,반월당,,반월당 쁘띠존 : 나쁜 꿈은 끝났어,,,,,일러스트,@neyun_b,https://dongne.co/events/df2407/circles/126258,제26회 디. 페스타,Day1
대화산파 청첩장 배부처 디페스타점,산화 / 청백앤솔,,,,,2sp,화산귀환,,청명백천 쁘띠존 <청명아! 백천아! 안되겠다 혼인하자>,"청명,백천",청명X백천,"로맨틱,섹슈얼",청명백천 앤솔로지,"만화,일러스트,소설",@HS_sanhwa,https://dongne.co/events/df2407/circles/124982,제26회 디. 페스타,Day1
옆사람이 납치한 괴이부스,홉,,,,,1sp,반월당의 기묘한 이야기,,반월당 쁘띠존 : 나쁜 꿈은 끝났어,all,,,,일러스트,@hop_roo ,https://dongne.co/events/df2407/circles/125167,제26회 디. 페스타,Day1
김치찌개 두루치기,"지우, 2mo, 심덕",,,,,4sp,데뷔 못 하면 죽는 병 걸림,,,,청려X문대(건우),,NCP,"만화,일러스트,소설","@102__uu, @2mo_ahys2, @v_v22825",https://dongne.co/events/df2407/circles/126339,제26회 디. 페스타,Day1
농구회전 빵야빵야,"뜨또, SeaU, zip",,,,,2sp,슬램덩크,주술회전,,송태섭,송태섭X정대만,,"고죠사토루 , 후시구로메구미","일러스트,소설",beaomtu2442,https://dongne.co/events/df2407/circles/125740,제26회 디. 페스타,Day1
똥글빵글 전동글중,동글이,,,,,2sp,가비지타임,데뷔못하면죽는병걸림,,"전영중,성준수",,로맨틱,,일러스트,@oO13__oO,https://dongne.co/events/df2407/circles/125690,제26회 디. 페스타,Day1
마감하다 내가죽어,빠엔,,,,,2sp,네가죽어,,,"시노기 케이지,치도인 사라",,,,만화,@bbaen_0w0,https://dongne.co/events/df2407/circles/125859,제26회 디. 페스타,Day1
모여모여 취향자랑,마론라임,,,,,2sp,꿈왕국과 100명의 왕자님,"인소의법칙,아르고나비스,데못죽,플레이브,포켓몬스터",,"아비,나비,리카,팔데아조,금랑,은호,노아",,로맨틱,,"공예,만화,소설",@mrmhrro,https://dongne.co/events/df2407/circles/124256,제26회 디. 페스타,Day1
무언가를 해내겠다,빵,,,,,2sp,가비지타임,다이에이,,"기상호,최종수,박병찬",최종수X기상호,로맨틱,박병찬X기상호,"소설,공예",,https://dongne.co/events/df2407/circles/125781,제26회 디. 페스타,Day1
부대찌개 두루치기,"안나,챠이,낙낙,이교",,,,,4sp,데뷔 못 하면 죽는 병 걸림,"윈브레,나루토,가비지타임,화산귀환",,,신재현X박문대,,,"만화,일러스트,소설",@anna_ice_cream,https://dongne.co/events/df2407/circles/125461,제26회 디. 페스타,Day1
소소하게 아무거나,소소,,,,,2sp,아이나나,,,,,,,,jjang_soso,https://dongne.co/events/df2407/circles/125721,제26회 디. 페스타,Day1
오렌지가 매콤해요,"쿠루루삥뽕, 주함, 고독한 지혁지현러",,,,,2sp,어두운 바다의 등불이 되어,,재희무현 쁘띠존 ~이 쁘띠존은 오늘의 상이에요~,"김재희,박무현,서지혁,이지현",재희X무현,"로맨틱,섹슈얼",지혁지현,"일러스트,소설,만화","@cururuping, @gotoseadentist, @sseoguide196",https://dongne.co/events/df2407/circles/124134,제26회 디. 페스타,Day1
플레이브 어머니회,사랑아하민해,,,,,4sp,플레이브,주술회전,,예준 노아 밤비 은호 하민,,,,일러스트,@ofplave_,https://dongne.co/events/df2407/circles/125187,제26회 디. 페스타,Day1
화산에서 데뷔하기,챱,,,,,2sp,화산귀환,데뷔 못하면 죽는 병걸림,,청명,,해당없음,,"일러스트,기타",AE5_16,https://dongne.co/events/df2407/circles/125456,제26회 디. 페스타,Day1
천상연하 연상독존 ,dreamtaste1313,,,,,2sp,원신,"내스급,이합화타적백묘사존",,"묵연,초만녕,한유현,한유진,라이오슬리,느비예트",묵연X만녕,"섹슈얼,로맨틱","유현유진, 라이느비 ","만화,일러스트,기타",@13_s2_,https://dongne.co/events/df2407/circles/124203,제26회 디. 페스타,Day1
큐야에이 책나오는 부스,aran,,,,,1sp,누카니발,,,,큐야X에이트,섹슈얼,,만화,@aawhffu,https://dongne.co/events/df2407/circles/124466,제26회 디. 페스타,Day1
반월당의 화랑으로 사는 법,"흠냐, 밍덩, 8튜버",,,,,2sp,진혼기,"반월당,적왕사,잔차품",,,,,,,@1000hogangrim @JJJJ_d_  @a3h_8,https://dongne.co/events/df2407/circles/126573,제26회 디. 페스타,Day1
초삼이와 동룡이의 움막집,"814, 종이",,,,,2sp,화산귀환,,청명백천 쁘띠존 <청명아! 백천아! 안되겠다 혼인하자>,청명 백천,청명X백천,"로맨틱,섹슈얼",,"소설,일러스트,만화",@33chocoo,https://dongne.co/events/df2407/circles/126156,제26회 디. 페스타,Day1
부적으로 농구하며 노래하지 않으면 죽는병 걸림,"콩, ",,,,,2sp,데뷔 못하면 죽는 병,"가비지타임,진혼기",,"이세진,큰세진,박문대",큰세X문대,,,"소설,만화",@p7i_q,https://dongne.co/events/df2407/circles/123980,제26회 디. 페스타,Day1
고죠되는 분위기가 유지됐다...,얏,,,,,2sp,주술회전,,,"고죠 사토루,이타도리 유지",고죠 사토루X이타도리 유지,로맨틱,,"일러스트,사진,기타",Y4T__H0,https://dongne.co/events/df2407/circles/124793,제26회 디. 페스타,Day1
신라부터 세카이까지,"막강, 흰섬 ",,,,,2sp,"전자적 독자 시점,전독시","프로세카,장송의 프리렌,천관사복,마도조사,인사반파",,,,"로맨틱,섹슈얼","힘멜프리 / 화성사련, 풍신모정 / 망기무선 / 빙하청추","일러스트,만화"," @3149jd, @WHITE__SOM",https://dongne.co/events/df2407/circles/126195,제26회 디. 페스타,Day1
주술하고 회전합시다,"Mori, B",,,,,2sp,주술회전,,,게토 스구루 그 외 다른 모든친구,,,,기타,@tree_ss_joa ,https://dongne.co/events/df2407/circles/125200,제26회 디. 페스타,Day1
통일신라 러브하우스,옌코,,,,,1sp,진혼기,,,"자하,설영",,"로맨틱,섹슈얼",,만화,yenko135,https://dongne.co/events/df2407/circles/124098,제26회 디. 페스타,Day1
펠트인형 귀염주의보,꼬섭,,,,,2sp,원피스,"블리치,나루토,명탐정 코난",,,,"로맨틱,섹슈얼",,공예,songkkoseob,https://dongne.co/events/df2407/circles/125894,제26회 디. 페스타,Day1
스탬피드 리벤저스의 기묘한 회전,hk,,,,,2sp,"주술회전,트라이건,도쿄리벤저스,죠죠의기묘한모험",,,,,,,,,https://dongne.co/events/df2407/circles/125278,제26회 디. 페스타,Day1
디페에서 농구하는게 갑이지타임,화화,,,,,2sp,가비지타임,"도쿄 리벤저스,주술회전",,기상호,,,,일러스트,hwa_tkrv,https://dongne.co/events/df2407/circles/125938,제26회 디. 페스타,Day1
문큰카페 갔다왔습니다. 카페에서 문큰 생각했습니다.,챠무,,,,,1sp,데뷔 못 하면 죽는 병 걸림,,,박문대 이세진,박문대X이세진,로맨틱,,일러스트,@chyamu_D,https://dongne.co/events/df2407/circles/126980,제26회 디. 페스타,Day1
"다이키치, 산책갈까?",지넹,,,,,1sp,앙상블스타즈,"누카니발,너를 찾는 파도,디스러브",,"스바루,토모야",,,,일러스트,@_jiNeng_,https://dongne.co/events/df2407/circles/124686,제26회 디. 페스타,Day1
가보자고!,애플민트,,,,,2sp,데뷔못하면죽는병걸림,,,,,,,,@apple_min_t_,https://dongne.co/events/df2407/circles/123917,제26회 디. 페스타,Day1
문어구이+휘옌,"문어구이, 휘옌",,,,,4sp,데뷔 못 하면 죽는 병 걸림,"어두운 바다의 등불이 되어,주술회전,화산귀환,내스급",,"박문대,선아현,테스타",선아현X박문대,"로맨틱,섹슈얼","박문대른, 청명른, 한유진른",일러스트,"@moonuuh, @Hwiyyen",https://dongne.co/events/df2407/circles/124029,제26회 디. 페스타,Day1
가보자마장,엄마,,,,,1sp,fkmt,"OC,마작,포켓몬sv,역전재판,검은방,회색도시,베리드스타즈,아카기,카이지",FKMT 쁘띠존: 바ざわ회 ~디페 내에 코 크신 분 계십니까~,,,,,"조형,기타",@RAPizza_,https://dongne.co/events/df2407/circles/124418,제26회 디. 페스타,Day1
교미더마니,교근,,,,,2sp,주술회전,,게토고죠 쁘띠존 《END UP》,"게토 스구루,고죠 사토루",게토 스구루X고죠 사토루,"로맨틱,섹슈얼",,"만화,일러스트,기타",@masseter_0,https://dongne.co/events/df2407/circles/124735,제26회 디. 페스타,Day1
근친의전당,"자렌, 레몽",,,,,2sp,내가 키운 s급들,,,"한유현,한유진",한유현X한유진,"섹슈얼,로맨틱",,"만화,소설",JAL_fn,https://dongne.co/events/df2407/circles/125019,제26회 디. 페스타,Day1
나혼렙부스,눌림,,,,,1sp,나혼렙,나혼자만레벨업,,,,,,,@Null_reading,https://dongne.co/events/df2407/circles/125017,제26회 디. 페스타,Day1
네글자식당,HiKi,,,,,2sp,카리스마,"아이나나,니지산지,죠죠(JOJO),앙스타(あんスタ),걸즈밴드크라이(ガルクラ)",,,,,,"만화,일러스트",,https://dongne.co/events/df2407/circles/124911,제26회 디. 페스타,Day1
달유리공방,모스까또,,,,,2sp,수공예품,"레진공예,실링왁스스티커",,,,"로맨틱,섹슈얼",,공예,@aaasti1397,https://dongne.co/events/df2407/circles/123343,제26회 디. 페스타,Day1
도깨비상점,도깨비상점,,,,,2sp,,,,,,,,공예,kkebistor,https://dongne.co/events/df2407/circles/124441,제26회 디. 페스타,Day1
도토리카페,riri,,,,,1sp,앙상블 스타즈,,,,,,,,@remi_riri,https://dongne.co/events/df2407/circles/123093,제26회 디. 페스타,Day1
두목유린채,말랑한무릎,,,,,2sp,화산귀환,,화산귀환 쁘띠존: 天下俠義,임소병,청명X임소병,섹슈얼,,"만화,기타",mallangworld,https://dongne.co/events/df2407/circles/125866,제26회 디. 페스타,Day1
뒷산한계점,우우린,,,,,2sp,프로젝트 세카이 컬러풀스테이지 feat.하츠네 미쿠,,,"아오야기 토우야,시노노메 아키토",아오야기 토우야X시노노메 아키토,"로맨틱,섹슈얼",루이츠카,만화,,https://dongne.co/events/df2407/circles/123077,제26회 디. 페스타,Day1
뚜루뚜루룻,룬시아,,,,,2sp,전독시,가비지타임 데못죽,,중혁독자,유중혁X김독자,,,"일러스트,기타",,https://dongne.co/events/df2407/circles/123236,제26회 디. 페스타,Day1
마마야메론,고고,,,,,2sp,프로세카,프세카 오리지널,,,,,,,@3tx53l2gu ,https://dongne.co/events/df2407/circles/123349,제26회 디. 페스타,Day1
만엽매화당,벽랑,,,,,2sp,화산귀환,,화산귀환 쁘띠존: 天下俠義,"백천,청명",,"로맨틱,섹슈얼",,"소설,만화",@byeokrang,https://dongne.co/events/df2407/circles/124468,제26회 디. 페스타,Day1
망무의전설,뮤즈,,,,,2sp,마도조사,젤다의전설,,"남망기,위무선",남망기X위무선,로맨틱,,일러스트,nyamuse,https://dongne.co/events/df2407/circles/126349,제26회 디. 페스타,Day1
모찌나가용,쥬,,,,,2sp,데뷔 못 하면 죽는 병 걸림,,,ㅇ,,,,"공예,기타",.,https://dongne.co/events/df2407/circles/125408,제26회 디. 페스타,Day1
몬다이나이,몬챠,,,,,1sp,"신데마스,은혼",,,,,,,일러스트,@mon_dai_nai,https://dongne.co/events/df2407/circles/124235,제26회 디. 페스타,Day1
미니밤호박,밤빵호박,,,,,2sp,반월당의 기묘한 이야기,진혼기,반월당 쁘띠존 : 나쁜 꿈은 끝났어,,,,,,ho_dan0203,https://dongne.co/events/df2407/circles/126775,제26회 디. 페스타,Day1
미어깻동굴,시오,,,,,2sp,명탐정 코난,,,"아카이슈이치,후루야레이",,"로맨틱,섹슈얼",,,comet_xio,https://dongne.co/events/df2407/circles/125765,제26회 디. 페스타,Day1
별먼지상점,말랭,,,,,2sp,,,,,,,,일러스트,@malengii,https://dongne.co/events/df2407/circles/124033,제26회 디. 페스타,Day1
부스러가되,앗곰,,,,,1sp,명급리,"데못죽,마마살",,"조의신,박문대,신청려,이한",천성헌X조의신,로맨틱,"의신른,문대른",일러스트,@i_iurtm,https://dongne.co/events/df2407/circles/124829,제26회 디. 페스타,Day1
북산칠공주,비나,,,,,2sp,슬램덩크,주술회전,,,,,,일러스트,@sebin_13,https://dongne.co/events/df2407/circles/124313,제26회 디. 페스타,Day1
사갈같은놈,사갈,,,,,4sp,화산귀환,,화산귀환 쁘띠존: 天下俠義,청명,당보X청명,"해당없음,로맨틱",일소청명,"만화,소설,일러스트",@sagal_hwa,https://dongne.co/events/df2407/circles/123959,제26회 디. 페스타,Day1
소금빵가게,시오,,,,,1sp,가비지타임,주술회전,,,,,,,sioseasa1t,https://dongne.co/events/df2407/circles/125182,제26회 디. 페스타,Day1
안녕하세요,질러,,,,,1sp,,,,,,,,,,https://dongne.co/events/df2407/circles/125847,제26회 디. 페스타,Day1
애플블로썸,소내,,,,,1sp,데못죽,초심돌,,,,,,일러스트,,https://dongne.co/events/df2407/circles/123167,제26회 디. 페스타,Day1
에스페란사,천경,,,,,2sp,천관사복,"마도조사,인사반파자구계통,흑집사,나츠메 우인장",,화성 사련,,로맨틱,,"만화,일러스트",@tenkei121,https://dongne.co/events/df2407/circles/126219,제26회 디. 페스타,Day1
의원또살다,가홍,,,,,1sp,"의원,다시 살다",,,진천희,,,,일러스트,gahong_,https://dongne.co/events/df2407/circles/126358,제26회 디. 페스타,Day1
잠깐그라탕,잠깐,,,,,2sp,데뷔 못 하면 죽는 병 걸림,"전지적 독자 시점,어두운 바다의 등불이 되어",,,청려X박문대(류건우),,중혁독자(중독),,,https://dongne.co/events/df2407/circles/126218,제26회 디. 페스타,Day1
제형입니다,우엉,,,,,1sp,내가 키운 s급들,,,"한유진,한유현",한유현X한유진,로맨틱,,"조형,기타,일러스트",@ueongEueong,https://dongne.co/events/df2407/circles/124737,제26회 디. 페스타,Day1
젤리보관함,냥젤,,,,,1sp,데뷔못하면 죽는 병 걸림,,,,,,,"소설,만화",@NYAN_zzell,https://dongne.co/events/df2407/circles/123766,제26회 디. 페스타,Day1
진티엔리밍,비녀부스,,,,,2sp,,,,,,,,,,https://dongne.co/events/df2407/circles/125465,제26회 디. 페스타,Day1
크림소다당,챠비별,,,,,2sp,,,,,,,,,nyavender,https://dongne.co/events/df2407/circles/124754,제26회 디. 페스타,Day1
킴의가시네,루치,,,,,2sp,네가죽어,,,미도리 소우 사라,소우X사라,"로맨틱,섹슈얼",,"만화,일러스트",@ru_chi_i,https://dongne.co/events/df2407/circles/123813,제26회 디. 페스타,Day1
투명식빵몬,몬,,,,,2sp,파이널판타지14,,,"빛의전사,그라하티아",빛의전사X그라하티아,섹슈얼,빛의전사x에렌빌,"만화,일러스트",@strawpg,https://dongne.co/events/df2407/circles/125058,제26회 디. 페스타,Day1
팝콘팝니다,굿게,,,,,2sp,"가비지타임,내가키운S급들,데뷔못하면죽는병걸림",,,"현제유진,박문대",,해당없음,,일러스트,_ellllk,https://dongne.co/events/df2407/circles/123546,제26회 디. 페스타,Day1
팥차전문점,빙봉,,,,,2sp,"의원,다시 살다",,,"진천희,제갈린,유호",,해당없음,,,@_you_n_me,https://dongne.co/events/df2407/circles/125636,제26회 디. 페스타,Day1
폭탄돌리기,야마,,,,,2sp,포켓몬스터,슬램덩크,,"단델,금랑,송태섭,정대만",단델X금랑,"로맨틱,섹슈얼",송태섭x정대만,,@YAMAAA_KK,https://dongne.co/events/df2407/circles/123844,제26회 디. 페스타,Day1
햇님잡화점,나기,,,,,2sp,플레이브,하이큐.데못죽,,,,,,,,https://dongne.co/events/df2407/circles/124487,제26회 디. 페스타,Day1
허니러스크,플,,,,,2sp,수공예,,,,,"로맨틱,섹슈얼",호열백호호열,공예,honeyrusks_plz,https://dongne.co/events/df2407/circles/124182,제26회 디. 페스타,Day1
에우메네스 ~마케도니아에 춤추듯 내려온 천재~,masse,,,,,2sp,"아카기,히스토리에","죠죠,골든카무이",,"아카기,에우메네스",,해당없음,,만화,@masse89898080,https://dongne.co/events/df2407/circles/125802,제26회 디. 페스타,Day1
신기하게도 네 인물의 장르는 같다,"와니,천생연분,먼키친,통귤탕후루",,,,,2sp,"역전재판,대역전재판","명탐정 코난,이세계 착각 헌터",,,,,"아카아무,하기마츠",일러스트,"@77_us_77,@tgaa_danshi,@ meow__web,@Dld__dgs",https://dongne.co/events/df2407/circles/125265,제26회 디. 페스타,Day1
댄스플로어 달링,랄랑,,,,,1sp,캐릭터 문구,,,,,로맨틱,,"기타,일러스트",@lalangheej,https://dongne.co/events/df2407/circles/123301,제26회 디. 페스타,Day1
매화검존이 구한 중원 치고는 참,물개,,,,,4sp,화산귀환,,화산귀환 쁘띠존: 天下俠義,"청명,당보",당보X청명,"로맨틱,해당없음",,,@185cm_158cm,https://dongne.co/events/df2407/circles/126341,제26회 디. 페스타,Day1
백의화랑을 우로 밀어 잠금해제,"양서리, 한서",,,,,2sp,진혼기,진혼기,,"자하,설영",자하X설영,"로맨틱,섹슈얼",,소설,@_be612,https://dongne.co/events/df2407/circles/126709,제26회 디. 페스타,Day1
축구공으로 마을 지키기,횐,,,,,2sp,윈브레,"블루록,하이큐,화산귀환,전지적독자시점",,"스오 하야토,사쿠라 하루카,나기 세이시로,이사기 요이치,이토시 린,미야 아츠무,히나타 쇼요,백천,청명,유중혁,김독자",나기 세이시로X이사기 요이치,로맨틱,"나기이사, 린이사, 츠무히나, 백천청명, 중혁독자",일러스트,@Huin_love,https://dongne.co/events/df2407/circles/123644,제26회 디. 페스타,Day1
대재앙인데 둘이 사랑을 왜 해,지영랑,,,,,1sp,진혼기,,,설영,자하X설영,로맨틱,,일러스트,@jiyeonglang,https://dongne.co/events/df2407/circles/125379,제26회 디. 페스타,Day1
부스잡아온 도롱이,샴개,,,,,2sp,가비지타임,,,,,,,소설,,https://dongne.co/events/df2407/circles/123685,제26회 디. 페스타,Day1
쏙쏙빼먹는 소세지,쏙쏘,,,,,2sp,명탐정 코난,화산귀환,,,,로맨틱,,"일러스트,만화",@ThrThtttt,https://dongne.co/events/df2407/circles/126567,제26회 디. 페스타,Day1
에브리데이 선데이,방주,,,,,1sp,붕괴 스타레일,"원신,니지산지",,"어벤츄린,레이시오,카나에",레이시오X어벤츄린,로맨틱,,만화,,https://dongne.co/events/df2407/circles/125222,제26회 디. 페스타,Day1
구원자님과 오렌지 두 알,옌,,,,,1sp,어두운 바다의 등불이 되어,,재희무현 쁘띠존 ~이 쁘띠존은 오늘의 상이에요~,"김재희,박무현",김재희X박무현,"로맨틱,섹슈얼,해당없음",,,@NNNNN_AY,https://dongne.co/events/df2407/circles/123262,제26회 디. 페스타,Day1
앞머리에도 주력이 있나요,씅애,,,,,2sp,"주술회전,게토고죠",,게토고죠 쁘띠존 《END UP》,"게토 스구루,고죠 사토루",,"섹슈얼,로맨틱",,"만화,일러스트,공예",@aoi_nami_koishi,https://dongne.co/events/df2407/circles/124994,제26회 디. 페스타,Day1
리츠마오와 요것저것,럼,,,,,1sp,앙상블스타즈,,,"사쿠마 리츠,이사라 마오,아마기 히이로,시라토리 아이라,츠키나가 레오,세나 이즈미",,"로맨틱,섹슈얼","리츠마오, 히이아이, 레오이즈",일러스트,lumginq,https://dongne.co/events/df2407/circles/126401,제26회 디. 페스타,Day1
문대큰세의 번달번줌,서문바다,,,,,1sp,데뷔 못 하면 죽는 병 걸림,,,박문대,,"로맨틱,섹슈얼",,소설,@seomunbada_DMJ,https://dongne.co/events/df2407/circles/125782,제26회 디. 페스타,Day1
주워주세요 구원자님,바움,,,,,1sp,어두운 바다의 등불이 되어,,재희무현 쁘띠존 ~이 쁘띠존은 오늘의 상이에요~,김재희 박무현 취급주의,,섹슈얼,,소설,web_iddm,https://dongne.co/events/df2407/circles/123066,제26회 디. 페스타,Day1
할말있으면 라이브로 해,랩실,,,,,2sp,프로젝트 세카이,"앙상블 스타즈,명문고 EX급 조연의 리플레이,우마무스메",,,,,,,,https://dongne.co/events/df2407/circles/124654,제26회 디. 페스타,Day1
여기서부터 고게까지 다 주세요,"재이, 몽",,,,,2sp,주술회전,,고죠게토 쁘띠존 : ✧ 夢中相尋 몽중상심 ✦,"고죠 사토루,게토 스구루",고죠 사토루X게토 스구루,로맨틱,,"기타,만화,소설","@gogecake_yam_, @maoneandon1y",https://dongne.co/events/df2407/circles/126851,제26회 디. 페스타,Day1
남누자나의 죽여주는 사랑,또처,,,,,2sp,주술회전,,게토고죠 쁘띠존 《END UP》,"게토 스구루,고죠 사토루",게토 스구루X고죠 사토루,"로맨틱,섹슈얼",,"만화,일러스트",@ttoeatagain,https://dongne.co/events/df2407/circles/125725,제26회 디. 페스타,Day1
매화도사가 보증하는 당과 가게,국히,,,,,1sp,화산귀환,,화산귀환 쁘띠존: 天下俠義,,,,,,,https://dongne.co/events/df2407/circles/124593,제26회 디. 페스타,Day1
박무현쌤이 말아주는 짬뽕(부제:씹고 뜯고 맛보고 즐기고),망구,,,,,2sp,어두운 바다의 등불이 되어,,,"박무현,신해량,서지혁,백애영,김재희",서지혁X신해량,"로맨틱,섹슈얼",무현지혁,소설,@mang9ooo_,https://dongne.co/events/df2407/circles/123939,제26회 디. 페스타,Day1
청문사형의 육아실패 스토리,"산신 , 루이월, 냴",,,,,1sp,화산귀환,,화산귀환 쁘띠존: 天下俠義,"청문,청명,청진",,"로맨틱,해당없음",논컾,"만화,일러스트,소설","@Sansiln0 , @lu_iwol, @New_c1010",https://dongne.co/events/df2407/circles/125392,제26회 디. 페스타,Day1
성공한다면 무언가를 보여드리겠습니다,904,,,,,1sp,데뷔못하면죽는병걸림,"슬램덩크,가비지타임",,,정우성X이명헌,"섹슈얼,로맨틱",,일러스트,@9woo4myung,https://dongne.co/events/df2407/circles/124872,제26회 디. 페스타,Day1
매화검법도 마법이라고 볼 수 있지 않을까요?,도붓,,,,,2sp,화산귀환,,화산귀환 쁘띠존: 天下俠義,장일소 호가명 임소병 청명,일소X가명,로맨틱,"남궁도위,임소병","기타,소설,만화,일러스트",@saae_ang,https://dongne.co/events/df2407/circles/126144,제26회 디. 페스타,Day1
검사님에게 애착변호사를 주세요!,나만만세,,,,,1sp,대역전재판,역전재판 시리즈,,"바로크 반직스,나루호도 류노스케",바로크 반직스X나루호도 류노스케,로맨틱,아소류,"일러스트,기타,만화",@kje5645_tdgs,https://dongne.co/events/df2407/circles/126160,제26회 디. 페스타,Day1
굿즈팔이소녀,rtyu778,,,,,1sp,데뷔 못 하면 죽는 병 걸림,"전지적 독자 시점,어두운 바다의 등불이 되어",,"청려,박문대,유중혁,김독자",,,,일러스트,mindy_cmt,https://dongne.co/events/df2407/circles/124041,제26회 디. 페스타,Day1
근췬제형부스,"sihan12, 하드타코",,,,,2sp,내가 키운 s급들,,,한유현 한유진,,"섹슈얼,로맨틱",,,@sihanbu12,https://dongne.co/events/df2407/circles/124959,제26회 디. 페스타,Day1
냉동치즈버거,"따안,Noc",,,,,2sp,혈계전선,,,,,"섹슈얼,로맨틱",,"만화,일러스트,소설",,https://dongne.co/events/df2407/circles/124213,제26회 디. 페스타,Day1
두부착즙부스,바다,,,,,2sp,프로젝트 세카이,,,"아오야기 토우야,시노노메 아키토",아오야기 토우야X시노노메 아키토,로맨틱,,만화,,https://dongne.co/events/df2407/circles/123098,제26회 디. 페스타,Day1
메이릴리가든,하다월,,,,,4sp,,,,,,,,공예,@Ma_Li_garden,https://dongne.co/events/df2407/circles/123676,제26회 디. 페스타,Day1
멧챠브레이커,시옷,,,,,2sp,윈드브레이커,,,,스오 하야토X사쿠라 하루카,"로맨틱,섹슈얼",,만화,,https://dongne.co/events/df2407/circles/123148,제26회 디. 페스타,Day1
부스명뭐하지,세이,,,,,2sp,데못죽,,,박문대,,,,일러스트,sei,https://dongne.co/events/df2407/circles/124811,제26회 디. 페스타,Day1
부스명뭐하지,ㅎㅅ,,,,,1sp,데못죽,,,박문대,,,,,,https://dongne.co/events/df2407/circles/123279,제26회 디. 페스타,Day1
생크림고게떡,mg,,,,,2sp,주술회전,,고죠게토 쁘띠존 : ✧ 夢中相尋 몽중상심 ✦,"고죠 사토루,게토 스구루",,"로맨틱,섹슈얼",,소설,@ggmin_gge,https://dongne.co/events/df2407/circles/123468,제26회 디. 페스타,Day1
서라벌아이돌,지안랑,,,,,2sp,진혼기,,,"김자하,김설영,자하,설영",자하X설영,"로맨틱,섹슈얼",,"소설,만화",dear_my_lune_,https://dongne.co/events/df2407/circles/123488,제26회 디. 페스타,Day1
서라벌파출소,"쇠고랑, 야마랑, 염병랑",,,,,2sp,진혼기,어두운 바다의 등불이 되어,,,자하X설영,"로맨틱,섹슈얼",해량무현,"만화,일러스트",@s_ko_rang,https://dongne.co/events/df2407/circles/124358,제26회 디. 페스타,Day1
서라벌파출소,"먀먕랑, 쇠고랑",,,,,2sp,진혼기,어두운 바다의 등불이 되어,,,자하X설영,"로맨틱,섹슈얼",해량무현,"일러스트,만화",mya_myang___,https://dongne.co/events/df2407/circles/123806,제26회 디. 페스타,Day1
슬슬결혼하죠,랑,,,,,1sp,진혼기,설영자하/서검서준,,설영자하 서검서준,,,,,.,https://dongne.co/events/df2407/circles/124043,제26회 디. 페스타,Day1
습격을막아라,러블리꾸꾸,,,,,2sp,,,,,,,,,,https://dongne.co/events/df2407/circles/123516,제26회 디. 페스타,Day1
아무튼고게함,Momo,,,,,1sp,주술회전,,고죠게토 쁘띠존 : ✧ 夢中相尋 몽중상심 ✦,"고죠 사토루,게토 스구루",고죠 사토루X게토 스구루,"로맨틱,섹슈얼",,소설,musical_MNA,https://dongne.co/events/df2407/circles/125834,제26회 디. 페스타,Day1
여름맞이상점,"별모래, 치롤",,,,,2sp,"창작일러스트,창작시집,레진공예,매듭공예,수공예",가죽공예,,,,,,"공예,기타,일러스트,소설",,https://dongne.co/events/df2407/circles/124267,제26회 디. 페스타,Day1
월간누적최애,김아미,,,,,1sp,앙상블스타즈,,,올캐릭터,,,,"공예,조형,만화",@frozen_ami,https://dongne.co/events/df2407/circles/123659,제26회 디. 페스타,Day1
임시케이지예,임시계,,,,,2sp,프로젝트 세카이 컬러풀 스테이지! feat.하츠네 미쿠.,,,"아오야기 토우야,시노노메 아키토",아오야기 토우야X시노노메 아키토,로맨틱,,"만화,일러스트",imis_2,https://dongne.co/events/df2407/circles/125604,제26회 디. 페스타,Day1
작은먼지상점,Lun룬,,,,,2sp,내스급,데못죽/전독시/주술회전,,한유진,,,,"일러스트,기타",@Talen_free,https://dongne.co/events/df2407/circles/123888,제26회 디. 페스타,Day1
전자미개지예,전자미녀,,,,,2sp,프로젝트세카이 피처링하츠네미쿠,,,,아오야기토우야X시노노메아키토,"로맨틱,섹슈얼","주하나,하준알렌,토라후유","만화,소설,일러스트",coffeeXhotcake,https://dongne.co/events/df2407/circles/125730,제26회 디. 페스타,Day1
족제비마라탕,들레,,,,,2sp,천관사복,인사반파,,사련,,해당없음,,"만화,일러스트,기타",@Deulle_Mm,https://dongne.co/events/df2407/circles/123180,제26회 디. 페스타,Day1
중원십전상단,창식,,,,,4sp,화산귀환,,화산귀환 쁘띠존: 天下俠義,청명,당보X청명,해당없음,청명소병,"만화,일러스트",hitz_0o0,https://dongne.co/events/df2407/circles/124020,제26회 디. 페스타,Day1
티티포레스트,티티포레스트,,,,,1sp,1차 창작 문구 일러스트,,,,,,,일러스트,@titi_forest_,https://dongne.co/events/df2407/circles/124065,제26회 디. 페스타,Day1
환타와아이들,"진저,Email ,환타",,,,,2sp,주술회전,,후시른 쁘띠존 3회 [ MEGUMI IS ALWAYS RIGHT ],후시구로메구미,,,,,"@myson_gumi,@email2140,",https://dongne.co/events/df2407/circles/124683,제26회 디. 페스타,Day1
힙찔이매니저,메이,,,,,1sp,"파라라이,아이나나",,,,,,,,@Maii_050225,https://dongne.co/events/df2407/circles/123968,제26회 디. 페스타,Day1
청백도맞들면 낫다,집오리,,,,,1sp,화산귀환,,청명백천 쁘띠존 <청명아! 백천아! 안되겠다 혼인하자>,청명백천,청명X백천,해당없음,,만화,oribalsick,https://dongne.co/events/df2407/circles/123458,제26회 디. 페스타,Day1
"해공말수부터 해말, 해리드레까지","클린스윕, 레안, 마담로투스",,,,,2sp,해리포터,3인 앤솔로지,,"해리 포터,드레이코 말포이",해리 포터X드레이코 말포이,로맨틱,,"만화,일러스트",@HPDM_0731,https://dongne.co/events/df2407/circles/124634,제26회 디. 페스타,Day1
고소공포증이 있어서 화산은 못가!,은연,,,,,1sp,화산귀환,없음,화산귀환 쁘띠존: 天下俠義,"청명,당보,백천",당보X청명,로맨틱,,"소설,일러스트",@dadadau7,https://dongne.co/events/df2407/circles/124500,제26회 디. 페스타,Day1
녹림톨게이트 디페지점,매화설탕,,,,,4sp,화산귀환,,화산귀환 쁘띠존: 天下俠義,임소병,,섹슈얼,,공예,@BS_apricot,https://dongne.co/events/df2407/circles/124581,제26회 디. 페스타,Day1
게이인것같아 고민입니다,김대의,,,,,1sp,주술회전,,게토고죠 쁘띠존 《END UP》,"게토 스구루,고죠 사토루",게토 스구루X고죠 사토루,로맨틱,,"소설,기타",@getolover_mel,https://dongne.co/events/df2407/circles/125923,제26회 디. 페스타,Day1
오마와리상을 오사와리망,노라,,,,,2sp,네가죽어,,,시노기케이지 치도인사라 미도리,,해당없음,,"만화,일러스트,게임",@nora_kmgsn,https://dongne.co/events/df2407/circles/123528,제26회 디. 페스타,Day1
개천신화부터 통일신라까지,"바삭, 흐물, 소단, 편자",,,,,4sp,"명급리,진혼기",덷맨스 전독시,,"자하,설영,황호,의신,제건,신록",자하X설영,해당없음,"황호의신, 제건신록, 영원호현",,,https://dongne.co/events/df2407/circles/123672,제26회 디. 페스타,Day1
전연령이라도 디페를사랑해,스식,,,,,1sp,블랙배저,,,힐데,예현X힐데,"로맨틱,섹슈얼",해량무현,"만화,일러스트",@gladjq,https://dongne.co/events/df2407/circles/123855,제26회 디. 페스타,Day1
사퍼하실래요?,이즈,,,,,2sp,사이퍼즈,,,"잭,클리브",잭X클리브,"로맨틱,섹슈얼",,"만화,소설,사진",@mitsjxc,https://dongne.co/events/df2407/circles/126286,제26회 디. 페스타,Day1
딸기초코클로버,미노리,,,,,2sp,프로젝트 세카이,,,"아키야마 미즈키,시노노메 에나,하나사토 미노리",,,,일러스트,@mmnr_yr,https://dongne.co/events/df2407/circles/125250,제26회 디. 페스타,Day1
마라탕유부추가,광춘,,,,,2sp,가비지타임,"데뷔 못 하면 죽는 병 걸림,블랙배저,어두운 바다의 등불이 되어",,"주찬양,배세진,잭블랙,서지혁",,,,,@N0cbalkeepgoing,https://dongne.co/events/df2407/circles/124417,제26회 디. 페스타,Day1
맡구가신작을냄,"해안구, 마하무트",,,,,2sp,,,,,,,,,,https://dongne.co/events/df2407/circles/123918,제26회 디. 페스타,Day1
메구미쭈압쭈압,"타타시,MSG",,,,,2sp,주술회전,,후시른 쁘띠존 3회 [ MEGUMI IS ALWAYS RIGHT ],후시구로메구미,,"로맨틱,섹슈얼",스쿠후시 ,,@ghksxk9151@msglutam,https://dongne.co/events/df2407/circles/124386,제26회 디. 페스타,Day1
복슬복슬전문점,다쿠단거,,,,,1sp,전지적 독자 시점,,,"유중혁,김독자",유중혁X김독자,,,,@darksweetdanger,https://dongne.co/events/df2407/circles/124414,제26회 디. 페스타,Day1
부스처음이에요,천염식비,,,,,2sp,"엘소드,전지적 독자시점",,,,,,,"게임,소설",@Asthma_jabduck,https://dongne.co/events/df2407/circles/126695,제26회 디. 페스타,Day1
슈가솔트데이즈,슈가솔트데이즈,,,,,2sp,,,,,,,,,@sugarsaltdayz,https://dongne.co/events/df2407/circles/123360,제26회 디. 페스타,Day1
오렌지카멜리아,개살통통,,,,,1sp,어두운 바다의 등불이 되어,,재희무현 쁘띠존 ~이 쁘띠존은 오늘의 상이에요~,김재희 박무현,김재희X박무현,로맨틱,,"만화,일러스트",@bbookkoonuna,https://dongne.co/events/df2407/circles/126502,제26회 디. 페스타,Day1
이게토우아키야,심재형,,,,,1sp,프로젝트 세카이,없음,,"토우야,아키토",,로맨틱,없음,,@seha12345678,https://dongne.co/events/df2407/circles/124834,제26회 디. 페스타,Day1
자급자족하는중,물개파파,,,,,2sp,가비지타임,"내스급,전독시",,,,,,,,https://dongne.co/events/df2407/circles/124486,제26회 디. 페스타,Day1
잡상인이올소다,몽,,,,,1sp,화산귀환,"내가 키운 S급들,데뷔 못 하면 죽는 병 걸림,로판",,,,,,"소설,공예",@loview_Te,https://dongne.co/events/df2407/circles/125591,제26회 디. 페스타,Day1
혈중이반틸부족,민들레,,,,,1sp,"에일리언 스테이지(에이스테,alien stage)",,,"이반,틸,Ivan till",이반X틸,해당없음,,일러스트,@LOv2_75,https://dongne.co/events/df2407/circles/124518,제26회 디. 페스타,Day1
달콤한일러스트 ,iamyunji,,,,,2sp,모모찌,,,모모찌,,,,일러스트,iamyunji,https://dongne.co/events/df2407/circles/124178,제26회 디. 페스타,Day1
부스주인고질병 : 입덕부정,Arian,,,,,2sp,하이큐,,,,,,쿠로켄,소설,,https://dongne.co/events/df2407/circles/123169,제26회 디. 페스타,Day1
글러먹은사파자식,"ㄱㄱㄹㅇ, 릎",,,,,2sp,화산귀환,,화산귀환 쁘띠존: 天下俠義,"장일소,임소병,호가명",,"섹슈얼,로맨틱",,"소설,만화",@_Gwon_218,https://dongne.co/events/df2407/circles/125347,제26회 디. 페스타,Day1
떠나자부산엑스포,이규,,,,,1sp,가비지타임,,,,,,,,,https://dongne.co/events/df2407/circles/125180,제26회 디. 페스타,Day1
시마이부붐은온다,신신,,,,,1sp,MIU404,,,"시마 카즈미,이부키 아이",시마 카즈미X이부키 아이,로맨틱,,만화,@L_1aw1iet,https://dongne.co/events/df2407/circles/124537,제26회 디. 페스타,Day1
쏘암언터쳐블깡총,산땍,,,,,2sp,가정교사 히트맨 리본,"하이큐,블루록",,,,,,,@sanddek,https://dongne.co/events/df2407/circles/123161,제26회 디. 페스타,Day1
영원청춘사랑게고,옷토,,,,,1sp,"주술회전,게토고죠",,게토고죠 쁘띠존 《END UP》,"게토 스구루,고죠 사토루",게토 스구루X고죠 사토루,"로맨틱,섹슈얼",,"만화,일러스트,공예",ohto0221,https://dongne.co/events/df2407/circles/126664,제26회 디. 페스타,Day1
이부시마가보자고,"구미베어, 뿅망치",,,,,1sp,MIU404,,,"이부키,시마",,"로맨틱,섹슈얼",,소설,@rjsrkdqhrl00 @bch_T_04,https://dongne.co/events/df2407/circles/125208,제26회 디. 페스타,Day1
천두따라영오간다,"천두, 영오",,,,,2sp,화산귀환,"플레이브,가비지타임",화산귀환 쁘띠존: 天下俠義,청명,,,,"만화,일러스트",1000_doo,https://dongne.co/events/df2407/circles/124850,제26회 디. 페스타,Day1
콩나물국밥탕후루,이스 / 힝쿵,,,,,2sp,명탐정 코난,"프로젝트 세카이,플레이브",,"아무로,아즈사,아키토,코하네",아무로X아즈사,로맨틱,프세카 아키코하,"만화,일러스트",@kealis527,https://dongne.co/events/df2407/circles/123928,제26회 디. 페스타,Day1
경찰아저씨여기예요,"POPCORN, OKHA",,,,,2sp,주술회전,,후시른 쁘띠존 3회 [ MEGUMI IS ALWAYS RIGHT ],"고죠 사토루,후시구로 메구미",고죠 사토루X후시구로 메구미,"섹슈얼,로맨틱",,"만화,일러스트,소설",heymrpolice,https://dongne.co/events/df2407/circles/124961,제26회 디. 페스타,Day1
그림러먹은사파녀석,"마, 배눈",,,,,2sp,화산귀환,,화산귀환 쁘띠존: 天下俠義,"장일소,임소병,호가명",,,,"일러스트,기타,만화",@ma64068248 @baeb__ii,https://dongne.co/events/df2407/circles/125138,제26회 디. 페스타,Day1
등촌마카롱간장게장,호비,,,,,2sp,다이아몬드 에이스,"프로세카,프로젝트 세카이",,,,,,,@KUN2bfugSrLTIdq,https://dongne.co/events/df2407/circles/124923,제26회 디. 페스타,Day1
셋이모여서도원결의,272장,,,,,2sp,"명급리,슬램덩크","문송안함,광마회귀",,,,,,"소설,만화,공예",,https://dongne.co/events/df2407/circles/124389,제26회 디. 페스타,Day1
판교비천택신혼부부,필명,,,,,1sp,진혼기,,,,자하X설영,로맨틱,,"만화,일러스트",,https://dongne.co/events/df2407/circles/125627,제26회 디. 페스타,Day1
떡대수창작앤솔로지 ,양은지,,,,,1sp,,,,,,,,만화,@didRkRk,https://dongne.co/events/df2407/circles/123538,제26회 디. 페스타,Day1
그럼제가선배맘에탕!탕!후루!후루!탕!탕!후루루루루!탕!탕!후루!후루!탕!탕!후루루루루!,파랑,,,,,2sp,주술회전,,,"고죠 사토루,이오리 우타히메",고죠 사토루X이오리 우타히메,"로맨틱,섹슈얼",,"만화,일러스트,소설",comeonbabyblue,https://dongne.co/events/df2407/circles/126882,제26회 디. 페스타,Day1
게토가박고고죠가앙함,Cheeze,,,,,1sp,주술회전,,게토고죠 쁘띠존 《END UP》,"게토 스구루,고죠 사토루",게토 스구루X고죠 사토루,"로맨틱,섹슈얼",,"일러스트,만화",@kuro_white_725,https://dongne.co/events/df2407/circles/125532,제26회 디. 페스타,Day1
공화국제조쿠키맛있다,감초,,,,,2sp,쿠키런 킹덤,명탐정 코난,,"마들렌,에스프레소,다카기,사토",마들렌X에스프레소,"로맨틱,섹슈얼",,"만화,일러스트",,https://dongne.co/events/df2407/circles/123074,제26회 디. 페스타,Day1
설레이는이마음은뭘까,루랑,,,,,1sp,"전독시(전지적독자시점),데못죽(데뷔못하면죽는병걸림)",,,,중혁X독자,,,,@Rang_luvtika,https://dongne.co/events/df2407/circles/125008,제26회 디. 페스타,Day1
신비한별의☆중원무림,"Murr, BDE, 유땅",,,,,2sp,화산귀환,신비한 별의 쌍둥이공주,화산귀환 쁘띠존: 天下俠義,"청명,초삼,당보,청문,청진,백아,레인,쉐이드,이자하",쉐이드X레인,로맨틱,,"일러스트,만화",@DF2207sun,https://dongne.co/events/df2407/circles/125104,제26회 디. 페스타,Day1
육안유기땡중긴급체포,"론, 건결, 조용히 먹을게요 ",,,,,2sp,,,게토고죠 쁘띠존 《END UP》,"게토 스구루,고죠 사토루",게토 스구루X고죠 사토루,로맨틱,,"기타,일러스트",@MmMLoNMmM ,https://dongne.co/events/df2407/circles/125826,제26회 디. 페스타,Day1
윻윶못하면죽는병걸림,"이구,아기자기",,,,,2sp,내가 키운 S급들,"데뷔를 못하면 죽는 병 걸림,어두운 바다의 등불이 되어,블랙배저",,"한유현,한유진,테스타",,,,,@bombi_igu,https://dongne.co/events/df2407/circles/125290,제26회 디. 페스타,Day1
아마도밥을많이먹겠죠?,긤,,,,,1sp,원피스,,,,,,,"만화,게임,기타",gi_um_,https://dongne.co/events/df2407/circles/124164,제26회 디. 페스타,Day1
문큰룸메기원정권찌르기,데밀,,,,,2sp,데못죽,,,"박문대,이세진",박문대X이세진,"로맨틱,섹슈얼",,소설,@keunse_xgf,https://dongne.co/events/df2407/circles/125252,제26회 디. 페스타,Day1
오죠사마코스요리데스요,나임,,,,,2sp,주술회전,진혼기,,,고죠 사토루X후시구로 메구미,섹슈얼,,,,https://dongne.co/events/df2407/circles/126003,제26회 디. 페스타,Day1
전어멸종위기대책위원회,쏘피,,,,,1sp,주술회전,,고죠게토 쁘띠존 : ✧ 夢中相尋 몽중상심 ✦,"고죠 사토루,게토 스구루",고죠 사토루X게토 스구루,로맨틱,,소설,@feelsos_goge,https://dongne.co/events/df2407/circles/125931,제26회 디. 페스타,Day1
내가명줄이짧지여우가없냐,"시오, 사약커피",,,,,2sp,반월당의 기묘한 이야기,"의원,다시 살다",반월당 쁘띠존 : 나쁜 꿈은 끝났어,"백란,유단,그 외 반월당 캐릭터들",,,,"일러스트,기타","@txxldxx, @caffeine10_",https://dongne.co/events/df2407/circles/126113,제26회 디. 페스타,Day1
이치방이치로이치고이치에,공백,,,,,2sp,히프노시스 마이크,,,,,해당없음,,"일러스트,기타",,https://dongne.co/events/df2407/circles/126151,제26회 디. 페스타,Day1
이중에네장르하나는있겠지.,구두태,,,,,4sp,블랙배저,화산귀환 / 세포신곡 / 페르소나,,힐데 잭 카노 세오도아 아마미야렌 아케치고로,아마미야 렌X아케치 고로,해당없음,잭힐,"만화,일러스트",Gu_tt_10,https://dongne.co/events/df2407/circles/127110,제26회 디. 페스타,Day1
마카롱김치찌개로제마라엽떡,"이규, Grey",,,,,2sp,"블루 자이언트,데빌드롭",산,,"사와베 유키노리,미야모토 다이,시마자키 산포,시이나 쿠미,라캄 제르그릴 롯하트,아사기리 요나",,로맨틱,,"만화,일러스트,조형","@_Egyuuuu, @grey_99123",https://dongne.co/events/df2407/circles/125316,제26회 디. 페스타,Day1
얼레벌떡헐레벌레원고러수용소,"퐄, 적송올리",,,,,2sp,마법사의 약속,,,아키라(여현자),아키라(여현자),로맨틱,"오웬아키, 미스아키",게임,@Magic_holic,https://dongne.co/events/df2407/circles/125125,제26회 디. 페스타,Day1
중원일짱이라도사랑이하고싶어!,냠마,,,,,2sp,화산귀환,,화산귀환 쁘띠존: 天下俠義,,,"로맨틱,섹슈얼","청명당보, 당보청명, 백천청명.","만화,일러스트,소설",@nyamma4,https://dongne.co/events/df2407/circles/125372,제26회 디. 페스타,Day1
김재희를유니트체어에묶어놓고스케일링하는상상,"와라, 해핀",,,,,2sp,어두운 바다의 등불이 되어,,재희무현 쁘띠존 ~이 쁘띠존은 오늘의 상이에요~,"김재희,박무현,차유진,김래빈",김재희X박무현,로맨틱,차유진x김래빈,"소설,공예,기타","@WR0306A, @Haefx1n22",https://dongne.co/events/df2407/circles/125371,제26회 디. 페스타,Day1
태섭아잠들면안돼진실게임하자좋아하는왼쪽있어?,소금소금,,,,,2sp,슬램덩크,,,송태섭,윤대협X정대만X송태섭X송태섭,"섹슈얼,로맨틱","대만태섭, 태섭른","소설,만화,일러스트",salt777SD,https://dongne.co/events/df2407/circles/126085,제26회 디. 페스타,Day1
백0원 선생님이 메뉴를 줄이라 하셨는데.,가무,,,,,2sp,화산귀환,하이큐. 원피스.,,청명.,,,,"만화,일러스트",AJDGF_,https://dongne.co/events/df2407/circles/124458,제26회 디. 페스타,Day1
팬케이크 추출물 0.5251112% 함유,팬케이크 오지상,,,,,2sp,프로젝트 세카이,,,"아오야기 토우야,시노노메 아키토",아오야기 토우야X시노노메 아키토,섹슈얼,,소설,,https://dongne.co/events/df2407/circles/123704,제26회 디. 페스타,Day1
제 1회 엋문능력시험,"서나, 여람",,,,,4sp,데뷔 못하면 죽는 병 걸림,,,,청려X문대(건우),로맨틱,,"만화,소설,일러스트","@SeoooooNa, @ylam_19",https://dongne.co/events/df2407/circles/125686,제26회 디. 페스타,Day1
잠수정 1호,랑하,,,,,1sp,어두운 바다의 등불이 되어,"화산귀환,데뷔못하면 죽는 병 걸림",,,,,,,@jei_j_p,https://dongne.co/events/df2407/circles/125755,제26회 디. 페스타,Day1
1042thDEAL,"디일, 42",,,,,2sp,슬램덩크,"죠죠의 기묘한 모험,스파이더맨,원피스",,,양호열X강백호,"로맨틱,섹슈얼","태웅백호, 시죠세, 에이루","만화,일러스트",,https://dongne.co/events/df2407/circles/123250,제26회 디. 페스타,Day1
반월당찻집1228호점,졸라맨,,,,,4sp,반월당의 기묘한 이야기,진혼기 외,반월당 쁘띠존 : 나쁜 꿈은 끝났어,"백란,유단",,,,"만화,일러스트",@8t3D7,https://dongne.co/events/df2407/circles/126527,제26회 디. 페스타,Day1
"1, 2, 3 미야죠 화이팅!","진미, 로모, 다라미, 텐브",,,,,2sp,프로젝트 세카이,,,미야죠 캐릭터,,,,일러스트,"@cocov__, @81159_, @__darami, @Ten__B",https://dongne.co/events/df2407/circles/126519,제26회 디. 페스타,Day1
왜요 최애캐 한 놈만 13년 판 사람 처음 보세요?,"가온뉘, 판귄, 데아",,,,,2sp,"탈(TAL),유희왕","포켓몬스터,TMNT(rise),괴수를 위한 시간",,,,,,,"@llewellyn_onyx, @panguin0313, @IDEA_tal",https://dongne.co/events/df2407/circles/123327,제26회 디. 페스타,Day1
13년 전에 펑크낸 책 내러온 사람,눙님,,,,,2sp,이나즈마 일레븐(썬더 일레븐),,,키야마 히로토(손현민),키야마 히로토X미도리카와 류지,로맨틱,,"만화,소설",nuaaaaaaaa,https://dongne.co/events/df2407/circles/123081,제26회 디. 페스타,Day1
1400년 전통 신라 만두집,하하하 ,,,,,4sp,반월당의기묘한이야기,진혼기,반월당 쁘띠존 : 나쁜 꿈은 끝났어,"백란,유단",백란X유단,해당없음,,"일러스트,소설,만화",@ha_ha_haha03,https://dongne.co/events/df2407/circles/125667,제26회 디. 페스타,Day1
진짜 손가락 도합 16개 씨피,"침수, B",,,,,2sp,어두운 바다의 등불이 되어,,재희무현 쁘띠존 ~이 쁘띠존은 오늘의 상이에요~,,김재희X박무현,,,"일러스트,소설",,https://dongne.co/events/df2407/circles/123085,제26회 디. 페스타,Day1
임플란트 비용 1700만원부터,서목,,,,,2sp,,,,,,,,,@SeoMok__,https://dongne.co/events/df2407/circles/126024,제26회 디. 페스타,Day1
토마호크 스테이크 1호점 : AT센터점,마말레이드,,,,,4sp,화산귀환,,화산귀환 쁘띠존: 天下俠義,청명,당보X청명,"로맨틱,섹슈얼,해당없음",,"만화,일러스트",@Marmal_0329,https://dongne.co/events/df2407/circles/123631,제26회 디. 페스타,Day1
1/NAYUTA,임원후,,,,,1sp,주술회전,,,"고죠 사토루,옷코츠 유타",고죠 사토루X옷코츠 유타,"로맨틱,섹슈얼",,소설,@4nTiRuT529XzMED,https://dongne.co/events/df2407/circles/123472,제26회 디. 페스타,Day1
오렌지의 효능 1. PTSD 유발 2. 피로 회복,차재훈,,,,,2sp,어두운 바다의 등불이 되어,어바등,재희무현 쁘띠존 ~이 쁘띠존은 오늘의 상이에요~,"김재희,박무현",김재희X박무현,"섹슈얼,로맨틱",재희무현,,@SH_jjugo,https://dongne.co/events/df2407/circles/124196,제26회 디. 페스타,Day1
허얼~재판장이 2배로 난장판이네,렘감,,,,,2sp,역전재판,"대역전재판,뱅드림,아이나나",,,,"로맨틱,섹슈얼",,만화,@galar_1JJANG,https://dongne.co/events/df2407/circles/127101,제26회 디. 페스타,Day1
히로아카 2주 뒤 완결,휴,,,,,2sp,나의 히어로 아카데미아,,,"다비,호크스",,"섹슈얼,로맨틱",,"소설,만화,일러스트",,https://dongne.co/events/df2407/circles/125677,제26회 디. 페스타,Day1
보송이밀렵회2,"삼라만상 , 조물주",,,,,2sp,울트라맨 시리즈,"도겐져스,LHLV",,,,,,,"mansang_x , baraddurismine",https://dongne.co/events/df2407/circles/124977,제26회 디. 페스타,Day1
21세기 동인은 물물교환만 받습니다.,빨간단추,,,,,2sp,데못죽,,,박문대,청려X문대,로맨틱,,"소설,공예",hippo1157,https://dongne.co/events/df2407/circles/123905,제26회 디. 페스타,Day1
230730,YT,,,,,1sp,Fate/Grand Order,,,"카르나,아르주나",카르나X아르주나,로맨틱,,소설,,https://dongne.co/events/df2407/circles/123522,제26회 디. 페스타,Day1
두 사람이 함께하는 24시간,"묘란, YOU",,,,,2sp,니지산지EN,,,,,로맨틱,아이크른(문호른),"만화,소설,일러스트",Quild_ATM,https://dongne.co/events/df2407/circles/123558,제26회 디. 페스타,Day1
이 소설의 풀네임을 맞춰보세요/추가 점수 3점,디디,,,,,2sp,명급리,주컨곤,,,,,,"만화,일러스트",@my_dd_novel,https://dongne.co/events/df2407/circles/124351,제26회 디. 페스타,Day1
디페 3주전 윈브레에 치였습니다,"아치, 키",,,,,2sp,윈브레,,,,우메미야X사쿠라,"로맨틱,섹슈얼",스오니레,"만화,일러스트,소설",,https://dongne.co/events/df2407/circles/124429,제26회 디. 페스타,Day1
고죠사마! 오늘의 3시 간식은 아포게토입니다!,토스트,,,,,2sp,주술회전,,고죠게토 쁘띠존 : ✧ 夢中相尋 몽중상심 ✦,"고죠 사토루,게토 스구루",고죠 사토루X게토 스구루,로맨틱,,만화,5____72,https://dongne.co/events/df2407/circles/126538,제26회 디. 페스타,Day1
엑스다이게스트북3,사성구,,,,,1sp,울트라맨 엑스,특촬,,"울트라맨 엑스,오오조라 다이치",,"로맨틱,섹슈얼",,만화,XuniteDaichi,https://dongne.co/events/df2407/circles/123231,제26회 디. 페스타,Day1
3분 파스타,노랑,,,,,2sp,데뷔 못 하면 죽는 병 걸림,,,"류건우,류청우,청려,박문대",류청우X류건우,"로맨틱,섹슈얼",,"일러스트,만화",@mcr2_,https://dongne.co/events/df2407/circles/123144,제26회 디. 페스타,Day1
3+2+1=725,"떠리,냠,먉",,,,,2sp,주술회전,,게토고죠 쁘띠존 《END UP》,게토고죠,게토 스구루X고죠 사토루,"로맨틱,섹슈얼",,"소설,일러스트",@parananhc,https://dongne.co/events/df2407/circles/123531,제26회 디. 페스타,Day1
33년의 순애,놀란,,,,,1sp,슬램덩크,,,강백호,양호열X강백호,,,,@_ww_w0w_w_,https://dongne.co/events/df2407/circles/123990,제26회 디. 페스타,Day1
<후시른 쁘띠존 3회 [ MEGUMI IS ALWAYS RIGHT ]> 주최부스,후시른 쁘띠존 3회 [ MEGUMI IS ALWAYS RIGHT ],,,,,2sp,,,후시른 쁘띠존 3회 [ MEGUMI IS ALWAYS RIGHT ],,,,,,,https://dongne.co/events/df2407/circles/124385,제26회 디. 페스타,Day1
라스트파이널판타지404,스ㅍㅡ,,,,,2sp,MIU404 파이널판타지14,흡툭죽 보컬로이드,,올캐릭터 하데스 시마카즈미 이부키아이,,,,,@SOUPTV_,https://dongne.co/events/df2407/circles/123412,제26회 디. 페스타,Day1
                                                                                                                                                                                      남쪽행 출국 572번 게이트,"너구리라면, 씅이",,,,,2sp,주술회전,,고죠게토 쁘띠존 : ✧ 夢中相尋 몽중상심 ✦,"고죠 사토루,게토 스구루",고죠 사토루X게토 스구루,로맨틱,,"만화,소설","@JujuK_bb_db , @572only",https://dongne.co/events/df2407/circles/126002,제26회 디. 페스타,Day1
뇌내 시간으로 572초,포탕,,,,,2sp,주술회전,원피스,고죠게토 쁘띠존 : ✧ 夢中相尋 몽중상심 ✦,"고죠 사토루,게토 스구루",고죠 사토루X게토 스구루,로맨틱,루조로,"만화,기타",@potang_g,https://dongne.co/events/df2407/circles/126852,제26회 디. 페스타,Day1
특급! 572 스캔들,추,,,,,2sp,주술회전,,고죠게토 쁘띠존 : ✧ 夢中相尋 몽중상심 ✦,"고죠 사토루,게토 스구루",고죠 사토루X게토 스구루,로맨틱,,소설,@fakebuuddha,https://dongne.co/events/df2407/circles/125454,제26회 디. 페스타,Day1
572번 왜곡된 저주,Naru,,,,,2sp,주술회전,,고죠게토 쁘띠존 : ✧ 夢中相尋 몽중상심 ✦,"고죠 사토루,게토 스구루",고죠 사토루X게토 스구루,"로맨틱,섹슈얼",,만화,@narilanta,https://dongne.co/events/df2407/circles/126975,제26회 디. 페스타,Day1
572년째.. 여름이였다...,MM,,,,,1sp,주술회전,,고죠게토 쁘띠존 : ✧ 夢中相尋 몽중상심 ✦,"고죠 사토루,게토 스구루",고죠 사토루X게토 스구루,"로맨틱,섹슈얼",,,@MM06030,https://dongne.co/events/df2407/circles/125293,제26회 디. 페스타,Day1
        5시 7분 20초,"Della, ZZATANG",,,,,2sp,주술회전,,고죠게토 쁘띠존 : ✧ 夢中相尋 몽중상심 ✦,"고죠 사토루,게토 스구루",고죠 사토루X게토 스구루,"로맨틱,섹슈얼",,"만화,일러스트,소설","@Gogefs, @zza__tang",https://dongne.co/events/df2407/circles/123401,제26회 디. 페스타,Day1
63×117=존나잘생긴놈×키작은상남자,미아미엘,,,,,2sp,"아이돌리쉬세븐,슬램덩크",,,"서태웅,송태섭,로쿠야 나기,이즈미 미츠키",로쿠야 나기X이즈미 미츠키,로맨틱,태웅태섭,"만화,일러스트",@MIACENTER_i7 @MIA_NONGNOL,https://dongne.co/events/df2407/circles/125757,제26회 디. 페스타,Day1
6/45,롯도,,,,,2sp,데뷔 못하면 죽는병 걸림,,,"청려,박문대",청려X문대,로맨틱,,"만화,일러스트",,https://dongne.co/events/df2407/circles/124432,제26회 디. 페스타,Day1
아발론 변두리 맥주감자집 6호점+a,리나,,,,,2sp,"로드 오브 히어로즈(로오히),블루 자이언트",,,,요한X프람,"로맨틱,섹슈얼",,"만화,일러스트",@_linalord_,https://dongne.co/events/df2407/circles/125023,제26회 디. 페스타,Day1
7년 보장된 맛집: 프랑소와와패니즈코리안머튼커리파스타집,요븐,,,,,2sp,역전재판,"TRPG (CoC),오리지널(1차창작),아이돌리쉬 세븐",,"나루호도 류이치,미츠루기 레이지",,"로맨틱,섹슈얼",1차 창작,"소설,기타",0nlyonesh0ttt,https://dongne.co/events/df2407/circles/123348,제26회 디. 페스타,Day1
7은 완벽한 숫자다 ,용,,,,,2sp,아이나나,더퍼스트슬램덩크,,,,,,"만화,일러스트",,https://dongne.co/events/df2407/circles/125380,제26회 디. 페스타,Day1
7월의 내가 알아서 하겠지^^,으랏챠챠,,,,,2sp,화산귀환,,,,,,,,@qawsedcici,https://dongne.co/events/df2407/circles/124259,제26회 디. 페스타,Day1
7월까지어바등을과연,쥼,,,,,2sp,어두운 바다의 등불이 되어,"투패전설아카기,사카모토데이즈",,박무현 김재희 신해량,,,,"일러스트,소설",wndrkd__,https://dongne.co/events/df2407/circles/126008,제26회 디. 페스타,Day1
71HB,"기기, 호롱",,,,,2sp,주술회전,,게토고죠 쁘띠존 《END UP》,"게토 스구루,고죠 사토루",게토 스구루X고죠 사토루,"로맨틱,섹슈얼",,"만화,일러스트,소설","7171bit, yakeru_ne",https://dongne.co/events/df2407/circles/126665,제26회 디. 페스타,Day1
음란땡중과 음탕교사의 수상한 725시간,"털개, D",,,,,2sp,주술회전,,게토고죠 쁘띠존 《END UP》,"게토 스구루,고죠 사토루",게토 스구루X고죠 사토루,"로맨틱,섹슈얼",,소설,"@dogdog_22, @D_2cha",https://dongne.co/events/df2407/circles/123102,제26회 디. 페스타,Day1
725호 세입자,471,,,,,2sp,주술회전,,게토고죠 쁘띠존 《END UP》,,,,,기타,@4x100_7x10_1,https://dongne.co/events/df2407/circles/124936,제26회 디. 페스타,Day1
80년 전통 중원 손만두집,천하,,,,,2sp,화산귀환,가비지 타임,,"청명,백천,기상호,박병찬,성준수",백천X청명,로맨틱,,일러스트,@shinsehee_,https://dongne.co/events/df2407/circles/125382,제26회 디. 페스타,Day1
88088,88,,,,,2sp,젤다의 전설,드래곤 퀘스트,,,,,,"만화,일러스트,기타",,https://dongne.co/events/df2407/circles/126282,제26회 디. 페스타,Day1
오무동 91번지,례옹,,,,,1sp,어두운 바다의 등불이 되어,,재희무현 쁘띠존 ~이 쁘띠존은 오늘의 상이에요~,"김재희,박무현",김재희X박무현,로맨틱,,일러스트,@Lieon_2nd,https://dongne.co/events/df2407/circles/124833,제26회 디. 페스타,Day1
ALL BLACK: 在日米軍,센먹,,,,,2sp,닥터스톤,,,"스탠리 스나이더,제노 휴스턴 윙필드,이시가미 센쿠,시시오 츠카사",스탠리 스나이더X제노 휴스턴 윙필드,"로맨틱,섹슈얼","이시가미 센쿠, 시시오 츠카사","만화,일러스트",@sentsukamugum,https://dongne.co/events/df2407/circles/126648,제26회 디. 페스타,Day1
Apple story,모해,,,,,4sp,명일방주,,,,,"로맨틱,섹슈얼",,"공예,기타",@Id_mohae,https://dongne.co/events/df2407/circles/123833,제26회 디. 페스타,Day1
Arch crown,시나스,,,,,1sp,명탐정 코난,매직 카이토,,괴도 키드,쿠도 신이치X쿠로바 카이토,"로맨틱,섹슈얼",,소설,,https://dongne.co/events/df2407/circles/123785,제26회 디. 페스타,Day1
Aster☆잡동사니★화분,알만다이트,,,,,2sp,CLAMP X,,,시로우 카무이,,"로맨틱,섹슈얼",,"소설,일러스트",@alman_dawn,https://dongne.co/events/df2407/circles/123605,제26회 디. 페스타,Day1
사별맛집 「순애객잔」aT센터 1-1호점,실차,,,,,2sp,화산귀환,,화산귀환 쁘띠존: 天下俠義,"청명,백천,당보",당보X청명,로맨틱,백천청명,,@notcaryestea,https://dongne.co/events/df2407/circles/125373,제26회 디. 페스타,Day1
사별맛집 「순애객잔」aT센터 1-2호점 ,원중,,,,,2sp,화산귀환,,화산귀환 쁘띠존: 天下俠義,,백천X청명,,,"만화,일러스트,소설,공예",@2_p_r_c,https://dongne.co/events/df2407/circles/125048,제26회 디. 페스타,Day1
BACK4G,"베, 단고",,,,,2sp,주술회전,,게토고죠 쁘띠존 《END UP》,게토스구루 x 고죠사토루,,로맨틱,,"기타,일러스트",wxbgego,https://dongne.co/events/df2407/circles/125169,제26회 디. 페스타,Day1
플레이boo,띠용,,,,,1sp,플레이브,,,남예준 한노아 채밤비 도은호 유하민,,,,일러스트,,https://dongne.co/events/df2407/circles/125860,제26회 디. 페스타,Day1
But your idol 플레이~부!,김치볶음밥,,,,,2sp,플레이브,,,"예준,노아,밤비,은호,하민",,,,일러스트,kimchifr99,https://dongne.co/events/df2407/circles/124460,제26회 디. 페스타,Day1
                                                                                                                                                                                             CCTV No.572,cc,,,,,2sp,주술회전,,고죠게토 쁘띠존 : ✧ 夢中相尋 몽중상심 ✦,"고죠 사토루,게토 스구루",고죠 사토루X게토 스구루,"로맨틱,섹슈얼",,만화,@ggss_cc,https://dongne.co/events/df2407/circles/126281,제26회 디. 페스타,Day1
Crotti,kitami,,,,,2sp,슬램덩크,"원피스,켄간",,,,,,만화,,https://dongne.co/events/df2407/circles/123849,제26회 디. 페스타,Day1
D-Esper,케링,,,,,1sp,슬램덩크,스타워즈,,서태웅,윤대협X서태웅,"로맨틱,섹슈얼","레일로,황립,녹고",,@d_esper_,https://dongne.co/events/df2407/circles/123065,제26회 디. 페스타,Day1
진혼하지 못하면 심해의 ex급 왹져가 된다,라모,,,,,2sp,어두운 바다의 등불이 되어,"명급리,진혼기,이착헌",,,,,,,@kyalamo,https://dongne.co/events/df2407/circles/126321,제26회 디. 페스타,Day1
이세계 명문고 EX급 착각 헌터의 리플레이,"기개치, 리파람",,,,,2sp,이세계 착각 헌터,명급리,,"김기려,조의신",준열X의신,,"황호의신, 제건신록","만화,일러스트,공예","@gisim1ma, @whdmltls_111",https://dongne.co/events/df2407/circles/124480,제26회 디. 페스타,Day1
EX급 정상영업 가게,여쥐,,,,,2sp,명급리,"프세카,세포신곡,데못죽,보컬로이드",,조의신,,"로맨틱,섹슈얼","하츠우츠, 청려문대",일러스트,tteoggg0_0,https://dongne.co/events/df2407/circles/124796,제26회 디. 페스타,Day1
프로젝트 세카이 장송의 가비지타임! Feat. 징어하살,하살,,,,,2sp,장송의 프리렌,"가비지타임,프로젝트 세카이",,"힘멜,프리렌,박병찬,기상호,아키토,에나,시노노메 남매",힘멜X프리렌,로맨틱,"힘멜프리, 병찬상호, 뱅상, ","만화,일러스트,소설",@I_am__child,https://dongne.co/events/df2407/circles/125267,제26회 디. 페스타,Day1
<FKMT 쁘띠존: 바ざわ회 ~디페 내에 코 크신 분 계십니까~> 주최부스,FKMT 쁘띠존: 바ざわ회 ~디페 내에 코 크신 분 계십니까~,,,,,2sp,,,FKMT 쁘띠존: 바ざわ회 ~디페 내에 코 크신 분 계십니까~,,,,,,,https://dongne.co/events/df2407/circles/125398,제26회 디. 페스타,Day1
forgiven,델즈,,,,,2sp,명탐정 코난,,,"아카이 슈이치,아무로 토오루",,"섹슈얼,로맨틱",,소설,dz_1x0,https://dongne.co/events/df2407/circles/123508,제26회 디. 페스타,Day1
GeGolog,조쇼,,,,,2sp,주술회전,,게토고죠 쁘띠존 《END UP》,"게토 스구루,고죠 사토루",게토 스구루X고죠 사토루,로맨틱,,"일러스트,공예,기타",@Joakirax72_5 @ahri0318,https://dongne.co/events/df2407/circles/126770,제26회 디. 페스타,Day1
GG,G7 ,,,,,1sp,,,,,,,,,@,https://dongne.co/events/df2407/circles/124843,제26회 디. 페스타,Day1
Hibiscus on july,"히비스커스,른릉,냔지",,,,,2sp,주술회전,,후시른 쁘띠존 3회 [ MEGUMI IS ALWAYS RIGHT ],,,,,"만화,일러스트,소설","@hibiscusondec,@fushirun_rung,@nyanji_0101",https://dongne.co/events/df2407/circles/125435,제26회 디. 페스타,Day1
HL State Of Mind,타라몬,,,,,2sp,혈계전선,"해리포터,가비지타임",,,,,"재프제드재프, 해리드레",소설,@tara_love_peace,https://dongne.co/events/df2407/circles/124190,제26회 디. 페스타,Day1
I am 잡덕이예요,아루,,,,,2sp,전지적 독자 시점,"화산귀환,내가 키운 S급,문호 스트레이독스,명탐정 코난",,"김독자,청명,다자이오사무",유중혁X김독자,로맨틱,"당보×청명, 유현×유진, 다자이오사무×나카하라츄야","소설,일러스트",@aru__111,https://dongne.co/events/df2407/circles/124205,제26회 디. 페스타,Day1
JETURK AIRLINES X 라구파스타연구소 수성점,타루,,,,,1sp,기동전사 건담 수성의 마녀,,,"구엘제타크,라우더닐",라우더 닐X구엘 제타크,로맨틱,,"만화,일러스트,소설",@GW_Taroo,https://dongne.co/events/df2407/circles/123747,제26회 디. 페스타,Day1
카미고KKUL맛조합,향,,,,,2sp,프로젝트 세카이 (프로세카),,,"루이,츠카사,토우야,아키토",카미시로 루이X텐마 츠카사,"섹슈얼,로맨틱",토우아키,만화,@hyang_prsk,https://dongne.co/events/df2407/circles/126023,제26회 디. 페스타,Day1
K.O.H,고운구슬,,,,,2sp,데못죽,"플레이브,앙스타,몹사",,테스타,,,,,Goun_beads,https://dongne.co/events/df2407/circles/126225,제26회 디. 페스타,Day1
KOTOHANABI,KOTOHA,,,,,2sp,우마무스메,,,,,,,,@kotohanabi ,https://dongne.co/events/df2407/circles/125353,제26회 디. 페스타,Day1
Kozmic*cosmo,Koz,,,,,2sp,1차BL,슬램덩크,,,,,,,nowhere616,https://dongne.co/events/df2407/circles/123490,제26회 디. 페스타,Day1
LE-ZT-0 from. Afterglow,백,,,,,2sp,"명일방주,페이트/그랜드오더",,,"크라이데,에벤홀츠,이그제큐터,비르투오사 (+라이타니엔/라테라노/우인호)",,,,"일러스트,기타",@ws1r_l,https://dongne.co/events/df2407/circles/125942,제26회 디. 페스타,Day1
Love1999,천사,,,,,1sp,헌터x헌터,"아이돌리쉬 세븐,죠죠의 기묘한 모험",,,,,,,@Love__ppi,https://dongne.co/events/df2407/circles/124941,제26회 디. 페스타,Day1
Lovely Mix,Lovely Mix,,,,,1sp,화산귀환,"내스급,데못죽,전독시",,,,,,,@LovelyMix_,https://dongne.co/events/df2407/circles/123850,제26회 디. 페스타,Day1
MMMA,MMMA,,,,,2sp,하이큐,,,,,,,,ummm_mmma ,https://dongne.co/events/df2407/circles/123655,제26회 디. 페스타,Day1
My☆Planet,행성지기,,,,,2sp,핸드메이드 봉제인형,솜인형(10cm) 드레스,,,,,,공예,@My_Planet_Doll,https://dongne.co/events/df2407/circles/124626,제26회 디. 페스타,Day1
요즘 대세는 커플 기일♡[MZ],"겨울, 망사랑",,,,,2sp,주술회전,,게토고죠 쁘띠존 《END UP》,"게토 스구루,고죠 사토루",게토 스구루X고죠 사토루,"로맨틱,섹슈얼",,,@binwinter_1029 @luvinruin725,https://dongne.co/events/df2407/circles/124697,제26회 디. 페스타,Day1
NAMELESS,헤이즐,,,,,1sp,"주술회전,도리벤",,,"고죠 사토루,게토 스구루",고죠 사토루X게토 스구루,로맨틱,,"만화,일러스트,소설",@hajel0302,https://dongne.co/events/df2407/circles/124890,제26회 디. 페스타,Day1
NEVERLAND,데스앙크,,,,,1sp,앙상블 스타즈,,,"카게히라 미카,이츠키 슈",,로맨틱,,"만화,소설",@en_Deathwink,https://dongne.co/events/df2407/circles/123556,제26회 디. 페스타,Day1
미친 그림러 모드 on,구마린,,,,,2sp,파이널 판타지 14,"무기미도,세븐틴",,,에스티니앙X이젤,로맨틱,,,@Coumarinnn,https://dongne.co/events/df2407/circles/125277,제26회 디. 페스타,Day1
                                                                                                                                                                                               ONLY GOGE,"사뿐, 모지",,,,,4sp,주술회전,,고죠게토 쁘띠존 : ✧ 夢中相尋 몽중상심 ✦,"고죠 사토루,게토 스구루",고죠 사토루X게토 스구루,"로맨틱,섹슈얼",,만화,"@only_death_only , @mo_gurim",https://dongne.co/events/df2407/circles/126289,제26회 디. 페스타,Day1
P들의 부스,SOBI(소비),,,,,2sp,창작,,,,,,,공예,@jin_fierce ,https://dongne.co/events/df2407/circles/127097,제26회 디. 페스타,Day1
PASSWORD 572,salgu,,,,,2sp,주술회전,,고죠게토 쁘띠존 : ✧ 夢中相尋 몽중상심 ✦,"고죠 사토루,게토 스구루",고죠 사토루X게토 스구루,로맨틱,,,@_mlm_x_,https://dongne.co/events/df2407/circles/124840,제26회 디. 페스타,Day1
Pin-up Boy,자규,,,,,2sp,붕괴:스타레일,원신,,연경,,"로맨틱,섹슈얼",소x종려,"소설,만화",,https://dongne.co/events/df2407/circles/125807,제26회 디. 페스타,Day1
Platina Comet,트리아논,,,,,2sp,앙상블스타즈,스텔라이브,,유우키 마코토,트릭X스타,"로맨틱,섹슈얼",트릭스타 넷이사귐~,,anon_ovs,https://dongne.co/events/df2407/circles/123302,제26회 디. 페스타,Day1
puppyBEAR,스타감자,,,,,2sp,데못죽,,,문대 큰세 테스타 ...,,,,,@80o0o0o08,https://dongne.co/events/df2407/circles/123304,제26회 디. 페스타,Day1
Sad Sad Kiddie,미르덱스,,,,,2sp,주술회전,,후시른 쁘띠존 3회 [ MEGUMI IS ALWAYS RIGHT ],"이타도리 유지,후시구로 메구미,료멘 스쿠나",,"섹슈얼,로맨틱","이타후시, 스쿠후시",,@jjks_mirdex,https://dongne.co/events/df2407/circles/125428,제26회 디. 페스타,Day1
누이좋고 매부좋고 Seanson3 ~외전~,칠러,,,,,2sp,일타강사 백사부,데뷔 못하면 죽는 병 걸림,,"남궁수,백수룡,박문대,이세진(큰세)",남궁수X백수룡,"로맨틱,섹슈얼",문대큰세(문큰),"소설,만화",@Chiller_web,https://dongne.co/events/df2407/circles/124340,제26회 디. 페스타,Day1
SERIREI ~경애 114%의 남자~,월월,,,,,2sp,모브사이코100,,,"세리자와 카츠야,레이겐 아라타카",세리자와 카츠야X레이겐 아라타카,"로맨틱,섹슈얼",,"소설,만화",@W0l0o,https://dongne.co/events/df2407/circles/125223,제26회 디. 페스타,Day1
SNBR,시나브로,,,,,1sp,마법사의 약속 (마호야쿠),,,,,,,만화,si_nab,https://dongne.co/events/df2407/circles/123509,제26회 디. 페스타,Day1
Stars Orbit 출장부스,피리아,,,,,1sp,데뷔 못 하면 죽는 병 걸림,,,,,,,,@filiaulcopt,https://dongne.co/events/df2407/circles/124072,제26회 디. 페스타,Day1
<시리무 쁘띠존: Summer Dog on the Moon> 주최부스,시리무 쁘띠존: Summer Dog on the Moon,,,,,2sp,,,시리무 쁘띠존: Summer Dog on the Moon,,,,,,,https://dongne.co/events/df2407/circles/123551,제26회 디. 페스타,Day1
언제나 이기는 Take Your Star!,Yoon,,,,,4sp,데뷔 못 하면 죽는 병걸림,,,박문대 선아현 이세진 배세진 류청우 차유진 김래빈 신재현 청려 신오 주단채율,,,,일러스트,@Oyo_on0,https://dongne.co/events/df2407/circles/123634,제26회 디. 페스타,Day1
TOR,TOR,,,,,4sp,,,,,,,,기타,softyor_tor,https://dongne.co/events/df2407/circles/123246,제26회 디. 페스타,Day1
고죠게토 순애의맛TV,하지,,,,,2sp,주술회전,,고죠게토 쁘띠존 : ✧ 夢中相尋 몽중상심 ✦,"고죠 사토루,게토 스구루",고죠 사토루X게토 스구루,"섹슈얼,로맨틱",온리고죠게토좌우상대고정일공일수신성혼인,소설,@G0GE572,https://dongne.co/events/df2407/circles/123652,제26회 디. 페스타,Day1
Two Rabbits & 자몽공방,Rabbits,,,,,2sp,데못죽,"슬램덩크,가비지타임,플레이브,화산귀환,앙스타등",,,,,,,@2rabbits,https://dongne.co/events/df2407/circles/126011,제26회 디. 페스타,Day1
VELTUS,쟈키퐁,,,,,4sp,"에반게리온,록맨,스플래툰",,,사키엘,,,,"일러스트,조형,기타",@zakipong_v,https://dongne.co/events/df2407/circles/123323,제26회 디. 페스타,Day1
토맛토맛토 먹는 뿌 믿기 vs 게미 먹는 사이 믿기,토맛토맛토,,,,,2sp,프로젝트 세카이,,,"아오야기 토우야,시노노메 아키토",아오야기 토우야X시노노메 아키토,로맨틱,,"만화,일러스트",@_sshiptaku_,https://dongne.co/events/df2407/circles/126062,제26회 디. 페스타,Day1
W and【572】 B,HK,,,,,1sp,주술회전,,고죠게토 쁘띠존 : ✧ 夢中相尋 몽중상심 ✦,"고죠 사토루,게토 스구루",고죠 사토루X게토 스구루,로맨틱,,,@0Hkkkk,https://dongne.co/events/df2407/circles/124490,제26회 디. 페스타,Day1
정의로운 양키 Windbreaker 한 입 어떠신지?,"하루, 하파",,,,,2sp,윈드브레이커,,,,스오X사쿠,로맨틱,"토가사쿠, 사쿠른 ",,@hapa_rupa,https://dongne.co/events/df2407/circles/123657,제26회 디. 페스타,Day1
사파일짱x정파일짱,술꽃,,,,,2sp,화산귀환,,화산귀환 쁘띠존: 天下俠義,,장일소X청명,,,"만화,일러스트",@soolkkok,https://dongne.co/events/df2407/circles/123613,제26회 디. 페스타,Day1
수달의작업실X꽁뜨공방,"김수달, 꽁치",,,,,2sp,수공예,"플레이브,가비지타임",,,,,,"공예,일러스트",@sudal_s @kkong_ttu_,https://dongne.co/events/df2407/circles/124544,제26회 디. 페스타,Day1
xoxo_xoxo,구남,,,,,2sp,슬램덩크,,,,,,,"일러스트,만화",@qnamxoxo,https://dongne.co/events/df2407/circles/123195,제26회 디. 페스타,Day1
스구 X 사토 SS,Zinn,,,,,2sp,주술회전,,게토고죠 쁘띠존 《END UP》,,게토 스구루X고죠 사토루,"섹슈얼,로맨틱",,,,https://dongne.co/events/df2407/circles/125285,제26회 디. 페스타,Day1
                                                                                                                                                                                                푸른봄XXL세트,"뭔버거, 뭔튀김",,,,,4sp,주술회전,,고죠게토 쁘띠존 : ✧ 夢中相尋 몽중상심 ✦,"고죠 사토루,게토 스구루",고죠 사토루X게토 스구루,"로맨틱,섹슈얼",,"만화,일러스트","@3vnqha ,  @What_fried",https://dongne.co/events/df2407/circles/123464,제26회 디. 페스타,Day1
yepeen,예핀,,,,,1sp,오리지널,,,,,,,일러스트,yepeen,https://dongne.co/events/df2407/circles/127018,제26회 디. 페스타,Day1
yuionsen,유유,,,,,2sp,페르소나4,,,"하나무라 요스케,번장",주인공X하나무라,로맨틱,,만화,yuuuikuma,https://dongne.co/events/df2407/circles/123216,제26회 디. 페스타,Day1
不忘,"파얀, 몽상화",,,,,2sp,주술회전,,게토고죠 쁘띠존 《END UP》,"게토 스구루,고죠 사토루",게토 스구루X고죠 사토루,"섹슈얼,로맨틱",,"소설,일러스트","@payann_725, @mongsanghwa",https://dongne.co/events/df2407/circles/123122,제26회 디. 페스타,Day1
<고죠게토 쁘띠존 : ✧ 夢中相尋 몽중상심 ✦> 주최부스 / 1,고죠게토 쁘띠존 : ✧ 夢中相尋 몽중상심 ✦,,,,,2sp,,,고죠게토 쁘띠존 : ✧ 夢中相尋 몽중상심 ✦,,,,,,,https://dongne.co/events/df2407/circles/125239,제26회 디. 페스타,Day1
<고죠게토 쁘띠존 : ✧ 夢中相尋 몽중상심 ✦> 주최부스 / 2,고죠게토 쁘띠존 : ✧ 夢中相尋 몽중상심 ✦,,,,,2sp,,,고죠게토 쁘띠존 : ✧ 夢中相尋 몽중상심 ✦,,,,,,,https://dongne.co/events/df2407/circles/125238,제26회 디. 페스타,Day1
미소녀누나男국밥집,화안남,,,,,2sp,주술회전,,게토고죠 쁘띠존 《END UP》,"게토 스구루,고죠 사토루",게토 스구루X고죠 사토루,"로맨틱,섹슈얼",,"일러스트,기타,만화",,https://dongne.co/events/df2407/circles/124394,제26회 디. 페스타,Day1
青春 POWER BOOSTER,"파워, 부수리",,,,,2sp,주술회전,,게토고죠 쁘띠존 《END UP》,"게토 스구루,고죠 사토루",,"로맨틱,섹슈얼",,"만화,일러스트",@boosoori,https://dongne.co/events/df2407/circles/123767,제26회 디. 페스타,Day1
```,호기,,,,,1sp,슬램덩크,,10X100 사랑은 기하급수적! | 호열백호 쁘띠존,"양호열,강백호",양호열X강백호,,,만화,@hg_1_0,https://dongne.co/events/sports09/circles/129545,제9회 대운동회,Day2
<쿠로코의 농구 쁘띠존> 주최부스,쿠로코의 농구 쁘띠존,,,,,2sp,,,쿠로코의 농구 쁘띠존,,,,,,,https://dongne.co/events/sports09/circles/128625,제9회 대운동회,Day2
<준수상호 쁘띠존> 주최부스,준수상호 쁘띠존,,,,,2sp,,,준수상호 쁘띠존,,,,,,,https://dongne.co/events/sports09/circles/128623,제9회 대운동회,Day2
<태웅태섭 쁘띠존 | 겨울의 강이 여름의 바다에게> 주최부스,태웅태섭 쁘띠존 | 겨울의 강이 여름의 바다에게,,,,,2sp,,,태웅태섭 쁘띠존 | 겨울의 강이 여름의 바다에게,,,,,,,https://dongne.co/events/sports09/circles/127415,제9회 대운동회,Day2
<우성명헌 쁘띠존 | 우연일까? 운명이야!> 주최부스,우성명헌 쁘띠존 | 우연일까? 운명이야!,,,,,2sp,,,우성명헌 쁘띠존 | 우연일까? 운명이야!,,,,,,,https://dongne.co/events/sports09/circles/129638,제9회 대운동회,Day2
 사랑과 다정의 연대,하이,,,,,1sp,슬램덩크,,우성명헌 쁘띠존 | 우연일까? 운명이야!,"정우성,이명헌",정우성X이명헌,"로맨틱,섹슈얼",,,@AtoP0910,https://dongne.co/events/sports09/circles/129983,제9회 대운동회,Day2
.,사돈팔촌,,,,,1sp,,,,,,,,만화,mellowmllow666,https://dongne.co/events/sports09/circles/128066,제9회 대운동회,Day2
.,쓩늉,,,,,2sp,,,,,,,,,@todac_s,https://dongne.co/events/sports09/circles/129522,제9회 대운동회,Day2
.,.,,,,,1sp,가비지타임,,,,,,,일러스트, @,https://dongne.co/events/sports09/circles/129270,제9회 대운동회,Day2
.,TWO,,,,,2sp,가비지타임,하이큐,,,,,,일러스트,"@two__100, @SeeeonS2",https://dongne.co/events/sports09/circles/127998,제9회 대운동회,Day2
..,호기,,,,,1sp,슬램덩크,,10X100 사랑은 기하급수적! | 호열백호 쁘띠존,"양호열,강백호",양호열X강백호,,,만화,@hg_1_0,https://dongne.co/events/sports09/circles/129780,제9회 대운동회,Day2
##위닝샷합시다,긷,,,,,1sp,위닝샷,,,,,,,"일러스트,공예",,https://dongne.co/events/sports09/circles/128704,제9회 대운동회,Day2
역 앞 라멘집,왐밤,,,,,2sp,슬램덩크,,10X100 사랑은 기하급수적! | 호열백호 쁘띠존,강백호,양호열X강백호,"로맨틱,섹슈얼",,"만화,일러스트,소설",,https://dongne.co/events/sports09/circles/128851,제9회 대운동회,Day2
아 형 왜그래요 진짜,향설,,,,,2sp,슬램덩크,,우성명헌 쁘띠존 | 우연일까? 운명이야!,정우성 이명헌,정우성X이명헌,섹슈얼,,,,https://dongne.co/events/sports09/circles/127793,제9회 대운동회,Day2
빵 사세요 빠앙,재리,,,,,2sp,가비지타임,,,"성준수,전영중",성준수X전영중,섹슈얼,,만화,@jaehwarii,https://dongne.co/events/sports09/circles/129957,제9회 대운동회,Day2
네 무릎에 키스를,CIEL,,,,,2sp,슬램덩크,하이큐,,"송태섭,정대만",송태섭X정대만,"로맨틱,섹슈얼","호열백호, 대협태웅, 보쿠로, 보쿠로아카","만화,소설",di_ankh,https://dongne.co/events/sports09/circles/127664,제9회 대운동회,Day2
네 홍차에 스포츠를 탔어,퐐삼,,,,,2sp,가비지타임,"츠루네,슬램덩크",,"북산,카제마이고,지상고",서태웅X강백호,로맨틱,타케하야세이야×나루미야 미나토,일러스트,@83_926,https://dongne.co/events/sports09/circles/128640,제9회 대운동회,Day2
이 녀석의 마감하는 얼굴이 보고 싶어,민규,,,,,1sp,슬램덩크,,,"정우성,송태섭",정우성X송태섭,"섹슈얼,로맨틱",,"만화,소설",alertofblizzard,https://dongne.co/events/sports09/circles/127666,제9회 대운동회,Day2
꼭 대운을 가겠어영... 용!,누,,,,,1sp,슬램덩크,,,이명헌,우성X명헌,해당없음,,소설,@pre_c_h,https://dongne.co/events/sports09/circles/129059,제9회 대운동회,Day2
두 남자가 데스매치에서 마지막까지 함께하기로 약속한 것에 대하여,キリ,,,,,1sp,블루록,,신부스대전,,나기X레오,,,,kireo791014,https://dongne.co/events/sports09/circles/128772,제9회 대운동회,Day2
뭘 좋아할지 몰라서 모든 공을 준비해봤어,루x웅동,,,,,1sp,슬램덩크,가비지타임 하이큐,,"윤대협,서태웅,최동오,정대만,이명헌,박병찬,최종수,성준수,전영중,카게야마",윤대협X서태웅,해당없음,,"만화,일러스트,기타",NAYA_07_11,https://dongne.co/events/sports09/circles/129075,제9회 대운동회,Day2
그 수비스페셜리스트의 수비방식,"은설, 소사, 호밀빵버거",,,,,2sp,가비지타임,,,기상호,기상호,로맨틱,"뱅상, 준상, 종상, 희상(배포)",,"@Eunsul_1109, @SOSA3451, @Homilpangburger",https://dongne.co/events/sports09/circles/128294,제9회 대운동회,Day2
털...호백하는부스,악어,,,,,2sp,슬램덩크,,10X100 사랑은 기하급수적! | 호열백호 쁘띠존,"양호열,강백호",양호열X강백호,"로맨틱,섹슈얼",,만화,@hmng_etc,https://dongne.co/events/sports09/circles/128862,제9회 대운동회,Day2
고래,시리,,,,,2sp,슬램덩크,,,,,,,"소설,만화",,https://dongne.co/events/sports09/circles/127340,제9회 대운동회,Day2
꼬옥,꼬옥,,,,,2sp,슬램덩크,,,정대만,,,,"만화,일러스트",kkoog_TT,https://dongne.co/events/sports09/circles/127516,제9회 대운동회,Day2
릴리,하다월,,,,,2sp,가비지타임,,,,,,,,@warhwa,https://dongne.co/events/sports09/circles/127740,제9회 대운동회,Day2
만듦,jini0305,,,,,2sp,,,,해리포터,,,,,,https://dongne.co/events/sports09/circles/128065,제9회 대운동회,Day2
미정,이미르 / 헴바거,,,,,4sp,슬램덩크/가비지타임,파이널판타지14,,,,,,"만화,일러스트",@mireu_ree / @hotblue_1,https://dongne.co/events/sports09/circles/129944,제9회 대운동회,Day2
쉼터,송삼이,,,,,1sp,슬램덩크,,No.1 프로포즈 대작전,송태섭,,로맨틱,,소설,@notfishyesgay,https://dongne.co/events/sports09/circles/129005,제9회 대운동회,Day2
악띵,악,,,,,1sp,가비지타임,,,종수 상호 병찬,박병찬X기상호,"해당없음,로맨틱","뱅상, 인신",소설,ak_dunk12 ,https://dongne.co/events/sports09/circles/128491,제9회 대운동회,Day2
임시,밍,,,,,1sp,가비지타임,,,,,,,일러스트,,https://dongne.co/events/sports09/circles/128113,제9회 대운동회,Day2
잡탕,두부 ,,,,,4sp,가비지타임,슬램덩크,,,,,,,jung_dubu,https://dongne.co/events/sports09/circles/128451,제9회 대운동회,Day2
최강,냐냐냥,,,,,1sp,슬램덩크,,No.1 프로포즈 대작전,,,,,,,https://dongne.co/events/sports09/circles/128739,제9회 대운동회,Day2
크림,챠비별,,,,,2sp,,,,,,,,공예,,https://dongne.co/events/sports09/circles/128419,제9회 대운동회,Day2
그딴 건 니네가 내야 해,시약,,,,,2sp,가비지타임,,,상호 지수 종수 병찬,,"로맨틱,섹슈얼","종수상호, 상호병찬, 병찬종수","만화,소설",@Nox_030,https://dongne.co/events/sports09/circles/128336,제9회 대운동회,Day2
농놀 부스,포포우,,,,,1sp,,,,,,,,,,https://dongne.co/events/sports09/circles/128911,제9회 대운동회,Day2
밥알 콩알,공,,,,,2sp,슬램덩크,,10X100 사랑은 기하급수적! | 호열백호 쁘띠존,양호열 강백호,양호열X강백호,해당없음,양호열X강백호,만화,@SLDK0401,https://dongne.co/events/sports09/circles/128815,제9회 대운동회,Day2
원조 밥상 (아침뱅상됩니다),히로히로,,,,,2sp,가비지타임,,,박병찬,박병찬X기상호,,,,,https://dongne.co/events/sports09/circles/127616,제9회 대운동회,Day2
호백 하자 냐,"냔냐 , 아자",,,,,2sp,슬램덩크,,10X100 사랑은 기하급수적! | 호열백호 쁘띠존,"양호열,강백호",,로맨틱,,"만화,공예",@ho10__100ho,https://dongne.co/events/sports09/circles/128780,제9회 대운동회,Day2
마감 강림 『 마감 확정 』,우,,,,,2sp,블루록,,신부스대전,이사기,이사기,,,,,https://dongne.co/events/sports09/circles/128024,제9회 대운동회,Day2
이런 덩치 큰 녀석들한테 가로막혀서 어쩌잔거야!,내삐,,,,,2sp,슬램덩크,,Speedster | 태섭왼 쁘띠존 ,송태섭,,"로맨틱,섹슈얼","송태섭x정대만, 송태섭x이명헌, 송태섭x정우성","만화,소설",@NPpi_14,https://dongne.co/events/sports09/circles/127935,제9회 대운동회,Day2
몸에 좋은 호백,쵸,,,,,1sp,슬램덩크,,10X100 사랑은 기하급수적! | 호열백호 쁘띠존,"양호열,강백호",양호열X강백호,"로맨틱,섹슈얼",,소설,chyo_nong,https://dongne.co/events/sports09/circles/128339,제9회 대운동회,Day2
국경 없는 농구 모임,줄무늬다람쥐,,,,,2sp,슬램덩크,가비지타임,,이명헌 송태섭 최종수 기상호,,로맨틱,최종수×기상호(종상),"일러스트,만화",loveinthe90ss,https://dongne.co/events/sports09/circles/129537,제9회 대운동회,Day2
어릴 적먹 었던 바로 그 맛,"YES, 사탕",,,,,2sp,쿠로코의 농구,,쿠로코의 농구 쁘띠존,"아카시,마유즈미",아카시 세이쥬로X마유즈미 치히로,"로맨틱,섹슈얼",,"만화,소설","1220x0301, candy_745",https://dongne.co/events/sports09/circles/127899,제9회 대운동회,Day2
파란 하늘 아래 너와 함께한 농구가 제일 재밌었어,"시스티나, 돈고",,,,,2sp,가비지타임,,준수상호 쁘띠존,"성준수,기상호",성준수X기상호,"로맨틱,섹슈얼",,"소설,일러스트,기타",@sistina_w,https://dongne.co/events/sports09/circles/127646,제9회 대운동회,Day2
락교 넣고 구운 오코노미야키,어누,,,,,1sp,하이큐,"츠루네,가비지타임",,히나타,,,,만화,@eo9eul0,https://dongne.co/events/sports09/circles/128629,제9회 대운동회,Day2
햄님 부스 내요?,댜람,,,,,2sp,하이큐,,,,,,,일러스트,,https://dongne.co/events/sports09/circles/128502,제9회 대운동회,Day2
대태 무슨 일이야,농팔이 ,,,,,1sp,슬램덩크,,No.1 프로포즈 대작전,대만태섭,정대만X송태섭,"섹슈얼,로맨틱",대만태섭,"만화,일러스트",@nong_8E,https://dongne.co/events/sports09/circles/128126,제9회 대운동회,Day2
명태 평생 해야징,"야징, 오키나와순두부",,,,,2sp,슬램덩크,,No.1 프로포즈 대작전,,,,,,,https://dongne.co/events/sports09/circles/128269,제9회 대운동회,Day2
우명 도장 팝니다,농기덕,,,,,1sp,슬램덩크,,우성명헌 쁘띠존 | 우연일까? 운명이야!,"정우성,이명헌",정우성X이명헌,,,기타,@deong_gideok,https://dongne.co/events/sports09/circles/127779,제9회 대운동회,Day2
청춘 지구 농구부,솔이,,,,,2sp,가비지타임,슬램덩크,준수상호 쁘띠존,"성준수,기상호",성준수X기상호,해당없음,,"일러스트,기타,소설",@soriiinotsorry,https://dongne.co/events/sports09/circles/128520,제9회 대운동회,Day2
농구 코트 위에서 프리즘쇼,ㄷㄱ,,,,,2sp,슬램덩크,킹프리,우성명헌 쁘띠존 | 우연일까? 운명이야!,정우성 이명헌 서태웅 정대만 카케루 타이가,우성X명헌,해당없음,"태웅대만, 카케타이",만화,@,https://dongne.co/events/sports09/circles/129634,제9회 대운동회,Day2
똑똑 같이 농구하자,DaDa,,,,,2sp,슬램덩크,,"태섭대만 쁘띠존 ｜Lucky 7, Three point, 1st Love","송태섭,정대만",송태섭X정대만,로맨틱,,일러스트,@DaDa9191,https://dongne.co/events/sports09/circles/128284,제9회 대운동회,Day2
북산 감자 복복협의회,"J, 륭",,,,,2sp,슬램덩크,,,북산 멤버들,송태섭X이한나,"로맨틱,섹슈얼",,"소설,기타","@4tleastoneforU, @ryungsillust",https://dongne.co/events/sports09/circles/128096,제9회 대운동회,Day2
내가 요즘 가비지타임을 보고 있는데 느낀게 존나 열심히 안하면 안될거 같애 근데 우린 열심히 안하잖아 우린 안될거야 아마,허사,,,,,2sp,가비지타임,,,,,,,,,https://dongne.co/events/sports09/circles/127829,제9회 대운동회,Day2
"이게 됏네,..,. 감사합니다",치브,,,,,4sp,슬램덩크,,태웅태섭 쁘띠존 | 겨울의 강이 여름의 바다에게,,서태웅X송태섭,"로맨틱,섹슈얼","우성태섭,백호태섭,태섭한나","만화,일러스트",@ChibuNyam,https://dongne.co/events/sports09/circles/128267,제9회 대운동회,Day2
군빰 요거트,빰,,,,,1sp,가비지타임,,준수상호 쁘띠존,"성준수,기상호",,로맨틱,,일러스트,@9oonbami,https://dongne.co/events/sports09/circles/128817,제9회 대운동회,Day2
북산 동물원,닉스,,,,,2sp,슬램 덩크,,,서태웅 강백호,,"로맨틱,섹슈얼",,소설,@jungdokdolnim,https://dongne.co/events/sports09/circles/127881,제9회 대운동회,Day2
평생 갑타해,유우,,,,,1sp,가비지타임,,,,,,,만화,@yeondoli_,https://dongne.co/events/sports09/circles/129571,제9회 대운동회,Day2
햇님 잡화점,나기,,,,,2sp,하이큐.슬램덩크,,,,,,,,,https://dongne.co/events/sports09/circles/128273,제9회 대운동회,Day2
항상 태대가 나를 잡았지,"동글, 멜",,,,,2sp,슬램덩크,,"태섭대만 쁘띠존 ｜Lucky 7, Three point, 1st Love",송태섭 정대만,송태섭X정대만,"로맨틱,섹슈얼",,소설,@DDD_gle,https://dongne.co/events/sports09/circles/129961,제9회 대운동회,Day2
달군 농구공 퉁기기,남자헌터,,,,,1sp,가비지타임,,,"가비지타임 성준수,전영중",성준수X전영중,"로맨틱,해당없음",,만화,@dansihunter,https://dongne.co/events/sports09/circles/128615,제9회 대운동회,Day2
세계 제일의 첫사랑,릿코,,,,,2sp,블루록,,신부스대전,나기 세이시로 미카게 레오,나기 세이시로X미카게 레오,로맨틱,,"만화,소설",@igedamoya,https://dongne.co/events/sports09/circles/128166,제9회 대운동회,Day2
항상 엔진을 켜둘게,회색이끼,,,,,2sp,슬램덩크,,,"박철,정대만",박철X정대만,로맨틱,,,,https://dongne.co/events/sports09/circles/127862,제9회 대운동회,Day2
회귀 완료한 사람들,회귀자,,,,,2sp,슬램덩크,,,,,로맨틱,,일러스트,ronno_5,https://dongne.co/events/sports09/circles/128185,제9회 대운동회,Day2
우리 영원히 호백하자,퓨미 놀란 자승 소금,,,,,2sp,슬램덩크,,10X100 사랑은 기하급수적! | 호열백호 쁘띠존,"양호열,강백호",양호열X강백호,로맨틱,,소설,@10_100_yamyam,https://dongne.co/events/sports09/circles/129606,제9회 대운동회,Day2
명태 예아예아,"호엥, 세아",,,,,2sp,슬램덩크,,No.1 프로포즈 대작전,"이명헌,송태섭",이명헌X송태섭,"로맨틱,섹슈얼",태웅백호,,"@hoeeeeng479, @SAEA_jabdeog",https://dongne.co/events/sports09/circles/128420,제9회 대운동회,Day2
뭔진 모르겠고,섭잇,,,,,2sp,슬램덩크,,No.1 프로포즈 대작전,"송태섭,이명헌,정우성",정우성X송태섭,"로맨틱,섹슈얼",명헌태섭,소설,NJ_CEO,https://dongne.co/events/sports09/circles/128976,제9회 대운동회,Day2
야호 여름이다,농놀,,,,,2sp,미정,,"태섭대만 쁘띠존 ｜Lucky 7, Three point, 1st Love",,태섭X대만,로맨틱,,"소설,일러스트",nongnol,https://dongne.co/events/sports09/circles/129974,제9회 대운동회,Day2
종뱅 탐구생활,arce,,,,,1sp,가비지타임,,,종수 병찬,종수X병찬,"로맨틱,섹슈얼",,,@arce_2321,https://dongne.co/events/sports09/circles/128591,제9회 대운동회,Day2
탱댐 한상차림,비빔밥,,,,,2sp,슬램덩크,,,정대만,서태웅X정대만,로맨틱,,만화,bibizagoyo,https://dongne.co/events/sports09/circles/128560,제9회 대운동회,Day2
같이 태른하실 분 절찬모집중,피요,,,,,4sp,슬램덩크,,No.1 프로포즈 대작전,송태섭,정X송태섭,섹슈얼,"우성태섭,태섭른",소설,@ppiyo74283086,https://dongne.co/events/sports09/circles/129698,제9회 대운동회,Day2
늙은 호백러와 탑꾸 명장 지망생,끼리,,,,,2sp,슬램덩크,,10X100 사랑은 기하급수적! | 호열백호 쁘띠존,"양호열,강백호",양호열X강백호,,,"소설,공예",,https://dongne.co/events/sports09/circles/129694,제9회 대운동회,Day2
평생 농놀하자 지는 쪽은 농구공이 되는걸로,농큐,,,,,2sp,가비지타임,슬램덩크,,,,,,일러스트,@nong_Q1,https://dongne.co/events/sports09/circles/128831,제9회 대운동회,Day2
공을 동그라미 안에 넣어.,"김늑대, 장단",,,,,2sp,가비지타임,,,,,로맨틱,"쫑언, 준쟁",,,https://dongne.co/events/sports09/circles/128305,제9회 대운동회,Day2
전부 우명이다 근데 아닐지도,"퓨나, 뿅팔계",,,,,2sp,슬램덩크,,우성명헌 쁘띠존 | 우연일까? 운명이야!,우성명헌,우성X명헌,로맨틱,,만화,@puepuena,https://dongne.co/events/sports09/circles/129113,제9회 대운동회,Day2
일일 호백따기 체험존,"박끼덩,농부,쪼",,,,,2sp,슬램덩크,,10X100 사랑은 기하급수적! | 호열백호 쁘띠존,"양호열,강백호",양호열X강백호,로맨틱,,,@1_a137,https://dongne.co/events/sports09/circles/128634,제9회 대운동회,Day2
저도 무언가를 해봅니다,클레어,,,,,1sp,슬램덩크,,,서태웅,윤대협X서태웅,해당없음,,소설,@Kaede___RE,https://dongne.co/events/sports09/circles/129272,제9회 대운동회,Day2
님들 존프레스 연습하다 뽀뽀했잖아요,뺀찌,,,,,1sp,슬램덩크,,우성명헌 쁘띠존 | 우연일까? 운명이야!,"정우성,이명헌",정우성X이명헌,"로맨틱,섹슈얼",,"만화,일러스트,공예",@pppjjj000jjjppp,https://dongne.co/events/sports09/circles/129713,제9회 대운동회,Day2
쇼난 종합운동장,생활체육인,,,,,1sp,슬램덩크,,,"윤대협,서태웅",윤대협X서태웅,"로맨틱,섹슈얼",,소설,@rize_dk,https://dongne.co/events/sports09/circles/127560,제9회 대운동회,Day2
너를 탱태한다고 외치고 싶어,뽈보,,,,,2sp,슬램덩크,,태웅태섭 쁘띠존 | 겨울의 강이 여름의 바다에게,송태섭,,"로맨틱,섹슈얼",,,@ballboy_rok,https://dongne.co/events/sports09/circles/128771,제9회 대운동회,Day2
호백 뽀뽀하라고 외치고 싶어,여른,,,,,1sp,슬램덩크,,10X100 사랑은 기하급수적! | 호열백호 쁘띠존,"양호열,강백호",양호열X강백호,"로맨틱,섹슈얼",,소설,@yyeeoolluunn,https://dongne.co/events/sports09/circles/129375,제9회 대운동회,Day2
제발 국민이라면 준빵합시다. (지국민: 예? 저요?),철,,,,,2sp,가비지타임,,,"성준수,전영중,조재석,지국민,박병찬",성준수X전영중,"로맨틱,섹슈얼",조재석x지국민,"만화,소설",@kgse220,https://dongne.co/events/sports09/circles/127788,제9회 대운동회,Day2
이젠 무릎보호대만 봐도 늑대가되,고,,,,,2sp,슬램덩크,,"태섭대만 쁘띠존 ｜Lucky 7, Three point, 1st Love","송태섭,정대만",송태섭X정대만,"섹슈얼,로맨틱",모브x정대만,만화,@utmostgo,https://dongne.co/events/sports09/circles/129238,제9회 대운동회,Day2
러브 트라이앵글은 줄여서,zpg(즾),,,,,1sp,슬램덩크,,,이명헌 송태섭 정우성,이명헌X정우성,"로맨틱,섹슈얼","명헌태섭우성, 명헌태섭, 우성태섭",소설,@479ZPg,https://dongne.co/events/sports09/circles/129785,제9회 대운동회,Day2
"빵준, 너네가 뭔데?",전씨 남자를 사랑하게 되었습니다,,,,,2sp,가비지타임,,,"전영중,성준수",최종수X박병찬,"로맨틱,섹슈얼",최종수x박병찬(종뱅),"소설,기타",@S2yeon_gjung,https://dongne.co/events/sports09/circles/129027,제9회 대운동회,Day2
"양키,순애, 그리고 붉은 티라노의 아내 양호열",공노트,,,,,2sp,슬램덩크,,10X100 사랑은 기하급수적! | 호열백호 쁘띠존,,성준수X기상호,,,만화,@rkgkgong_64,https://dongne.co/events/sports09/circles/128777,제9회 대운동회,Day2
"호오,가능할것인가",쪼꼬삐,,,,,2sp,슬램덩크,가비지타임,,서태웅,,"로맨틱,섹슈얼","태웅백호, 빵준, 종상 ","만화,일러스트,소설",@zzoccobee_99,https://dongne.co/events/sports09/circles/128218,제9회 대운동회,Day2
한농!일농!,9타쿠,,,,,2sp,가비지타임,슬램덩크,,"전영중,성준수,정우성,송태섭",전영중X성준수,"로맨틱,섹슈얼",우성태섭명헌,"공예,만화",@9ta_guta,https://dongne.co/events/sports09/circles/128562,제9회 대운동회,Day2
그냥... 그냥 종상이요 ,모,,,,,2sp,가비지 타임,,,"최종수,기상호",최종수X기상호,,,,,https://dongne.co/events/sports09/circles/127917,제9회 대운동회,Day2
부스... 부스가 하고 싶어요,군만두,,,,,2sp,슬램덩크,,,정대만,,,,만화,@gunmandu_du,https://dongne.co/events/sports09/circles/127698,제9회 대운동회,Day2
주님(마감을하다)한놈갑니다,주한다,,,,,1sp,,,10X100 사랑은 기하급수적! | 호열백호 쁘띠존,양호열 강백호,양호열X강백호,"로맨틱,섹슈얼",,,@joo_handa,https://dongne.co/events/sports09/circles/129708,제9회 대운동회,Day2
감자밭,감자모찌,,,,,1sp,하이큐,,,히나타 쇼요,,,,소설,@kamja_mozzi,https://dongne.co/events/sports09/circles/128367,제9회 대운동회,Day2
공봐뿅,나즐,,,,,2sp,슬램덩크,가비지타임,,우성명헌,정우성X이명헌,"로맨틱,섹슈얼",빵준(전영중x성준수),"만화,소설",,https://dongne.co/events/sports09/circles/127844,제9회 대운동회,Day2
나야나,서도령,,,,,2sp,,,,,,,,"만화,일러스트",@seodoryeong0101,https://dongne.co/events/sports09/circles/128922,제9회 대운동회,Day2
냉장고,하임,,,,,2sp,하이큐,x,,히나타,,해당없음,,"만화,일러스트",@iced_chocohaim,https://dongne.co/events/sports09/circles/128207,제9회 대운동회,Day2
냠냠굿,스팔이,,,,,1sp,가비지타임,하이큐,,"전영중,성준수",전영중X성준수,해당없음,,"일러스트,기타",,https://dongne.co/events/sports09/circles/128303,제9회 대운동회,Day2
농구공,원주율,,,,,1sp,,,,,,,,,,https://dongne.co/events/sports09/circles/128263,제9회 대운동회,Day2
농놀걸,ㅅㅋㅇ,,,,,1sp,가비지타임,슬램덩크,,"진재유,성준수,최종수,이규,서태웅,윤대협",성준수X진재유,로맨틱,"이규×최종수, 윤대협×서태웅",일러스트,dlektha1121,https://dongne.co/events/sports09/circles/129140,제9회 대운동회,Day2
다먹음,원중고 핵주먹 스댕 누가바,,,,,2sp,가비지타임,슬램덩크,,성준수 서태웅,,로맨틱,대협태웅,,@wjfirepunch431 @S2stw_30,https://dongne.co/events/sports09/circles/128182,제9회 대운동회,Day2
도마리,"도어, 마리",,,,,2sp,슬램덩크,,,,,섹슈얼,,,,https://dongne.co/events/sports09/circles/128210,제9회 대운동회,Day2
만물상,흑당,,,,,1sp,가비지타임,,,최종수,,,최종병기,만화,@hy830207,https://dongne.co/events/sports09/circles/128258,제9회 대운동회,Day2
몰또행,몰리,,,,,2sp,슬램덩크,,,,,,,"소설,일러스트,공예,기타",mad_holy_moly,https://dongne.co/events/sports09/circles/129501,제9회 대운동회,Day2
보부상,오트,,,,,1sp,가비지타임,,,,,,,일러스트,,https://dongne.co/events/sports09/circles/128757,제9회 대운동회,Day2
빵심당,요타,,,,,2sp,가비지타임,,,,,,,,@pizzalove57,https://dongne.co/events/sports09/circles/127712,제9회 대운동회,Day2
연장전,"우이, 먼지, 과사, 재강사",,,,,2sp,가비지타임,,,,,,"종뱅, 준빵, 준쟁, 종상","만화,일러스트",@ui__062123 @o0_rider @dogpa000,https://dongne.co/events/sports09/circles/128486,제9회 대운동회,Day2
왕오왕,뀨,,,,,2sp,슬램덩크,주술회전,,서태웅,윤대협X서태웅,섹슈얼,고게,"일러스트,공예",@mangmu_lover,https://dongne.co/events/sports09/circles/128421,제9회 대운동회,Day2
지뢰밭, 노랑별,,,,,2sp,슬램덩크,,,,,,,만화,대표자가 그런게 없음,https://dongne.co/events/sports09/circles/128948,제9회 대운동회,Day2
태대각,프정,,,,,2sp,슬램덩크,,"태섭대만 쁘띠존 ｜Lucky 7, Three point, 1st Love","송태섭,정대만",송태섭X정대만,"로맨틱,섹슈얼",,"소설,일러스트",rec4277,https://dongne.co/events/sports09/circles/127557,제9회 대운동회,Day2
토마토,NUMNUM,,,,,1sp,슬램덩크,,,,,,,,loveredtomato_,https://dongne.co/events/sports09/circles/129392,제9회 대운동회,Day2
작전명 : 파란,처서,,,,,1sp,가비지타임,,,"성준수,진재유,황보석,김기정",성준수X진재유,로맨틱,"형현, ","소설,일러스트",@Wonderwall__EA,https://dongne.co/events/sports09/circles/129668,제9회 대운동회,Day2
공수레 / 공수거 ,"쿠운 , 무지",,,,,4sp,슬램덩크,하이큐,,"이명헌,정우성,송태섭",정우성X이명헌,,"우성태섭, 태섭른","만화,일러스트",god_khunbam,https://dongne.co/events/sports09/circles/127658,제9회 대운동회,Day2
덕있는 삶,조단,,,,,2sp,슬램덩크,,No.1 프로포즈 대작전,"이명헌,송태섭,정우성",이명헌X송태섭,"섹슈얼,로맨틱",,만화,hot_court,https://dongne.co/events/sports09/circles/128328,제9회 대운동회,Day2
펑크는 못 낼 운명인가 보다,어드,,,,,1sp,가비지타임,슬램덩크,,,,,,,luvhunter_ad,https://dongne.co/events/sports09/circles/128639,제9회 대운동회,Day2
"이름은 두 개, 사람은 하나",허르,,,,,1sp,슬램덩크,,,"서태웅,강백호",서태웅X강백호,,,,,https://dongne.co/events/sports09/circles/129029,제9회 대운동회,Day2
태대가 또 나를,한유 / 빵지 / 포쏘,,,,,2sp,슬램덩크,,"태섭대만 쁘띠존 ｜Lucky 7, Three point, 1st Love",송태섭 정대만,,,,소설,Newww_SAW / love_in_fall714 / posso1414,https://dongne.co/events/sports09/circles/129817,제9회 대운동회,Day2
농구부 옆 배구부,우롱차,,,,,1sp,하이큐,,,"켄마,히나타,켄히나",켄마X히나타,,,"만화,일러스트,공예",@Oolongtea_suki,https://dongne.co/events/sports09/circles/128150,제9회 대운동회,Day2
배구부 옆 농구부,미삼,,,,,1sp,슬램덩크,,,"송태섭,양호열,정대만",정대만,"로맨틱,섹슈얼","태섭대만,호열대만",,@mimimi168184167,https://dongne.co/events/sports09/circles/128523,제9회 대운동회,Day2
지상고 앞 돈까스가게,향,,,,,1sp,가비지 타임,,,"성준수,진재유",성준수X진재유,로맨틱,,,@hyang_kalenim,https://dongne.co/events/sports09/circles/127496,제9회 대운동회,Day2
늑대와 미녀,감망,,,,,2sp,가비지타임,,,"지상고,원중고",,,,"만화,일러스트",mangam217,https://dongne.co/events/sports09/circles/128252,제9회 대운동회,Day2
마감을 못함,루화,,,,,1sp,슬램덩크,데뷔 못하면 죽는 병 걸림,,"송태섭,서태웅,정대만,강백호,이명헌,정우성 / 신재현,박문대,류청우,이세진,김래빈,차유진,배세진,선아현",,,,"사진,기타",@apple_pick__pp,https://dongne.co/events/sports09/circles/128314,제9회 대운동회,Day2
망충이 월드,팬바,,,,,1sp,슬램덩크,,,"서태웅,강백호",서태웅X강백호,로맨틱,,일러스트,@panba_A,https://dongne.co/events/sports09/circles/127505,제9회 대운동회,Day2
아기의 순정,콘쭈 ,,,,,2sp,슬램덩크,,,"전호장,이정환",전호장X이정환,로맨틱,,만화,@cornjju,https://dongne.co/events/sports09/circles/128904,제9회 대운동회,Day2
우명적 사고,민달,,,,,1sp,슬램덩크,,우성명헌 쁘띠존 | 우연일까? 운명이야!,,정우성X이명헌,로맨틱,,소설,@genie_jam96,https://dongne.co/events/sports09/circles/129317,제9회 대운동회,Day2
윙크의 효능,청,,,,,1sp,가비지타임,,,"박병찬,기상호,성준수",,"섹슈얼,로맨틱",,소설,2321XLTK,https://dongne.co/events/sports09/circles/129030,제9회 대운동회,Day2
종상을 하자,룽지,,,,,1sp,가비지타임,,,"최종수,기상호",,해당없음,,,@bbosi__,https://dongne.co/events/sports09/circles/129271,제9회 대운동회,Day2
친절한 메뉴,YOGAFIRE,,,,,2sp,슬램덩크,,10X100 사랑은 기하급수적! | 호열백호 쁘띠존,"양호열,강백호",양호열X강백호,"섹슈얼,로맨틱",,만화,@5ireyoga,https://dongne.co/events/sports09/circles/129445,제9회 대운동회,Day2
햄바꺼 가게,백블,,,,,2sp,가비지타임,,준수상호 쁘띠존,"성준수,기상호",성준수X기상호,로맨틱,,"만화,일러스트",@100sublue,https://dongne.co/events/sports09/circles/128482,제9회 대운동회,Day2
흥냐와 흠냐,바비,,,,,2sp,슬램덩크,,,,,,,,@babbie_0423,https://dongne.co/events/sports09/circles/127991,제9회 대운동회,Day2
흥냐와 흠냐 ,사람 ,,,,,4sp,슬램덩크,,,서태웅,윤대협X서태웅,"로맨틱,섹슈얼","센루, 대협태웅, 댑탱","소설,만화,일러스트",,https://dongne.co/events/sports09/circles/127657,제9회 대운동회,Day2
국내산 농구 / 수입산 농구,뱀머,,,,,2sp,슬램덩크 / 가비지타임,,,"정우성,이명헌 / 성준수,진재유",,로맨틱,성준수 x 진재유,일러스트,@bammer__,https://dongne.co/events/sports09/circles/129799,제9회 대운동회,Day2
태대를 하게 되,팡,,,,,2sp,슬램덩크,.,"태섭대만 쁘띠존 ｜Lucky 7, Three point, 1st Love",송태섭,송태섭X정대만,해당없음,.,일러스트,@pang_2938,https://dongne.co/events/sports09/circles/128776,제9회 대운동회,Day2
농구공 들고 튀겨,.,,,,,1sp,가비지타임,,,,,,,,,https://dongne.co/events/sports09/circles/128461,제9회 대운동회,Day2
미야기 나를 써라,알파카킹,,,,,2sp,슬램덩크,,"태섭대만 쁘띠존 ｜Lucky 7, Three point, 1st Love","송태섭,정대만",송태섭X정대만,"로맨틱,섹슈얼",,"소설,기타",@shub_shubab,https://dongne.co/events/sports09/circles/129966,제9회 대운동회,Day2
삼월은 밤의 바닥,유한한미래,,,,,2sp,가비지타임,,,"성준수,진재유",성준수X진재유,로맨틱,,"만화,소설",,https://dongne.co/events/sports09/circles/127497,제9회 대운동회,Day2
짝사랑 정체 구간,백,,,,,2sp,슬램덩크,x,"태섭대만 쁘띠존 ｜Lucky 7, Three point, 1st Love","송태섭,정대만",송태섭X정대만,"로맨틱,섹슈얼",호열백호,"만화,소설,공예",@00_back_,https://dongne.co/events/sports09/circles/128107,제9회 대운동회,Day2
운동이 하고 싶어 ,먀냐 ,,,,,1sp,하이큐,.,,켄마,,,,기타,@myanya_0,https://dongne.co/events/sports09/circles/128572,제9회 대운동회,Day2
미래의 나를 굳게 믿기,Dasal,,,,,2sp,슬램덩크,,10X100 사랑은 기하급수적! | 호열백호 쁘띠존,"양호열,강백호",양호열X강백호,"로맨틱,섹슈얼",,"만화,기타",@ekfoRltkfgo725,https://dongne.co/events/sports09/circles/129176,제9회 대운동회,Day2
송태섭 행복 증진 위원회,위원회장,,,,,4sp,슬램덩크,,No.1 프로포즈 대작전,,,,,,@No_1_ryota,https://dongne.co/events/sports09/circles/127565,제9회 대운동회,Day2
기상호 함께 해서 더러웠고 이제 그만 결혼하자,덕사,,,,,1sp,가비지타임,,준수상호 쁘띠존,"성준수,기상호",성준수X기상호,로맨틱,,"소설,일러스트",@1Didol_deok,https://dongne.co/events/sports09/circles/128060,제9회 대운동회,Day2
김타마 태대 하우스,김타마,,,,,2sp,슬램덩크,,"태섭대만 쁘띠존 ｜Lucky 7, Three point, 1st Love",정대만,송태섭X정대만,로맨틱,,일러스트,,https://dongne.co/events/sports09/circles/128930,제9회 대운동회,Day2
송태섭 보이 리스트,송보리,,,,,1sp,슬램덩크,,No.1 프로포즈 대작전,송태섭,이명헌X송태섭,로맨틱,,소설,@Song_boylist,https://dongne.co/events/sports09/circles/127567,제9회 대운동회,Day2
결국은 뚫는 송태섭 ~퍼슬덩 명장면~,서브웨이(왼쪽),,,,,1sp,슬램덩크,,Speedster | 태섭왼 쁘띠존 ,송태섭,송태섭X정대만,"로맨틱,섹슈얼","태섭준섭, 태섭우성",,,https://dongne.co/events/sports09/circles/127624,제9회 대운동회,Day2
이번이 진짜 마지막 행사,하현,,,,,2sp,가비지타임,,준수상호 쁘띠존,"성준수,기상호",성준수X기상호,"로맨틱,섹슈얼",,소설,@hotclare0987,https://dongne.co/events/sports09/circles/128312,제9회 대운동회,Day2
고로케 나라 브로콜리 공주,"림좌, 토리",,,,,2sp,슬램덩크,,,"서태웅,강백호,양호열,정대만,송태섭",서태웅X강백호,로맨틱,"태웅백호, 호열백호, 대만태섭",소설,@Rimja_02,https://dongne.co/events/sports09/circles/129912,제9회 대운동회,Day2
빨리와 여긴 개우명의 나라야,"산뾰,우호",,,,,2sp,슬램덩크,,우성명헌 쁘띠존 | 우연일까? 운명이야!,"정우성,이명헌",정우성X이명헌,,,"공예,소설",bbyongchin/woooo_ho,https://dongne.co/events/sports09/circles/128852,제9회 대운동회,Day2
태대를 위해 부스냈는데 미치겠다,차차,,,,,2sp,슬램덩크,,"태섭대만 쁘띠존 ｜Lucky 7, Three point, 1st Love","송태섭,정대만",송태섭X정대만,"로맨틱,섹슈얼",,"소설,공예",@chachalovesweet,https://dongne.co/events/sports09/circles/129507,제9회 대운동회,Day2
호열아 가자!,반예,,,,,1sp,슬램덩크,,10X100 사랑은 기하급수적! | 호열백호 쁘띠존,"양호열,강백호",양호열X강백호,"로맨틱,섹슈얼",,소설,ban_ye3114 ,https://dongne.co/events/sports09/circles/128735,제9회 대운동회,Day2
농구공 잡화점,감자튀김,,,,,1sp,슬램덩크,,,슬램덩크,,로맨틱,,기타,amollangggg,https://dongne.co/events/sports09/circles/129562,제9회 대운동회,Day2
딸기맛 공놀이,제티,,,,,2sp,가비지타임,하이큐,,기상호 주찬양 성준수 최종수 전영중 박병찬,,,,,@EjJnhCpzFWcw3vw,https://dongne.co/events/sports09/circles/128571,제9회 대운동회,Day2
뿅팔계 철뿅점,뿅팔계,,,,,1sp,슬램덩크,"슬램덩크,산왕",,"이명헌,신현철",신현철X이명헌,"로맨틱,섹슈얼",,"만화,일러스트,기타",ppyongmon_ster,https://dongne.co/events/sports09/circles/127951,제9회 대운동회,Day2
사랑이 뭐길래,종팔,,,,,2sp,슬램덩크,하이큐,,,정우성X이명현,로맨틱,,만화,whdvkf9x4,https://dongne.co/events/sports09/circles/129925,제9회 대운동회,Day2
송가네 매운탕,쑥갓,,,,,1sp,슬램덩크,,No.1 프로포즈 대작전,송태섭,이명헌X송태섭,섹슈얼,우성태섭,,@ssukgod_31,https://dongne.co/events/sports09/circles/128913,제9회 대운동회,Day2
수상한 짬뽕집,"식빵,김개몌",,,,,2sp,"가비지타임,슬램덩크",,,,,,,일러스트,@SB_01911,https://dongne.co/events/sports09/circles/128672,제9회 대운동회,Day2
어쩌다 부스러,팅팅탱탱,,,,,1sp,슬램덩크,,,"정대만,송태섭,서태웅",,,,기타,@yozmday,https://dongne.co/events/sports09/circles/127607,제9회 대운동회,Day2
올해도 농놀중,농농,,,,,1sp,슬램덩크,,우성명헌 쁘띠존 | 우연일까? 운명이야!,정우성이명헌,정우성X이명헌,로맨틱,,"공예,소설",@coco_Gmor ,https://dongne.co/events/sports09/circles/128287,제9회 대운동회,Day2
요거트 붕어빰,요,,,,,1sp,가비지타임,,준수상호 쁘띠존,"성준수,기상호",성준수X기상호,"로맨틱,섹슈얼",,소설,@mayoeo6,https://dongne.co/events/sports09/circles/128690,제9회 대운동회,Day2
우명이 너무해,"구뿅이,마메",,,,,2sp,슬램덩크,,우성명헌 쁘띠존 | 우연일까? 운명이야!,"정우성,이명헌",정우성X이명헌,"로맨틱,섹슈얼",,소설,"9ppyong2,callsignsun3",https://dongne.co/events/sports09/circles/129051,제9회 대운동회,Day2
쪼푸에 밋치다,풀먼,,,,,2sp,슬램덩크,,"태섭대만 쁘띠존 ｜Lucky 7, Three point, 1st Love","송태섭,정대만",송태섭X정대만,,,"일러스트,기타",@pullman_br,https://dongne.co/events/sports09/circles/128277,제9회 대운동회,Day2
파송송 태섭탁,대파,,,,,1sp,슬램덩크,하이큐,No.1 프로포즈 대작전,,,,,,@evok14,https://dongne.co/events/sports09/circles/128048,제9회 대운동회,Day2
힘내라 양호열,"Akon, 마도요",,,,,2sp,슬램덩크,,10X100 사랑은 기하급수적! | 호열백호 쁘띠존,"양호열,강백호",,"로맨틱,섹슈얼",,"만화,일러스트","@Nongnol234, @madoyo0000",https://dongne.co/events/sports09/circles/128032,제9회 대운동회,Day2
너네가 옥상만 안 갔어도 부스 그런거 안 나왔어.,"가브, 니금, 나바",,,,,2sp,슬램덩크,,"태섭대만 쁘띠존 ｜Lucky 7, Three point, 1st Love","송태섭,정대만",송태섭X정대만,"로맨틱,섹슈얼",,,fake_teeth2,https://dongne.co/events/sports09/circles/129076,제9회 대운동회,Day2
태웅이 얼굴이 내 미래보다 밝다,웅맘,,,,,2sp,슬램덩크,,,서태웅,정우성X서태웅,"로맨틱,섹슈얼",루른,"만화,일러스트,소설",baske_rukawa,https://dongne.co/events/sports09/circles/129373,제9회 대운동회,Day2
공놀이 러버스 클럽,아카,,,,,1sp,가비지타임,하이큐,,,,,,,@akaa_5,https://dongne.co/events/sports09/circles/129018,제9회 대운동회,Day2
사신은 사랑을 뿅뿅,쭈웅,,,,,2sp,슬램덩크,,우성명헌 쁘띠존 | 우연일까? 운명이야!,정우성x이명헌,정우성X이명헌,"로맨틱,섹슈얼",,"만화,기타",oe_kk_,https://dongne.co/events/sports09/circles/128094,제9회 대운동회,Day2
야근이 선사한 광기,우체,,,,,1sp,슬램덩크,,Speedster | 태섭왼 쁘띠존 ,"송태섭,서태웅,정대만",송태섭X정대만,로맨틱,"태섭태웅, 대협태웅우성","소설,공예,일러스트",UchetongU,https://dongne.co/events/sports09/circles/129264,제9회 대운동회,Day2
할멈과 손녀의 농놀,가나쵸,,,,,2sp,슬램덩크,,,권준호,,,,,,https://dongne.co/events/sports09/circles/128211,제9회 대운동회,Day2
천재와 바보는 종이 한 장 차이,구화,,,,,2sp,슬램덩크,,10X100 사랑은 기하급수적! | 호열백호 쁘띠존,"양호열,강백호",양호열X강백호,"로맨틱,섹슈얼",,만화,guhwa0215,https://dongne.co/events/sports09/circles/129656,제9회 대운동회,Day2
마참내 빵준만 파는 부스,modernism1912,,,,,2sp,가비지타임,,,"전영중,성준수",전영중X성준수,"로맨틱,섹슈얼",,"만화,소설,일러스트",@Tiav_Ativ_,https://dongne.co/events/sports09/circles/127912,제9회 대운동회,Day2
해장용 공놀이 짬뽕 한사발,샤찌,,,,,2sp,슬램덩크,"가비지타임,하이큐",,"서태웅,정대만,오이카와,카게야마",서태웅X정대만,로맨틱,"오이카게,츠키카게,빵준","만화,일러스트",shajji1114,https://dongne.co/events/sports09/circles/128087,제9회 대운동회,Day2
대만이 태섭이 미래 엿보는 부스,얀미르,,,,,2sp,슬램덩크,,No.1 프로포즈 대작전,송태섭 정대만,정대만X송태섭,로맨틱,명헌태섭,"만화,일러스트",yanmirr,https://dongne.co/events/sports09/circles/129814,제9회 대운동회,Day2
친구가 시켜서 하는 슬덩부스,운이샤,,,,,1sp,슬램덩크,,No.1 프로포즈 대작전,"송태섭,정우성,이명헌",,해당없음,이명헌x송태섭,만화,@MandHeesha,https://dongne.co/events/sports09/circles/129136,제9회 대운동회,Day2
말랑한 두부랑 토마토,9륌,,,,,2sp,슬램덩크,,10X100 사랑은 기하급수적! | 호열백호 쁘띠존,"양호열,강백호",양호열X강백호,"로맨틱,해당없음",,,@rn_fnla_12123,https://dongne.co/events/sports09/circles/129293,제9회 대운동회,Day2
바다는 벚꽃을 꿈꾼다,해우,,,,,1sp,슬램덩크,,10X100 사랑은 기하급수적! | 호열백호 쁘띠존,"양호열,강백호",양호열X강백호,"로맨틱,섹슈얼",,소설,@haewoo_hb,https://dongne.co/events/sports09/circles/129127,제9회 대운동회,Day2
이상한 나라의 잡화점,빵,,,,,2sp,,,,,,,,,@_HHH_0110,https://dongne.co/events/sports09/circles/128816,제9회 대운동회,Day2
상체는 배구공 하체는 축구공,횐,,,,,2sp,블루록,하이큐,신부스대전,"나기 세이시로,이사기 요이치,미야 아츠무,히나타 쇼요",나기 세이시로X이사기 요이치,로맨틱,츠무히나,"만화,일러스트",@Huin_love,https://dongne.co/events/sports09/circles/127715,제9회 대운동회,Day2
빨강은 펑크야 파랑은 마감이야,"동원참치, 란",,,,,2sp,슬램덩크,,10X100 사랑은 기하급수적! | 호열백호 쁘띠존,"양호열,강백호",양호열X강백호,로맨틱,,"소설,공예",@adjmtw0_0 @ran_nongsa,https://dongne.co/events/sports09/circles/127705,제9회 대운동회,Day2
졸업생 유니폼 아나바다,바람,,,,,2sp,가비지타임,,,최종수 등등,,,,,@Bambbaram_0618,https://dongne.co/events/sports09/circles/127995,제9회 대운동회,Day2
만약에 형제가 비빔밥이야,따거비빔밥,,,,,2sp,슬램덩크,,,,,,,"만화,일러스트,기타",@_bibimbab_,https://dongne.co/events/sports09/circles/129358,제9회 대운동회,Day2
지독할 정도로 태웅태섭만 함,국산더덕,,,,,2sp,슬램덩크,,No.1 프로포즈 대작전,"서태웅,송태섭",,"로맨틱,섹슈얼",,,@4B_RANG,https://dongne.co/events/sports09/circles/129938,제9회 대운동회,Day2
영광의 순간은 지금입니다!,"TATA, 탄산수",,,,,2sp,슬램덩크,,,"강백호,양호열",,"로맨틱,섹슈얼",,"만화,일러스트,소설,기타","@tata_tta_, @Sw_Shohoku",https://dongne.co/events/sports09/circles/129429,제9회 대운동회,Day2
준수야 목말라? 왜?,SUNDANCE,,,,,2sp,가비지타임,전독시,,전영중 성준수 최종수 박병찬,전영중X성준수,"로맨틱,섹슈얼",종뱅,"소설,일러스트",,https://dongne.co/events/sports09/circles/128240,제9회 대운동회,Day2
준상이 합니다.,초코롤,,,,,4sp,가비지타임,,준수상호 쁘띠존,"성준수,기상호",,"로맨틱,섹슈얼",,소설,shdshfroll,https://dongne.co/events/sports09/circles/127841,제9회 대운동회,Day2
골목길 구멍가게,라봉,,,,,2sp,"슬램덩크,가비지타임,하이큐",,,,,,,"소설,일러스트",@love_labong,https://dongne.co/events/sports09/circles/128616,제9회 대운동회,Day2
농구공 굴러가요,PI,,,,,2sp,가비지타임,슬램덩크,,정대만 박병찬,,,,,@akiki___PI,https://dongne.co/events/sports09/circles/127409,제9회 대운동회,Day2
농구부 어머니회,0100,,,,,2sp,가비지타임,,,,,로맨틱,상언종수,,@_na0100,https://dongne.co/events/sports09/circles/127814,제9회 대운동회,Day2
농놀에 인생베팅,이야압,,,,,1sp,슬램덩크,,10X100 사랑은 기하급수적! | 호열백호 쁘띠존,,,,,,,https://dongne.co/events/sports09/circles/128376,제9회 대운동회,Day2
당연히 준쟁이죠,베개,,,,,1sp,가비지타임,,,"성준수,진재유",성준수X진재유,로맨틱,,만화,,https://dongne.co/events/sports09/circles/127663,제9회 대운동회,Day2
드디어 부스낸다,그의 농구공,,,,,1sp,가비지타임,슬램덩크,,"기상호,성준수,최종수,박병찬",,로맨틱,,만화,,https://dongne.co/events/sports09/circles/129332,제9회 대운동회,Day2
무농약 보리꼬리,브요,,,,,2sp,슬램덩크,,,송태섭 외 다수,,"로맨틱,섹슈얼",,"만화,일러스트",Broccolover_,https://dongne.co/events/sports09/circles/128533,제9회 대운동회,Day2
북산고 점심시간,피리아,,,,,1sp,슬램덩크,,,"강백호,정대만,서태웅,송태섭,채치수,권준호",,,,,@filiaulcopt,https://dongne.co/events/sports09/circles/128058,제9회 대운동회,Day2
사랑의 버저비터,민채상,,,,,1sp,슬램덩크,가비지타임,,,서태웅X강백호,,조형석이현성(형현),소설,@1110bus,https://dongne.co/events/sports09/circles/127572,제9회 대운동회,Day2
영중로 신호준수,"모리, 후유",,,,,2sp,가비지타임,,,,전영중X성준수,,,,"@0506_4x1224_31, @__WHOU__431",https://dongne.co/events/sports09/circles/129459,제9회 대운동회,Day2
오늘의 삼각김밥,semo,,,,,2sp,슬램덩크,,,"서태웅,강백호",서태웅X강백호,"로맨틱,섹슈얼",,만화,@semo_11x10,https://dongne.co/events/sports09/circles/129504,제9회 대운동회,Day2
종뱅온 홍보부스,종뱅온,,,,,1sp,가비지타임,,,"최종수,박병찬",최종수X박병찬,"로맨틱,해당없음",,"만화,일러스트,소설,기타",2321only,https://dongne.co/events/sports09/circles/127708,제9회 대운동회,Day2
태평양 벚꽃나무,눈기린,,,,,2sp,슬램덩크,,10X100 사랑은 기하급수적! | 호열백호 쁘띠존,"양호열,강백호",양호열X강백호,"로맨틱,섹슈얼",,"만화,일러스트",@final_arthur,https://dongne.co/events/sports09/circles/127611,제9회 대운동회,Day2
할미도 할수있어,returned ,,,,,1sp,슬램덩크,,No.1 프로포즈 대작전,,정대만X송태섭,"로맨틱,섹슈얼",,"만화,공예,소설",@return_otaku_,https://dongne.co/events/sports09/circles/127787,제9회 대운동회,Day2
호열아 힘내바라,물결,,,,,2sp,슬램덩크,,10X100 사랑은 기하급수적! | 호열백호 쁘띠존,"양호열,강백호",양호열X강백호,로맨틱,,소설,@Wave_sd__,https://dongne.co/events/sports09/circles/128702,제9회 대운동회,Day2
아무튼 농놀하는 부스,한결,,,,,2sp,슬램덩크,,,,이명헌X정우성,로맨틱,,"소설,만화,일러스트",@eldtree,https://dongne.co/events/sports09/circles/129877,제9회 대운동회,Day2
전지적 이노버지 시점,유자,,,,,1sp,슬램덩크,,,"서태웅,정대만",,"로맨틱,섹슈얼",,만화,@yuzajelly,https://dongne.co/events/sports09/circles/127686,제9회 대운동회,Day2
이사기 요이치의 남자들,스키아v,,,,,1sp,블루록,,신부스대전,이사기 요이치,,,카이이사 쿠로이사 ,"소설,만화",tmzldk,https://dongne.co/events/sports09/circles/127534,제9회 대운동회,Day2
종상은 전설이다....,"루우, 김귤",,,,,2sp,가비지타임,,,"최종수,기상호",최종수X기상호,"로맨틱,섹슈얼",,,@mxtx_bingul,https://dongne.co/events/sports09/circles/127360,제9회 대운동회,Day2
농놀이 하고싶어요,매실,,,,,1sp,슬램덩크,,,,,,,,@sweetblue1010,https://dongne.co/events/sports09/circles/128456,제9회 대운동회,Day2
농놀이 하고싶어요,먼지,,,,,1sp,슬램덩크,,,,,,,,,https://dongne.co/events/sports09/circles/128379,제9회 대운동회,Day2
사랑의 패자부활전,새인생,,,,,1sp,가비지타임,,준수상호 쁘띠존,기상호,,,,일러스트,,https://dongne.co/events/sports09/circles/128728,제9회 대운동회,Day2
우명아 욱개해줄게,"욱삐, 아무개",,,,,2sp,슬램덩크,,우성명헌 쁘띠존 | 우연일까? 운명이야!,"정우성,이명헌",정우성X이명헌,"로맨틱,섹슈얼",,"만화,일러스트","@baskebbi, @M_UGU3T",https://dongne.co/events/sports09/circles/129311,제9회 대운동회,Day2
형아랑 손에손잡고,공놀,,,,,2sp,슬램덩크,슬램덩크,No.1 프로포즈 대작전,송태섭,,로맨틱,,"소설,만화,기타",sorryyo731,https://dongne.co/events/sports09/circles/128734,제9회 대운동회,Day2
어둠의 녹색어머니회,미스틱,,,,,2sp,슬램덩크,,,"김수겸,성현준,상양고등학교",성현준X김수겸,로맨틱,,만화,@noye_mystic,https://dongne.co/events/sports09/circles/128892,제9회 대운동회,Day2
너네가 패스해달라고 안 했잖아? 나 우명같은거 안 했어,"베리귤, 월농, 자판기, 밤톨사랑뿅",,,,,4sp,슬램덩크,,우성명헌 쁘띠존 | 우연일까? 운명이야!,정우성 이명헌,,"로맨틱,섹슈얼",,"일러스트,만화,소설",,https://dongne.co/events/sports09/circles/128531,제9회 대운동회,Day2
전방에 우명보호구역입니다!,"은하, 토즈",,,,,2sp,슬램덩크,,우성명헌 쁘띠존 | 우연일까? 운명이야!,정우성 이명헌,,"로맨틱,섹슈얼",,"기타,만화","@manggurr_0401, @tozuuum11",https://dongne.co/events/sports09/circles/129952,제9회 대운동회,Day2
마감할_수_있을까요?,결,,,,,1sp,가비지타임,,,,최종수X박병찬,로맨틱,,일러스트,gyeul_230228,https://dongne.co/events/sports09/circles/128842,제9회 대운동회,Day2
"아가씨, 혹시 둔감히어로 좋아해? ",모찌 ,,,,,1sp,블루록,가비지타임,신부스대전,"쿠니가미 렌스케,치기리 효마,강인석,조신우",쿠니가미X치기리,로맨틱,"쿠니치기, 인석신우",소설,mochi_story_,https://dongne.co/events/sports09/circles/128005,제9회 대운동회,Day2
"세계여, 스포츠를 하자",다해빗,,,,,2sp,하이큐,가비지타임,,히나타,성준수X기상호,로맨틱,,"만화,일러스트",@da_haebit,https://dongne.co/events/sports09/circles/129116,제9회 대운동회,Day2
베베큐!,서봄,,,,,2sp,하이큐,,,"아카아시 케이지,네코마 등",,,,일러스트,@akaashi_blue,https://dongne.co/events/sports09/circles/128162,제9회 대운동회,Day2
우명뿅!,구미베어,,,,,1sp,슬램덩크,,우성명헌 쁘띠존 | 우연일까? 운명이야!,이명헌,,"로맨틱,섹슈얼",,,,https://dongne.co/events/sports09/circles/128614,제9회 대운동회,Day2
캬아앜! 깽,솔,,,,,2sp,가비지타임,,준수상호 쁘띠존,"성준수,기상호",성준수X기상호,로맨틱,,"일러스트,소설,공예",@_sol_5,https://dongne.co/events/sports09/circles/128469,제9회 대운동회,Day2
농구함. 영원히.,가보자고,,,,,2sp,가비지타임,,,"성준수 진재유 기상호 정희찬,그 외 지상고등학교 등장 캐릭터",기상호X정희찬,"로맨틱,섹슈얼",성준수X진재유,"만화,사진,소설,기타",@_ilikEit_E3_,https://dongne.co/events/sports09/circles/129494,제9회 대운동회,Day2
일어나. 사랑해야지...,시나,,,,,1sp,가비지타임,,,전영중 성준수,전영중X성준수,해당없음,,소설,,https://dongne.co/events/sports09/circles/129115,제9회 대운동회,Day2
가능가능,엇더캥,,,,,2sp,슬램덩크,,,송태섭,서태웅X송태섭,"로맨틱,섹슈얼",,"소설,일러스트,만화",kaeng_0731,https://dongne.co/events/sports09/circles/129281,제9회 대운동회,Day2
가보자고,후을,,,,,2sp,가비지타임,,,기상호,,,,,@ll0L0lN,https://dongne.co/events/sports09/circles/128668,제9회 대운동회,Day2
간이공간,"역, B2",,,,,2sp,슬램덩크,,10X100 사랑은 기하급수적! | 호열백호 쁘띠존,"양호열,강백호",양호열X강백호,,,,@rksd1dur,https://dongne.co/events/sports09/circles/128900,제9회 대운동회,Day2
개굴상점,유나,,,,,1sp,앙스타,,,,,,,,geguri_store ,https://dongne.co/events/sports09/circles/128405,제9회 대운동회,Day2
곰돌실업,"곰멍멍, 폭스",,,,,2sp,슬램 덩크,,,서태웅 정대만,서태웅X정대만,로맨틱,대만른,만화,@Gomdolsilup @foxda25,https://dongne.co/events/sports09/circles/128348,제9회 대운동회,Day2
관찰일기,"정원, 패딩턴",,,,,1sp,슬램덩크,,"태섭대만 쁘띠존 ｜Lucky 7, Three point, 1st Love","송태섭,정대만",송태섭X정대만,로맨틱,,만화,@Over_714,https://dongne.co/events/sports09/circles/128971,제9회 대운동회,Day2
구몽가게,구모,,,,,2sp,가비지타임,,,성준수,,,,,@gumoarchive,https://dongne.co/events/sports09/circles/128033,제9회 대운동회,Day2
꾸석가게,옥춘할매,,,,,2sp,가비지타임,,,"최종수,박병찬",최종수X박병찬,"로맨틱,섹슈얼",,만화,,https://dongne.co/events/sports09/circles/128082,제9회 대운동회,Day2
내리사랑,"기러김, 두발오리",,,,,2sp,슬램덩크,,우성명헌 쁘띠존 | 우연일까? 운명이야!,"정우성,이명헌",정우성X이명헌,"로맨틱,섹슈얼",,"소설,만화",@gileogim @doobalori,https://dongne.co/events/sports09/circles/129284,제9회 대운동회,Day2
냥꽁냥꽁,냠,,,,,2sp,슬램덩크,,No.1 프로포즈 대작전,"윤대협,서태웅,정대만,송태섭",정대만X송태섭,로맨틱,,,,https://dongne.co/events/sports09/circles/128098,제9회 대운동회,Day2
농구찌개,닌를,,,,,2sp,가비지타임,슬램덩크,,"기상호,박병찬,전영중,성준수,임승대,진재유,정대만,송태섭,정우성",기상호X박병찬,"로맨틱,섹슈얼","영중준수, 승대재유, 대만태섭, 우성태섭","소설,기타",@nin_reul,https://dongne.co/events/sports09/circles/127632,제9회 대운동회,Day2
대만이랑,태강,,,,,2sp,가비지타임,,,"기상호,박병찬,지상고 올캐러,원중고 올캐러",,"섹슈얼,로맨틱",태섭대만,,@TSDMPLZ,https://dongne.co/events/sports09/circles/128119,제9회 대운동회,Day2
덩크회전,오열,,,,,2sp,슬램덩크,,10X100 사랑은 기하급수적! | 호열백호 쁘띠존,"양호열,강백호",양호열X강백호,로맨틱,,소설,@8v0jpDWu,https://dongne.co/events/sports09/circles/128045,제9회 대운동회,Day2
두두두두,oojiya,,,,,1sp,,,,,,,,,oojiya,https://dongne.co/events/sports09/circles/128795,제9회 대운동회,Day2
디일디일,디일,,,,,1sp,슬램덩크,,10X100 사랑은 기하급수적! | 호열백호 쁘띠존,,양호열X강백호,,,"만화,일러스트",,https://dongne.co/events/sports09/circles/127455,제9회 대운동회,Day2
뚫는남자,"bur, 두문",,,,,2sp,슬램덩크,,Speedster | 태섭왼 쁘띠존 ,송태섭,,"로맨틱,섹슈얼","태섭대만, 태섭우성, 태섭준섭, 태섭한나",소설,@Ib1Ef,https://dongne.co/events/sports09/circles/129428,제9회 대운동회,Day2
라디지안,유민호,,,,,2sp,슬램덩크,가비지 타임,,김수겸 중심,,"로맨틱,섹슈얼",,,@fkelwldks2,https://dongne.co/events/sports09/circles/127861,제9회 대운동회,Day2
리무리무,리무무,,,,,1sp,하이큐,가비지타임,,"켄마,쿠로오,히나타",,,,,ri_mumu,https://dongne.co/events/sports09/circles/129255,제9회 대운동회,Day2
만쥬벌판,만쥬,,,,,2sp,슬램덩크,,,"윤대협,서태웅",,"로맨틱,섹슈얼",,"일러스트,만화",@br_0522_,https://dongne.co/events/sports09/circles/128168,제9회 대운동회,Day2
반찬가게,friedegg,,,,,2sp,슬램덩크,,,,정우성X이명헌,"로맨틱,섹슈얼","백호태웅, NCP",소설,@6friedegg9,https://dongne.co/events/sports09/circles/128003,제9회 대운동회,Day2
밥풀떼기,주먹밥,,,,,2sp,가비지타임,하이큐,,,,,,일러스트,@joomukbab,https://dongne.co/events/sports09/circles/129924,제9회 대운동회,Day2
불꽃군단,14호,,,,,4sp,슬램덩크,,,,,,,,@14ho_sd,https://dongne.co/events/sports09/circles/127911,제9회 대운동회,Day2
빵신준자,ㄹ,,,,,2sp,가비지타임,,,,,"로맨틱,섹슈얼",,"만화,일러스트",,https://dongne.co/events/sports09/circles/127436,제9회 대운동회,Day2
빵알준벅,"공알, 공새, 에베",,,,,2sp,가비지타임,,,,,,,,,https://dongne.co/events/sports09/circles/127517,제9회 대운동회,Day2
쁘띠뽀짝,뽀짝쿵야,,,,,2sp,"슬램덩크,하이큐",플레이브,,,,,,"기타,일러스트",@BBoJJaKKyu,https://dongne.co/events/sports09/circles/127644,제9회 대운동회,Day2
사내농놀,"노른자 , 미아미엘",,,,,2sp,슬램덩크,,,"정우성,이명헌,서태웅,송태섭,이한나,양호열,강백호,권준호,정대만",정우성X이명헌,"로맨틱,섹슈얼,해당없음","태웅태섭, 명헌우성, 태섭한나, 명헌태섭, 우성태섭, 호열백호, 논씨피","만화,일러스트","@noreunza_ , @MIA_NONGNOL",https://dongne.co/events/sports09/circles/128894,제9회 대운동회,Day2
산지직송,"청게산, 사계",,,,,2sp,슬램덩크,,No.1 프로포즈 대작전,"정우성,송태섭",정우성X송태섭,"로맨틱,섹슈얼",,"소설,기타",,https://dongne.co/events/sports09/circles/129423,제9회 대운동회,Day2
세살차이,nm,,,,,1sp,가비지타임,,준수상호 쁘띠존,"성준수,기상호",성준수X기상호,로맨틱,,소설,,https://dongne.co/events/sports09/circles/128607,제9회 대운동회,Day2
소매상회,야데,,,,,2sp,슬램덩크,,"태섭대만 쁘띠존 ｜Lucky 7, Three point, 1st Love","송태섭,정대만",송태섭X정대만,로맨틱,,일러스트,@gogissambab92,https://dongne.co/events/sports09/circles/128084,제9회 대운동회,Day2
슬램덩크,벨로뿡야,,,,,1sp,슬램덩크,,,,,,,,,https://dongne.co/events/sports09/circles/127462,제9회 대운동회,Day2
아기상호,지천,,,,,1sp,가비지타임,,,,,,,,@jicheon1000,https://dongne.co/events/sports09/circles/128613,제9회 대운동회,Day2
양키부스,"쉐프, 딩구공",,,,,2sp,슬램덩크,,10X100 사랑은 기하급수적! | 호열백호 쁘띠존,"양호열,강백호",양호열X강백호,,,"만화,일러스트","@nong_9_gong, @nongdon_",https://dongne.co/events/sports09/circles/127859,제9회 대운동회,Day2
양평화도,양빵,,,,,2sp,슬램덩크,,10X100 사랑은 기하급수적! | 호열백호 쁘띠존,"양호열,강백호",양호열X강백호,로맨틱,,"만화,기타",lamb_bbang,https://dongne.co/events/sports09/circles/128605,제9회 대운동회,Day2
어쩔농구,"해, sowy",,,,,2sp,슬램덩크,가비지타임,,"서태웅,강백호,기상호,박병찬",서태웅X강백호,로맨틱,,일러스트,"@vshohoku, @slowwy___",https://dongne.co/events/sports09/circles/129278,제9회 대운동회,Day2
염소우리,겸소,,,,,1sp,슬램덩크,,No.1 프로포즈 대작전,송태섭 이명헌 외 슬램덩크 등장인물 다수,이명헌X송태섭,"로맨틱,섹슈얼",,"일러스트,만화",@more_dopamine,https://dongne.co/events/sports09/circles/127699,제9회 대운동회,Day2
오직대만,농사,,,,,1sp,슬램덩크,,,정대만,,,,만화,@bestcondition14,https://dongne.co/events/sports09/circles/129230,제9회 대운동회,Day2
우명존엄,"톰비, 파워풀망나니",,,,,2sp,슬램덩크,,우성명헌 쁘띠존 | 우연일까? 운명이야!,"정우성,이명헌",정우성X이명헌,"로맨틱,섹슈얼",,"일러스트,소설","@tombiedraws ,  @jeongsangbang",https://dongne.co/events/sports09/circles/128147,제9회 대운동회,Day2
우무무무,붕붕카낫치,,,,,2sp,우마무스메,,,,,,,"기타,만화,일러스트",aranotchi,https://dongne.co/events/sports09/circles/128187,제9회 대운동회,Day2
응후응후,스게,,,,,2sp,,,,,,,,,,https://dongne.co/events/sports09/circles/128775,제9회 대운동회,Day2
준이빵이,김씨,,,,,1sp,가비지타임,,,"성준수,전영중",성준수X전영중,"로맨틱,섹슈얼",전영중드림,만화,Howtocatchmajor,https://dongne.co/events/sports09/circles/128157,제9회 대운동회,Day2
지식채널,이사,,,,,1sp,가비지타임,,,,전영중X성준수,,,소설,,https://dongne.co/events/sports09/circles/128031,제9회 대운동회,Day2
쫑냥상어,머렝,,,,,1sp,가비지타임,,,"최종수,기상호",최종수X기상호,로맨틱,,일러스트,,https://dongne.co/events/sports09/circles/128441,제9회 대운동회,Day2
취향전시,작시,,,,,1sp,가비지타임,,,,성준수X공태성,해당없음,NCP 개그,"일러스트,만화",@jxxxx_ix,https://dongne.co/events/sports09/circles/129637,제9회 대운동회,Day2
콘치팍치,달리는기차,,,,,2sp,슬램덩크,,,"송태섭,정우성",,,,"만화,일러스트,기타",,https://dongne.co/events/sports09/circles/127981,제9회 대운동회,Day2
쾌속취사,moro,,,,,1sp,슬램덩크,,우성명헌 쁘띠존 | 우연일까? 운명이야!,,정우성X이명헌,,,,@odagoromm,https://dongne.co/events/sports09/circles/127831,제9회 대운동회,Day2
태서비네,마김,,,,,1sp,슬램덩크,슬램덩크,,,,"섹슈얼,로맨틱,해당없음",태른 명헌태섭 태웅태섭 대만태섭,"공예,기타",@sangakjung,https://dongne.co/events/sports09/circles/128599,제9회 대운동회,Day2
태웅태섭,교재,,,,,1sp,슬램덩크,,No.1 프로포즈 대작전,서태웅 송태섭,서태웅X송태섭,섹슈얼,,"일러스트,만화",@__mingdog,https://dongne.co/events/sports09/circles/129730,제9회 대운동회,Day2
탱벅태벅,영농,,,,,2sp,슬램덩크,,태웅태섭 쁘띠존 | 겨울의 강이 여름의 바다에게,송태섭위주,서태웅X송태섭,"로맨틱,섹슈얼",,"일러스트,소설,만화",@dudshd1179,https://dongne.co/events/sports09/circles/127342,제9회 대운동회,Day2
툐냥동산,얌,,,,,1sp,블루록,망각 배터리,신부스대전,"나기 세이시로,미카게 레오",나기 세이시로X미카게 레오,로맨틱,하루케이,"일러스트,만화",@285yam,https://dongne.co/events/sports09/circles/129862,제9회 대운동회,Day2
팡팡타임,괴도팡,,,,,2sp,하이큐,가비지타임,,"쿠로켄,상호른",,,,,@LUKAPANG__45,https://dongne.co/events/sports09/circles/127627,제9회 대운동회,Day2
푸카푸카,정머만왼쪽무릎,,,,,2sp,슬램덩크,,"태섭대만 쁘띠존 ｜Lucky 7, Three point, 1st Love",,,"로맨틱,섹슈얼",,,deachinrum,https://dongne.co/events/sports09/circles/129815,제9회 대운동회,Day2
호백반집,글,,,,,4sp,슬램덩크,,10X100 사랑은 기하급수적! | 호열백호 쁘띠존,"양호열,강백호",양호열X강백호,"섹슈얼,로맨틱",,,,https://dongne.co/events/sports09/circles/127921,제9회 대운동회,Day2
화벅화벅,화화,,,,,2sp,가비지타임,없음,,기상호,,,,일러스트,@bskbX101,https://dongne.co/events/sports09/circles/129114,제9회 대운동회,Day2
흥냐흥냐,열무,,,,,2sp,슬램덩크,,,,,,,,,https://dongne.co/events/sports09/circles/129942,제9회 대운동회,Day2
망망대해 ,ㅎㅁ,,,,,1sp,블루 록,,신부스대전,,나기 세이시로X미카게 레오,"로맨틱,섹슈얼",,소설,,https://dongne.co/events/sports09/circles/127833,제9회 대운동회,Day2
이열치열 ,도플,,,,,2sp,슬램덩크,,10X100 사랑은 기하급수적! | 호열백호 쁘띠존,,양호열X강백호,,우성명헌,,@cba06131,https://dongne.co/events/sports09/circles/129273,제9회 대운동회,Day2
남학교의 별,매니저,,,,,1sp,가비지타임,슬램덩크,,,,,,"만화,일러스트,소설,사진,공예,조형",@heesoo21004,https://dongne.co/events/sports09/circles/128731,제9회 대운동회,Day2
호랑이는 냐~,호랑,,,,,1sp,슬램덩크,,10X100 사랑은 기하급수적! | 호열백호 쁘띠존,양호열 강백호,양호열X강백호,로맨틱,,"만화,일러스트,공예",@Horang04010310,https://dongne.co/events/sports09/circles/127442,제9회 대운동회,Day2
농구하다 눈 맞은 사이,키츄,,,,,2sp,슬램덩크,,,태웅백호,태웅X백호,"로맨틱,섹슈얼",,"소설,만화,공예",rukawahana123,https://dongne.co/events/sports09/circles/129044,제9회 대운동회,Day2
여성분들 이 태대 참고하시고 피해 없으시길,"청우, 다시다디포리",,,,,2sp,슬램덩크,,"태섭대만 쁘띠존 ｜Lucky 7, Three point, 1st Love","송태섭,정대만",송태섭X정대만,"로맨틱,섹슈얼",,소설,"yourblusky, Dashida_14",https://dongne.co/events/sports09/circles/129895,제9회 대운동회,Day2
농구하는 난봉,난봉,,,,,1sp,슬램덩크,,,"북산,산왕등",,,,,@nongnol_pain,https://dongne.co/events/sports09/circles/128377,제9회 대운동회,Day2
댐른하는 부스,두루미,,,,,2sp,슬램덩크,,,정대만,최동오X정대만,로맨틱,대만른,소설,@Yeon_sungzoa ,https://dongne.co/events/sports09/circles/129307,제9회 대운동회,Day2
미움받을 용기,74,,,,,1sp,슬램덩크,,Speedster | 태섭왼 쁘띠존 ,송태섭,송태섭X송준섭,섹슈얼,,만화,,https://dongne.co/events/sports09/circles/128360,제9회 대운동회,Day2
브로콜리 농장,브농,,,,,1sp,슬램덩크,,No.1 프로포즈 대작전,송태섭,준섭X태섭,,"명헌태섭, 우성태섭, 태섭른",일러스트,@pepper_0731,https://dongne.co/events/sports09/circles/129455,제9회 대운동회,Day2
서사충과 얼빠,김광천,,,,,1sp,슬램덩크,,,서태웅,윤대협X서태웅,로맨틱,태웅른,"소설,만화,일러스트",bobeye2517 ,https://dongne.co/events/sports09/circles/127502,제9회 대운동회,Day2
어떻게든 호백,"북직, 붱뺌",,,,,2sp,슬램덩크,,10X100 사랑은 기하급수적! | 호열백호 쁘띠존,"양호열,강백호",양호열X강백호,로맨틱,,일러스트,sportsmanyesyes,https://dongne.co/events/sports09/circles/128782,제9회 대운동회,Day2
태대밖에 모름,하르,,,,,2sp,슬램덩크,,"태섭대만 쁘띠존 ｜Lucky 7, Three point, 1st Love","송태섭,정대만",송태섭X정대만,"로맨틱,섹슈얼",,소설,@714_Haar,https://dongne.co/events/sports09/circles/129232,제9회 대운동회,Day2
포기하면 편해,딸기우유맛 농약,,,,,2sp,슬램덩크,,,"서태웅,루카와 카에데",,,"백호태웅, 우성태웅",일러스트,@noname_sd11,https://dongne.co/events/sports09/circles/128921,제9회 대운동회,Day2
호백장터 본점,"한식, きど",,,,,2sp,슬램덩크,,10X100 사랑은 기하급수적! | 호열백호 쁘띠존,,양호열X강백호,"로맨틱,섹슈얼",,만화,,https://dongne.co/events/sports09/circles/127411,제9회 대운동회,Day2
동쪽에서 부는 폭풍,이스터,,,,,1sp,슬램덩크,"하이큐,코드기어스",,,윤대협X서태웅,"로맨틱,섹슈얼","태섭대만, 스자루루, 우시오이",소설,@EASTER_HQ,https://dongne.co/events/sports09/circles/128329,제9회 대운동회,Day2
태섭이로 힘을 내봄,"Neya, hanra",,,,,1sp,슬램덩크,가비지타임,No.1 프로포즈 대작전,"서태웅,송태섭",,"로맨틱,섹슈얼",,,"@a_nesos, @HANRA_32",https://dongne.co/events/sports09/circles/128217,제9회 대운동회,Day2
동그라미 안에 공을 넣어,킁,,,,,2sp,가비지타임,,,"최종수,박병찬",최종수X박병찬,"로맨틱,해당없음",양호열X강백호,"소설,기타",b0xOd,https://dongne.co/events/sports09/circles/128538,제9회 대운동회,Day2
운명에서 각진 받침 빼기,"용해, 톱, 엉가자, 쪼노쪼노",,,,,4sp,슬램덩크,,우성명헌 쁘띠존 | 우연일까? 운명이야!,"정우성,이명헌",정우성X이명헌,해당없음,,"소설,기타",@YongHae_NNHY,https://dongne.co/events/sports09/circles/129643,제9회 대운동회,Day2
훠궈먹는 농놀 오브 프리즘,자바칩,,,,,2sp,슬램덩크,킹 오브 프리즘,,서태웅,정우성X서태웅,"로맨틱,섹슈얼","현철명헌, 호열백호, 태섭한나","만화,소설",@Javachip_sd,https://dongne.co/events/sports09/circles/127929,제9회 대운동회,Day2
지금까지 하고 있네...,송삼이,,,,,1sp,슬램덩크,,태웅태섭 쁘띠존 | 겨울의 강이 여름의 바다에게,송태섭,,로맨틱,,소설,@notfishyesgay,https://dongne.co/events/sports09/circles/129431,제9회 대운동회,Day2
대학가서 프로 뛰는데 마감이 문제냐,옌,,,,,2sp,가비지타임,,,박병찬 기상호,,,,소설,@NNNNN_AY,https://dongne.co/events/sports09/circles/127807,제9회 대운동회,Day2
현생으로 태대 등가교환,아크,,,,,1sp,슬램덩크,,"태섭대만 쁘띠존 ｜Lucky 7, Three point, 1st Love",송태섭 정대만,,"로맨틱,섹슈얼",,소설,@believe_in_1030,https://dongne.co/events/sports09/circles/127942,제9회 대운동회,Day2
몸보신에 좋은 두부토마토탕,야기,,,,,1sp,슬램덩크,,10X100 사랑은 기하급수적! | 호열백호 쁘띠존,"양호열,강백호",양호열X강백호,로맨틱,,기타,@basket_eyagi,https://dongne.co/events/sports09/circles/128512,제9회 대운동회,Day2
끼끼들의 대반란,pringham,,,,,1sp,슬램덩크,,,강백호 전호장 정대만,,,,"만화,일러스트",@k_ruham ,https://dongne.co/events/sports09/circles/127927,제9회 대운동회,Day2
배틀ㅎㅁ 시조새,슈비,,,,,1sp,슬램덩크,,,"서태웅,강백호",,"섹슈얼,로맨틱",,"일러스트,만화",@1110_shubi,https://dongne.co/events/sports09/circles/128880,제9회 대운동회,Day2
사이쿄대 문예부,사라사,,,,,2sp,아이실드21,,,히루마요이치,콘고아곤X히루마요이치,"로맨틱,섹슈얼","무사히루, 모브히루","만화,일러스트,소설",@salasa075,https://dongne.co/events/sports09/circles/127438,제9회 대운동회,Day2
산지직송 농슐리,MASOIDEA,,,,,2sp,더퍼스트슬램덩크,리바운드,,,정우성X이명헌,로맨틱,"태웅태섭, 대협태섭, 대만태섭, 천규",,onkkm9,https://dongne.co/events/sports09/circles/128871,제9회 대운동회,Day2
순애농구 합시다,수조,,,,,2sp,슬램덩크,,,,,섹슈얼,태웅대만,소설,@_SOOZO,https://dongne.co/events/sports09/circles/127568,제9회 대운동회,Day2
옥상에서 만나요,,,,,,2sp,,,쿠로코의 농구 쁘띠존,,,로맨틱,,만화,,https://dongne.co/events/sports09/circles/129215,제9회 대운동회,Day2
우명하는 사람들,"찹쌀붕어빵,물주,게",,,,,2sp,슬램덩크,,우성명헌 쁘띠존 | 우연일까? 운명이야!,정우성,정우성X이명헌,"섹슈얼,로맨틱",,,@chabboong,https://dongne.co/events/sports09/circles/129796,제9회 대운동회,Day2
이번생도 농구함,꽃,,,,,2sp,,,,,,,,,,https://dongne.co/events/sports09/circles/128100,제9회 대운동회,Day2
종상이네 잡화점,농식,,,,,1sp,가비지타임,,,,최종수X기상호,로맨틱,,,@nongsig06,https://dongne.co/events/sports09/circles/128270,제9회 대운동회,Day2
츄더기네 뜨개방,해뜨다,,,,,2sp,,,,,,,,,hxxhxm_,https://dongne.co/events/sports09/circles/128108,제9회 대운동회,Day2
태른하는 아씨들,"아우, 아사사",,,,,2sp,슬램덩크,,No.1 프로포즈 대작전,송태섭,정대만X송태섭,해당없음,태섭른,일러스트,awoo_sd,https://dongne.co/events/sports09/circles/129503,제9회 대운동회,Day2
탱댐팔이 소녀들,뭉,,,,,2sp,슬램덩크,,,"서태웅,정대만",,해당없음,,"소설,기타",,https://dongne.co/events/sports09/circles/127888,제9회 대운동회,Day2
회귀하는 사람들,톳끼,,,,,2sp,가비지타임,가비지타임,10X100 사랑은 기하급수적! | 호열백호 쁘띠존,강백호 기상호,,,,,,https://dongne.co/events/sports09/circles/129151,제9회 대운동회,Day2
어떻게든 해내는 부스,탤,,,,,1sp,슬램덩크,,,"송태섭,정대만,서태웅,강백호,채치수",호열X백호,,,"기타,일러스트",@beammebeammeup,https://dongne.co/events/sports09/circles/129442,제9회 대운동회,Day2
카나가와 하코네 망령,엔쥬,,,,,2sp,겁쟁이페달,가비지타임,,"이즈미다 토이치로,쿠로다 유키나리",쿠로다 유키나리X이즈미다 토이치로,로맨틱,,"만화,일러스트",@enjyu_ming9,https://dongne.co/events/sports09/circles/127507,제9회 대운동회,Day2
안선생님 댐준이 하고 싶어요 ,밴더,,,,,2sp,슬램덩크,,,"정대만,권준호",,"로맨틱,섹슈얼",,"만화,소설",@by_hugh_ ,https://dongne.co/events/sports09/circles/127803,제9회 대운동회,Day2
살다살다 이딴거 처음봄,"무물, 이츠",,,,,2sp,가비지타임,,준수상호 쁘띠존,"성준수,기상호",성준수X기상호,,,,,https://dongne.co/events/sports09/circles/129050,제9회 대운동회,Day2
태섭이와 사랑방 손님들,한라,,,,,1sp,슬램덩크,,No.1 프로포즈 대작전,송태섭 서태웅 정우성,,섹슈얼,우성태섭,"만화,일러스트,소설",Hanra_32,https://dongne.co/events/sports09/circles/129735,제9회 대운동회,Day2
농구해서 이기면 박병찬 하는 걸로,lin1103,,,,,1sp,가비지타임,,,,,,,,,https://dongne.co/events/sports09/circles/127965,제9회 대운동회,Day2
어떻게든 급하게 잡았다.,카카오농장,,,,,2sp,가비지타임,,,기상호,박병찬X기상호,"로맨틱,섹슈얼",,소설,GT_chroll,https://dongne.co/events/sports09/circles/129541,제9회 대운동회,Day2
호열이와 백호의 선물상자,심한,,,,,1sp,슬램덩크,,10X100 사랑은 기하급수적! | 호열백호 쁘띠존,양호열 강백호,양호열X강백호,로맨틱,,"공예,조형",@so_simhani ,https://dongne.co/events/sports09/circles/128462,제9회 대운동회,Day2
아무래도 덕질은 행복하니까요,카페라떼,,,,,1sp,하이큐,가비지타임,,,,,,만화,,https://dongne.co/events/sports09/circles/129466,제9회 대운동회,Day2
내쵱컾이 단군신화,젱,,,,,2sp,슬램덩크,,,"서태웅,강백호",서태웅X강백호,섹슈얼,"태대,우명","만화,일러스트",@hunjeng,https://dongne.co/events/sports09/circles/127809,제9회 대운동회,Day2
네버엔딩 태웅대만,챌리스,,,,,2sp,슬램덩크,,,서태웅 정대만,서태웅X정대만,"섹슈얼,로맨틱",,소설,chrs_1234567890,https://dongne.co/events/sports09/circles/128350,제9회 대운동회,Day2
농구공을 멈추지마,남고명수,,,,,1sp,가비지타임,,,,,,,,@SkIvtt9zP8Fyyu2,https://dongne.co/events/sports09/circles/128619,제9회 대운동회,Day2
농구잔치 빵야빵야,"뜨또, SeaU",,,,,2sp,슬램덩크,,,송태섭,송태섭X정대만,"로맨틱,해당없음",,"일러스트,소설,만화",beomtu2443,https://dongne.co/events/sports09/circles/128515,제9회 대운동회,Day2
먁달차가 해오래요,개냥이,,,,,2sp,,,,,,,,,@lmyinuneko,https://dongne.co/events/sports09/circles/128226,제9회 대운동회,Day2
변덕규의 골목식당,MN,,,,,2sp,슬램덩크,프리즘스톤,,윤대협,,"로맨틱,섹슈얼",,만화,@onlyone_woman,https://dongne.co/events/sports09/circles/129086,제9회 대운동회,Day2
섭만나라 태대공주,돌저,,,,,2sp,슬램덩크,,"태섭대만 쁘띠존 ｜Lucky 7, Three point, 1st Love","송태섭,정대만",송태섭X정대만,"섹슈얼,로맨틱",,"만화,일러스트",@dolmengeeda,https://dongne.co/events/sports09/circles/129175,제9회 대운동회,Day2
찾아가는 농구교실,징스,,,,,1sp,슬램덩크,,,송태섭,,"섹슈얼,로맨틱","대만태섭,명헌태섭","일러스트,소설,사진,공예,조형,기타",nongguclass,https://dongne.co/events/sports09/circles/129081,제9회 대운동회,Day2
태섭대만 구멍가게,에호,,,,,2sp,슬램덩크,,"태섭대만 쁘띠존 ｜Lucky 7, Three point, 1st Love","송태섭,정대만",송태섭(미야기 료타)X정대만(미츠이 히사시),"로맨틱,섹슈얼",,"소설,기타",@ho_love_14,https://dongne.co/events/sports09/circles/128085,제9회 대운동회,Day2
태섭대만 호빵가게,"로투스, 미정",,,,,2sp,슬램덩크,,"태섭대만 쁘띠존 ｜Lucky 7, Three point, 1st Love",송태섭 정대만,송태섭X정대만,"섹슈얼,로맨틱",,소설,7otus14,https://dongne.co/events/sports09/circles/129231,제9회 대운동회,Day2
복숭아꽃 아래서의 맹세,하루지,,,,,2sp,슬램덩크,,No.1 프로포즈 대작전,송태섭,,로맨틱,,"만화,공예",gwaseu1,https://dongne.co/events/sports09/circles/129921,제9회 대운동회,Day2
첫사랑이 찾아오는 여름,결정,,,,,2sp,슬램덩크,,"태섭대만 쁘띠존 ｜Lucky 7, Three point, 1st Love",태섭대만,송태섭X정대만,,,"만화,소설",@98_crystallize,https://dongne.co/events/sports09/circles/127757,제9회 대운동회,Day2
데굴데굴 굴러가는 농구공,덕뿅,,,,,2sp,슬램덩크,,,서태웅 강백호,서태웅X강백호,"로맨틱,섹슈얼",,기타,SW_ppong ,https://dongne.co/events/sports09/circles/129587,제9회 대운동회,Day2
미츠일듯 사랑했던 미야기,카푸치노,,,,,2sp,슬램덩크,,"태섭대만 쁘띠존 ｜Lucky 7, Three point, 1st Love","송태섭,정대만",송태섭X정대만,"로맨틱,섹슈얼",,"소설,기타",@CPCN_fable,https://dongne.co/events/sports09/circles/128343,제9회 대운동회,Day2
너희들이 스포츠의 감동을 알아?,차차,,,,,2sp,하이큐,,,,,,,"공예,기타",@chacha_beggar ,https://dongne.co/events/sports09/circles/128417,제9회 대운동회,Day2
송태섭을 어떻게든 해봅니다,김마케,,,,,1sp,슬램덩크,,,송태섭,이명헌X송태섭,섹슈얼,"우성태섭, 호열태섭, 기타 송태섭 커플링",소설,@MakeTanoha,https://dongne.co/events/sports09/circles/128749,제9회 대운동회,Day2
정대만과 츠루네의 슈퍼점프,사만,,,,,1sp,슬램덩크,"츠루네,테일즈런너",,,,,,,@veronica560_,https://dongne.co/events/sports09/circles/129626,제9회 대운동회,Day2
쿠로코와 츠루네의 슈퍼점프,가내수공업,,,,,1sp,쿠로코의 농구,테일즈런너 츠루네 가비지타임,쿠로코의 농구 쁘띠존,,,,,"만화,일러스트",@P1EAS3,https://dongne.co/events/sports09/circles/129844,제9회 대운동회,Day2
조형석과 이현성은 아는사이다,리케,,,,,2sp,가비지타임,,,"조형석,이현성",조형석X이현성,"로맨틱,섹슈얼",,소설,@likeHyeongHyeon,https://dongne.co/events/sports09/circles/128124,제9회 대운동회,Day2
빠다와플 카라스노점,"빠다와플, 후와",,,,,1sp,하이큐,,,"카게야마 토비오,히나타 쇼요",카게야마 토비오X히나타 쇼요,"로맨틱,섹슈얼",,"소설,만화","@bufferwattle, @huwamoja",https://dongne.co/events/sports09/circles/129875,제9회 대운동회,Day2
빡빡이에 미쳤다고요,"빡미, 댕무지",,,,,2sp,슬램덩크,,우성명헌 쁘띠존 | 우연일까? 운명이야!,정우성,정우성X이명헌,로맨틱,,"소설,만화",bbakmakemecrazy,https://dongne.co/events/sports09/circles/127974,제9회 대운동회,Day2
상른제과 뭐든나와점,눌레,,,,,2sp,가비지타임,,,기상호 최종수,최종수X기상호,"로맨틱,섹슈얼","준수상호, 병찬상호","만화,소설",@canele_8585,https://dongne.co/events/sports09/circles/129868,제9회 대운동회,Day2
송태섭과 른자친구들,"SeaU, 두나, ㅇㄷ",,,,,2sp,슬램덩크,,Speedster | 태섭왼 쁘띠존 ,송태섭,,로맨틱,"송태섭X정대만, 채치수, 정우성, 서태웅, 강백호, 이한나, 이명헌","소설,만화","leedoonaa7, _6DUCK",https://dongne.co/events/sports09/circles/127761,제9회 대운동회,Day2
여름한정 농놀에디션,"파란, 노키",,,,,2sp,더 퍼스트 슬램덩크,,우성명헌 쁘띠존 | 우연일까? 운명이야!,,최동오X정대만,로맨틱,,소설,@parangong14,https://dongne.co/events/sports09/circles/129236,제9회 대운동회,Day2
오늘까지 사랑할줄은,미쮸,,,,,1sp,가비지타임,,,"전영중,성준수",전영중X성준수,로맨틱,,,,https://dongne.co/events/sports09/circles/128250,제9회 대운동회,Day2
용삼이네 동네한바퀴,용삼,,,,,2sp,슬램덩크,,,서태웅,윤대협X서태웅,"로맨틱,섹슈얼",우성태웅,만화,@_yong3_,https://dongne.co/events/sports09/circles/128839,제9회 대운동회,Day2
지상고앞 짜글이가게,뽀글,,,,,1sp,가비지타임,,,,,,,만화,@gabtapigboss,https://dongne.co/events/sports09/circles/129085,제9회 대운동회,Day2
태섭대만 행복위원회,루루,,,,,1sp,슬램덩크,,"태섭대만 쁘띠존 ｜Lucky 7, Three point, 1st Love","송태섭,정대만",송태섭X정대만,로맨틱,,만화,@runiyona14,https://dongne.co/events/sports09/circles/129609,제9회 대운동회,Day2
호랑이를 주웠습니다,두목,,,,,2sp,슬램덩크,,,,서태웅X강백호,"로맨틱,섹슈얼",,,,https://dongne.co/events/sports09/circles/129345,제9회 대운동회,Day2
덩크타임 좋아하세요?,여우,,,,,1sp,가비지타임,슬램덩크,,"박병찬,이초원,양호열,강백호,서태웅",,,,"만화,일러스트",11st_ace,https://dongne.co/events/sports09/circles/129922,제9회 대운동회,Day2
내가슴은 태대태대하고 뛴다!,"영영, 감옥문지기",,,,,2sp,슬램덩크,,"태섭대만 쁘띠존 ｜Lucky 7, Three point, 1st Love","송태섭,정대만",송태섭X정대만,,,만화,"@iii3163 , @y_g_fire",https://dongne.co/events/sports09/circles/127910,제9회 대운동회,Day2
"브로콜리, 불꽃 그리고 첫사랑","베리, 곽두팔, 피피",,,,,2sp,슬램덩크,,"태섭대만 쁘띠존 ｜Lucky 7, Three point, 1st Love","송태섭,정대만",송태섭X정대만,"로맨틱,섹슈얼",,소설,@appleberry0714,https://dongne.co/events/sports09/circles/129482,제9회 대운동회,Day2
"부스신청, 막아봐",제로롱,,,,,2sp,가비지타임,,,기상호,최종수X기상호,"로맨틱,섹슈얼",박병찬기상호,"만화,일러스트",zero610,https://dongne.co/events/sports09/circles/128209,제9회 대운동회,Day2
"야레야레, 농구하는 아가씨",조수석,,,,,2sp,"슬램덩크,가비지타임",,,,,,,,@Zosusuk ,https://dongne.co/events/sports09/circles/128683,제9회 대운동회,Day2
태대하개!,호게,,,,,2sp,슬램덩크,,"태섭대만 쁘띠존 ｜Lucky 7, Three point, 1st Love","송태섭,정대만",송태섭X정대만,"로맨틱,섹슈얼",,"소설,일러스트,기타",@hoge23_,https://dongne.co/events/sports09/circles/128193,제9회 대운동회,Day2
농놀하자!!,넬즈,,,,,1sp,,,,,,,,,,https://dongne.co/events/sports09/circles/128362,제9회 대운동회,Day2
태대하냥?,자라,,,,,2sp,슬램덩크,,"태섭대만 쁘띠존 ｜Lucky 7, Three point, 1st Love",정대만,송태섭X정대만,"섹슈얼,로맨틱",대협영수,소설,@zara_nongbus,https://dongne.co/events/sports09/circles/129213,제9회 대운동회,Day2
"농놀하자. 죽을때까지 농놀하고, 탈덕하는 쪽은 개가 되는걸로.",농놀러버,,,,,1sp,슬램덩크,,,"정우성,이명헌,송태섭,이한나,정대만,최동오,이달재,권준호",정우성X이명헌,"섹슈얼,로맨틱","우성명헌, 명헌우성, 동오대만, 태섭한나, 우성명헌우성","소설,일러스트",@shdshfzmdh,https://dongne.co/events/sports09/circles/128799,제9회 대운동회,Day2
중얼중얼..,오지,,,,,2sp,슬램덩크,,,정대만+,,,,"일러스트,만화",@OG__MAN,https://dongne.co/events/sports09/circles/127559,제9회 대운동회,Day2
바보에게... 바보가,dorayaki,,,,,1sp,슬램덩크,,,"강백호,송태섭",강백호X송태섭,해당없음,,만화,dorayakiiii,https://dongne.co/events/sports09/circles/129016,제9회 대운동회,Day2
우명떡집(이었던 것),"무료, 뜌벅잡초",,,,,2sp,슬램덩크,,우성명헌 쁘띠존 | 우연일까? 운명이야!,"정우성,이명헌",정우성X이명헌,"로맨틱,섹슈얼",,"만화,소설,일러스트,기타",@muryoogon @CHU2buk_cho,https://dongne.co/events/sports09/circles/128850,제9회 대운동회,Day2
가비탕타임,"0_1, 파로",,,,,2sp,가비지타임,,,최종병기,,,,일러스트,@S2_O5O,https://dongne.co/events/sports09/circles/128685,제9회 대운동회,Day2
간이음식점,곰밥,,,,,1sp,슬램덩크,,,,박철X정대만,,,,,https://dongne.co/events/sports09/circles/127791,제9회 대운동회,Day2
고고마부스,고고마,,,,,2sp,가비지타임,,,가비지타임 캐릭터,,,,기타,gogomalife,https://dongne.co/events/sports09/circles/129555,제9회 대운동회,Day2
곰도리파티,니퍼니퍼 오오트 전기자극 해4공,,,,,4sp,슬램덩크,,,윤대협 이정환 정환른,윤대협X이정환,섹슈얼,,"만화,소설",@farfromeit,https://dongne.co/events/sports09/circles/127532,제9회 대운동회,Day2
농구동아리,ㅇㅎ,,,,,1sp,슬램덩크,,,양호열,서태웅X양호열,로맨틱,,만화,@10ho_0310,https://dongne.co/events/sports09/circles/128827,제9회 대운동회,Day2
농구상담소,멍미,,,,,1sp,가비지타임,슬램덩크,,기상호,,로맨틱,,일러스트,meon9me,https://dongne.co/events/sports09/circles/129087,제9회 대운동회,Day2
농구한일전,썬,,,,,2sp,가비지 타임,,,성준수,전영중X성준수,"로맨틱,섹슈얼",,"소설,공예,일러스트,만화",dododo_sun,https://dongne.co/events/sports09/circles/129056,제9회 대운동회,Day2
농놀경력직,"유냉,4빡",,,,,2sp,슬램덩크,,우성명헌 쁘띠존 | 우연일까? 운명이야!,우성명헌,정우성X이명헌,"섹슈얼,로맨틱",,"소설,만화,일러스트","@SextaXQuince,@4fishguy",https://dongne.co/events/sports09/circles/129058,제9회 대운동회,Day2
농놀특이점,기뮤1,,,,,1sp,슬램덩크,가비지타임,,송태섭 서태웅,,,,"만화,일러스트",@orange_d_podo,https://dongne.co/events/sports09/circles/127876,제9회 대운동회,Day2
도토리왕자,눈멍,,,,,2sp,슬램덩크,,우성명헌 쁘띠존 | 우연일까? 운명이야!,"정우성,이명헌",정우성X이명헌,"로맨틱,섹슈얼",우성명헌,소설,taptapt4p,https://dongne.co/events/sports09/circles/128635,제9회 대운동회,Day2
뚜루뚜루뚯,룬시아,,,,,2sp,가비지타임,,,기상호 최종수 박병찬,기상호,,,,,https://dongne.co/events/sports09/circles/127447,제9회 대운동회,Day2
북산칠공주,비나,,,,,2sp,슬램덩크,,,,,,,,sebina_13,https://dongne.co/events/sports09/circles/128179,제9회 대운동회,Day2
소금빵가게,시오,,,,,1sp,가비지타임,,,,,,,,sioseasa1t,https://dongne.co/events/sports09/circles/128603,제9회 대운동회,Day2
솜뭉치타임,햄,,,,,2sp,가비지타임,,,,,,,,,https://dongne.co/events/sports09/circles/128208,제9회 대운동회,Day2
순애만공격,35,,,,,2sp,슬램덩크,아이실드21,,송태섭 정대만 서태웅 강백호,,로맨틱," 태웅백호, 우성명헌, 신세나","만화,일러스트",35_drdr,https://dongne.co/events/sports09/circles/127519,제9회 대운동회,Day2
슈크림쿠키,슈슈,,,,,2sp,슬램덩크,,,강백호 양호열 송태섭,,,,,,https://dongne.co/events/sports09/circles/127369,제9회 대운동회,Day2
우명합니다,모지,,,,,2sp,슬램덩크,,,"정우성,이명헌,서태웅,정대만,송태섭",우성X명헌,해당없음,"탱댐, 대태",기타,@mojiologu,https://dongne.co/events/sports09/circles/129939,제9회 대운동회,Day2
임자네빵집,흑임자빵,,,,,2sp,가비지타임,,,"임승대,진재유",,로맨틱,,,@blacksesame_174,https://dongne.co/events/sports09/circles/129206,제9회 대운동회,Day2
잡곡태대빵,효모균,,,,,2sp,슬램덩크,,"태섭대만 쁘띠존 ｜Lucky 7, Three point, 1st Love","송태섭,정대만",,"로맨틱,섹슈얼",,"소설,기타,공예,만화",hyomogyun14,https://dongne.co/events/sports09/circles/129960,제9회 대운동회,Day2
저녁드라마,길새,,,,,2sp,슬램덩크,,10X100 사랑은 기하급수적! | 호열백호 쁘띠존,강백호,양호열X강백호,"로맨틱,섹슈얼",,"만화,일러스트",@babababbabbab,https://dongne.co/events/sports09/circles/127386,제9회 대운동회,Day2
종상팝니다,dd,,,,,1sp,가비지타임,,,"최종수,기상호",,로맨틱,,소설,@ddkim28,https://dongne.co/events/sports09/circles/128561,제9회 대운동회,Day2
진티엔리밍,비녀,,,,,2sp,비녀,,,,,"로맨틱,섹슈얼",,공예,,https://dongne.co/events/sports09/circles/129970,제9회 대운동회,Day2
축놀합시다,공,,,,,1sp,블루록,,신부스대전,,린X이사기,해당없음,논컾,"기타,일러스트",@rorol7865,https://dongne.co/events/sports09/circles/127709,제9회 대운동회,Day2
쿠농사랑단,"산송장, 기세좋은감자, 다나",,,,,2sp,쿠로코의 농구,,쿠로코의 농구 쁘띠존,"아카시,쿠로코,타카오,미도리마,키세",타카오 카즈나리X미도리마 신타로,"로맨틱,섹슈얼","적흑, 황립, 올캐러","소설,만화,일러스트","livingdead_27, gisegoodgise, DANAKRBS",https://dongne.co/events/sports09/circles/127802,제9회 대운동회,Day2
파울플레이,이솔,,,,,2sp,가비지타임,,,성준수,공태성X성준수,"로맨틱,섹슈얼",,소설,@Isol_SP,https://dongne.co/events/sports09/circles/127679,제9회 대운동회,Day2
호백로맨스,"ming_, 불고기천재, 롬",,,,,2sp,슬램덩크,,10X100 사랑은 기하급수적! | 호열백호 쁘띠존,양호열 강백호,양호열X강백호,"로맨틱,섹슈얼",,"만화,일러스트,소설",@qx_xbc,https://dongne.co/events/sports09/circles/128983,제9회 대운동회,Day2
혼저옵서예,도미코,,,,,1sp,슬램덩크,슬램덩크,No.1 프로포즈 대작전,우성태섭,정우성X송태섭,"로맨틱,섹슈얼",,소설,@domikontheb,https://dongne.co/events/sports09/circles/129168,제9회 대운동회,Day2
농구존버단 ,갑장준 ,,,,,2sp,가비지타임,슬램덩크,,갑타 성준수(지상고농구부) 박병찬 최종수 조재석.. 슬덩 산왕공고,전영중X성준수,로맨틱,최종병기,"만화,일러스트,기타",@34L6f9Az,https://dongne.co/events/sports09/circles/129554,제9회 대운동회,Day2
복귀유저가 된 것을 환영합니다,낙낙,,,,,2sp,"가비지타임,하이큐",,,"전영중,성준수,최종수,박병찬,기상호",전영중X성준수,,"츠무카게, 오이카게",,@_nknk__12,https://dongne.co/events/sports09/circles/127994,제9회 대운동회,Day2
구기종목의 의리,"30, 파렌",,,,,2sp,"쿠로코의 농구,슬램덩크",,쿠로코의 농구 쁘띠존,,,,,,,https://dongne.co/events/sports09/circles/128543,제9회 대운동회,Day2
가비지타임 소스 유니버스,래챤,,,,,2sp,가비지타임,,,"최종수,이규 등",최종수X이규,,"준수영중, 상호병찬",,@LCH_HP,https://dongne.co/events/sports09/circles/128115,제9회 대운동회,Day2
순애광공과 유죄남,"두나, 계얼중",,,,,2sp,슬램덩크,,"태섭대만 쁘띠존 ｜Lucky 7, Three point, 1st Love","송태섭,정대만",,"로맨틱,섹슈얼",,,"leedoonaa7, aelttvv",https://dongne.co/events/sports09/circles/128942,제9회 대운동회,Day2
아이스크림 자판기,bp,,,,,2sp,가비지타임,,,"성준수,최종수,박병찬,기상호",최종수X기상호,"섹슈얼,로맨틱","성준수x기상호, 박병찬x기상호 ",소설,velvetoblues,https://dongne.co/events/sports09/circles/127393,제9회 대운동회,Day2
올라운더와 좌상고,삼팔,,,,,2sp,슬램덩크,,,,,,,"만화,공예",@nongnol_0308,https://dongne.co/events/sports09/circles/129778,제9회 대운동회,Day2
존잘님이랑 같부스 냄(자랑),"구구계, zhaoli",,,,,2sp,슬램덩크,,우성명헌 쁘띠존 | 우연일까? 운명이야!,"정우성,이명헌",정우성X이명헌,"로맨틱,섹슈얼",,기타,"@or77rb1 ,  @zhao_li0715  ",https://dongne.co/events/sports09/circles/129640,제9회 대운동회,Day2
카나가와산 농구공 부산상륙,최노이,,,,,2sp,슬램덩크,가비지타임,,윤대협 서태웅 박병찬,윤대협X서태웅,"로맨틱,섹슈얼",뱅상,소설,@nnoijaguar,https://dongne.co/events/sports09/circles/127635,제9회 대운동회,Day2
충동적으로 신청한 우명반부스,충동당나귀,,,,,1sp,슬램덩크,,우성명헌 쁘띠존 | 우연일까? 운명이야!,정우성.이명헌,정우성X이명헌,로맨틱,,만화,cdng00000,https://dongne.co/events/sports09/circles/129590,제9회 대운동회,Day2
고양이같은 늑대랑 강아지같은 여우,"돌자반, 방방",,,,,2sp,가비지타임,,준수상호 쁘띠존,"성준수,기상호",성준수X기상호,로맨틱,,"소설,기타","@ehfehfwkqkswkqk, @SANGHO_cuteee06",https://dongne.co/events/sports09/circles/129808,제9회 대운동회,Day2
"행복해지지 않으면 죽여버리겠습니다, 양호열군",HELLO,,,,,2sp,슬램덩크,,10X100 사랑은 기하급수적! | 호열백호 쁘띠존,"양호열,강백호",양호열X강백호,"로맨틱,섹슈얼",,소설,@Im_Your_Annyung,https://dongne.co/events/sports09/circles/129655,제9회 대운동회,Day2
아기호랑이 묵삼토핑,적삼,,,,,2sp,슬램덩크,,10X100 사랑은 기하급수적! | 호열백호 쁘띠존,"양호열,강백호",양호열X강백호,"로맨틱,섹슈얼",,소설,,https://dongne.co/events/sports09/circles/127446,제9회 대운동회,Day2
대운동회에 자전거가 빠지면 섭하지,간장이,,,,,2sp,겁쟁이페달,킹오브프리즘(킹프리),,신카이 형제,신카이 하야토X신카이 유토,"로맨틱,섹슈얼",아라후쿠,"만화,일러스트",@YWPD_shoyu,https://dongne.co/events/sports09/circles/128915,제9회 대운동회,Day2
연상연하로 송태섭을 존프레스,태이,,,,,2sp,슬램덩크,,No.1 프로포즈 대작전,"송태섭,서태웅,이명헌",서태웅X송태섭,"로맨틱,섹슈얼",명헌태섭,"만화,일러스트",@tei_X_B_X,https://dongne.co/events/sports09/circles/129761,제9회 대운동회,Day2
일반공격이 박치기에 리바운드인 양키부부는 좋아하세요?,"미호, 핗",,,,,2sp,슬램덩크,,10X100 사랑은 기하급수적! | 호열백호 쁘띠존,"양호열,강백호",양호열X강백호,로맨틱,,"만화,일러스트",@algh_ww / @_0w0_ToT,https://dongne.co/events/sports09/circles/129093,제9회 대운동회,Day2
선도부에서 알립니다!,당스땀쓰아니키,,,,,4sp,슬램덩크,,"태섭대만 쁘띠존 ｜Lucky 7, Three point, 1st Love",송태섭 정대만,송태섭X정대만,"로맨틱,섹슈얼",,"만화,일러스트,소설,기타",@_AN1K1_ @danse4869,https://dongne.co/events/sports09/circles/129932,제9회 대운동회,Day2
글로벌농구 지구촌사회,유행성,,,,,2sp,가비지타임,슬램덩크,,"전영중,박병찬,송태섭",전영중X성준수,"로맨틱,섹슈얼","최종수X박병찬,","만화,소설",@Uplanet_9,https://dongne.co/events/sports09/circles/128095,제9회 대운동회,Day2
우성선녀와 명헌나무꾼,YAL,,,,,2sp,슬램덩크,,우성명헌 쁘띠존 | 우연일까? 운명이야!,"정우성,이명헌",정우성X이명헌,로맨틱,,"만화,일러스트",telagente,https://dongne.co/events/sports09/circles/129208,제9회 대운동회,Day2
태섭대만의 떡라면가게,"아휘, 가드",,,,,2sp,슬램덩크,,"태섭대만 쁘띠존 ｜Lucky 7, Three point, 1st Love","송태섭,정대만",송태섭X정대만,"섹슈얼,로맨틱",,"만화,일러스트,소설,공예,기타",daemtong,https://dongne.co/events/sports09/circles/129724,제9회 대운동회,Day2
강아지애기 고양이만두 ,YUNAK,,,,,2sp,슬램덩크,,,서태웅,윤대협X서태웅,로맨틱,,만화,@HQ_YUNAK,https://dongne.co/events/sports09/circles/128849,제9회 대운동회,Day2
농구코트에 오토바이를 끌고 가면 역시 안되는 걸까? ,재삐,,,,,2sp,슬램덩크,,,"박철,정대만",박철X정대만,로맨틱,,소설,@tetsuo__14,https://dongne.co/events/sports09/circles/128872,제9회 대운동회,Day2
출생신고와 혼인신고서를 동시에?!,태친,,,,,2sp,슬램덩크,,No.1 프로포즈 대작전,"송태섭,송준섭",송준섭X송태섭,"로맨틱,섹슈얼",,"만화,일러스트",@friendssong_Y,https://dongne.co/events/sports09/circles/128669,제9회 대운동회,Day2
성공한다면 무언가를보여드리겠습니다,"904, 浇汁",,,,,2sp,슬램덩크,가비지타임,우성명헌 쁘띠존 | 우연일까? 운명이야!,,정우성X이명헌,"섹슈얼,로맨틱","종뱅, 형현",일러스트,@9woo4myung,https://dongne.co/events/sports09/circles/128481,제9회 대운동회,Day2
죠랭이타임-!!,깡츄,,,,,2sp,가비지타임 / 하이큐,,,기상호,,"로맨틱,섹슈얼",,만화,@me_jichu,https://dongne.co/events/sports09/circles/127950,제9회 대운동회,Day2
형현하실분?,pk,,,,,1sp,가비지타임,X,,"조형석,이현성",,로맨틱,X,소설,nonstop1622,https://dongne.co/events/sports09/circles/129014,제9회 대운동회,Day2
가지튀김좋아,772,,,,,2sp,슬램덩크,"가비지타임,하이큐",,"정우성,송태섭,최종수,기상호",정우성X송태섭,로맨틱,최종수×기상호,,@chilchile_e90,https://dongne.co/events/sports09/circles/129288,제9회 대운동회,Day2
건강잡탕찌개,샴개,,,,,2sp,,,,,전영중X성준수,,,,,https://dongne.co/events/sports09/circles/127749,제9회 대운동회,Day2
내가넣을거야,"빙빙, 구모, 집사, 이나",,,,,4sp,"하이큐,블루록",,신부스대전,"코즈메 켄마,히나타 쇼요,쿠로오 테츠로,코즈메 켄마,이토시 린,이사기 요이치,나기 세이시로,미카게 레오",코즈메 켄마X히나타 쇼요,"로맨틱,섹슈얼","쿠로켄마, 린이사, 나기레오","만화,일러스트,소설","@bingbing0219, @gumo_h, @B1ue_butler, @inari_gajigaji",https://dongne.co/events/sports09/circles/128808,제9회 대운동회,Day2
댛댐팔이소녀,보노,,,,,2sp,슬램덩크,,,"윤대협,정대만",윤대협X정대만,"섹슈얼,로맨틱",,"만화,소설",@nongnolbono,https://dongne.co/events/sports09/circles/127600,제9회 대운동회,Day2
마이너의슬픔,광춘,,,,,1sp,가비지타임,,,주찬양,,,,,@N0cbalkeepgoing,https://dongne.co/events/sports09/circles/129434,제9회 대운동회,Day2
맡구의신작들,"해안구, 마하무트",,,,,2sp,슬램덩크,,No.1 프로포즈 대작전,,,,,,,https://dongne.co/events/sports09/circles/127940,제9회 대운동회,Day2
밋찌어디가니,아루데,,,,,1sp,슬램덩크,,,정대만,서태웅X정대만,로맨틱,우성대만,소설,@where3well,https://dongne.co/events/sports09/circles/129635,제9회 대운동회,Day2
벚꽃맛박치기,멋파,,,,,1sp,슬램덩크,,10X100 사랑은 기하급수적! | 호열백호 쁘띠존,,양호열X강백호,,,,hipi_bb,https://dongne.co/events/sports09/circles/128075,제9회 대운동회,Day2
부스가보자고,쿠렌,,,,,2sp,슬램덩크,,,,,,,,@do__kuku,https://dongne.co/events/sports09/circles/128288,제9회 대운동회,Day2
브로콜리가되,염긋,,,,,1sp,더 퍼스트 슬램덩크,,,송태섭,,"로맨틱,섹슈얼",대협태웅,만화,@yumyumgo_od,https://dongne.co/events/sports09/circles/128652,제9회 대운동회,Day2
비정상른회담,굼청청,,,,,2sp,가비지타임,,,박병찬 기상호,박병찬X기상호,"로맨틱,섹슈얼","성준수x기상호, 정희찬x기상호","만화,일러스트,소설",@gumcheong21,https://dongne.co/events/sports09/circles/128579,제9회 대운동회,Day2
순정공룡보등,pon,,,,,1sp,가비지타임,"슬램덩크,후쿠모토 시리즈",,,,,,,,https://dongne.co/events/sports09/circles/127441,제9회 대운동회,Day2
스페어타이어,알과,,,,,2sp,겁쟁이페달,,,,,,,,hot7720,https://dongne.co/events/sports09/circles/128889,제9회 대운동회,Day2
오직태대만이,"밈밈, 무연",,,,,2sp,슬램덩크,,"태섭대만 쁘띠존 ｜Lucky 7, Three point, 1st Love","송태섭,정대만",송태섭X정대만,"로맨틱,섹슈얼",,"기타,소설",mim_mim714,https://dongne.co/events/sports09/circles/129123,제9회 대운동회,Day2
우걱우걱냠냠,순찌,,,,,2sp,슬램덩크,,,윤대협,,,,,,https://dongne.co/events/sports09/circles/129781,제9회 대운동회,Day2
유알과오지상,"뻥튀기아저씨, ur",,,,,2sp,슬램덩크,,,"서태웅,강백호",,"로맨틱,섹슈얼",,만화,"@hells_usol, @urlattei",https://dongne.co/events/sports09/circles/128346,제9회 대운동회,Day2
장고도등학교,이세플,,,,,2sp,가비지타임,,,"최종수,임승대,이규,주찬양,노수민",임승대X최종수,해당없음,,"소설,일러스트",@sejinplayer,https://dongne.co/events/sports09/circles/128699,제9회 대운동회,Day2
태대장학재단,"0.O, tama, 도토리, 복복",,,,,4sp,슬램덩크,,"태섭대만 쁘띠존 ｜Lucky 7, Three point, 1st Love","송태섭,정대만",송태섭X정대만,"섹슈얼,로맨틱",,"만화,일러스트,소설,공예,조형,기타",@,https://dongne.co/events/sports09/circles/128857,제9회 대운동회,Day2
잔디경기장도 사랑해줘,뿡솜,,,,,2sp,아이실드21,슬램덩크,,없음,,,,"소설,공예,기타",aoppll,https://dongne.co/events/sports09/circles/128986,제9회 대운동회,Day2
상뱅육십오일 빵준내먹기,고딩,,,,,2sp,가비지타임,,,기상호 박병찬 전영중 성준수,,로맨틱,기상호x박병찬,소설,@dontletdie,https://dongne.co/events/sports09/circles/128823,제9회 대운동회,Day2
이미지하는건 부스성공한 너나우리,커드,,,,,1sp,가비지 타임,,,,,,,"만화,소설",@seekerd_r,https://dongne.co/events/sports09/circles/129549,제9회 대운동회,Day2
동인천의아들 동인천크로스오버 하렘건설로 의자왕이 되어 돌아오다,sowe,,,,,2sp,가비지타임,,,박병찬 성준수,,"로맨틱,섹슈얼",박병찬X최종수,소설,@bb_soju,https://dongne.co/events/sports09/circles/127748,제9회 대운동회,Day2
농놀에미친사람,보리차,,,,,1sp,슬램덩크,,No.1 프로포즈 대작전,,,,,일러스트,,https://dongne.co/events/sports09/circles/129344,제9회 대운동회,Day2
달콤한일러스트,iamyunji,,,,,2sp,모모찌,,,모모찌,,,,일러스트,iamyunji,https://dongne.co/events/sports09/circles/128103,제9회 대운동회,Day2
더블초코비스킷,힠,,,,,2sp,슬램덩크,,"태섭대만 쁘띠존 ｜Lucky 7, Three point, 1st Love","송태섭,정대만",송태섭X정대만,"로맨틱,섹슈얼",,만화,hickhick04,https://dongne.co/events/sports09/circles/129227,제9회 대운동회,Day2
마늘먹고곰되기,"RMB, 모짜오리 ",,,,,2sp,슬램덩크,,,,,,,,"@RMBMADE, @mozzarellaori",https://dongne.co/events/sports09/circles/128929,제9회 대운동회,Day2
만세태섭대만세,바킴베로니카유월,,,,,4sp,슬램덩크,,"태섭대만 쁘띠존 ｜Lucky 7, Three point, 1st Love",송태섭 정대만,송태섭X정대만,"로맨틱,섹슈얼",,"만화,일러스트,소설,기타",@,https://dongne.co/events/sports09/circles/129913,제9회 대운동회,Day2
명예센텀시티즌,란미,,,,,2sp,슬램덩크,,,윤대협(센도 아키라),변덕규(우오즈미 쥰)X윤대협(센도 아키라),"로맨틱,섹슈얼","황태산x윤대협, 이정환x윤대협 변덕규x윤대협 ","만화,일러스트",tkrntrn,https://dongne.co/events/sports09/circles/127756,제9회 대운동회,Day2
빡빡이들의모험,"11,36",,,,,2sp,슬램덩크,,우성명헌 쁘띠존 | 우연일까? 운명이야!,정우성,정우성X이명헌,"로맨틱,섹슈얼",,만화,@craw1205,https://dongne.co/events/sports09/circles/129798,제9회 대운동회,Day2
슬덩한그릇주쇼,제나,,,,,1sp,슬램덩크,,,,,,,,,https://dongne.co/events/sports09/circles/128383,제9회 대운동회,Day2
슬램덩크바자회,"유수, 은고",,,,,2sp,슬램덩크,,,,이명헌X송태섭,"로맨틱,섹슈얼",대만태섭,기타,,https://dongne.co/events/sports09/circles/128291,제9회 대운동회,Day2
언제망하나보자,"거지, 진간장",,,,,2sp,가비지타임,,,빵준,전영중X성준수,로맨틱,,만화,"money_x_x, No4_JinSoy",https://dongne.co/events/sports09/circles/128594,제9회 대운동회,Day2
은빛늑대성준수,유마,,,,,2sp,가비지타임,,,전영중 성준수,전영중X성준수,섹슈얼,,만화,,https://dongne.co/events/sports09/circles/127625,제9회 대운동회,Day2
태섭대만부부단,"앱쏠, 산책중, 농부",,,,,2sp,슬램덩크,,"태섭대만 쁘띠존 ｜Lucky 7, Three point, 1st Love","송태섭,정대만",송태섭X정대만,"로맨틱,섹슈얼",,"만화,일러스트,소설,기타,공예",@Ab_solute_ab @nowletmeg0 @dunkboo_,https://dongne.co/events/sports09/circles/129947,제9회 대운동회,Day2
태웅태섭문단세,국산더덕,,,,,2sp,슬램덩크,,태웅태섭 쁘띠존 | 겨울의 강이 여름의 바다에게,"서태웅,송태섭",,"로맨틱,섹슈얼",,"일러스트,만화,소설",@slamtheduck,https://dongne.co/events/sports09/circles/127416,제9회 대운동회,Day2
티라노부대찌개,젤리,,,,,2sp,가비지타임,,,,,,,,@Jelly__2222,https://dongne.co/events/sports09/circles/129520,제9회 대운동회,Day2
행복한태섭대만,므루농놀벨희니마대,,,,,4sp,슬램덩크,,"태섭대만 쁘띠존 ｜Lucky 7, Three point, 1st Love","송태섭,정대만",송태섭X정대만,"로맨틱,섹슈얼",,"만화,일러스트,소설,기타",@mruhere714,https://dongne.co/events/sports09/circles/128278,제9회 대운동회,Day2
호백부스주세요,춒,,,,,1sp,슬램덩크,,10X100 사랑은 기하급수적! | 호열백호 쁘띠존,"양호열,강백호",양호열X강백호,로맨틱,,일러스트,@stupidCHOPIN,https://dongne.co/events/sports09/circles/129249,제9회 대운동회,Day2
힘내보겠습니다 ,대파,,,,,2sp,가비지타임,,,,,,,,@saakball,https://dongne.co/events/sports09/circles/128176,제9회 대운동회,Day2
부스주인고질병:입덕부정,Arian,,,,,2sp,쿠로코의 농구,하이큐,쿠로코의 농구 쁘띠존,,,,적흑,,,https://dongne.co/events/sports09/circles/127404,제9회 대운동회,Day2
빵준마히다그히?,김그레,,,,,2sp,가비지타임,,,"전영중,성준수",,로맨틱,,"소설,사진",,https://dongne.co/events/sports09/circles/127723,제9회 대운동회,Day2
귤먹는여우의부스,먐뮤,,,,,1sp,하이큐!!,,,미야 아츠무,미야 아츠무X히나타 쇼요,"로맨틱,섹슈얼",,만화,@miyu___miya,https://dongne.co/events/sports09/circles/129747,제9회 대운동회,Day2
김찌마카롱전문점,AS.,,,,,1sp,슬램덩크,,,산왕공고/채치수,,,,"공예,기타",dk_kbdn_nyam,https://dongne.co/events/sports09/circles/129972,제9회 대운동회,Day2
내헤매임의종착지,내헤종,,,,,2sp,가비지타임,페르소나5,,,,,종수병찬/ 주아케,만화,@naehemaeim,https://dongne.co/events/sports09/circles/127966,제9회 대운동회,Day2
능남레몬영농조합,방방,,,,,1sp,슬램덩크,,,"윤대협,서태웅",윤대협X서태웅,로맨틱,,,se7en_e11even_,https://dongne.co/events/sports09/circles/128975,제9회 대운동회,Day2
두두없는두두부스,톨톨,,,,,1sp,,,,,,,,,,https://dongne.co/events/sports09/circles/128745,제9회 대운동회,Day2
뜻밖의빨간재채기,"뜻밖에,김레드,헷취",,,,,1sp,슬램덩크,,,,,,,"소설,일러스트",,https://dongne.co/events/sports09/circles/128589,제9회 대운동회,Day2
만두새우튀김가게,물만두,,,,,1sp,가비지타임,,,박병찬 최종수 기상호,,,,만화,@M_ando1i @hu_ring_ ,https://dongne.co/events/sports09/circles/128787,제9회 대운동회,Day2
북산파김치판매점,카멜,,,,,1sp,슬램덩크,가비지타임,,정대만,서태웅X정대만,"로맨틱,섹슈얼",,소설,,https://dongne.co/events/sports09/circles/127960,제9회 대운동회,Day2
사랑은기하급수적,카트리나,,,,,2sp,슬램덩크,,10X100 사랑은 기하급수적! | 호열백호 쁘띠존,"양호열,강백호",양호열X강백호,"로맨틱,섹슈얼",,,,https://dongne.co/events/sports09/circles/127886,제9회 대운동회,Day2
손나타마쟈네요나,먁,,,,,2sp,슬램덩크,플레이브,,"서태웅,정대만",,해당없음,,"만화,기타",@mk_gudok,https://dongne.co/events/sports09/circles/127458,제9회 대운동회,Day2
쏘암언터쳐블깡총,산땍,,,,,2sp,하이큐,블루록,,,,,,,,https://dongne.co/events/sports09/circles/127398,제9회 대운동회,Day2
여름부터겨울까지,로로롱,,,,,1sp,미정,.,,미정,,,,소설,.,https://dongne.co/events/sports09/circles/129452,제9회 대운동회,Day2
왐마야씨피전문점,omu5mu,,,,,1sp,가비지타임,하이큐,,"성준수,전영중",,로맨틱,,"만화,일러스트",@nuga_harae,https://dongne.co/events/sports09/circles/128044,제9회 대운동회,Day2
원조순애맛집보스,BOSS,,,,,1sp,슬램덩크,,우성명헌 쁘띠존 | 우연일까? 운명이야!,정우성 이명헌,태섭X대만,"섹슈얼,로맨틱",,"만화,일러스트",@eehiyoriee,https://dongne.co/events/sports09/circles/129426,제9회 대운동회,Day2
전남친고민상담소,김오팬X후보,,,,,2sp,가비지타임,슬램덩크,,임승대 진재유 강인석 조신우,임승대X진재유,"섹슈얼,로맨틱",강인석X조신우,"소설,일러스트,공예",@kimohpen_ @omg_JJY4,https://dongne.co/events/sports09/circles/128323,제9회 대운동회,Day2
종상준상뱅상연맹,다밍,,,,,2sp,가비지타임,,,가비지타임,,"로맨틱,섹슈얼",,만화,@dami_g_t,https://dongne.co/events/sports09/circles/129351,제9회 대운동회,Day2
종합선물세트부스,농구꼬 ,,,,,2sp,가비지타임,,,,,,,,@nong_gu_go,https://dongne.co/events/sports09/circles/128220,제9회 대운동회,Day2
해동중졸업생커플,J,,,,,2sp,슬램덩크,,10X100 사랑은 기하급수적! | 호열백호 쁘띠존,"양호열,강백호",양호열X강백호,"로맨틱,섹슈얼",,소설,@plsherlock,https://dongne.co/events/sports09/circles/127617,제9회 대운동회,Day2
동방예의지국에서 이 정도의 연하연상을?,잡다,,,,,1sp,가비지타임,"슬램덩크,던전밥,패밀리 레스토랑 가자",,"기상호,박병찬",기상호X박병찬,로맨틱,"사토쿄지, 태웅대만","만화,사진,기타",@japda0_10,https://dongne.co/events/sports09/circles/128590,제9회 대운동회,Day2
우리진실게임하자 농구 좋아해?,묭,,,,,1sp,슬램덩크,,10X100 사랑은 기하급수적! | 호열백호 쁘띠존,"양호열,강백호",양호열X강백호,,,일러스트,,https://dongne.co/events/sports09/circles/128200,제9회 대운동회,Day2
흑발쿨뷰티미남은 언제나 옳습니다,빈,,,,,4sp,가비지타임,,,성준수,전영중X성준수,"로맨틱,섹슈얼",박병찬×성준수,"만화,일러스트",bin_s2_you,https://dongne.co/events/sports09/circles/128470,제9회 대운동회,Day2
김치찌개단일메뉴집,승칠,,,,,2sp,슬램덩크,,"태섭대만 쁘띠존 ｜Lucky 7, Three point, 1st Love","송태섭,정대만",송태섭X정대만,로맨틱,,"만화,일러스트",@seungchil_sldk,https://dongne.co/events/sports09/circles/127879,제9회 대운동회,Day2
나도덕질이하고싶다,빰,,,,,2sp,슬램덩크,가비지타임,,,양호열X강백호,로맨틱,,"만화,소설,일러스트",@cycaciac,https://dongne.co/events/sports09/circles/127785,제9회 대운동회,Day2
농구도하고배구도함,"잉, 토푸",,,,,2sp,슬램덩크,하이큐,,송태섭,이명헌X송태섭,,리에야쿠,"만화,일러스트,기타",@u9_mc @ssamanko030,https://dongne.co/events/sports09/circles/127580,제9회 대운동회,Day2
둠치기둠치기둠챳챠,"식이, burn",,,,,2sp,슬램덩크,,우성명헌 쁘띠존 | 우연일까? 운명이야!,"정우성,이명헌",정우성X이명헌,"로맨틱,해당없음",,"만화,공예,기타,일러스트",@kijulslam,https://dongne.co/events/sports09/circles/127701,제9회 대운동회,Day2
똠얌꿍파스타찌개집,곰곰스,,,,,2sp,슬램덩크,,우성명헌 쁘띠존 | 우연일까? 운명이야!,"정우성,이명헌,서태웅,강백호,최동오,정대만",정우성X이명헌,"로맨틱,섹슈얼","태웅백호, 동오대만","일러스트,만화,소설",@gom__poyong,https://dongne.co/events/sports09/circles/129519,제9회 대운동회,Day2
브로콜리사과샐러드,야마,,,,,2sp,슬램덩크,,"태섭대만 쁘띠존 ｜Lucky 7, Three point, 1st Love","송태섭,정대만",송태섭X정대만,로맨틱,,"만화,일러스트",YAMAA_SD,https://dongne.co/events/sports09/circles/129908,제9회 대운동회,Day2
삐뇽삐늉밍힝의하루,민밍게,,,,,1sp,슬램덩크,,우성명헌 쁘띠존 | 우연일까? 운명이야!,이명헌 정우성,정우성X이명헌,로맨틱,,,@mingminggae27,https://dongne.co/events/sports09/circles/127553,제9회 대운동회,Day2
사랑은늘도도돗도망가,티팃,,,,,2sp,가비지타임,,,박병찬,성준수X기상호,"로맨틱,섹슈얼",,"소설,일러스트,만화",@216_0606,https://dongne.co/events/sports09/circles/129539,제9회 대운동회,Day2
어이롱게선배형정대만,얜스,,,,,4sp,슬램덩크,,"태섭대만 쁘띠존 ｜Lucky 7, Three point, 1st Love","송태섭,정대만",송태섭X정대만,"섹슈얼,로맨틱",,"만화,기타",JS2J714,https://dongne.co/events/sports09/circles/129783,제9회 대운동회,Day2
저희동생월클아닙니다,율,,,,,1sp,블루록,,신부스대전,"이토시 린,이토시 사에",이토시 린X이토시 사에,로맨틱,,"일러스트,만화",broedpork,https://dongne.co/events/sports09/circles/129721,제9회 대운동회,Day2
팅팅탱탱호열백호놀이,"댓다, 소원, 오냉, 피마",,,,,4sp,슬램덩크,,10X100 사랑은 기하급수적! | 호열백호 쁘띠존,"양호열,강백호",양호열X강백호,"로맨틱,섹슈얼",,,@rmfjgrp_eotek @sowon_0218 @hbyh0n @nongnolpima,https://dongne.co/events/sports09/circles/129484,제9회 대운동회,Day2
후회없는스포츠를하자,"료우, 이칠, 오트밀, 리페",,,,,2sp,"하이큐,슬램덩크",,,"켄마,쿠로오,윤대협,정대만",정대만,"섹슈얼,로맨틱,해당없음",,일러스트,@happys0n @yochilyee @ryepe49 @Oatmeal_ii,https://dongne.co/events/sports09/circles/129585,제9회 대운동회,Day2
남고딩납치감금살인축구,눌림,,,,,2sp,블루록,,신부스대전,,,,,,@Null_watching,https://dongne.co/events/sports09/circles/128553,제9회 대운동회,Day2
빵준신성결혼추진위원회,렉서,,,,,2sp,가비지타임,,,,전영중X성준수,"로맨틱,섹슈얼",,소설,@rexor_of_b,https://dongne.co/events/sports09/circles/129937,제9회 대운동회,Day2
상호최애가하는준상부스,숨,,,,,1sp,가비지타임,,준수상호 쁘띠존,,성준수X기상호,,,일러스트,,https://dongne.co/events/sports09/circles/128740,제9회 대운동회,Day2
세니니상추페노쩐레츠고,캐쩐,,,,,2sp,가비지타임,,,최종수 박병찬,최종수X박병찬,로맨틱,,일러스트,@CUonbank_,https://dongne.co/events/sports09/circles/127936,제9회 대운동회,Day2
이부스는태대만나옵니다,90 & 현,,,,,2sp,슬램덩크,,"태섭대만 쁘띠존 ｜Lucky 7, Three point, 1st Love",송태섭 정대만,송태섭X정대만,"로맨틱,섹슈얼",,소설,@shohokuno90 & @mh_014mihi,https://dongne.co/events/sports09/circles/129228,제9회 대운동회,Day2
준수최애가하는준상부스,오엥,,,,,1sp,가비지타임,,준수상호 쁘띠존,,성준수X기상호,,,일러스트,@3131oeng,https://dongne.co/events/sports09/circles/129804,제9회 대운동회,Day2
우리축구정상영업합니다.,황두식,,,,,2sp,블루록,,신부스대전,,,,,"만화,일러스트",@nyunyunyus,https://dongne.co/events/sports09/circles/128080,제9회 대운동회,Day2
스스로불러온재앙에짓눌려,김치피자탕수육컴퍼니,,,,,2sp,가비지타임,,,"성준수,진재유,전영중,기상호",진재유X성준수,"로맨틱,섹슈얼","영중준수, 상호준수",소설,,https://dongne.co/events/sports09/circles/127680,제9회 대운동회,Day2
축구도공놀이야공놀이라고,구독계,,,,,2sp,블루록,슬램덩크,,"미하엘 카이저,이사기 요이치",,"로맨틱,섹슈얼","태웅백호, 호열백호","소설,만화",@mdhxuiw,https://dongne.co/events/sports09/circles/129650,제9회 대운동회,Day2
굿즈팝니다이번엔진짜라고요,도마도,,,,,2sp,슬램덩크,하이큐,,올캐러,,,,일러스트,domado_14,https://dongne.co/events/sports09/circles/128838,제9회 대운동회,Day2
우덩이와명허니의뭔가가나옴,양,,,,,1sp,슬램덩크,가비지타임,우성명헌 쁘띠존 | 우연일까? 운명이야!,"정우성,이명헌",,"섹슈얼,로맨틱",,소설,@toyred0,https://dongne.co/events/sports09/circles/128566,제9회 대운동회,Day2
하지메니가오르막안올랐잖아?나그럼로드레이서이딴거안탔어,랏츠,,,,,2sp,겁쟁이페달,,,"아오야기 하지메,테시마 준타",,로맨틱,,"만화,일러스트",@g_g_9999,https://dongne.co/events/sports09/circles/129707,제9회 대운동회,Day2
바스타드뮌헨홍보관리실한국지부,"샤코 , 음메",,,,,2sp,블루록,,신부스대전,"이사기 요이치,미하엘 카이저",미하엘 카이저X이사기 요이치,"로맨틱,섹슈얼",,만화,@sgsg_1011,https://dongne.co/events/sports09/circles/128225,제9회 대운동회,Day2
이자식애잔한뒤통수뭐가이쁘다고,영미터,,,,,2sp,가비지타임,,,"성준수,전영중",,"로맨틱,섹슈얼",,만화,@OoMmcK,https://dongne.co/events/sports09/circles/128134,제9회 대운동회,Day2
제가여기있는건마감을한거겠지요,A,,,,,1sp,슬램덩크,,,,,,,,,https://dongne.co/events/sports09/circles/128727,제9회 대운동회,Day2
태웅태섭때문에내가대운동회까지,수아,,,,,2sp,슬램덩크,,태웅태섭 쁘띠존 | 겨울의 강이 여름의 바다에게,"서태웅,송태섭",,"로맨틱,섹슈얼",,소설,SD__SUA,https://dongne.co/events/sports09/circles/128861,제9회 대운동회,Day2
난대학시절사부작을전공했단사아실,여단,,,,,2sp,가비지타임,,,,,,,,,https://dongne.co/events/sports09/circles/127651,제9회 대운동회,Day2
떠나간애인부적으로재회시켜드려요,"인망, 마베",,,,,2sp,가비지타임,,,최종수 박병찬,최종수X박병찬,해당없음,,"만화,일러스트","@__inmang, @emulsionbaby",https://dongne.co/events/sports09/circles/128746,제9회 대운동회,Day2
아무도떠나지말아요평생같이호백해,HB,,,,,1sp,슬램덩크,,10X100 사랑은 기하급수적! | 호열백호 쁘띠존,"강백호,양호열",양호열X강백호,"로맨틱,섹슈얼",,소설,,https://dongne.co/events/sports09/circles/127522,제9회 대운동회,Day2
이부스가성공했다는걸백호에게알려,"WANDU, 칸데타",,,,,2sp,슬램덩크,,10X100 사랑은 기하급수적! | 호열백호 쁘띠존,양호열,양호열X강백호,로맨틱,,"만화,일러스트","@wandu_SD, @kandeta_basket",https://dongne.co/events/sports09/circles/127614,제9회 대운동회,Day2
송태섭이왼쪽에없으면혼절하는주인장,팽이,,,,,2sp,슬램덩크,,Speedster | 태섭왼 쁘띠존 ,송태섭,송태섭X이명헌,"로맨틱,섹슈얼","태섭대만, 태섭백호, 태섭우성","기타,소설",@spinning_09,https://dongne.co/events/sports09/circles/129055,제9회 대운동회,Day2
죽을때까지한일전하자이기는건한국인걸로,"람지,여우",,,,,1sp,슬램덩크,가비지타임,10X100 사랑은 기하급수적! | 호열백호 쁘띠존,"양호열,강백호,서태웅,박병찬,이초원",양호열X강백호,해당없음,,"만화,일러스트,소설,기타",HIGH_BANGz,https://dongne.co/events/sports09/circles/129022,제9회 대운동회,Day2
이영광을이서영에게돌립니다아이서영이누구냐면,윤회,,,,,1sp,가비지타임,,,"올캐릭터,최종병기즈,전영중,성준수",,,,"일러스트,조형,기타",@rinnesimashou__,https://dongne.co/events/sports09/circles/128371,제9회 대운동회,Day2
태섭아잠들면안돼진실게임하자좋아하는왼쪽있어?,렝,,,,,2sp,슬램덩크,,No.1 프로포즈 대작전,정대만 송태섭,정대만X송태섭,"로맨틱,섹슈얼","서태웅 송태섭, 윤대협 송태섭, 정우성 송태섭","만화,일러스트",renglengreng,https://dongne.co/events/sports09/circles/129223,제9회 대운동회,Day2
소꿉친구가결국결혼하는이야기는너무아름다운거같애,양부장,,,,,1sp,슬램덩크,고스트 바둑왕,,"강동준,남훈,이현수",,"로맨틱,섹슈얼",,만화,@su2urann,https://dongne.co/events/sports09/circles/129031,제9회 대운동회,Day2
일반공격이페네트레이션에파울뜯기인이정환은좋아하세요?,전기자극,,,,,4sp,슬램덩크,,,이정환,,로맨틱,,,@haenam_otaku,https://dongne.co/events/sports09/circles/127700,제9회 대운동회,Day2
0원조 기계 농구우동0 ,로봇,,,,,2sp,가비지타임,,,기상호,성준수X기상호,"로맨틱,섹슈얼","박병찬기상호, 뱅상","만화,기타",@robot__ch,https://dongne.co/events/sports09/circles/128539,제9회 대운동회,Day2
빡뿅관 옆 094동물원,"공구사, 빡뿅",,,,,2sp,슬램덩크,,우성명헌 쁘띠존 | 우연일까? 운명이야!,"정우성,이명헌",정우성X이명헌,"로맨틱,섹슈얼",,기타,@gonggusa / @ppagppyong94,https://dongne.co/events/sports09/circles/129740,제9회 대운동회,Day2
1년을 넘게 농구만 하네... ,영오 미아 ,,,,,4sp,가비지타임,,,,,,,,youngoh0505 mmmiaa__,https://dongne.co/events/sports09/circles/128860,제9회 대운동회,Day2
도합 100만 KSH,..,,,,,2sp,가비지타임,gm시리즈 다이아몬드 에이스,,전영중 성준수 기상호,,,준수상호,"만화,일러스트",@Girl_0431 @greeM_6,https://dongne.co/events/sports09/circles/129552,제9회 대운동회,Day2
준상하자. 먼저 지치는 사람이 준상회지 100p만들어오는걸로.,luv,,,,,2sp,가비지타임,,준수상호 쁘띠존,"성준수,기상호",성준수X기상호,로맨틱,,,⁦‪@wemustlxxx‬⁩,https://dongne.co/events/sports09/circles/128016,제9회 대운동회,Day2
호백 충전 10100%,"우노, 망고",,,,,2sp,슬램덩크,,10X100 사랑은 기하급수적! | 호열백호 쁘띠존,"양호열,강백호",양호열X강백호,"로맨틱,섹슈얼",,소설,@uno1107,https://dongne.co/events/sports09/circles/129318,제9회 대운동회,Day2
단일메뉴 10100원,또잉,,,,,4sp,슬램덩크,,10X100 사랑은 기하급수적! | 호열백호 쁘띠존,"양호열,강백호",양호열X강백호,"로맨틱,섹슈얼",,"만화,일러스트,기타",oing3012,https://dongne.co/events/sports09/circles/128843,제9회 대운동회,Day2
가짜친구의 당도는 10100%,당도,,,,,2sp,슬램덩크,,10X100 사랑은 기하급수적! | 호열백호 쁘띠존,"양호열,강백호",양호열X강백호,"로맨틱,섹슈얼",,소설,Sweetdofull,https://dongne.co/events/sports09/circles/129372,제9회 대운동회,Day2
양키★러브 10100%,"북산불쭈먹,QUERE",,,,,2sp,슬램덩크,,10X100 사랑은 기하급수적! | 호열백호 쁘띠존,"양호열,강백호",양호열X강백호,섹슈얼,,만화,,https://dongne.co/events/sports09/circles/128195,제9회 대운동회,Day2
산지직송 토마토 10kg,머쉬,,,,,1sp,슬램덩크,,,"서태웅,강백호",서태웅X강백호,로맨틱,,"만화,일러스트",@roomshmu,https://dongne.co/events/sports09/circles/127420,제9회 대운동회,Day2
<10X100 사랑은 기하급수적! | 호열백호 쁘띠존> 주최부스,10X100 사랑은 기하급수적! | 호열백호 쁘띠존,,,,,2sp,,,10X100 사랑은 기하급수적! | 호열백호 쁘띠존,,,,,,,https://dongne.co/events/sports09/circles/128110,제9회 대운동회,Day2
1110동 태웅백호,오목눈2,,,,,1sp,슬램덩크,,,,,"로맨틱,섹슈얼",,"만화,일러스트",omoknuni_2,https://dongne.co/events/sports09/circles/129353,제9회 대운동회,Day2
1110동 태웅백호 옆집,mini,,,,,1sp,슬램덩크,,,"서태웅,강백호",서태웅X강백호,"로맨틱,섹슈얼",,,basukemnmn,https://dongne.co/events/sports09/circles/127782,제9회 대운동회,Day2
1만 3천 297시간과 49분,윈저,,,,,2sp,아이실드21,,,히루마 요이치,무사시X히루마,섹슈얼,아히루,만화,,https://dongne.co/events/sports09/circles/127388,제9회 대운동회,Day2
이 부스에는 자그마치 농구1.5개분과 야구 2.5개분이 들어있다고!,밥상행복추진위원,,,,,2sp,가비지타임,,,"박병찬,기상호",박병찬X기상호,로맨틱,,"일러스트,소설",@Garbage_BS,https://dongne.co/events/sports09/circles/127957,제9회 대운동회,Day2
170 미만 왼쪽으로,"먀, 남궁하루, 이비",,,,,2sp,슬램덩크,,"태섭대만 쁘띠존 ｜Lucky 7, Three point, 1st Love",송태섭 정대만,송태섭X정대만,"로맨틱,섹슈얼",,소설,@mia17414526,https://dongne.co/events/sports09/circles/129247,제9회 대운동회,Day2
왐마야씨피2호점,티라노,,,,,2sp,,,,,,로맨틱,,,incheontrex,https://dongne.co/events/sports09/circles/127704,제9회 대운동회,Day2
2024 한일 전국 고등부 유스 트레이닝 캠프,오이리,,,,,1sp,가비지타임,슬램덩크,,"지상고,장도고,조형고,원중고,북산,산왕",,"로맨틱,섹슈얼","종수병찬, 종수상호, 영준준수, 태섭대만, 대만태섭, 태웅대만, 태웅태섭, 우성명헌, 우성태섭, 명헌태섭, 호열백호","일러스트,소설",@Oiri_0706,https://dongne.co/events/sports09/circles/127745,제9회 대운동회,Day2
2024 전국소년체전 ,nongboo,,,,,2sp,가비지타임,하이큐,,"전영중,성준수",,로맨틱,오이카게,"일러스트,소설",pomal_gbt,https://dongne.co/events/sports09/circles/128829,제9회 대운동회,Day2
2024년에도이러고있을줄은,"댱언, 우물명란",,,,,2sp,슬램덩크,,10X100 사랑은 기하급수적! | 호열백호 쁘띠존,양호열 강백호,양호열X강백호,"로맨틱,섹슈얼",,"만화,공예",@muje_0000,https://dongne.co/events/sports09/circles/129279,제9회 대운동회,Day2
2024년 신단편 나온 최신장르 아이실드21,가오타쿠,,,,,2sp,아이실드21,,,"아곤,히루마",아곤X히루마,섹슈얼,모브히루,만화,,https://dongne.co/events/sports09/circles/129475,제9회 대운동회,Day2
2024 GBL 고쿠라쿠 드래프트,고쿠라쿠,,,,,2sp,가비지타임,,,"박병찬,기상호",박병찬X기상호,로맨틱,뱅상,"만화,기타",gokuraku108,https://dongne.co/events/sports09/circles/128173,제9회 대운동회,Day2
영원히아이실드21주년하자,풋초,,,,,2sp,아이실드21,,,"콘고 아곤,콘고 운스이",,,,만화,@weedf00t,https://dongne.co/events/sports09/circles/128705,제9회 대운동회,Day2
2와 1사이,노쿠,,,,,2sp,아이실드21,,,,아곤X히루마,,,만화,,https://dongne.co/events/sports09/circles/128415,제9회 대운동회,Day2
달성 비밀특훈 216%,쵸리,,,,,1sp,가비지타임,,,기상호,박병찬X기상호,,,소설,@dpfl5307,https://dongne.co/events/sports09/circles/128577,제9회 대운동회,Day2
회사 그만두었습니다. 이유는 진심으로 병찬상호 하려고 생각했기 때문입니다. 부모와 상사가 엄청 말렸지만 절대 나라면 뱅상 메이저 만들 수 있다고 말해 어떻게든 설득했습니다. 오늘부터 매일 216시간 병찬x상호 합니다. 앞으로 잘 부탁드립니다.,쑥떡파인애플갈비탕,,,,,2sp,가비지타임,,,"박병찬,기상호",박병찬X기상호,로맨틱,,기타,쑥떡파인애플갈비탕,https://dongne.co/events/sports09/circles/128643,제9회 대운동회,Day2
23시 21분의 시간에 멈춰있어,닥틴,,,,,2sp,가비지타임,,,,최종수X박병찬,로맨틱,,,@doctin_,https://dongne.co/events/sports09/circles/127890,제9회 대운동회,Day2
24년에도 종상영업중,재활자,,,,,2sp,가비지타임,,,"최종수,기상호",최종수X기상호,"로맨틱,섹슈얼",,소설,rept_06,https://dongne.co/events/sports09/circles/128243,제9회 대운동회,Day2
2LDK,"정델리, 크림빵",,,,,2sp,슬램덩크,,우성명헌 쁘띠존 | 우연일까? 운명이야!,"정우성,이명헌",정우성X이명헌,,,"소설,일러스트","@jeongdelli, @creambbang94",https://dongne.co/events/sports09/circles/129012,제9회 대운동회,Day2
2m from the sky,츠여,,,,,2sp,슬램덩크,,,송태섭,,로맨틱,,만화,@ch_evnfo,https://dongne.co/events/sports09/circles/129109,제9회 대운동회,Day2
2사장을 믿기 vs. 2노우에를 믿기,SSONG,,,,,2sp,"슬램덩크,가비지타임",,,,성준수X기상호,로맨틱,"준수태성, 우성태섭","만화,소설,일러스트",@14x7x14,https://dongne.co/events/sports09/circles/127488,제9회 대운동회,Day2
우연이 3번이면 우명이래,"지갑, _월",,,,,2sp,슬램덩크,X,우성명헌 쁘띠존 | 우연일까? 운명이야!,정우성 이명헌,정우성X이명헌,"섹슈얼,로맨틱",X,만화,@dal_balgda,https://dongne.co/events/sports09/circles/128617,제9회 대운동회,Day2
유기농국산부르클리 3000원,피쨩,,,,,2sp,슬램덩크,,,송태섭,강백호X송태섭,로맨틱,성현준×김수겸,"소설,조형,기타",PchanPchanP,https://dongne.co/events/sports09/circles/127783,제9회 대운동회,Day2
303030,엘리,,,,,1sp,슬램덩크,,No.1 프로포즈 대작전,"정대만,송태섭",정대만X송태섭,로맨틱,,만화,@almondbonbon147,https://dongne.co/events/sports09/circles/127358,제9회 대운동회,Day2
3점슛 확률 431%,,,,,,1sp,가비지타임,,,가비지타임,,해당없음,,"공예,기타",,https://dongne.co/events/sports09/circles/129258,제9회 대운동회,Day2
360cm 대형마켓,에르,,,,,4sp,가비지타임,,,성준수,전영중X성준수,"로맨틱,섹슈얼",태성은재,"만화,일러스트",eru18831,https://dongne.co/events/sports09/circles/128898,제9회 대운동회,Day2
3 Point Go-Shoot ! ~농구장에서 팽이치기~,픽,,,,,1sp,슬램덩크,베이블레이드,,"강백호,양호열",,"로맨틱,섹슈얼",호열백호열(호백호),"소설,일러스트",,https://dongne.co/events/sports09/circles/128641,제9회 대운동회,Day2
고등학교 5학년이요,"요므, Carmine",,,,,2sp,가비지타임,,,"기상호,박병찬",기상호X박병찬,로맨틱,,"일러스트,소설,만화,기타","@l6___2l, @syromire",https://dongne.co/events/sports09/circles/129582,제9회 대운동회,Day2
5월의 소년,룬,,,,,1sp,가비지타임,,,성준수 전영중,성준수X전영중,"섹슈얼,로맨틱",기상호X박병찬,만화,@ylun_se,https://dongne.co/events/sports09/circles/127347,제9회 대운동회,Day2
  7월에도농놀하는부스,"순장고추장, 풀",,,,,2sp,슬램덩크,,우성명헌 쁘띠존 | 우연일까? 운명이야!,정우성,우성X명헌,"섹슈얼,로맨틱",,"소설,만화","@sunjang_chujang, @full9494_",https://dongne.co/events/sports09/circles/127938,제9회 대운동회,Day2
우째도 7월에도 농구하네,"Muung, 크림",,,,,2sp,슬램덩크,,우성명헌 쁘띠존 | 우연일까? 운명이야!,"정우성,이명헌",정우성X이명헌,해당없음,,"공예,기타,소설,일러스트","@kimnarbi , @cream5989",https://dongne.co/events/sports09/circles/128805,제9회 대운동회,Day2
7번가 어딘가,uuro,,,,,1sp,슬램덩크,,,북산,,,,일러스트,xdayswonder,https://dongne.co/events/sports09/circles/129726,제9회 대운동회,Day2
포타지부 #714,"week, 스이카",,,,,2sp,슬램덩크,,"태섭대만 쁘띠존 ｜Lucky 7, Three point, 1st Love","송태섭,정대만",송태섭X정대만,"로맨틱,섹슈얼",,소설,weekendswish,https://dongne.co/events/sports09/circles/127570,제9회 대운동회,Day2
혈중태대농도714%,대망브렠솔,,,,,2sp,슬램덩크,,"태섭대만 쁘띠존 ｜Lucky 7, Three point, 1st Love","송태섭,정대만",송태섭X정대만,"섹슈얼,로맨틱",,"소설,기타",@daeman_moms,https://dongne.co/events/sports09/circles/127920,제9회 대운동회,Day2
7번하고 14번,그,,,,,2sp,슬램덩크,,"태섭대만 쁘띠존 ｜Lucky 7, Three point, 1st Love","송태섭,정대만",송태섭X정대만,"섹슈얼,로맨틱",,,@TdTd714,https://dongne.co/events/sports09/circles/127444,제9회 대운동회,Day2
7월이면 5월부터 시작,농/헷취/김레드,,,,,2sp,슬램덩크,,,이명헌 정우성 산왕공고,,로맨틱,,"공예,일러스트",@JustKimred ,https://dongne.co/events/sports09/circles/129570,제9회 대운동회,Day2
7+n=?!,구운은행,,,,,1sp,슬램덩크,,Speedster | 태섭왼 쁘띠존 ,"송태섭,정우성,이명헌",송태섭X정우성,"로맨틱,섹슈얼",송태섭X이명헌,"소설,공예",@basket1on1,https://dongne.co/events/sports09/circles/129366,제9회 대운동회,Day2
90+5,김이박,,,,,2sp,,,,,,,,,,https://dongne.co/events/sports09/circles/128931,제9회 대운동회,Day2
세금만 매년 94억씩 내는 부부,오와,,,,,2sp,슬램덩크,,우성명헌 쁘띠존 | 우연일까? 운명이야!,"정우성,이명헌",정우성X이명헌,로맨틱,,만화,@14wowa,https://dongne.co/events/sports09/circles/127706,제9회 대운동회,Day2
매너온도 9.4도씨,올튀,,,,,2sp,슬램덩크,,우성명헌 쁘띠존 | 우연일까? 운명이야!,"정우성,이명헌",정우성X이명헌,"섹슈얼,로맨틱",,"만화,일러스트",@nagnong,https://dongne.co/events/sports09/circles/128416,제9회 대운동회,Day2
94년 역사 우명 맛집,"ㅎㅂ, 눌락",,,,,2sp,슬램덩크,,우성명헌 쁘띠존 | 우연일까? 운명이야!,"이명헌,정우성",정우성X이명헌,"섹슈얼,로맨틱",,"일러스트,소설,만화","@ha_bble, @nullack",https://dongne.co/events/sports09/circles/129680,제9회 대운동회,Day2
ADAD,ADAD,,,,,1sp,슬램덩크,우마무스메,,,,,,"일러스트,공예",@S2_ADAD_S2,https://dongne.co/events/sports09/circles/127792,제9회 대운동회,Day2
반바지가 BL을 구한다,까마중,,,,,1sp,블루록,,신부스대전,"이사기요이치,바치라메구루",,"로맨틱,섹슈얼",독일주종,소설,,https://dongne.co/events/sports09/circles/127385,제9회 대운동회,Day2
BLTV 구독자 1억 돌파 기념 서클,댑싸리,,,,,1sp,블루록,,신부스대전,,이사기X쿠니가미,,"노아에고,로레스너",만화,unripe_bltv,https://dongne.co/events/sports09/circles/127359,제9회 대운동회,Day2
Blue Monday,크뭉,,,,,1sp,가비지타임,,,,,,,만화,@kaihuku_basket,https://dongne.co/events/sports09/circles/127872,제9회 대운동회,Day2
레몬 한 개에는 레몬 한 개 분량의 비타민C가 들어있다,이림,,,,,2sp,슬램덩크,가비지타임,,윤대협 서태웅 정우성,윤대협X서태웅,"섹슈얼,로맨틱",,"만화,일러스트",@_x2lim,https://dongne.co/events/sports09/circles/129508,제9회 대운동회,Day2
Cloud9,칵테일9,,,,,1sp,슬램덩크,,No.1 프로포즈 대작전,송태섭,정우성X송태섭,"섹슈얼,로맨틱",태섭른,,@long9island9tea,https://dongne.co/events/sports09/circles/127847,제9회 대운동회,Day2
COCORO COMPANY,Tita,,,,,2sp,슬램덩크,,"태섭대만 쁘띠존 ｜Lucky 7, Three point, 1st Love","정대만,송태섭",송태섭X정대만,"로맨틱,섹슈얼",,"기타,공예",@4kduck_tit4,https://dongne.co/events/sports09/circles/129463,제9회 대운동회,Day2
COOKIE N CHERRY,soda__melon,,,,,1sp,가비지타임,슬램덩크,,"기상호,박병찬",,"로맨틱,섹슈얼",,만화,@abc123,https://dongne.co/events/sports09/circles/128036,제9회 대운동회,Day2
농놀주의:구매시 반드시 cp확인을 해주세요.,소금,,,,,2sp,슬램덩크,,,정대만,,"로맨틱,섹슈얼",,"일러스트,소설",sogeum1114,https://dongne.co/events/sports09/circles/129036,제9회 대운동회,Day2
Crotti,kitami,,,,,2sp,슬램덩크,켄간,,,,,,만화,,https://dongne.co/events/sports09/circles/127873,제9회 대운동회,Day2
D-Esper,케링,,,,,2sp,슬램덩크,쿠로코의농구,,서태웅,윤대협X서태웅,"로맨틱,섹슈얼","황립,녹고","만화,일러스트",@d_esper_,https://dongne.co/events/sports09/circles/127338,제9회 대운동회,Day2
Endless Dream,루다,,,,,2sp,슬램덩크,,,"송태섭,이한나,송아라",송태섭X이한나,로맨틱,,소설,karlin_123 ,https://dongne.co/events/sports09/circles/127883,제9회 대운동회,Day2
everblue,이온,,,,,1sp,가비지타임,,,"기상호,박병찬",기상호X박병찬,로맨틱,논커플링(ncp),"만화,일러스트,소설",@ionblue,https://dongne.co/events/sports09/circles/128493,제9회 대운동회,Day2
 종생학F클럽,헵센,,,,,1sp,슬램덩크,,,"서태웅,강백호",서태웅X강백호,로맨틱,,"만화,일러스트,소설",@forthy3240,https://dongne.co/events/sports09/circles/128290,제9회 대운동회,Day2
first,Ho,,,,,1sp,슬램덩크,,,송태섭 정대만,송태섭X정대만,,,,,https://dongne.co/events/sports09/circles/127987,제9회 대운동회,Day2
"GM신도시 동물원  ~쿼카, 너구리 고릴라 그리고 우완선발의 상용~",김리포,,,,,4sp,프로야구생존기,"GM,클로저 이상용",,,,,,,,https://dongne.co/events/sports09/circles/128406,제9회 대운동회,Day2
#GM시리즈 완결임박 눈물의 고별전 <총재님이 미쳤어요> 1,디에고,,,,,2sp,프로야구생존기,,,,,,,"만화,소설,기타",@sandy_ego_,https://dongne.co/events/sports09/circles/128541,제9회 대운동회,Day2
#GM시리즈 완결임박 눈물의 고별전 <총재님이 미쳤어요>2,바리깡,,,,,2sp,프로야구생존기,,,,,,,"만화,소설,기타",@barikangknights,https://dongne.co/events/sports09/circles/128536,제9회 대운동회,Day2
guess what?,"endian, 녹오",,,,,2sp,슬램덩크,,,"서태웅,강백호",서태웅X강백호,"로맨틱,섹슈얼",,"소설,만화,기타","endi_slam, sa__hana_",https://dongne.co/events/sports09/circles/129387,제9회 대운동회,Day2
halogen,F,,,,,2sp,슬램덩크,,"태섭대만 쁘띠존 ｜Lucky 7, Three point, 1st Love","송태섭,정대만",송태섭X정대만,"로맨틱,섹슈얼",,"일러스트,만화",halogenspo,https://dongne.co/events/sports09/circles/129872,제9회 대운동회,Day2
아HIYO,히요,,,,,1sp,가비지타임,,준수상호 쁘띠존,준수상호,성준수X기상호,"섹슈얼,로맨틱",,만화,@DIA_HIYO,https://dongne.co/events/sports09/circles/128333,제9회 대운동회,Day2
Ignition Point,행인A,,,,,1sp,"슬램덩크,가비지타임",,,"양호열,강백호,최종수,기상호",양호열X강백호,,,,@haengin__a,https://dongne.co/events/sports09/circles/128215,제9회 대운동회,Day2
정대만 월드투어 in 서울,까삐,,,,,2sp,슬램덩크,가비지타임,,정대만,,,,,@o3o_kkap,https://dongne.co/events/sports09/circles/127589,제9회 대운동회,Day2
intk가 손수 말아준 커플의 맛,말랑콩쑥찰떡,,,,,2sp,슬램덩크,,No.1 프로포즈 대작전,"서태웅,강백호,윤대협,정대만,송태섭",정대만X송태섭,"로맨틱,섹슈얼","대협백호, 태웅백호",소설,basketsele,https://dongne.co/events/sports09/circles/127389,제9회 대운동회,Day2
I우명U,"팔삼,로트링",,,,,2sp,슬램덩크,,우성명헌 쁘띠존 | 우연일까? 운명이야!,"정우성,이명헌",,"로맨틱,섹슈얼",,,shdrn_7736,https://dongne.co/events/sports09/circles/127878,제9회 대운동회,Day2
K-BL을 위해 한번만 하자,"삼다, 베르디",,,,,2sp,가비지타임,,준수상호 쁘띠존,"성준수,기상호",성준수X기상호,"로맨틱,섹슈얼",,소설,"sjsksh_o, B_eeLL_D",https://dongne.co/events/sports09/circles/129649,제9회 대운동회,Day2
Laundry,soap,,,,,2sp,슬램덩크,,No.1 프로포즈 대작전,정대만 송태섭,,로맨틱,,,@milkshake_mix0,https://dongne.co/events/sports09/circles/127882,제9회 대운동회,Day2
lemonade station,lemona,,,,,2sp,슬램덩크,,,권준호,,로맨틱,,"만화,일러스트",lemonauminoSD,https://dongne.co/events/sports09/circles/127643,제9회 대운동회,Day2
Love is BLue,미응,,,,,1sp,슬램덩크,,우성명헌 쁘띠존 | 우연일까? 운명이야!,"정우성,이명헌",정우성X이명헌,,,,@cc_000094,https://dongne.co/events/sports09/circles/129560,제9회 대운동회,Day2
Lovely Mix,Lovely Mix,,,,,1sp,슬램덩크,가비지타임,,,,,,,,https://dongne.co/events/sports09/circles/127874,제9회 대운동회,Day2
"<태섭대만 쁘띠존 ｜Lucky 7, Three point, 1st Love> 주최부스","태섭대만 쁘띠존 ｜Lucky 7, Three point, 1st Love",,,,,2sp,,,"태섭대만 쁘띠존 ｜Lucky 7, Three point, 1st Love",,,,,,,https://dongne.co/events/sports09/circles/127864,제9회 대운동회,Day2
님들은 최애가 슛 없으면 어떨 것 같아? MBTI랑 반응 알려줘!,청개,,,,,2sp,가비지타임,슬램덩크,,,종수X상호,"로맨틱,섹슈얼","상른, 호백, 동댐뿅 외 NCP","만화,일러스트,기타",_chung_gae,https://dongne.co/events/sports09/circles/129246,제9회 대운동회,Day2
M:뭐든지 D:다합니다 ,김수박,,,,,2sp,가비지타임,,,전영중 성준수,,로맨틱,종수병찬,"소설,기타",ttangmoban,https://dongne.co/events/sports09/circles/129444,제9회 대운동회,Day2
MMMA,MMMA,,,,,4sp,하이큐,슬램덩크,,"히나타,카게야마,쿠로오,켄마 등등",,,"카게히나,쿠로켄,오이이와,보쿠아카 등등",일러스트,ummm_mmma,https://dongne.co/events/sports09/circles/127750,제9회 대운동회,Day2
존프조로 할 수 있는 n가지 조합으로 변경해주시기바랍니다 479번째 변경요청입니다,"호잍, 라이, 아도",,,,,2sp,슬램덩크,,,"이명헌,정우성,송태섭",정우성X이명헌X송태섭,"로맨틱,섹슈얼,해당없음","우명, 태섭른, 우태, 명태","공예,기타,소설,일러스트",,https://dongne.co/events/sports09/circles/129605,제9회 대운동회,Day2
nagisagi,멀미,,,,,2sp,블루록,,신부스대전,,나기 세이시로X이사기 요이치,,,,,https://dongne.co/events/sports09/circles/128244,제9회 대운동회,Day2
NEGATIVE,노리,,,,,2sp,가비지타임,,,성준수 진재유,성준수X진재유,"로맨틱,섹슈얼",,만화,nolee001,https://dongne.co/events/sports09/circles/129753,제9회 대운동회,Day2
<No.1 프로포즈 대작전> 주최부스,No.1 프로포즈 대작전,,,,,2sp,,,No.1 프로포즈 대작전,,,,,,,https://dongne.co/events/sports09/circles/127564,제9회 대운동회,Day2
N O N E,yy,,,,,2sp,가비지타임,,,"전영중,성준수",,로맨틱,,만화,_wyyyyw_,https://dongne.co/events/sports09/circles/127973,제9회 대운동회,Day2
태웅대만NOT이성애자SHOW,"악성개인팬,도나쓰",,,,,2sp,슬램덩크,,,서태웅 정대만,,로맨틱,,"만화,일러스트",1114_akfan,https://dongne.co/events/sports09/circles/129940,제9회 대운동회,Day2
NOVUS-612,생,,,,,2sp,가비지타임,,,최종수,,,,"만화,일러스트,소설",@code_E023,https://dongne.co/events/sports09/circles/128781,제9회 대운동회,Day2
OK 섭왼할게요,소나무,,,,,2sp,슬램덩크,가비지타임,Speedster | 태섭왼 쁘띠존 ,송태섭,,"로맨틱,섹슈얼",,소설,@sooooooonamoo,https://dongne.co/events/sports09/circles/127855,제9회 대운동회,Day2
Pm7,Santa ,,,,,1sp,,,,,,,,,@,https://dongne.co/events/sports09/circles/128457,제9회 대운동회,Day2
감바스 R,R,,,,,1sp,가비지타임,,준수상호 쁘띠존,"성준수,기상호",성준수X기상호,,,"공예,조형,기타",rrxkclr,https://dongne.co/events/sports09/circles/128077,제9회 대운동회,Day2
수가 공을 때려요 (re:근데 왜 수가 더...?),소영,,,,,2sp,슬램덩크,,"태섭대만 쁘띠존 ｜Lucky 7, Three point, 1st Love","송태섭,정대만",송태섭X정대만,"로맨틱,섹슈얼",,"소설,만화",@Swish__14,https://dongne.co/events/sports09/circles/128741,제9회 대운동회,Day2
RUHANATION,강서마,,,,,2sp,슬램덩크,,,서태웅 강백호,,"로맨틱,섹슈얼",,"만화,일러스트",@stwxwife,https://dongne.co/events/sports09/circles/128222,제9회 대운동회,Day2
양념심포지엄아레나S석,탄소같은너,,,,,2sp,슬램덩크,,Speedster | 태섭왼 쁘띠존 ,"송태섭,정대만",송태섭X정대만,,,,@l68xl84,https://dongne.co/events/sports09/circles/128856,제9회 대운동회,Day2
준상러버스클럽s2,루블,,,,,2sp,가비지타임,,준수상호 쁘띠존,"성준수,기상호",성준수X기상호,,,,@coolwithbeauty,https://dongne.co/events/sports09/circles/127737,제9회 대운동회,Day2
Simply blue,니니,,,,,1sp,가비지타임,,,,전영중X성준수,,,"일러스트,만화",,https://dongne.co/events/sports09/circles/127633,제9회 대운동회,Day2
Sourplace,사워,,,,,2sp,슬램덩크,,,"서태웅,윤대협",윤대협X서태웅,"로맨틱,섹슈얼",,"만화,소설",@sourcream0314,https://dongne.co/events/sports09/circles/127884,제9회 대운동회,Day2
<Speedster | 태섭왼 쁘띠존> 주최부스,Speedster | 태섭왼 쁘띠존 ,,,,,2sp,,,Speedster | 태섭왼 쁘띠존 ,,,,,,,https://dongne.co/events/sports09/circles/128855,제9회 대운동회,Day2
명우의맛tv,뿅친사람,,,,,1sp,슬램덩크,,,"이명헌,정우성",이명헌X정우성,로맨틱,,만화,ppyongchinza,https://dongne.co/events/sports09/circles/128985,제9회 대운동회,Day2
사랑은 TV를 타고,서랑,,,,,4sp,슬램덩크,,10X100 사랑은 기하급수적! | 호열백호 쁘띠존,"양호열,강백호",양호열X강백호,"로맨틱,섹슈얼",,소설,SE0L4N9,https://dongne.co/events/sports09/circles/128111,제9회 대운동회,Day2
Two Rabbits & 자몽공방,Rabbits,,,,,2sp,슬램덩크,"가비지타임,하이큐 등",,,,,,,@2rabbits,https://dongne.co/events/sports09/circles/129202,제9회 대운동회,Day2
태대를믿기VS대태를믿기VS대준태를믿기,슈루,,,,,2sp,슬램덩크,,,"송태섭,정대만",송태섭X정대만,"로맨틱,섹슈얼","대만태섭, 대만준섭태섭","만화,소설",@doubleclutch0_,https://dongne.co/events/sports09/circles/128353,제9회 대운동회,Day2
늑대와 미묘 (Wolf),비빕/아타루,,,,,4sp,가비지타임,,,"전영중,성준수",전영중X성준수,"로맨틱,섹슈얼",,소설,dkxkfnu,https://dongne.co/events/sports09/circles/127482,제9회 대운동회,Day2
xoxo_xoxo,구남,,,,,4sp,슬램덩크,,,,,,,"만화,일러스트",@qnamxoxo,https://dongne.co/events/sports09/circles/127362,제9회 대운동회,Day2
여름爱,momoko8727,,,,,1sp,슬램덩크,,,명우 우태,,로맨틱,,"만화,영상",immomokom,https://dongne.co/events/sports09/circles/129098,제9회 대운동회,Day2
