부스명,대표자,위치,위치(열),위치(번호),반부스,부스,대표 작품(원작),그 외 다루는 작품,쁘띠존,캐릭터,커플링,커플링 성향,그 외 커플링,매체,트위터,링크,행사명,개최일
~사랑은 시루코샌드를 타고~,사산쿠아,,,,,1sp,from ARGONAVIS,,슬기로운 로디생활! 프롬 아르고나비스 쁘띠존,팬텀이리스,쿠스노키 다이몬X미츠루기 코하루,로맨틱,,"만화,기타",44n_qua,https://dongne.co/events/df2409/circles/132961,제27회 디. 페스타(토),Day1
<<충격>>일하기 싫음,대표24,,,,,2sp,이세계 착각 헌터,,『착헌민국 헌터협회 본부』- 이세계 착각 헌터 통합 쁘띠존,,,,,,Chief24_OTK,https://dongne.co/events/df2409/circles/131411,제27회 디. 페스타(토),Day1
<리츠레이 쁘띠존: 숟가락 가득 솔트 스플래시!> 주최부스,리츠레이 쁘띠존: 숟가락 가득 솔트 스플래시!,,,,,2sp,,,리츠레이 쁘띠존: 숟가락 가득 솔트 스플래시!,,,,,,,https://dongne.co/events/df2409/circles/131346,제27회 디. 페스타(토),Day1
<슬기로운 로디생활! 프롬 아르고나비스 쁘띠존> 주최부스,슬기로운 로디생활! 프롬 아르고나비스 쁘띠존,,,,,2sp,,,슬기로운 로디생활! 프롬 아르고나비스 쁘띠존,,,,,,,https://dongne.co/events/df2409/circles/131946,제27회 디. 페스타(토),Day1
<『착헌민국 헌터협회 본부』- 이세계 착각 헌터 통합 쁘띠존> 주최부스,『착헌민국 헌터협회 본부』- 이세계 착각 헌터 통합 쁘띠존,,,,,2sp,,,『착헌민국 헌터협회 본부』- 이세계 착각 헌터 통합 쁘띠존,,,,,,,https://dongne.co/events/df2409/circles/130950,제27회 디. 페스타(토),Day1
!!,시메,,,,,1sp,하이큐,,SUN SHINE SHOYO 2,"카게야마 토비오,히나타 쇼요",카게야마 토비오X히나타 쇼요,로맨틱,,기타,0621_ww,https://dongne.co/events/df2409/circles/131875,제27회 디. 페스타(토),Day1
.,부스,,,,,2sp,,,,,최종수X기상호,로맨틱,,일러스트,,https://dongne.co/events/df2409/circles/131508,제27회 디. 페스타(토),Day1
.,.,,,,,2sp,,,,,,,,,,https://dongne.co/events/df2409/circles/130627,제27회 디. 페스타(토),Day1
(주) 무림미식회,단팥빵,,,,,1sp,무림제일폐: 월한강천록,,,유소월,홍륜X소월,"로맨틱,섹슈얼",소월른,"만화,일러스트",Annbbang,https://dongne.co/events/df2409/circles/131217,제27회 디. 페스타(토),Day1
[활]화산횟집[어],연푸른,,,,,2sp,화산귀환,,,,,섹슈얼,"백천청명,도위소병","소설,일러스트,공예",trapcardmim,https://dongne.co/events/df2409/circles/131634,제27회 디. 페스타(토),Day1
[채널단독] 충격! 이 세상은 이미 버추얼이 지배하고 있었다? 현 동인러가 말하는 경악의 진실,레몬,,,,,2sp,니지산지,"쿠로코의농구,트위스테",,,,,,"만화,소설",,https://dongne.co/events/df2409/circles/131374,제27회 디. 페스타(토),Day1
#가보자고,라임,,,,,1sp,Fate 시리즈,,【時空合同著錄】 페이트 통합 쁘띠존: Destination of Last Order,,,,,만화,,https://dongne.co/events/df2409/circles/132821,제27회 디. 페스타(토),Day1
쿤,쿤,,,,,1sp,,,,,,,,일러스트,kun_draw,https://dongne.co/events/df2409/circles/131055,제27회 디. 페스타(토),Day1
쿱,윰,,,,,2sp,쿠베라,,,,,,,,,https://dongne.co/events/df2409/circles/131978,제27회 디. 페스타(토),Day1
흚,흚,,,,,2sp,,,,,,,,,,https://dongne.co/events/df2409/circles/130878,제27회 디. 페스타(토),Day1
어 나 이거 알아,비서,,,,,2sp,"아이카츠(아이엠스타),젤다의 전설","러브라이브,스플래툰,발더스게이트3,레이디버그,괴도조커",,"이치고,스타아니스,젤다,링크,뮤즈,리엘라",,,,,"GAMPANGPANG_, gmwalwal",https://dongne.co/events/df2409/circles/132364,제27회 디. 페스타(토),Day1
한 고게 넘어 사랑!,양갱,,,,,2sp,주술회전,,,"고죠 사토루,게토 스구루",고죠 사토루X게토 스구루,"로맨틱,섹슈얼",,,za_yess,https://dongne.co/events/df2409/circles/132335,제27회 디. 페스타(토),Day1
잘 놀다 갑니다,청가,,,,,1sp,가비지타임,,,"성준수,기상호",성준수X기상호,,,소설,_js3106,https://dongne.co/events/df2409/circles/131122,제27회 디. 페스타(토),Day1
통 속의 외계인,"소방챠, 빈칸",,,,,2sp,이세계 착각헌터,,『착헌민국 헌터협회 본부』- 이세계 착각 헌터 통합 쁘띠존,김기려,정하성X김기려,"섹슈얼,로맨틱",창호기려,"만화,소설",Sobangchacha_,https://dongne.co/events/df2409/circles/130811,제27회 디. 페스타(토),Day1
흙 속의 인디고,인디고,,,,,1sp,,,,,,,,공예,digogo5220,https://dongne.co/events/df2409/circles/130956,제27회 디. 페스타(토),Day1
목 마른 사람이 우물 판 부스,Noshel,,,,,1sp,"유희왕  DM,유희왕 토에이",,,"어둠의 유희,죠노우치 등 유희왕 DM 및 토에이의 등장인물 캐릭터",,해당없음,,"일러스트,만화",NO_Shelter2287,https://dongne.co/events/df2409/circles/131422,제27회 디. 페스타(토),Day1
집 나간 며느리는 전어에 돌아오고 장르이탈 덕후는 부스에 돌아온다,사로,,,,,1sp,은혼,,,"긴토키,카구라,소고,히지카타",소고X카구라,로맨틱,,"일러스트,공예",saro_Gin,https://dongne.co/events/df2409/circles/132100,제27회 디. 페스타(토),Day1
귤 까묵기,필명,,,,,1sp,하이큐,,SUN SHINE SHOYO 2,히나타 쇼요,미야 아츠무X히나타 쇼요,로맨틱,,소설,,https://dongne.co/events/df2409/circles/132115,제27회 디. 페스타(토),Day1
또 공식한테 졋죠?,EZandSR,,,,,2sp,앙상블 스타즈,,,"앙스타 나이츠,언데드",스오우츠카사X츠키나가레오,로맨틱,,"만화,일러스트",EZ_SR_S2,https://dongne.co/events/df2409/circles/131546,제27회 디. 페스타(토),Day1
ㅂㅂ,삼삼오오징어,,,,,1sp,은혼,은혼,,ㅂㅂ,,,,,,https://dongne.co/events/df2409/circles/132113,제27회 디. 페스타(토),Day1
ㅇㅇ,타밍,,,,,1sp,ㅇㅇ,,,ㅇㅇ,,,,,,https://dongne.co/events/df2409/circles/132022,제27회 디. 페스타(토),Day1
글루,글루,,,,,4sp,주술회전,,,,,,,,,https://dongne.co/events/df2409/circles/131198,제27회 디. 페스타(토),Day1
나베,령촌건일,,,,,2sp,에리오스라이징히어로즈,,,,,,,,,https://dongne.co/events/df2409/circles/131001,제27회 디. 페스타(토),Day1
릴리,하다월,,,,,2sp,,,,,,,,공예,warhwa12,https://dongne.co/events/df2409/circles/132099,제27회 디. 페스타(토),Day1
릴리,하다월,,,,,2sp,,,,,,,,공예,warhwa12,https://dongne.co/events/df2409/circles/130899,제27회 디. 페스타(토),Day1
만두,B,,,,,1sp,,,,,,,,,,https://dongne.co/events/df2409/circles/131793,제27회 디. 페스타(토),Day1
만듦,jini0305,,,,,2sp,,,,,,,,,,https://dongne.co/events/df2409/circles/131204,제27회 디. 페스타(토),Day1
맘마,맘마,,,,,4sp,"1차 문구류,픽셀아트",,,,,,,기타,wiggle_eworm,https://dongne.co/events/df2409/circles/131966,제27회 디. 페스타(토),Day1
멍왈,JC,,,,,1sp,도쿄리벤저스,,,하나가키 타케미치,,,,,,https://dongne.co/events/df2409/circles/130958,제27회 디. 페스타(토),Day1
몽실,구름,,,,,2sp,,,,,,,,,,https://dongne.co/events/df2409/circles/130545,제27회 디. 페스타(토),Day1
무제,ㅌㅇ,,,,,1sp,데뷔 못 하면 죽는 병 걸림,,,,,,,,,https://dongne.co/events/df2409/circles/130744,제27회 디. 페스타(토),Day1
바도,바도,,,,,2sp,플레이브,,,,,,,,Bnanadoto,https://dongne.co/events/df2409/circles/131840,제27회 디. 페스타(토),Day1
야호,쨩상,,,,,1sp,Free! (프리),앙스타,Free! 쁘띠존,free 모든 캐릭터,,,,일러스트,Rinzzang_San,https://dongne.co/events/df2409/circles/131661,제27회 디. 페스타(토),Day1
영원,냐냐냥,,,,,1sp,주술회전,,,,,,,,,https://dongne.co/events/df2409/circles/132052,제27회 디. 페스타(토),Day1
왹왹,완두콩,,,,,1sp,이세계 착각 헌터,,『착헌민국 헌터협회 본부』- 이세계 착각 헌터 통합 쁘띠존,올 캐릭터,,,,"공예,조형,일러스트",,https://dongne.co/events/df2409/circles/131388,제27회 디. 페스타(토),Day1
재마,"totete,바멍",,,,,1sp,페르소나 아이돌리쉬세븐 우마무스메,,,쿠죠텐 나나세리쿠 도지마 나나코 아그네스 타키온,,,,일러스트,"totetenr, damongsel",https://dongne.co/events/df2409/circles/132828,제27회 디. 페스타(토),Day1
체뱜,김체리,,,,,2sp,"마비노기,언데드 언럭",헌터X헌터,,,,,,일러스트,KMCHRR_L,https://dongne.co/events/df2409/circles/131513,제27회 디. 페스타(토),Day1
헬로,카야,,,,,1sp,명문고ex급 조연의 리플레이,,,황호×의신,,,,,_kaya_2725,https://dongne.co/events/df2409/circles/131442,제27회 디. 페스타(토),Day1
회귀,회귀,,,,,2sp,가비지타임,슬램덩크 데못죽,,,,,,,,https://dongne.co/events/df2409/circles/132307,제27회 디. 페스타(토),Day1
히링,히링,,,,,2sp,"창작,문구,공예",,,,,,,공예,,https://dongne.co/events/df2409/circles/131537,제27회 디. 페스타(토),Day1
주로 ,내일로,,,,,1sp,,,,,,,,,,https://dongne.co/events/df2409/circles/131689,제27회 디. 페스타(토),Day1
할일 : 많음,악쓰리,,,,,2sp,가비지타임,데못죽,,기상호,최종수X기상호,"로맨틱,섹슈얼",청려문대,"만화,일러스트,기타",,https://dongne.co/events/df2409/circles/130505,제27회 디. 페스타(토),Day1
요즘 그 집 둘째가 연애한다던데,에바님,,,,,2sp,엘소드,앙상블스타즈,,,,,,,,https://dongne.co/events/df2409/circles/130530,제27회 디. 페스타(토),Day1
쇼미 더 혐성,maybe,,,,,1sp,마블,,,"닥터 스트레인지,토니 스타크",닥터 스트레인지X토니 스타크,"로맨틱,섹슈얼",,소설,_cvvv_oo,https://dongne.co/events/df2409/circles/130828,제27회 디. 페스타(토),Day1
백마 탄 개두부,"백소, 마하",,,,,2sp,프로젝트 세카이,,,하나사토 미노리,카나데X호나미,로맨틱,,"소설,기타","baekso__, khknosekai",https://dongne.co/events/df2409/circles/132114,제27회 디. 페스타(토),Day1
용기 다 터져서 왔다고요,심연의심연,,,,,1sp,용기폭발 뱅브레이번,오리지널,,스미스 이사미,,"로맨틱,섹슈얼",,"만화,기타",gonggye_hs,https://dongne.co/events/df2409/circles/131335,제27회 디. 페스타(토),Day1
른의 의미,벨로루시,,,,,1sp,슬램덩크,,,서태웅 윤대협 정우성,,"로맨틱,섹슈얼",우성태웅,소설,maplespirit30,https://dongne.co/events/df2409/circles/131726,제27회 디. 페스타(토),Day1
봄과 바다,"뿅삐뇨, 아소",,,,,2sp,슬램덩크,.,,"양호열,강백호",양호열X강백호,로맨틱,"호백호,",일러스트,"ppno_SD66, A___SO___",https://dongne.co/events/df2409/circles/132416,제27회 디. 페스타(토),Day1
센루 백반,우택,,,,,2sp,슬램덩크,,,"윤대협,서태웅",윤대협X서태웅,"로맨틱,섹슈얼",,"소설,만화",wootaek00,https://dongne.co/events/df2409/circles/132679,제27회 디. 페스타(토),Day1
녀석 취향 참,딱꾹,,,,,2sp,IDOLiSH7,주술회전,,"유키,모모,스쿠나,이타도리 유지",유키X모모,,스쿠이타,"만화,소설",ai7_ttakku,https://dongne.co/events/df2409/circles/131735,제27회 디. 페스타(토),Day1
식후 농구 한 판.,스팸버거,,,,,2sp,던전밥,가비지타임,,,,,,,,https://dongne.co/events/df2409/circles/130897,제27회 디. 페스타(토),Day1
백합 틈새 시장,일개미,,,,,2sp,,,,,,,,"만화,일러스트",peridot_4500,https://dongne.co/events/df2409/circles/130946,제27회 디. 페스타(토),Day1
우리 애들 언제 만나요?,니루,,,,,1sp,원신,,,방랑자,카에데하라 카즈하X방랑자,"섹슈얼,로맨틱",,,kkulbbang030,https://dongne.co/events/df2409/circles/130765,제27회 디. 페스타(토),Day1
일단 빨간 애가 왼쪽이고 파란 애가 오른쪽인 부스,NSAIDs,,,,,2sp,가비지타임,,,,전영중X성준수,로맨틱,조형석×이현성,,TiaV_Ativ_,https://dongne.co/events/df2409/circles/132466,제27회 디. 페스타(토),Day1
인형 구경 하세요,솜구리,,,,,2sp,이세계 착각헌터,,『착헌민국 헌터협회 본부』- 이세계 착각 헌터 통합 쁘띠존,레밍,,,,,cotton_gul,https://dongne.co/events/df2409/circles/131595,제27회 디. 페스타(토),Day1
죽지 않고 돌아옴,아시,,,,,2sp,이착헌,,『착헌민국 헌터협회 본부』- 이세계 착각 헌터 통합 쁘띠존,,,,,소설,CJ_asi,https://dongne.co/events/df2409/circles/130962,제27회 디. 페스타(토),Day1
그럼 제가 긴지씨 맘에 펑 펑 펑 대삼원...!,밀재,,,,,2sp,은과 금,후쿠모토 시리즈 등,,"모리타 테츠오,히라이 긴지",,,,"만화,일러스트",Cuu_Mill,https://dongne.co/events/df2409/circles/131598,제27회 디. 페스타(토),Day1
사람 살려 해저에 사람 살아요,"pugu, 고독한 지혁지현러",,,,,2sp,어두운 바다의 등불이 되어,,,"박무현,신해량,서지혁,백애영,김재희,이지현",지혁X지현,로맨틱,,"소설,일러스트","cururuping, sseoguide196",https://dongne.co/events/df2409/circles/132369,제27회 디. 페스타(토),Day1
이거 수정 가능한가요,소이음,,,,,2sp,,,,,,,,,ssoieum,https://dongne.co/events/df2409/circles/131484,제27회 디. 페스타(토),Day1
우린 그걸 사랑이라고 불러,고래와호랑이,,,,,1sp,화산귀환,,,윤종,,,청명윤종,소설,,https://dongne.co/events/df2409/circles/130847,제27회 디. 페스타(토),Day1
울밧 보고.서,"슬래시, $$, 단지, 사피",,,,,4sp,트라이건,,,"울프우드,밧슈",울프우드X밧슈,"로맨틱,섹슈얼",,만화,,https://dongne.co/events/df2409/circles/130995,제27회 디. 페스타(토),Day1
논긩 부스(가치 폭발),편백나무숲,,,,,2sp,오리지널,,,,,,,만화,pbnms_,https://dongne.co/events/df2409/circles/131088,제27회 디. 페스타(토),Day1
국산 오타쿠,피나토,,,,,1sp,전지적 독자 시점,"데뷔못하면 죽는 병 걸림,화산귀환,내가 키운 S급들",,,유중혁X김독자,로맨틱,,,pinytus,https://dongne.co/events/df2409/circles/131775,제27회 디. 페스타(토),Day1
꿈의 레시피,랴,,,,,2sp,,,,,,,,일러스트,Lia___S2,https://dongne.co/events/df2409/circles/131908,제27회 디. 페스타(토),Day1
두부 모험기,"jute, 두부",,,,,2sp,프로세카,,,"텐마 츠카사,카미시로 루이,25시 나이트코드에서",텐마 츠카사X카미시로 루이,,,,8jute8,https://dongne.co/events/df2409/circles/132440,제27회 디. 페스타(토),Day1
마블 코믹스,WE,,,,,2sp,마블 코믹스,,,스파이더맨,,,,일러스트,WE_5104,https://dongne.co/events/df2409/circles/132789,제27회 디. 페스타(토),Day1
버니 디저트,팡스,,,,,1sp,,,,,,,,,painiaras,https://dongne.co/events/df2409/circles/130535,제27회 디. 페스타(토),Day1
블루 시프트,쓈,,,,,1sp,유희왕 고러시!!,유희왕 브레인즈,,유디아스,즈위죠X유디아스,로맨틱,료켄유사♀,소설,dareunsum06,https://dongne.co/events/df2409/circles/132568,제27회 디. 페스타(토),Day1
서클 어쩌구,인,,,,,2sp,"플레이브,가비지타임",,,,,,,일러스트,,https://dongne.co/events/df2409/circles/131999,제27회 디. 페스타(토),Day1
오존 주의보,란가,,,,,2sp,유희왕 5D'S,"은혼,페르소나 5,게나조",,올 캐러(아마도 논컾),,,,"일러스트,만화",coroin_dgx,https://dongne.co/events/df2409/circles/130898,제27회 디. 페스타(토),Day1
왕이 문제다,무잼,,,,,1sp,페이트 시리즈,,【時空合同著錄】 페이트 통합 쁘띠존: Destination of Last Order,,,,4차 라이더조(ncp),"만화,소설",Mrjam___,https://dongne.co/events/df2409/circles/131206,제27회 디. 페스타(토),Day1
장르 다이소,동자,,,,,2sp,블루록,18trip,,,,,,"일러스트,소설,공예",,https://dongne.co/events/df2409/circles/130974,제27회 디. 페스타(토),Day1
장르 부리또,심마,,,,,1sp,어두운바다의등불이되어,가비지타임,,슈란애영/종수상호,슈란X애영,로맨틱,종수상호,"만화,소설",shimma_0531,https://dongne.co/events/df2409/circles/130949,제27회 디. 페스타(토),Day1
햇님 잡화점,나기,,,,,2sp,플레이브.데못죽,,,,,,,,,https://dongne.co/events/df2409/circles/131489,제27회 디. 페스타(토),Day1
출장 포와로 : 탈로점,양갱,,,,,2sp,"샹치와 텐링즈의 전설,명탐정코난",,,,,"로맨틱,섹슈얼",샹치케이티,"소설,기타",,https://dongne.co/events/df2409/circles/131057,제27회 디. 페스타(토),Day1
공동 리버스 구역,김뭬리,,,,,2sp,화산귀환,,,"청명,백천",청명X백천,"로맨틱,섹슈얼",백천×청명,"소설,만화",kimmay1i,https://dongne.co/events/df2409/circles/132220,제27회 디. 페스타(토),Day1
다들 왹져를 봐줘,"버터,료에",,,,,2sp,이세계 착각헌터,,『착헌민국 헌터협회 본부』- 이세계 착각 헌터 통합 쁘띠존,김기려,정하성X김기려,해당없음,창호기려,"만화,기타",Uopwn_novel,https://dongne.co/events/df2409/circles/132449,제27회 디. 페스타(토),Day1
성배 전쟁을 다시 하고 싶니? 제발 아니라고 해줘.,sd,,,,,1sp,페이트/그랜드 오더,페이트 사무라이 렘넌트,【時空合同著錄】 페이트 통합 쁘띠존: Destination of Last Order,"아르토리아 캐스터,구다코,미야모토 이오리,영월 세이버",,,,"일러스트,만화,기타",,https://dongne.co/events/df2409/circles/132883,제27회 디. 페스타(토),Day1
죽을 때까지 턴제 배틀만을,금광,,,,,2sp,페이트,"스타레일,포켓몬스터,페르소나",,알트리아 펜드래곤,,,,"만화,일러스트",artoriadaisuki_,https://dongne.co/events/df2409/circles/132510,제27회 디. 페스타(토),Day1
앞뒤 가리지 않는다,희수,,,,,1sp,슬램덩크,,,,정대만X권준호,로맨틱,권준호×정대만,일러스트,00HUISU00,https://dongne.co/events/df2409/circles/131540,제27회 디. 페스타(토),Day1
최종 호감도 점수는,뿡,,,,,2sp,반월당,,,"백란,유단",,,,"일러스트,만화,기타",zo00o0m,https://dongne.co/events/df2409/circles/132543,제27회 디. 페스타(토),Day1
카페 시나몬 출장점,쪽,,,,,2sp,앙상블 스타즈!! Music,,,"아마기 린네,시이나 니키",아마기 린네X시이나 니키,"로맨틱,섹슈얼",,만화,Sukiyakininare,https://dongne.co/events/df2409/circles/132784,제27회 디. 페스타(토),Day1
푸른 신들의 세상을 새빨갛게,가지,,,,,2sp,페이트/그랜드오더,,【時空合同著錄】 페이트 통합 쁘띠존: Destination of Last Order,아르주나 카르나,아르주나X카르나,로맨틱,"아르주나(얼터)x카르나, 아마노사카가미x타카스기","만화,기타",rukGO_,https://dongne.co/events/df2409/circles/132016,제27회 디. 페스타(토),Day1
어느 위대한 항해사의 생일파티 그 이후,,,,,,2sp,,,,,,,,,,https://dongne.co/events/df2409/circles/130996,제27회 디. 페스타(토),Day1
장르 살리려 회귀하다가 싸이코됨,수면양말,,,,,2sp,"모브사이코 100,화산귀환,데뷔 못 하면 죽는 병 걸림",단간론파,,,,,,일러스트,abyo100,https://dongne.co/events/df2409/circles/131216,제27회 디. 페스타(토),Day1
나의 여름에게,rose,,,,,2sp,플레이브,,,,,,,,,https://dongne.co/events/df2409/circles/131186,제27회 디. 페스타(토),Day1
우선 잡아봐라,소소,,,,,2sp,,,,,,,,,jjang_soso,https://dongne.co/events/df2409/circles/132155,제27회 디. 페스타(토),Day1
천국 런어웨이,가응,,,,,2sp,주술회전,,,"고죠 사토루,게토 스구루",고죠 사토루X게토 스구루,"로맨틱,섹슈얼",,"만화,일러스트",tonggong_00,https://dongne.co/events/df2409/circles/131770,제27회 디. 페스타(토),Day1
친우 못살리면 죽는 병 걸림,"꽝, 익명",,,,,1sp,화산귀환,데뷔 못하면 죽는 병 걸림,,청명,당보X청명,해당없음,유진래빈,일러스트,magyoanim,https://dongne.co/events/df2409/circles/132074,제27회 디. 페스타(토),Day1
청엑 린유키가 보고 싶어서 내는 부스,u,,,,,1sp,청의 엑소시스트,,,,,,,소설,,https://dongne.co/events/df2409/circles/131408,제27회 디. 페스타(토),Day1
남의 여자친구 메이커,잼,,,,,1sp,슬램덩크,"어바등,젤다",,,,,,,,https://dongne.co/events/df2409/circles/131740,제27회 디. 페스타(토),Day1
저는 매니저가 될게요,래브,,,,,1sp,아이돌리쉬세븐,x,,유키 / 모모 / 이즈미 이오리 / 나나세 리쿠,,,,일러스트,Lev_Co_lin,https://dongne.co/events/df2409/circles/132887,제27회 디. 페스타(토),Day1
저도 아이돌이 될래요,맹고,,,,,1sp,아이돌리쉬세븐,,,"아이나나,리바레,주르",,로맨틱,,일러스트,maenggo_i7,https://dongne.co/events/df2409/circles/131191,제27회 디. 페스타(토),Day1
섬서 방물장수 그것이 나다,김새치,,,,,1sp,화산귀환,광마회귀,,,,,,,deadpool0408,https://dongne.co/events/df2409/circles/132140,제27회 디. 페스타(토),Day1
저쪽 상선께서 보내신 자하설영입니다,독랑,,,,,2sp,진혼기,플레이브,,"자하,설영",,"로맨틱,섹슈얼",옞놔,"만화,일러스트",E____Su_J,https://dongne.co/events/df2409/circles/131715,제27회 디. 페스타(토),Day1
저도 무언가를 해봅니다,클레어,,,,,1sp,슬램덩크,,,서태웅,,,,소설,Kaede___RE,https://dongne.co/events/df2409/circles/132380,제27회 디. 페스타(토),Day1
니가 승대재유해줬잖아 디페이런거 안나왔어,VT,,,,,1sp,가비지타임,,,임승대 진재유,임승대X진재유,"로맨틱,섹슈얼","승대재유, 재유승대, 승재승","일러스트,만화",otimku,https://dongne.co/events/df2409/circles/131328,제27회 디. 페스타(토),Day1
"그래, 내가 수공예러다!",리파람,,,,,1sp,명문고 EX급 조연의 리플레이,1차 창작,,"조의신,황지호,백호",,,,공예,whdmltls_111,https://dongne.co/events/df2409/circles/132567,제27회 디. 페스타(토),Day1
사죄:부스명 어떻게 지어요 메타:님이 지은 건 쓰기 싫어요,메타,,,,,2sp,명탐정 코난,,,,후루야 레이X카자미 유우야,"로맨틱,섹슈얼",진아카,"만화,일러스트",prayer_meta,https://dongne.co/events/df2409/circles/130864,제27회 디. 페스타(토),Day1
잔서:생존대피요령 / 볼택션어머니회,룩커,,,,,2sp,니지산지,,,,,,,,,https://dongne.co/events/df2409/circles/131461,제27회 디. 페스타(토),Day1
더헉!,엔,,,,,2sp,Free!,,Free! 쁘띠존,키리시마 이쿠야,,,,,en_ikuya_free,https://dongne.co/events/df2409/circles/131524,제27회 디. 페스타(토),Day1
전용. 아시나요? (모브토이 편),티쳐,,,,,1sp,전용.,"슬램덩크,버튜버(니지산지)",,토이펠,,,,"만화,일러스트,기타",Teach4262,https://dongne.co/events/df2409/circles/132707,제27회 디. 페스타(토),Day1
전용. 아시나요? (알바로스 편),펭페,,,,,1sp,전용.,"제알,페그오",,로스,알바X로스,로맨틱,,"만화,일러스트,기타",ppe48305,https://dongne.co/events/df2409/circles/132712,제27회 디. 페스타(토),Day1
가자。,gw,,,,,1sp,,,,,,,,,,https://dongne.co/events/df2409/circles/132269,제27회 디. 페스타(토),Day1
김종이,김종이,,,,,1sp,,,,,,,,,kim__paper,https://dongne.co/events/df2409/circles/132181,제27회 디. 페스타(토),Day1
까막북,독 ,,,,,2sp,터무니없는 이야기,,,,,,,,,https://dongne.co/events/df2409/circles/131486,제27회 디. 페스타(토),Day1
깍앤꼭,꼬옥,,,,,2sp,슬램덩크,내스급 섀헌,,정대만,,로맨틱,호열백호,"만화,일러스트",kkoog_TT,https://dongne.co/events/df2409/circles/130653,제27회 디. 페스타(토),Day1
꽃타래,꽃타래,,,,,2sp,,,,,,,,공예,kotale_,https://dongne.co/events/df2409/circles/131197,제27회 디. 페스타(토),Day1
냐벤더,챠비별,,,,,2sp,,,,,,,,공예,,https://dongne.co/events/df2409/circles/131635,제27회 디. 페스타(토),Day1
냥다토,째무,,,,,2sp,슬램덩크,모브사이코100,,양호열,양호열X강백호,"로맨틱,섹슈얼",리츠레이,,JJrato_illust,https://dongne.co/events/df2409/circles/130427,제27회 디. 페스타(토),Day1
디아이,..,,,,,2sp,,,,,배세진X박문대,"섹슈얼,로맨틱","청우문대, 큰세문대, 아현문대, 유진문대, 래빈문대",공예,,https://dongne.co/events/df2409/circles/132720,제27회 디. 페스타(토),Day1
디페페,HJ,,,,,1sp,,,,,,,,,,https://dongne.co/events/df2409/circles/132085,제27회 디. 페스타(토),Day1
멀구램,감옥,,,,,2sp,밀그램,,,,,,,"만화,소설",,https://dongne.co/events/df2409/circles/131555,제27회 디. 페스타(토),Day1
무이무,mui,,,,,2sp,가비지타임,"데뷔 못 하면 죽는 병 걸림,슬램덩크",,,,,,,muii_S2,https://dongne.co/events/df2409/circles/132432,제27회 디. 페스타(토),Day1
무자야,SHO,,,,,2sp,화산귀환,세븐틴,,"조걸,윤종",,,,"일러스트,공예,기타",,https://dongne.co/events/df2409/circles/130681,제27회 디. 페스타(토),Day1
빤히…,이육,,,,,1sp,데못죽,괴수8호,,,,,,,Love_26k,https://dongne.co/events/df2409/circles/132527,제27회 디. 페스타(토),Day1
삼매경,룰루,,,,,2sp,화산귀환,,,,,,,"만화,일러스트,기타",,https://dongne.co/events/df2409/circles/131047,제27회 디. 페스타(토),Day1
스노사,스노사,,,,,1sp,수공예,,,,,,,공예,Sukkugirl,https://dongne.co/events/df2409/circles/131013,제27회 디. 페스타(토),Day1
스노사,스노사,,,,,1sp,,,,,설영X자하,로맨틱,,공예,Sukkugirl,https://dongne.co/events/df2409/circles/131992,제27회 디. 페스타(토),Day1
스불재,빡빡이,,,,,2sp,화산귀환,,,"당보,청명",당보X청명,로맨틱,,"일러스트,만화",bakbak__2,https://dongne.co/events/df2409/circles/131758,제27회 디. 페스타(토),Day1
안경점,가나쵸 질리언,,,,,2sp,슬램덩크,"하이큐,아이나나",,"츠키시마,권준호,야마토",정대만X권준호,로맨틱,,,_ghanacho,https://dongne.co/events/df2409/circles/131414,제27회 디. 페스타(토),Day1
앙스타,cakedoughnut,,,,,2sp,앙상블 스타즈,,,"모리사와 치아키,타카미네 미도리",,로맨틱,신카이 카나타x모리사와 치아키,"만화,소설,일러스트",,https://dongne.co/events/df2409/circles/131936,제27회 디. 페스타(토),Day1
연결선,메론빵,,,,,1sp,가비지타임,,,성준수,,,,"소설,일러스트,사진,기타",,https://dongne.co/events/df2409/circles/132385,제27회 디. 페스타(토),Day1
웅나나,인쨩,,,,,1sp,젠레스존제로,,,,,,,만화,,https://dongne.co/events/df2409/circles/131673,제27회 디. 페스타(토),Day1
으아앙,아르,,,,,1sp,,,,,,,,,,https://dongne.co/events/df2409/circles/131608,제27회 디. 페스타(토),Day1
잡상인,도프,,,,,1sp,하이큐,"은혼,프로세카,롤,단간론파,쓰르라미",,,,,"츠카네네, 미즈에나",일러스트,doppell_00,https://dongne.co/events/df2409/circles/132791,제27회 디. 페스타(토),Day1
초가네,호시 감댜,,,,,2sp,진혼기,,,,,,,,"hosing_, PrilliaS2",https://dongne.co/events/df2409/circles/131177,제27회 디. 페스타(토),Day1
풋사과,댑싸리,,,,,1sp,프롬 아르고나비스,,슬기로운 로디생활! 프롬 아르고나비스 쁘띠존,,,,,만화,unripe_pic,https://dongne.co/events/df2409/circles/130461,제27회 디. 페스타(토),Day1
흐느적,룬시아,,,,,2sp,전독시,가비지타임 내스급 데못죽,,,중혁X독자,,,,,https://dongne.co/events/df2409/circles/130564,제27회 디. 페스타(토),Day1
냉장고 ,"하임, PiCA, 후와, 96",,,,,4sp,하이큐,,SUN SHINE SHOYO 2,히나타 쇼요,,로맨틱,,"만화,일러스트","iced_chocohaim, gmlwls2612, huwamoja, 9696ggss",https://dongne.co/events/df2409/circles/131150,제27회 디. 페스타(토),Day1
스프와 빵,스프,,,,,1sp,,,,,,,,일러스트,soup_and_bread,https://dongne.co/events/df2409/circles/131108,제27회 디. 페스타(토),Day1
한오백 명,"엠알, 소남송",,,,,4sp,화산귀환,,,,백천X청명,"로맨틱,섹슈얼",조걸x윤종,"만화,공예",mrxxxemaru,https://dongne.co/events/df2409/circles/131727,제27회 디. 페스타(토),Day1
중요한 건 지지 않는 가슴,"마요, 율",,,,,2sp,무기미도,"화산귀환,무기미도",,"당보,청명,무기미도 군단",당보X청명,"로맨틱,섹슈얼","조야X국장, 라후X샬롤",,,https://dongne.co/events/df2409/circles/132081,제27회 디. 페스타(토),Day1
우리의 세 시에는 늘 무지개가 뜬다,령관,,,,,2sp,니지산지,데뷔 못 하면 죽는 병 걸림,,,,,,"일러스트,공예",LYGW_27,https://dongne.co/events/df2409/circles/132003,제27회 디. 페스타(토),Day1
도비의 비 정상영업,티라,,,,,2sp,도쿄리벤저스,원신.아이나나,,,,,,,TIRA_O2,https://dongne.co/events/df2409/circles/131786,제27회 디. 페스타(토),Day1
개손해 부스,네번째 쩨리,,,,,2sp,"가비지 타임,앙스타","흡혈귀는 툭하면 죽는다,aknk",,기상호,,해당없음,"상뱅, 쿠로케이, 레이케이",만화,OoO_Jelly,https://dongne.co/events/df2409/circles/132900,제27회 디. 페스타(토),Day1
너구리 농장,맹꽁,,,,,2sp,프로젝트 세카이,,,,후루야 레이X쿠도 신이치,해당없음,후루야 왼,일러스트,avcadoandpotato,https://dongne.co/events/df2409/circles/130475,제27회 디. 페스타(토),Day1
늑대와 미녀,"줌마, 양갱",,,,,2sp,가비지타임,,,"지상고,원중고",,,,"만화,일러스트","realhamstar, SSSdidrod",https://dongne.co/events/df2409/circles/132315,제27회 디. 페스타(토),Day1
독후감 필기,"화기자, 연필",,,,,2sp,화산귀환,"데못죽,내스급",,,당보X청명,"로맨틱,해당없음",,"만화,일러스트",HS_gija,https://dongne.co/events/df2409/circles/130851,제27회 디. 페스타(토),Day1
맛있는 강정,도화,,,,,1sp,회색도시2,역전재판,,강재인,강재인X정은창,"로맨틱,섹슈얼",,"만화,소설",,https://dongne.co/events/df2409/circles/130618,제27회 디. 페스타(토),Day1
문대를 문대,옹야,,,,,1sp,데뷔못하면죽는병걸림,,,"박문대,선아현",,,,,,https://dongne.co/events/df2409/circles/131580,제27회 디. 페스타(토),Day1
백수네 식탁,하윤,,,,,1sp,앙상블스타즈,,,"미카,슈",미카X슈,로맨틱,,"소설,만화",habeksu,https://dongne.co/events/df2409/circles/131238,제27회 디. 페스타(토),Day1
부부의 생활,광인,,,,,1sp,스파이 패밀리,,스파이패밀리 쁘띠존-MISSION: 오퍼레이션<쁘띠존>을 완수하라,"로이드 포저,요르 포저",로이드X요르,"로맨틱,섹슈얼",,만화,,https://dongne.co/events/df2409/circles/130752,제27회 디. 페스타(토),Day1
와인에 치즈,우설,,,,,1sp,마블코믹스,,,"스티브 로저스,토니 스타크",스티브 로저스X토니 스타크,"로맨틱,섹슈얼",,"만화,소설,일러스트",_ussul,https://dongne.co/events/df2409/circles/130848,제27회 디. 페스타(토),Day1
유니콘 레어,,,,,,1sp,하이큐,,SUN SHINE SHOYO 2,히나타,,로맨틱,,"일러스트,만화",,https://dongne.co/events/df2409/circles/131713,제27회 디. 페스타(토),Day1
잡덕의 최후,스댕 쌈,,,,,1sp,이세계 착각 헌터,"가비지타임,슬램덩크,동경과 거짓말",『착헌민국 헌터협회 본부』- 이세계 착각 헌터 통합 쁘띠존,김기려,강창호,로맨틱,"영중준수, 대협태웅, 에델비올","만화,일러스트",,https://dongne.co/events/df2409/circles/132365,제27회 디. 페스타(토),Day1
잡덕의 폐혜,水,,,,,1sp,슬램덩크,게게게의 수수께끼,,강백호,서태웅X강백호,"로맨틱,섹슈얼",,"만화,일러스트,소설",lllo_1110_,https://dongne.co/events/df2409/circles/130712,제27회 디. 페스타(토),Day1
진통제 약국,진통제,,,,,2sp,슬램덩크,,,송태섭 이명헌 NCP,이명헌X송태섭,로맨틱,,만화,pls_painkiller,https://dongne.co/events/df2409/circles/131081,제27회 디. 페스타(토),Day1
파도에 서린 빛,파도,,,,,2sp,트라이건,,,,,,,,tri_iustitia,https://dongne.co/events/df2409/circles/130736,제27회 디. 페스타(토),Day1
사형의 수제 발 털개,가례도감,,,,,1sp,화산귀환,,,,,,,소설,,https://dongne.co/events/df2409/circles/132305,제27회 디. 페스타(토),Day1
외계인 침공 시 음악 안 하는 사람이 먼저 잡아먹힌다,WAGO,,,,,2sp,from ARGONAVIS,"아이돌리쉬세븐,FINALFANTASY XIV",슬기로운 로디생활! 프롬 아르고나비스 쁘띠존,"미츠루기 코하루,쿠스노키 다이몬,아씨엔 파다니엘,헤르메스",다이X코하,"로맨틱,해당없음",카나하루,일러스트,WAGO_00,https://dongne.co/events/df2409/circles/132575,제27회 디. 페스타(토),Day1
캄란을 적신 백 명의 기사들,호소,,,,,2sp,"FGO,Fate",,【時空合同著錄】 페이트 통합 쁘띠존: Destination of Last Order,원탁,트리스탄X베디비어,,아르토리아 펜드래건X모르간 르 페이(범인류사),"만화,일러스트",H0SO_,https://dongne.co/events/df2409/circles/132014,제27회 디. 페스타(토),Day1
왕좌에 앉는 건 보쿠다!,멍,,,,,2sp,프롬 아르고나비스,,슬기로운 로디생활! 프롬 아르고나비스 쁘띠존,"입실론파이,쿠로카와 토모루,아케보노 료",우지가와 슈X카라스마 레이지,로맨틱,"입실론파이논컾,료카나,타다토모","만화,일러스트",shuzzang_nunaya,https://dongne.co/events/df2409/circles/130947,제27회 디. 페스타(토),Day1
유니콘 빵떡 공장,칸조,,,,,2sp,카리스마,파이어 엠블렘 풍화설월,,,,,,,,https://dongne.co/events/df2409/circles/131944,제27회 디. 페스타(토),Day1
이세계 욕규 발산,"규억, 욕실",,,,,1sp,이세계 착각 헌터,,『착헌민국 헌터협회 본부』- 이세계 착각 헌터 통합 쁘띠존,김기려,,,,일러스트,"gyuoik, OIK_YORKSIL",https://dongne.co/events/df2409/circles/132895,제27회 디. 페스타(토),Day1
준수야 나야 쟤야,올리,,,,,1sp,다이아몬드에이스,"가비지타임,아이돌리쉬세븐",,사와무라 에이쥰,,로맨틱,,,redhairW_nyum,https://dongne.co/events/df2409/circles/132106,제27회 디. 페스타(토),Day1
집단적 독백 부스,MAGO,,,,,2sp,1차창작,"포켓몬스터,가비지타임,프로젝트 세카이 등",,,,,,"만화,일러스트,기타",MAGOPIZZA,https://dongne.co/events/df2409/circles/131093,제27회 디. 페스타(토),Day1
준영아 우리 아까 밥 먹었잖아,로즈우드,,,,,2sp,명탐정 코난,,,"아카이슈이치,아무로토오루",아카이슈이치X아무로토오루,"로맨틱,섹슈얼",,,,https://dongne.co/events/df2409/circles/130519,제27회 디. 페스타(토),Day1
외계인 부스 침공 사건,"꿍쫙, 쮜",,,,,2sp,이세계 착각 헌터,"데못죽,망각 배터리",『착헌민국 헌터협회 본부』- 이세계 착각 헌터 통합 쁘띠존,김기려 외 등장인물,정하성X김기려,로맨틱,,일러스트,"ggung__zz, D8latte",https://dongne.co/events/df2409/circles/132055,제27회 디. 페스타(토),Day1
버츄얼 농놀 아이돌,"김브로콜리, 박영걸, 오츠카",,,,,1sp,플레이브,"가비지타임,슬램덩크",,플레이브 전멤버 및 예준 (ncp),고상언X최종수,해당없음,윤대협x서태웅(센루),기타,,https://dongne.co/events/df2409/circles/132279,제27회 디. 페스타(토),Day1
신비한 장르 연구회,J,,,,,1sp,"콜 오브 듀티,마블,슬램덩크 등",,,,,,,,4tleastoneforU,https://dongne.co/events/df2409/circles/131252,제27회 디. 페스타(토),Day1
세상에 나쁜 탱댐은 없다,도나쓰,,,,,2sp,슬램덩크,,,"서태웅,정대만",서태웅X정대만,"로맨틱,섹슈얼",,"소설,기타",L0veiscurse,https://dongne.co/events/df2409/circles/131545,제27회 디. 페스타(토),Day1
이번이 진짜 마지막_최종,하현,,,,,1sp,가비지타임,,,"성준수,기상호",성준수X기상호,로맨틱,,소설,hotclare0987,https://dongne.co/events/df2409/circles/131123,제27회 디. 페스타(토),Day1
네임텍 파는 구멍가게,D ,,,,,1sp,이세계 착각 헌터,,『착헌민국 헌터협회 본부』- 이세계 착각 헌터 통합 쁘띠존,김기려,,,,공예,,https://dongne.co/events/df2409/circles/131589,제27회 디. 페스타(토),Day1
처음엔 같은 장르였습니다,"진안노, 인절미박사, 우메",,,,,2sp,키타로탄생게게게의수수께끼,"트라이건,포켓몬스터,18trip",,,,,,,,https://dongne.co/events/df2409/circles/130774,제27회 디. 페스타(토),Day1
호백이 좋아!,칸데타,,,,,1sp,슬램덩크,,,양호열,양호열X강백호,"로맨틱,섹슈얼",,"만화,일러스트",kandeta_basket,https://dongne.co/events/df2409/circles/131050,제27회 디. 페스타(토),Day1
나쁜개 좋은개,"산티, 은율",,,,,2sp,프로젝트 세카이,"블랙배저,마도조사",,"아오야기 토우야,시노노메 아키토",아오야기 토우야X시노노메 아키토,로맨틱,망기무선,"일러스트,만화","Santi_mallang, honey_lyle",https://dongne.co/events/df2409/circles/132689,제27회 디. 페스타(토),Day1
도사네 전당포,chelsea1023,,,,,1sp,화산귀환,,,"청명,청문",,,,만화,dodukgyeong1023,https://dongne.co/events/df2409/circles/131245,제27회 디. 페스타(토),Day1
리탄트 대사관,미상,,,,,1sp,풍화설월 파이어엠블렘,카모카테(관을 가진 신의 손),,,,,,"만화,일러스트,소설",hoji_888,https://dongne.co/events/df2409/circles/132743,제27회 디. 페스타(토),Day1
맛잘알 상대함,힝,,,,,2sp,,,,,,,,만화,,https://dongne.co/events/df2409/circles/131090,제27회 디. 페스타(토),Day1
상남자 전문가,"얌얌굿, 굴",,,,,2sp,용기폭발뱅브레이번,"로드 오브 히어로즈,원피스",,"아오 이사미,루이스 스미스",루이스 스미스X아오 이사미,"섹슈얼,로맨틱",로드온달,만화,yamyam9006,https://dongne.co/events/df2409/circles/131653,제27회 디. 페스타(토),Day1
수상한 짬뽕집,식빵,,,,,2sp,.,.,,,,,,"일러스트,만화",dod__SS,https://dongne.co/events/df2409/circles/131964,제27회 디. 페스타(토),Day1
스위트 오렌지,Dou,,,,,1sp,슬램덩크,,,대만,,,,공예,xcz__ff10,https://dongne.co/events/df2409/circles/132281,제27회 디. 페스타(토),Day1
심해의 어바등,로스로스,,,,,1sp,어두운 바다의 등불이 되어,,,올 캐릭터,,해당없음,,,,https://dongne.co/events/df2409/circles/132504,제27회 디. 페스타(토),Day1
어쩌고 잡화점,담요,,,,,2sp,슬램덩크,바나나피시,,,,,,일러스트,Damyo_812,https://dongne.co/events/df2409/circles/131563,제27회 디. 페스타(토),Day1
얼결에 열었다,"라임,댜미",,,,,2sp,앙상블 스타즈!! Music,x,,"언데드,에덴,스위치,피네",레이X카오루,로맨틱,"히요쥰, 유즈이바, 츠무나츠","기타,일러스트",,https://dongne.co/events/df2409/circles/132816,제27회 디. 페스타(토),Day1
음악에 취한다,힠이,,,,,2sp,아이돌리쉬 세븐,"카리스마,프로세카,니지산지,킹프리,걸밴크",,,,,,,,https://dongne.co/events/df2409/circles/131736,제27회 디. 페스타(토),Day1
인리가 너무해,런트,,,,,1sp,페이트/그랜드 오더,,【時空合同著錄】 페이트 통합 쁘띠존: Destination of Last Order,,,로맨틱,,소설,TTairunt,https://dongne.co/events/df2409/circles/132841,제27회 디. 페스타(토),Day1
젤리클 전문점,플레인요거트,,,,,2sp,뉴카니발,전지적독자시점,,,단테X에이트,로맨틱,중혁독자,만화,waomlette,https://dongne.co/events/df2409/circles/131099,제27회 디. 페스타(토),Day1
트건대 밧울과,"펠멜, 타라몬",,,,,2sp,트라이건,혈계전선,,"밧슈 더 스탬피드,니콜라스 D. 울프우드",밧슈 더 스탬피드X니콜라스 D. 울프우드,"로맨틱,섹슈얼",,소설,plml__,https://dongne.co/events/df2409/circles/130798,제27회 디. 페스타(토),Day1
인류는 총놀을 할 때 가장 아름답다,로뚜,,,,,1sp,트라이건,,,"밧슈,울프우드",밧슈 더 스탬피드X니콜라스 D. 울프우드,,,"소설,일러스트",vashwolwoowoo,https://dongne.co/events/df2409/circles/131127,제27회 디. 페스타(토),Day1
주인공 옆에서 늘 함께하던 소꿉친구와의 해피엔딩은 최고의 명작 클리셰다,"낑깡,무짝",,,,,2sp,가비지타임,,,"기상호,정희찬",,"로맨틱,섹슈얼","성준수x진재유, 공태성x서은재","만화,일러스트,기타",sandokkang,https://dongne.co/events/df2409/circles/131410,제27회 디. 페스타(토),Day1
부스를 낸다는 착각,"먼키친, 기개치",,,,,2sp,이세계 착각 헌터,,『착헌민국 헌터협회 본부』- 이세계 착각 헌터 통합 쁘띠존,김기려,,,,"만화,일러스트","meow__web, gisim1ma",https://dongne.co/events/df2409/circles/131835,제27회 디. 페스타(토),Day1
퇴사가 물건너 갔음,도치,,,,,1sp,명문고ex급 조연의 리플레이,,,,큰세진X박문대,로맨틱,호열백호,"소설,만화",__stoneheart_,https://dongne.co/events/df2409/circles/131433,제27회 디. 페스타(토),Day1
우리네 가슴엔 꿈도 많다,이지,,,,,2sp,화산귀환,,,청명소소,,"로맨틱,섹슈얼",조걸윤종,"만화,소설",,https://dongne.co/events/df2409/circles/131943,제27회 디. 페스타(토),Day1
중원의 도리가 땅에 박혔다 ,매실,,,,,2sp,화산귀환,,,,,,,,sweetblue1010,https://dongne.co/events/df2409/circles/131688,제27회 디. 페스타(토),Day1
도사가 이래도 되는 것이오?,화,,,,,2sp,화산귀환,,,청명,,"해당없음,로맨틱",,,byugging_,https://dongne.co/events/df2409/circles/131618,제27회 디. 페스타(토),Day1
이상한 나라의 잡화점,김피즈,,,,,2sp,,,,,,,,,pheezniverse,https://dongne.co/events/df2409/circles/132142,제27회 디. 페스타(토),Day1
지고천 연구소 양재점,홍동,,,,,1sp,세포신곡,,,,,,,,hdong_st,https://dongne.co/events/df2409/circles/131860,제27회 디. 페스타(토),Day1
언젠가 네게도 밧울할 날이 온다,"poe, 자루",,,,,2sp,트라이건,,,,밧슈X울프우드,로맨틱,,,"poepeo, trytrigunanddie",https://dongne.co/events/df2409/circles/131931,제27회 디. 페스타(토),Day1
최강의 적이자 최강의 아군 그리고 최강의 부부,도라,,,,,1sp,하이큐,,SUN SHINE SHOYO 2,,카게야마 토비오X히나타 쇼오,,,소설,dr__HQ,https://dongne.co/events/df2409/circles/132044,제27회 디. 페스타(토),Day1
사람은 넷인데 장르는 스무개,"준악, 닝노",,,,,2sp,가비지타임,"아이돌리쉬 세븐,프로젝트 세카이",,"전영중,성준수",전영중X성준수,로맨틱,"토라토우, 나기미나, 아키토우","일러스트,소설",,https://dongne.co/events/df2409/circles/131554,제27회 디. 페스타(토),Day1
화산에 귀환한 캐럿의 혼잣말 타임,올런,,,,,2sp,화산귀환,"세븐틴,약사의 혼잣말,가비지타임",,청명,백천X청명,로맨틱,"진시마오, 준수재유",만화,2D_OlEn,https://dongne.co/events/df2409/circles/130616,제27회 디. 페스타(토),Day1
오늘은 기분이 좋으니 디페로 간다!,74NYU,,,,,1sp,천관사복,,,"사련,화성",화성X사련,"섹슈얼,로맨틱",,소설,74NYU,https://dongne.co/events/df2409/circles/131800,제27회 디. 페스타(토),Day1
위선도 선이고 붓츠부스도 부스다,NONNOR,,,,,1sp,슬램덩크,,,,,로맨틱,,일러스트,non9_nol2,https://dongne.co/events/df2409/circles/132259,제27회 디. 페스타(토),Day1
신비한 카무이&밥,"연기, 키쿠 ",,,,,2sp,"신비한 별의 쌍둥이 공주,던전밥,골든카무이",,,"레인,쉐이드,라이오스,마르실,당보,당잔",쉐이드X레인,로맨틱,,"만화,일러스트","tlfpdl_sa, kikikuku1213",https://dongne.co/events/df2409/circles/132904,제27회 디. 페스타(토),Day1
고게를 끄덕였다,뀨,,,,,2sp,주술회전,슬램덩크,,"고죠,게토,윤대협,서태웅",,,,"일러스트,공예,기타",mangmu_lover,https://dongne.co/events/df2409/circles/131640,제27회 디. 페스타(토),Day1
그렇게 됐습니다,"독구, 새",,,,,1sp,데뷔 못하면 죽는 병 걸림,,,박문대,차유진X박문대,로맨틱,문대른,만화,,https://dongne.co/events/df2409/circles/132054,제27회 디. 페스타(토),Day1
달콤한 일러스트,iamyunji,,,,,2sp,모모찌,,,모모찌,,,,일러스트,iamyunji,https://dongne.co/events/df2409/circles/131259,제27회 디. 페스타(토),Day1
도토리 만물상점,무쿠무나,,,,,2sp,,,,,,,,일러스트,Mucu_muna,https://dongne.co/events/df2409/circles/131945,제27회 디. 페스타(토),Day1
도토리 팬케이크,올리,,,,,2sp,명일방주,"프로젝트 세카이,리버스1999,트라이건,마마마,지옥락,오리지널",,,,,,,,https://dongne.co/events/df2409/circles/130700,제27회 디. 페스타(토),Day1
딸기맛 태웅대만,챌리스,,,,,2sp,슬램덩크,,,서태웅 정대만,서태웅X정대만,"섹슈얼,로맨틱",,"만화,일러스트,소설",chrs_1234567890,https://dongne.co/events/df2409/circles/131553,제27회 디. 페스타(토),Day1
밧슈네 도넛가게,젠,,,,,2sp,트라이건,-,,,나이브스X밧슈,섹슈얼,,"만화,일러스트,소설",jen_3580,https://dongne.co/events/df2409/circles/132537,제27회 디. 페스타(토),Day1
브리튼 직행열차,"백, 작",,,,,2sp,페이트/그랜드 오더,로드 엘멜로이 2세의 사건부 (+레일 체펠린),【時空合同著錄】 페이트 통합 쁘띠존: Destination of Last Order,"로마니 아키만,원탁",구다즈X마슈,,,"일러스트,기타,만화",,https://dongne.co/events/df2409/circles/132291,제27회 디. 페스타(토),Day1
쌍벽의 마리아주,에쿠,,,,,1sp,프롬 아르고나비스,,슬기로운 로디생활! 프롬 아르고나비스 쁘띠존,팬텀이리스,쿠로카와 토모루X스자키 쥰,해당없음,,기타,_damoa_s,https://dongne.co/events/df2409/circles/132666,제27회 디. 페스타(토),Day1
영등등 말랑지부,하아게,,,,,2sp,모브사이코 100,,,,,,,,Haaagea,https://dongne.co/events/df2409/circles/132175,제27회 디. 페스타(토),Day1
예술로 승화하기,원딜짤짤이,,,,,2sp,죠죠의 기묘한 모험,,,카쿄인 노리아키,쿠죠 죠타로X카쿄인 노리아키,해당없음,,,gusyam12,https://dongne.co/events/df2409/circles/132087,제27회 디. 페스타(토),Day1
외딴섬 츠카레오,"나자, 동풍",,,,,2sp,앙상블스타즈,,,"스오우 츠카사,츠키나가 레오",스오우 츠카사X츠키나가 레오,"로맨틱,섹슈얼",,,pung_av,https://dongne.co/events/df2409/circles/130467,제27회 디. 페스타(토),Day1
인놀도 창작이다,설탕,,,,,2sp,스파이패밀리,,스파이패밀리 쁘띠존-MISSION: 오퍼레이션<쁘띠존>을 완수하라,아냐 포저,,,,"공예,기타,일러스트,사진",suger_doll_,https://dongne.co/events/df2409/circles/131732,제27회 디. 페스타(토),Day1
파르페 부대찌개,츠루비,,,,,1sp,앙상블 스타즈,,,Knights,스오우 츠카사X츠키나가 레오,로맨틱,,,tsurubi_v,https://dongne.co/events/df2409/circles/132030,제27회 디. 페스타(토),Day1
아무튼 농놀하는 부스,한결,,,,,2sp,슬램덩크,,,,이명헌X정우성,,,"만화,소설,공예",under6feets,https://dongne.co/events/df2409/circles/132724,제27회 디. 페스타(토),Day1
장르는 달라져도 우정은 그대로,아렌티,,,,,2sp,"아이나나,명일방주,스타레일",FF14,,,오오사카 소고X요츠바 타마키,해당없음,,"일러스트,소설,공예",TEA_FOP,https://dongne.co/events/df2409/circles/131215,제27회 디. 페스타(토),Day1
카레를 초콜릿에 넣으면 맛있대,"평붓, 서리",,,,,2sp,from 아르고나비스,,슬기로운 로디생활! 프롬 아르고나비스 쁘띠존,,키쿄 리오X마토바 와타루,로맨틱,"사토마토(ncp), 렌나유, 린류, 슈레이지","일러스트,만화","flat_brush_argn, HXmwtx",https://dongne.co/events/df2409/circles/132196,제27회 디. 페스타(토),Day1
최애왼 고정충의 피땀눈물,호끼,,,,,1sp,어두운 바다의 등불이 되어,"엘소드,영화 탈주",,"서지혁,신해량,애드,레이븐,임규남,리현상",서지혁X신해량,"로맨틱,섹슈얼","애드레븐, 재희무현, 규남현상","소설,만화,일러스트,공예,기타",H_okki,https://dongne.co/events/df2409/circles/132698,제27회 디. 페스타(토),Day1
히나타 남편찾기 프로젝트,"치파,히썬",,,,,2sp,하이큐,,SUN SHINE SHOYO 2,히나타쇼요,미야아츠무X히나타쇼요,로맨틱,히나른,"일러스트,소설","chipaching_, hissun819",https://dongne.co/events/df2409/circles/131629,제27회 디. 페스타(토),Day1
어서와 프랑스는 처음이지?,어제,,,,,1sp,페이트/그랜드 오더,,【時空合同著錄】 페이트 통합 쁘띠존: Destination of Last Order,"마리 앙뚜아네트,잔다르크,주인공,아마데우스",아마데우스X마리 앙뚜아네트,"로맨틱,해당없음",,"만화,일러스트",Yesterday_223,https://dongne.co/events/df2409/circles/131811,제27회 디. 페스타(토),Day1
땅파면 성정석이 나올까요?!,망고밍,,,,,2sp,페이트,.,【時空合同著錄】 페이트 통합 쁘띠존: Destination of Last Order,,,,,"소설,일러스트,기타",go_sts_mg,https://dongne.co/events/df2409/circles/132121,제27회 디. 페스타(토),Day1
기심체 먹이상자 정상영업(예정),"꿈소원, 박G",,,,,2sp,이세계 착각 헌터,,『착헌민국 헌터협회 본부』- 이세계 착각 헌터 통합 쁘띠존,"김기려,정하성 외 등장인물",정하성X김기려,해당없음,,일러스트,"special_DD1, park_G_9",https://dongne.co/events/df2409/circles/132377,제27회 디. 페스타(토),Day1
어디서 서민계야? 네 작살 미모 내겐 안 통해,초록,,,,,2sp,스파이패밀리,,스파이패밀리 쁘띠존-MISSION: 오퍼레이션<쁘띠존>을 완수하라,,다미안X아냐,로맨틱,로이요르,만화,dais_yy00,https://dongne.co/events/df2409/circles/132328,제27회 디. 페스타(토),Day1
딜러를 죽이는건...탱커를 위한 통과 의례지.,미친 잡초,,,,,2sp,사이퍼즈,사이퍼즈,,"제키엘,스텔라",위도우메이커X트레이서,해당없음,all,"만화,일러스트,소설",Guranjok,https://dongne.co/events/df2409/circles/132880,제27회 디. 페스타(토),Day1
고게로 회귀합니다,사,,,,,1sp,주술회전,,,"고죠 사토루,게토 스구루",고죠 사토루X게토 스구루,로맨틱,,"만화,일러스트",gnlr_572,https://dongne.co/events/df2409/circles/132677,제27회 디. 페스타(토),Day1
니모는 로큰롤이야,합다,,,,,2sp,걸즈밴드크라이,우마무스메,,"카와라기 모모카,토카이 테이오",이세리 니나X카와라기 모모카,"로맨틱,섹슈얼","테이맥테이, 니나모모","만화,일러스트",habsida_hpy,https://dongne.co/events/df2409/circles/131424,제27회 디. 페스타(토),Day1
버뮤다 다장르지대,마댠,,,,,2sp,전독시,화산귀환,,김독자,,,,"일러스트,만화",ma_vayd,https://dongne.co/events/df2409/circles/132018,제27회 디. 페스타(토),Day1
간식은 시루코샌드 ,"티량,나츠",,,,,2sp,From Argonavis,,슬기로운 로디생활! 프롬 아르고나비스 쁘띠존,팬텀이리스 외,미츠루기 코하루X쿠스노키 다이몬,로맨틱,"토모쥰, 랜덤","만화,기타",,https://dongne.co/events/df2409/circles/132834,제27회 디. 페스타(토),Day1
복도에 멈춰계시지 마시고 계속 움직여주세요.,쵸코하임,,,,,1sp,,,,,,,,,,https://dongne.co/events/df2409/circles/132232,제27회 디. 페스타(토),Day1
금일은 전투마감을 실시한다,헤츠,,,,,1sp,from ARGONAVIS,,슬기로운 로디생활! 프롬 아르고나비스 쁘띠존,"나나호시 렌,아사히 나유타",나나호시 렌X아사히 나유타,로맨틱,,"일러스트,만화",,https://dongne.co/events/df2409/circles/132865,제27회 디. 페스타(토),Day1
왼쪽은 창호기려고 오른쪽은 기려창호고 가운데는 돼지기심체입니다,"엘모기심체, DN, 앋, 령",,,,,4sp,이세계 착각 헌터,,『착헌민국 헌터협회 본부』- 이세계 착각 헌터 통합 쁘띠존,김기려,,"로맨틱,섹슈얼","창호기려, 기려창호","만화,일러스트,소설,공예,기타","dlckrgjs_1515, DIN02AUR, AA_D____, z48o__",https://dongne.co/events/df2409/circles/132785,제27회 디. 페스타(토),Day1
헤테로 좋아하세요?,햄햄댜,,,,,2sp,슬램덩크,"파이어엠블렘,풍화설월",,강백호,강백호X채소연,로맨틱,"대만아라, 실뱅잉그",만화,arrrra_is_right,https://dongne.co/events/df2409/circles/132194,제27회 디. 페스타(토),Day1
꽥은이 망극하나이다,"꽥, 하나이",,,,,2sp,가비지타임,윈브레 슬램덩크 데못죽 하이큐,,,,,,,,https://dongne.co/events/df2409/circles/131975,제27회 디. 페스타(토),Day1
덴시티 행복복지센터,ㅁㄴㅇㄹ,,,,,1sp,유희왕 VRAINS,,,후지키 유사쿠,,로맨틱,,,yugioh_yol,https://dongne.co/events/df2409/circles/132314,제27회 디. 페스타(토),Day1
어둠의 녹색어머니회,미스틱,,,,,2sp,슬램덩크,,,김수겸,성현준X김수겸,"로맨틱,섹슈얼",,만화,noye_mystic,https://dongne.co/events/df2409/circles/132191,제27회 디. 페스타(토),Day1
"오케이, 부스 낼게요",소댜,,,,,2sp,슬램덩크,사이퍼즈 로오히,,송태섭,,,,"기타,공예",fhiyr17,https://dongne.co/events/df2409/circles/131399,제27회 디. 페스타(토),Day1
시엘로&마레 잡화점,akisage,,,,,1sp,,,,,,,,,yuraseon00,https://dongne.co/events/df2409/circles/131229,제27회 디. 페스타(토),Day1
정육점+해바라기환상,냘키,,,,,2sp,가비지타임,,,"최종수,기상호",,섹슈얼,,만화,nya_sadam21,https://dongne.co/events/df2409/circles/130460,제27회 디. 페스타(토),Day1
가보자고,애플민트,,,,,2sp,윈브레(윈드브레이커),"하이큐,데못죽",,,,,,,apple_min_t_,https://dongne.co/events/df2409/circles/131084,제27회 디. 페스타(토),Day1
가보자구,쟈몽,,,,,1sp,데못죽,,,,,,,,,https://dongne.co/events/df2409/circles/132051,제27회 디. 페스타(토),Day1
각자도생,고도,,,,,2sp,"용과같이,페이트 사무라이 렘넌트",,,"시시도 코세이,츠루노 유키,미야모토 이오리,세이버(영월의식)",,"로맨틱,섹슈얼,해당없음",,"만화,일러스트",En_A_godot,https://dongne.co/events/df2409/circles/132342,제27회 디. 페스타(토),Day1
각자도생,시루떡,,,,,1sp,,,,,,,,,,https://dongne.co/events/df2409/circles/130470,제27회 디. 페스타(토),Day1
개굴상점,개구리,,,,,1sp,,,,,,,,,geguri_store,https://dongne.co/events/df2409/circles/131622,제27회 디. 페스타(토),Day1
겨울새벽,지니,,,,,1sp,,,,,,,,"만화,일러스트",jinny_0611,https://dongne.co/events/df2409/circles/131450,제27회 디. 페스타(토),Day1
고게랜드,"오탑, 라라",,,,,2sp,주술회전,,,"고죠 사토루,게토 스구루",고죠 사토루X게토 스구루,로맨틱,,"만화,일러스트","otav_572, goge_lara572",https://dongne.co/events/df2409/circles/131185,제27회 디. 페스타(토),Day1
고추푸딩,mukbab,,,,,2sp,아이돌리쉬 세븐,우마무스메,,"오사카 소고,요츠바 타마키",,로맨틱,모모유키,,,https://dongne.co/events/df2409/circles/131577,제27회 디. 페스타(토),Day1
교자명가,만두대왕,,,,,1sp,닌타마 란타로,,,,,,,,,https://dongne.co/events/df2409/circles/130517,제27회 디. 페스타(토),Day1
국지재해,모카,,,,,2sp,트라이건,,,"울프우드,밧슈",울프우드X밧슈,"로맨틱,섹슈얼",,"만화,소설",cmslash,https://dongne.co/events/df2409/circles/130923,제27회 디. 페스타(토),Day1
꾸꾸까까,치키,,,,,2sp,,,,,,,,만화,chiki_maki,https://dongne.co/events/df2409/circles/130435,제27회 디. 페스타(토),Day1
꾸메드림,지벨,,,,,2sp,슬램덩크,볼트론,,강백호 양호열,양호열X강백호,"로맨틱,섹슈얼",키스시로,소설,04070303,https://dongne.co/events/df2409/circles/130484,제27회 디. 페스타(토),Day1
냠냠부스,아루,,,,,1sp,,,,,,,,,,https://dongne.co/events/df2409/circles/131393,제27회 디. 페스타(토),Day1
냥이모찌,만두냥이,,,,,2sp,"주술회전,스파이패밀리","나의 히어로아카데미아,산나비",,,,,,"만화,일러스트",cats_mandu,https://dongne.co/events/df2409/circles/132223,제27회 디. 페스타(토),Day1
네코마마,"레이카, 마키시, 시에",,,,,4sp,데뷔 못 하면 죽는 병 걸림,"화산귀환,광마회귀,블랙배저",,박문대 (오른쪽),,,,,"rayca01, makisi17, sye51244kk, nekomoms",https://dongne.co/events/df2409/circles/130488,제27회 디. 페스타(토),Day1
농구조아,부이,,,,,1sp,가비지타임,,,이현성,,,,일러스트,gongtae1224,https://dongne.co/events/df2409/circles/131211,제27회 디. 페스타(토),Day1
농구해라,가보자고,,,,,2sp,가비지타임,,,"기상호,정희찬",기상호X정희찬,"로맨틱,섹슈얼",준수재유,만화,_ilikEit_E3_,https://dongne.co/events/df2409/circles/130735,제27회 디. 페스타(토),Day1
담장아래,담장아래,,,,,2sp,1차 창작 일러스트,,,,,,,일러스트,alae_damjang,https://dongne.co/events/df2409/circles/131614,제27회 디. 페스타(토),Day1
댄싱래빗,댄싱래빗,,,,,2sp,,,,,,,,,oyo_atelier,https://dongne.co/events/df2409/circles/131296,제27회 디. 페스타(토),Day1
두근두근,루,,,,,2sp,은혼,"오란고교 사교클럽,슬램덩크",,1차,,,,"만화,일러스트",ruuuu_ho,https://dongne.co/events/df2409/circles/132185,제27회 디. 페스타(토),Day1
두다다다,두두,,,,,2sp,앙상블스타즈!,플레이브,,,,,,,,https://dongne.co/events/df2409/circles/131660,제27회 디. 페스타(토),Day1
두부그림,두부,,,,,1sp,오리지널,"봇치더락,블루아카이브",,,,,,일러스트,dooboo200,https://dongne.co/events/df2409/circles/131801,제27회 디. 페스타(토),Day1
뒹굴뒹굴,돕돕돕,,,,,2sp,슬램덩크,"던전밥,스파이더맨",,,,,,,,https://dongne.co/events/df2409/circles/132257,제27회 디. 페스타(토),Day1
레위네집,레위,,,,,1sp,로드오브히어로즈,그판세,,,,,,일러스트,rewee_90,https://dongne.co/events/df2409/circles/132741,제27회 디. 페스타(토),Day1
리겜중독,람차,,,,,1sp,프로젝트 세카이 (프로세카),아이돌리쉬 세븐 (아이나나),,"텐마 츠카사,쿠사나기 네네",텐마 츠카사X쿠사나기 네네,"로맨틱,섹슈얼",,"만화,기타",,https://dongne.co/events/df2409/circles/131658,제27회 디. 페스타(토),Day1
마감이다,"포롱, 공뇽",,,,,2sp,가비지 타임,,,기상호,성준수X기상호,로맨틱,,"소설,만화",,https://dongne.co/events/df2409/circles/131151,제27회 디. 페스타(토),Day1
만쥬가게,만쥬,,,,,2sp,슬램덩크,,,윤대협 서태웅,윤대협X서태웅,"로맨틱,섹슈얼",,"일러스트,만화",br_0522_,https://dongne.co/events/df2409/circles/131345,제27회 디. 페스타(토),Day1
묘크림빵,도묘,,,,,2sp,프로젝트 세카이,포켓몬스터,,"아즈사와 코하네,시라이시 안,Vivid BAD SQUAD",,,,일러스트,m_2__o,https://dongne.co/events/df2409/circles/131927,제27회 디. 페스타(토),Day1
무릉도원,벽도랑,,,,,1sp,진혼기,"반월당,화산귀환,광마회귀",,,자하X설영,"로맨틱,섹슈얼",,"만화,일러스트,소설",byeokdolang,https://dongne.co/events/df2409/circles/131039,제27회 디. 페스타(토),Day1
미아미아,미아,,,,,2sp,사카데이 윈드브레이커,,,,,,,,mmmiaa,https://dongne.co/events/df2409/circles/130544,제27회 디. 페스타(토),Day1
바리공방,바리공방,,,,,1sp,프롬 아르고나비스,수공예,슬기로운 로디생활! 프롬 아르고나비스 쁘띠존,,,,,"공예,기타,조형",varibari_,https://dongne.co/events/df2409/circles/131952,제27회 디. 페스타(토),Day1
반스웍스,blueeldin,,,,,2sp,,,,,,,,게임,bans_works,https://dongne.co/events/df2409/circles/131205,제27회 디. 페스타(토),Day1
밥풀떼기,주먹밥씨,,,,,2sp,가비지타임,,,기상호,,,,"일러스트,만화",joomukbab,https://dongne.co/events/df2409/circles/130900,제27회 디. 페스타(토),Day1
버섯왕국,"아지트, 라라뿡, 모냐, 휘월",,,,,2sp,프로젝트 세카이 (프세카),"전지적독자시점(전독시),데뷔못하면죽는병걸림 (데못죽),아이돌리쉬세븐 (아이나나)",,,카미시로 루이X쿠사나기 네네,로맨틱,"유키x모모, 중혁x독자, 청려x문대",일러스트,"azit_, Hwiwol",https://dongne.co/events/df2409/circles/131441,제27회 디. 페스타(토),Day1
복듀청성,복듀직서 / 청별,,,,,1sp,아이돌 마스터 샤이니 컬러즈,"학원 아이돌마스터,우마무스메 프리티 더비",,,,,,"소설,일러스트,만화","resume_ducer, DrizzlySpica",https://dongne.co/events/df2409/circles/130485,제27회 디. 페스타(토),Day1
복작복작,moraegorae,,,,,1sp,명탐정 코난,"나루토,혈계전선",,"타카기,사토",,"로맨틱,섹슈얼",카카이루,"소설,기타",,https://dongne.co/events/df2409/circles/131107,제27회 디. 페스타(토),Day1
빵알준벅,꼬알,,,,,2sp,가비지타임,데못죽,,,,,,,,https://dongne.co/events/df2409/circles/130660,제27회 디. 페스타(토),Day1
뽀대작렬,뽀대,,,,,2sp,from 아르고나비스,,슬기로운 로디생활! 프롬 아르고나비스 쁘띠존,스트레이스트라이드,요도가와 린타로X텐노지 류스케,로맨틱,,"만화,일러스트",ppodaezizon,https://dongne.co/events/df2409/circles/130928,제27회 디. 페스타(토),Day1
쁘띠뽀짝,뽀짝쿵야,,,,,2sp,"슬램덩크,플레이브","코난,화산귀환,데못죽,하이큐,전독시,플레이브 등",,,,,,,BBoJJaKKyu,https://dongne.co/events/df2409/circles/130790,제27회 디. 페스타(토),Day1
설라공방,설라,,,,,2sp,원피스,,원피스 쁘띠존 4회,원피스 캐릭터들,,,,공예,seolla_onepiece,https://dongne.co/events/df2409/circles/132046,제27회 디. 페스타(토),Day1
세얼간이,두빵,,,,,2sp,가비지타임,"사카모토데이즈,주술회전,카리스마,도쿄리벤저스",,"가비지타임,주술회전,카리스마,도쿄리벤저스",,,,,DDo_Pang,https://dongne.co/events/df2409/circles/131792,제27회 디. 페스타(토),Day1
솔티카멜,카멜,,,,,2sp,프로젝트 세카이,프로즌(겨울왕국),,"원더랜드x쇼타임/Vivid BAD SQUAD/25시,나이트 코드에서./엘사&안나",,,,일러스트,Camel_prsk,https://dongne.co/events/df2409/circles/132040,제27회 디. 페스타(토),Day1
얼렁뚱땅,스튜,,,,,1sp,데뷔 못 하면 죽는 병 걸림,하이큐,,,,,,일러스트,,https://dongne.co/events/df2409/circles/131968,제27회 디. 페스타(토),Day1
여차저차,깨알,,,,,2sp,가비지타임,하이큐,,,,로맨틱,,,kkaealiiii,https://dongne.co/events/df2409/circles/131571,제27회 디. 페스타(토),Day1
연성술사,연성술사,,,,,2sp,화산귀환,,,화산귀환 올캐릭터,,,,공예,Alchemist_for,https://dongne.co/events/df2409/circles/130717,제27회 디. 페스타(토),Day1
영영위빙,영영위빙,,,,,2sp,,,,,,,,공예,y0ung0_weaving,https://dongne.co/events/df2409/circles/132309,제27회 디. 페스타(토),Day1
영웅질주,유진,,,,,2sp,슬램덩크,내가 키운 S급들,,"정우성,송태섭",,해당없음,성현제 한유진,소설,Nell_Jin,https://dongne.co/events/df2409/circles/131320,제27회 디. 페스타(토),Day1
오매불망,오매,,,,,1sp,화산귀환,,,"당보,청명  등등",,"섹슈얼,로맨틱",,,Omae_hwa,https://dongne.co/events/df2409/circles/130612,제27회 디. 페스타(토),Day1
오복마트,나카,,,,,2sp,,,,,,,,,,https://dongne.co/events/df2409/circles/132740,제27회 디. 페스타(토),Day1
와플당청,물망초,,,,,2sp,화산귀환,,,"당보,청명",당보X청명,"로맨틱,섹슈얼",,소설,mardred1010,https://dongne.co/events/df2409/circles/132071,제27회 디. 페스타(토),Day1
원썸모어,모어,,,,,1sp,슬램덩크,,,서태웅,정우성X서태웅,"로맨틱,섹슈얼","센루, 하나루, 사와루, 태웅른","소설,공예,기타",aemore21,https://dongne.co/events/df2409/circles/132976,제27회 디. 페스타(토),Day1
장작부족,뱅쇼,,,,,1sp,데뷔 못 하면 죽는 병 걸림,내가 키운 S급들,,"박문대,선아현,차유진,김래빈",선아현X박문대,"섹슈얼,로맨틱",유진래빈,"소설,공예",classsscallion,https://dongne.co/events/df2409/circles/130617,제27회 디. 페스타(토),Day1
진짜인가,마김,,,,,1sp,슬램덩크,,,,,,,,,https://dongne.co/events/df2409/circles/131880,제27회 디. 페스타(토),Day1
킬더실버,그은,,,,,2sp,,,,,,,,공예,kil_the_silver,https://dongne.co/events/df2409/circles/131593,제27회 디. 페스타(토),Day1
퍼리백합,달구,,,,,1sp,,,,,,,,"만화,일러스트,기타",kohanyang,https://dongne.co/events/df2409/circles/131036,제27회 디. 페스타(토),Day1
하늘하늘,양쌈,,,,,2sp,내가 키운 S급들,가비지타임,,"한유진,한유현,박병찬,최종수",박병찬X최종수,로맨틱,유진유현,"만화,일러스트",open_bleu,https://dongne.co/events/df2409/circles/130433,제27회 디. 페스타(토),Day1
햇감자밭,감자모찌,,,,,1sp,하이큐,,SUN SHINE SHOYO 2,히나타 쇼요,오이카와 토오루X히나타 쇼요,로맨틱,"츠무히나, 켄히나",소설,kamja_mozzi,https://dongne.co/events/df2409/circles/131585,제27회 디. 페스타(토),Day1
형원동사,기태,,,,,2sp,트라이건,,,나이브스 밧슈,,"로맨틱,섹슈얼",,"만화,일러스트",xmrjs_v,https://dongne.co/events/df2409/circles/132554,제27회 디. 페스타(토),Day1
환상뜨락,환상뜨락,,,,,2sp,탑로더 탑꾸,,,,,,,공예,Dreamy_garden,https://dongne.co/events/df2409/circles/131522,제27회 디. 페스타(토),Day1
구다구다~믹틀란별 옆에 라이헨바흐 폭포옆에 테오도시우스 삼중성벽~,ㄱㅌ,,,,,1sp,Fate grand order,,【時空合同著錄】 페이트 통합 쁘띠존: Destination of Last Order,신주쿠의 아처 셜록홈즈 콘스탄티노스 11세 블라드 3세,,,,"일러스트,만화",,https://dongne.co/events/df2409/circles/131440,제27회 디. 페스타(토),Day1
마요공방  & 몽솜 잡화점,Roro,,,,,4sp,인형,,,,,,,,piece0and,https://dongne.co/events/df2409/circles/131928,제27회 디. 페스타(토),Day1
아이돌만 세 장르 잡고 통장을 잃음,"유타페, 루벨릭",,,,,2sp,데뷔 못 하면 죽는 병 걸림,"앙상블스타즈!!,아이돌리쉬세븐",,,,"로맨틱,섹슈얼",유키x모모,,,https://dongne.co/events/df2409/circles/130563,제27회 디. 페스타(토),Day1
드라이브 스루,윤오,,,,,2sp,아이돌리쉬 세븐,,,"미도 토라오,이누마루 토우마",미도 토라오X이누마루 토우마,"로맨틱,섹슈얼",,"만화,일러스트",,https://dongne.co/events/df2409/circles/130846,제27회 디. 페스타(토),Day1
밀키웨이 공방,해현,,,,,2sp,원피스,,원피스 쁘띠존 4회,트라팔가 로,돈키호테 도플라밍고X트라팔가 로우,"섹슈얼,로맨틱",스모로우,"소설,공예",Law_S2__,https://dongne.co/events/df2409/circles/130482,제27회 디. 페스타(토),Day1
성준수는 옳다,무력해결,,,,,2sp,가비지타임,,,"진재유,성준수",진재유X성준수,"로맨틱,섹슈얼",,"소설,기타",I3571334023,https://dongne.co/events/df2409/circles/132814,제27회 디. 페스타(토),Day1
스튜디오 묘니,스튜디오묘니,,,,,2sp,포밍이와 친구들,무기력한 해파리,,,,,,일러스트,studio_myoni,https://dongne.co/events/df2409/circles/131773,제27회 디. 페스타(토),Day1
양보없는 부스,오하,,,,,2sp,용기폭발 뱅브레이번,"프로젝트 세카이,진격의 거인,원피스,세포신곡",,,,섹슈얼,,"만화,일러스트,기타",,https://dongne.co/events/df2409/circles/131748,제27회 디. 페스타(토),Day1
여기까지 백청,6월,,,,,4sp,화산귀환,,,청명,,섹슈얼,,"소설,기타",06__28__,https://dongne.co/events/df2409/circles/132643,제27회 디. 페스타(토),Day1
큐야에이 부스,aran,,,,,2sp,누카니발,,,,큐야X에이트,"섹슈얼,로맨틱",,,aawhffu,https://dongne.co/events/df2409/circles/131474,제27회 디. 페스타(토),Day1
한결같은 취향,민초,,,,,1sp,,,,,,,,,Mint1Purple1,https://dongne.co/events/df2409/circles/130863,제27회 디. 페스타(토),Day1
우당탕탕 포저 가 ,도래지덮밥 ,,,,,1sp,스파이 패밀리,,스파이패밀리 쁘띠존-MISSION: 오퍼레이션<쁘띠존>을 완수하라,"로이드 포저,요르 브라이어,아냐 포저,본드",로이드 포저X요르 브라이어,로맨틱,,일러스트,,https://dongne.co/events/df2409/circles/132824,제27회 디. 페스타(토),Day1
비정기적 드림 덕질,BBO,,,,,1sp,콜 오브 듀티 모던 워페어 리부트 / 고스트,,,,군인 캐릭터X네임리스 드림주,로맨틱,,소설,COD__BBO,https://dongne.co/events/df2409/circles/132823,제27회 디. 페스타(토),Day1
이것저것 노나 먹기,장르 부랑자,,,,,1sp,"의원,다시 살다",천지해,,,,,,"만화,일러스트",,https://dongne.co/events/df2409/circles/131366,제27회 디. 페스타(토),Day1
대만준호 노래 나도 한번 불러본다~,도어,,,,,1sp,슬램덩크,,,정대만 권준호,정대만X권준호,"로맨틱,섹슈얼",,"일러스트,소설,만화",D00rXin,https://dongne.co/events/df2409/circles/130731,제27회 디. 페스타(토),Day1
미코토가 있는 무언가,T,,,,,2sp,MILGRAM,,,카야노 미코토,존X카야노 미코토,"로맨틱,섹슈얼",,"만화,일러스트",MilTeaTime,https://dongne.co/events/df2409/circles/132303,제27회 디. 페스타(토),Day1
빨간책만 쓰던 사람들의 말로,"순봉식, 박하",,,,,2sp,명일방주,,,,엘리시움X쏜즈,로맨틱,,"소설,만화",ANSUSANG,https://dongne.co/events/df2409/circles/131196,제27회 디. 페스타(토),Day1
"흩날리는 것이, 마법같구나",시엘리온,,,,,1sp,화산귀환,장송의 프리렌,,"청명,청문,청진,당보,프리렌",,,,"공예,기타",siellion_10,https://dongne.co/events/df2409/circles/132144,제27회 디. 페스타(토),Day1
거북이와 친구들,거북이,,,,,2sp,기동전사 건담 수성의 마녀,,,구엘 제타크,라우더 닐X구엘 제타크,,,일러스트,HBK_T0109,https://dongne.co/events/df2409/circles/132782,제27회 디. 페스타(토),Day1
단일메뉴 진재유,W,,,,,1sp,가비지타임,,,진재유,,,,일러스트,WefhexgW,https://dongne.co/events/df2409/circles/132719,제27회 디. 페스타(토),Day1
도마뱀의 보물함,해룡,,,,,1sp,,,,,,,,,,https://dongne.co/events/df2409/circles/130555,제27회 디. 페스타(토),Day1
마감실패 세카이,개샴,,,,,2sp,,,,아오야기 토우야,시노노메 아키토X아오야기 토우야,로맨틱,,,,https://dongne.co/events/df2409/circles/130907,제27회 디. 페스타(토),Day1
반짝반짝 구다코,단비,,,,,2sp,페이트/그랜드 오더,,【時空合同著錄】 페이트 통합 쁘띠존: Destination of Last Order,후지마루 리츠카(구다코),오베론X후지마루 리츠카(구다코),로맨틱,타카구다,소설,id_danb,https://dongne.co/events/df2409/circles/131270,제27회 디. 페스타(토),Day1
볕이드는 언덕길,쿠렌,,,,,2sp,윈브레,"카리스마 하우스,슬램덩크,프세카,가히리,게게게의 수수께끼",,,,,,,do__kuku,https://dongne.co/events/df2409/circles/131494,제27회 디. 페스타(토),Day1
아무거나 쓸래요,하미,,,,,1sp,BL,,,,,,,"만화,일러스트",_z,https://dongne.co/events/df2409/circles/131692,제27회 디. 페스타(토),Day1
안회마을 부랑자,아씨,,,,,2sp,살파랑,열화요수,,"장경,고윤,쉬엔지,성령연",장경X고윤,"섹슈얼,로맨틱",쉬엔지 X 성령연,소설,mute_mood_,https://dongne.co/events/df2409/circles/131413,제27회 디. 페스타(토),Day1
이명헌이 좋아용,김레드,,,,,1sp,슬램덩크,,,"이명헌,정우성",,,,공예,JustKimred,https://dongne.co/events/df2409/circles/132530,제27회 디. 페스타(토),Day1
죽이지는 않을게,헤이즐,,,,,2sp,주술회전,,,,,,,,,https://dongne.co/events/df2409/circles/130543,제27회 디. 페스타(토),Day1
팽이버섯 군생지,사날,,,,,2sp,포켓몬스터 스칼렛/바이올렛,"프로젝트 세카이,아이돌 마스터 신데렐라 걸즈,별의 커비,파이널판타지 14",,"카지,푸름,시유",카지X푸름,로맨틱,,,SNL_NAL,https://dongne.co/events/df2409/circles/130795,제27회 디. 페스타(토),Day1
하마투어 양재점,일각수,,,,,2sp,18trip,,,,,,,"일러스트,공예",A__1GS,https://dongne.co/events/df2409/circles/132192,제27회 디. 페스타(토),Day1
하지구다 특이점,호랑,,,,,2sp,페이트/그랜드 오더,,【時空合同著錄】 페이트 통합 쁘띠존: Destination of Last Order,"사이토 하지메,후지마루 리츠카(남)",,,,소설,TIGERhorang,https://dongne.co/events/df2409/circles/130466,제27회 디. 페스타(토),Day1
모여봐요 울밧의 숲,"까까, A/S",,,,,2sp,트라이건,"트라이건 스탬피드,트라이건 맥시멈",,"니콜라스 D. 울프우드,밧슈 더 스탬피드",니콜라스 D. 울프우드X밧슈 더 스탬피드,"로맨틱,섹슈얼",,"일러스트,소설,기타","kkax2___, A_S15771577",https://dongne.co/events/df2409/circles/132073,제27회 디. 페스타(토),Day1
모여봐요 울밧의 숲,"A/S, 까까",,,,,2sp,트라이건,,,"울프우드,밧슈",울프우드X밧슈,"로맨틱,섹슈얼",,소설,"A_S15771577, kkax2___",https://dongne.co/events/df2409/circles/132926,제27회 디. 페스타(토),Day1
자유로운 우리를 봐 자유로워,푸리,,,,,2sp,Free!,,Free! 쁘띠존,,,,,,puri_freeTYM,https://dongne.co/events/df2409/circles/131544,제27회 디. 페스타(토),Day1
목격자를 없애면 암살,HSFS,,,,,1sp,다크소울,엘든링,,,,,,"일러스트,기타",,https://dongne.co/events/df2409/circles/131286,제27회 디. 페스타(토),Day1
『이것은 부스를 얻기 위한 이야기』,고고,,,,,2sp,페이트/그랜드 오더,,【時空合同著錄】 페이트 통합 쁘띠존: Destination of Last Order,,,,,일러스트,gogoma5203,https://dongne.co/events/df2409/circles/131208,제27회 디. 페스타(토),Day1
부스비만 벌어도 성공한 부스,김은원,,,,,2sp,오리지널,"페르소나 4,5",,,,,,만화,eunwon_1,https://dongne.co/events/df2409/circles/131533,제27회 디. 페스타(토),Day1
글레이즈 도넛에 퍼니셔는 절대 무리!,(두)근,,,,,2sp,트라이건,,,"울프우드,밧슈",울프우드X밧슈,로맨틱,,소설,trigun_gun,https://dongne.co/events/df2409/circles/131370,제27회 디. 페스타(토),Day1
졸업식도 일종의 결혼식이다 (마감실패로 전원 유급!!!!),"누수, 따봉",,,,,2sp,가비지타임,,,"정희찬,기상호,성준수,진재유,송준섭,송태섭",기상호X정희찬,로맨틱,"성준수x진재유, 송준섭x송태섭","만화,일러스트",NUSU_KIRAIDA,https://dongne.co/events/df2409/circles/132039,제27회 디. 페스타(토),Day1
▲완벽한 삼각형▲,이리야,,,,,1sp,파라독스 라이브,앙스타,,"스가사노 알렌,연하준,앤 포크너",,,,"일러스트,만화",lriya__,https://dongne.co/events/df2409/circles/131836,제27회 디. 페스타(토),Day1
농구회전 빵야빵야,S,,,,,2sp,주술회전,슬램덩크,,송태섭,,,"치수대만, 고죠후시","일러스트,만화,소설",,https://dongne.co/events/df2409/circles/130849,제27회 디. 페스타(토),Day1
데못죽은 영원하다,메리메무리,,,,,1sp,,,,박문대,선아현X박문대,로맨틱,,,,https://dongne.co/events/df2409/circles/130821,제27회 디. 페스타(토),Day1
메이데이 세레나데,"어린왕자, 김찡",,,,,1sp,Fate 시리즈,,【時空合同著錄】 페이트 통합 쁘띠존: Destination of Last Order,,아마데우스X살리에리,로맨틱,,소설,,https://dongne.co/events/df2409/circles/130666,제27회 디. 페스타(토),Day1
사이버스 복지회관,복숭아맛 돼지,,,,,2sp,유희왕 브레인즈,"아리스 시리즈,슬램덩크",,,,,,"만화,소설",pig09292,https://dongne.co/events/df2409/circles/130443,제27회 디. 페스타(토),Day1
선율이네 타임세일,선율,,,,,1sp,프롬 아르고나비스,,슬기로운 로디생활! 프롬 아르고나비스 쁘띠존,,니죠 카나타X니죠 하루카,"로맨틱,섹슈얼",,소설,,https://dongne.co/events/df2409/circles/132917,제27회 디. 페스타(토),Day1
텐후미로 세계정복,샤오,,,,,2sp,카리스마,,,,,,,만화,shaoxhawaii,https://dongne.co/events/df2409/circles/131173,제27회 디. 페스타(토),Day1
해결사여 변호하라,하지,,,,,2sp,역전재판,은혼,,,,,,"만화,기타",8437qwe,https://dongne.co/events/df2409/circles/130960,제27회 디. 페스타(토),Day1
사막에서 원더호이~,아기솜,,,,,2sp,프로세카,트라이건,,"텐마 츠카사,오오토리 에무,쿠사나기 네네,카미시로 루이,밧슈 더 스탬피드,니콜라스 D 울프우드",성준수X진재유,로맨틱,"네네에무, 맹우조(리버시블로맨스)","만화,일러스트",eridin3038,https://dongne.co/events/df2409/circles/132171,제27회 디. 페스타(토),Day1
너희에게 보여주고 싶은 밧울이 있었거든.,케릉,,,,,1sp,트라이건,,,"밧슈,울프우드",밧슈X울프우드,섹슈얼,,소설,cell_2d,https://dongne.co/events/df2409/circles/132361,제27회 디. 페스타(토),Day1
메이미유 보드게임 동아리,비나,,,,,1sp,다이아몬드 에이스,,,"나루미야 메이,미유키 카즈야",나루미야 메이X미유키 카즈야,"로맨틱,섹슈얼",,"만화,일러스트,소설",binary0012,https://dongne.co/events/df2409/circles/132146,제27회 디. 페스타(토),Day1
반복되고 강조되는 소리는 카리스마 에너지를 발생시킨다,낭비,,,,,1sp,카리스마,,,텐도 아마히코,텐도 아마히코X이토 후미야,로맨틱,,"만화,일러스트,공예,기타",ol_9_,https://dongne.co/events/df2409/circles/132699,제27회 디. 페스타(토),Day1
하나둘셋 아르주나 화이팅!!,지존.,,,,,1sp,FGO,,【時空合同著錄】 페이트 통합 쁘띠존: Destination of Last Order,"아르주나,아르주나 얼터,아슈바타반",아르주나X아르주나,로맨틱,"아슈주오,아슈주나",만화,jijon6088,https://dongne.co/events/df2409/circles/131283,제27회 디. 페스타(토),Day1
알파우리 서비스센터,일단 입에 넣고 봄,,,,,1sp,이세계 착각 헌터,,『착헌민국 헌터협회 본부』- 이세계 착각 헌터 통합 쁘띠존,"김기려,레밍",,,,만화,durnrwkd,https://dongne.co/events/df2409/circles/131233,제27회 디. 페스타(토),Day1
게임하다 신청까먹을뻔,기뮨,,,,,2sp,"웹소설,하이큐",,,,,,,,,https://dongne.co/events/df2409/circles/131469,제27회 디. 페스타(토),Day1
우리부스 정상영업합니다,endlessong,,,,,1sp,데못죽,슬램덩크,,박문대,,,,일러스트,lol_monsta_x,https://dongne.co/events/df2409/circles/132035,제27회 디. 페스타(토),Day1
주문하신 강아띠핏클두부찜데스케도...,"시바, 케도, 토푸, 핏클",,,,,2sp,앙상블스타즈!!(앙스타),,,,,,,,,https://dongne.co/events/df2409/circles/130879,제27회 디. 페스타(토),Day1
"언제든지, 기대.",365&7,,,,,2sp,플레이브,"죠죠,원피스,가비지타임,슬램덩크",,"플레이브 전원,죠죠 1~3부",,,,,247365sd,https://dongne.co/events/df2409/circles/130730,제27회 디. 페스타(토),Day1
룸미러….,세인,,,,,2sp,이세계 착각 헌터(이착헌),,『착헌민국 헌터협회 본부』- 이세계 착각 헌터 통합 쁘띠존,"김기려,강창호",,,,만화,myeonglyunjins4,https://dongne.co/events/df2409/circles/131426,제27회 디. 페스타(토),Day1
십면매복·샤이닝핑거,권생,,,,,1sp,FATE GRAND ORDER,,【時空合同著錄】 페이트 통합 쁘띠존: Destination of Last Order,,,,,"만화,일러스트",kwonseng_fgo,https://dongne.co/events/df2409/circles/131240,제27회 디. 페스타(토),Day1
문어구이&휘옌,"문어구이, 휘옌",,,,,4sp,데뷔 못 하면 죽는 병 걸림,"화산귀환,플레이브,어바등,내스급",,박문대,선아현X박문대,"섹슈얼,로맨틱",청명른,"일러스트,소설","moonuuh, Hwiyyen",https://dongne.co/events/df2409/circles/131162,제27회 디. 페스타(토),Day1
미스티쉬&져배&마생,remmnoth0728,,,,,2sp,슬램덩크,,,,,,,공예,mistisch_2020,https://dongne.co/events/df2409/circles/131163,제27회 디. 페스타(토),Day1
ㅈㅅ합니다,"김귤, 루우",,,,,2sp,가비지타임,,,기상호,,"섹슈얼,로맨틱",종수상호,"만화,소설",kimgyul,https://dongne.co/events/df2409/circles/130531,제27회 디. 페스타(토),Day1
그럿게됏다,tear,,,,,2sp,가비지타임,사이퍼즈,,"전영중,진재유,성준수",진재유X성준수,"로맨틱,섹슈얼",영중준수,"만화,소설",,https://dongne.co/events/df2409/circles/130832,제27회 디. 페스타(토),Day1
닌자수집가,공마,,,,,1sp,닌타마 란타로,고스트바둑왕,,,케마 토메사부로X젠포우지 이사쿠,"섹슈얼,로맨틱",,"일러스트,소설",wagamamahimez,https://dongne.co/events/df2409/circles/130702,제27회 디. 페스타(토),Day1
대가리전하,1,,,,,2sp,화산귀환,천관사복,,,,,,,,https://dongne.co/events/df2409/circles/131984,제27회 디. 페스타(토),Day1
도깨비상점,도깨비상점,,,,,2sp,,,,,,,,,kkebistore,https://dongne.co/events/df2409/circles/131462,제27회 디. 페스타(토),Day1
라빗플래닛,라빗플래닛,,,,,1sp,라빗 아트토이,,,라빗,,,,"공예,조형,기타",rabitt_planet,https://dongne.co/events/df2409/circles/132792,제27회 디. 페스타(토),Day1
마마야메론,고래고기,,,,,2sp,프로세카,프세카 오리지널,,,,,,,,https://dongne.co/events/df2409/circles/130644,제27회 디. 페스타(토),Day1
밥빌로니아,살구,,,,,2sp,페이트 시리즈,,【時空合同著錄】 페이트 통합 쁘띠존: Destination of Last Order,,길가메쉬X엘키두,,,일러스트,,https://dongne.co/events/df2409/circles/132868,제27회 디. 페스타(토),Day1
부스뭐하지,백언,,,,,2sp,데못죽,,,,,,,,qordjs__s,https://dongne.co/events/df2409/circles/131695,제27회 디. 페스타(토),Day1
붕붕묶어라,붐붐,,,,,1sp,포켓몬,스플래툰 사이퍼즈,,,,,,,flomyboom,https://dongne.co/events/df2409/circles/130888,제27회 디. 페스타(토),Day1
빵부스러기,소루빵,,,,,2sp,오리지널,플레이브,,,,,,"공예,일러스트",soboru830,https://dongne.co/events/df2409/circles/131049,제27회 디. 페스타(토),Day1
사탕바구니,캔디,,,,,1sp,모브사이코100,쿠로코의 농구,,레이겐 아라타카,,"섹슈얼,로맨틱",,"소설,일러스트",,https://dongne.co/events/df2409/circles/130451,제27회 디. 페스타(토),Day1
산채털이범,창식,,,,,1sp,화산귀환,,,"청명,임소병",청명X임소병,,,,hitz_0o0,https://dongne.co/events/df2409/circles/130584,제27회 디. 페스타(토),Day1
선호외계인,가재튀김,,,,,1sp,이세계 착각 헌터,,『착헌민국 헌터협회 본부』- 이세계 착각 헌터 통합 쁘띠존,김기려 외,,,,일러스트,llobsterbird,https://dongne.co/events/df2409/circles/131491,제27회 디. 페스타(토),Day1
솜솜잡화점,sombasae,,,,,2sp,,,,,,,,"일러스트,공예,기타",sombasae,https://dongne.co/events/df2409/circles/131117,제27회 디. 페스타(토),Day1
아이스박스,빕어,,,,,2sp,슬램덩크,,,송태섭,,,,"만화,공예",,https://dongne.co/events/df2409/circles/130675,제27회 디. 페스타(토),Day1
아이스크림,톨톨,,,,,1sp,,,,,,,,,,https://dongne.co/events/df2409/circles/132062,제27회 디. 페스타(토),Day1
에스페란사,천경,,,,,2sp,천관사복,마도조사 흑집사 나츠메우인장,,,화성X사련,로맨틱,세바시엘,,,https://dongne.co/events/df2409/circles/130479,제27회 디. 페스타(토),Day1
연하공법칙,딩푸,,,,,1sp,주술회전,트라이건,,"고죠 사토루,이타도리 유지,밧슈 더 스탬피드",후시구로X고죠,"섹슈얼,로맨틱",,만화,nengle_ceo,https://dongne.co/events/df2409/circles/132576,제27회 디. 페스타(토),Day1
예나디자인,예나,,,,,2sp,,,,,,,,,,https://dongne.co/events/df2409/circles/131573,제27회 디. 페스타(토),Day1
우리집요정,기뮤1,,,,,1sp,가비지타임,,,성준수 진재유,성준수X진재유,,,"기타,만화",orange_d_podo,https://dongne.co/events/df2409/circles/131035,제27회 디. 페스타(토),Day1
유키반묶음,냉블,,,,,2sp,아이돌리쉬세븐,블랙배저,,"유키,반리",유키X반리,"로맨틱,섹슈얼",,만화,n_beul0_0,https://dongne.co/events/df2409/circles/131552,제27회 디. 페스타(토),Day1
주님의객잔,뇽숲,,,,,1sp,1차창작,"성경,버튜버(남궁혁),마키플라이어 등",,"남궁혁,유다,예수 등",유다X예수,로맨틱,예수유다(리버시블),"소설,기타,일러스트",Onionsoupbaby,https://dongne.co/events/df2409/circles/132668,제27회 디. 페스타(토),Day1
진티엔리밍,kje1213114,,,,,2sp,,,,,,,,공예,,https://dongne.co/events/df2409/circles/131734,제27회 디. 페스타(토),Day1
케이크도둑,비비,,,,,2sp,가비지타임,,,,성준수X전영중,,,일러스트,,https://dongne.co/events/df2409/circles/132749,제27회 디. 페스타(토),Day1
튜브님부스,"유핫치,우엉",,,,,1sp,내가키운s급,,,"한유진,한유현",,로맨틱,,,nagi__404,https://dongne.co/events/df2409/circles/131068,제27회 디. 페스타(토),Day1
파파야로코,paya,,,,,1sp,윈브레,도쿄리벤저스,,,,,,"만화,소설",ocolayapap,https://dongne.co/events/df2409/circles/130997,제27회 디. 페스타(토),Day1
할수있잖아,먀꾸,,,,,2sp,플레이브,슬램덩크,,.,,,,"기타,음반,만화",mk_pv0330,https://dongne.co/events/df2409/circles/130579,제27회 디. 페스타(토),Day1
화산포목점,삐아체레,,,,,2sp,화산귀환,,,,,,,,,https://dongne.co/events/df2409/circles/132508,제27회 디. 페스타(토),Day1
효도제철소,잉곳,,,,,1sp,나의 히어로 아카데미아,,,"다비,엔데버",,,,만화,INGOT_hrak,https://dongne.co/events/df2409/circles/130432,제27회 디. 페스타(토),Day1
할아버지는 왜 예뻐요?,"먹,바댐",,,,,2sp,트라이건,,,,울프우드X밧슈,"로맨틱,섹슈얼",,,,https://dongne.co/events/df2409/circles/131010,제27회 디. 페스타(토),Day1
구기종목의 의리,키오,,,,,2sp,슬램덩크,쿠로코의 농구,,,,,,,,https://dongne.co/events/df2409/circles/130503,제27회 디. 페스타(토),Day1
선배위하는 후배,라벵,,,,,2sp,페이트그랜드오더,,【時空合同著錄】 페이트 통합 쁘띠존: Destination of Last Order,"마슈 키리에라이트,후지마루 리츠카(구다코)",마슈 키리에라이트X후지마루 리츠카(여),로맨틱,가웨인X후지마루 리츠카(구다코),만화,mashuumary,https://dongne.co/events/df2409/circles/132894,제27회 디. 페스타(토),Day1
여기서부터 백청,바로,,,,,4sp,화산귀환,,,"백천,청명",백천X청명,섹슈얼,,소설,ba_yaheuro,https://dongne.co/events/df2409/circles/132647,제27회 디. 페스타(토),Day1
매화검존이 구한 중원이 이게 맞냐,물개,,,,,2sp,화산귀환,,,"당보,청명",,로맨틱,,기타,185cm_158cm,https://dongne.co/events/df2409/circles/132507,제27회 디. 페스타(토),Day1
자제분에게 자제가 안 되세요?,식,,,,,2sp,블랙배저,어두운 바다의 등불이 되어,,힐데,예현X힐데,"로맨틱,섹슈얼",해량무현,"소설,기타",,https://dongne.co/events/df2409/circles/131034,제27회 디. 페스타(토),Day1
원더호이의 무서운 저주,"B, ^^",,,,,2sp,프로젝트세카이,,,,,,,"일러스트,만화",,https://dongne.co/events/df2409/circles/130446,제27회 디. 페스타(토),Day1
살려주세요 해적들 조난모금,테라비시아,,,,,2sp,원피스,,원피스 쁘띠존 4회,"마르코,에이스,삿치,이조",이조X삿치,"로맨틱,섹슈얼",,"기타,공예,소설",,https://dongne.co/events/df2409/circles/132804,제27회 디. 페스타(토),Day1
레서판다가 소설에 등장하면 생기는 일,켈,,,,,2sp,서브 남주가 파업하면 생기는 일,,,예서 크리스텔 세드리크 요한 지브릴,,,,"만화,기타",cappu_ccino_k,https://dongne.co/events/df2409/circles/131972,제27회 디. 페스타(토),Day1
재규어처럼 앙큼한 테스형이 믹틀란에 출근,레아시스,,,,,1sp,페이트/그랜드 오더,,【時空合同著錄】 페이트 통합 쁘띠존: Destination of Last Order,,,"섹슈얼,로맨틱","아르토리아 캐스터x모르간, 제임스 모리어티x셜록 홈즈",소설,mulgogi_moon,https://dongne.co/events/df2409/circles/130970,제27회 디. 페스타(토),Day1
불확정성의 팬케이크,0,,,,,2sp,"마법사의 약속,페이트,창작,18trip",,,"암굴왕(+마스터),니시조노 렌가",,로맨틱,창작 백합,"소설,만화",S97kf2hQr8cxiSp,https://dongne.co/events/df2409/circles/131281,제27회 디. 페스타(토),Day1
유메노사키 동인녀부,독풍,,,,,2sp,앙상블스타즈,,,"모리사와 치아키,신카이카나타",모리사와치아키X신카이카나타,로맨틱,,"만화,소설",_baldstorm,https://dongne.co/events/df2409/circles/132323,제27회 디. 페스타(토),Day1
고릴튀김과 박쥐빵의 로도사정,소금빵,,,,,2sp,흡혈귀는 툭하면 죽는다,,,"드라루크,로널드,존",로널드X드라루크,"로맨틱,섹슈얼",,만화,salty_bread_of,https://dongne.co/events/df2409/circles/131313,제27회 디. 페스타(토),Day1
태섭한나와 함께하는 고수파티 ,"코리안더파티, 탠",,,,,2sp,슬램덩크,,,"송태섭,이한나",송태섭X이한나,로맨틱,,"만화,일러스트","coriander_party, SSSduunk",https://dongne.co/events/df2409/circles/130682,제27회 디. 페스타(토),Day1
뇌비우스와 토스트의 기묘한부스,뇌비우스,,,,,2sp,죠죠의기묘한모험,마작,,,,,,,,https://dongne.co/events/df2409/circles/132465,제27회 디. 페스타(토),Day1
♡오타쿠의 사약구름♡,모메,,,,,2sp,무기미도,"명일방주,스타레일",,"엔젤,야오,크로우,코히",,,,,eoltto,https://dongne.co/events/df2409/circles/132428,제27회 디. 페스타(토),Day1
마나석으로 테이크아웃,긎,,,,,1sp,마법사의 약속,,,,,,,일러스트,rmwhrfrst,https://dongne.co/events/df2409/circles/131566,제27회 디. 페스타(토),Day1
응가오미와 팬티이리스,몬둥이,,,,,2sp,아르고나비스,앙스타 미카슈,슬기로운 로디생활! 프롬 아르고나비스 쁘띠존,쿠스노키 다이몬,,로맨틱,,"만화,일러스트",bandboiee,https://dongne.co/events/df2409/circles/132908,제27회 디. 페스타(토),Day1
해피엔딩은 멀티버스뿐,날Nal,,,,,2sp,"스타워즈,슬램덩크","트랜스포머,반지의 제왕",,,,,,소설,,https://dongne.co/events/df2409/circles/130534,제27회 디. 페스타(토),Day1
심상치않은 중국장르의 수맥이 흐릅니다.,비차,,,,,1sp,"명일방주,명조",,,피아메타 안도아인 남방랑자 금희,,로맨틱,,일러스트,,https://dongne.co/events/df2409/circles/131082,제27회 디. 페스타(토),Day1
힘들지않아 거친페놀속 뛰어든건 나니까 암오께,김리타,,,,,1sp,페르소나5,페르소나3  페르소나4  주술회전,,,아케치고로X아마미야렌,"섹슈얼,로맨틱",,일러스트,,https://dongne.co/events/df2409/circles/131549,제27회 디. 페스타(토),Day1
데뷔못하면 앙상블농구부,뮤야,,,,,2sp,데뷔 못 하면 죽는 병 걸림,앙상블 스타즈!! Music,,"테스타,언데드,유성대,나이츠",,,,"일러스트,공예",my_dmj_ua,https://dongne.co/events/df2409/circles/132235,제27회 디. 페스타(토),Day1
파워레인저 스카이포ㄱ스,모모바,,,,,1sp,프롬 아르고나비스,유희왕,슬기로운 로디생활! 프롬 아르고나비스 쁘띠존,,,,,"만화,기타",3x3x163,https://dongne.co/events/df2409/circles/130690,제27회 디. 페스타(토),Day1
윈브레하자. (네이버 웹툰 아닙니다),빈,,,,,2sp,윈브레(WINBRE),가비지타임,,스오 하야토,전영중X성준수,로맨틱,전영중×성준수,"일러스트,소설",bin_s2_you,https://dongne.co/events/df2409/circles/131699,제27회 디. 페스타(토),Day1
강쥐와고영이,식,,,,,1sp,윈브레,가비지타임,,기상호. 사쿠라 하루카,,,,기타,nongsig06,https://dongne.co/events/df2409/circles/130592,제27회 디. 페스타(토),Day1
개최악외계인,BB,,,,,2sp,이세계 착각 헌터,,『착헌민국 헌터협회 본부』- 이세계 착각 헌터 통합 쁘띠존,김기려 외 N명,강창호X김기려,"섹슈얼,로맨틱",,,B4MB0N,https://dongne.co/events/df2409/circles/130951,제27회 디. 페스타(토),Day1
고구마말랭이,무말랑이,,,,,1sp,가정교사 히트맨 리본,적국의 왕자로 사는 법,,"칼리안,플란츠,사와다 츠나요시,히바리 쿄야",사와다 츠나요시X히바리 쿄야,로맨틱,"칼리플란, 베른플란",,Yon9ydr,https://dongne.co/events/df2409/circles/131423,제27회 디. 페스타(토),Day1
고영이와강쥐,식,,,,,1sp,윈브레,가비지타임,,"기상호,사쿠라",,,,기타,nongsig06,https://dongne.co/events/df2409/circles/132400,제27회 디. 페스타(토),Day1
댄스정마대전,매복사랑니,,,,,2sp,천마는 아이돌이 되었다,,,"당사천,점소의",당사천X점소의,"로맨틱,섹슈얼",,"소설,만화",aoqhrtkfkdsl,https://dongne.co/events/df2409/circles/131556,제27회 디. 페스타(토),Day1
동인실직자들,"니안, 끼삼",,,,,2sp,Free!,,Free! 쁘띠존,나나세 하루카/마츠오카 린,나나세 하루카X마츠오카 린,로맨틱,,"만화,일러스트",kisam_hr,https://dongne.co/events/df2409/circles/131804,제27회 디. 페스타(토),Day1
두부크림전골,나무,,,,,2sp,누카니발,플레이브,,,야쿠모X에이트,로맨틱,,"만화,일러스트",,https://dongne.co/events/df2409/circles/130809,제27회 디. 페스타(토),Day1
맡구야해주라,해안구,,,,,2sp,,,,,,,,,hag_52,https://dongne.co/events/df2409/circles/131085,제27회 디. 페스타(토),Day1
매생이전복죽,지동킴,,,,,1sp,리그오브레전드,,,,,,,"만화,게임",jidongking,https://dongne.co/events/df2409/circles/130585,제27회 디. 페스타(토),Day1
메론스페이스,메론맥스,,,,,1sp,붕괴스타레일,"파이어엠블럼,비프로젝트",,,,,,,,https://dongne.co/events/df2409/circles/131769,제27회 디. 페스타(토),Day1
메이릴리가든,파린,,,,,2sp,"솜인형,수공예",,,,,,,공예,Ma_Li_garden,https://dongne.co/events/df2409/circles/130791,제27회 디. 페스타(토),Day1
멧챠브레이커,시옷,,,,,2sp,윈드브레이커,,,,스오 하야토X사쿠라 하루카,"로맨틱,섹슈얼",,만화,,https://dongne.co/events/df2409/circles/130489,제27회 디. 페스타(토),Day1
비주류박람회,차뉸,,,,,4sp,슬램덩크,,,정대만,,,,"소설,만화",chanyun_duk,https://dongne.co/events/df2409/circles/130436,제27회 디. 페스타(토),Day1
빵이닝이쫑이,빵이,,,,,2sp,헌터헌터 윈브레,"포카 파우치,틴케이스 등 (오리지널 작품)",,-,,,,일러스트,bbang222e,https://dongne.co/events/df2409/circles/132562,제27회 디. 페스타(토),Day1
상실스플레쉬,레화,,,,,1sp,모브사이코 100,,리츠레이 쁘띠존: 숟가락 가득 솔트 스플래시!,,카게야마 리츠X레이겐 아라타카,,,,ReHwa_1010,https://dongne.co/events/df2409/circles/131819,제27회 디. 페스타(토),Day1
서라벌메디컬,두두지,,,,,1sp,진혼기,반월당,,"자하,설영",자하X설영,,,,M0l3_ing,https://dongne.co/events/df2409/circles/132252,제27회 디. 페스타(토),Day1
서클명뭐하죠,99,,,,,2sp,골든카무이,"슬램덩크,나루토",,"유사쿠,오가타",정우성X이명헌,로맨틱,권준호x정대만,"일러스트,만화",oooo8o8,https://dongne.co/events/df2409/circles/132727,제27회 디. 페스타(토),Day1
실패했습니다,말랑,,,,,1sp,.,,,.,,,,,,https://dongne.co/events/df2409/circles/132182,제27회 디. 페스타(토),Day1
아기남자씨피,써틴랑,,,,,2sp,진혼기,,,"설영,자하",설영X자하,로맨틱,,"소설,만화,일러스트",S4NGSUNG0S0,https://dongne.co/events/df2409/circles/130610,제27회 디. 페스타(토),Day1
에도정크푸드,IENN,,,,,1sp,Fate/Samurai Remnant,Fate/Grand Order,【時空合同著錄】 페이트 통합 쁘띠존: Destination of Last Order,"유이 쇼세츠,우시고젠,잔 다르크 얼터",우시고젠X유이 쇼세츠,로맨틱,,"만화,일러스트",In_ourtime,https://dongne.co/events/df2409/circles/131812,제27회 디. 페스타(토),Day1
오늘은멀낼까,김전무,,,,,2sp,가비지타임,,,,,"로맨틱,섹슈얼","뱅상, 종상, 병찬상호","만화,소설",,https://dongne.co/events/df2409/circles/130877,제27회 디. 페스타(토),Day1
이상한마법사,이상한치과,,,,,2sp,마법사의 약속,,,,,,,,,https://dongne.co/events/df2409/circles/132475,제27회 디. 페스타(토),Day1
창세멸망윤회,나희,,,,,2sp,FGO,"세포신곡,파이널판타지,닌타마 란타로,천관사복",,아르주나,카르나X아르주나,로맨틱,"카르주나, 비마주나, 기델샌슨, 이자에이, 란무테","소설,만화",rwahee123,https://dongne.co/events/df2409/circles/131693,제27회 디. 페스타(토),Day1
케모미미협회,메리,,,,,2sp,앙상블 스타즈,,,"스오우 츠카사,츠키나가 레오",스오우 츠카사X츠키나가 레오,로맨틱,,,,https://dongne.co/events/df2409/circles/131722,제27회 디. 페스타(토),Day1
쿨앤스파이시,"베띠, 크런치",,,,,2sp,캐릭캐릭체인지,"에반게리온,히카루의 바둑,스타레일",,,,,,일러스트,"xx_betti, LUN_CH_",https://dongne.co/events/df2409/circles/131894,제27회 디. 페스타(토),Day1
톨토통합부스,븝,,,,,2sp,아이돌리쉬세븐,,,"미도 토라오,이누마루 토우마",,로맨틱,,"만화,일러스트",beub342748,https://dongne.co/events/df2409/circles/131275,제27회 디. 페스타(토),Day1
팡파라팡팡팡,괴도팡,,,,,2sp,가비지타임,"플레이브,데못죽,하이큐",,기상호른,,,,,LUKAPANG__45,https://dongne.co/events/df2409/circles/130771,제27회 디. 페스타(토),Day1
해피엔딩까지 안녕을 말하지마,타큐,,,,,1sp,트라이건,x,,"울프우드,밧슈",울프우드X밧슈,"로맨틱,섹슈얼",,"일러스트,기타",takkyyuu,https://dongne.co/events/df2409/circles/132662,제27회 디. 페스타(토),Day1
갑작스럽지만 당신은 무로마치 닌자에 대해 알고계십니까?,혜삼,,,,,2sp,닌타마란타로,,,"도이 한스케,야마다 리키치 등등",야마다리키치X도이한스케,"로맨틱,섹슈얼",,"일러스트,만화,기타",NinjaaHSKitta,https://dongne.co/events/df2409/circles/132086,제27회 디. 페스타(토),Day1
오타쿠들이여 지옥행 급행열차를 타라,txixydo,,,,,2sp,,,,,,해당없음,,일러스트,txixydo,https://dongne.co/events/df2409/circles/131232,제27회 디. 페스타(토),Day1
수상할정도로 족제비에 집착하는 부스,"판귄, 바르",,,,,2sp,화산귀환,,,,,,,,"panguin2000, bartolomeus_",https://dongne.co/events/df2409/circles/130626,제27회 디. 페스타(토),Day1
간첩가족전문점,양파,,,,,1sp,스파이 패밀리,,스파이패밀리 쁘띠존-MISSION: 오퍼레이션<쁘띠존>을 완수하라,"로이드 포저,요르 포저,아냐 포저,유리 브라이어",로이드 포저X요르 포저,,,"만화,일러스트",onion_spf,https://dongne.co/events/df2409/circles/132794,제27회 디. 페스타(토),Day1
강경해피엔딩파,이존버찌,,,,,2sp,트라이건,,,밧슈 울프우드,밧슈X울프우드,"로맨틱,섹슈얼",,,trigunballsaram,https://dongne.co/events/df2409/circles/131014,제27회 디. 페스타(토),Day1
근로기준법준수,"이사라,진재",,,,,2sp,이세계 착각 헌터,,『착헌민국 헌터협회 본부』- 이세계 착각 헌터 통합 쁘띠존,,강창호X김기려,,,,choiadelaa,https://dongne.co/events/df2409/circles/132829,제27회 디. 페스타(토),Day1
딸기초코클로버,미노리,,,,,2sp,프로세카,,,"아키야마 미즈키,시노노메 에나",,,,일러스트,mmnr_yr,https://dongne.co/events/df2409/circles/131926,제27회 디. 페스타(토),Day1
라이브관입니다,어이,,,,,1sp,프로젝트세카이,"앙상블스타즈,아이돌리쉬세븐,던전밥,사카모토 데이즈",,,,,,,huuh0o,https://dongne.co/events/df2409/circles/132047,제27회 디. 페스타(토),Day1
롹앤롤보노보노,츄츄,,,,,2sp,나의 히어로 아카데미아,,,"카미나리 덴키,지료 쿄카",,,,,YE_77i,https://dongne.co/events/df2409/circles/131626,제27회 디. 페스타(토),Day1
마호야쿠다이소,서아란,,,,,4sp,마법사의 약속,"원신,스타레일,명일방주,우마무스메",,"피가로,루틸,아벤츄린",,섹슈얼,"레이츄린, ","만화,일러스트,소설,공예,사진",,https://dongne.co/events/df2409/circles/131003,제27회 디. 페스타(토),Day1
무현이척척해요,김모도,,,,,1sp,어두운 바다의 등불이 되어,,,신해량,,로맨틱,,,,https://dongne.co/events/df2409/circles/130989,제27회 디. 페스타(토),Day1
순정만화연구회,달보름,,,,,2sp,,,,,,,,,springmmer6,https://dongne.co/events/df2409/circles/132691,제27회 디. 페스타(토),Day1
슈가솔트데이즈,ㄱㅁ,,,,,2sp,,,,,,,,,,https://dongne.co/events/df2409/circles/130942,제27회 디. 페스타(토),Day1
스미슈바바바방,대원군,,,,,1sp,용기폭발 뱅브레이번,,,,,,,,,https://dongne.co/events/df2409/circles/132781,제27회 디. 페스타(토),Day1
시광대리영업소,농네,,,,,2sp,시광대리인,,,정시우(청샤오시) 유진(루광),,해당없음,,,nongne_11,https://dongne.co/events/df2409/circles/130803,제27회 디. 페스타(토),Day1
식빵굽는테스냥,니나mk.2,,,,,1sp,페이트/그랜드 오더,,【時空合同著錄】 페이트 통합 쁘띠존: Destination of Last Order,"테스카틀리포카,이스칼리,틀랄록,홈즈,모리어티",데이비트 젬 보이드X테스카틀리포카,,"알트리아 캐스터×모르간, 신주쿠의 아처×셜록 홈즈","소설,만화,기타",kahi7121,https://dongne.co/events/df2409/circles/131754,제27회 디. 페스타(토),Day1
아기왹져데이즈,히비,,,,,1sp,이세계착각헌터,"가비지타임,포켓몬스터",『착헌민국 헌터협회 본부』- 이세계 착각 헌터 통합 쁘띠존,김기려,,,,"소설,만화",hb_aunt,https://dongne.co/events/df2409/circles/130911,제27회 디. 페스타(토),Day1
얼빠서사충의삶,바비,,,,,2sp,슬램덩크,,,윤대협 서태웅,,,,만화,babbie_0423,https://dongne.co/events/df2409/circles/131128,제27회 디. 페스타(토),Day1
정신좀창려시길,딸기공장,,,,,1sp,이세계착각헌터,광마회귀,『착헌민국 헌터협회 본부』- 이세계 착각 헌터 통합 쁘띠존,,강창호X김기려,로맨틱,,"일러스트,만화",0Z4NG,https://dongne.co/events/df2409/circles/132253,제27회 디. 페스타(토),Day1
호밀빵의밀수꾼,호밀,,,,,2sp,,,,,,,,,homilpain,https://dongne.co/events/df2409/circles/130742,제27회 디. 페스타(토),Day1
레몬머랭타르트(외계인 함유),"레몬, 머랭",,,,,2sp,이세계 착각 헌터,,『착헌민국 헌터협회 본부』- 이세계 착각 헌터 통합 쁘띠존,"김기려,선우연,서에스더,강창호,정하성",,,,"소설,만화","lemonupthetree, muran9_",https://dongne.co/events/df2409/circles/131256,제27회 디. 페스타(토),Day1
가혹한삶의지평선,"싸싸,MMMA",,,,,4sp,하이큐,,SUN SHINE SHOYO 2,,,,,,,https://dongne.co/events/df2409/circles/130800,제27회 디. 페스타(토),Day1
귤먹는여우의부스,먐뮤,,,,,1sp,하이큐,,SUN SHINE SHOYO 2,미야 아츠무,,"로맨틱,섹슈얼",,만화,miyu___miya,https://dongne.co/events/df2409/circles/131704,제27회 디. 페스타(토),Day1
남녀연애자유선언,은여,,,,,1sp,,,,,,,,,,https://dongne.co/events/df2409/circles/130453,제27회 디. 페스타(토),Day1
네모스넥닭발큐브,삼밍,,,,,2sp,플레이브,시키모토데이즈 봇치 팬텀버스터즈 극락가,,플레이브,,,,일러스트,_catcollecter,https://dongne.co/events/df2409/circles/132470,제27회 디. 페스타(토),Day1
대한민국맛집선정,삼구,,,,,2sp,가비지타임,베리드 스타즈,,"허우석,공태성",전영중X기상호,로맨틱,"주찬양×기상호, 박병찬×이초원, 허우석×한도윤",,fil147_,https://dongne.co/events/df2409/circles/131856,제27회 디. 페스타(토),Day1
된장찌개먹고싶다,헤이,,,,,2sp,화산귀환,,,"청명,당보,당소소",,,,"만화,일러스트",hey__cutie,https://dongne.co/events/df2409/circles/131175,제27회 디. 페스타(토),Day1
마라오리선지훠궈,해바오,,,,,2sp,,,,,,,,,hxxhxm_,https://dongne.co/events/df2409/circles/131264,제27회 디. 페스타(토),Day1
말랑촉촉챱챱왹져,피리아,,,,,1sp,이세계 착각 헌터,,『착헌민국 헌터협회 본부』- 이세계 착각 헌터 통합 쁘띠존,"김기려,정하성,강창호",,,,,my_moist_alien,https://dongne.co/events/df2409/circles/131190,제27회 디. 페스타(토),Day1
맛쟁이토마토농장,태현,,,,,2sp,백작가의 망나니가 되었다,원피스,,케일,알베르X케일,,,만화,THX362,https://dongne.co/events/df2409/circles/131985,제27회 디. 페스타(토),Day1
뭐라도나오는부스,티번,,,,,2sp,이세계착각헌터,,『착헌민국 헌터협회 본부』- 이세계 착각 헌터 통합 쁘띠존,김기려,강창호X김기려,"섹슈얼,로맨틱",하성기려,"만화,소설",xlxk2022,https://dongne.co/events/df2409/circles/130613,제27회 디. 페스타(토),Day1
영역전개트리거온,비,,,,,2sp,월드 트리거,주술회전,,,,,,"소설,일러스트",bbgowentgone,https://dongne.co/events/df2409/circles/131906,제27회 디. 페스타(토),Day1
이것저것농놀부스,호잍,,,,,2sp,슬램덩크,,,이명헌,,,,공예,,https://dongne.co/events/df2409/circles/132559,제27회 디. 페스타(토),Day1
종이상자사무라이,넹뎅,,,,,2sp,은혼,우마무스메,,사카타 긴토키,사카타 긴토키X히지카타 토시로,"로맨틱,섹슈얼",,,gin_nengdeng_,https://dongne.co/events/df2409/circles/131616,제27회 디. 페스타(토),Day1
파란나라를보았니,충분,,,,,2sp,가비지 타임,블루 자이언트,,,,,,사진,enough_iro,https://dongne.co/events/df2409/circles/131806,제27회 디. 페스타(토),Day1
고릴라와허접멸치~울트라로맨틱~,BlueBox,,,,,2sp,흡혈귀는 툭하면 죽는다,,,로널드 드라루크,로널드X드라루크,"섹슈얼,로맨틱",,"소설,만화",,https://dongne.co/events/df2409/circles/130840,제27회 디. 페스타(토),Day1
라구파스타연구소 수성점,타루,,,,,1sp,기동전사 건담 수성의 마녀,,,"구엘 제타크,라우더 닐",라우더 닐X구엘 제타크,로맨틱,,"만화,일러스트,소설",GW_Taroo,https://dongne.co/events/df2409/circles/130952,제27회 디. 페스타(토),Day1
누운매복사랑니의 발치공장,"김로망, 마롱",,,,,2sp,어두운 바다의 등불이 되어,로드 오브 히어로즈,,"서지혁,이지현",서지혁X이지현,로맨틱,온달로드,"소설,만화,공예","MH_SSS_JH, malong_light",https://dongne.co/events/df2409/circles/131356,제27회 디. 페스타(토),Day1
틀딱오타쿠입니다 존중해주세요,실타래,,,,,1sp,페이트/그랜드 오더,,,,오베론X아르토리아 캐스터,로맨틱,,"만화,일러스트",,https://dongne.co/events/df2409/circles/132656,제27회 디. 페스타(토),Day1
나의가슴아카데미아,오미,,,,,2sp,나의 히어로 아카데미아,,,"미도리야 이즈쿠,바쿠고 카츠키,토도로키 쇼토 등",미도리야 이즈쿠X바쿠고 카츠키,섹슈얼,,"만화,일러스트,공예",omimuyo,https://dongne.co/events/df2409/circles/132703,제27회 디. 페스타(토),Day1
낡고지친배구동아리,,,,,,2sp,하이큐,,,아카아시,,,,,akaashi_blue,https://dongne.co/events/df2409/circles/131332,제27회 디. 페스타(토),Day1
등촌마카롱간장게장,"뾰로,호비",,,,,2sp,프로젝트 세카이,"다이아몬드 에이스,파이널판타지14",,,,,,일러스트,KUN2bfugSrLTIdq,https://dongne.co/events/df2409/circles/131751,제27회 디. 페스타(토),Day1
말벌아저씨협동조합,"피네, 찐빵",,,,,2sp,페이트/그랜드 오더,,【時空合同著錄】 페이트 통합 쁘띠존: Destination of Last Order,"아르토리아 캐스터,오베론",오베론X아르토리아 캐스터,,,,"__pkoverata, burst_zb",https://dongne.co/events/df2409/circles/132162,제27회 디. 페스타(토),Day1
사랑을하렴맹우들아,"물범, shj, 타코, 비락",,,,,2sp,트라이건,,,"밧슈더스탬피드,니콜라스D.울프우드",밧슈더스탬피드X니콜라스D.울프우드,로맨틱,,소설,TGun_B_10,https://dongne.co/events/df2409/circles/132540,제27회 디. 페스타(토),Day1
소프트아이스크림부,도담,,,,,1sp,테일즈 오브 제스티리아,엘소드,,"스레이,미쿠리오 / 리티아,라비",미쿠리오X스레이,로맨틱,,만화,Tz_kuou,https://dongne.co/events/df2409/circles/131364,제27회 디. 페스타(토),Day1
원쁘절대참가해제발,멐,,,,,2sp,원피스,프세카,원피스 쁘띠존 4회,"마르코 외 해적 해군 혁명군,원더쇼",,,,"일러스트,공예",muk_OP,https://dongne.co/events/df2409/circles/131649,제27회 디. 페스타(토),Day1
히시태그울밧정책당,"노도리, 그냥",,,,,2sp,트라이건,,,"울프우드,밧슈",울프우드X밧슈,로맨틱,,,"noDORI_land, gnyang27",https://dongne.co/events/df2409/circles/132497,제27회 디. 페스타(토),Day1
그딴건니가만들어야되,엔아,,,,,1sp,from Argonavis,,슬기로운 로디생활! 프롬 아르고나비스 쁘띠존,"니죠 하루카,니죠 카나타",니죠 하루카X니죠 카나타,해당없음,,소설,hi_enya_,https://dongne.co/events/df2409/circles/132250,제27회 디. 페스타(토),Day1
기상호행복추구권협회,목가,,,,,1sp,가비지타임,,,,,,,,,https://dongne.co/events/df2409/circles/131180,제27회 디. 페스타(토),Day1
로도대백과추진위원회,류이,,,,,1sp,흡혈귀는 툭하면 죽는다,,,"로널드,드라루크",로널드X드라루크,"로맨틱,섹슈얼",,소설,rui2652,https://dongne.co/events/df2409/circles/132423,제27회 디. 페스타(토),Day1
어김없이공놀하는부쓰,푸띵,,,,,2sp,블루록,슬램덩크,,"카이저,이사기",,,,"만화,일러스트,기타",poorthing__,https://dongne.co/events/df2409/circles/131839,제27회 디. 페스타(토),Day1
점심나가서먹을것같아,등옹주혈,,,,,1sp,불리가살,,,"세실,에녹,안토니",,,,"만화,일러스트,소설,게임,기타",dojh2024,https://dongne.co/events/df2409/circles/132028,제27회 디. 페스타(토),Day1
중원제일통모차핫도그,모차,,,,,2sp,화산귀환,진혼기,,청명,,,,만화,mocha5earlgrey,https://dongne.co/events/df2409/circles/131877,제27회 디. 페스타(토),Day1
트라타임리쉬회귀환담,samo,,,,,2sp,트라이건,"가비지타임,아이돌리쉬세븐,광마회귀,월야환담",,밧슈 더 스탬피드,울프우드X밧슈,"로맨틱,섹슈얼","종뱅, 나기미나, 몽자몽, 올캐러 ","만화,기타",sm_hj711,https://dongne.co/events/df2409/circles/132721,제27회 디. 페스타(토),Day1
부스이름은생각나는게 없습니다,부찌,,,,,2sp,화산귀환,,,청명,,,,만화,OMG0TAKU,https://dongne.co/events/df2409/circles/130746,제27회 디. 페스타(토),Day1
고양이가방에들어가신다,집,,,,,1sp,페르소나5,,,.,,,,"만화,일러스트",roh_Ewoong,https://dongne.co/events/df2409/circles/132141,제27회 디. 페스타(토),Day1
시계대가리도사랑을한다,197,,,,,2sp,크법사,이착헌,,김신화,공이수X김신화,로맨틱,현덕신화,소설,197__txt,https://dongne.co/events/df2409/circles/132633,제27회 디. 페스타(토),Day1
초승달만큼의행복이면되,앙마,,,,,2sp,아이돌리쉬세븐,헌헌,,,,,,,ybbaddy,https://dongne.co/events/df2409/circles/131319,제27회 디. 페스타(토),Day1
효도관광아니고효도부스,엣햄,,,,,1sp,페르소나,발더스게이트3/기타등등...,,,,,,"만화,일러스트",hashinasai,https://dongne.co/events/df2409/circles/132686,제27회 디. 페스타(토),Day1
로나드라는뭐하는애들인지,"하트, 시양",,,,,2sp,흡혈귀는 툭하면 죽는다,,,,로널드X드라루크,"로맨틱,섹슈얼",,일러스트,,https://dongne.co/events/df2409/circles/131911,제27회 디. 페스타(토),Day1
우리진짜부스이름정해야돼,"돌멩이, NOTA",,,,,2sp,"캐릭캐릭체인지,카드캡터체리,슈가슈가룬","테일즈런너,롤,하이큐",,,,,,,"gummayo, no_answer_otaku",https://dongne.co/events/df2409/circles/132456,제27회 디. 페스타(토),Day1
유중혁의가슴이시키는부스 ,욜로,,,,,2sp,전독시,데못죽,,"유중혁,김독자",,,,,,https://dongne.co/events/df2409/circles/131463,제27회 디. 페스타(토),Day1
야이금가락지열개두고날른놈아,J,,,,,1sp,FGO(페이트 그랜드 오더),,【時空合同著錄】 페이트 통합 쁘띠존: Destination of Last Order,후지마루 리츠카(구다코),로마니 아키만(로망)X후지마루 리츠카(구다코),로맨틱,알캐스구다,만화,fgj606015,https://dongne.co/events/df2409/circles/131362,제27회 디. 페스타(토),Day1
추석연휴에는택배마감이있어요,슝,,,,,1sp,,,,,,,,,,https://dongne.co/events/df2409/circles/131479,제27회 디. 페스타(토),Day1
그래그아이돌이란것본좌도하겠다,칠렘,,,,,1sp,"천마는 아이돌이 되었다,천마돌",,,"위화진,점소의",,로맨틱,,"만화,소설,일러스트,기타",3ORGNing_8,https://dongne.co/events/df2409/circles/131249,제27회 디. 페스타(토),Day1
아다망했어아조금만하려고했는데,프라닭,,,,,1sp,사카모토데이즈,가비지타임,,,,,,,,https://dongne.co/events/df2409/circles/131882,제27회 디. 페스타(토),Day1
일삭토스트마카롱부대찌개간장게장,왜가리,,,,,2sp,"우마무스메,nu 카니발","격기3반,로드 오브 히어로즈,이대로 멈출 순 없다,도박묵시록 카이지,사이퍼즈,명일방주 등...",,"이자경,큐야,마성진,이치죠 세이야 등...",큐야X에이트,로맨틱,,"일러스트,공예,기타",weaverbird_12,https://dongne.co/events/df2409/circles/132296,제27회 디. 페스타(토),Day1
이부스가나왔다는건마감을했단뜻이겠지요,하뭇,,,,,2sp,명급리,"광마회귀,이착헌,철권",,,,,,,Sal3_HM13,https://dongne.co/events/df2409/circles/130604,제27회 디. 페스타(토),Day1
죠죠마마마디지미쿠헌헌오란소울코난사이키,만땅,,,,,1sp,헌터X헌터,"죠죠,마마마,미쿠,디지캐럿,오란고교,코난,사이키쿠스오,소울이터",,,,,,일러스트,ogolgye6,https://dongne.co/events/df2409/circles/132978,제27회 디. 페스타(토),Day1
기상호가박병찬이랑사귄다는데나보고어뜩하라고,정제탄수,,,,,2sp,가비지타임,,,"기상호,박병찬",기상호X박병찬,로맨틱,,"만화,일러스트",snow_branchhh,https://dongne.co/events/df2409/circles/130667,제27회 디. 페스타(토),Day1
반복되고계속되는왕옹왕은정대만을불안하게해요,슈슈,,,,,2sp,슬램덩크,,,서태웅 정대만,서태웅X정대만,로맨틱,,소설,ROSO_290,https://dongne.co/events/df2409/circles/131853,제27회 디. 페스타(토),Day1
0000,"Kal, 인디펜스",,,,,2sp,"혈계전선,트라이건",,,,,,"크라스팁, 밧슈울프",,"Ms_Kal, BBB_pence",https://dongne.co/events/df2409/circles/130999,제27회 디. 페스타(토),Day1
다원적 돼지 개론 1주차 ,ㅠㅠ,,,,,2sp,슬램덩크,,,신현철(카와타 마사시),정우성X신현철,"로맨틱,섹슈얼",신현철 수 중심,"만화,일러스트,소설",,https://dongne.co/events/df2409/circles/132459,제27회 디. 페스타(토),Day1
개굴상점1,개구리,,,,,1sp,누이 소품샵,,,,,,,,,https://dongne.co/events/df2409/circles/132913,제27회 디. 페스타(토),Day1
브라흐마카레돈까쓰1호점,모개,,,,,1sp,페이트/그랜드 오더,,【時空合同著錄】 페이트 통합 쁘띠존: Destination of Last Order,"아르주나,카르나",아르주나X카르나,해당없음,,"소설,일러스트",mogae_1030,https://dongne.co/events/df2409/circles/131895,제27회 디. 페스타(토),Day1
1042thDEAL,"디일, 42",,,,,2sp,슬램덩크,"원피스,보카로,포켓몬",,,,,,"일러스트,만화",,https://dongne.co/events/df2409/circles/130576,제27회 디. 페스타(토),Day1
10 by 100,놀란,,,,,1sp,슬램덩크,,,,양호열X강백호,로맨틱,,소설,_ww_w0w_w_,https://dongne.co/events/df2409/circles/132552,제27회 디. 페스타(토),Day1
10월 신작 DAIMA 나온다,Living,,,,,1sp,드래곤볼,,,"손오반,피콜로",,,,만화,Nsiring,https://dongne.co/events/df2409/circles/130817,제27회 디. 페스타(토),Day1
우케쇼핑은 11번가,먼별,,,,,1sp,슬램덩크,,,,윤대협X서태웅,,,,Rukawa11_right,https://dongne.co/events/df2409/circles/130628,제27회 디. 페스타(토),Day1
성배 1+1+1 증정행사,찌개,,,,,2sp,페이트/그랜드 오더,,【時空合同著錄】 페이트 통합 쁘띠존: Destination of Last Order,,,,,,jjiga6,https://dongne.co/events/df2409/circles/132290,제27회 디. 페스타(토),Day1
13월,하산,,,,,2sp,내스급,오리지널 회지,,,,,,만화,Hasan_13wol,https://dongne.co/events/df2409/circles/130689,제27회 디. 페스타(토),Day1
"저희는 연성에 정성을 가득 담고 있지만, 131시간 이상 기다릴 정도의 대단한 맛은 아닙니다.. ","로네, 녹차우동",,,,,2sp,모브사이코,,,,,,,"소설,기타,만화","idktldr, greer816",https://dongne.co/events/df2409/circles/132528,제27회 디. 페스타(토),Day1
팥빵14,김멍개,,,,,1sp,파이널판타지14,,,"새벽,고대인",빛의전사X산크레드,"로맨틱,섹슈얼",,게임,beencap,https://dongne.co/events/df2409/circles/131294,제27회 디. 페스타(토),Day1
150_15,4²,,,,,1sp,주술회전,,,"쵸소,이타도리 유지",,,,,,https://dongne.co/events/df2409/circles/132316,제27회 디. 페스타(토),Day1
179x192,먕,,,,,2sp,이세계 착각 헌터,,『착헌민국 헌터협회 본부』- 이세계 착각 헌터 통합 쁘띠존,,김기려X강창호,"섹슈얼,로맨틱",,,_980298_,https://dongne.co/events/df2409/circles/132065,제27회 디. 페스타(토),Day1
토마호크 스테이크 1호점 : AT센터점,마말레이드,,,,,4sp,화산귀환,,,청명,당보X청명,"로맨틱,해당없음",,소설,Marmal_0329,https://dongne.co/events/df2409/circles/130858,제27회 디. 페스타(토),Day1
네모행성 1NSA호점 ,INSA,,,,,4sp,"1차창작,쯔꾸르게임",할로우나이트 / 실크송 / 레인월드 / 헬로샤를로테,,,,,,"일러스트,소설,게임,기타",side_in_game,https://dongne.co/events/df2409/circles/132318,제27회 디. 페스타(토),Day1
당보야 그렇게..2,띠,,,,,4sp,화산귀환,,,당보 청명,당보X청명,"로맨틱,섹슈얼,해당없음",,"만화,일러스트,소설,기타",s2ei1010,https://dongne.co/events/df2409/circles/132237,제27회 디. 페스타(토),Day1
할아버지 시즌2,4B,,,,,1sp,,,,"밧슈,울프우드",밧슈 더 스탬피드X울프우드 디 니콜라스,로맨틱,,,,https://dongne.co/events/df2409/circles/132154,제27회 디. 페스타(토),Day1
전국농구연합합창대회우승후파미레스갔다가2차로가라오케가자!,매니저,,,,,2sp,가비지타임,"와야마야마 작품,슬램덩크",,올캐릭,,,,"만화,소설,일러스트,공예,조형,기타",hayate0_v,https://dongne.co/events/df2409/circles/132050,제27회 디. 페스타(토),Day1
2024년에 우주세기요?,우주,,,,,2sp,기동전사건담 시리즈,,과기연,,샤아 아즈나블X아무로 레이,로맨틱,,"소설,기타",,https://dongne.co/events/df2409/circles/130890,제27회 디. 페스타(토),Day1
21세기 동인은 물물교환만 받습니다.,빨간단추,,,,,2sp,데뷔못하면죽는병걸림,,,,청려X박문대,로맨틱,,"소설,공예",hippo1157,https://dongne.co/events/df2409/circles/131075,제27회 디. 페스타(토),Day1
24년 밧울 끌어치기,"JAVI, Campa",,,,,1sp,트라이건,,,"밧슈 더 스탬피드,니콜라스 D.울프우드",밧슈 더 스탬피드X니콜라스 D.울프우드,로맨틱,,"만화,소설","s2lnps2, campanula_TRIG",https://dongne.co/events/df2409/circles/132912,제27회 디. 페스타(토),Day1
여름낮2409,겨울밤,,,,,2sp,화산귀환,로오히 꿈라프 킹프리 수공예,,,,,,,,https://dongne.co/events/df2409/circles/130755,제27회 디. 페스타(토),Day1
25시인데 집이없어,마딜,,,,,1sp,프로젝트 세카이 컬러풀 스테이지! feat.하츠네 미쿠,집이없어,,아사히나 마후유,시노노메 에나X아사히나 마후유,섹슈얼,"카나마후, 해준은영","만화,일러스트",mafuyusdil,https://dongne.co/events/df2409/circles/132831,제27회 디. 페스타(토),Day1
프롬아르고나비스를사랑하는3년차뉴비,뉴비,,,,,1sp,아르고나비스,,슬기로운 로디생활! 프롬 아르고나비스 쁘띠존,올캐릭,,,,일러스트,eatdreamaaside,https://dongne.co/events/df2409/circles/130693,제27회 디. 페스타(토),Day1
그래서 30일 동안 뭐 했는데?,熊,,,,,2sp,죠죠,,,,,,,,,https://dongne.co/events/df2409/circles/130602,제27회 디. 페스타(토),Day1
30년 전통 순애국밥,한덕봉,,,,,1sp,슬램덩크,골든카무이,,"강백호,양호열",,로맨틱,,"만화,일러스트",far_from_refuge,https://dongne.co/events/df2409/circles/132356,제27회 디. 페스타(토),Day1
3000년전통부녀전문점 ,과몰입충,,,,,1sp,페이트/그랜드 오더,,【時空合同著錄】 페이트 통합 쁘띠존: Destination of Last Order,"마슈 키리에라이트,로마니 아키만,후지마루 리츠카",후지마루 리츠카X마슈 키리에라이트,로맨틱,,"일러스트,만화",guelfgo,https://dongne.co/events/df2409/circles/132525,제27회 디. 페스타(토),Day1
3013,알과,,,,,2sp,,"겁쟁이페달,월드트리거",,,,,,,hot7720,https://dongne.co/events/df2409/circles/132186,제27회 디. 페스타(토),Day1
로더4제너레이터도둑,개빈이,,,,,1sp,아머드코어,,,,,,,만화,,https://dongne.co/events/df2409/circles/131210,제27회 디. 페스타(토),Day1
404,404,,,,,2sp,하이큐,"슬램덩크,츠루네,윈브레,파라라이,플레이브",,,,,,,,https://dongne.co/events/df2409/circles/130935,제27회 디. 페스타(토),Day1
"4월엔 셋, 6월엔 둘, 9월엔 하나인 것은? 마감친 사람 수 ",비주힌나캣독,,,,,2sp,"골든카무이,주술회전",,,올캐러,,,,만화,,https://dongne.co/events/df2409/circles/131086,제27회 디. 페스타(토),Day1
614년전통맛집,두루미,,,,,2sp,슬램덩크,,,"최동오,정대만",,"로맨틱,섹슈얼",,"소설,일러스트,만화",Yeon_sungzoa,https://dongne.co/events/df2409/circles/132420,제27회 디. 페스타(토),Day1
616,AiNA,,,,,1sp,아르고나비스,,슬기로운 로디생활! 프롬 아르고나비스 쁘띠존,"니죠 하루카,니죠 카나타",니죠 카나타X니죠 하루카,,,만화,b22nA8N,https://dongne.co/events/df2409/circles/132418,제27회 디. 페스타(토),Day1
아발론 변두리 맥주감자집 7호점,리나,,,,,2sp,로드 오브 히어로즈(로오히),,,"요한 테일드,프람 베르그",요한X프람,로맨틱,,,_linalord_,https://dongne.co/events/df2409/circles/131820,제27회 디. 페스타(토),Day1
7월에 삼촌 괴롭혔던 그 부스,소금,,,,,1sp,패션,슬램덩크,,카일창인,,"섹슈얼,로맨틱",,소설,sogeum_otk,https://dongne.co/events/df2409/circles/132557,제27회 디. 페스타(토),Day1
화산[탈주아카비지타윈브레이브주술데이8호]귀환,"천두, 영오",,,,,2sp,"화산귀환,윈브레,괴수8호","주술회전,가비지타임,사카모토데이즈,플레이브",,청명,,,,"일러스트,만화","1000_doo, youngoh0505",https://dongne.co/events/df2409/circles/131696,제27회 디. 페스타(토),Day1
80세백수신선태공망인생최후의끌어치기,루호,,,,,1sp,페이트/그랜드 오더,,【時空合同著錄】 페이트 통합 쁘띠존: Destination of Last Order,,,,,,luho0,https://dongne.co/events/df2409/circles/132108,제27회 디. 페스타(토),Day1
9,meal123,,,,,2sp,,,,,,,,,,https://dongne.co/events/df2409/circles/131941,제27회 디. 페스타(토),Day1
9월 영원의 바다,"포포토 샐러드, 영원영애",,,,,2sp,파이널 판타지14,,,"그라하 티아,알피노 르베유르,알리제 르베유르",그라하 티아X테이토,"로맨틱,섹슈얼",,"만화,일러스트",P0PH0T0_14,https://dongne.co/events/df2409/circles/131541,제27회 디. 페스타(토),Day1
9월에도 농놀합니다,"뮹,크림,택이",,,,,2sp,슬램덩크,,,슬램덩크,,,,"소설,일러스트,공예,기타",kimnarbi,https://dongne.co/events/df2409/circles/132122,제27회 디. 페스타(토),Day1
a,A,,,,,2sp,슬램덩크,,,,,,,,kong_0310761,https://dongne.co/events/df2409/circles/132888,제27회 디. 페스타(토),Day1
Adularescence,니피,,,,,2sp,아이돌리쉬 세븐,,,오오사카 소고,요츠바 타마키X오오사카 소고,로맨틱,,"만화,일러스트",i7fur,https://dongne.co/events/df2409/circles/130971,제27회 디. 페스타(토),Day1
Apple story,에피,,,,,2sp,명일방주,TRPG,,레싱 에벤홀츠,레싱X에벤홀츠,로맨틱,,"일러스트,기타,공예",id_mohae,https://dongne.co/events/df2409/circles/130973,제27회 디. 페스타(토),Day1
Arch crown,시나스,,,,,2sp,명탐정 코난,매직 카이토,,,쿠도 신이치X쿠로바 카이토,"로맨틱,섹슈얼",,"소설,공예","si_nat_t, S_top_kku",https://dongne.co/events/df2409/circles/130982,제27회 디. 페스타(토),Day1
attendre espérer,소다,,,,,2sp,Fate/Grand Order,,【時空合同著錄】 페이트 통합 쁘띠존: Destination of Last Order,,,"로맨틱,섹슈얼",,"일러스트,소설",0964O9,https://dongne.co/events/df2409/circles/131838,제27회 디. 페스타(토),Day1
오리지늄 C세포,HYUN,,,,,2sp,사이퍼즈,"명일방주,젤다의 전설,할로우 나이트,길티기어",,올캐릭터,,,,,R3DZ3ST,https://dongne.co/events/df2409/circles/132454,제27회 디. 페스타(토),Day1
Caramel Nyalgu tarte,냘구,,,,,2sp,,,,,,,,만화,apricot_tarte_,https://dongne.co/events/df2409/circles/130760,제27회 디. 페스타(토),Day1
                                                                                                                                                                                 CCTV No.572,cc,,,,,2sp,주술회전,,,"고죠 사토루,게토 스구루",고죠 사토루X게토 스구루,"로맨틱,섹슈얼",,만화,ggss_cc,https://dongne.co/events/df2409/circles/132489,제27회 디. 페스타(토),Day1
cerealBox,신월,,,,,2sp,화산귀환,,,청명,당보X청명,"로맨틱,섹슈얼",,만화,,https://dongne.co/events/df2409/circles/130620,제27회 디. 페스타(토),Day1
Cerulean+Blue,Sipir,,,,,2sp,하이큐,,SUN SHINE SHOYO 2,히나타 쇼요,,,,만화,sipir02,https://dongne.co/events/df2409/circles/130786,제27회 디. 페스타(토),Day1
전세계 유일 CP,"린소, 우샤",,,,,1sp,앙상블스타즈,아이돌리쉬 세븐,,"아마기린네,칸자키소마,유키,모모",아마기린네X칸자키소마,로맨틱,유키모모,"소설,일러스트,만화",RINNESOUMA,https://dongne.co/events/df2409/circles/131718,제27회 디. 페스타(토),Day1
크툴루 게임 속 천재 CP러가 되었다,함께뜨기,,,,,2sp,크법사,,,,,,,소설,,https://dongne.co/events/df2409/circles/131444,제27회 디. 페스타(토),Day1
Crotti,kitami,,,,,2sp,슬램덩크,원피스,,이정환,,,,만화,,https://dongne.co/events/df2409/circles/131028,제27회 디. 페스타(토),Day1
CYAN★PINK,꼬깔,,,,,2sp,"프로젝트세카이,플레이브","데뷔못하면죽는병걸림,보컬로이드",,하츠네 미쿠,,,,"일러스트,공예",spi1116,https://dongne.co/events/df2409/circles/130549,제27회 디. 페스타(토),Day1
Dear. 공방,나비,,,,,2sp,,,,,,,,공예,Gongbangdear,https://dongne.co/events/df2409/circles/131120,제27회 디. 페스타(토),Day1
D-Esper,케링,,,,,2sp,슬램덩크,크리미널마인드,,서태웅,윤대협X서태웅,"섹슈얼,로맨틱",,"만화,일러스트",d_esper_,https://dongne.co/events/df2409/circles/130429,제27회 디. 페스타(토),Day1
dmdjdj,링,,,,,1sp,,,,,,,,,,https://dongne.co/events/df2409/circles/130561,제27회 디. 페스타(토),Day1
DONUT UNIVERSE,"TN, 트라뭇",,,,,2sp,트라이건,,,,울프우드X밧슈,,,,"TNG2O_, TRI_MUT_",https://dongne.co/events/df2409/circles/132275,제27회 디. 페스타(토),Day1
제 엠비티아이는요 EILO,쿠릉쿠릉,,,,,1sp,앙상블 스타즈,,,,텐쇼인 에이치X츠키나가 레오,"로맨틱,섹슈얼",,만화,E2le5,https://dongne.co/events/df2409/circles/131710,제27회 디. 페스타(토),Day1
Endless Dream,루다,,,,,2sp,슬램덩크,,,송태섭,송태섭X이한나,로맨틱,,소설,karlin_123,https://dongne.co/events/df2409/circles/131038,제27회 디. 페스타(토),Day1
"잡탕부스(화귀, 광마, 트건 etc...)",묘루,,,,,2sp,,,,,,,,,myoru_,https://dongne.co/events/df2409/circles/131791,제27회 디. 페스타(토),Day1
Extinct volcano[사화산],heliolatry93,,,,,2sp,화산귀환,,,검존,,,,,hs_Ddae,https://dongne.co/events/df2409/circles/131125,제27회 디. 페스타(토),Day1
시노노메른 세카이 여성향 스테이지! feat. 태양과 인어공주,버구,,,,,2sp,프로젝트 세카이 컬러풀 스테이지! feat. 하츠네 미쿠,,,"아오야기 토우야,시노노메 아키토,아키야마 미즈키,시노노메 에나,오오토리 에무,쿠사나기 네네",아오야기 토우야X시노노메 아키토,로맨틱,"쿠사나기 네네X오오토리 에무, 아키야마 미즈키X시노노메 에나","만화,일러스트",WillowS2Cloud,https://dongne.co/events/df2409/circles/131933,제27회 디. 페스타(토),Day1
for the first time in forever,함,,,,,1sp,프로젝트 세카이,,,"카미시로 루이,쿠사나기 네네",카미시로 루이X쿠사나기 네네,로맨틱,,소설,RUNEinLove,https://dongne.co/events/df2409/circles/132058,제27회 디. 페스타(토),Day1
퍼리빔(FURRY BEAM),점장,,,,,1sp,오리지널,,,빤히,,로맨틱,,일러스트,JJ_furryking,https://dongne.co/events/df2409/circles/130541,제27회 디. 페스타(토),Day1
Guns N’ Roses,보,,,,,1sp,스파이패밀리,,스파이패밀리 쁘띠존-MISSION: 오퍼레이션<쁘띠존>을 완수하라,,로이드 포저X요르 포저,로맨틱,,,,https://dongne.co/events/df2409/circles/132845,제27회 디. 페스타(토),Day1
 Help Me Captain!,룬달,,,,,2sp,원피스,,원피스 쁘띠존 4회,마르코 로우 코라손 루피 키드 에이스 사보,,,,"소설,만화",OP_lune,https://dongne.co/events/df2409/circles/130672,제27회 디. 페스타(토),Day1
Imagination Store,츠히,,,,,2sp,천관사복,마도조사 크리미널 마인드 프로젝트 세카이,,사련 화성,,"로맨틱,섹슈얼","망무, 하치리드","소설,일러스트",tzuhi,https://dongne.co/events/df2409/circles/131042,제27회 디. 페스타(토),Day1
주 in 공이라 주인공 오른쪽만하는 부스,"은설, 소사, 점개",,,,,2sp,가비지타임,,,"박병찬,기상호,성준수,최종수",기상호,"해당없음,로맨틱,섹슈얼","뱅상, 준상, 종상",일러스트,"Eunsul_1109, SOSA3451, qlcehldjfk",https://dongne.co/events/df2409/circles/131501,제27회 디. 페스타(토),Day1
리:바레 월드투어 in seoul,소찌,,,,,2sp,"가비지타임,화산귀환,플레이브,슬램덩크,전지적독자시점,아이돌리쉬세븐,명탐정코난",,,,성준수X기상호,해당없음,,"만화,소설,일러스트,기타",so_zzi,https://dongne.co/events/df2409/circles/130869,제27회 디. 페스타(토),Day1
조인허스(JOIN_HUS),"잉젬, 심박",,,,,2sp,팀 조인허스(JOIN_HUS) 오리지널 굿즈,데뷔 못 하면 죽는 병 걸림,,,,,,"일러스트,만화,소설",charm_ing_gem,https://dongne.co/events/df2409/circles/132467,제27회 디. 페스타(토),Day1
Kozmic*cosmo,Koz,,,,,1sp,닌타마 란타로,,,,리키치X도이,,,만화,nowhere616,https://dongne.co/events/df2409/circles/130759,제27회 디. 페스타(토),Day1
kuko,쿠코,,,,,2sp,"원신,주술회전(게토x고죠),니지산지(로렌이로아스,아키나,후와미나토)",,,"소,키니치,방랑자,아이테르,아야토,게토,고죠,로렌이로아스,아키나,후와미나토",게토 스구루X고죠 사토루,,,일러스트,cooccocoocco,https://dongne.co/events/df2409/circles/132693,제27회 디. 페스타(토),Day1
lacy,플,,,,,2sp,,,,,,,,공예,honeyrusks_plz,https://dongne.co/events/df2409/circles/132024,제27회 디. 페스타(토),Day1
Laundry,soap,,,,,2sp,이착헌,슬램덩크,,김기려,,섹슈얼,,소설,seasoning_salt,https://dongne.co/events/df2409/circles/131037,제27회 디. 페스타(토),Day1
lemonade station,lemona,,,,,2sp,슬램덩크,,,권준호,,"로맨틱,섹슈얼",,만화,,https://dongne.co/events/df2409/circles/130787,제27회 디. 페스타(토),Day1
made by 자윤,자윤,,,,,2sp,,,,,,,,공예,jayun_blue,https://dongne.co/events/df2409/circles/131471,제27회 디. 페스타(토),Day1
maisawa,sawa,,,,,1sp,원신,스타레일,,,,,,"만화,일러스트",dotonvori,https://dongne.co/events/df2409/circles/130932,제27회 디. 페스타(토),Day1
midnight blue,네호,,,,,2sp,페이트/그랜드오더,,【時空合同著錄】 페이트 통합 쁘띠존: Destination of Last Order,"오베론,마스터(남)",오베론X마스터(남),로맨틱,,만화,neho2F,https://dongne.co/events/df2409/circles/131488,제27회 디. 페스타(토),Day1
<스파이패밀리 쁘띠존-MISSION: 오퍼레이션<쁘띠존>을 완수하라> 주최부스,스파이패밀리 쁘띠존-MISSION: 오퍼레이션<쁘띠존>을 완수하라,,,,,2sp,,,스파이패밀리 쁘띠존-MISSION: 오퍼레이션<쁘띠존>을 완수하라,,,,,,,https://dongne.co/events/df2409/circles/130751,제27회 디. 페스타(토),Day1
m&mfactory,mnm,,,,,2sp,데뷔 못하면 죽는 병 걸림,마도조사,,,,,,,,https://dongne.co/events/df2409/circles/131534,제27회 디. 페스타(토),Day1
My cute devil cat,뇨끼,,,,,1sp,fate grand order,,【時空合同著錄】 페이트 통합 쁘띠존: Destination of Last Order,"후지마루 리츠카,아시야 도만",후지마루 리츠카X아시야 도만,섹슈얼,,소설,,https://dongne.co/events/df2409/circles/132573,제27회 디. 페스타(토),Day1
My☆Planet,행성지기,,,,,2sp,핸드메이드 봉제인형,솜인형 드레스 (10cm),,,,,,공예,My_Planet_Doll,https://dongne.co/events/df2409/circles/131568,제27회 디. 페스타(토),Day1
NEVERLAND,데스앙크,,,,,2sp,앙스타,,,,,,,,,https://dongne.co/events/df2409/circles/130804,제27회 디. 페스타(토),Day1
                                                                                                                                                                                                     N.F,안건,,,,,2sp,주술회전,,,"고죠 사토루,게토 스구루",고죠 사토루X게토 스구루,"로맨틱,섹슈얼",,"만화,일러스트",goodteethguys,https://dongne.co/events/df2409/circles/130734,제27회 디. 페스타(토),Day1
Noche,Noche 녹체,,,,,1sp,회귀자 멱살잡고 데뷔합니다.,"전지적 독자시점,가비지타임",,강하진,,,,일러스트,Noche_official_,https://dongne.co/events/df2409/circles/131212,제27회 디. 페스타(토),Day1
NOT. 재촉. JUST. 궁금증.,엄마,,,,,1sp,마작,"OC,원피스,망각배터리,검은방,회색도시,베리드스타즈,포켓몬sv,학원마스,걸즈밴드크라이,네가죽어,피크민",,,,,,"공예,일러스트,기타",RAPizza_,https://dongne.co/events/df2409/circles/131435,제27회 디. 페스타(토),Day1
object == null;,1교교,,,,,1sp,페이트그랜드오더,,【時空合同著錄】 페이트 통합 쁘띠존: Destination of Last Order,"후지마루 리츠카,앙리마유",,,,만화,gyogyo_hjj,https://dongne.co/events/df2409/circles/131532,제27회 디. 페스타(토),Day1
미친 그림러 모드 on,구마린,,,,,4sp,파이널 판타지 14,"무기미도,포켓몬,플레이브,세븐틴",,,,,,,Coumarinnn,https://dongne.co/events/df2409/circles/131940,제27회 디. 페스타(토),Day1
                                                                                                                                                                                               ONLY GOGE,사뿐,,,,,2sp,주술회전,,,"고죠 사토루,게토 스구루",고죠 사토루X게토 스구루,"로맨틱,섹슈얼",,만화,,https://dongne.co/events/df2409/circles/132491,제27회 디. 페스타(토),Day1
Platina Comet,트리아논,,,,,2sp,앙상블스타즈,스텔라이브 러브라이브 로오히,,,,,,"만화,일러스트,기타",anon_ovs,https://dongne.co/events/df2409/circles/130609,제27회 디. 페스타(토),Day1
Playlist No.1,공도둑,,,,,2sp,슬램덩크,,,"송태섭,이한나",,,,"만화,소설",Ball_GilDong,https://dongne.co/events/df2409/circles/132195,제27회 디. 페스타(토),Day1
Plug In,"사나이,돌도리스",,,,,2sp,스플래툰3,앙상블스타즈,,,아마기 히이로X카제하야 타츠미,섹슈얼,,만화,,https://dongne.co/events/df2409/circles/130465,제27회 디. 페스타(토),Day1
공방 프리즘(PRIISM),리즈,,,,,1sp,,,,,,,,공예,craft_priism,https://dongne.co/events/df2409/circles/132076,제27회 디. 페스타(토),Day1
이런 도망을 잘치는 음성합성엔진은 싫어 ~reload: 헌터시험편~,saka,,,,,1sp,도망을 잘 치는 도련님,"페르소나,음성합성엔진(보컬로이드),프세카,이영싫,헌터헌터",,,,,,,0_3339,https://dongne.co/events/df2409/circles/131321,제27회 디. 페스타(토),Day1
뒷북: Reload,Ric,,,,,2sp,스타트렉,,과기연,스팍,우후라+커크X스팍,"로맨틱,섹슈얼",,만화,2suffer2gether,https://dongne.co/events/df2409/circles/131100,제27회 디. 페스타(토),Day1
RoseDrop,Yue,,,,,2sp,Fate/Grand Order,,【時空合同著錄】 페이트 통합 쁘띠존: Destination of Last Order,"로마니 아키만,게티아,솔로몬,다윗",,,,기타,,https://dongne.co/events/df2409/circles/131237,제27회 디. 페스타(토),Day1
폰타인 s급 우주 방망이 협객,dreamtaste1313,,,,,2sp,내가 키운 s급들,"스타레일,내가 키운 s급들",,"라이오슬리,느비예트,단항,카일루스,한유현,한유진",,로맨틱,"단항카일, 유현유진",,13_s2,https://dongne.co/events/df2409/circles/131285,제27회 디. 페스타(토),Day1
S+급 초인기절정 음악 천재 흑막 폭군 밴드맨이 왕따인 평행세계로 떨어졌습니다만...,"사장 , 병뚜 ",,,,,2sp,아르고나비스프롬아르고나비스키미가미타스테이지에=키미스테,,슬기로운 로디생활! 프롬 아르고나비스 쁘띠존,랜덤,사토즈카켄타X사카이가와미유키,"로맨틱,섹슈얼",랜덤,"만화,공예,기타,일러스트","Boss_axia_S2, Argo_Wacddu",https://dongne.co/events/df2409/circles/132839,제27회 디. 페스타(토),Day1
SAPPY,"칩, S4",,,,,2sp,"명탐정 코난,주술회전","슬램덩크,스타레일,하이큐",,"아무로 토오루,에노모토 아즈사,고죠 사토루,나나미 켄토",아무로 토오루X에노모토 아즈사,로맨틱,,"만화,일러스트","cornchippu, ssss7777_7",https://dongne.co/events/df2409/circles/132319,제27회 디. 페스타(토),Day1
sidewalk,mino,,,,,1sp,포켓몬스터 스칼렛/바이올렛,,,테사,청목X테사,로맨틱,,만화,dorong_mino,https://dongne.co/events/df2409/circles/130562,제27회 디. 페스타(토),Day1
SNBR,시나브로,,,,,1sp,마법사의 약속 (마호야쿠),,,,,,,만화,si_nab,https://dongne.co/events/df2409/circles/130767,제27회 디. 페스타(토),Day1
<SUN SHINE SHOYO 2> 주최부스,SUN SHINE SHOYO 2,,,,,2sp,,,SUN SHINE SHOYO 2,,,,,,,https://dongne.co/events/df2409/circles/130648,제27회 디. 페스타(토),Day1
Team.오아시스,체온,,,,,2sp,COC,,,,,,,,tr__prlse,https://dongne.co/events/df2409/circles/130497,제27회 디. 페스타(토),Day1
Timeless Free!,kapong,,,,,4sp,free!,,Free! 쁘띠존,,,,,,future_whale_s2,https://dongne.co/events/df2409/circles/132080,제27회 디. 페스타(토),Day1
todac_s,쓩늉,,,,,1sp,,,,,,,,,todac_s,https://dongne.co/events/df2409/circles/130977,제27회 디. 페스타(토),Day1
Two Rabbits & 자몽공방,Rabbits,,,,,2sp,데못죽,"하이큐,가비지타임,슬램덩크,플레이브,앙스타 등",,,,,,"공예,조형,기타",2rabbits,https://dongne.co/events/df2409/circles/130677,제27회 디. 페스타(토),Day1
VELTUS,Saqlfice,,,,,2sp,,,,,,,,"사진,일러스트,소설,기타",VELTUS_LAB,https://dongne.co/events/df2409/circles/131135,제27회 디. 페스타(토),Day1
해군 vs 해적,"새부리, 파스, 햅",,,,,4sp,원피스,,원피스 쁘띠존 4회,"에이스,사보,루피,루치,스팬담,카쿠",,,,"일러스트,공예",asebury,https://dongne.co/events/df2409/circles/130499,제27회 디. 페스타(토),Day1
그림돌을 믿기 vs 활자돌을 믿기,사니,,,,,1sp,아이돌리쉬 세븐,초심잃은 아이돌을 위한 회귀백서,,"나나세 리쿠,이즈미 이오리,윤이든,견하준",나나세 리쿠X이즈미 이오리,"로맨틱,섹슈얼",이든하준(초심돌 - 윤이든x견하준),소설,sani_backup,https://dongne.co/events/df2409/circles/131351,제27회 디. 페스타(토),Day1
xoxo_xoxo,구남,,,,,2sp,슬램덩크,하이큐,,,,,,,qnamxoxo,https://dongne.co/events/df2409/circles/130521,제27회 디. 페스타(토),Day1
Z전사가 지구를 지키는 동안 우리는 동인부스를 지킨다,메탈전사,,,,,2sp,드래곤볼,드래곤퀘스트,,손오반 피콜로 손오천 트랭크스,,,,만화,MetalwarriorZ,https://dongne.co/events/df2409/circles/131529,제27회 디. 페스타(토),Day1
인생은 Z로시작해서 L로끝나는거겠지,듀,,,,,2sp,아이나나(아이돌리쉬세븐),유희왕ZEXAL,,"IV,카미시로 료가,ŹOOĻ",미도 토라오X이누마루 토우마,로맨틱,IVx카미시로 료가,"만화,일러스트,소설",dyyueul,https://dongne.co/events/df2409/circles/132312,제27회 디. 페스타(토),Day1
ε cream ♡ a la mode з,크림이,,,,,2sp,FF14,,,"르베유르 쌍둥이(알피노,알리제),고대인조(에메트셀크,휘틀로다이우스,베네스,테미스) 등",,,,,becoming_your__,https://dongne.co/events/df2409/circles/131648,제27회 디. 페스타(토),Day1
<【時空合同著錄】 페이트 통합 쁘띠존: Destination of Last Order> 주최부스,【時空合同著錄】 페이트 통합 쁘띠존: Destination of Last Order,,,,,2sp,,,【時空合同著錄】 페이트 통합 쁘띠존: Destination of Last Order,,,,,,,https://dongne.co/events/df2409/circles/131923,제27회 디. 페스타(토),Day1
-,-,,,,,1sp,프로젝트세카이,,,,,,,일러스트,,https://dongne.co/events/df240902/circles/133916,제27회 디. 페스타(일),Day2
.,가을,,,,,1sp,"스타트렉,셜록",,,"스팍,셜록,마이크로프트 홈즈,크롤리,아즈라파엘",,로맨틱,"스팍커크, 홈즈형제, 크롤아지","소설,기타",AddsPurple,https://dongne.co/events/df240902/circles/133566,제27회 디. 페스타(일),Day2
.,22,,,,,1sp,.,.,,.,,,,기타,,https://dongne.co/events/df240902/circles/133722,제27회 디. 페스타(일),Day2
.,-,,,,,1sp,하이큐,,,,,로맨틱,,,,https://dongne.co/events/df240902/circles/133260,제27회 디. 페스타(일),Day2
♥,B,,,,,1sp,,,,,,,,,,https://dongne.co/events/df240902/circles/133816,제27회 디. 페스타(일),Day2
어 나 이거 알아,비서,,,,,2sp,"아이카츠(아이엠스타),젤다의 전설","러브라이브,스플래툰,레이디버그,괴도조커,발더스게이트3",,"호시미야 이치고(라임),스타아니스,젤다,링크,뮤즈,리엘라",,,,일러스트,"GAMPANGPANG_, gmwalwal",https://dongne.co/events/df240902/circles/134102,제27회 디. 페스타(일),Day2
흙 속의 인디고,인디고,,,,,1sp,,,,,,,,공예,,https://dongne.co/events/df240902/circles/133379,제27회 디. 페스타(일),Day2
목 마른 사람이 우물 판 부스,Noshel,,,,,1sp,"유희왕  DM,유희왕 토에이",,,"어둠의 유희,죠노우치 등 유희왕 DM 및 토에이의 등장인물 캐릭터",,해당없음,,"만화,일러스트",NO_Shelter2287,https://dongne.co/events/df240902/circles/133613,제27회 디. 페스타(일),Day2
글루,글루,,,,,4sp,주술회전,,,,,,,,,https://dongne.co/events/df240902/circles/133511,제27회 디. 페스타(일),Day2
만듦,jini0305,,,,,2sp,,,,,,,,,,https://dongne.co/events/df240902/circles/133515,제27회 디. 페스타(일),Day2
맘마,맘마,,,,,4sp,"픽셀아트,문구류",,,,,,,,Wiggle_eworm,https://dongne.co/events/df240902/circles/133907,제27회 디. 페스타(일),Day2
삐쭈,삐쭈,,,,,1sp,,,,,,,,일러스트,ppijju_byeol,https://dongne.co/events/df240902/circles/134411,제27회 디. 페스타(일),Day2
영원,냐냐냥,,,,,1sp,주술회전,,,,,,,,,https://dongne.co/events/df240902/circles/133957,제27회 디. 페스타(일),Day2
재마,"totete, 바멍",,,,,1sp,페르소나 아이돌리쉬세븐 우마무스메,,,쿠죠텐 나나세리쿠 도지마 나나코 아그네스 타키온,,,,일러스트,"totetenr, damongsel",https://dongne.co/events/df240902/circles/134331,제27회 디. 페스타(일),Day2
히링,히링,,,,,2sp,"창작,문구,공예",,,,,,,공예,,https://dongne.co/events/df240902/circles/133672,제27회 디. 페스타(일),Day2
불량×공주,쌀밥,,,,,2sp,앙상블 스타즈,가비지타임,,"키류 쿠로,이츠키 슈,성준수,전영중",,"로맨틱,섹슈얼","쿠로슈, 준빵",만화,ssalbab_pd,https://dongne.co/events/df240902/circles/133135,제27회 디. 페스타(일),Day2
쭈쭈 ,짬뽕천재,,,,,1sp,원피스,,,,,섹슈얼,,만화,nevereverse_,https://dongne.co/events/df240902/circles/133666,제27회 디. 페스타(일),Day2
규격 외 로맨스 취급소,차우롱,,,,,1sp,,,,,,,,"소설,만화",Oolongtea_suki,https://dongne.co/events/df240902/circles/133562,제27회 디. 페스타(일),Day2
류의 세계,류의 세계,,,,,1sp,,,,,,,,일러스트,ryuuisegye,https://dongne.co/events/df240902/circles/133553,제27회 디. 페스타(일),Day2
주최 부스,"토핑, 카팽",,,,,2sp,카리스마 하우스,,오세리카 쁘띠존: 스물하나x스물다섯,"미나토 오오세,쿠사나기 리카이",,"로맨틱,섹슈얼",,,"topingya, kapang00",https://dongne.co/events/df240902/circles/134397,제27회 디. 페스타(일),Day2
파워 잡덕,에노,,,,,2sp,보컬로이드,,,,,,,일러스트,enouniverse501,https://dongne.co/events/df240902/circles/133345,제27회 디. 페스타(일),Day2
묘묘 묘한 맛,묘미,,,,,1sp,,,,,,,,,,https://dongne.co/events/df240902/circles/133627,제27회 디. 페스타(일),Day2
"무슨 장르 해? 가비지타임, 앙스타 그리고 역전재판...",AS,,,,,2sp,"가비지타임,역전재판,앙상블 스타즈",,,"기상호,박병찬,성준수,공태성,오도로키 호스케,카게히라 미카,이츠키 슈",기상호X박병찬,"로맨틱,섹슈얼","준수태성, 미카슈","만화,소설",as_3123,https://dongne.co/events/df240902/circles/133487,제27회 디. 페스타(일),Day2
말랑 찹쌀 떡집,총당,,,,,1sp,아이돌리쉬세븐,"용기폭발 뱅브레이번,골든카무이",,"리바레,올캐러",,,"스미이사, 유사오, 코이츠키",일러스트,i7_chongD,https://dongne.co/events/df240902/circles/134408,제27회 디. 페스타(일),Day2
장르 시식 코너,야자수,,,,,1sp,가비지타임,"건담,앙스타,데못죽",,"성준수,전영중,홍차부,선아현,박문대,이세진",,로맨틱,,"만화,일러스트",YYuge_,https://dongne.co/events/df240902/circles/133989,제27회 디. 페스타(일),Day2
피로 쓰인 혈서,모시삼베,,,,,1sp,앙상블스타즈,로드오브히어로즈,,"사쿠마 레이,안즈",사쿠마 레 이X안즈,"로맨틱,섹슈얼",미하샬롯,만화,_MEETPIANO,https://dongne.co/events/df240902/circles/134161,제27회 디. 페스타(일),Day2
아니 근데 글쎄 걔가 먼저...!,닐림,,,,,1sp,발더스게이트3,,,,게일X타브,"로맨틱,섹슈얼",,소설,nillim_bg3,https://dongne.co/events/df240902/circles/133221,제27회 디. 페스타(일),Day2
볕이 드는 언덕길,쿠렌,,,,,1sp,윈브레,"카리스마 하우스,슬램덩크,가히리,프로세카",,,,,,,do__kuku,https://dongne.co/events/df240902/circles/133862,제27회 디. 페스타(일),Day2
살갗 너머 불온함,147,,,,,4sp,trpg (coc),,,,,,,소설,TR__pulse,https://dongne.co/events/df240902/circles/133733,제27회 디. 페스타(일),Day2
서클 귀환 못하면 죽는 병,인,,,,,4sp,"플레이브,가비지타임,화산귀환",,,,,,,일러스트,,https://dongne.co/events/df240902/circles/133926,제27회 디. 페스타(일),Day2
흉터 많은 유기농 남자 전문점,윤펭귄,,,,,1sp,대역전재판,,,"바로크 반직스,아소기 카즈마",아소기 카즈마X바로크 반직스,로맨틱,,소설,objectionguin,https://dongne.co/events/df240902/circles/133314,제27회 디. 페스타(일),Day2
나라 얻은 아나키스트처럼 울었다,알코올박스,,,,,1sp,TRPG,명일방주,,,,,,소설,box43167170,https://dongne.co/events/df240902/circles/133855,제27회 디. 페스타(일),Day2
국산 오타쿠,피나토,,,,,1sp,전지적 독자 시점,"데뷔못하면 죽는 병 걸림,내스급,화산귀환",,김독자,유중혁X김독자,로맨틱,,,pinytus,https://dongne.co/events/df240902/circles/133805,제27회 디. 페스타(일),Day2
레망 위원회,햄냐,,,,,2sp,로드오브히어로즈,,,프라우 레망,프라우X로드,"로맨틱,해당없음",온달로드,"소설,일러스트",Ham_gotcha,https://dongne.co/events/df240902/circles/134328,제27회 디. 페스타(일),Day2
마블 코믹스,WE,,,,,2sp,마블 코믹스,,,스파이더맨,,,,일러스트,WE_5104,https://dongne.co/events/df240902/circles/134312,제27회 디. 페스타(일),Day2
뭐든 하겟지,.,,,,,2sp,슬램덩크,가비지타임,,강백호,,,종수상호,만화,,https://dongne.co/events/df240902/circles/134029,제27회 디. 페스타(일),Day2
퓨어 다즐링,Beth,,,,,1sp,,,,,,,,소설,,https://dongne.co/events/df240902/circles/133530,제27회 디. 페스타(일),Day2
햇님 잡화점,나기,,,,,2sp,플레이브,하이큐.데못죽,,,,,,,,https://dongne.co/events/df240902/circles/133655,제27회 디. 페스타(일),Day2
님이 틀렸고 내가 맞아,낡고 지친 직장인 모임,,,,,2sp,기동전사 건담 SEED,"코드기어스,아이돌리쉬 세븐,화산귀환",,카가리 유라 아스하,아스란 자라X카가리 유라 아스하,로맨틱,"스자루루, 반모모, 유키모모, 당보청명",소설,,https://dongne.co/events/df240902/circles/133647,제27회 디. 페스타(일),Day2
일단 뭐라도 내는 부스,핫칠누,,,,,2sp,발더스게이트3,프로세카,,,,,,,chili_BG3,https://dongne.co/events/df240902/circles/133542,제27회 디. 페스타(일),Day2
오늘 메뉴는 초코 선데로,깡쯔(시오),,,,,1sp,블랙배저,,,힐데베르트,,,,"일러스트,만화,소설",dankixio,https://dongne.co/events/df240902/circles/133706,제27회 디. 페스타(일),Day2
진작 결혼을 했다면 이 사단이 안 났겠지,니은,,,,,1sp,트랜스포머 프라임,IDW 트랜스포머,,옵티머스 프라임,,섹슈얼,쇼크웨이브x오라이언 팩스(IDW),소설,tf_nieun,https://dongne.co/events/df240902/circles/133484,제27회 디. 페스타(일),Day2
형이 동생을 사랑하는걸 뭐라고함? ,마셔,,,,,2sp,아이돌리쉬세븐,,,,,,,"만화,일러스트,기타",g265936,https://dongne.co/events/df240902/circles/134311,제27회 디. 페스타(일),Day2
농구 한사바리,가보자고,,,,,2sp,가비지타임,,,지상고,기상호X정희찬,"로맨틱,섹슈얼","성준수x진재유, 조형석x이현성",,_ilikEit_E3_,https://dongne.co/events/df240902/circles/134146,제27회 디. 페스타(일),Day2
학교 없어없어 해 주세요!,직살,,,,,1sp,아이돌리쉬 세븐,,,"이즈미 이오리,나나세 리쿠",,해당없음,,소설,x17cks,https://dongne.co/events/df240902/circles/134298,제27회 디. 페스타(일),Day2
피로 매듭지은 사랑은,악쓰리,,,,,2sp,가비지타임,,,기상호,최종수X기상호,"로맨틱,섹슈얼","뱅상, 준상","만화,일러스트,소설",,https://dongne.co/events/df240902/circles/133150,제27회 디. 페스타(일),Day2
원조 카나가와 넘버원 김수겸,빵천,,,,,1sp,슬램덩크,가비지타임,,"김수겸,이정환",,,,"만화,공예,조형",gyumjeong,https://dongne.co/events/df240902/circles/133369,제27회 디. 페스타(일),Day2
이걸 안사다니! 이 폐물!,스노잉,,,,,2sp,,,,,,,,,,https://dongne.co/events/df240902/circles/133466,제27회 디. 페스타(일),Day2
학점 내팽겨치고 오타쿠짓 해서 교수님 깜짝 놀래켜야지,몽화,,,,,1sp,X,"보컬로이드,밀그램,슬램덩크,프로세카,걸즈밴드크라이,오버워치 등",,,,,,"만화,일러스트",Monghwa372_,https://dongne.co/events/df240902/circles/134420,제27회 디. 페스타(일),Day2
"아아, 이것이 바로 우리의 '진심' 이라는 것이다",리삐,,,,,1sp,카리스마 하우스,,오세리카 쁘띠존: 스물하나x스물다섯,"미나토 오오세,쿠사나기 리카이",,로맨틱,,일러스트,RK2MIG1,https://dongne.co/events/df240902/circles/134305,제27회 디. 페스타(일),Day2
청춘! 사랑!,와코,,,,,1sp,히로아카,"아이나나 주르,히로아카,유희왕 DM",,"데쿠,바쿠고",,로맨틱,,일러스트,punchline0_0,https://dongne.co/events/df240902/circles/133858,제27회 디. 페스타(일),Day2
탱태&댐준하는 부스,국산더덕,,,,,2sp,슬램덩크,,,"서태웅,송태섭,정대만,권준호",서태웅X송태섭,"섹슈얼,로맨틱",권준호x정대만,"일러스트,만화",slamtheduck,https://dongne.co/events/df240902/circles/133154,제27회 디. 페스타(일),Day2
갑사모,첼,,,,,2sp,가비지타임,,,"전영중,성준수",,해당없음,,소설,,https://dongne.co/events/df240902/circles/133625,제27회 디. 페스타(일),Day2
김종이,김종이,,,,,1sp,,,,,,,,,kim__paper,https://dongne.co/events/df240902/circles/134020,제27회 디. 페스타(일),Day2
깍앤꼭,꼬옥,,,,,2sp,슬램덩크,내스급 섀헌 숲뱃 마블,,정대만,,로맨틱,호열백호,"만화,일러스트",kkoog_TT,https://dongne.co/events/df240902/circles/133237,제27회 디. 페스타(일),Day2
꿈다락,꿈다락,,,,,2sp,오리지널,없음,,오리지널,,,,일러스트,Rabbitplanet1,https://dongne.co/events/df240902/circles/133839,제27회 디. 페스타(일),Day2
냐벤더,챠비별,,,,,2sp,,,,,,,,공예,,https://dongne.co/events/df240902/circles/133729,제27회 디. 페스타(일),Day2
사니챈,관니와도우미,,,,,1sp,도검난무,,,,,,,일러스트,nitosaniwa,https://dongne.co/events/df240902/circles/133287,제27회 디. 페스타(일),Day2
사매경,랄라,,,,,2sp,화산귀환,,,,,,,"만화,일러스트,기타",,https://dongne.co/events/df240902/circles/133420,제27회 디. 페스타(일),Day2
손부림,라야,,,,,2sp,태팅레이스,,,,,,,공예,sonbulim,https://dongne.co/events/df240902/circles/133629,제27회 디. 페스타(일),Day2
솥밥집,솥밥,,,,,2sp,내가 키운 S급들,"괴담에 떨어져도 출근을 해야 하는구나,데뷔 못하면 죽는 병 걸림",,,,,,"만화,일러스트",s0t_b0b,https://dongne.co/events/df240902/circles/133888,제27회 디. 페스타(일),Day2
열정부,서해,,,,,2sp,오리지널(1차창작),,,,,,,"만화,게임,기타",kaistpassion,https://dongne.co/events/df240902/circles/133863,제27회 디. 페스타(일),Day2
예로롱," 서비, 민들",,,,,2sp,플레이브,,,,,,,,"s_e_o_bee, mindeul00",https://dongne.co/events/df240902/circles/134218,제27회 디. 페스타(일),Day2
왹왹꽥,완두콩,,,,,1sp,이세계 착각 헌터,,,올 캐릭터,,,,"일러스트,공예,조형",,https://dongne.co/events/df240902/circles/133600,제27회 디. 페스타(일),Day2
젠디디,젠디디,,,,,2sp,,,,"제니,뚜기",,,,,,https://dongne.co/events/df240902/circles/134386,제27회 디. 페스타(일),Day2
조각보,황바다,,,,,2sp,,,,,,,,,hocean0117,https://dongne.co/events/df240902/circles/133899,제27회 디. 페스타(일),Day2
중국집,HMR,,,,,2sp,인사반파자구계통,,,,,"로맨틱,섹슈얼",,,,https://dongne.co/events/df240902/circles/133887,제27회 디. 페스타(일),Day2
쯔쩌적,쯔닝쯔니,,,,,2sp,아이돌리쉬 세븐,키미가시네,,"오오가미반리,유키,모모",,,,기타,3mptycart,https://dongne.co/events/df240902/circles/134308,제27회 디. 페스타(일),Day2
채보리,채보리,,,,,1sp,,,,,,,,일러스트,,https://dongne.co/events/df240902/circles/134076,제27회 디. 페스타(일),Day2
메지와 냥,메지,,,,,1sp,이세계 냥변,,,냥변,,,,만화,,https://dongne.co/events/df240902/circles/134421,제27회 디. 페스타(일),Day2
야구만 함,야로,,,,,1sp,다이아몬드에이스,프로야구생존기,,"사와무라,미유키",사와무라 에이준X미유키 카즈야,로맨틱,,만화,17171771_u,https://dongne.co/events/df240902/circles/133423,제27회 디. 페스타(일),Day2
지금이 제 인생의 리즈시절 같아요,대용·녹,,,,,2sp,카리스마,,오세리카 쁘띠존: 스물하나x스물다섯,,,,,,"Big__yOng, oOnogOo",https://dongne.co/events/df240902/circles/134447,제27회 디. 페스타(일),Day2
돌고래 옆 나루지기,아루,,,,,1sp,콜린스가의 유산,던전밥,,,,,,만화,,https://dongne.co/events/df240902/circles/133418,제27회 디. 페스타(일),Day2
타브가 다 처리했으니 안심하라구,캌피바라,,,,,2sp,발더스게이트3,"데스티니가디언즈2,트랜스포머",,,,,,"만화,일러스트,기타",,https://dongne.co/events/df240902/circles/133461,제27회 디. 페스타(일),Day2
라쓰고 뵥뵥,CHA챠,,,,,1sp,플레이브,,,,,,,"기타,일러스트",plaveflavor,https://dongne.co/events/df240902/circles/133621,제27회 디. 페스타(일),Day2
수공예 호더,타래,,,,,1sp,,,,,,,,,ururuk516,https://dongne.co/events/df240902/circles/134466,제27회 디. 페스타(일),Day2
이주의 마법,이주,,,,,2sp,소라의 언어,선덕여왕,,,,,,일러스트,DAILEEZU,https://dongne.co/events/df240902/circles/133774,제27회 디. 페스타(일),Day2
집으로 가자,솔,,,,,1sp,"어바등,공회주","명급리,블랙 배저",,,,,,,,https://dongne.co/events/df240902/circles/133310,제27회 디. 페스타(일),Day2
토마토 뷔페,고게비,,,,,1sp,앙상블스타즈!!(앙스타),,,,세나 이즈미X스오우 츠카사,"로맨틱,섹슈얼",,소설,berkana_st,https://dongne.co/events/df240902/circles/133761,제27회 디. 페스타(일),Day2
사금과 황옥 ,ㅁㅇ,,,,,1sp,붕괴: 스타레일,,,"어벤츄린,토파즈",어벤츄린X토파즈,로맨틱,,소설,meuni_07,https://dongne.co/events/df240902/circles/133546,제27회 디. 페스타(일),Day2
아무튼 신간 낸다,자원,,,,,2sp,데뷔 못 하면 죽는 병 걸림,,,박문대,김래빈X박문대,"로맨틱,섹슈얼,해당없음",유진문대,"만화,소설",,https://dongne.co/events/df240902/circles/133214,제27회 디. 페스타(일),Day2
청명한 하늘 아래 미인들,잉어연못,,,,,2sp,화산귀환,진혼기,,청명,청명X당보,"로맨틱,섹슈얼",설영자하,"만화,일러스트,소설,기타",ingeoyeon,https://dongne.co/events/df240902/circles/133441,제27회 디. 페스타(일),Day2
그림체 취향 시피성향 모든 것이 반대인 사람들이 친구이면 나오는 부스,레래,,,,,2sp,슬램덩크,"1차창작,하데스,롤",,송태섭,정우성X송태섭,"해당없음,로맨틱","명헌태섭, 창작커플",,FKMRSA_ReRae,https://dongne.co/events/df240902/circles/134034,제27회 디. 페스타(일),Day2
엄마가 아들 사랑하면 무슨 콤플렉스냐?,초보,,,,,1sp,"버디 미션 BOND,역전재판",,,,루크 윌리엄스X체슬리 니콜스,"로맨틱,섹슈얼",,"만화,일러스트",firstdrive_,https://dongne.co/events/df240902/circles/134455,제27회 디. 페스타(일),Day2
된다면 간다!,노예,,,,,1sp,앙상블 스타즈!! Music,,,"오우카와 코하쿠,미케지마 마다라",,"로맨틱,섹슈얼",,"만화,일러스트",amolajinzza,https://dongne.co/events/df240902/circles/134237,제27회 디. 페스타(일),Day2
다이아 분쇄기,iple,,,,,1sp,앙상블 스타즈!! Music,,,,,,,소설,,https://dongne.co/events/df240902/circles/133244,제27회 디. 페스타(일),Day2
스위트 오렌지,Dou,,,,,1sp,,,,슬램덩크,,,,,xcz__ff10,https://dongne.co/events/df240902/circles/134056,제27회 디. 페스타(일),Day2
염소야 위험해,천염소,,,,,2sp,이나즈마일레븐 go,히프노시스마이크,,,마츠카제 텐마X슈,"로맨틱,섹슈얼",,"만화,일러스트,소설",Koyagiistsbaby,https://dongne.co/events/df240902/circles/133693,제27회 디. 페스타(일),Day2
은솔아 돌아와,,,,,,2sp,화산귀환,,,청명,,,,일러스트,sa8_sa8,https://dongne.co/events/df240902/circles/133793,제27회 디. 페스타(일),Day2
힌나를 찾아서,포터필터,,,,,2sp,골든 카무이,"카리스마,우마무스메",,코이토 오토노신,코이토 오토노신X츠키시마 하지메,"섹슈얼,로맨틱",,"만화,일러스트",furufurude,https://dongne.co/events/df240902/circles/134220,제27회 디. 페스타(일),Day2
이만한 남자가 없더라,"비사, 찬라",,,,,2sp,"아이돌리쉬 세븐,명문고 EX급 조연의 리플레이",,,,이즈미 미츠키X니카이도 야마토,"로맨틱,섹슈얼","황호X조의신, 카바네X쿠온","만화,소설,일러스트","bisa_otk, chanlandise",https://dongne.co/events/df240902/circles/133810,제27회 디. 페스타(일),Day2
이상한 나라의 잡화점,빵,,,,,2sp,,,,,,,,공예,0110_101,https://dongne.co/events/df240902/circles/134001,제27회 디. 페스타(일),Day2
지고천 연구소 양재점,홍동,,,,,1sp,세포신곡,,,,,,,,hdong_st,https://dongne.co/events/df240902/circles/133868,제27회 디. 페스타(일),Day2
최애는 바라만 보아도 좋다,보라,,,,,1sp,데뷔 못하면 죽는 병 걸림,,,,,,,,,https://dongne.co/events/df240902/circles/134192,제27회 디. 페스타(일),Day2
"치료가 필요한 정도로 심각한 '향수 중독증'입니다. 흥, 웃기는 향기. ",All ; Factory System,,,,,1sp,,,,,,,,,AFS_allfactory,https://dongne.co/events/df240902/circles/133856,제27회 디. 페스타(일),Day2
샹하이 샹하이 애정결핍,유행,,,,,1sp,대역전재판,,,나루호도 류노스케+아소기 카즈마,,,,만화,foundhappyplace,https://dongne.co/events/df240902/circles/133775,제27회 디. 페스타(일),Day2
아직도 어른이 아닙니다,아이비,,,,,1sp,,,,,,,,,,https://dongne.co/events/df240902/circles/133750,제27회 디. 페스타(일),Day2
마감은 미래의 도롱이가 못함,개샴,,,,,2sp,,,,아오야기 토우야,시노노메 아키토X아오야기 토우야,로맨틱,,,,https://dongne.co/events/df240902/circles/133351,제27회 디. 페스타(일),Day2
악마는 신에게 의존하지 않는다 ,입부지원서,,,,,1sp,아이실드21,,,"아곤,히루마",,"로맨틱,섹슈얼",,,otakudesu_0,https://dongne.co/events/df240902/circles/133435,제27회 디. 페스타(일),Day2
레이도 코가빵 먹고싶겠지,레코,,,,,1sp,앙상블 스타즈,,,,,"로맨틱,섹슈얼",,,reko_half,https://dongne.co/events/df240902/circles/133893,제27회 디. 페스타(일),Day2
공들이 잘못했다,소소,,,,,1sp,가비지타임,,,성준수,,,,"만화,일러스트,소설,사진,공예,조형,기타",,https://dongne.co/events/df240902/circles/134113,제27회 디. 페스타(일),Day2
쵱컾이 둘이라니,랜걸,,,,,1sp,아이돌리쉬세븐,,,"이누마루 토우마,미도 토라오,니카이도 야마토,야오토메 가쿠",토라오X토우마,"로맨틱,섹슈얼",가쿠야마,"소설,공예",rinmrfg,https://dongne.co/events/df240902/circles/133311,제27회 디. 페스타(일),Day2
취미로 농구하는 사람,장벅,,,,,2sp,가비지타임,,,,,,,,To_Jangbeok,https://dongne.co/events/df240902/circles/133580,제27회 디. 페스타(일),Day2
모르는 부스보다 나은 부스,껴리,,,,,2sp,발더스 게이트3,,,,,,,,Ggyeoly27,https://dongne.co/events/df240902/circles/134392,제27회 디. 페스타(일),Day2
어둠의 듀얼에서 져서 생긴 부스,사밧,,,,,1sp,유희왕 5DS,,,"후도 유세이,잭 아틀라스,크로우 호건,이자요이 아키",,해당없음,,"만화,일러스트",sabbat_00,https://dongne.co/events/df240902/circles/133364,제27회 디. 페스타(일),Day2
옥상조 옥상으로 따라와,하울림,,,,,1sp,원피스,,,,,,,만화,KOR_HUL,https://dongne.co/events/df240902/circles/134140,제27회 디. 페스타(일),Day2
양심은 카멜롯에 팔았습니다☆,NaCl,,,,,1sp,로오히,,,,어둠] 라샤드X빛] 라샤드,,,"소설,기타",,https://dongne.co/events/df240902/circles/133263,제27회 디. 페스타(일),Day2
마오중 미식축구공,호오구,,,,,1sp,아이실드 21,,,히루마 요이치,,"로맨틱,섹슈얼","무사히루, 히루마른","만화,일러스트,기타",hohoho_9_,https://dongne.co/events/df240902/circles/133442,제27회 디. 페스타(일),Day2
신비한 장르연구회,"J, 륭",,,,,2sp,"마블,슬램덩크,콜 오브 듀티",,,,,,,,"4tleastoneforU, ryungsillust",https://dongne.co/events/df240902/circles/133534,제27회 디. 페스타(일),Day2
악마는 공동전선의 꿈을 꾸는가?,남다,,,,,1sp,아이실드21,,,"콘고 아곤,히루마 요이치",콘고아곤X히루마요이치,"로맨틱,섹슈얼","무사히루, 히루마른","만화,기타",ND_1_5,https://dongne.co/events/df240902/circles/133443,제27회 디. 페스타(일),Day2
따봉을 드리겠습니다,.,,,,,1sp,명탐정코난,,,,,,,만화,,https://dongne.co/events/df240902/circles/133524,제27회 디. 페스타(일),Day2
시엘로&마레 잡화점,akisage,,,,,1sp,,,,,,,,,yuraseon00,https://dongne.co/events/df240902/circles/133529,제27회 디. 페스타(일),Day2
가보자고,댜람,,,,,1sp,가비지타임,,,,,,,,,https://dongne.co/events/df240902/circles/133779,제27회 디. 페스타(일),Day2
고양이숲,시루,,,,,1sp,금붕어,쥐 인형과 티코스터,,오리지널 캐릭터,,,,공예,siru_crochet,https://dongne.co/events/df240902/circles/133999,제27회 디. 페스타(일),Day2
국사무쌍,"두루미, 콜",,,,,1sp,"가비지타임,문과라도 안 죄송한 이세계로 감",,,"박병찬,프란 화이트",,로맨틱,문송안함 NCP,"만화,소설","redcrowen_, Qookol__",https://dongne.co/events/df240902/circles/133433,제27회 디. 페스타(일),Day2
굿즈워크,굿즈워크,,,,,2sp,메이드 아가씨,"여기사 아가씨,메모리얼 서킷,서바이벌 서클,나는 평생 그녀와 함께한다,벚꽃의 정령을 아이돌로 만드는 법,이별 끝에 만난다면",,,,,,게임,goodswork_,https://dongne.co/events/df240902/circles/134439,제27회 디. 페스타(일),Day2
냥이모찌,만두냥이,,,,,2sp,"주술회전,스파이패밀리",산나비,,,,,,,cats_mandu,https://dongne.co/events/df240902/circles/134032,제27회 디. 페스타(일),Day2
농놀회전,not,,,,,2sp,주술회전,"가비지타임,슬램덩크",,,,,호백,,,https://dongne.co/events/df240902/circles/133370,제27회 디. 페스타(일),Day2
다정한집,냘구,,,,,2sp,,,,,,,,만화,apricot_tarte_,https://dongne.co/events/df240902/circles/133387,제27회 디. 페스타(일),Day2
댄싱래빗,댄싱래빗,,,,,2sp,,,,,,,,,oyo_atelier,https://dongne.co/events/df240902/circles/133554,제27회 디. 페스타(일),Day2
도순상점,김도순,,,,,1sp,햄스터 창작 캐릭터,,,햄스터 창작 캐릭터,,,,"일러스트,공예",dosoon_sutido,https://dongne.co/events/df240902/circles/134199,제27회 디. 페스타(일),Day2
되면한다,"유몽민, 생계형마리모",,,,,2sp,앙상블스타즈,,,"하카제 카오루,아마기 린네",,,,,,https://dongne.co/events/df240902/circles/133929,제27회 디. 페스타(일),Day2
두다다다,두두,,,,,2sp,앙상블스타즈!,플레이브,,,,,,,,https://dongne.co/events/df240902/circles/133740,제27회 디. 페스타(일),Day2
두부그림,두부,,,,,1sp,1차창작,"봇치더락,블루아카이브",,,,,,일러스트,dooboo200,https://dongne.co/events/df240902/circles/133819,제27회 디. 페스타(일),Day2
두세시쯤,철도,,,,,1sp,니지산지,,,"니지산지 모토kr,JP 위주",,,,일러스트,wecansavethe000,https://dongne.co/events/df240902/circles/133820,제27회 디. 페스타(일),Day2
뚱뚱땅땅,뚱땅,,,,,2sp,하이큐,,,카게야마 토비오,,,,일러스트,DD00NNGG,https://dongne.co/events/df240902/circles/133452,제27회 디. 페스타(일),Day2
레몬벨벳,멜론소보로,,,,,2sp,좀비시드,꽃의 새벽,,,,,,게임,D_awnflowers,https://dongne.co/events/df240902/circles/133571,제27회 디. 페스타(일),Day2
레위네집,레위,,,,,1sp,로드오브히어로즈,그판세,,,,,,,rewee_90,https://dongne.co/events/df240902/circles/134278,제27회 디. 페스타(일),Day2
로봇사탕,당근,,,,,1sp,프로젝트 세카이,,,"카미시로 루이,텐마 츠카사,쿠사나기 네네,오오토리 에무",쿠사나기 네네X오오토리 에무,로맨틱,루이츠카,,dried_carrot,https://dongne.co/events/df240902/circles/134364,제27회 디. 페스타(일),Day2
로튼캔들,salty,,,,,1sp,오리지널,,,,,,,"기타,일러스트",saltyy666,https://dongne.co/events/df240902/circles/133525,제27회 디. 페스타(일),Day2
릴라랜드,릴라,,,,,1sp,,,,"연,벼리,랑아,호",,,,일러스트,,https://dongne.co/events/df240902/circles/134145,제27회 디. 페스타(일),Day2
반스웍스,blueeldin,,,,,2sp,,,,,,,,게임,bans_works,https://dongne.co/events/df240902/circles/133516,제27회 디. 페스타(일),Day2
벨로벨로,벨로,,,,,1sp,화산귀환,,,,,,,,kurobina_bello,https://dongne.co/events/df240902/circles/133598,제27회 디. 페스타(일),Day2
쁘띠뽀짝,뽀짝쿵야,,,,,2sp,"화산귀환,플레이브","코난,슬램덩크,데못죽,하이큐,전독시 등",,,,,,,BBoJJaKKyu,https://dongne.co/events/df240902/circles/133291,제27회 디. 페스타(일),Day2
산지직송,강원도감자,,,,,2sp,발더스게이트3,,,,,,,,,https://dongne.co/events/df240902/circles/133200,제27회 디. 페스타(일),Day2
송송문구,송송,,,,,1sp,,,,,,,,일러스트,__songsong_,https://dongne.co/events/df240902/circles/134468,제27회 디. 페스타(일),Day2
순애별장,메린,,,,,2sp,슬램덩크,골든카무이,,"서태웅,강백호,송태섭,정대만",,로맨틱,태섭대만,만화,merinme99,https://dongne.co/events/df240902/circles/133319,제27회 디. 페스타(일),Day2
아무거나,바구리 윅,,,,,2sp,존윅,,,존윅,,,,,baguri_wick,https://dongne.co/events/df240902/circles/133327,제27회 디. 페스타(일),Day2
에이나나,지카,,,,,2sp,"아이돌리쉬세븐,에일리언 스테이지,가비지 타임",,,,,,,,zika0816,https://dongne.co/events/df240902/circles/133894,제27회 디. 페스타(일),Day2
연메이드,연메이드,,,,,1sp,,,,메쥬멍지,,,,일러스트,,https://dongne.co/events/df240902/circles/134422,제27회 디. 페스타(일),Day2
연속효도,사이버효자,,,,,1sp,세포신곡,,,,,,,,MOZAthehat,https://dongne.co/events/df240902/circles/134024,제27회 디. 페스타(일),Day2
오늘공방,포미,,,,,1sp,"레진 키링,요술봉",탑로더,,,,,,,oneul_resin,https://dongne.co/events/df240902/circles/133732,제27회 디. 페스타(일),Day2
올망졸망,깨갱,,,,,2sp,,"하이큐,주술회전,괴수8호",,"츠키시마 케이,쿠로오 테츠로,아카아시 케이지,보쿠토 코타로,히나타 쇼요,카게야마 토비오",,로맨틱,"보쿠토 코타로 X 아카아시 케이지, 카게야마 토비오 X 히나타 쇼요",,,https://dongne.co/events/df240902/circles/134255,제27회 디. 페스타(일),Day2
우쥬부스,"째무, 쥐돌",,,,,2sp,슬램덩크,모브사이코100,,양호열,양호열X강백호,"로맨틱,섹슈얼","카게야마 리츠, 리츠레이","공예,일러스트",HeySayJAMU,https://dongne.co/events/df240902/circles/133116,제27회 디. 페스타(일),Day2
원썸모어,모어,,,,,1sp,슬램덩크,,,정우성 서태웅 윤대협,정우성X서태웅,"로맨틱,섹슈얼","대협태웅, 우성태웅, 백호태웅, 태웅른","소설,공예,기타",aemore21,https://dongne.co/events/df240902/circles/134363,제27회 디. 페스타(일),Day2
은민상점,은민,,,,,1sp,,,,,,,,일러스트,em913em,https://dongne.co/events/df240902/circles/133870,제27회 디. 페스타(일),Day2
잠지만요,캥떵이,,,,,2sp,은혼,"헌터x헌터,나루토",,,,,,일러스트,shilohhhl,https://dongne.co/events/df240902/circles/133982,제27회 디. 페스타(일),Day2
잡덕부스,북토,,,,,1sp,.,,,,,,,,,https://dongne.co/events/df240902/circles/133827,제27회 디. 페스타(일),Day2
주술팔찌,Gego,,,,,1sp,주술회전,,,"고죠,게토",,,,공예,,https://dongne.co/events/df240902/circles/134057,제27회 디. 페스타(일),Day2
짬뽕슐리,masoidea,,,,,2sp,더퍼스트 슬램덩크,"플레이브,MCU,리바운드",,,,,,,,https://dongne.co/events/df240902/circles/133505,제27회 디. 페스타(일),Day2
차미차니,섬지,,,,,2sp,골든카무이,원신,,오가타,,,,"공예,일러스트",,https://dongne.co/events/df240902/circles/133239,제27회 디. 페스타(일),Day2
치바살롱,은재,,,,,2sp,아이돌리쉬세븐,,,"니카이도 야마토,오리카사 유키토",니카이도 야마토X오리카사 유키토,,,,0gamiBanri_wife,https://dongne.co/events/df240902/circles/133492,제27회 디. 페스타(일),Day2
큐치숙제,ssub,,,,,2sp,하이큐,,,,,,,,fovopobo,https://dongne.co/events/df240902/circles/133337,제27회 디. 페스타(일),Day2
큐티빠띠,키냐,,,,,1sp,가비지타임,보컬로이드,,,,,,일러스트,misonyeon_S2,https://dongne.co/events/df240902/circles/134350,제27회 디. 페스타(일),Day2
킬더실버,그은,,,,,2sp,,,,,,,,공예,kil_the_silver,https://dongne.co/events/df240902/circles/133699,제27회 디. 페스타(일),Day2
토마토맛,호,,,,,2sp,"윈브레,슬램덩크",,,,,,,,"77ho_i7, 14ho_sd",https://dongne.co/events/df240902/circles/133428,제27회 디. 페스타(일),Day2
틸올아원,유,,,,,1sp,트랜스포머 비스트워즈,트랜스포머 비스트의 서막,,"에어레이저,타이거트론,렘페이지,뎁스차지,실버볼트,블랙아라크니아",타이거트론X에어레이저,로맨틱,"렘페이지, 뎁스차지 / 실버볼트, 블랙아라크니아","기타,조형",YU_Transformers,https://dongne.co/events/df240902/circles/133657,제27회 디. 페스타(일),Day2
페르마타,가현,,,,,2sp,파이널판타지14,창작,,그라하티아,,,,,mattang0915,https://dongne.co/events/df240902/circles/133328,제27회 디. 페스타(일),Day2
하롱살롱,하롱살롱,,,,,4sp,,,,,,,,,,https://dongne.co/events/df240902/circles/133290,제27회 디. 페스타(일),Day2
밍밍하이~,삼밍,,,,,2sp,플레이브,,,플레이브,,,,,_catcollecter,https://dongne.co/events/df240902/circles/134151,제27회 디. 페스타(일),Day2
무광상점 (디. 페스타의 모습),무광,,,,,1sp,포켓몬스터,마비노기,,,,,,,0doredore,https://dongne.co/events/df240902/circles/133225,제27회 디. 페스타(일),Day2
던전에서 밥 먹는 모임,고롤,,,,,2sp,"던전밥,블루아카이브,오란고교호스트부","우마무스메,뜨개,창작스티커",,라이오스 등,,,,"일러스트,공예,조형",rorotheroro00,https://dongne.co/events/df240902/circles/134471,제27회 디. 페스타(일),Day2
만문집사 분점,촙,,,,,1sp,원신,붕괴스타레일,,,,로맨틱,"탈종,탐캅,경블,레츄",만화,pprk1122,https://dongne.co/events/df240902/circles/133685,제27회 디. 페스타(일),Day2
바보들의 행진,"바보개, 둥근해",,,,,2sp,아이돌리쉬세븐,,,,이즈미 미츠키X이즈미 이오리,,"미츠이오미츠, NCP",,,https://dongne.co/events/df240902/circles/133339,제27회 디. 페스타(일),Day2
료모모가 있는 집,료순이,,,,,1sp,아이돌리쉬세븐,,,,츠쿠모 료X모모,,,,ryosang_0909,https://dongne.co/events/df240902/circles/133821,제27회 디. 페스타(일),Day2
디노젤리 많이 주시길 바랍니다,"산적맨, 콩벌",,,,,2sp,카리스마 하우스,,오세리카 쁘띠존: 스물하나x스물다섯,"오오세 미나토,쿠사나기 리카이",오오세 미나토X쿠사나기 리카이,"로맨틱,섹슈얼",,"만화,일러스트,기타","greennnong, cong1027",https://dongne.co/events/df240902/circles/134400,제27회 디. 페스타(일),Day2
스튜디오 묘니&무스,스튜디오묘니&무스,,,,,4sp,"포밍이와 친구들,무스",,,,,,,일러스트,"studio_myoni, mousse_store",https://dongne.co/events/df240902/circles/133799,제27회 디. 페스타(일),Day2
도마뱀의 보물함,해룡,,,,,1sp,,,,,,,,,,https://dongne.co/events/df240902/circles/133185,제27회 디. 페스타(일),Day2
레노카프 결사대,가짜괘수,,,,,1sp,괴수8호,,,"이치카와 레노,히비노 카프카",이치카와 레노X히비노 카프카,로맨틱,,만화,gazzagaesu,https://dongne.co/events/df240902/circles/133747,제27회 디. 페스타(일),Day2
매운음식 동호회,먼지,,,,,2sp,아이돌리쉬세븐,,,오오사카 소고,미도 토라오X오오사카 소고,해당없음,이오리쿠,"만화,일러스트,기타",mun_g_i,https://dongne.co/events/df240902/circles/133742,제27회 디. 페스타(일),Day2
바리바리 보부상,포테피,,,,,2sp,아이돌리쉬세븐,"프로세카,데레마스,가쿠마스,죠죠의 기묘한모험,이브",,,,,,일러스트,potepi_cm,https://dongne.co/events/df240902/circles/134393,제27회 디. 페스타(일),Day2
사이쿄대 문예부,사라사,,,,,2sp,아이실드21,,,히루마요이치,콘고아곤X히루마요이치,"로맨틱,섹슈얼","무사히루, 모브히루",만화,salasa075,https://dongne.co/events/df240902/circles/133182,제27회 디. 페스타(일),Day2
얼레벌레 로도스,햄작,,,,,1sp,명일방주,,,,,,,,mmix_pp,https://dongne.co/events/df240902/circles/134077,제27회 디. 페스타(일),Day2
에메랄드 그로브,트윅스,,,,,1sp,발더스 게이트 3,,,"할신,그 외 올캐러",,,,일러스트,,https://dongne.co/events/df240902/circles/133160,제27회 디. 페스타(일),Day2
오세리카 쁘띠존,세야,,,,,1sp,카리스마 하우스,,오세리카 쁘띠존: 스물하나x스물다섯,"미나토 오오세,쿠사나기 리카이",미나토 오오세X쿠사나기 리카이,"로맨틱,섹슈얼",,"만화,일러스트",Seissseses,https://dongne.co/events/df240902/circles/134456,제27회 디. 페스타(일),Day2
윈브레와 공놀이,토마토,,,,,1sp,윈브레,"슬램덩크,가비지타임,하이큐",,"우메미야,사쿠라,스오,윤대협,서태웅",,로맨틱,윤대협 서태웅,"공예,일러스트,기타",WB_Tomato,https://dongne.co/events/df240902/circles/134051,제27회 디. 페스타(일),Day2
우파우파 유치원 ,빈제,,,,,1sp,포켓몬스터,,,포켓몬,,,,게임,,https://dongne.co/events/df240902/circles/134426,제27회 디. 페스타(일),Day2
북산으로 이행시 갑니다,Akon,,,,,2sp,슬램덩크,,,호열백호,,,,"일러스트,만화",Nongnol234,https://dongne.co/events/df240902/circles/133362,제27회 디. 페스타(일),Day2
가을맞이 작은상점,별모래,,,,,1sp,"수공예,레진공예,가죽공예,마크라메,창작시집",,,,,,,"공예,기타",,https://dongne.co/events/df240902/circles/133568,제27회 디. 페스타(일),Day2
강아지가 귀여워요,루,,,,,1sp,닌타마,,,,,,,"공예,일러스트,기타",bck_right,https://dongne.co/events/df240902/circles/134091,제27회 디. 페스타(일),Day2
농구회전 빵야빵야,S,,,,,2sp,주술회전,슬램덩크,,송태섭,태섭X대만,,"치수x대만, 고죠x후시","일러스트,소설,만화",,https://dongne.co/events/df240902/circles/133356,제27회 디. 페스타(일),Day2
말랑햄과 땅콩탑꾸,감자,,,,,2sp,,,,말랑햄과 땅콩쥐,,,,"일러스트,공예",san1_top,https://dongne.co/events/df240902/circles/134472,제27회 디. 페스타(일),Day2
살카즈의 흥망성쇠,육각형원석,,,,,2sp,명일방주,,,,외드레르X이네스,로맨틱,,"만화,일러스트",co_co_dayo_,https://dongne.co/events/df240902/circles/134222,제27회 디. 페스타(일),Day2
연인이상 친구미만,NZ,,,,,2sp,단간론파,,,,,,,일러스트,,https://dongne.co/events/df240902/circles/134202,제27회 디. 페스타(일),Day2
오세리카 수산시장,"쭈꾸미, 멸치",,,,,2sp,카리스마 하우스,,오세리카 쁘띠존: 스물하나x스물다섯,"미나토 오오세,쿠사나기 리카이",,"로맨틱,섹슈얼",,,"D0ntdie, p0popki9o",https://dongne.co/events/df240902/circles/134396,제27회 디. 페스타(일),Day2
☆빛나라 소시민의 별!☆,도라,,,,,1sp,소시민 시리즈,,,"고바토 조고로,오사나이 유키",고바토 조고로X오사나이 유키,"로맨틱,해당없음",,"만화,일러스트",B3RRYT4RT,https://dongne.co/events/df240902/circles/134374,제27회 디. 페스타(일),Day2
나루호도 만능문방구,햄,,,,,2sp,역전재판,대역전재판(무료 배포본),,"나루호도 류이치,오도로키 호스케,키즈키 코코네,가류 쿄야 등",,,,일러스트,asogokazuman,https://dongne.co/events/df240902/circles/134203,제27회 디. 페스타(일),Day2
야영물자 챙겨가세요~♡,하하,,,,,1sp,발더스게이트3,미정,,올캐러,,,,게임,tabeudeoji11909,https://dongne.co/events/df240902/circles/134467,제27회 디. 페스타(일),Day2
박사님의 엘리트하지못한 일상,페이슈,,,,,1sp,명일방주,,,,,,,일러스트,,https://dongne.co/events/df240902/circles/134232,제27회 디. 페스타(일),Day2
둥지에서...엘의 울림이 들려와.,퍼플,,,,,2sp,"엘소드,제5인격,솜인형",페르소나,,,,,,,purple_1line,https://dongne.co/events/df240902/circles/133402,제27회 디. 페스타(일),Day2
미스티쉬&져배&마생,remmnoth0728,,,,,1sp,,,,,,,,공예,mistisch_2020,https://dongne.co/events/df240902/circles/133494,제27회 디. 페스타(일),Day2
경단공작소,능이,,,,,2sp,스타레일,,,,,,,"만화,일러스트",,https://dongne.co/events/df240902/circles/133195,제27회 디. 페스타(일),Day2
경단보급소,휴,,,,,2sp,붕괴 스타레일,,,,,"로맨틱,섹슈얼",,만화,hue_hsr,https://dongne.co/events/df240902/circles/133639,제27회 디. 페스타(일),Day2
경단제작소,류논,,,,,2sp,붕괴:스타레일,,,"경원,단항",경원X단항,"로맨틱,섹슈얼",,"만화,소설",,https://dongne.co/events/df240902/circles/133144,제27회 디. 페스타(일),Day2
굿럭투더캣,준아,,,,,1sp,,,,"아포,가토",,,,일러스트,goodluck_tothecat,https://dongne.co/events/df240902/circles/134409,제27회 디. 페스타(일),Day2
남자어머니,요망,,,,,2sp,앙상블스타즈!!,,,미케지마 마다라,미케지마 마다라X안즈,로맨틱,,만화,yomang___,https://dongne.co/events/df240902/circles/134053,제27회 디. 페스타(일),Day2
도깨비상점,도깨비상점,,,,,2sp,,,,,,,,공예,kkebistore,https://dongne.co/events/df240902/circles/133636,제27회 디. 페스타(일),Day2
도토리카페,riri,,,,,1sp,앙상블 스타즈,붕괴 스타레일,,,,,,"만화,일러스트",remi_riri,https://dongne.co/events/df240902/circles/133132,제27회 디. 페스타(일),Day2
라빗플래닛,라빗플래닛,,,,,1sp,라빗 아트토이,,,라빗,,,,"공예,조형,기타",rabitt_planet,https://dongne.co/events/df240902/circles/134319,제27회 디. 페스타(일),Day2
롬다롬다롬,도람,,,,,1sp,,,,,,,,,doramdarom,https://dongne.co/events/df240902/circles/133343,제27회 디. 페스타(일),Day2
맡구랑나랑,해안구,,,,,2sp,,,,,,,,,hag_52,https://dongne.co/events/df240902/circles/133446,제27회 디. 페스타(일),Day2
먹다만우동,순두부우동,,,,,1sp,붕괴 스타레일,,,,경원X블레이드,,,만화,,https://dongne.co/events/df240902/circles/133618,제27회 디. 페스타(일),Day2
무라도설깨,"무라도썰자, 설탕, 깨소금",,,,,2sp,"닌타마 란타로,멋진 징조들+루시퍼(크로스오버),모브사이코100",,,,,,,소설,sp_rengoku_bros,https://dongne.co/events/df240902/circles/133802,제27회 디. 페스타(일),Day2
붕붕묶어라,붐붐,,,,,1sp,포켓몬,스플래툰 사이퍼즈,,,,,,,flomyboom,https://dongne.co/events/df240902/circles/133344,제27회 디. 페스타(일),Day2
신기하네요,아이작,,,,,1sp,오디세이아,,,,,로맨틱,,만화,issac0714,https://dongne.co/events/df240902/circles/134432,제27회 디. 페스타(일),Day2
애플블로썸,소내,,,,,1sp,데못죽,"초심돌,세포신곡",,,,,,일러스트,,https://dongne.co/events/df240902/circles/133148,제27회 디. 페스타(일),Day2
울트라런너,":, 리오나, yahsooh",,,,,2sp,"테일즈런너(국민캐주얼레이싱온라인PC게임),울트라맨 긴가S",,,"스토리캐릭터(엘림스 스마일,카인 레인울프,셀리아,로로아),NPC(이든 화이트 체임벌린,염라,마고),upg",,,히카쇼,"만화,일러스트,기타","trunill, liona_tr, yahsooh_married",https://dongne.co/events/df240902/circles/133406,제27회 디. 페스타(일),Day2
웃츄피렌체,구십,,,,,2sp,앙상블스타즈!!,아이돌리쉬세븐,,,츠키나가 레오X세나 이즈미,해당없음,모모유키,"만화,일러스트",gusip910,https://dongne.co/events/df240902/circles/133520,제27회 디. 페스타(일),Day2
이번에는꼭,Asi,,,,,1sp,화산귀환,,,,,,,,,https://dongne.co/events/df240902/circles/133950,제27회 디. 페스타(일),Day2
자부의미학,정연재,,,,,1sp,세포신곡,보카로PV,,이소이 하루키,이소이 하루키X우츠기 노리유키,"로맨틱,섹슈얼","스오익스, 나리아니스(백합드림),하츠세오","소설,일러스트,공예",lunatig_0904,https://dongne.co/events/df240902/circles/133951,제27회 디. 페스타(일),Day2
잘린손신전,"ㅈㅑㅇ,알림",,,,,2sp,발더스게이트 3,,,게일 데카리오스,,섹슈얼,,,,https://dongne.co/events/df240902/circles/133205,제27회 디. 페스타(일),Day2
조네의책방,leeyj2113,,,,,2sp,,,,,,,,일러스트,,https://dongne.co/events/df240902/circles/134013,제27회 디. 페스타(일),Day2
좋으면야옹,dlawlgh56,,,,,2sp,"윈브레,하이큐",,,"사쿠라,스오,히이라기,사코",,,,"만화,일러스트,기타",dalteyeon,https://dongne.co/events/df240902/circles/133513,제27회 디. 페스타(일),Day2
진티엔리밍,kje1213114,,,,,2sp,,,,,,,,공예,,https://dongne.co/events/df240902/circles/133777,제27회 디. 페스타(일),Day2
팀아틀리에,온리원,,,,,1sp,데못죽,,,,,,,일러스트,TeamAtelie,https://dongne.co/events/df240902/circles/133882,제27회 디. 페스타(일),Day2
파울플레이,이솔,,,,,2sp,가비지타임,,,성준수,공태성X성준수,"로맨틱,섹슈얼",,,Isol_SP,https://dongne.co/events/df240902/circles/133312,제27회 디. 페스타(일),Day2
포리포리칩,Kiwiiii,,,,,2sp,,,,,,,,,,https://dongne.co/events/df240902/circles/133278,제27회 디. 페스타(일),Day2
너구리농장 ,맹꽁,,,,,2sp,프로젝트세카이,,,24시 나이트코드에서,,,,일러스트,,https://dongne.co/events/df240902/circles/134079,제27회 디. 페스타(일),Day2
에스페란사 ,천경,,,,,2sp,천관사복,흑집사 나츠메우인장 마도조사 이합화타적백묘사존,,,,,,,,https://dongne.co/events/df240902/circles/133138,제27회 디. 페스타(일),Day2
말랑이헌터 & 루달문방구,늘두,,,,,1sp,헌터x헌터,1차 창작,,"이르미,히소카",,,,만화,hxh_neuldo,https://dongne.co/events/df240902/circles/134389,제27회 디. 페스타(일),Day2
백년호합탕 한 사발 사랑하는 거 아니었어?!,콩 & Mi41,,,,,2sp,천관사복 & 창작,"마도조사,인사반파 & 창작",,묵향즈 & ㅇㅇㅁㅁ,화성X사련,,"망무, 빙추, 막상",기타,kong_mdzs,https://dongne.co/events/df240902/circles/133988,제27회 디. 페스타(일),Day2
베사메무쵸 클럽,히꼬,,,,,1sp,가비지타임,사이퍼즈,,준수 영중 로라스 드렉슬러,준수X영중,,,만화,,https://dongne.co/events/df240902/circles/134410,제27회 디. 페스타(일),Day2
소우타마가 있는 집,니니니니,,,,,2sp,아이돌리쉬세븐,,,,오오사카 소고X요츠바 타마키,"로맨틱,해당없음",,"만화,기타",oossama_,https://dongne.co/events/df240902/circles/133823,제27회 디. 페스타(일),Day2
수호자였던 내가 발더스게이트의 수배자!?,D,,,,,2sp,"발더스게이트 3,데스티니 가디언즈2",트랜스포머,,,,,,"일러스트,기타",,https://dongne.co/events/df240902/circles/133849,제27회 디. 페스타(일),Day2
카노아오구 최고의 도화살,laki,,,,,1sp,,,,카노 아오구,,,,일러스트,,https://dongne.co/events/df240902/circles/134226,제27회 디. 페스타(일),Day2
비인간성의 심리적 설득성에 대하여,JASOO,,,,,1sp,해즈빈 호텔,"오버워치,리그오브레전드,다키스트던전",,,,,,일러스트,17532J17532,https://dongne.co/events/df240902/circles/133788,제27회 디. 페스타(일),Day2
후시구로도 평범한 남고생이구나,살림짱,,,,,1sp,주술회전,,,"후시구로 메구미,이타도리 유지",후시구로 메구미X이타도리 유지,"로맨틱,섹슈얼",,소설,woongmoro11,https://dongne.co/events/df240902/circles/133549,제27회 디. 페스타(일),Day2
디페부스는 어디냐!!! 의 단,ㅃㄹ,,,,,2sp,닌타마 란타로,,,,,해당없음,"아아타키, 코헤쵸","만화,일러스트",Nnmgl,https://dongne.co/events/df240902/circles/134081,제27회 디. 페스타(일),Day2
디페부스는 여기다!!! 의 단,올백,,,,,4sp,닌타마 란타로,에반게리온,,닌타마 캐릭터 전원,,해당없음,"타키아야, 미키하마","만화,일러스트",ohyakuten,https://dongne.co/events/df240902/circles/134406,제27회 디. 페스타(일),Day2
팔데아에서 보물찾기,플라티나,,,,,2sp,포켓몬스터,,,,페퍼X모란,로맨틱,,"일러스트,만화,소설",platin_amide,https://dongne.co/events/df240902/circles/134465,제27회 디. 페스타(일),Day2
우리사무소 정상영업합니다,개바,,,,,1sp,역전재판,,,나루호도 미누키+오도로키 호스케,,,,만화,GS_gaeba,https://dongne.co/events/df240902/circles/134287,제27회 디. 페스타(일),Day2
그리두어라!,timneh,,,,,1sp,"오버워치,프롬 소프트웨어 게임",,,"라마트라,젠야타",,"로맨틱,섹슈얼",,,timnehparrot,https://dongne.co/events/df240902/circles/133840,제27회 디. 페스타(일),Day2
경태씨의안경,듀,,,,,1sp,로오히,,,,,,,,londue17,https://dongne.co/events/df240902/circles/133523,제27회 디. 페스타(일),Day2
글쎄요뭘까요,뱀씨,,,,,1sp,발더스게이트,바이오하자드 외 게임,,발더스게이트 올캐러,,,,,,https://dongne.co/events/df240902/circles/133159,제27회 디. 페스타(일),Day2
뇨타깎는노인,뇨깎이,,,,,1sp,"도쿄리벤져스,오리지널",,,,,,,,,https://dongne.co/events/df240902/circles/133403,제27회 디. 페스타(일),Day2
두근두근상자,피필,,,,,2sp,프로세카,"전독시,데못죽,블루아카,고양이,주술회전,헌터헌터 등",,미쿠 외 다수,,,,일러스트,fifilcandy,https://dongne.co/events/df240902/circles/133217,제27회 디. 페스타(일),Day2
마감자율학습,"야자, 파구",,,,,2sp,아이돌리쉬세븐,,,극중극(단마카),,,,"소설,일러스트",yaja_i7,https://dongne.co/events/df240902/circles/134207,제27회 디. 페스타(일),Day2
머메이드조이,joy,,,,,1sp,,,,,,,,공예,Mermade_joy,https://dongne.co/events/df240902/circles/134438,제27회 디. 페스타(일),Day2
메이릴리가든,파린,,,,,2sp,,,,,,,,,Ma_Li_garden,https://dongne.co/events/df240902/circles/133292,제27회 디. 페스타(일),Day2
메이릴리가든,릴리,,,,,2sp,솜인형,,,수공예,,,,"만화,소설,게임",Ma_Li_garden,https://dongne.co/events/df240902/circles/133469,제27회 디. 페스타(일),Day2
무림아이돌쑈,민초님,,,,,2sp,화산귀환,천마는 아이돌이 되었다,,,,,,,hwasan_mint_,https://dongne.co/events/df240902/circles/133993,제27회 디. 페스타(일),Day2
문어발의업보,ㅎㅅ,,,,,1sp,데못죽,화산귀환,,박문대,,,,,,https://dongne.co/events/df240902/circles/133212,제27회 디. 페스타(일),Day2
뭐가나올까요,SAGE,,,,,1sp,도쿄 리벤저스,,,,,,,,Seiji_Jang,https://dongne.co/events/df240902/circles/133995,제27회 디. 페스타(일),Day2
밋찌어디가니,아루디,,,,,2sp,슬램덩크,,,정대만,서태웅X정대만,,,소설,,https://dongne.co/events/df240902/circles/134193,제27회 디. 페스타(일),Day2
발도롱게이트,딸기우유,,,,,1sp,발더스 게이트3,,,,,,,,Peach_K1ss,https://dongne.co/events/df240902/circles/134005,제27회 디. 페스타(일),Day2
얼레벌레부스,합,,,,,1sp,프로젝트 세카이,"앙상블 스타즈,아이돌리쉬 세븐,사카모토 데이즈,프리,하이큐",,,,,,"일러스트,기타",harb_oth,https://dongne.co/events/df240902/circles/133547,제27회 디. 페스타(일),Day2
이번에야말로,야미노,,,,,2sp,사이퍼즈,,,,,,,,,https://dongne.co/events/df240902/circles/133346,제27회 디. 페스타(일),Day2
잼예구다사이,꿉이,,,,,1sp,플레이브,,,,,,,,,https://dongne.co/events/df240902/circles/133286,제27회 디. 페스타(일),Day2
티타노마키아,"휴이, 룰루",,,,,1sp,블랙배저,,,"힐데베르트 탈레브,레이 르뉘르,카일",,,,"일러스트,공예,기타","hyuii__2, vlulluv",https://dongne.co/events/df240902/circles/133757,제27회 디. 페스타(일),Day2
팡파라팡팡팡,괴도팡,,,,,2sp,플레이브,"가비지타임,데못죽,하이큐",,,,,,,LUKAPANG__45,https://dongne.co/events/df240902/circles/133283,제27회 디. 페스타(일),Day2
호얀스튜디오,호얀,,,,,1sp,,,,,,,,,FloatingHwa,https://dongne.co/events/df240902/circles/133161,제27회 디. 페스타(일),Day2
후우린팬클럽,오계,,,,,1sp,윈브레,,,사쿠라하루카,토가메 죠X사쿠라하루카,로맨틱,,"만화,일러스트",season_fifth,https://dongne.co/events/df240902/circles/133375,제27회 디. 페스타(일),Day2
가족애적극지지,츠마,,,,,2sp,아이돌리쉬 세븐,,,.,,,,만화,Tsumugi_Tsuma,https://dongne.co/events/df240902/circles/133766,제27회 디. 페스타(일),Day2
바스켓또싸이코,김말이,,,,,2sp,가비지타임,보컬로이드,,기상호,,,,,0bic2510,https://dongne.co/events/df240902/circles/134184,제27회 디. 페스타(일),Day2
블루베리팡케키,미밍,,,,,1sp,프로젝트 세카이,,,"토우야,아키토",토우야X아키토,섹슈얼,,만화,myyoonngg,https://dongne.co/events/df240902/circles/134233,제27회 디. 페스타(일),Day2
사교도단일지성,Dr.K,,,,,1sp,CoC(trpg),오리지널,,,,,,,K_Forcoc,https://dongne.co/events/df240902/circles/133737,제27회 디. 페스타(일),Day2
사패련중원일통,쌀토끼,,,,,2sp,화산귀환,광마회귀,,"장일소,호가명",장일소X호가명,"로맨틱,섹슈얼",드림,소설,dreamtokki,https://dongne.co/events/df240902/circles/133280,제27회 디. 페스타(일),Day2
옥문선녀추종회,이스마일,,,,,2sp,명일방주,,,"박사,왕,총웨",박사X총웨,로맨틱,"왕총,차장","만화,소설,일러스트",nills_ff14,https://dongne.co/events/df240902/circles/133196,제27회 디. 페스타(일),Day2
우당탕탕스토어,하나,,,,,2sp,,,,라봉이와렛뚜,,,,일러스트,kjyioi,https://dongne.co/events/df240902/circles/133712,제27회 디. 페스타(일),Day2
원더레즈쇼타임,딸기,,,,,1sp,프로젝트 세카이,,,쿠사나기네네 오오토리에무,쿠사나기 네네X오오토리 에무,로맨틱,루이츠카,"만화,일러스트",mint_berry__,https://dongne.co/events/df240902/circles/133572,제27회 디. 페스타(일),Day2
직화소고기덮밥,wlsgoqkr01,,,,,2sp,,,,,,,,,hxxhxm_,https://dongne.co/events/df240902/circles/133539,제27회 디. 페스타(일),Day2
파리파리해파리,귤쌈,,,,,1sp,1차창작,"하이큐,가비지타임",,,,,,일러스트,saltjing,https://dongne.co/events/df240902/circles/133473,제27회 디. 페스타(일),Day2
동갑내기커플의 맛을 아시나요,도루,,,,,1sp,아이돌리쉬세븐,,,"야오토메 가쿠,니카이도 야마토",야오토메 가쿠X니카이도 야마토,"로맨틱,섹슈얼",,일러스트,eight_two_you,https://dongne.co/events/df240902/circles/133851,제27회 디. 페스타(일),Day2
원시모태바다로 돌아가자,네리아,,,,,1sp,원신,스타레일,,,느비예트X프레미네,"로맨틱,섹슈얼","경원나찰, 레이완매",소설,,https://dongne.co/events/df240902/circles/133377,제27회 디. 페스타(일),Day2
뭉대뭉대레진공방,새얀,,,,,1sp,데못죽,,,테스타,,,,공예,byeol_05__,https://dongne.co/events/df240902/circles/133998,제27회 디. 페스타(일),Day2
사파한입정파두입,녹,,,,,2sp,화산귀환,,,"쌍존,삼사파",,,,기타,dear_lovelyU,https://dongne.co/events/df240902/circles/134101,제27회 디. 페스타(일),Day2
이번엔진짜낸다고,sama,,,,,2sp,페르소나,아이나나,,3주,주X아케,섹슈얼,,만화,Hikarii__are,https://dongne.co/events/df240902/circles/134026,제27회 디. 페스타(일),Day2
집밥자가생식요망,"딜루트, 킵캄앤키위",,,,,1sp,발더스게이트3,,,아스타리온,,,,소설,"Crowdilute, gukhonhera",https://dongne.co/events/df240902/circles/133318,제27회 디. 페스타(일),Day2
천사반파사퍼계통,"공시, 꿀도둑",,,,,2sp,천관사복,"인사반파자구계통,사이퍼즈",,"화성,사련",화성X사련,,"지풍, 빙추","만화,일러스트","tgcf_gong, hony_u",https://dongne.co/events/df240902/circles/134373,제27회 디. 페스타(일),Day2
최고의오타쿠파이,유르,,,,,2sp,아이돌리쉬세븐,,,"미나미,하루카",나츠메 미나미X이스미 하루카,"로맨틱,섹슈얼","유키모모,트리거","소설,일러스트",yull_0331,https://dongne.co/events/df240902/circles/133700,제27회 디. 페스타(일),Day2
한일농구평화협회,팽이,,,,,2sp,슬램덩크,"가비지타임,MIU404",,이명헌,정우성X이명헌,"섹슈얼,로맨틱","명헌른, 백호른, 태섭왼","소설,일러스트,기타,만화",spinning_09,https://dongne.co/events/df240902/circles/134048,제27회 디. 페스타(일),Day2
뇨타돌리쉬세븐의 근친 이야기,서롸,,,,,1sp,아이돌리쉬세븐,,,이즈미 이오리,이즈미 이오리X나나세 리쿠,로맨틱,"미츠이오, 텐리쿠","만화,일러스트",zdsm_iis2,https://dongne.co/events/df240902/circles/133946,제27회 디. 페스타(일),Day2
거인헌터해결사무소,사도,,,,,2sp,"에반게리온,은혼","진격의 거인,헌터헌터",,"크라피카,카구라,긴토키",,,,"일러스트,공예",0luckyvalentine,https://dongne.co/events/df240902/circles/134251,제27회 디. 페스타(일),Day2
두잇어게인아윌킬유,뭐함,,,,,1sp,블루 자이언트,,,"안토니오 소토,미야모토 다이",,로맨틱,,만화,banho_nammisae,https://dongne.co/events/df240902/circles/133675,제27회 디. 페스타(일),Day2
선주마각노인요양원,믄지,,,,,2sp,붕괴 스타레일,,,"경원,블레이드",경원X블레이드,로맨틱,,일러스트,mwo0o0,https://dongne.co/events/df240902/circles/133595,제27회 디. 페스타(일),Day2
니들이연하공맛을알어,gm,,,,,1sp,기동전사 건담 SEED,프로젝트 세카이,,,신 아스카X아스란 자라,로맨틱,,"만화,기타",rlqaofm,https://dongne.co/events/df240902/circles/134276,제27회 디. 페스타(일),Day2
장르에털묻혀드립니다,퍼섬,,,,,2sp,발더스게이트3,,,"아스타리온,할신",,,,일러스트,furrysum,https://dongne.co/events/df240902/circles/133540,제27회 디. 페스타(일),Day2
탱댐아니면안되는부스,정오,,,,,1sp,슬램덩크,,,"서태웅,정대만",서태웅X정대만,"로맨틱,섹슈얼",,소설,1114effect,https://dongne.co/events/df240902/circles/134117,제27회 디. 페스타(일),Day2
파이널엠블럼화산설월,감자채주,,,,,2sp,,,,,,,,,,https://dongne.co/events/df240902/circles/133508,제27회 디. 페스타(일),Day2
블리치길티기어블루아카,도둑킬,,,,,2sp,"블루아카,블리치,길티기어",,,,,로맨틱,,"일러스트,만화,기타",DODUKILL_GEAR,https://dongne.co/events/df240902/circles/133388,제27회 디. 페스타(일),Day2
무지개기묘한좀비데스게임,감,,,,,2sp,니지산지,"좀비고등학교,죠죠의 기묘한 모험,단간론파",,,,,,,a_chainofgamja,https://dongne.co/events/df240902/circles/133996,제27회 디. 페스타(일),Day2
연휴에는시간이될줄알았어,놀부,,,,,1sp,,,,,,,,,,https://dongne.co/events/df240902/circles/133645,제27회 디. 페스타(일),Day2
평양냉면새우튀김라면가게,산도,,,,,2sp,플레이브,"유희왕 (유희왕gx,유희왕zexal)",,,하민X밤비,로맨틱,논cp,"만화,일러스트",hamco11ector,https://dongne.co/events/df240902/circles/133801,제27회 디. 페스타(일),Day2
유중혁의가슴이시키는부스 ,부리,,,,,2sp,전독시,데못죽,,"유중혁,김독자",,해당없음,,일러스트,gudokjungdok,https://dongne.co/events/df240902/circles/133637,제27회 디. 페스타(일),Day2
서클명을뭘로할지고민중인서클,계얼중,,,,,2sp,슬램덩크,"골든카무이,나루토,헌터x헌터,슬램덩크",,"이명헌,오가타 햐쿠노스케,록리,키르아",송태섭X정대만,해당없음,,"만화,일러스트",aelttvv,https://dongne.co/events/df240902/circles/134335,제27회 디. 페스타(일),Day2
장르가달라지더라도상냥하게대해줘,오지고릴,,,,,1sp,히프노시스마이크,아이돌리쉬 세븐,,"칸논자카 돗포,아리스가와 다이스,니카이도 야마토,유키",칸논자카 돗포X아리스가와 다이스,"로맨틱,섹슈얼",야마토x유키,"만화,소설",,https://dongne.co/events/df240902/circles/133125,제27회 디. 페스타(일),Day2
일곱빛깔노랫소리로울려퍼지는프로메폴리스,이소란,,,,,2sp,아이나나,프로메어,,유키,,로맨틱,리오갈로 ,"만화,일러스트,기타",cimrann_,https://dongne.co/events/df240902/circles/134094,제27회 디. 페스타(일),Day2
세상에나오지않은명작동인지보다세상에나온졸작동인지가낫다,"HayaK, 갯",,,,,2sp,발더스 게이트 3,,,아스타리온,타브X아스타리온,,타브아스 및 아스타리온의 홀로서기 등 이것저것,"소설,기타","DealWithItCyp, IsThisTAV",https://dongne.co/events/df240902/circles/133535,제27회 디. 페스타(일),Day2
엘드리치블래스트가최고의캔트립이라는것을페이룬에증명하겠어,"RE550, 뺌!, 여백",,,,,2sp,발더스 게이트 3,1차,,,,,,,,https://dongne.co/events/df240902/circles/133714,제27회 디. 페스타(일),Day2
[설득] 통판 계획 없습니다 1호점,"554,듬듬",,,,,2sp,발더스 게이트3,데스티니 가디언즈,,,,,,,lotusshim554,https://dongne.co/events/df240902/circles/134418,제27회 디. 페스타(일),Day2
"앙스타, 포켓몬, 그리고 1차 창작",사월,,,,,1sp,Myully(오리지널),앙상블스타즈,,,,,,,Myully_mungu,https://dongne.co/events/df240902/circles/134469,제27회 디. 페스타(일),Day2
개굴상점1,개구리,,,,,1sp,누이소품샵,,,,,,,,,https://dongne.co/events/df240902/circles/134336,제27회 디. 페스타(일),Day2
히구이타 제발 흥해줘 스쿠이타면 뭐든 좋은 자급자족 출장소 1호점,윤난,,,,,1sp,주술회전,,,"스쿠나,이타도리 유지,히구루마 히로미",스쿠나X이타도리 유지,해당없음,히구이타,소설,mnmn_5252,https://dongne.co/events/df240902/circles/134433,제27회 디. 페스타(일),Day2
10회말역전만루홈런,.,,,,,1sp,대역전재판,역전재판,,,바로크 반직스X종자,"섹슈얼,로맨틱",나루미츠,"만화,일러스트,소설",llilillliilliil,https://dongne.co/events/df240902/circles/133419,제27회 디. 페스타(일),Day2
비닐우산 100엔,짱,,,,,1sp,모브사이코 100,,,"세리자와 카츠야,레이겐 아라타카",세리자와 카츠야X레이겐 아라타카,"로맨틱,섹슈얼",,"만화,일러스트",MuSG_X,https://dongne.co/events/df240902/circles/133385,제27회 디. 페스타(일),Day2
1231 nutty caramel,선인장 / db,,,,,1sp,"사이퍼즈,하이큐",,,"클리브 스테플,코노하 아키노리",,"로맨틱,섹슈얼",잭클리브,"만화,소설",,https://dongne.co/events/df240902/circles/134075,제27회 디. 페스타(일),Day2
1만 3천 297시간과 49분,윈저,,,,,1sp,아이실드21,,,히루마 요이치,무사시X히루마,"로맨틱,섹슈얼","아히루, 쥬히루, 무사히루",,,https://dongne.co/events/df240902/circles/133145,제27회 디. 페스타(일),Day2
170 195 240,테린,,,,,1sp,화산귀환,,,백천,청명X백천,,,"공예,만화",terin_lllll,https://dongne.co/events/df240902/circles/133330,제27회 디. 페스타(일),Day2
네모행성 1NSA호점 ,INSA,,,,,4sp,"1차창작,쯔꾸르게임",할로우나이트 / 실크송 / 레인월드 / 헬로샤를로테,,,,,,"일러스트,소설,게임,기타",side_in_game,https://dongne.co/events/df240902/circles/134074,제27회 디. 페스타(일),Day2
[설득] 통판 계획 없습니다 2호점,tim,,,,,1sp,"발더스 게이트 3,엘든링",,,,,,,,tb_416,https://dongne.co/events/df240902/circles/133488,제27회 디. 페스타(일),Day2
개굴상점2,개구리,,,,,1sp,누이 소품샵,,,,,,,,,https://dongne.co/events/df240902/circles/134353,제27회 디. 페스타(일),Day2
전국농구연합합창대회우승후파미레스갔다가2차로가라오케가자!,매니저,,,,,2sp,가비지타임,"슬램덩크,와야마야마 작품",,올캐릭,,,,"만화,일러스트",hayate0_v,https://dongne.co/events/df240902/circles/133955,제27회 디. 페스타(일),Day2
2024년에도 해리포터가돈이된다는것을보여주겠다,예언자일보국장,,,,,2sp,,,,,,,,,,https://dongne.co/events/df240902/circles/133696,제27회 디. 페스타(일),Day2
23연구소,레드,,,,,2sp,아이돌리쉬세븐,,,"니카이도 야마토,이즈미 미츠키,야오토메 가쿠,타카나시 츠무기,아이돌리쉬세븐(all)",야마토X미츠키,로맨틱,"가쿠 x 츠무기 , 이오리 x 리쿠","소설,일러스트",GreenGlassRedo,https://dongne.co/events/df240902/circles/133490,제27회 디. 페스타(일),Day2
24년에도 종상영업중,재활,,,,,2sp,가비지타임,,,"최종수,기상호",최종수X기상호,"로맨틱,섹슈얼",,소설,rept_06,https://dongne.co/events/df240902/circles/133626,제27회 디. 페스타(일),Day2
[설득] 통판 계획 없습니다 3호점,제자,,,,,1sp,발더스 게이트3,,,,,,,"만화,기타",ok_jeja,https://dongne.co/events/df240902/circles/133968,제27회 디. 페스타(일),Day2
404,404,,,,,2sp,하이큐,"슬램덩크,츠루네,윈브레,파라라이,플레이브",,,,,,,,https://dongne.co/events/df240902/circles/133366,제27회 디. 페스타(일),Day2
토우사키와 5월조,YOBE,,,,,1sp,프로젝트 세카이,"가비지타임??,어쩌다 발견한 하루",,"텐마 사키,아오야기 토우야,텐마 츠카사,레오니드,25시유닛,원더쇼,비베스,모모점",,로맨틱,츠카에무 등,일러스트,For_YOBE,https://dongne.co/events/df240902/circles/133593,제27회 디. 페스타(일),Day2
인외섞어찌개(인간함유량 5%),MAYO,,,,,1sp,"트랜스포머,역전재판,대역전재판,발더스 게이트 3,페르소나 5",,,,,,,일러스트,frozenmayo_,https://dongne.co/events/df240902/circles/133630,제27회 디. 페스타(일),Day2
816상점,정인,,,,,1sp,,,,,,,,일러스트,,https://dongne.co/events/df240902/circles/134454,제27회 디. 페스타(일),Day2
Adularescence,니피,,,,,2sp,아이돌리쉬세븐,,,오오사카 소고,,로맨틱,,"만화,일러스트",i7fur,https://dongne.co/events/df240902/circles/133389,제27회 디. 페스타(일),Day2
attendre espérer,소다,,,,,1sp,Fate/Grand Order,,,,,"로맨틱,섹슈얼",,"소설,일러스트",0964O9,https://dongne.co/events/df240902/circles/133850,제27회 디. 페스타(일),Day2
Baby공은된다,데빗,,,,,2sp,카리스마,망각배터리,,,이토 후미야X텐도 아마히코,로맨틱,"오세리카, 하루케이","만화,일러스트",debbit_sexy,https://dongne.co/events/df240902/circles/133880,제27회 디. 페스타(일),Day2
beloiro(벨로이루),이현경,,,,,2sp,우레탄 레진으로 만든 작고 귀여운 동물캐릭터 피규어 인형,,,멸종위기 동물들을 포함한 다양한 동물들,,,,"조형,공예",beloiro_bjd,https://dongne.co/events/df240902/circles/134196,제27회 디. 페스타(일),Day2
플레이boo,띠용,,,,,2sp,플레이브,주술회전 체인소맨 최애의아이 장송의프리렌 약사의혼잣말,,,,,,,ittiy_11,https://dongne.co/events/df240902/circles/134036,제27회 디. 페스타(일),Day2
both ,Kelly,,,,,1sp,,,,,,,,,,https://dongne.co/events/df240902/circles/133752,제27회 디. 페스타(일),Day2
Carmine Red 상뱅점,카민,,,,,1sp,가비지타임,,,"기상호,박병찬",기상호X박병찬,"로맨틱,섹슈얼",,"소설,만화",syromire,https://dongne.co/events/df240902/circles/134137,제27회 디. 페스타(일),Day2
Crotti,kitami,,,,,2sp,슬램덩크,원피스,,,,,,만화,,https://dongne.co/events/df240902/circles/133411,제27회 디. 페스타(일),Day2
CYAN★PINK,꼬깔,,,,,2sp,"프로젝트세카이,플레이브","데뷔못하면죽는병걸림,보컬로이드",,하츠네 미쿠,,,,"일러스트,공예",spi1116,https://dongne.co/events/df240902/circles/133183,제27회 디. 페스타(일),Day2
dda~ddang,"daga, 설턍",,,,,1sp,프로젝트 세카이,,,,,,,"만화,일러스트",,https://dongne.co/events/df240902/circles/133857,제27회 디. 페스타(일),Day2
dreampapel,나비아,,,,,1sp,프로젝트세카이,"프세카,프로세카",,,,,,일러스트,nabeia0,https://dongne.co/events/df240902/circles/133233,제27회 디. 페스타(일),Day2
everblue,ion,,,,,1sp,가비지타임,,,"기상호,박병찬",기상호X박병찬,로맨틱,논커플링(ncp),"만화,일러스트,소설",ionblue,https://dongne.co/events/df240902/circles/133771,제27회 디. 페스타(일),Day2
FSC법무팀 뉴디멘션법무팀 ,palm ,,,,,1sp,아이돌리쉬 세븐,앙상블스타즈,,"아이나나 올캐릭,앙스타 나이츠",,,,일러스트,palm_i7,https://dongne.co/events/df240902/circles/134231,제27회 디. 페스타(일),Day2
퍼리빔(FURRY BEAM),점장,,,,,1sp,오리지널,,,빤히,,로맨틱,,일러스트,JJ_furryking,https://dongne.co/events/df240902/circles/133173,제27회 디. 페스타(일),Day2
GAMERS,무너,,,,,2sp,아이나나,"18trip,페르소나,원신",,"이스미 하루카,니시조노 렌가 등",,,,"일러스트,공예,기타",munneo,https://dongne.co/events/df240902/circles/134007,제27회 디. 페스타(일),Day2
수인백합퍼리GL,달구,,,,,1sp,,,,,,,,"만화,일러스트,기타",kohanyang,https://dongne.co/events/df240902/circles/133414,제27회 디. 페스타(일),Day2
Go! g0! SF 연구회,호듀,,,,,1sp,,,,,,,,"만화,일러스트",babohodu,https://dongne.co/events/df240902/circles/133854,제27회 디. 페스타(일),Day2
ILLUMi7TI,과오,,,,,4sp,아이돌리쉬 세븐(아이나나),,,,,로맨틱,,"만화,일러스트,기타",IO1R7,https://dongne.co/events/df240902/circles/133476,제27회 디. 페스타(일),Day2
Imagination Store,츠히,,,,,2sp,천관사복,마도조사 크리미널마인드 프로젝트 세카이,,화성 사련,,"로맨틱,섹슈얼",망무 하치리드 ,"일러스트,소설",tzuhi,https://dongne.co/events/df240902/circles/133416,제27회 디. 페스타(일),Day2
조인허스(JOIN_HUS),"잉젬,심박",,,,,2sp,팀 조인허스(JOIN_HUS) 오리지널 굿즈,데뷔 못 하면 죽는 병 걸림,,,,,,"만화,일러스트,소설",charm_ing_gem,https://dongne.co/events/df240902/circles/134149,제27회 디. 페스타(일),Day2
KM BOOTH,관맹,,,,,1sp,앙상블 스타즈,,,"나구모 테토라,올캐릭터",,,,,Kwanmaengg,https://dongne.co/events/df240902/circles/133322,제27회 디. 페스타(일),Day2
LaeRepcómplĕo(레레프콤플레오),키루,,,,,2sp,"포켓몬,스타레일,원신","블루아카이브,용과 함께,프로세카,보컬로이드(아직 미정이라 추후 변경될수있음))",,,,,,"일러스트,만화,게임",,https://dongne.co/events/df240902/circles/134223,제27회 디. 페스타(일),Day2
made by 자윤,자윤,,,,,2sp,,,,,,,,공예,jayun_blue,https://dongne.co/events/df240902/circles/133642,제27회 디. 페스타(일),Day2
me a,메아,,,,,1sp,,"소닉 더 헤지혹,용과같이,케로로",,,,,,"만화,일러스트","gimea790, me_ya_ri",https://dongne.co/events/df240902/circles/134173,제27회 디. 페스타(일),Day2
Midnight Blue,세르웬,,,,,2sp,프로젝트 세카이,,,,,,,"만화,일러스트",serrewen,https://dongne.co/events/df240902/circles/133295,제27회 디. 페스타(일),Day2
Minari handmade,끼랴,,,,,2sp,,,,,,,,,handmade_minari,https://dongne.co/events/df240902/circles/133570,제27회 디. 페스타(일),Day2
NEURUcg,slery,,,,,1sp,오리지널,"가면라이더블레이드,프라우스피아",,,,,,"일러스트,사진",celery_salad_,https://dongne.co/events/df240902/circles/134304,제27회 디. 페스타(일),Day2
위NO스탑,악개M,,,,,1sp,앙상블스타즈,,,더블페이스,마다라X코하쿠,로맨틱,코하마다,소설,fraczzi,https://dongne.co/events/df240902/circles/134021,제27회 디. 페스타(일),Day2
공방 프리즘(PRIISM),리즈,,,,,1sp,"레진아트,탑로더",,,,,,,공예,,https://dongne.co/events/df240902/circles/133970,제27회 디. 페스타(일),Day2
S급 플리마켓 ,스티니스,,,,,2sp,플레이브,내가키운S급들(내스급),,,하민X밤비,,현제유진(내스급) ,만화,cm_crosses,https://dongne.co/events/df240902/circles/133331,제27회 디. 페스타(일),Day2
sisi,나나,,,,,2sp,오란고교호스트부,스킵과로퍼,,,,,,,puddingdoyazi,https://dongne.co/events/df240902/circles/133603,제27회 디. 페스타(일),Day2
SUMMER HOME,검여,,,,,1sp,라테일,,,,,"로맨틱,섹슈얼",,,,https://dongne.co/events/df240902/circles/133512,제27회 디. 페스타(일),Day2
The origin of love  ,yssey,,,,,1sp,카리스마,,,"텐도 아마히코,테라",,로맨틱,,,,https://dongne.co/events/df240902/circles/134085,제27회 디. 페스타(일),Day2
Two Rabbits & 자몽공방,Rabbits,,,,,2sp,데못죽,"하이큐,가비지타임,슬램덩크,앙스타,플레이브 등",,,,,,"공예,조형,기타",2rabbits,https://dongne.co/events/df240902/circles/133250,제27회 디. 페스타(일),Day2
VELTUS,Saql,,,,,2sp,,,,,,,,"소설,기타,만화,일러스트",VELTUS_LAB,https://dongne.co/events/df240902/circles/133478,제27회 디. 페스타(일),Day2
warm&happy,므옹,,,,,2sp,,,,,,,,일러스트,mong6681,https://dongne.co/events/df240902/circles/133336,제27회 디. 페스타(일),Day2
기스양키 전사와 W.S.A,김생강,,,,,2sp,발더스 게이트 3,카리스마,,"레이젤,카를라크,섀도하트,자헤이라,민타라,타브(루),타브(핀) / 텐도 아마히코,이토 후미야,카리스마",이토 후미야X텐도 아마히코,로맨틱,"레이젤 X 타브(루), 발더스게이트3 여성 컴패니언 ALL","만화,일러스트,소설,공예,사진","ginger_yanki, huXma_",https://dongne.co/events/df240902/circles/134282,제27회 디. 페스타(일),Day2
열셋x열일곱,"집중, 고루시",,,,,2sp,카리스마 하우스,,오세리카 쁘띠존: 스물하나x스물다섯,"미나토 오오세,쿠사나기 리카이",미나토 오오세X쿠사나기 리카이,"로맨틱,섹슈얼",,"만화,일러스트,기타","z1png, o2se8",https://dongne.co/events/df240902/circles/134399,제27회 디. 페스타(일),Day2
xoxo_xoxo,구남,,,,,2sp,슬램덩크,하이큐,,,,,,,qnamxoxo,https://dongne.co/events/df240902/circles/133158,제27회 디. 페스타(일),Day2
YawningCat,하품고양이,,,,,1sp,발더스 게이트3,,,,,,,,YawningCat03,https://dongne.co/events/df240902/circles/133920,제27회 디. 페스타(일),Day2
(폭상)전대미문의 가면라이더(더블),마케,,,,,2sp,"가면라이더,전대",,,"필립,쇼타로",필립X쇼타로,로맨틱,,"만화,일러스트",,https://dongne.co/events/25d07/circles/134675,제7회 쩜오 어워드,Day2
ㅇ   ㅅ   ㅇ,뿡,,,,,2sp,가면라이더,,,,,,,"만화,일러스트",,https://dongne.co/events/25d07/circles/134613,제7회 쩜오 어워드,Day2
명명,bb,,,,,1sp,,,,,,,,,,https://dongne.co/events/25d07/circles/134630,제7회 쩜오 어워드,Day2
좋은 평만 해주십시오,ㄴ,,,,,1sp,울트라맨 타이가,,,,,,,,,https://dongne.co/events/25d07/circles/134615,제7회 쩜오 어워드,Day2
이런 커플링도 있었어? 발언 금지,카스티안,,,,,1sp,가면라이더 에그제이드,,,카가미 히이로,단 쿠로토X카가미 히이로,"로맨틱,섹슈얼",,소설,92_styanee,https://dongne.co/events/25d07/circles/134519,제7회 쩜오 어워드,Day2
뭔가 보여드리겠습니다,tobu,,,,,2sp,특수촬영물(가면라이더 등),드라마/영화/연극/뮤지컬,,,,,,"일러스트,소설,만화",,https://dongne.co/events/25d07/circles/134684,제7회 쩜오 어워드,Day2
"포스, 미개척지 그리고 히어로.","ck, 감",,,,,1sp,스타트렉,스타워즈 만달로리안 DC코믹스,,,,,,"일러스트,기타",,https://dongne.co/events/25d07/circles/134617,제7회 쩜오 어워드,Day2
둘이서 하나,Click,,,,,1sp,가면라이더 더블,,,"히다리 쇼타로,필립",,,,"일러스트,만화",leche_1160,https://dongne.co/events/25d07/circles/134551,제7회 쩜오 어워드,Day2
용토끼 전문 음식점,뇨끼,,,,,1sp,가면라이더,,,,반죠 류가X키류 센토,로맨틱,,만화,,https://dongne.co/events/25d07/circles/134656,제7회 쩜오 어워드,Day2
목욕은 정말 좋은느낌을 줌,"죽도, NAMNA, 2",,,,,2sp,가면라이더 리바이스,,,,,,"죠지히로, 아길사쿠, 다이잇키",만화,"JACHA_GAM, namnadr, imo_hero",https://dongne.co/events/25d07/circles/134643,제7회 쩜오 어워드,Day2
뭐라도 합니다,겨울,,,,,1sp,탑건,,,,,,,,,https://dongne.co/events/25d07/circles/134575,제7회 쩜오 어워드,Day2
인생의 물리학,"먕, 코코넛",,,,,2sp,스타트렉,스타워즈,,"존 해리슨,레너드 맥코이,루크,딘",,로맨틱,"존본즈, 루크딘, 아나오비",,,https://dongne.co/events/25d07/circles/134504,제7회 쩜오 어워드,Day2
특촬은 마음의 고향,eunton07,,,,,2sp,슈퍼전대,,,,,,,소설,Veronica_holic,https://dongne.co/events/25d07/circles/134541,제7회 쩜오 어워드,Day2
두개의 메달이 하나가 될 때.,라다,,,,,1sp,가면라이더 오즈 부활의 코어메달,오리지널 작품 위탁,,"에이지,앙크,고다",,"로맨틱,섹슈얼",잇키바이,만화,msggp1030,https://dongne.co/events/25d07/circles/134492,제7회 쩜오 어워드,Day2
슈갓덤 타이어인간 납치사건,"시맘, 망고",,,,,2sp,왕님전대 킹오쟈,"폭상전대 분붐쟈,울트라맨",,"리타 카니스카,카구라기 디보우스키,한도 타이야,메이타 이시로,그 외 울트라맨에 등장하는 캐릭터,쟈그라스 쟈그라",카구라기X리타,"로맨틱,섹슈얼",타이이시(한도 타이야X메이타 이시로),일러스트,"ridershimom_, Mango__era",https://dongne.co/events/25d07/circles/134632,제7회 쩜오 어워드,Day2
동인포스,로제,,,,,2sp,슈퍼전대,,,,,,,,,https://dongne.co/events/25d07/circles/134506,제7회 쩜오 어워드,Day2
러브앤문,러브앤문,,,,,2sp,,,,,,,,공예,,https://dongne.co/events/25d07/circles/134581,제7회 쩜오 어워드,Day2
활이팥떡,서아란,,,,,4sp,파묘,,,,,,,,,https://dongne.co/events/25d07/circles/134527,제7회 쩜오 어워드,Day2
여우신이 구한 세계,유이,,,,,1sp,가면라이더,가면라이더 기츠,,"우키요 에이스,아즈마 미치나가,사쿠라이 케이와,쿠라마 네온",,,,기타,d07512682,https://dongne.co/events/25d07/circles/134597,제7회 쩜오 어워드,Day2
특촬찌개 전문점,감자빵,,,,,1sp,파워레인저 킹덤포스,"특촬(가면라이더,파워레인저)",,"기라 하스티,제라미 브라시에리",,,,일러스트,Kamgapang0109,https://dongne.co/events/25d07/circles/134669,제7회 쩜오 어워드,Day2
여러분이 거울을 봐도 무사하신 이유를 아십니까?,조물주,,,,,1sp,가면라이더 류우키,"기타 가면라이더,울트라맨 시리즈",,"키도 신지,아사쿠라 타케시 등등",,,,"일러스트,기타",baraddurismine,https://dongne.co/events/25d07/circles/134645,제7회 쩜오 어워드,Day2
매버릭의 복슬이들,므어쩌구,,,,,1sp,탑건,,,"매버릭,아이스맨,행맨,루스터 등",,해당없음,맵른,"일러스트,기타",mmunyak_,https://dongne.co/events/25d07/circles/134566,제7회 쩜오 어워드,Day2
커져봐요 거대보송,백곰,,,,,1sp,울트라맨 오브,,,"쿠레나이 가이,쟈그라스 쟈그라",,,,소설,,https://dongne.co/events/25d07/circles/134538,제7회 쩜오 어워드,Day2
프로젝트 리타이어 : 타이어인간 리타이어시키기,가뫙,,,,,1sp,폭상전대 분붐저,,,한도 타이야,메이타 이시로X한도 타이야,로맨틱,청적주(이시타이겐바),"소설,일러스트",GaMwanG_,https://dongne.co/events/25d07/circles/134510,제7회 쩜오 어워드,Day2
화채전문점,애쉬,,,,,1sp,임금님전대 킹오쟈(파워레인저 킹덤포스),"가면라이더 블레이드,가면라이더 가이무",,"켄자키 카즈마,카즈라바 코우타",기라X제라미 브라시에리,로맨틱,,"만화,일러스트",ashblanc195,https://dongne.co/events/25d07/circles/134536,제7회 쩜오 어워드,Day2
군신이못말려,도덕리포도영농조합,,,,,2sp,신삼국,곤투모로우,,"손권,노숙,고종,김옥균",손권X노숙,"로맨틱,섹슈얼",희옥균,만화,freedoin,https://dongne.co/events/25d07/circles/134616,제7회 쩜오 어워드,Day2
뭐라도해야지,블래깅,,,,,1sp,Guardians Of The Galaxy,"The Terminal List,American Sniper",,"로켓라쿤,스타로드,크리스카일,제임스 리스",,로맨틱,로켓퀼 ,소설,3rd_times_since,https://dongne.co/events/25d07/circles/134511,제7회 쩜오 어워드,Day2
예스마이로드,마왕,,,,,2sp,가면라이더 지오,가면라이더 드라이브 (위탁),,"워즈,토키와 소고",워즈X토키와 소고,로맨틱,게이츠쿠,소설,wagamawo,https://dongne.co/events/25d07/circles/134578,제7회 쩜오 어워드,Day2
백두대간에서 눈 떴더니 내가 구미호?!,자기,,,,,1sp,"구미호뎐,구미호뎐1938",,,"이연,이랑",이연X이랑,해당없음,진우승탁,"일러스트,기타",9U___tae,https://dongne.co/events/25d07/circles/134655,제7회 쩜오 어워드,Day2
달콤한일러스트,iamyunji,,,,,2sp,모모찌,,,모모찌,,,,일러스트,iamyunji,https://dongne.co/events/25d07/circles/134550,제7회 쩜오 어워드,Day2
그린데일다니구 시키는거다해여♥ 그린데일자퇴해,둘둘,,,,,2sp,"공포 영화,미드,스타워즈","오리지널,페르소나 3(위탁)",,,아벳 나디르X트로이 반스,로맨틱,,"기타,일러스트",0ne_plus_0ne,https://dongne.co/events/25d07/circles/134584,제7회 쩜오 어워드,Day2
샤브샤브먹고싶다,이곰끼,,,,,1sp,특촬,,,,,로맨틱,"적1적,카이츠카","만화,일러스트,기타",,https://dongne.co/events/25d07/circles/134700,제7회 쩜오 어워드,Day2
시마이부붐이왔다,신신,,,,,1sp,MIU404,,,"시마 카즈미,이부키 아이",시마 카즈미X이부키 아이,로맨틱,,"만화,소설",L_1aw1iet,https://dongne.co/events/25d07/circles/134576,제7회 쩜오 어워드,Day2
중상모략비방행위,바라,,,,,2sp,VIVANT,"아키라와아키라,신참자,어떡할래이에야스",,노기 유스케,노자키 마모루X노기 유스케,"섹슈얼,로맨틱",베키노기,"만화,소설,일러스트",bara_seme1,https://dongne.co/events/25d07/circles/134525,제7회 쩜오 어워드,Day2
퇴사하고싶은특덕,mtona,,,,,1sp,가면라이더,,,,,,,만화,,https://dongne.co/events/25d07/circles/134494,제7회 쩜오 어워드,Day2
디카페인더블바닐라라떼가식는다,얼론,,,,,1sp,수퍼내추럴,랑야방,,딘 윈체스터,샘X딘,"섹슈얼,로맨틱",,만화,bbokkchii,https://dongne.co/events/25d07/circles/134635,제7회 쩜오 어워드,Day2
걸즈리믹스2를간절히기원,시조,,,,,1sp,가면라이더 리바이스,,,,,,,,birdftbld,https://dongne.co/events/25d07/circles/134572,제7회 쩜오 어워드,Day2
리바기츠2의 전력을 보여주마,"타마보코, 07",,,,,1sp,"가면라이더 리바이스,가면라이더 기츠","오사마전대 킹오쟈,가면라이더 갓챠드",,,에이스X츠무리,로맨틱,"큐운네온, 아즈베로, 아길사쿠, 카게다이, 얀마히메, 호타린네","만화,일러스트,소설,기타",Tamaboko333,https://dongne.co/events/25d07/circles/134619,제7회 쩜오 어워드,Day2
저희 장르 20주년이에요 지나가다 보시면 축하해주세요,노스,,,,,1sp,가면라이더 블레이드,신 가면라이더,,"켄자키 카즈마,아이카와 하지메,혼고 타케시,이치몬지 하야토,미도리카와 루리코",켄자키 카즈마X아이카와 하지메,로맨틱,,"소설,만화,일러스트",Nostalgia_KMR,https://dongne.co/events/25d07/circles/134640,제7회 쩜오 어워드,Day2
거기까지 갔다면 결혼이지 애들이 결혼 22주년을 맞이했습니다 ,"먹, 곰곰 ",,,,,1sp,가면라이더 류우키,"가면라이더 아기토,가면라이더 빌드,가면라이더 지오,가면라이더 세이버 등",,키도 신지,,로맨틱,"히카쇼, 용토끼, 워즈소고, 유리토우 등 ","만화,일러스트,소설",,https://dongne.co/events/25d07/circles/134544,제7회 쩜오 어워드,Day2
<404 not found> 주최부스,404 not found,,,,,2sp,,,404 not found,,,,,,,https://dongne.co/events/25d07/circles/134596,제7회 쩜오 어워드,Day2
500원만 주면 헨신해주는 놈,벼락,,,,,2sp,가면라이더,,,"키류 센토,반죠 류우가,토키와 소고,묘코인 게이츠,필립,히다리 쇼타로",키류 센토X반죠 류우가,"로맨틱,섹슈얼","소고게이, 필쇼",,txunxerxoxt,https://dongne.co/events/25d07/circles/134624,제7회 쩜오 어워드,Day2
쓸고 밀어 드리는 황제 CAR지노,퍼스트클래스파괴자,,,,,1sp,범죄도시4,,,백창기,,"로맨틱,섹슈얼",,,BUMDO4CHNGGI,https://dongne.co/events/25d07/circles/134565,제7회 쩜오 어워드,Day2
중간고사까지 D-15,"계정,레모",,,,,1sp,"전대,가면라이더",,,,,,,"소설,기타",ha_rjs,https://dongne.co/events/25d07/circles/134557,제7회 쩜오 어워드,Day2
E.G.I.S. 비공인 한국 지부,잘리,,,,,1sp,울트라맨 타이가,,,,쿠도 히로유키X소우야 호마레,"로맨틱,섹슈얼",,소설,buddysteadygo,https://dongne.co/events/25d07/circles/134595,제7회 쩜오 어워드,Day2
최고 GOAT 우키요에이스 절대로 잊지 않겠습니다...,엔,,,,,1sp,가면라이더 기츠,"가면라이더,슈퍼전대",,,우키요 에이스X아즈마 미치나가,해당없음,큐운네온,"만화,일러스트",h_ENN_shin,https://dongne.co/events/25d07/circles/134592,제7회 쩜오 어워드,Day2
M.W,월양,,,,,2sp,울트라맨 오브,가면라이더 디케이드,,"쿠레나이 가이,저글러스 저글러",,"섹슈얼,로맨틱",츠카이,만화,gnaylow,https://dongne.co/events/25d07/circles/134518,제7회 쩜오 어워드,Day2
NEVER Entertainment,바냐,,,,,1sp,가면라이더 W(더블),,,다이도 카츠미,다이도 카츠미X미나,"로맨틱,섹슈얼",,소설,nightmaresephy,https://dongne.co/events/25d07/circles/134537,제7회 쩜오 어워드,Day2
펑크내면 군입대or유치장,망명,,,,,1sp,D.P.,MIU404,,,,해당없음,이부키 아이*시마 카즈미,"만화,일러스트,기타",Retry_MM,https://dongne.co/events/25d07/circles/134611,제7회 쩜오 어워드,Day2
뒷북:Reload,Ric,,,,,2sp,스타트렉,,,스팍,우후라+커크X스팍,"섹슈얼,로맨틱",,만화,2suffer2gether,https://dongne.co/events/25d07/circles/134535,제7회 쩜오 어워드,Day2
왕실rps모독죄,"파몽, 선후",,,,,1sp,임금님전대 킹오저(파워레인저 킹덤포스),가면라이더 기츠,,"기라,제라미 / 우키요 에이스,아즈마 미치나가",기라 하스티X제라미 브라시에리,로맨틱,,"만화,소설",pamong_bffa,https://dongne.co/events/25d07/circles/134628,제7회 쩜오 어워드,Day2
SPASE ANCIENT MAN YAOI ,냠냥,,,,,1sp,울트라맨 오브,,,,쿠레나이 가이X쟈그라스 쟈그라,,,,,https://dongne.co/events/25d07/circles/134562,제7회 쩜오 어워드,Day2
울트라맨엑스 youtube에서 공식무료공개중,사성구,,,,,2sp,울트라맨 엑스,특촬,,"울트라맨 엑스,오오조라 다이치",엑스X다이치,"로맨틱,섹슈얼",,만화,4sung9,https://dongne.co/events/25d07/circles/134552,제7회 쩜오 어워드,Day2
終末히로인,aa,,,,,1sp,가면라이더 리바이스,마법×전사 마지마죠퓨어즈!,,,이가라시 사쿠라X아길레라(나츠키 하나),,,기타,,https://dongne.co/events/25d07/circles/134547,제7회 쩜오 어워드,Day2
<은영해준 쁘띠존 : 두 번째 고백은 사랑 고백> 주최부스,은영해준 쁘띠존 : 두 번째 고백은 사랑 고백,,,,,2sp,,,은영해준 쁘띠존 : 두 번째 고백은 사랑 고백,,,,,,,https://dongne.co/events/wt01/circles/134963,스크롤의 바다,Day2
 ,-,,,,,2sp,,,,,전영중X성준수,,,,,https://dongne.co/events/wt01/circles/134999,스크롤의 바다,Day2
.,ejrwlfdyd0,,,,,1sp,가비지타임,,,,,,,"만화,소설,기타",,https://dongne.co/events/wt01/circles/135159,스크롤의 바다,Day2
집 있으면 죽는 병 걸림,고밥팅탱,,,,,1sp,집이없어,데뷔 못하면 죽는 병 걸림,은영해준 쁘띠존 : 두 번째 고백은 사랑 고백,"고해준,백은영,박문대,이세진,배세진,류청우,김래빈,차유진,선아현",백은영X고해준,해당없음,,"만화,소설",tabmigo83942,https://dongne.co/events/wt01/circles/135156,스크롤의 바다,Day2
룰루,이소,,,,,1sp,가비지타임,,,기상호,,,,"만화,일러스트,소설,기타",2B__uyu,https://dongne.co/events/wt01/circles/134978,스크롤의 바다,Day2
맞나,IPR,,,,,1sp,가비지타임,,,,,,,"만화,일러스트",omolipguataku,https://dongne.co/events/wt01/circles/134715,스크롤의 바다,Day2
장터,한식,,,,,2sp,가비지타임,,,"조형석,이현성,최종수,기상호",조형석X이현성,로맨틱,종수상호,"만화,일러스트,기타",haansick,https://dongne.co/events/wt01/circles/134718,스크롤의 바다,Day2
이런 영웅도 좋아,ㅇㅎ,,,,,1sp,집이없어,,,백은영,,,,,,https://dongne.co/events/wt01/circles/134989,스크롤의 바다,Day2
지금 제철은 근현,강페페,,,,,1sp,격기3반,,,"이현걸,동근혁,강두일,고운성,황주란 등등",동근혁X이현걸,로맨틱,,"만화,일러스트,기타",g3_pepekang,https://dongne.co/events/wt01/circles/135059,스크롤의 바다,Day2
우리 끝없이 농놀 하자...,에르,,,,,2sp,가비지타임,,,"전영중,성준수",전영중X성준수,로맨틱,,"기타,일러스트",eru18831,https://dongne.co/events/wt01/circles/135093,스크롤의 바다,Day2
이거 진돗개다,로이비,,,,,2sp,격기3반,,,,동근혁X이현걸,"로맨틱,섹슈얼",,,f3loeyb,https://dongne.co/events/wt01/circles/134950,스크롤의 바다,Day2
무이무,mui,,,,,2sp,가비지타임,,,성준수,전영중X성준수,"로맨틱,섹슈얼",종뱅,,mui_S2,https://dongne.co/events/wt01/circles/134814,스크롤의 바다,Day2
뭐하지,진짜,,,,,1sp,가비지타임,,,전영중 성준수,전영중X성준수,로맨틱,,일러스트,,https://dongne.co/events/wt01/circles/134945,스크롤의 바다,Day2
정육점,쇠고기,,,,,2sp,가비지타임,,,최종수 기상호,,로맨틱,,만화,butcher_shop,https://dongne.co/events/wt01/circles/134874,스크롤의 바다,Day2
기상호 너 형아랑 결혼할거야 말거야 빨리 말해,찬무,,,,,1sp,가비지타임,,,"기상호,박병찬",기상호X박병찬,"로맨틱,섹슈얼",,소설,chanmu_1001,https://dongne.co/events/wt01/circles/135162,스크롤의 바다,Day2
늑대와 미녀,"망감, 줌마",,,,,2sp,가비지타임,,,"지상고,원중고",,,,"만화,일러스트",mangam217,https://dongne.co/events/wt01/circles/134738,스크롤의 바다,Day2
문대를 문대,낸내,,,,,1sp,데뷔 못 하면 죽는 병 걸림,,,"박문대,선아현,이세진",,,,일러스트,,https://dongne.co/events/wt01/circles/134895,스크롤의 바다,Day2
사랑과 진실,정주행,,,,,1sp,동경과 거짓말,,,"에델바이스 밀런,비올라 알피나",에델X비올,로맨틱,,소설,BADDALLIME,https://dongne.co/events/wt01/circles/135018,스크롤의 바다,Day2
병찬아 누나 왔다,다믜,,,,,1sp,가비지타임,,,최종병기,,해당없음,상호른,"소설,기타",dami_g_t,https://dongne.co/events/wt01/circles/135091,스크롤의 바다,Day2
사실… 이건 계란말이죠?,초롱,,,,,1sp,똑 닮은 딸,행성인간,,,,,,일러스트,,https://dongne.co/events/wt01/circles/134952,스크롤의 바다,Day2
북치기 펩치기,펩치,,,,,1sp,집이없어,,은영해준 쁘띠존 : 두 번째 고백은 사랑 고백,,백은영X고해준,로맨틱,,소설,pepchiii_NM,https://dongne.co/events/wt01/circles/135136,스크롤의 바다,Day2
준비된 빵가게,F!VE,,,,,1sp,가비지타임,,,"성준수,전영중",준수X영중,"로맨틱,섹슈얼",,"공예,일러스트",fiveee_eee,https://dongne.co/events/wt01/circles/135054,스크롤의 바다,Day2
한솔고 알페스 본부,밍맹몽,,,,,1sp,집이 없어,,은영해준 쁘띠존 : 두 번째 고백은 사랑 고백,"백은영,고해준",백은영X고해준,로맨틱,,만화,ming_maengmong,https://dongne.co/events/wt01/circles/135125,스크롤의 바다,Day2
상호야 누구랑 사귈래?,베르디,,,,,1sp,가비지타임,,,성준수 기상호 전영중 최종수 박병찬,성준수X기상호,"섹슈얼,로맨틱","빵상, 종상, 뱅상",소설,B_eeLL_D,https://dongne.co/events/wt01/circles/135105,스크롤의 바다,Day2
어쨌든 순애라고요,이브,,,,,2sp,가비지타임,,,"기상호,전영중",,로맨틱,"상쫑,상왼",소설,,https://dongne.co/events/wt01/circles/134809,스크롤의 바다,Day2
승재승 무한순환소수,VT,,,,,2sp,가비지타임,,,임승대 진재유,진재유X임승대,"로맨틱,섹슈얼",재유승대 승대재유 승재승,"만화,일러스트,소설",otimku,https://dongne.co/events/wt01/circles/134847,스크롤의 바다,Day2
ㄱㅂㅈㄱ,삼삼오오징어,,,,,1sp,,,,,,,,,,https://dongne.co/events/wt01/circles/134986,스크롤의 바다,Day2
근현성실,Abigail,,,,,1sp,격기3반,,,"동근혁,이현걸",,로맨틱,,소설,bibiangg323,https://dongne.co/events/wt01/circles/134936,스크롤의 바다,Day2
동코타임,소동,,,,,2sp,가비지타임,,,전영중,전영중X성준수,,,일러스트,ppang0_z,https://dongne.co/events/wt01/circles/134994,스크롤의 바다,Day2
랜덤박스,문무한,,,,,1sp,,,,,,,,,,https://dongne.co/events/wt01/circles/134751,스크롤의 바다,Day2
빵알준벅,꼬알,,,,,2sp,가비지타임,,,,,,"종상, 뱅상",,,https://dongne.co/events/wt01/circles/134742,스크롤의 바다,Day2
상뱅반점,운금,,,,,2sp,가비지타임,,,"기상호,박병찬",기상호X박병찬,로맨틱,,소설,wg01101,https://dongne.co/events/wt01/circles/135083,스크롤의 바다,Day2
영귀준주,둥글동글,,,,,1sp,가비지타임,,,전영중 성준수,,,,,0round0,https://dongne.co/events/wt01/circles/134955,스크롤의 바다,Day2
인형조아,눈꽃,,,,,1sp,전지적독자시점,,,비유,,로맨틱,,,,https://dongne.co/events/wt01/circles/134988,스크롤의 바다,Day2
쮸쀼쮸쀼,미스터리,,,,,1sp,가비지타임,,,,,,,일러스트,,https://dongne.co/events/wt01/circles/134797,스크롤의 바다,Day2
하늘하늘,223,,,,,1sp,가비지타임,,,"박병찬,최종수",박병찬X최종수,로맨틱,,"일러스트,만화",,https://dongne.co/events/wt01/circles/134706,스크롤의 바다,Day2
배고파요 부스 주세요,마약,,,,,2sp,전지적 독자 시점,가비지 타임,,,,,,,addict_jd,https://dongne.co/events/wt01/circles/134748,스크롤의 바다,Day2
구주시가 좋다. 행파영구가 좋다.,램뫼,,,,,1sp,구주의 시간,,,"0941,행성파괴범,최혜나 등",행성파괴범X0941,"로맨틱,섹슈얼",,소설,LM_LMLM__,https://dongne.co/events/wt01/circles/135106,스크롤의 바다,Day2
농구비가 내려와,RSO,,,,,1sp,가비지타임,,,"기상호,성준수,진재유,정희찬 등",성준수X기상호,로맨틱,,"일러스트,기타",RSO_drawing,https://dongne.co/events/wt01/circles/135076,스크롤의 바다,Day2
농구하는 우리를 봐 농구하고 있어,.,,,,,1sp,가비지타임,,,,,,,,,https://dongne.co/events/wt01/circles/134918,스크롤의 바다,Day2
이번에도 그럿게 됏다.,ㅁㅂ,,,,,1sp,,,,,,,,"소설,일러스트",,https://dongne.co/events/wt01/circles/134996,스크롤의 바다,Day2
주인장이 사랑한 녀석들,주인장(죽밥),,,,,1sp,언더프린,,,,,,,일러스트,,https://dongne.co/events/wt01/circles/134822,스크롤의 바다,Day2
동경이랑 사랑을 헷갈려해도 되는 거임? 에델바이스도?,붑유진,,,,,2sp,동경과 거짓말,,,"에델바이스 밀런,비올라 알피나",에델바이스 밀런X비올라 알피나,"로맨틱,섹슈얼",,"만화,소설,기타",uuuujin_ing,https://dongne.co/events/wt01/circles/134958,스크롤의 바다,Day2
명망높은 보리굴비,보리굴비,,,,,2sp,가비지타임,,,"전영중,성준수",,"로맨틱,섹슈얼",,소설,GulbiMyeol,https://dongne.co/events/wt01/circles/134714,스크롤의 바다,Day2
백작이네 일코가게,백작김씨,,,,,1sp,가비지타임,가비지타임,,"지상고,원중고,조형고,장도고,신유고,진훈정산고",,,,만화,hjdltmddus,https://dongne.co/events/wt01/circles/135118,스크롤의 바다,Day2
준상해가 떴습니다,"아침, 김햄수",,,,,2sp,가비지타임,,,기상호,박병찬X기상호,로맨틱,성준수X기상호,기타,,https://dongne.co/events/wt01/circles/135107,스크롤의 바다,Day2
헤어지는 은영해준 주세요,사약,,,,,1sp,집이 없어,가비지타임,은영해준 쁘띠존 : 두 번째 고백은 사랑 고백,"백은영,고해준 / 성준수,기상호",백은영X고해준,로맨틱,"성준수x기상호(준수상호, 준상)","기타,소설",Sayak_Y,https://dongne.co/events/wt01/circles/134840,스크롤의 바다,Day2
들어와봐!! ~기상호의 세계로~,편식자,,,,,1sp,가비지타임,,,기상호,,,,소설,picky_eater_,https://dongne.co/events/wt01/circles/135161,스크롤의 바다,Day2
도최쿨미&하프미코,143195,,,,,1sp,가비지타임,,,"성준수,최종수",,로맨틱,,소설,Jongpan23,https://dongne.co/events/wt01/circles/134834,스크롤의 바다,Day2
야옹이햄집,멘사,,,,,1sp,가비지타임,,,"최종수,기상호,성준수,박병찬",최종수X기상호,"로맨틱,섹슈얼","준수상호,상호병찬","만화,일러스트,소설",menhera_love02,https://dongne.co/events/wt01/circles/135104,스크롤의 바다,Day2
절찬농놀중,루룬,,,,,1sp,가비지타임,,,,박병찬X최종수,로맨틱,,,,https://dongne.co/events/wt01/circles/135007,스크롤의 바다,Day2
회귀하거라,회귀,,,,,2sp,가비지타임,데못죽,,,,,,,ronno_5,https://dongne.co/events/wt01/circles/135024,스크롤의 바다,Day2
감독님이랑 조선수 둘이 사궈?,디귿,,,,,1sp,가비지타임,,,"조형석,이현성",,,,"일러스트,만화",mimnim_hshs,https://dongne.co/events/wt01/circles/134756,스크롤의 바다,Day2
허접막내가 명문가 자제를 함락시킴,쫑수네치킨,,,,,2sp,가비지타임,,,"기상호,최종수",기상호X최종수,"로맨틱,해당없음",,"만화,일러스트,소설",wooyoon_00,https://dongne.co/events/wt01/circles/135101,스크롤의 바다,Day2
개상호애호가,miyang,,,,,1sp,가비지타임,,,기상호 성준수 최종수 박병찬,,"로맨틱,섹슈얼",최종수x기상호,"일러스트,만화",eriponiyami,https://dongne.co/events/wt01/circles/135077,스크롤의 바다,Day2
나쁜쿠소의꿈,쿠소수집가,,,,,1sp,나쁜마법사의꿈,,,,,,,,utopia_07days,https://dongne.co/events/wt01/circles/134732,스크롤의 바다,Day2
이름뭐로하지,처서,,,,,1sp,가비지타임,,,"성준수,진재유",성준수X진재유,로맨틱,,일러스트,wonderwall_EA,https://dongne.co/events/wt01/circles/135090,스크롤의 바다,Day2
인격신뢰창렬,정고모,,,,,2sp,가비지타임,,,"강인석,조신우",강인석X조신우,로맨틱,,,yeonil_aunt,https://dongne.co/events/wt01/circles/134887,스크롤의 바다,Day2
준수개좋은날,햅띠,,,,,1sp,가비지타임,,,성준수,,,,기타,heptti,https://dongne.co/events/wt01/circles/134917,스크롤의 바다,Day2
햄취취햄취취,빵주머니,,,,,2sp,가비지타임,,,,,,,기타,pocket0jun,https://dongne.co/events/wt01/circles/134754,스크롤의 바다,Day2
흐느적흐느적,룽,,,,,2sp,전독시,가비지타임 내스급,,유중혁 김독자 비유 기상호,유중혁X김독자,,,,,https://dongne.co/events/wt01/circles/134723,스크롤의 바다,Day2
수상할정도로 탈덕 못 함,판귄,,,,,1sp,탈(TAL),,,,,,,,,https://dongne.co/events/wt01/circles/134733,스크롤의 바다,Day2
준상종상형현의 바다,오디,,,,,1sp,가비지타임,슬램덩크,,,,"로맨틱,섹슈얼",,,,https://dongne.co/events/wt01/circles/135044,스크롤의 바다,Day2
지상최강예토전생,케이크,,,,,2sp,가비지타임,,,기상호,최종수X기상호,"로맨틱,해당없음","태성은재, 논커플링","만화,일러스트",Cake_ioi_,https://dongne.co/events/wt01/circles/135025,스크롤의 바다,Day2
토마토요리전문점,토마토댄스대회우승자,,,,,1sp,가비지타임,,,,,,,,otakuyoudied,https://dongne.co/events/wt01/circles/134729,스크롤의 바다,Day2
지상고앞짜글이가게,뽀글,,,,,1sp,가비지타임,,,,,,,만화,gabtapigboss,https://dongne.co/events/wt01/circles/135017,스크롤의 바다,Day2
진훈정보산업고등학교 디지털미디어디자인과,4호점,,,,,2sp,가비지타임,,,"황보석,김기정,고상언",,,,"만화,일러스트",HEXa1d7c9,https://dongne.co/events/wt01/circles/134823,스크롤의 바다,Day2
햄을더많이먹을수있거든,빠루,,,,,1sp,가비지타임,,,성준수 진재유,성준수X진재유,로맨틱,,만화,pqpq_00_qpqp,https://dongne.co/events/wt01/circles/135071,스크롤의 바다,Day2
내장르굿즈내가만들어서먹는다,쵸오오맨,,,,,1sp,나윤싫,"모엘리멘탈,마법약소녀",,,,,,만화,chyomaen,https://dongne.co/events/wt01/circles/135128,스크롤의 바다,Day2
잠들면안돼진실게임하자좋아하는기상호있어?,식,,,,,1sp,가비지타임,,,기상호,,,,기타,nongsig06,https://dongne.co/events/wt01/circles/134726,스크롤의 바다,Day2
1622년 전통 해피찌개집,빵,,,,,1sp,가비지타임,,,"조형석,이현성",조형석X이현성,"로맨틱,섹슈얼",,"만화,일러스트",kogeppang,https://dongne.co/events/wt01/circles/135066,스크롤의 바다,Day2
짤로는 봤겠지! 질풍기획! ~2024년에도 팝니다~ ,"시온, 치박, 눙 ",,,,,2sp,"질풍기획,집이없어,전자오락수호대","역대급 영지 설계사,똑닮은딸",,기획3팀 / 백은영 / 솜솔 / 패치트,ALLXALL,,"치삼병철, 숙자영희, 알리로이, 하비로이, 마리민주, 패치트 ","일러스트,소설","sion_wp, dimsum283, nong04290977723",https://dongne.co/events/wt01/circles/135111,스크롤의 바다,Day2
24-25시즌 개막 전 정상 영업합니다 ,"공버, 간게",,,,,2sp,가비지타임,,,"임승대,진재유",임승대X진재유,"로맨틱,섹슈얼",,"만화,소설",lovertrex,https://dongne.co/events/wt01/circles/134868,스크롤의 바다,Day2
햄바꺼 가게 3호점,감말랭,,,,,2sp,가비지타임,,,"성준수,최종수,박병찬,기상호",성준수X기상호,로맨틱,"종상, 뱅상",일러스트,toon0979,https://dongne.co/events/wt01/circles/134921,스크롤의 바다,Day2
또오세요305호에,야누스,,,,,2sp,어서오세요 305호에!,,,양주하,,로맨틱,,,yanus_305,https://dongne.co/events/wt01/circles/134853,스크롤의 바다,Day2
41년전통김치찌개,차양,,,,,1sp,가비지타임,,,,영중X준수,로맨틱,,,403chy,https://dongne.co/events/wt01/circles/134813,스크롤의 바다,Day2
상뱅 영업부 621팀 ,삼성신입 ,,,,,2sp,,,,,,,,,,https://dongne.co/events/wt01/circles/135029,스크롤의 바다,Day2
[최고급]구식농장 꿀사과 6kg 21kg,"사과,구식",,,,,4sp,가비지타임,,,"기상호,박병찬",기상호X박병찬,"로맨틱,섹슈얼",,"만화,일러스트",,https://dongne.co/events/wt01/circles/134866,스크롤의 바다,Day2
9월까지 탈덕방지,34,,,,,2sp,동경과 거짓말,,,"에델바이스 밀런,비올라 알피나",에델바이스X비올라,로맨틱,,"만화,일러스트",d_garbage_bag,https://dongne.co/events/wt01/circles/134769,스크롤의 바다,Day2
CP에서 똑같은 맛이나도 되는거임?,감일,,,,,1sp,신의탑,페르소나,,"스물다섯번째 밤,쿤아게로아그니스",,로맨틱,주인공x아케치,"만화,일러스트",kamsung10tk,https://dongne.co/events/wt01/circles/134850,스크롤의 바다,Day2
DALO,Dalo,,,,,4sp,전지적독자시점,"슬램덩크,오리지널",,,,,,,dalchi09,https://dongne.co/events/wt01/circles/134962,스크롤의 바다,Day2
코트K상른S 66 재개장,목가,,,,,1sp,가비지타임,,,기상호,,로맨틱,,,dyll_I_91,https://dongne.co/events/wt01/circles/134826,스크롤의 바다,Day2
todac_s,쓩늉,,,,,2sp,가비지타임,,,,,,,,,https://dongne.co/events/wt01/circles/134789,스크롤의 바다,Day2
^^xㅍㅍ,오밀,,,,,1sp,가비지타임,,,전영중 성준수,전영중X성준수,로맨틱,,"만화,일러스트",_231001431,https://dongne.co/events/wt01/circles/135072,스크롤의 바다,Day2
주인공X최종보수,버터,,,,,1sp,가비지타임,,,,기상호X최종수,로맨틱,성준수x전영중,만화,,https://dongne.co/events/wt01/circles/134812,스크롤의 바다,Day2
미래해도(未來海圖),lacuna,,,,,2sp,합법해적 파르페,극락왕생,,파르페,,"로맨틱,섹슈얼","벨결문, 문수관음","만화,일러스트,소설",,https://dongne.co/events/wt01/circles/135069,스크롤의 바다,Day2
