부스명,대표자,위치,위치(열),위치(번호),반부스,부스,대표 작품(원작),그 외 다루는 작품,쁘띠존,캐릭터,커플링,커플링 성향,그 외 커플링,매체,트위터,링크,행사명,개최일
< 팀 앙상블 >,별모래,,,,,2sp,"수공예,레진공예,비즈공예,뜨개공예","일러스트,일러스트 문구",,,,,,"일러스트,공예,조형,기타",,https://dongne.co/events/df2507/circles/146661,제30회 디. 페스타(토),Day1
"<우리 백청이지 않은가, 소형제?> 주최부스","우리 백청이지 않은가, 소형제?",,,,,2sp,,,"우리 백청이지 않은가, 소형제?",,,,,,,https://dongne.co/events/df2507/circles/147050,제30회 디. 페스타(토),Day1
<추억이 밧울밧울> 주최부스,추억이 밧울밧울,,,,,2sp,,,추억이 밧울밧울,,,,,,,https://dongne.co/events/df2507/circles/147266,제30회 디. 페스타(토),Day1
<게토고죠 쁘띠존> 주최부스,게토고죠 쁘띠존,,,,,2sp,,,게토고죠 쁘띠존 ROOM No. 725,,,,,,,https://dongne.co/events/df2507/circles/145849,제30회 디. 페스타(토),Day1
<견원지간(=?) : 나루호시 쁘띠존> 주최부스,견원지간(=?) : 나루호시 쁘띠존,,,,,2sp,,,견원지간(=?) : 나루호시 쁘띠존,,,,,,,https://dongne.co/events/df2507/circles/148031,제30회 디. 페스타(토),Day1
                                                                               정령정 대신 전해드립니다,"어묵, 노다지",,,,,2sp,블리치,,,"아바라이 렌지,쿠치키 루키아,이치마루 긴,마츠모토 란기쿠",아바라이 렌지X쿠치키 루키아,"로맨틱,섹슈얼",긴란,"만화,일러스트",amugonagurim__,https://dongne.co/events/df2507/circles/147081,제30회 디. 페스타(토),Day1
  세포동아리,주야,,,,,2sp,세포신곡,,세포신곡 쁘띠존 2회 因子 : 梅雨 ,"아토 하루키,카노 아오구",,,,"만화,일러스트,기타",ax_v7i,https://dongne.co/events/df2507/circles/146590,제30회 디. 페스타(토),Day1
-                                                                                                                                                                                        게토가고죠를앙앙앙,-,,,,,1sp,주술회전,,게토고죠 쁘띠존 ROOM No. 725,"게토 스구루,고죠 사토루",게토 스구루X고죠 사토루,"섹슈얼,로맨틱",,"일러스트,기타",,https://dongne.co/events/df2507/circles/147430,제30회 디. 페스타(토),Day1
.,.,,,,,2sp,,,,,,,,,,https://dongne.co/events/df2507/circles/148008,제30회 디. 페스타(토),Day1
.,추후변경,,,,,1sp,,,,,,,,만화,,https://dongne.co/events/df2507/circles/146939,제30회 디. 페스타(토),Day1
....웨옹,사구,,,,,1sp,괴담에 떨어져도 출근을 해야 하는구나,,,"김솔음,백사헌,최요원,이자헌",,,,,SAAGU49,https://dongne.co/events/df2507/circles/147134,제30회 디. 페스타(토),Day1
"""어둠 그까이꺼 기세면 되지않겠습니까"" [실종엔딩]",설담,,,,,2sp,괴담에 떨어져도 출근을 해야 하는구나,,,"김기려,김솔음,김독자",,,,일러스트,seol_dam_,https://dongne.co/events/df2507/circles/147261,제30회 디. 페스타(토),Day1
"( ᐢ, ,ᐢ) 내겐너무거대한티비",타지,,,,,1sp,괴담출근,죠죠의기묘한모험,,"김솔음,브라운",김솔음X브라운,로맨틱,,"일러스트,만화",baekilmong91,https://dongne.co/events/df2507/circles/146022,제30회 디. 페스타(토),Day1
(주) 호장물산,최고점수,,,,,2sp,아이돌리쉬 세븐,,,,미도 토라오X오오사카 소고,,,"만화,일러스트",YOURBESTSCORE,https://dongne.co/events/df2507/circles/147191,제30회 디. 페스타(토),Day1
(주) 무림미식회,단팥빵,,,,,1sp,무림제일폐: 월한강천록,,,유소월,홍륜X소월,"로맨틱,섹슈얼","유원소월,소월른","만화,일러스트",Annbbang,https://dongne.co/events/df2507/circles/146571,제30회 디. 페스타(토),Day1
(주)다이바건설,sikeun/오진,,,,,2sp,오오에,,,,오오사키X시즈마,,오오신,,"uzxkarma, ooojinjin",https://dongne.co/events/df2507/circles/147418,제30회 디. 페스타(토),Day1
[종착역 : 낙원],실컷 & 만두,,,,,2sp,주술회전,,게토고죠 쁘띠존 ROOM No. 725,"게토 스구루,고죠 사토루",게토 스구루X고죠 사토루,"로맨틱,섹슈얼",,"만화,일러스트,소설","Silkeot_, man_du0817",https://dongne.co/events/df2507/circles/148312,제30회 디. 페스타(토),Day1
&&___**,"올리브, 함",,,,,2sp,프로젝트 세카이,,,"쿠사나기 네네,카미시로 루이",카미시로 루이X쿠사나기 네네,,,소설,,https://dongne.co/events/df2507/circles/146511,제30회 디. 페스타(토),Day1
← 양기 수집가를 믿기       음기 수집가를 믿기 →,"마, 헤즈",,,,,2sp,데뷔 못 하면 죽는 병 걸림,,,차유진 김래빈 신재현 류건우,차유진X김래빈,,청려건우,,M03061111,https://dongne.co/events/df2507/circles/148051,제30회 디. 페스타(토),Day1
ㅂ,Nacho,,,,,1sp,,,,,,,,,,https://dongne.co/events/df2507/circles/147557,제30회 디. 페스타(토),Day1
냠,,,,,,2sp,,,,,,,,일러스트,,https://dongne.co/events/df2507/circles/147323,제30회 디. 페스타(토),Day1
넵,챠비별,,,,,2sp,,,,,,,,,,https://dongne.co/events/df2507/circles/146967,제30회 디. 페스타(토),Day1
왹,비비42,,,,,1sp,이세계착각헌터,"괴담출근,데못죽",,레밍,,,,소설,hb_dkr,https://dongne.co/events/df2507/circles/146271,제30회 디. 페스타(토),Day1
음,갸옹,,,,,2sp,괴담출근,전독시,,김솔음,최요원X김솔음,"로맨틱,섹슈얼","사헌솔음, 자헌솔음, 브라운솔음, 중혁독자","일러스트,만화",masitdaghost_77,https://dongne.co/events/df2507/circles/146749,제30회 디. 페스타(토),Day1
잉,.,,,,,2sp,괴담에 떨어져도 출근을 해야 하는구나,슬램덩크,,,,,,,,https://dongne.co/events/df2507/circles/147578,제30회 디. 페스타(토),Day1
헷,해현,,,,,2sp,원피스,,,트라팔가 로우,,,,,Law_S2__,https://dongne.co/events/df2507/circles/145877,제30회 디. 페스타(토),Day1
힝,LOC,,,,,2sp,괴담출근,,,,,,,,,https://dongne.co/events/df2507/circles/145966,제30회 디. 페스타(토),Day1
두 줌,공박,,,,,1sp,,,,,,,,,gongbak_wr,https://dongne.co/events/df2507/circles/147101,제30회 디. 페스타(토),Day1
착 한 아 이,DaDa,,,,,1sp,괴담에 떨어져도 출근을 해야 하는구나,,,김솔음,,,,,DaDa9191,https://dongne.co/events/df2507/circles/146809,제30회 디. 페스타(토),Day1
한 번 더 나에게 질풍 같은 덕질을,햅쌀,,,,,1sp,근육맨 2세,,,클로에,케빈마스크X클로에,,,만화,HAPSSAL03,https://dongne.co/events/df2507/circles/147128,제30회 디. 페스타(토),Day1
밥 한번 먹고 가,고롤,,,,,2sp,던전밥,"이끼코스터,블루아카이브,우마무스에",,"걷는 버섯,던전밥 캐릭터",,,,"공예,조형,기타,일러스트",rorotheroro00,https://dongne.co/events/df2507/circles/148219,제30회 디. 페스타(토),Day1
내 기분 마치 신라,"화련, 무무",,,,,2sp,"화산귀환,진혼기,몰락세가의 시한부 영약",,"우리 백청이지 않은가, 소형제?",청명,백천X청명,로맨틱,"자하설영, 화륜련",소설,"4PR1C0T_R, mu_maehwa",https://dongne.co/events/df2507/circles/146690,제30회 디. 페스타(토),Day1
한 고게 넘어 사랑!,양갱,,,,,2sp,주술회전,,,"고죠사토루,게토스구루",고죠사토루X게토스구루,로맨틱,,만화,za_yess,https://dongne.co/events/df2507/circles/147024,제30회 디. 페스타(토),Day1
때 묻은 실격에,세시,,,,,1sp,문호 스트레이독스,,츄다자 쁘띠존 : 두사람의 인간증명 QED,"나카하라 츄야,다자이 오사무",나카하라 츄야X다자이 오사무,"로맨틱,섹슈얼",,,Bungo_3i,https://dongne.co/events/df2507/circles/148336,제30회 디. 페스타(토),Day1
흙 속의 인디고,인디고,,,,,1sp,,,,,,,,공예,digogo5220,https://dongne.co/events/df2507/circles/146329,제30회 디. 페스타(토),Day1
너 내가 싫다고 하면 울 거잖아~?,서목,,,,,2sp,블랙배저,,,"힐데베르트 탈레브,리카르도 소르디,이예현",리카르도 소르디X힐데베르트 탈레브,,"예현힐데, 윤힐데","일러스트,소설",SeoMok__,https://dongne.co/events/df2507/circles/147683,제30회 디. 페스타(토),Day1
나 아는 우마무스메 강다니엘 닮은 긴토키가 다시보게 되는게 다시 그때처럼 안닮게 나구모보면 느껴지는걸수도 있는거임? 김솔음도?,"삼화, 앵구리, kinoko, 게라포",,,,,2sp,"괴담에 떨어져도 출근을 해야 하는구나,사카모토 데이즈,은혼,우마무스메","가비지타임,데뷔 못 하면 죽는 병 걸림,헌터X헌터,하이큐",,"김솔음,브라운,이자헌,제삼이,최요원,류재관,박문대,코즈메 켄마,시리우스 심볼리,심볼리 루돌프,아그네스 타키온,긴토키,카구라,신파치,히지카타,소고,키르아,곤,최종수,성준수,사카모토,시시바,나구모,코즈메 켄마,사쿠사 키요오미",브라운X김솔음,"섹슈얼,로맨틱","최솔, 잫솔","만화,일러스트,기타","alcmoon1127, spicyguri, Umanokono, gelagelapoo",https://dongne.co/events/df2507/circles/148193,제30회 디. 페스타(토),Day1
복 내려온다,오복,,,,,2sp,천관사복,,,사련,화성X사련,로맨틱,,일러스트,bok_comingdown,https://dongne.co/events/df2507/circles/147747,제30회 디. 페스타(토),Day1
나 나오야가 너무 좋아 @: 나나오야? 그건 또 누군데,악어533,,,,,1sp,주술회전,"윈브레,체인소맨",,나오야 토우지,,,,,,https://dongne.co/events/df2507/circles/147883,제30회 디. 페스타(토),Day1
씁... 이건 여기서 안 되고 큰 치과로 가셔야 해요,"해핀, 와라",,,,,2sp,어두운 바다의 등불이 되어,,,"김재희,박무현",김재희X박무현,"로맨틱,섹슈얼",,"소설,공예","Haefx1n22, WR0306A",https://dongne.co/events/df2507/circles/147487,제30회 디. 페스타(토),Day1
겜.돌.소 ~겜지나게돌아버린소녀들~,민프,,,,,2sp,"플레이브,진혼기",원신,,"플레이브,설영,자하",,,,,boriboo1160,https://dongne.co/events/df2507/circles/147243,제30회 디. 페스타(토),Day1
고게,느루,,,,,2sp,주술회전,,,"고죠 사토루,게토 스구루",고죠 사토루X게토 스구루,"로맨틱,섹슈얼",,"만화,소설",neo___lu,https://dongne.co/events/df2507/circles/147486,제30회 디. 페스타(토),Day1
기븐,모두모요,,,,,1sp,기븐,,,,,,,,,https://dongne.co/events/df2507/circles/147223,제30회 디. 페스타(토),Day1
냠냠,ㅇㅇ,,,,,1sp,프로젝트 세카이,,,"텐마 츠카사,카미시로 루이",카미시로 루이X텐마 츠카사,로맨틱,,일러스트,loveblond_46,https://dongne.co/events/df2507/circles/147304,제30회 디. 페스타(토),Day1
당근,ㅇㅅㅇ,,,,,2sp,,,,,,,,,,https://dongne.co/events/df2507/circles/146043,제30회 디. 페스타(토),Day1
레판,ohmarron,,,,,2sp,go,,,,,,,,,https://dongne.co/events/df2507/circles/146502,제30회 디. 페스타(토),Day1
릴리,하다월,,,,,4sp,,,,,,,,,,https://dongne.co/events/df2507/circles/146263,제30회 디. 페스타(토),Day1
미정,기솜,,,,,2sp,괴담에 떨어져도 출근을 해야 하는구나,프로세카,,김솔음,,,,"만화,일러스트",eridin3038,https://dongne.co/events/df2507/circles/147535,제30회 디. 페스타(토),Day1
밀플,밀플,,,,,2sp,보컬로이드,홀로라이브,,,,,,,Milkflash_,https://dongne.co/events/df2507/circles/145813,제30회 디. 페스타(토),Day1
버킷,불불,,,,,1sp,,,,,,,,,,https://dongne.co/events/df2507/circles/148364,제30회 디. 페스타(토),Day1
부슥,삥찌,,,,,1sp,데못죽(데뷔 못 하면 죽는병 걸림),"괴담출근,어바등,파판14",,,,,,,bbing_zzi,https://dongne.co/events/df2507/circles/146990,제30회 디. 페스타(토),Day1
시현,시현,,,,,1sp,,,,,,,,일러스트,hs_025_,https://dongne.co/events/df2507/circles/148400,제30회 디. 페스타(토),Day1
유령,유령,,,,,2sp,,,,창작 캐릭터,,,,"만화,일러스트",gost__56,https://dongne.co/events/df2507/circles/148306,제30회 디. 페스타(토),Day1
이리,이리,,,,,1sp,괴담에 떨어져도 출근을 해야 하는구나,,,올캐러,장일소X호가명,"로맨틱,섹슈얼",,일러스트,iri0012draw,https://dongne.co/events/df2507/circles/147753,제30회 디. 페스타(토),Day1
임시,woql,,,,,1sp,젤다의전설,,,,,,,,lk_gndf,https://dongne.co/events/df2507/circles/147078,제30회 디. 페스타(토),Day1
체뱜,김체리,,,,,2sp,"괴담출근(괴담에 떨어져도 출근을 해야 하는구나),리제로(Re: 제로부터 시작하는 이세계 생활)",,,,,,,"만화,일러스트,기타",KMCHRR_L,https://dongne.co/events/df2507/circles/146826,제30회 디. 페스타(토),Day1
투쟁,이나연,,,,,1sp,,,,,,,,,,https://dongne.co/events/df2507/circles/146463,제30회 디. 페스타(토),Day1
하하,하하,,,,,2sp,사카데이,,,,,,,,,https://dongne.co/events/df2507/circles/146554,제30회 디. 페스타(토),Day1
도전~~!!!,럭,,,,,2sp,프로세카,전독시,,,토우야X아키토,로맨틱,중혁독자 루이네네,일러스트,fuj00t4ku,https://dongne.co/events/df2507/circles/146342,제30회 디. 페스타(토),Day1
빵켘~선크림필수~,빵켘,,,,,2sp,,,,,,,,"일러스트,사진,공예,기타",,https://dongne.co/events/df2507/circles/146211,제30회 디. 페스타(토),Day1
우린 할 수 있을겁니다,홍,,,,,4sp,진혼기,"킹 오브 프리즘,윈드브레이커,또봇,데못죽",,"자하,설영",자하X설영,"로맨틱,해당없음",,"만화,일러스트,소설,기타",U44515895,https://dongne.co/events/df2507/circles/146630,제30회 디. 페스타(토),Day1
남잠 밥 찵여,"공일, 맙",,,,,2sp,마도조사,,,"남망기,위무선",남망기X위무선,"로맨틱,섹슈얼",망기무선,"만화,소설,일러스트","gongill0101, wjwx1031",https://dongne.co/events/df2507/circles/147679,제30회 디. 페스타(토),Day1
형아 나 예뻐?,엔쥬,,,,,2sp,천관사복,,,"화성,사련",화성X사련,로맨틱,,"일러스트,기타",enjyu_ming9,https://dongne.co/events/df2507/circles/146048,제30회 디. 페스타(토),Day1
세븐 투 파이브,"♥♡, 춉오, 행",,,,,2sp,주술회전,,게토고죠 쁘띠존 ROOM No. 725,"게토 스구루,고죠 사토루",게토 스구루X고죠 사토루,로맨틱,,,"Charcoal_725, empty_growl, lxng725",https://dongne.co/events/df2507/circles/147646,제30회 디. 페스타(토),Day1
출소 후 유일한 낙,didi ,,,,,2sp,,,,,,,,,,https://dongne.co/events/df2507/circles/147102,제30회 디. 페스타(토),Day1
가질 수 없다면 부숴버리겠어,할롯,,,,,1sp,Call of duty:Modern warfare 2,AYSSOS,,"쾨니히,고스트",,,,"일러스트,기타",Touuax,https://dongne.co/events/df2507/circles/146610,제30회 디. 페스타(토),Day1
더울 땐 츠카레오,루우,,,,,2sp,앙상블스타즈,,,"스오우 츠카사,츠키나가 레오",,"로맨틱,섹슈얼",,,,https://dongne.co/events/df2507/circles/145858,제30회 디. 페스타(토),Day1
출근 참 가지가지 하네,"출근싫어, 가지",,,,,2sp,괴담에 떨어져도 출근을 해야 하는구나,없음,,은하제,,,,"일러스트,만화","chulgeunsiru, gajigaji__ing",https://dongne.co/events/df2507/circles/147353,제30회 디. 페스타(토),Day1
꿈과 희망,힘과 꾸망,,,,,2sp,,,,,,,,공예,kkam_kiwi,https://dongne.co/events/df2507/circles/146023,제30회 디. 페스타(토),Day1
되면 한다,"햄, 한다",,,,,2sp,"괴담출근,명급리","진혼기,데못죽,데드맨스위치",,,,,,,,https://dongne.co/events/df2507/circles/146246,제30회 디. 페스타(토),Day1
잡덕 부스,JB,,,,,1sp,데못죽,,,,,,,,cheon_o_1005,https://dongne.co/events/df2507/circles/147240,제30회 디. 페스타(토),Day1
함께 있을 수 있다면 어디든 좋아,"태성,24",,,,,1sp,주술회전,,,"고죠 사토루,게토 스구루",고죠 사토루X게토 스구루,로맨틱,,"만화,소설",taeseon63877,https://dongne.co/events/df2507/circles/147007,제30회 디. 페스타(토),Day1
분명 내가 더 어렸는데,5님,,,,,1sp,좀비고,,,,,,,,osas1318,https://dongne.co/events/df2507/circles/148434,제30회 디. 페스타(토),Day1
동인 실직 직전,스칼,,,,,2sp,프로젝트 세카이 컬러풀 스테이지 feat.하츠네 미쿠,"주술회전,괴수8호",,,,,,소설,,https://dongne.co/events/df2507/circles/146031,제30회 디. 페스타(토),Day1
피로 쓰인 혈서,모시삼베,,,,,1sp,,,,"안즈,사쿠마 레이",레이X안즈,로맨틱,,,_MEETPIANO,https://dongne.co/events/df2507/circles/147833,제30회 디. 페스타(토),Day1
자나 깨나 잊지 못 하고,오매불,,,,,2sp,진혼기,반월당의 기묘한 이야기,,,,,,,,https://dongne.co/events/df2507/circles/147391,제30회 디. 페스타(토),Day1
가챠 비틱 기원 위원회,니루,,,,,1sp,원신,,,,,,,,tabom0w0,https://dongne.co/events/df2507/circles/146155,제30회 디. 페스타(토),Day1
순애 외길 인생 순두부찌개 전문점,서문바다,,,,,2sp,데뷔 못하면 죽는 병 걸,오오에,,"박문대,이세진",,로맨틱,오오신,소설,,https://dongne.co/events/df2507/circles/147564,제30회 디. 페스타(토),Day1
감자 많이 먹어라,요미,,,,,2sp,괴수8호,,견원지간(=?) : 나루호시 쁘띠존,"나루미 겐,호시나 소우시로",나루미 겐X호시나 소우시로,로맨틱,,만화,yosanokillme,https://dongne.co/events/df2507/circles/148249,제30회 디. 페스타(토),Day1
볕이 드는 언덕길,쿠렌,,,,,2sp,괴담출근,"은혼,화산귀환,고전만화",,,,,,,do__kuku,https://dongne.co/events/df2507/circles/147182,제30회 디. 페스타(토),Day1
인도 부흥 위원회,전황,,,,,1sp,페이트/그랜드 오더,,,"카르나,아르주나",카르나X아르주나,,,,jhwxxxnb,https://dongne.co/events/df2507/circles/148511,제30회 디. 페스타(토),Day1
인생 맹친 총잡이,zf,,,,,2sp,트라이건,,,"밧슈,울프우드 외 모두",,,,만화,trigunzf,https://dongne.co/events/df2507/circles/147268,제30회 디. 페스타(토),Day1
화산 아래 매화강,매(梅) 가람,,,,,2sp,화산귀환,,,,,,,,H6Yx2INL8IP8bx3,https://dongne.co/events/df2507/circles/147857,제30회 디. 페스타(토),Day1
착한 아이 츄러스 하나 더 준다,JZ,,,,,1sp,괴담에 떨어져도 출근을 해야 하는구나,데뷔 못 하면 죽는 병 걸림,,,,,,,,https://dongne.co/events/df2507/circles/146291,제30회 디. 페스타(토),Day1
우리 장르 지금도 정상 영업중,아마도이무기,,,,,1sp,엘소드,서애덕(버튜버) 로오히,,"노아,라비,리티아,아인,애덕",모르페우스X셀레스티아,로맨틱,,만화,maybelmoogi,https://dongne.co/events/df2507/circles/147668,제30회 디. 페스타(토),Day1
일을 하고 얻는건 오염뿐,세이카,,,,,2sp,괴담에 떨어져도 출근을 해야 하는구나,,,,백사헌X김솔음,해당없음,,일러스트,Saika_BlackHE,https://dongne.co/events/df2507/circles/147972,제30회 디. 페스타(토),Day1
나는 오늘 레진과 결혼한다.,파람,,,,,1sp,명급리,수공예,,,,,,,whdmltls_111,https://dongne.co/events/df2507/circles/148514,제30회 디. 페스타(토),Day1
괴수 출현 전까지 판매합니다,다해빗,,,,,2sp,괴수 8호,,,호시나 소우시로,,,,"만화,일러스트",da_haebit,https://dongne.co/events/df2507/circles/148011,제30회 디. 페스타(토),Day1
데한 괴담 무림협회,천수광,,,,,2sp,"괴담에 떨어져도 출근을 해야 하는구나,데뷔 못 하면 죽는 병 걸림",화산귀환,,"청명,김솔음,브라운,박문대,김래빈,차유진 등등",,,,"일러스트,공예",pingx2pongx2,https://dongne.co/events/df2507/circles/146125,제30회 디. 페스타(토),Day1
지금 무해? 움... 펠트 하고 과일 파는 중,무해무해,,,,,2sp,무해한 과일 친구들,지구고양이,,팡(파인애플씨),,,,일러스트,muhae_muhae,https://dongne.co/events/df2507/circles/147523,제30회 디. 페스타(토),Day1
아니 이건?순애의 맛이구나!,낑깡까미,,,,,1sp,데뷔 못 하면 죽는 병 걸림,,,"박문대,류건우,선아현",박문대X선아현,"로맨틱,섹슈얼","건앟,배큰,랩윶",만화,kingkami1,https://dongne.co/events/df2507/circles/146848,제30회 디. 페스타(토),Day1
감자 쇼핑몰,연화,,,,,1sp,괴담출근,데뷔못하면죽는병걸림,,"브라운,김솔음",브라운X김솔음,,,,,https://dongne.co/events/df2507/circles/147501,제30회 디. 페스타(토),Day1
공방 프리즘,리즈,,,,,1sp,"괴담에 떨어져도 출근을 해야 하는구나,블랙배저","파이널판타지14,플레이브",,,,,,공예,,https://dongne.co/events/df2507/circles/147444,제30회 디. 페스타(토),Day1
국산 오타쿠,피나토,,,,,2sp,,,,,,,,,,https://dongne.co/events/df2507/circles/147088,제30회 디. 페스타(토),Day1
밧울 총결산,shj,,,,,1sp,트라이건,,추억이 밧울밧울,,,"로맨틱,섹슈얼",,만화,S02696731,https://dongne.co/events/df2507/circles/147968,제30회 디. 페스타(토),Day1
자빙 팔아요,스찬,,,,,2sp,쿠로코의 농구,,,,무라사키바라 아츠시X히무로 타츠야,"로맨틱,섹슈얼",,"만화,일러스트",tmcks_912,https://dongne.co/events/df2507/circles/146969,제30회 디. 페스타(토),Day1
장르 비빔밥,점점,,,,,2sp,"대역전재판,소드 아트 온라인",,,,,,,,ilrumeoru,https://dongne.co/events/df2507/circles/146280,제30회 디. 페스타(토),Day1
장르 유목민,totomin,,,,,1sp,화산귀환,이착헌,,"백천,강창호",백천X청명,섹슈얼,"청명백천, 기려창호","소설,기타,일러스트",,https://dongne.co/events/df2507/circles/146493,제30회 디. 페스타(토),Day1
하나 스티치,nazo,,,,,2sp,,,,,,,,"공예,기타",,https://dongne.co/events/df2507/circles/146265,제30회 디. 페스타(토),Day1
관측 가능한 우주,ZHR100,,,,,2sp,봇치더락,,,,고토 히토리X키타 이쿠요,로맨틱,,만화,,https://dongne.co/events/df2507/circles/145961,제30회 디. 페스타(토),Day1
화산 망나니 귀환,"814, 종이",,,,,2sp,화산귀환,망아살,,청명 백천,청명X백천,로맨틱,"호윤우성, 호윤왼, ncp","만화,일러스트,소설",33chocoo,https://dongne.co/events/df2507/circles/147766,제30회 디. 페스타(토),Day1
부부 싸움은 칼로 물 베기,에리식톤,,,,,2sp,화산귀환,이세계 착각 헌터,,"장일소,청명,강창호,김기려",장일소X청명,로맨틱,창호기려,"소설,일러스트,만화",fn3dipa8fjc1foa,https://dongne.co/events/df2507/circles/146444,제30회 디. 페스타(토),Day1
쏜즈 왼쪽에 있는 건 갈매기예요?,순봉식,,,,,2sp,명일방주,,,,엘리시움X쏜즈,,,,,https://dongne.co/events/df2507/circles/146552,제30회 디. 페스타(토),Day1
장르 무제한 제공 참말 사건,네마라탕도둑,,,,,2sp,,"화산귀환,트라이건,모브사이코,괴수8호,포켓몬",,,,,,"만화,소설,게임",ursaeki,https://dongne.co/events/df2507/circles/146817,제30회 디. 페스타(토),Day1
심해 육각수 시음회,끝살,,,,,2sp,어두운 바다의 등불이 되어,,,,김재희X박무현,로맨틱,,소설,,https://dongne.co/events/df2507/circles/148116,제30회 디. 페스타(토),Day1
쏙쏙 빼먹는 소세지,쏙쏘,,,,,2sp,,"명탐정 코난,아이나나,하이큐,괴담출근",,,,,,,,https://dongne.co/events/df2507/circles/147982,제30회 디. 페스타(토),Day1
"불만 있으면 랩으로 해 ...쿠, 쿠키도요?",김기훈,,,,,2sp,쿠키런 킹덤,"히프노시스마이크,트위스테",,쉐도우밀크 쿠키,쉐도우밀크 쿠키X퓨어바닐라 쿠키,로맨틱,랩배틀,"만화,일러스트",signal_030,https://dongne.co/events/df2507/circles/146851,제30회 디. 페스타(토),Day1
나쁜 교주가 끌리는 이유,"이치, 론, 원",,,,,4sp,주술회전,,게토고죠 쁘띠존 ROOM No. 725,"게토 스구루,고죠 사토루",게토 스구루X고죠 사토루,"로맨틱,섹슈얼",,"만화,일러스트,소설","ichi_gosa, MmMLoNMnM, onlyone_g_g",https://dongne.co/events/df2507/circles/146566,제30회 디. 페스타(토),Day1
정품 가부장 남편공 부흥 협회,한이,,,,,2sp,어두운 바다의 등불이 되어,,,"박무현,김재희",박무현X김재희,"섹슈얼,로맨틱",,"소설,만화",rndbsktb,https://dongne.co/events/df2507/circles/147625,제30회 디. 페스타(토),Day1
너와 여름을 보내는 다섯가지 방법,"먉, 영원",,,,,2sp,주술회전,,게토고죠 쁘띠존 ROOM No. 725,"게토 스구루,고죠 사토루",,"로맨틱,섹슈얼",,,1_and_on1y_725,https://dongne.co/events/df2507/circles/146593,제30회 디. 페스타(토),Day1
내게 축구는 게임이다,구구,,,,,2sp,블루록,-,이사른 쁘띠존,"카이저,이사기,린,사에",카이저,해당없음,,"만화,기타",JANG_DEA890,https://dongne.co/events/df2507/circles/147743,제30회 디. 페스타(토),Day1
장르 남기면 행사에서 비벼준다,"만옥, 나타드코코",,,,,2sp,.,,,,,,,소설,,https://dongne.co/events/df2507/circles/146205,제30회 디. 페스타(토),Day1
우는 손님이 처음인가요,흰,,,,,2sp,블루 록,괴담출근,이사른 쁘띠존,"나기 세이시로,이사기 요이치,J3,김솔음",나기 세이시로X이사기 요이치,로맨틱,"나기이사, 제이솔음","만화,일러스트",Huin_love,https://dongne.co/events/df2507/circles/146239,제30회 디. 페스타(토),Day1
모두 모여라! 마이너 원정대!,감자구마,,,,,2sp,관을 가진 신의 손,"베놈,기타 등등",,,,로맨틱,베놈에디,"만화,일러스트,소설,게임",spiccu_o,https://dongne.co/events/df2507/circles/147786,제30회 디. 페스타(토),Day1
란네 인형가게,juliasuyong,,,,,1sp,,,세포신곡 쁘띠존 2회 因子 : 梅雨 ,,,,,,,https://dongne.co/events/df2507/circles/146551,제30회 디. 페스타(토),Day1
뭔가 나오갰지,갱이,,,,,1sp,,,,,,,,만화,,https://dongne.co/events/df2507/circles/145864,제30회 디. 페스타(토),Day1
봄봄 스튜디오,아사,,,,,1sp,괴담출근,,,,,,,,BOMBOM_asa,https://dongne.co/events/df2507/circles/146505,제30회 디. 페스타(토),Day1
일단 트리거온,비,,,,,2sp,월드 트리거,,,,,,,소설,bbgowentgone,https://dongne.co/events/df2507/circles/147252,제30회 디. 페스타(토),Day1
도쿄 시부야구 동성 파트너십 제도,"왕밤빵, 27",,,,,2sp,프로젝트 세카이,,,,카미시로 루이X텐마 츠카사,,네네에무,,b1gbambbang,https://dongne.co/events/df2507/circles/146739,제30회 디. 페스타(토),Day1
남의 여자친구 메이커,차차,,,,,1sp,,,,,,,,소설,,https://dongne.co/events/df2507/circles/147060,제30회 디. 페스타(토),Day1
나만 마린보이 좋아함?,사비와,,,,,1sp,데뷔 못 하면 죽는 병 걸림,,,"박문대,이세진,선아현",,,,,Sabiwa_chicken,https://dongne.co/events/df2507/circles/146997,제30회 디. 페스타(토),Day1
부스 차리려고 바다에서 왔어요,개,,,,,2sp,앙상블스타즈,"페르소나,페그오,에이트리",,"오우카와 코하쿠,주인공",,해당없음,,기타,,https://dongne.co/events/df2507/circles/147727,제30회 디. 페스타(토),Day1
이게 된다니까?,부율,,,,,1sp,탈(TAL),사카모토데이즈,,고타야,,"로맨틱,섹슈얼",,"소설,조형",eunyul0221,https://dongne.co/events/df2507/circles/147811,제30회 디. 페스타(토),Day1
월드 프레지던트,세계대통령,,,,,2sp,케이팝 데몬헌터스,,,루미,,로맨틱,"이부시마, 해량무현",소설,,https://dongne.co/events/df2507/circles/147346,제30회 디. 페스타(토),Day1
여우? 고양이?,크림빵,,,,,1sp,괴수 8호,,견원지간(=?) : 나루호시 쁘띠존,"호시나,나루미",나루미X호시나,"해당없음,로맨틱",,"공예,기타",crim_bbang_,https://dongne.co/events/df2507/circles/148353,제30회 디. 페스타(토),Day1
소문(안)난 동네 맛집,모리,,,,,2sp,"전지적 독자 시점,괴담에 떨어져도 출근을 해야 하는구나","어두운 바다의 등불이 되어,천관사복,가비지타임,진혼기,화산귀환",,,,,,,"mori_gy, SION_428",https://dongne.co/events/df2507/circles/145852,제30회 디. 페스타(토),Day1
비따&버튼버터,나오냥,,,,,2sp,,,,,,,,,,https://dongne.co/events/df2507/circles/146573,제30회 디. 페스타(토),Day1
ㅅㅅㅅ,이삼,,,,,2sp,,,,,,,,,,https://dongne.co/events/df2507/circles/146647,제30회 디. 페스타(토),Day1
ㅇㅅㅇ,히챳,,,,,2sp,데못죽,괴담출근,,"박문대,김솔음,류건우",,,,소설,Abbaat_,https://dongne.co/events/df2507/circles/147886,제30회 디. 페스타(토),Day1
게고잉,주령,,,,,1sp,주술회전,,게토고죠 쁘띠존 ROOM No. 725,"게토 스구루,고죠 사토루",게토스구루X고죠사토루,로맨틱,,"만화,일러스트",jurung_ge,https://dongne.co/events/df2507/circles/148179,제30회 디. 페스타(토),Day1
게와고,"건결, 게고지소녀",,,,,1sp,주술회전,,게토고죠 쁘띠존 ROOM No. 725,게토 스구루 고죠 사토루,게토스구루X고죠사토루,로맨틱,,"만화,일러스트",gungeyol_gg,https://dongne.co/events/df2507/circles/146863,제30회 디. 페스타(토),Day1
기름솥,93847,,,,,1sp,인사반파자구계통,,,,낙빙하X심청추,로맨틱,,소설,,https://dongne.co/events/df2507/circles/148175,제30회 디. 페스타(토),Day1
기름솥,지정,,,,,2sp,인사반파자구계통,이합화타적백묘사존,,,낙빙하X심청추,로맨틱,,"소설,일러스트",viola_0331,https://dongne.co/events/df2507/circles/147778,제30회 디. 페스타(토),Day1
김종이,김종이,,,,,2sp,김토리,김종이,,,,,,,kim__paper,https://dongne.co/events/df2507/circles/147558,제30회 디. 페스타(토),Day1
깍앤꼭,꼬옥,,,,,2sp,슬램덩크,,,서태웅 정대만,,로맨틱,태웅대만 철대만 태섭대만 동오대만 댐른 호열백호 준섭태섭형제 우성명헌,"만화,일러스트,공예","kkoog_TT, bsky:kkoog",https://dongne.co/events/df2507/circles/146056,제30회 디. 페스타(토),Day1
난장판,서아란,,,,,4sp,마법 명가 차남으로 살아남는 법,"세상만 구하고 은퇴하겠습니다,이세계 착각 헌터,명문고 EX급 조연의 리플레이",,루카스 르네 아스카니엔,루카스X레오나르드,로맨틱,"민재채민, 기려스더, 기려연, 이안메클",,,https://dongne.co/events/df2507/circles/146372,제30회 디. 페스타(토),Day1
냉장고,하임,,,,,4sp,하이큐!!,,,히나타 쇼요,,,,"만화,일러스트",,https://dongne.co/events/df2507/circles/147039,제30회 디. 페스타(토),Day1
다잇소,부옹이,,,,,2sp,괴담출근,데못죽,,"김솔음,박문대",,,,,ONGBU_,https://dongne.co/events/df2507/circles/146047,제30회 디. 페스타(토),Day1
루리루,삼삼오오징어,,,,,1sp,,,,,,,,,soo_geum_,https://dongne.co/events/df2507/circles/147480,제30회 디. 페스타(토),Day1
루미붐,Nenjyu,,,,,2sp,"원신,스타레일",괴담출근,,,,,,,,https://dongne.co/events/df2507/circles/145957,제30회 디. 페스타(토),Day1
리그렛,루리,,,,,2sp,"보컬로이드,프로젝트세카이,홀로라이브",,,"미쿠,라덴,카나타",화성X사련,로맨틱,,,tenkei121,https://dongne.co/events/df2507/circles/145870,제30회 디. 페스타(토),Day1
만물상,amun,,,,,1sp,화산귀환,,,청명,,섹슈얼,,"소설,기타",jinamunher,https://dongne.co/events/df2507/circles/147138,제30회 디. 페스타(토),Day1
밀키트,hi,,,,,2sp,"은혼,괴담출근",,,,,,,,hiwnfk,https://dongne.co/events/df2507/circles/148182,제30회 디. 페스타(토),Day1
새문서,에머디,,,,,1sp,명일방주,,,,,,,만화,emothi80,https://dongne.co/events/df2507/circles/147964,제30회 디. 페스타(토),Day1
소록도,소록,,,,,1sp,,,,,,,,,,https://dongne.co/events/df2507/circles/146381,제30회 디. 페스타(토),Day1
소요당,소요,,,,,1sp,,,,,,,,일러스트,SOYODANG_works,https://dongne.co/events/df2507/circles/145824,제30회 디. 페스타(토),Day1
손부림,라야,,,,,2sp,,,,,,,,공예,sonbulim,https://dongne.co/events/df2507/circles/146760,제30회 디. 페스타(토),Day1
시장통,동이,,,,,4sp,괴담출근,화산귀환,,,,,,,dongi_09,https://dongne.co/events/df2507/circles/147785,제30회 디. 페스타(토),Day1
아멜로,공쥬,,,,,1sp,탑로더,키링 레진악세서리,,,,,,공예,amello_resin,https://dongne.co/events/df2507/circles/146973,제30회 디. 페스타(토),Day1
야로제,ㅡㅡ,,,,,1sp,블루록,,이사른 쁘띠존,이사기 요이치,카이저X이사기,해당없음,,"소설,일러스트",,https://dongne.co/events/df2507/circles/147013,제30회 디. 페스타(토),Day1
온온온,온,,,,,1sp,,,,,,,,,crcake22,https://dongne.co/events/df2507/circles/147644,제30회 디. 페스타(토),Day1
왹왹꽥,다혼,,,,,1sp,이세계 착각 헌터,,,올 캐릭터,,,,일러스트,,https://dongne.co/events/df2507/circles/146710,제30회 디. 페스타(토),Day1
유브티,율무,,,,,1sp,니지산지,세포신곡,,"올캐러 굿즈,볼택션 신간",,,,"만화,기타",dbfan_slwl,https://dongne.co/events/df2507/circles/147510,제30회 디. 페스타(토),Day1
조각보,조각보,,,,,2sp,,,,,,,,만화,,https://dongne.co/events/df2507/circles/147295,제30회 디. 페스타(토),Day1
쥬네스,BABAKUN,,,,,2sp,페르소나4,,,"나루카미 유우,하나무라 요스케",,"섹슈얼,로맨틱",,"만화,일러스트",,https://dongne.co/events/df2507/circles/146870,제30회 디. 페스타(토),Day1
초가네,호시,,,,,2sp,진혼기,프로게이머 고쳐쓰기,,,,,,,hosing_,https://dongne.co/events/df2507/circles/146534,제30회 디. 페스타(토),Day1
콘국밥,3,,,,,2sp,스플래툰,테일즈런너,,,,,,,uqwerdf,https://dongne.co/events/df2507/circles/147149,제30회 디. 페스타(토),Day1
토끼굴,토토,,,,,1sp,블루록,,이사른 쁘띠존,,나기 세이시로X이사기 요이치,로맨틱,,,T0to0517,https://dongne.co/events/df2507/circles/147875,제30회 디. 페스타(토),Day1
퐁치깡,제로하치(X08),,,,,2sp,"파이널판타지14,아카기,동물의숲,블루록","팬스가,코바야시네 메이드래곤,윈드 브레이커,다마고치,작혼,피크민,보컬로이드,단간론파,은혼,헌터X헌터",,,,,,"일러스트,기타",x08_lllx,https://dongne.co/events/df2507/circles/148186,제30회 디. 페스타(토),Day1
풋사과,댑싸리,,,,,1sp,다이아몬드의 공죄,,,,아야세가와 지로X소노 야마토,,,만화,unripe_wj,https://dongne.co/events/df2507/circles/145853,제30회 디. 페스타(토),Day1
플레민,마라,,,,,2sp,플레이브,"피크민,하이큐",,,,,,"일러스트,만화",0mamimumemo,https://dongne.co/events/df2507/circles/148392,제30회 디. 페스타(토),Day1
해달샵,시크루,,,,,4sp,원신,"화산귀환,스타레일",,원신 50여명의 캐릭터,,,,공예,Sunmoon_shop16,https://dongne.co/events/df2507/circles/146123,제30회 디. 페스타(토),Day1
흐느적,룬시아,,,,,2sp,괴담출근,데못죽 전독시 갑타,,브라운 김솔음 유중혁 김독자 박문대,김솔음,,중혁독자,일러스트,,https://dongne.co/events/df2507/circles/145965,제30회 디. 페스타(토),Day1
개구리 숲,상메,,,,,2sp,발더스게이트3,,,,,,,,,https://dongne.co/events/df2507/circles/146525,제30회 디. 페스타(토),Day1
괴수가 되,"오트밀 , 리페 ryepe ",,,,,2sp,괴수 8호,"사카모토데이즈,하이큐,은혼",,"나루미,호시나,나구모,긴토키",,,,일러스트,"Oatmeal_ii, ryepe49",https://dongne.co/events/df2507/circles/148352,제30회 디. 페스타(토),Day1
다정한 집,샬구,,,,,2sp,,,,,,,,만화,,https://dongne.co/events/df2507/circles/146337,제30회 디. 페스타(토),Day1
한낮의 별,낮별,,,,,1sp,괴담에 떨어져도 출근을 해야 하는구나,,,,,"로맨틱,섹슈얼",,,F_daystar,https://dongne.co/events/df2507/circles/145815,제30회 디. 페스타(토),Day1
한오백 명,엠알,,,,,2sp,화산귀환,,"우리 백청이지 않은가, 소형제?",,백천X청명,"로맨틱,섹슈얼",,만화,,https://dongne.co/events/df2507/circles/147051,제30회 디. 페스타(토),Day1
날홋이 날 홋쳐가,주먹,,,,,1sp,괴수8호,,견원지간(=?) : 나루호시 쁘띠존,"나루미 겐,호시나 소우시로",나루미 겐X호시나 소우시로,"로맨틱,섹슈얼",,소설,,https://dongne.co/events/df2507/circles/147588,제30회 디. 페스타(토),Day1
무리한 덕질,무리,,,,,1sp,데못죽,,,신재현,신재현X류건우,"로맨틱,섹슈얼",현제유진,,M_u_L_i_Y_a,https://dongne.co/events/df2507/circles/146728,제30회 디. 페스타(토),Day1
아이돌 마켓,31,,,,,1sp,"플레이브,데못죽",,,,,,,,Sunnywon31,https://dongne.co/events/df2507/circles/147228,제30회 디. 페스타(토),Day1
익명의 부스,섬민,,,,,1sp,주술회전,"이세계 착각 헌터,이착헌",,"고죠 사토루,게토 스구루",고죠 사토루X게토 스구루,"로맨틱,섹슈얼",,"만화,일러스트",someonelovemin,https://dongne.co/events/df2507/circles/148345,제30회 디. 페스타(토),Day1
작두에 함락,선빵치기,,,,,2sp,괴담출근,"하이큐,데못죽,테일즈런너,가비지타임",,"전영중,성준수",,로맨틱,,"일러스트,만화",sibaru_0506,https://dongne.co/events/df2507/circles/146653,제30회 디. 페스타(토),Day1
진격의 닌자,꺼멍,,,,,1sp,나루토,진격의거인,,,,,,"만화,일러스트",dong2taku,https://dongne.co/events/df2507/circles/146730,제30회 디. 페스타(토),Day1
집단적 독백,얌쥐,,,,,2sp,"나츠메 우인장,히프노시스 마이크","마법사의 약속,나루토",,,아리스가와 다이스X유메노 겐타로,,사스이타,"만화,소설",YAMUJJII,https://dongne.co/events/df2507/circles/147285,제30회 디. 페스타(토),Day1
집으로 가자,밀리엄,,,,,1sp,어바등,"명급리,블랙배저,공회주",,,,"로맨틱,섹슈얼,해당없음","세르시온, 해량무현, 윤예힐, 백호의신",소설,,https://dongne.co/events/df2507/circles/146199,제30회 디. 페스타(토),Day1
착각과 순애,이데알레,,,,,2sp,이세계착각헌터,슬램덩크,,김기려,,"로맨틱,섹슈얼,해당없음","창호기려,기려연,찐려왹려,하성기려,호열백호",소설,ideale_range,https://dongne.co/events/df2507/circles/146426,제30회 디. 페스타(토),Day1
천둥과 우레,이삭,,,,,1sp,,,,,,,,만화,,https://dongne.co/events/df2507/circles/145854,제30회 디. 페스타(토),Day1
게고의 세상 ,Love,,,,,1sp,주술회전,,게토고죠 쁘띠존 ROOM No. 725,게토고죠,게토 스구루X고죠 사토루,,,"만화,일러스트",L___JUJU,https://dongne.co/events/df2507/circles/147767,제30회 디. 페스타(토),Day1
빌백안 제령 굿 모금회,리미,,,,,1sp,세포신곡,,세포신곡 쁘띠존 2회 因子 : 梅雨 ,,카노아오구X아토하루키,해당없음,,소설,aoharu3328,https://dongne.co/events/df2507/circles/146457,제30회 디. 페스타(토),Day1
내일의 별과 바다,hammer,,,,,2sp,원피스,,,,,,,"만화,일러스트",,https://dongne.co/events/df2507/circles/146190,제30회 디. 페스타(토),Day1
백청은 아직 죽지 않았다,청둥이,,,,,1sp,화산귀환,,"우리 백청이지 않은가, 소형제?","백천,청명",백천X청명,로맨틱,,소설,llllll_820,https://dongne.co/events/df2507/circles/147882,제30회 디. 페스타(토),Day1
데뷔할 마음 유지중,Js,,,,,1sp,데못죽,주술회전,,박문대 이세진 이타도리유지 고죠사토루,이세진X박문대,로맨틱,고유,,,https://dongne.co/events/df2507/circles/147614,제30회 디. 페스타(토),Day1
방위대 연애 단속반,채리,,,,,2sp,괴수 8호,,견원지간(=?) : 나루호시 쁘띠존,"나루미 겐,호시나 소우시로",나루미 겐X호시나 소우시로,"섹슈얼,로맨틱",,"소설,공예,기타",naru_umii,https://dongne.co/events/df2507/circles/148418,제30회 디. 페스타(토),Day1
포틴의 굿즈 팩토리,포틴,,,,,2sp,"스티븐유니버스,헬루바보스,앰피비아,아울하우스","케데헌,닥터후,멋진징조들,핀과 제이크&피오나와 케이크",,,,,,기타,"ani_potin, P_goods_factory",https://dongne.co/events/df2507/circles/146691,제30회 디. 페스타(토),Day1
부스를 내면 뭐라도 나오겠지,p2222d,,,,,2sp,역전재판,kof,,나루호도 미츠루기,나루호도X미츠루기,로맨틱,,,p2222d,https://dongne.co/events/df2507/circles/145912,제30회 디. 페스타(토),Day1
망나니 피디 괴담에서 살아남기,챠코,,,,,2sp,괴담에 떨어져도 출근을 해야 하는구나,"망나니 피디 아이돌로 살아남기,초심 잃은 아이돌을 위한 회귀 백서",,"김솔음,백사헌,외 등등",,,,일러스트,ChaKo_uoou,https://dongne.co/events/df2507/circles/146992,제30회 디. 페스타(토),Day1
형님은 도를 아십니까? 내가 도사다 이새끼야!,율무,,,,,2sp,화산귀환,,,"당보,청명",당보X청명,로맨틱,,"만화,소설,공예,일러스트",yulmu_0131,https://dongne.co/events/df2507/circles/147796,제30회 디. 페스타(토),Day1
"그렇게 됐다,,","D,S,G",,,,,2sp,세포신곡,괴담출근,세포신곡 쁘띠존 2회 因子 : 梅雨 ,,,,,,,https://dongne.co/events/df2507/circles/145989,제30회 디. 페스타(토),Day1
파트너 실격!,"이비, 홍홍홍",,,,,2sp,문호 스트레이독스,,츄다자 쁘띠존 : 두사람의 인간증명 QED,"나카하라 츄야,다자이 오사무",나카하라 츄야X다자이 오사무,로맨틱,,"만화,일러스트","2bnhq, hong333___",https://dongne.co/events/df2507/circles/147889,제30회 디. 페스타(토),Day1
달려라 큰달&청려,"세르크, 쇠수",,,,,2sp,데뷔 못하면 죽는 병 걸림,,,"청려,큰달,박문대",문대X청려,"로맨틱,섹슈얼",문대큰달,소설,"MDCR_Serk, IronSujeo",https://dongne.co/events/df2507/circles/146397,제30회 디. 페스타(토),Day1
디지몬 트친소,솔미,,,,,1sp,디지몬,,,,코시로X미미,,,소설,solmi81,https://dongne.co/events/df2507/circles/148484,제30회 디. 페스타(토),Day1
맛있는 파스타,BN,,,,,4sp,괴담출근,,,,,,,,,https://dongne.co/events/df2507/circles/146074,제30회 디. 페스타(토),Day1
무너랑 노아랑,PORA,,,,,2sp,니지산지,윈드브레이커,,호시루베 쇼/,,,,,pora_0_,https://dongne.co/events/df2507/circles/148471,제30회 디. 페스타(토),Day1
뭐라도 하겠쑤,SSUYAM,,,,,2sp,전지적독자시점,"괴담에 떨어져도 출근을 해야하는구나,주술회전",,"김독자,유중혁",,로맨틱,,"만화,일러스트",To_mato_SU,https://dongne.co/events/df2507/circles/146529,제30회 디. 페스타(토),Day1
사랑아 고게해,윤설,,,,,2sp,주술회전,,,"고죠사토루,게토스구루",고죠사토루X게토스구루,"로맨틱,섹슈얼",,"소설,기타",yun572sul1,https://dongne.co/events/df2507/circles/148162,제30회 디. 페스타(토),Day1
소소한 이야기,소소한 이야기,,,,,2sp,,,,,,,,,studio_story_,https://dongne.co/events/df2507/circles/146962,제30회 디. 페스타(토),Day1
여름의 큐에이,aran,,,,,2sp,누카니발,,,,,"섹슈얼,로맨틱",,,aawhffu,https://dongne.co/events/df2507/circles/146788,제30회 디. 페스타(토),Day1
전하의 만터우,74NYU,,,,,1sp,천관사복,,,"사련,화성",화성X사련,"로맨틱,섹슈얼",-,"소설,일러스트",74NYU,https://dongne.co/events/df2507/circles/147129,제30회 디. 페스타(토),Day1
좌상고 수색대,호끼,,,,,2sp,괴담에 떨어져도 출근을 해야하는 구나,"어바등,엘소드",,이자헌,,"로맨틱,섹슈얼",애드레븐,"소설,기타",H_okki,https://dongne.co/events/df2507/circles/148037,제30회 디. 페스타(토),Day1
최악의 파트너,턔저,,,,,2sp,문호스트레이독스,,츄다자 쁘띠존 : 두사람의 인간증명 QED,"나카하라츄야,다자이오사무",나카하라츄야X다자이오사무,로맨틱,,"만화,일러스트",tyaeje,https://dongne.co/events/df2507/circles/148383,제30회 디. 페스타(토),Day1
치미에 미치다,또처,,,,,2sp,주술회전,,게토고죠 쁘띠존 ROOM No. 725,"게토 스구루,고죠 사토루",게토 스구루X고죠 사토루,"로맨틱,섹슈얼",,"만화,일러스트",ttoeatagain,https://dongne.co/events/df2507/circles/147542,제30회 디. 페스타(토),Day1
한국식 훠궈집,도시락,,,,,2sp,인사반파자구계통,"열화요수,이세계 착각 헌터,괴담에 떨어져도 출근을 해야 하는구나",,"낙빙하,심청추,쉬엔지,성령연",낙빙하X심청추,"로맨틱,섹슈얼",쉬엔지x성령연,"일러스트,만화",lunchbox_oo,https://dongne.co/events/df2507/circles/148173,제30회 디. 페스타(토),Day1
화랑도 알페서,PANG,,,,,2sp,진혼기,,,"자하,설영",김자하X김설영,로맨틱,,,pang_0920,https://dongne.co/events/df2507/circles/146711,제30회 디. 페스타(토),Day1
키작공 있는거 다 내놔,윙치킨,,,,,2sp,아이돌리쉬세븐,히프노시스마이크,,"오오사카 소고,요츠바 타마키",오오사카 소고X요츠바 타마키,"로맨틱,섹슈얼","나나세 리쿠x쿠죠 텐,",,,https://dongne.co/events/df2507/circles/147082,제30회 디. 페스타(토),Day1
마법의 돌멩이 스프,니트륨,,,,,2sp,화산귀환,,,"당보,청명",당보X청명,"로맨틱,섹슈얼",,소설,NitRium00,https://dongne.co/events/df2507/circles/148296,제30회 디. 페스타(토),Day1
무협과 철학의 만남,최체리,,,,,2sp,"의원,다시 살다,순정철학논고",,,"사마현,진천희",,"로맨틱,섹슈얼",진천희X사마현,,chlcherrysal,https://dongne.co/events/df2507/circles/147897,제30회 디. 페스타(토),Day1
미남이 세상을 구함,매실,,,,,1sp,괴수8호,,견원지간(=?) : 나루호시 쁘띠존,호시나 소우시로,,,,,sweetblue1122,https://dongne.co/events/df2507/circles/147009,제30회 디. 페스타(토),Day1
백청과 비밀의 서고,화음현 노을,,,,,2sp,화산귀환,,"우리 백청이지 않은가, 소형제?",청명,백천X청명,로맨틱,,소설,Rasent_,https://dongne.co/events/df2507/circles/148495,제30회 디. 페스타(토),Day1
스구루 바지를 타고 궁전으로 갈 수도 있어,"파산,멸망",,,,,2sp,,,게토고죠 쁘띠존 ROOM No. 725,,,,,,,https://dongne.co/events/df2507/circles/147063,제30회 디. 페스타(토),Day1
강호의 도리를 찾아서,소성,,,,,2sp,스타워즈,"버튜버 남궁혁,화산귀환",,남궁혁,,,,일러스트,Starlitt_26,https://dongne.co/events/df2507/circles/147980,제30회 디. 페스타(토),Day1
어떻게 친구가 됐을까,슈비시,,,,,2sp,주술회전,"괴수8호,하이큐,은혼,데스노트,우마무스메,청의 엑소시스트,나 혼자 레벨업,제5인격,플레이브",,"고죠 사토루,타키온,오쿠무라 린,츠키시마,L,등등",,,,일러스트,ShuBish_see,https://dongne.co/events/df2507/circles/148459,제30회 디. 페스타(토),Day1
원숭이 게고에 올라가,"Go릴라, 라샤, 구룽",,,,,2sp,주술회전,,게토고죠 쁘띠존 ROOM No. 725,게토 스구루 × 고죠 사토루,,"로맨틱,해당없음",,"만화,기타,일러스트","GoLila_098, 2lsya, guru_725",https://dongne.co/events/df2507/circles/147190,제30회 디. 페스타(토),Day1
이상한 나라의 잡화점,빵,,,,,2sp,괴담출근,,,괴담출근,,,,기타,_HHH_0110,https://dongne.co/events/df2507/circles/147518,제30회 디. 페스타(토),Day1
어두운 바다의 기묘한 모험 ,"만두, 임연수",,,,,2sp,"어두운 바다의 등불이 되어,죠죠의 기묘한 모험",,,"서지혁,이지현",서지혁X이지현,로맨틱,"죠죠 암살팀 ncp, 기아멜로",소설,"sseoguide196, searchforgodd",https://dongne.co/events/df2507/circles/147550,제30회 디. 페스타(토),Day1
덕질에 빠져도 마감은 해야 하는 구나,괴도팡,,,,,2sp,괴담출근,"데못죽,갑타,윈브레,사카데이",,,,,,,LUKAPANG__45,https://dongne.co/events/df2507/circles/146159,제30회 디. 페스타(토),Day1
그림은 그려야 실력이 느는 것이거늘 어째서 너는 숨만 쉬면서 존잘이 되고 싶어 하느냐,"빈아, 크림쏟아",,,,,2sp,이세계 착각 헌터,"괴담에 떨어져도 출근을 해야 하는구나,전지적 독자 시점,보컬로이드,케이팝데몬헌터스",,"김기려,래밍,비유,브라운,이자헌,미쿠,테토,더피,서씨",,,,,"Bin_a1216, modney11913",https://dongne.co/events/df2507/circles/147473,제30회 디. 페스타(토),Day1
던전을 그리는 등불이 되어 아이돌로 살아삼기,루제,,,,,1sp,어두운 바다의 등불이 되어(어바등),"던그화,망아살",,"박무현,서지오,서호윤",김재희X박무현,로맨틱,,"소설,일러스트",t_bLUEj,https://dongne.co/events/df2507/circles/147148,제30회 디. 페스타(토),Day1
어두운 화산의 등불이 귀환함,노금,,,,,1sp,어두운바다의등불이되어,화산귀환,,,,로맨틱,화귀 올캐러,,,https://dongne.co/events/df2507/circles/146356,제30회 디. 페스타(토),Day1
클라인 대륙의 등불이 되어도 출근은 해야하는구나,렉x시우,,,,,2sp,괴담에 떨어져도 출근을 해야 하는구나,"Nu:Carnival,어두운 바다의 등불이 되어",,"김솔음,브라운",,,,일러스트,sinsiwoo,https://dongne.co/events/df2507/circles/148020,제30회 디. 페스타(토),Day1
지고천 연구소 학여울점,홍동,,,,,2sp,세포신곡,,세포신곡 쁘띠존 2회 因子 : 梅雨 ,,,,,,,https://dongne.co/events/df2507/circles/147189,제30회 디. 페스타(토),Day1
사랑을 위해서 루프하는 녀석들,외계인,,,,,2sp,"일곱개의 대죄,위치즈하트","작혼,칭송받는 자",,,,,,,Hxa2P,https://dongne.co/events/df2507/circles/146937,제30회 디. 페스타(토),Day1
나야나 괴담속 타임로드 아이돌 김청명,야엉,,,,,2sp,화산귀환,"닥터후,괴담출근,데뷔 못하면 죽는 병 걸림",,청명,당보X청명,로맨틱,닥터로즈,기타,aong_hwa9i,https://dongne.co/events/df2507/circles/147233,제30회 디. 페스타(토),Day1
밧슈는 유명한 개냥이입니다 ,"캄희, 그냥",,,,,2sp,트라이건,,,"울프우드,밧슈",울프우드X밧슈,로맨틱,,,,https://dongne.co/events/df2507/circles/146580,제30회 디. 페스타(토),Day1
오리가 하나둘!,"하나이, 오리",,,,,2sp,괴담출근,데못죽,,,,,,,"_00365, mozzarellaori",https://dongne.co/events/df2507/circles/146494,제30회 디. 페스타(토),Day1
오리가 하나둘!,"오리, 하나이",,,,,2sp,괴담출근,데못죽 가비지타임 슬램덩크 등,,,,,,,"_00365, mozzarellaori",https://dongne.co/events/df2507/circles/147707,제30회 디. 페스타(토),Day1
달콤한 일러스트,이윤지,,,,,2sp,모모찌,,,모모찌,,,,일러스트,iamyunji,https://dongne.co/events/df2507/circles/146608,제30회 디. 페스타(토),Day1
뭐든지 해봅니다,하파,,,,,2sp,닌타마 란타로,윈브레,,,,,,,hapa_rupa,https://dongne.co/events/df2507/circles/146718,제30회 디. 페스타(토),Day1
백수네 구멍가게,괴담백수,,,,,1sp,괴담에 떨어져도 출근을 해야 하는구나,,,,,,,소설,goedambaeg34688,https://dongne.co/events/df2507/circles/147862,제30회 디. 페스타(토),Day1
사랑의 트랩카드,갈릭,,,,,1sp,앙상블스타즈,,,,사쿠마 레이X오오가미 코가,"로맨틱,섹슈얼",,만화,,https://dongne.co/events/df2507/circles/145833,제30회 디. 페스타(토),Day1
소소한 메이릴리,"메이, 소소",,,,,4sp,"수공예,인형",인형용 악세사리,,,,,,"공예,조형","sosohan611004, Ma_Li_garden",https://dongne.co/events/df2507/circles/146167,제30회 디. 페스타(토),Day1
신나요 취향자랑,마론라임,,,,,2sp,포켓몬스터,"가비지타임,내스급,플레이브",,금랑 제빈 은호,,로맨틱,,"만화,일러스트,소설,공예,기타",mrmhrmr,https://dongne.co/events/df2507/circles/146654,제30회 디. 페스타(토),Day1
최애는 아름답다,하늘,,,,,1sp,데뷔 못 하면 죽는 병 걸림,,,"박문대,선아현",,,,,,https://dongne.co/events/df2507/circles/147904,제30회 디. 페스타(토),Day1
파르페 부대찌개,"츠루비, 모밍",,,,,2sp,앙상블스타즈,,,"스오우 츠카사,츠키나가 레오",,로맨틱,,"일러스트,소설,공예","tsurubi_v, moming_ribbon",https://dongne.co/events/df2507/circles/147379,제30회 디. 페스타(토),Day1
레쭈고 게토고죠 ,"망사, 떠리",,,,,2sp,주술회전,,게토고죠 쁘띠존 ROOM No. 725,,,"로맨틱,섹슈얼",,,luvinruin725,https://dongne.co/events/df2507/circles/147174,제30회 디. 페스타(토),Day1
초록이 돌아오는 밤,하롟,,,,,1sp,화산귀환,닌타마,,"임소병,이사쿠",,,,,,https://dongne.co/events/df2507/circles/147879,제30회 디. 페스타(토),Day1
모두가 사랑하는 대만,Dou,,,,,1sp,,,,대만태웅백호...,,,,,handai05,https://dongne.co/events/df2507/circles/147629,제30회 디. 페스타(토),Day1
집나간 크림챠무 급구,무이,,,,,2sp,탑꾸,,,,,,,,oh3a_a,https://dongne.co/events/df2507/circles/147749,제30회 디. 페스타(토),Day1
츄야를 왼쪽으로 밀어 잠금 해제☆,먼지,,,,,1sp,문호 스트레이독스,,츄다자 쁘띠존 : 두사람의 인간증명 QED,"나카하라 츄야,다자이 오사무",나카하라 츄야X다자이 오사무,"섹슈얼,로맨틱",,소설,Dust_BSD,https://dongne.co/events/df2507/circles/147450,제30회 디. 페스타(토),Day1
형님을 왼쪽으로 밀어 잠금해제♡,과혼아,,,,,1sp,화산귀환,,,"청명,당보",청명X당보,"로맨틱,섹슈얼",,일러스트,gwahonA,https://dongne.co/events/df2507/circles/146724,제30회 디. 페스타(토),Day1
솔음아 퇴근하고 싶어?,ㄹㅇ,,,,,1sp,괴담에 떨어져도 출근을 해야 하는구나,,,,,,,,,https://dongne.co/events/df2507/circles/146136,제30회 디. 페스타(토),Day1
차라리 옥문강에 있지....,메론빵빵빵,,,,,1sp,주술,,,고죠사토루,,,,"일러스트,소설,사진",,https://dongne.co/events/df2507/circles/147721,제30회 디. 페스타(토),Day1
부모를 사랑하는 사람의 모임,대일,,,,,1sp,세포신곡,,세포신곡 쁘띠존 2회 因子 : 梅雨 ,이소이 사네미츠 이소이 레이지 아토 하루키 세오도아 리들 니죠 류,이소이 레이지X이소이 사네미츠,로맨틱,,"기타,만화,소설,일러스트",F3P_03,https://dongne.co/events/df2507/circles/148212,제30회 디. 페스타(토),Day1
괴담에 떨어져도 데뷔는 해야하는구나,소솜,,,,,2sp,데뷔 못 하면 죽는 병 걸림,앙상블 스타즈,,청려,,로맨틱,,,_1127x1215,https://dongne.co/events/df2507/circles/146485,제30회 디. 페스타(토),Day1
마감을 성공하게 해주세요,류소,,,,,1sp,데뷔못하면죽는병,,,박문대,,,,,,https://dongne.co/events/df2507/circles/146823,제30회 디. 페스타(토),Day1
으흐흑 이번에도 아무것도 그리지 못했습니다...!,만두,,,,,2sp,엘소드,마호야쿠,,,,,,,,https://dongne.co/events/df2507/circles/147079,제30회 디. 페스타(토),Day1
고기를 좋아하는 도련님의 새싹비빔밥,망,,,,,1sp,블루록,,이사른 쁘띠존,이사기 요이치,미카게 레오X이사기 요이치,"로맨틱,섹슈얼",,"만화,기타",manggdan,https://dongne.co/events/df2507/circles/148396,제30회 디. 페스타(토),Day1
요코소 도키도키 두부카페♡,옐쓴,,,,,2sp,프로세카,,,"아오야기 토우야,시노노메 아키토",아오야기 토우야X시노노메 아키토,로맨틱,,"만화,일러스트",touaki_numnum,https://dongne.co/events/df2507/circles/147756,제30회 디. 페스타(토),Day1
괴담에 떨어져도 운심부지처에 가야 하는구나,"샇, 치즈",,,,,2sp,괴담에 떨어져도 출근을 해야 하는구나,"마도조사,천관사복",,김솔음,,,,,"hyonoff__, cheeseandsalmon",https://dongne.co/events/df2507/circles/146513,제30회 디. 페스타(토),Day1
미간에 마관광살포,Living,,,,,1sp,드래곤볼,,,"피콜로,손오반",,,,만화,Nsiring,https://dongne.co/events/df2507/circles/146191,제30회 디. 페스타(토),Day1
신비한 장르연구회,J,,,,,1sp,"콜오브듀티(콜옵),오버워치","슬램덩크,기타 다양한 스팀 게임",,,,,,,JabduckJ,https://dongne.co/events/df2507/circles/146600,제30회 디. 페스타(토),Day1
우리는 마병단이다,실친(失親),,,,,1sp,터닝,파판14,,"키시아르,유더",키시아르X유더,해당없음,마병단,"만화,기타",bsky:i-lost-friend,https://dongne.co/events/df2507/circles/146399,제30회 디. 페스타(토),Day1
유니콘 김치찌개집,칸조,,,,,2sp,카리스마,파이어 엠블렘 풍화설월,,,,,,,,https://dongne.co/events/df2507/circles/147284,제30회 디. 페스타(토),Day1
이사기 새싹지킴이,밐미,,,,,2sp,블루록,,이사른 쁘띠존,이사기 요이치,미하엘 카이저X이사기 요이치,,"나기이사,쿠로이사,린이사,사에이사",,alzalz025,https://dongne.co/events/df2507/circles/146861,제30회 디. 페스타(토),Day1
자헌님 게롱하시네,03,,,,,2sp,괴담에 떨어져도 출근을 해야하는구나,,,올캐러,,,,"일러스트,기타",mimi_jj03,https://dongne.co/events/df2507/circles/146186,제30회 디. 페스타(토),Day1
화음현 도떼기시장,미미광어,,,,,2sp,화산귀환,,,올캐릭터,,,,"공예,일러스트",trapcardmim,https://dongne.co/events/df2507/circles/146965,제30회 디. 페스타(토),Day1
퇴근한 직장인들이 만든 책이 나옴,씨솔트,,,,,2sp,괴담출근,가비지타임,,,,,준상,소설,wsassbc,https://dongne.co/events/df2507/circles/147410,제30회 디. 페스타(토),Day1
베른이 괴담속에서 케데헌 함,레이드,,,,,2sp,"적왕사,나루토,오버워치,마작,케이팝데몬헌터스",,,,,,,,riilll_89537,https://dongne.co/events/df2507/circles/148000,제30회 디. 페스타(토),Day1
디타가 귀여움으로 세계를 구한다,제발디타검좀보자,,,,,1sp,세포신곡,,세포신곡 쁘띠존 2회 因子 : 梅雨 ,디타 일리너,루메르트 오토마이어X세오도아 리들,로맨틱,,"일러스트,만화",2Angelina3,https://dongne.co/events/df2507/circles/148309,제30회 디. 페스타(토),Day1
최애를 돌려주기를 제안하다 ,소금빵,,,,,2sp,블랙배저,"동경과 거짓말,저 그런 인재 아닙니다",,"데온 하르트,힐데베르트,에델,비올라",,,,일러스트,sugarbban,https://dongne.co/events/df2507/circles/147720,제30회 디. 페스타(토),Day1
괴담을 좋아하세요?,ㅡ,,,,,1sp,괴담에 떨어져도 출근을 해야 하는구나,,,,,,,,,https://dongne.co/events/df2507/circles/147754,제30회 디. 페스타(토),Day1
펑크도 사이버펑크다,"포도, 쿠무쿠무, 호밬, 안경",,,,,2sp,프로젝트 세카이,,,"텐마 츠카사,카미시로 루이",카미시로 루이X텐마 츠카사,로맨틱,,"만화,일러스트,소설","Podo_dodo_po, kuma7824, hobak88FA, glasses_RT",https://dongne.co/events/df2507/circles/147144,제30회 디. 페스타(토),Day1
본좌가 갓기천마였던 시절,칠렘,,,,,1sp,천마는 아이돌이 되었다,아포칼립스엔 고인물이 필요해요,,"위화진,점소의",위화진X점소의,"로맨틱,섹슈얼",,"만화,일러스트",3ORGNing_8,https://dongne.co/events/df2507/circles/146596,제30회 디. 페스타(토),Day1
한조가 나뭇잎마을에서 마작치고,검은 고래,,,,,1sp,,,,,,,,,bil_1324,https://dongne.co/events/df2507/circles/148373,제30회 디. 페스타(토),Day1
우타짱? 하잇~ 나니가키라이? 와타시와 안타다케요!!!,파랑,,,,,2sp,주술회전,,,"고죠 사토루,이오리 우타히메",고죠 사토루X이오리 우타히메,"로맨틱,섹슈얼",,,comeonbabyblue,https://dongne.co/events/df2507/circles/148042,제30회 디. 페스타(토),Day1
울지마... 마감해야지,라떼,,,,,2sp,블루록,,이사른 쁘띠존,,나기 세이시로X이사기 요이치,"로맨틱,섹슈얼",,,honeycocoalatte,https://dongne.co/events/df2507/circles/146524,제30회 디. 페스타(토),Day1
단무지(단순무식지저분),킬리,,,,,2sp,포켓몬스터,봇치더락,,"카지,푸름,봇치,키타",카지X푸름,해당없음,보키타,기타,killy5680,https://dongne.co/events/df2507/circles/147880,제30회 디. 페스타(토),Day1
가보자고,그린블루,,,,,2sp,어두운바다의등불이되어,,,"김재희,박무현,ncp",김재희X박무현,"로맨틱,섹슈얼",,,G_Deepblue,https://dongne.co/events/df2507/circles/146078,제30회 디. 페스타(토),Day1
각자도생,시루떡,,,,,1sp,,,,,,,,,,https://dongne.co/events/df2507/circles/145863,제30회 디. 페스타(토),Day1
결혼식장,"단지, 타큐, $$ ",,,,,2sp,트라이건,,,,니콜라스 D. 울프우드X밧슈 더 스탬피드,"섹슈얼,로맨틱",,,Danji_tri,https://dongne.co/events/df2507/circles/147784,제30회 디. 페스타(토),Day1
계속효도,"사이버효자,생와",,,,,2sp,세포신곡,,세포신곡 쁘띠존 2회 因子 : 梅雨 ,,,해당없음,,,"MOZAsadam, _sengwaa_",https://dongne.co/events/df2507/circles/147573,제30회 디. 페스타(토),Day1
고게랜드,"오탑, 라라",,,,,2sp,주술회전,,,"고죠 사토루,게토 스구루",고죠 사토루X게토 스구루,로맨틱,,"만화,일러스트","otav_572, goge_lara572",https://dongne.co/events/df2507/circles/146545,제30회 디. 페스타(토),Day1
교자명가,만두대왕,,,,,1sp,닌타마 란타로,,,,,,,,,https://dongne.co/events/df2507/circles/145915,제30회 디. 페스타(토),Day1
국지재해,모카,,,,,2sp,트라이건,,,"울프우드,밧슈",울프우드X밧슈,"로맨틱,섹슈얼",,,cmslash,https://dongne.co/events/df2507/circles/146364,제30회 디. 페스타(토),Day1
굿즈뉴짤,qwqw1548,,,,,1sp,"단간론파,괴수 8호,가쿠마스,포케미쿠,할로우나이트,니디걸오버도즈,봇치더락",창작,,,,,,,rue_l_duck,https://dongne.co/events/df2507/circles/146539,제30회 디. 페스타(토),Day1
그렇게됨,지일,,,,,1sp,1차,,,,,,,만화,,https://dongne.co/events/df2507/circles/146383,제30회 디. 페스타(토),Day1
꾸꾸까까,치키,,,,,2sp,세포신곡,오리지널,세포신곡 쁘띠존 2회 因子 : 梅雨 ,세오도아,,,,,chiki_maki,https://dongne.co/events/df2507/circles/145818,제30회 디. 페스타(토),Day1
네모네모,ㅁ,,,,,1sp,전독시,,,,,,,,blavktea1315,https://dongne.co/events/df2507/circles/146790,제30회 디. 페스타(토),Day1
네코마마,"레이카, 마키시, 시에",,,,,2sp,데뷔 못 하면 죽는 병 걸림,"괴담출근,이착헌,화산귀환,광마회귀",,테스타+브이틱,,,,,"rayca01, makisi17, sye51244kk, nekomoms",https://dongne.co/events/df2507/circles/145890,제30회 디. 페스타(토),Day1
농놀엘놀,나니,,,,,2sp,가비지 타임,엘소드,,준수영중(가비지타임),준수X영중,"로맨틱,섹슈얼",루x시엘(엘소드),"만화,일러스트",dust_nani,https://dongne.co/events/df2507/circles/147451,제30회 디. 페스타(토),Day1
단짠단짠,충치,,,,,1sp,주술회전,,,"고죠 사토루,게토 스구루",고죠 사토루X게토 스구루,로맨틱,,만화,Chung_chie,https://dongne.co/events/df2507/circles/147872,제30회 디. 페스타(토),Day1
당청가약,따,,,,,2sp,화산귀환,,,"당보,청명",당보X청명,"로맨틱,섹슈얼",,"소설,만화",michyeotta2,https://dongne.co/events/df2507/circles/146871,제30회 디. 페스타(토),Day1
댄싱래빗,댄싱래빗,,,,,2sp,화산귀환,,,,,,,공예,,https://dongne.co/events/df2507/circles/146636,제30회 디. 페스타(토),Day1
덕질출근,8돈돈,,,,,1sp,괴담출근,,,김솔음,,,,일러스트,8dondon8,https://dongne.co/events/df2507/circles/146449,제30회 디. 페스타(토),Day1
도갱도갱,"마하, 이달",,,,,2sp,프로젝트 세카이,전지적 독자 시점,,"유중혁,한수영,김독자,모치즈키 호나미,요이사키 카나데",모치즈키 호나미X요이사키 카나데,로맨틱,,"일러스트,기타","77bbo7, it_dal__",https://dongne.co/events/df2507/circles/147634,제30회 디. 페스타(토),Day1
도순상점,김도순,,,,,1sp,창작 캐릭터,,,창작 햄스터 캐릭터,,,,"일러스트,공예",dosoon_studio,https://dongne.co/events/df2507/circles/147918,제30회 디. 페스타(토),Day1
돌고래밭,moraegorae,,,,,2sp,명탐정 코난,"나루토,혈계전선",,"타카기,사토,크라우스,스티븐",타카기X사토,"로맨틱,섹슈얼",카카이루,"소설,기타",,https://dongne.co/events/df2507/circles/146477,제30회 디. 페스타(토),Day1
두다다다,두두,,,,,2sp,앙상블스타즈,플레이브,,,,,,,DD_0404,https://dongne.co/events/df2507/circles/146982,제30회 디. 페스타(토),Day1
두부그림,두부,,,,,1sp,"1차창작,봇치더락,블루아카이브",보컬로이드,,,,,,"만화,일러스트",dooboo200,https://dongne.co/events/df2507/circles/147130,제30회 디. 페스타(토),Day1
뒹굴뒹굴,돕돕돕,,,,,2sp,,,,,,,,,,https://dongne.co/events/df2507/circles/145981,제30회 디. 페스타(토),Day1
딸기빙수,eno,,,,,1sp,월간 순정 노자키군,"귀멸의 칼날,봇치 더 락,원신",,,,,,,,https://dongne.co/events/df2507/circles/146044,제30회 디. 페스타(토),Day1
떠올라라,chom,,,,,1sp,,,,,,,,"일러스트,기타",cccccchom,https://dongne.co/events/df2507/circles/148134,제30회 디. 페스타(토),Day1
러브앤문,러브앤문,,,,,2sp,,,,,,,,공예,,https://dongne.co/events/df2507/circles/146944,제30회 디. 페스타(토),Day1
리무리무,리무무,,,,,1sp,사카모토데이즈,괴담출근,,"나구모,김솔음",,,,일러스트,ri_mumu,https://dongne.co/events/df2507/circles/146582,제30회 디. 페스타(토),Day1
마가리타,솔티,,,,,2sp,화산귀환,,,조걸 윤종,조걸X윤종,로맨틱,,"만화,소설",hwagwibom,https://dongne.co/events/df2507/circles/147245,제30회 디. 페스타(토),Day1
마감싫어,타냐,,,,,1sp,,,,,,,,소설,,https://dongne.co/events/df2507/circles/146138,제30회 디. 페스타(토),Day1
마무리조,이유,,,,,2sp,괴담출근,화산귀환,,김솔음,,,,"소설,기타",cocomeca,https://dongne.co/events/df2507/circles/147757,제30회 디. 페스타(토),Day1
모몬가즈,모구토,,,,,2sp,괴담에 떨어져도 출근을 해야 하는구나,,,,,,,,,https://dongne.co/events/df2507/circles/146059,제30회 디. 페스타(토),Day1
못시못시,못시,,,,,1sp,SCOOLBOYS!歩(아유미)!,"스플래툰,오모리,헬루바보스",,"스쿨보이즈 캐릭터 일부(키무라 이츠키,이토우 케이 외 21명),오모리,바질,스톨라스,블리츠",키무라 이츠키X이토우 케이,"로맨틱,섹슈얼","오모리x바질, 블리츠x스톨라스","만화,일러스트",baemoBU7,https://dongne.co/events/df2507/circles/148227,제30회 디. 페스타(토),Day1
무릉도원,벽도,,,,,1sp,진혼기,"반월당,화산귀환,광마회귀",,,자하X설영,로맨틱,당청당,"만화,일러스트,소설",byeokdolang,https://dongne.co/events/df2507/circles/146410,제30회 디. 페스타(토),Day1
문어구이,문어구이,,,,,2sp,데뷔 못 하면 죽는 병 걸림,플레이브,,"테스타,플레이브",,,,,boseukkamgo,https://dongne.co/events/df2507/circles/146526,제30회 디. 페스타(토),Day1
바타바타,선지,,,,,2sp,원신,"윈브레,아이나나",,푸리나,아를레키노X푸리나,로맨틱,"사쿠스오, 하루미나","만화,일러스트",,https://dongne.co/events/df2507/circles/148085,제30회 디. 페스타(토),Day1
밤식빵집,밤식,,,,,1sp,데못죽,윈브레,,,,,,,bambread_,https://dongne.co/events/df2507/circles/146765,제30회 디. 페스타(토),Day1
백청만점,슬,,,,,1sp,화산귀환,,"우리 백청이지 않은가, 소형제?","백천,청명",백천X청명,,,만화,sru0401,https://dongne.co/events/df2507/circles/147803,제30회 디. 페스타(토),Day1
불법커플,제비나비,,,,,2sp,페르소나4,,,,아다치 토오루X주인공,,,게임,jebinabi11,https://dongne.co/events/df2507/circles/147385,제30회 디. 페스타(토),Day1
비석취향,새부리,,,,,2sp,화산귀환,원피스,,"당보,에이스",,,,일러스트,asebury,https://dongne.co/events/df2507/circles/145899,제30회 디. 페스타(토),Day1
쁘띠뽀짝,뽀짝쿵야,,,,,2sp,"괴담출근,이착헌,화산귀환,데못죽,플레이브","케데헌,전독시,내스급,뮤지컬 프랑켄슈타인,슬램덩크,하이큐",,,,,,,BBoJJaKKyu,https://dongne.co/events/df2507/circles/146166,제30회 디. 페스타(토),Day1
서성서성,쎔,,,,,2sp,"죠죠,아카기","포켓몬,세키로",,,,,,,ssamesum,https://dongne.co/events/df2507/circles/146885,제30회 디. 페스타(토),Day1
순정열거,hop,,,,,2sp,,,게토고죠 쁘띠존 ROOM No. 725,,게토 스구루X고죠 사토루,"로맨틱,섹슈얼",,만화,,https://dongne.co/events/df2507/circles/145986,제30회 디. 페스타(토),Day1
시쿠시쿠,"농부, 김감",,,,,2sp,프로젝트 세카이,,,,카미시로 루이X텐마 츠카사,로맨틱,네네에무,,,https://dongne.co/events/df2507/circles/146049,제30회 디. 페스타(토),Day1
십리십리,십리,,,,,2sp,괴담에 떨어져도 출근을 해야 하는구나,"전지적독자시점,진혼기,1차BL",,"김솔음,김자하,김설영",유중혁X김독자,로맨틱,자하설영,일러스트,10n_nri,https://dongne.co/events/df2507/circles/146497,제30회 디. 페스타(토),Day1
쏭빵쏭빵,쏭쏭,,,,,2sp,괴담출근,,,김솔음,,,,,ssongmanga,https://dongne.co/events/df2507/circles/147260,제30회 디. 페스타(토),Day1
어떤행성,어떤행성,,,,,2sp,해리포터,,,,,,,,,https://dongne.co/events/df2507/circles/146715,제30회 디. 페스타(토),Day1
여역고게,듀,,,,,2sp,주술회전,,,"고죠 사토루,게토 스구루",고죠 사토루X게토 스구루,로맨틱,,"만화,기타",MP572d,https://dongne.co/events/df2507/circles/146563,제30회 디. 페스타(토),Day1
연성술사,연성술사,,,,,2sp,괴담에 떨어져도 출근을 해야하는 구나,화산귀환,,,,,,공예,alchemist_for,https://dongne.co/events/df2507/circles/146587,제30회 디. 페스타(토),Day1
오대육쾅,화,,,,,1sp,화산귀환,데못죽,,청명,,"로맨틱,섹슈얼",,,byugging_,https://dongne.co/events/df2507/circles/146943,제30회 디. 페스타(토),Day1
와플글방,물망초,,,,,2sp,괴담출근,,,"김솔음,최 요원",최 요원X김솔음,로맨틱,,소설,mardred1010,https://dongne.co/events/df2507/circles/147428,제30회 디. 페스타(토),Day1
은민상점,은민,,,,,1sp,,,,,,,,일러스트,em913em,https://dongne.co/events/df2507/circles/147201,제30회 디. 페스타(토),Day1
인삼낙지,히유,,,,,1sp,블루록,윈브레,이사른 쁘띠존,이사기,,로맨틱,"스오사쿠, 나기이사, 사쿠른, 이사른",일러스트,hiiu_hiiu,https://dongne.co/events/df2507/circles/147916,제30회 디. 페스타(토),Day1
자급자족,민초,,,,,1sp,,,,,,,,,,https://dongne.co/events/df2507/circles/146235,제30회 디. 페스타(토),Day1
장작과다,뱅쇼,,,,,1sp,데뷔못하면죽는병걸림,,,박문대 선아현 이세진 배세진 류청우 김래빈 차유진,청려X문대,로맨틱,"엋문, 문대른",소설,classsscallion,https://dongne.co/events/df2507/circles/146025,제30회 디. 페스타(토),Day1
진짜뭐냄,츠츠츠츠츳,,,,,2sp,전지적독자시점,,,,,,,"만화,일러스트",cc_ccc_c_,https://dongne.co/events/df2507/circles/146611,제30회 디. 페스타(토),Day1
청발필승,후후,,,,,2sp,"프로젝트 세카이,프로세카",보컬로이드,,카이토,아오야기 토우야X카이토,,"아키카이, 루이카이",일러스트,,https://dongne.co/events/df2507/circles/146680,제30회 디. 페스타(토),Day1
최저세포,"41, 딱캐",,,,,2sp,세포신곡,,세포신곡 쁘띠존 2회 因子 : 梅雨 ,,,로맨틱,,"만화,소설","sylocyn, SalinmaMongoose",https://dongne.co/events/df2507/circles/147908,제30회 디. 페스타(토),Day1
카페오레,허브,,,,,2sp,붕괴스타레일,"원신,프로세카",,,,,,,hb_rosemary,https://dongne.co/events/df2507/circles/146311,제30회 디. 페스타(토),Day1
쿠키오븐,간만의쿠키,,,,,2sp,데못죽,괴담출근,,,,,,"일러스트,공예,기타",,https://dongne.co/events/df2507/circles/147837,제30회 디. 페스타(토),Day1
킬더실버,그은,,,,,2sp,,,,,,,,공예,kil_the_silver,https://dongne.co/events/df2507/circles/146910,제30회 디. 페스타(토),Day1
토마토맛,호,,,,,2sp,,,,,,,,,,https://dongne.co/events/df2507/circles/146431,제30회 디. 페스타(토),Day1
티테이블,하일레나카인,,,,,1sp,윈드브레이커,"fgo,ff14",,엔도 야마토,,,,소설,rainysound1853,https://dongne.co/events/df2507/circles/145830,제30회 디. 페스타(토),Day1
폴짝폴짝,머렝,,,,,1sp,가비지타임,,,최종수,,,,일러스트,,https://dongne.co/events/df2507/circles/146985,제30회 디. 페스타(토),Day1
해피댕이,rin,,,,,1sp,,,,,,,,,,https://dongne.co/events/df2507/circles/147404,제30회 디. 페스타(토),Day1
햄부기존,햄자,,,,,1sp,악입문,,,,,,,"일러스트,만화",guinipigpapa,https://dongne.co/events/df2507/circles/146006,제30회 디. 페스타(토),Day1
호도한다,HODO,,,,,1sp,,,,,,,,,,https://dongne.co/events/df2507/circles/147556,제30회 디. 페스타(토),Day1
호랑이굴,토라,,,,,2sp,프로젝트 세카이,,,"아오야기 토우야,시노노메 아키토",,"로맨틱,섹슈얼",,"일러스트,소설,만화",_tiger_ovo,https://dongne.co/events/df2507/circles/147555,제30회 디. 페스타(토),Day1
환상뜨락,환상뜨락,,,,,2sp,"탑로더,탑꾸",키링,,,,,,공예,Dreamy_garden,https://dongne.co/events/df2507/circles/146831,제30회 디. 페스타(토),Day1
회귀하라,회귀,,,,,4sp,괴담출근,괴수8호 가비지타임,,,,,,,,https://dongne.co/events/df2507/circles/147655,제30회 디. 페스타(토),Day1
치미고쨩~~ (미잇~~!) 나니가 스키~~~??,털개,,,,,1sp,주술회전,,게토고죠 쁘띠존 ROOM No. 725,"게토 스구루,고죠 사토루",게토 스구루X고죠 사토루,로맨틱,,,,https://dongne.co/events/df2507/circles/145850,제30회 디. 페스타(토),Day1
하겐다즈 ,빈스,,,,,1sp,케이팝 데몬 헌터스,,,,,,,일러스트,,https://dongne.co/events/df2507/circles/145817,제30회 디. 페스타(토),Day1
직딩문고 ~절찬리 피의 영업 중~,"취급주의, 붉은눈물",,,,,2sp,괴수 8호,,견원지간(=?) : 나루호시 쁘띠존,"나루미 겐,호시나 소우시로/나루호시",나루미 겐X호시나 소우시로,"로맨틱,섹슈얼",,"만화,일러스트","ndnlhwc, REDTEARS_04",https://dongne.co/events/df2507/circles/147849,제30회 디. 페스타(토),Day1
청춘공식 : 푸름과 아이보,망석,,,,,1sp,문호스트레이독스,,츄다자 쁘띠존 : 두사람의 인간증명 QED,"나카하라 츄야,다자이 오사무",,,,일러스트,mangseok_BSD,https://dongne.co/events/df2507/circles/148382,제30회 디. 페스타(토),Day1
무광상점 (디. 페스타의 모습) ,무광,,,,,1sp,아오페라,포켓몬스터,,,,,,만화,0doredore,https://dongne.co/events/df2507/circles/146034,제30회 디. 페스타(토),Day1
길티기어 못 하는 사람,Ashen,,,,,1sp,길티기어,,,"솔,카이,디지 중심의 가족 올라운더",,,,"일러스트,기타",AshenSol,https://dongne.co/events/df2507/circles/148466,제30회 디. 페스타(토),Day1
아이돌만 세 장르 잡고 통장을 잃음,유타페,,,,,2sp,데뷔 못 하면 죽는 병 걸림,앙상블스타즈!!,,"류청우,배세진",,"로맨틱,섹슈얼",,"일러스트,소설",,https://dongne.co/events/df2507/circles/145964,제30회 디. 페스타(토),Day1
세카이의 옷장,"국주, 랙랙",,,,,2sp,프로젝트 세카이,,,"텐마 츠카사,카미시로 루이",카미시로 루이X텐마 츠카사,로맨틱,,,LLS_0529,https://dongne.co/events/df2507/circles/146633,제30회 디. 페스타(토),Day1
소복소복 비야,비야_W,,,,,2sp,,신도 야근을 하나요,,,,,,일러스트,woobin124,https://dongne.co/events/df2507/circles/146209,제30회 디. 페스타(토),Day1
스튜디오 묘니,스튜디오묘니,,,,,2sp,"스튜디오 묘니,포밍이와 친구들",,,,,,,,,https://dongne.co/events/df2507/circles/147084,제30회 디. 페스타(토),Day1
출근하기 싫어,사팔육,,,,,1sp,괴담에 떨어져도 출근을 해야 하는구나,,,,최요원X김솔음,,,만화,pass_mindo,https://dongne.co/events/df2507/circles/146581,제30회 디. 페스타(토),Day1
피라미드 클럽,빨머,,,,,2sp,괴담출근,원피스 봇치더락 마마마 헌헌 창작,,,,,,,redstraw77,https://dongne.co/events/df2507/circles/146188,제30회 디. 페스타(토),Day1
흰나비가 나는 숲,가온뉘,,,,,1sp,"MIU404,언내추럴,FF14,잔불의 기사,닌타마",,,,,로맨틱,,,,https://dongne.co/events/df2507/circles/146331,제30회 디. 페스타(토),Day1
해리포터 붐은 온다,가르실,,,,,2sp,해리포터,"포켓몬,프세카",,,,,,"기타,일러스트",,https://dongne.co/events/df2507/circles/146425,제30회 디. 페스타(토),Day1
세상에서 제일 맛있는 죽 뒤죽박죽,진솔,,,,,2sp,가비지타임,"꿈왕국,플레이브,아르고나비스",,전영중,성준수X전영중,"로맨틱,섹슈얼",,"소설,공예,기타",thereisnojinsol,https://dongne.co/events/df2507/circles/147802,제30회 디. 페스타(토),Day1
토우아키 부스 입니다(+레이코가),와플,,,,,1sp,프로젝트 세카이,앙상블스타즈,,"아오야기 토우야,시노노메 아키토",,,,,prsk_wafflw,https://dongne.co/events/df2507/circles/146716,제30회 디. 페스타(토),Day1
미즈키옵 내가 생각하지 않도록 도 와 줄 게,안금,,,,,2sp,페르소나5,"화산귀환,게나조,붕괴 스타레일,마법사의 약속,에이트립",,,아케치X주인공,,,,,https://dongne.co/events/df2507/circles/146160,제30회 디. 페스타(토),Day1
햄로드를 내놔!,향메/신용가리,,,,,1sp,페르소나 시리즈,네가죽어,,햄코 ( 시오미 코토네 ),,로맨틱,"사나햄, 준햄, 란사라, 햄른, 주나오","만화,일러스트,기타","NGZA_HM, yongari_shin",https://dongne.co/events/df2507/circles/148405,제30회 디. 페스타(토),Day1
건우큰세 합동지,7급연습생,,,,,2sp,데뷔 못 하면 죽는 병 걸림,,,,류건우X이세진,,,,1208x0801,https://dongne.co/events/df2507/circles/145880,제30회 디. 페스타(토),Day1
괴담탈출 넘버원,동주,,,,,1sp,괴담출근,,,,,,,,don9ju,https://dongne.co/events/df2507/circles/148221,제30회 디. 페스타(토),Day1
도마뱀의 보물함,해룡,,,,,2sp,,,,,,,,"공예,일러스트,기타",tlzn01,https://dongne.co/events/df2507/circles/145960,제30회 디. 페스타(토),Day1
뒤나미스 볶음밥,렐드,,,,,2sp,파이널판타지 14,,,,,,,,,https://dongne.co/events/df2507/circles/146667,제30회 디. 페스타(토),Day1
랑하우스 솜옷장,랑하,,,,,1sp,솜인형 의상,,,,,,,,__rang_house,https://dongne.co/events/df2507/circles/146443,제30회 디. 페스타(토),Day1
마감하면 갑니다,잠만보,,,,,1sp,블랙배저,데못죽. 백망되,,,,,,소설,,https://dongne.co/events/df2507/circles/146911,제30회 디. 페스타(토),Day1
웨딩파티 리허설,"IPR, NEM",,,,,2sp,가비지타임,,,,,,"준수재유, 준쟁, 병찬초원, 뱅초, 형석현성, 형현",만화,"omolipguataku, No14_NEM",https://dongne.co/events/df2507/circles/145882,제30회 디. 페스타(토),Day1
이베리아 향우회,박하,,,,,2sp,명일방주,스타레일,,엘리시움 쏜즈,,"로맨틱,섹슈얼",,,mondaitreza,https://dongne.co/events/df2507/circles/146338,제30회 디. 페스타(토),Day1
툴렌시티 만둣집,뭉설,,,,,1sp,메이플스토리,,,"카인,티라그",티라그X카인X티라그,해당없음,,"일러스트,소설",Moongseol_S2,https://dongne.co/events/df2507/circles/148454,제30회 디. 페스타(토),Day1
흑밀밭의 파수꾼,아루,,,,,2sp,,,,,,,,,,https://dongne.co/events/df2507/circles/146412,제30회 디. 페스타(토),Day1
우파우파 유치원 ,빈제,,,,,1sp,포켓몬스터,,,,,,,,Bin_ze__,https://dongne.co/events/df2507/circles/148138,제30회 디. 페스타(토),Day1
도글라스 디자인 & 크래프트,뫼초,,,,,2sp,,,,,,,,,moecho1898,https://dongne.co/events/df2507/circles/146789,제30회 디. 페스타(토),Day1
원더호이 못하면 죽는 병 걸림,"세르웬, 공로",,,,,2sp,프로젝트 세카이,데못죽,,,,,"츠카에무, 루이네네, 큰세문대","만화,일러스트","serrewen, moondd_22",https://dongne.co/events/df2507/circles/146170,제30회 디. 페스타(토),Day1
죽는다면 신간을 내고 죽는거야,보맨,,,,,2sp,"메이플스토리,포켓몬스터",가비지타임,,"모험가 도적,모험가 궁수,홈웨이조,성지수",모험가 도적X모험가 궁수,"로맨틱,섹슈얼",성지수른,만화,IHAVEN0THING,https://dongne.co/events/df2507/circles/146278,제30회 디. 페스타(토),Day1
서클명을 뭐라고 할지 모르겠어요,tk,,,,,2sp,"윈브레,스타레일",,,,,,,"만화,일러스트,소설",,https://dongne.co/events/df2507/circles/146761,제30회 디. 페스타(토),Day1
대화산파 청첩장 배부처 간이점,산화,,,,,1sp,화산귀환,,,"청명,백천",청명X백천,"로맨틱,섹슈얼",,소설,HS_sanhwa,https://dongne.co/events/df2507/circles/147113,제30회 디. 페스타(토),Day1
공포영화 앤솔로지,주차장,,,,,2sp,괴담에 떨어져도 출근을 해야 하는구나,공포영화,,,,,,"만화,일러스트,소설",,https://dongne.co/events/df2507/circles/146433,제30회 디. 페스타(토),Day1
날홋으로 도원결의,어센틱 ,,,,,2sp,괴수 8호,,견원지간(=?) : 나루호시 쁘띠존,나루미 호시나,,로맨틱,,일러스트,san_ctus,https://dongne.co/events/df2507/circles/147316,제30회 디. 페스타(토),Day1
농구회전 빵야빵야,익명,,,,,2sp,"주술회전,슬램덩크",,,"고죠후시,태섭대만",,,,,,https://dongne.co/events/df2507/circles/146279,제30회 디. 페스타(토),Day1
마법소녀 레레빠빠,레레빠빠,,,,,1sp,오리지널,,,레레,우지가와 슈X카라스마 레이지,"로맨틱,섹슈얼",카나하루카나,"만화,일러스트",lelebbabba,https://dongne.co/events/df2507/circles/146320,제30회 디. 페스타(토),Day1
빙글빙글 돌아가는,몰랑,,,,,1sp,데뷔 못하면 죽는 병 걸림,가비지타임,,"박문대,류건우",,,,일러스트,5OvOg,https://dongne.co/events/df2507/circles/147813,제30회 디. 페스타(토),Day1
스타플릿 노동조합,Ar.in,,,,,2sp,스타트렉,스타워즈,,"레너드 맥코이,존 해리슨,루크 스카이워커,딘 자린",,로맨틱,"존본즈, 루크딘","만화,공예",,https://dongne.co/events/df2507/circles/146012,제30회 디. 페스타(토),Day1
쏘아올린 새우튀김,Lusy,,,,,2sp,Nu: 카니발,,,"야쿠모,에이트,큐야,케시,블레이드",,,,조형,Lusy_nu,https://dongne.co/events/df2507/circles/146652,제30회 디. 페스타(토),Day1
이것저것 구멍가게,귄시/늌,,,,,1sp,"누카니발,괴담출근","괴수8호,슬램덩크,이착헌,어바등",,에이트,,,,,"8Carnival8, nyuknyuk71",https://dongne.co/events/df2507/circles/147507,제30회 디. 페스타(토),Day1
천방지축 얼렁뚱땅,몰랑,,,,,1sp,데뷔못하면죽는병걸림,가비지타임,,"박문대,이세진,선아현,류건우,전영중,성준수",,,,일러스트,5OvOg,https://dongne.co/events/df2507/circles/147521,제30회 디. 페스타(토),Day1
충격실화 청춘실존,D,,,,,1sp,주술회전,,게토고죠 쁘띠존 ROOM No. 725,,게토 스구루X고죠 사토루,,,,,https://dongne.co/events/df2507/circles/147531,제30회 디. 페스타(토),Day1
고릴라와 허접멸치~울트라로맨틱~,tbyys2,,,,,2sp,흡혈귀는 툭하면 죽는다,흡툭죽,,로널드 드라루크,로널드X드라루크,"로맨틱,섹슈얼",,"만화,소설",himtroll,https://dongne.co/events/df2507/circles/145967,제30회 디. 페스타(토),Day1
여우같은 마누라수 부흥 협회,Jeem,,,,,2sp,어두운 바다의 등불이 되어,,,"박무현,김재희",박무현X김재희,"로맨틱,섹슈얼",,"만화,소설",givememhjh,https://dongne.co/events/df2507/circles/148205,제30회 디. 페스타(토),Day1
난장강에 떨어져도 출근을 해야 하는구나,"뮤즈,롤",,,,,2sp,괴담출근,마도조사,,"남망기,위무선,김솔음",,,,,nyamuse,https://dongne.co/events/df2507/circles/146605,제30회 디. 페스타(토),Day1
동양판소 세계관에 떨어진 서양판소 부스,시오,,,,,1sp,블랙배저,문송안함,,힐데베르트,승현X사샤,"로맨틱,섹슈얼","릭아미, 힐데아미, 주아미, 카일델테, 키시세실","소설,일러스트,만화",dankixio,https://dongne.co/events/df2507/circles/146926,제30회 디. 페스타(토),Day1
핱샹밤산 로나드라 당도최고,하트시양밤부,,,,,2sp,흡혈귀는 툭하면 죽는다,,,"로널드,드라루크",,섹슈얼,,"만화,소설",,https://dongne.co/events/df2507/circles/146210,제30회 디. 페스타(토),Day1
주문하신 아무아즈 나왔습니다,양갱,,,,,1sp,명탐정 코난,,,"아무로 토오루,에노모토 아즈사",,,,소설,,https://dongne.co/events/df2507/circles/146429,제30회 디. 페스타(토),Day1
우르티카 부흥계획-돌쇠뺑이-,모해,,,,,2sp,명일방주,,,,,,,,id_mohae,https://dongne.co/events/df2507/circles/146748,제30회 디. 페스타(토),Day1
에루리를 아십니까?,진짜,,,,,1sp,진격의 거인,가비지타임,,"엘빈,리바이,전영중,성준수",엘빈X리바이,"섹슈얼,로맨틱",빵준,소설,sungin_share,https://dongne.co/events/df2507/circles/147224,제30회 디. 페스타(토),Day1
어떻게든 됐습니다... 아마?,서연,,,,,1sp,데뷔 못 하면 죽는 병 걸림,,,"류건우,박문대,청려(신재현),그 외",,"로맨틱,섹슈얼","청려문대, 그 외 건우른, 문대른",소설,SY_Ti_viewer,https://dongne.co/events/df2507/circles/146244,제30회 디. 페스타(토),Day1
부가세는 신고햇나요,펜,,,,,1sp,이세계 착각 헌터,,,,강창호X김기려,로맨틱,,,PPenpen22,https://dongne.co/events/df2507/circles/147497,제30회 디. 페스타(토),Day1
사이퍼즈 너무재밌어 최고야 짜릿해,등고,,,,,1sp,사이퍼즈,,,"이글 홀든,멜빈 리히터",,섹슈얼,,,,https://dongne.co/events/df2507/circles/147163,제30회 디. 페스타(토),Day1
검은머리 주인공들을 좋아해서 세상이 다 좋아진 이야기,단풍,,,,,2sp,괴담출근,"전독시,화산귀환,기타",,"주인공,주연,조연",,,,"일러스트,기타",choung_choung,https://dongne.co/events/df2507/circles/147860,제30회 디. 페스타(토),Day1
듀라한의 무한팔찌공장,해달,,,,,1sp,문과라도 안죄송한 이세계로 감,,,,,,,공예,jalinjalin_msnn,https://dongne.co/events/df2507/circles/147413,제30회 디. 페스타(토),Day1
바로이사 비딱하게거주,BTAK,,,,,1sp,블루록,,이사른 쁘띠존,,바로 쇼에이X이사기 요이치,로맨틱,,"만화,일러스트,소설",dnblldnb,https://dongne.co/events/df2507/circles/146232,제30회 디. 페스타(토),Day1
어떻게든 개장했습니다,직장인,,,,,1sp,괴담출근,,,,,,,,,https://dongne.co/events/df2507/circles/146801,제30회 디. 페스타(토),Day1
요코하마 떡잎마을방범대,익과쥐,,,,,1sp,문호 스트레이독스,,츄다자 쁘띠존 : 두사람의 인간증명 QED,"나카하라 츄야,다자이 오사무",나카하라 츄야X다자이 오사무,,,만화,23678030x,https://dongne.co/events/df2507/circles/148357,제30회 디. 페스타(토),Day1
극목사도!,poe,,,,,2sp,트라이건,,추억이 밧울밧울,"밧슈,울프우드",밧울X밧슈울프,로맨틱,,"만화,일러스트",poepeo,https://dongne.co/events/df2507/circles/146247,제30회 디. 페스타(토),Day1
사토루짱? 하잇~ 나니가스키? 초코민토 요리모 우타쨩♡ +그리고 케이네무,Soul_4043,,,,,2sp,주술회전,위치워치,,"고죠 사토루,이오리 우타히메,마가미 케이고,미야오 네무",고죠 사토루X이오리 우타히메,"로맨틱,섹슈얼",마가미 케이고X미야오 네무,"소설,만화",Soul_4043,https://dongne.co/events/df2507/circles/147874,제30회 디. 페스타(토),Day1
부활신고(신청)서,말카,,,,,1sp,가비지타임,파이어엠블렘 풍화설월,,"전영중,클로드,벨레스",전영중X드림주,"로맨틱,섹슈얼",클로레스,소설,MangBungNyeo,https://dongne.co/events/df2507/circles/146340,제30회 디. 페스타(토),Day1
"양황음궁(양지에서 황호의신, 음지에서 ㄱㄱ의신)","리티, 곰, 카롱.",,,,,1sp,명급리,데못죽,,"황지호,조의신,궁기,테스타,브이틱",황호X의신,로맨틱, 황의궁.,소설,Uahae_81,https://dongne.co/events/df2507/circles/147922,제30회 디. 페스타(토),Day1
감자콜렉터,킴셰,,,,,2sp,내가 키운 S급들,,,송태원,,,,공예,kimsye_RZ,https://dongne.co/events/df2507/circles/147291,제30회 디. 페스타(토),Day1
고유가시대,롭디,,,,,2sp,주술회전,,,,고죠 사토루X이타도리 유지,로맨틱,,"만화,일러스트",ROB_D__,https://dongne.co/events/df2507/circles/146150,제30회 디. 페스타(토),Day1
괴출중독자,롯기,,,,,2sp,괴담에 떨어져도 출근을 해야 하는구나,,,,,해당없음,,"만화,공예",machinegun100,https://dongne.co/events/df2507/circles/146382,제30회 디. 페스타(토),Day1
김기려길드,아코,,,,,1sp,이세계 착각 헌터,,,,,,,,Furufurude,https://dongne.co/events/df2507/circles/147954,제30회 디. 페스타(토),Day1
까마귀둥지,로제,,,,,2sp,,,,,,,,,,https://dongne.co/events/df2507/circles/146021,제30회 디. 페스타(토),Day1
노쀼부흥회,"ㅎㄴ, goodnightnonnon",,,,,2sp,세포신곡,,세포신곡 쁘띠존 2회 因子 : 梅雨 ,"하츠토리 하지메,우츠기 노리유키",하츠토리 하지메X우츠기 노리유키,,,"만화,일러스트","tpvtlsrP, thdl01030",https://dongne.co/events/df2507/circles/147834,제30회 디. 페스타(토),Day1
닌자동호회,"독다마, 주주",,,,,2sp,닌타마 란타로,,,올캐러,케마 토메사부로X젠포우지 이사쿠,"섹슈얼,로맨틱","아야타키, 아야센",만화,,https://dongne.co/events/df2507/circles/147691,제30회 디. 페스타(토),Day1
닌자수집가,공마,,,,,1sp,닌타마 란타로,,,올캐러,케마 토메사부로X젠포우지 이사쿠,"섹슈얼,로맨틱",,"일러스트,소설",wagamamahimez,https://dongne.co/events/df2507/circles/147983,제30회 디. 페스타(토),Day1
도떼기시장,오토,,,,,1sp,프로젝트 세카이,,,,,로맨틱,"렌카이, 토우아키","만화,일러스트",,https://dongne.co/events/df2507/circles/146841,제30회 디. 페스타(토),Day1
동인관리국,홀ㄹ데이,,,,,1sp,괴담출근,,,최요원,,,,"소설,일러스트",Holiyday__holy,https://dongne.co/events/df2507/circles/147397,제30회 디. 페스타(토),Day1
뒷산한계점,쟈근곰,,,,,2sp,프로젝트세카이,,,"아오야기 토우야,시노노메 아키토",아오야기 토우야X시노노메 아키토,"로맨틱,섹슈얼",토우아키,"만화,일러스트",,https://dongne.co/events/df2507/circles/146139,제30회 디. 페스타(토),Day1
딱지후라이,낼리,,,,,2sp,유희왕GX /A5,,,,,로맨틱,,,"nly_yyy, sannoru12345",https://dongne.co/events/df2507/circles/147770,제30회 디. 페스타(토),Day1
말랑말랑해,댜람,,,,,1sp,데못죽,,,,,,,,,https://dongne.co/events/df2507/circles/147068,제30회 디. 페스타(토),Day1
먼지다듬이,먼다,,,,,1sp,,,,,,,,,dustflybug,https://dongne.co/events/df2507/circles/146330,제30회 디. 페스타(토),Day1
무지개좀비,채다,,,,,2sp,니지산지,"괴담출근,어바등,좀비고등학교,할로우나이트,페르소나3,단간론파",,,,,,,C3o00,https://dongne.co/events/df2507/circles/147946,제30회 디. 페스타(토),Day1
미어깻동굴,시오,,,,,1sp,명탐정코난,,,"아카이슈이치,후루야레이",,"섹슈얼,로맨틱",,만화,comet_xio,https://dongne.co/events/df2507/circles/147559,제30회 디. 페스타(토),Day1
방앗간참새,피리아,,,,,1sp,이세계 착각 헌터,괴담에 떨어져도 출근을 해야 하는구나,,"강창호,김기려,이자헌,J3",강창호X김기려,로맨틱,,,my_moist_alien,https://dongne.co/events/df2507/circles/146549,제30회 디. 페스타(토),Day1
버섯뿡뿡띠,k1130s,,,,,2sp,괴담출근,아이나나,,,,,,,Hwiwol,https://dongne.co/events/df2507/circles/146478,제30회 디. 페스타(토),Day1
빵부스러기,소루빵,,,,,2sp,오리지널,플레이브,,,,,,,soboru830,https://dongne.co/events/df2507/circles/146420,제30회 디. 페스타(토),Day1
세ㄱ계문학,"유댜히,교근",,,,,2sp,주술회전,은혼,게토고죠 쁘띠존 ROOM No. 725,"고죠사토루,게토스구루",게토스구루X고죠사토루,로맨틱,,,Udi_ee,https://dongne.co/events/df2507/circles/147370,제30회 디. 페스타(토),Day1
실내농구부,필명,,,,,1sp,가비지타임,,,"성준수,기상호,최종수,박병찬,전영중 등",성준수X기상호,,상른,일러스트,,https://dongne.co/events/df2507/circles/147481,제30회 디. 페스타(토),Day1
썩은과수원,봉구밭,,,,,1sp,섭남파업,초심돌,,"정예서,윤이든",지브릴 디오프X정예사,"로맨틱,섹슈얼","세드예서, 하준이든",기타,gbg_2727,https://dongne.co/events/df2507/circles/145941,제30회 디. 페스타(토),Day1
아르카디아,CAPTAIN,,,,,2sp,"스플래툰,동방프로젝트,공예",,,,,,,"공예,일러스트",,https://dongne.co/events/df2507/circles/146102,제30회 디. 페스타(토),Day1
아이스박스,뉴뉴,,,,,1sp,슬램덩크,오리지널,,,,,,,97wsts97,https://dongne.co/events/df2507/circles/146079,제30회 디. 페스타(토),Day1
악당입니다,게사,,,,,2sp,블리치,,,,아바라이 렌지X쿠치키 루키아,"로맨틱,섹슈얼",,"만화,일러스트",DH_Ge4,https://dongne.co/events/df2507/circles/148339,제30회 디. 페스타(토),Day1
안안전구역,해바람,,,,,1sp,아포칼립스엔 고인물이 필요해요,천마는 아이돌이 되었다,,,,,,,Sunwind33,https://dongne.co/events/df2507/circles/147854,제30회 디. 페스타(토),Day1
애플블로썸,소내,,,,,1sp,괴담출근,"데못죽,오리지널",,,,,,"만화,일러스트",,https://dongne.co/events/df2507/circles/145902,제30회 디. 페스타(토),Day1
어쩌다보니,이스,,,,,1sp,,,,,,,,만화,nills_ff14,https://dongne.co/events/df2507/circles/145969,제30회 디. 페스타(토),Day1
연성관리반,홀ㄹ데이,,,,,1sp,괴담출근,,,최요원,,,,"일러스트,소설",Holiyday__holy,https://dongne.co/events/df2507/circles/147396,제30회 디. 페스타(토),Day1
오오아리단,포치,,,,,1sp,오오에 괴담출근,,,,,,,,____0x0c,https://dongne.co/events/df2507/circles/147035,제30회 디. 페스타(토),Day1
완두콩깍지,99,,,,,2sp,명급리,,,조의신,자하X설영,로맨틱,,일러스트,hundred_1__99,https://dongne.co/events/df2507/circles/147442,제30회 디. 페스타(토),Day1
외계인맛집,깜고,,,,,1sp,괴담출근,가비지타임 이착헌,,김기려 김솔음 최요원 류재관 고상언 최종수,,해당없음,,"일러스트,기타",mallangcats2,https://dongne.co/events/df2507/circles/147345,제30회 디. 페스타(토),Day1
유치장연합,또동,,,,,2sp,아이돌리쉬세븐,,,"이즈미 이오리,요츠바 타마키,이스미 하루카",,,,소설,ttdongi7,https://dongne.co/events/df2507/circles/148235,제30회 디. 페스타(토),Day1
윻윶에중독,독유,,,,,1sp,내가키운s급들,전지적독자시점,,한유현한유진유중혁김독자,,"로맨틱,섹슈얼",,,dok_yu4,https://dongne.co/events/df2507/circles/146808,제30회 디. 페스타(토),Day1
장르다이소,동자,,,,,2sp,18trip,A3! ARGONAVIS,,,,,,,Dongza_84,https://dongne.co/events/df2507/circles/146339,제30회 디. 페스타(토),Day1
재관난리국,염,,,,,2sp,괴담에 떨어져도 출근을 해야 하는구나,,,,,,,일러스트,YUM_606,https://dongne.co/events/df2507/circles/147074,제30회 디. 페스타(토),Day1
조랭이떡집,호롱,,,,,4sp,화산귀환,,"우리 백청이지 않은가, 소형제?","청명,백천",백천X청명,로맨틱,,"만화,일러스트,공예,소설",Horong2297,https://dongne.co/events/df2507/circles/147992,제30회 디. 페스타(토),Day1
종교대통합,키우,,,,,2sp,진혼기,"화산귀환,문과라도 안 죄송한 이세계로 감",,"청명,자하,설영",,,,"일러스트,소설,사진,공예",hwaljaJD,https://dongne.co/events/df2507/circles/147552,제30회 디. 페스타(토),Day1
진티엔리밍,kje1213114,,,,,4sp,수공예비녀,,,,,,,공예,"e_u_n2, status",https://dongne.co/events/df2507/circles/147055,제30회 디. 페스타(토),Day1
쫀드기봉봉,HS,,,,,2sp,플레이브,톨킨,,,,,,,,https://dongne.co/events/df2507/circles/145816,제30회 디. 페스타(토),Day1
차원기록서,신유,,,,,2sp,괴담출근,,,,,해당없음,"잫솔, 샇솔 등 기타","일러스트,기타",tlsdb17,https://dongne.co/events/df2507/circles/147861,제30회 디. 페스타(토),Day1
청명명백백,잠탱이,,,,,2sp,,,,,,,,공예,,https://dongne.co/events/df2507/circles/147704,제30회 디. 페스타(토),Day1
치밋치월드,couragelre,,,,,1sp,괴담에떨어져도출근을해야하는구나,카리스마하우스,,,,,,,22chimitti,https://dongne.co/events/df2507/circles/147085,제30회 디. 페스타(토),Day1
타로밀크티,"도담, 파치",,,,,2sp,죠죠의 기묘한 모험,,,,,"로맨틱,섹슈얼",,"만화,일러스트","D0dam22, JNJN00189",https://dongne.co/events/df2507/circles/147133,제30회 디. 페스타(토),Day1
토스켜세요,상추말이,,,,,2sp,데못죽,괴담출근,,,,,,소설,sangchoodoldol,https://dongne.co/events/df2507/circles/148498,제30회 디. 페스타(토),Day1
파랑동구리,파동,,,,,1sp,"프로젝트 세카이,보컬로이드",,,,카가미네 렌X카이토,해당없음,,,,https://dongne.co/events/df2507/circles/146119,제30회 디. 페스타(토),Day1
폭탄돌리기,야마,,,,,2sp,포켓몬스터,,,"단델,금랑",,로맨틱,,만화,YAMAAA_KK,https://dongne.co/events/df2507/circles/146398,제30회 디. 페스타(토),Day1
프릴데이즈,차리링,,,,,1sp,수공예,,,,,,,,,https://dongne.co/events/df2507/circles/146791,제30회 디. 페스타(토),Day1
환타와망고," 환타,감망고",,,,,2sp,괴수8호,"주술회전,괴담출근",견원지간(=?) : 나루호시 쁘띠존,,,"로맨틱,섹슈얼",,,,https://dongne.co/events/df2507/circles/148055,제30회 디. 페스타(토),Day1
흑백요리사,릿지,,,,,1sp,주술회전,,게토고죠 쁘띠존 ROOM No. 725,"게토 스구루,고죠 사토루",게토 스구루X고죠 사토루,,,"만화,일러스트",lzzzzzzzzsy,https://dongne.co/events/df2507/circles/147648,제30회 디. 페스타(토),Day1
우르르쾅쾅 ,천벌,,,,,2sp,괴수 8호 괴담출근,,견원지간(=?) : 나루호시 쁘띠존,나루미 호시나,,,,"일러스트,만화",010203_401,https://dongne.co/events/df2507/circles/147317,제30회 디. 페스타(토),Day1
뿌잉뿌잉과 모순,멍선생Q,,,,,1sp,블랙배저,,,힐데베르트 탈레브,힐데베르트 탈레브,로맨틱,,소설,mung1424,https://dongne.co/events/df2507/circles/146026,제30회 디. 페스타(토),Day1
슈뢰딩거의 부스,Naf,,,,,1sp,주술회전,,,"고죠 사토루,게토 스구루",고죠 사토루X게토 스구루,"로맨틱,섹슈얼",,만화,Daemoli7333,https://dongne.co/events/df2507/circles/147712,제30회 디. 페스타(토),Day1
플블캐른만 먹는 집,pporom,,,,,1sp,18TRIP,키미가시네,,히요리 소우 미도리 치도인 사라 츠키미 신,,로맨틱,,만화,from_PPOROM,https://dongne.co/events/df2507/circles/147637,제30회 디. 페스타(토),Day1
연쇄사출마 조심해,랏츠,,,,,2sp,이터널리턴,,,,,로맨틱,,만화,g_g_9999,https://dongne.co/events/df2507/circles/148003,제30회 디. 페스타(토),Day1
나루호시는 사랑을 해 ,연월,,,,,1sp,괴수8호,,견원지간(=?) : 나루호시 쁘띠존,"나루미 겐,호시나 소우시로",나루미 겐X호시나 소우시로,로맨틱,,"만화,소설",yeonmoon_0512,https://dongne.co/events/df2507/circles/147249,제30회 디. 페스타(토),Day1
자제분에게 자제가 안 되세요?,식,,,,,2sp,,,,,,,,,gladjq,https://dongne.co/events/df2507/circles/146405,제30회 디. 페스타(토),Day1
가전제품은 때려야 말을 듣는다,케일,,,,,2sp,괴담출근,,,"브라운,김솔음",브라운X김솔음,"로맨틱,섹슈얼",최요원×김솔음,"소설,기타",kaile_k_w,https://dongne.co/events/df2507/circles/147180,제30회 디. 페스타(토),Day1
세카이에서 사랑을 노래하다,향,,,,,2sp,프로젝트세카이,"보컬로이드,페르소나",,,카가미네 렌XKAITO,로맨틱,"루이츠카, 토우아키",,,https://dongne.co/events/df2507/circles/146161,제30회 디. 페스타(토),Day1
지고천에서 모에를 추구하면 안 되는 걸까,"소팟, 밀",,,,,2sp,세포신곡,,세포신곡 쁘띠존 2회 因子 : 梅雨 ,"이소이 레이지,아토 하루키,이소이 사네미츠,시나노 에이지,오토와 루이",,,,,"so_redbean, tina_hatiku89_",https://dongne.co/events/df2507/circles/146561,제30회 디. 페스타(토),Day1
네오에고가 뭐라고 나기이사를 갈라놔,KV 미식가,,,,,1sp,블루 록,,이사른 쁘띠존,,나기 세이시로X이사기 요이치,,,일러스트,KV_gourmet,https://dongne.co/events/df2507/circles/147014,제30회 디. 페스타(토),Day1
선인장으로 삼행시 지어보겠습니다,리다,,,,,1sp,기동전사 건담,"모브사이코100,페이트그랜드오더",,아무로 레이,,해당없음,,"만화,기타",Lida_0706,https://dongne.co/events/df2507/circles/146495,제30회 디. 페스타(토),Day1
뭐가나올지 나도모름,방주,,,,,2sp,붕괴 스타레일,,,"어벤츄린,아낙사",레이시오X어벤츄린,,"레이츄린, 파이낙사",,,https://dongne.co/events/df2507/circles/146147,제30회 디. 페스타(토),Day1
팔데아에서 보물찾기,플라티나,,,,,2sp,포켓몬스터,,,"홈웨이조,스타단,리그부 등...",카지X푸름,,,"일러스트,소설,만화",platin_amide,https://dongne.co/events/df2507/circles/148197,제30회 디. 페스타(토),Day1
화산포목점 삐아체레,삐아체레,,,,,2sp,화산귀환,,,,,,,공예,Piacere_S2,https://dongne.co/events/df2507/circles/146737,제30회 디. 페스타(토),Day1
외계행성에 떨어져도 재즈를 하자,왈라,,,,,1sp,블루 자이언트,"괴담출근,이세계 착각 헌터,화산귀환",,,,,,"만화,일러스트",,https://dongne.co/events/df2507/circles/146367,제30회 디. 페스타(토),Day1
살려주세요 살려주세요 살려주세요,두부콩,,,,,2sp,괴담출근,데뷔못하면죽는병걸림,,솔음,,로맨틱,"잫솔,샇솔,블솔,제솔",,dbu_4068,https://dongne.co/events/df2507/circles/146895,제30회 디. 페스타(토),Day1
점프페어의 소꿉친구에서 황혼부부까지 ,마,,,,,2sp,나의 히어로 아카데미아,주술회전,,,,로맨틱,고죠게토,,,https://dongne.co/events/df2507/circles/147820,제30회 디. 페스타(토),Day1
노맨즈랜드 플랜트노동조합,"노도리, 인간식물",,,,,2sp,트라이건,,,,울프우드X밧슈,,,,noDORI_land,https://dongne.co/events/df2507/circles/148108,제30회 디. 페스타(토),Day1
장르대폭발!!,"지넹,:3c",,,,,2sp,헌터x헌터,,,키르아,,,,일러스트,,https://dongne.co/events/df2507/circles/147066,제30회 디. 페스타(토),Day1
엋건할래요?,티카인가요,,,,,1sp,데뷔 못 하면 죽는병 걸림,,,"청려,류건우",,로맨틱,,소설,TICA_CHRAPPLE,https://dongne.co/events/df2507/circles/146390,제30회 디. 페스타(토),Day1
믿어주세요... 저흰 페이트 입니다 ,개누 ,,,,,1sp,페이트/스테이 나이트,,,,토오사카 린X마토 사쿠라,,,,,https://dongne.co/events/df2507/circles/147259,제30회 디. 페스타(토),Day1
고삼서식지(한테 끌려옴),"rjs77, 강레모",,,,,1sp,괴수8호,"닌자거북이,etc",견원지간(=?) : 나루호시 쁘띠존,"나루미 겐,호시나 소우시로",나루미 겐X호시나 소우시로,로맨틱,,소설,"_Ily_M_, ha_rjs",https://dongne.co/events/df2507/circles/146705,제30회 디. 페스타(토),Day1
곰누이보호소,EK,,,,,1sp,앙상블스타즈,,,"시이나 니키,아마기 린네,아마기 히이로",아마기 린네X시이나 니키,"해당없음,로맨틱",,,,https://dongne.co/events/df2507/circles/145900,제30회 디. 페스타(토),Day1
공룡새담금주,청포,,,,,2sp,화산귀환,,,청명,백천X청명,,"당보청명,당가",소설,"caelum_277, S_dino_TSH",https://dongne.co/events/df2507/circles/147795,제30회 디. 페스타(토),Day1
댄스정마대전,매복사랑니,,,,,2sp,천마돌,어바등(어두운 바다의 등불이 되어),,"당사천,점소의",당사천X점소의,"로맨틱,섹슈얼",재희무현,,aoqhrtkfkdsl,https://dongne.co/events/df2507/circles/146858,제30회 디. 페스타(토),Day1
두부착즙부스,"바다, SPIINA",,,,,2sp,프로젝트 세카이,,,"아오야기 토우야,시노노메 아키토",아오야기 토우야X시노노메 아키토,로맨틱,,"소설,만화","pazuSILVERGAL, BD_0_prsk",https://dongne.co/events/df2507/circles/147300,제30회 디. 페스타(토),Day1
두부크림전골,나무,,,,,2sp,누카니발,플레이브,,,,,,,,https://dongne.co/events/df2507/circles/146189,제30회 디. 페스타(토),Day1
매생이전복죽,Gretchen,,,,,1sp,리그오브레전드,에픽세븐,,"아케인,징크스,바이,아리",,,,"게임,만화",jidong_k,https://dongne.co/events/df2507/circles/145988,제30회 디. 페스타(토),Day1
멈추지말라고,세킬,,,,,1sp,기동전사 건담 철혈의 오펀스,,,올가 이츠카,,,,만화,,https://dongne.co/events/df2507/circles/147097,제30회 디. 페스타(토),Day1
메론빵리스트,"참내 , 미호",,,,,2sp,MIU404,"메달리스트,블루록,슬램덩크",,"이부키 아이,시마 카즈미 / 요다카 쥰,아케우라지 츠카사 / 이사기요이치,이토시 린 / 양호열,강백호",이부키 아이X시마 카즈미,로맨틱,"요다츠카(쥰츠카) ,  이사린 , 호열백호","만화,일러스트","chamna404, algh_ww",https://dongne.co/events/df2507/circles/147424,제30회 디. 페스타(토),Day1
발등튀김뷔페,플레인요거트,,,,,2sp,뉴카니발,,,,단테X에이트,로맨틱,,,waomlette,https://dongne.co/events/df2507/circles/146470,제30회 디. 페스타(토),Day1
백설기동호회,콥/종막,,,,,1sp,"오오에,페르소나 시리즈",고서점가의 하시히메,,,,,,,"corby_drawing, Den0uemenT_",https://dongne.co/events/df2507/circles/147236,제30회 디. 페스타(토),Day1
실례안합니다,니니,,,,,1sp,블루록,,이사른 쁘띠존,,,,,,,https://dongne.co/events/df2507/circles/145895,제30회 디. 페스타(토),Day1
아무생각없음,지옥이,,,,,1sp,"괴담출근,이착헌","갑타,브구소,사반,천관",,주인공위주,,,,기타,,https://dongne.co/events/df2507/circles/148340,제30회 디. 페스타(토),Day1
여름맞이상점,"치롤, 별모래",,,,,2sp,,,,,,,,"일러스트,공예,기타",,https://dongne.co/events/df2507/circles/146570,제30회 디. 페스타(토),Day1
장르통합불가,류화비,,,,,1sp,쿠키런,,,,,,,"일러스트,만화",,https://dongne.co/events/df2507/circles/146446,제30회 디. 페스타(토),Day1
장발비빔밥집,테무,,,,,2sp,세포신곡,,세포신곡 쁘띠존 2회 因子 : 梅雨 ,"하츠토리 하지메,우츠기 노리유키",,로맨틱,,"일러스트,만화",mm19_MUMU,https://dongne.co/events/df2507/circles/147724,제30회 디. 페스타(토),Day1
정기에레모임,쿠릉쿠릉,,,,,1sp,앙상블스타즈,,,나이츠,텐쇼인 에이치X츠키나가 레오,"로맨틱,섹슈얼",,"만화,소설",e2le5,https://dongne.co/events/df2507/circles/147041,제30회 디. 페스타(토),Day1
푸데푸데게롱,소요,,,,,2sp,괴담출근,,,,,,,일러스트,soyo__yoso,https://dongne.co/events/df2507/circles/146393,제30회 디. 페스타(토),Day1
후와후와타임,하루룽 ,,,,,2sp,붕괴스타레일,도쿄리벤져스,,,단항X스텔레,로맨틱,타케른,"만화,일러스트",rain_0967,https://dongne.co/events/df2507/circles/147825,제30회 디. 페스타(토),Day1
노맨즈라라로 갈 수도 있어,4B,,,,,2sp,,,추억이 밧울밧울,,밧슈더스탬피드X울프우드디니콜라스,"로맨틱,섹슈얼",,,B4W8D,https://dongne.co/events/df2507/circles/147539,제30회 디. 페스타(토),Day1
우메바치도우 순대국밥,타마모리 외 0명,,,,,2sp,고서점가의 하시히메,,,,,,,만화,,https://dongne.co/events/df2507/circles/146881,제30회 디. 페스타(토),Day1
축구선수들의 새싹쟁탈전,"11번, 리니",,,,,1sp,블루록,,이사른 쁘띠존,이사기 요이치,바치라 메구루X이사기 요이치,해당없음,린이사,기타,"dkvqjsgh_11, Itosh_Rin0909",https://dongne.co/events/df2507/circles/148097,제30회 디. 페스타(토),Day1
스구사토라고 부르지않을래?,모리/위운/하트,,,,,2sp,주술회전,,게토고죠 쁘띠존 ROOM No. 725,게토,,,,기타,tree_ss_joa,https://dongne.co/events/df2507/circles/147237,제30회 디. 페스타(토),Day1
강경해피엔딩파,이존버찌,,,,,2sp,트라이건,,추억이 밧울밧울,밧슈  울프우드,,"로맨틱,섹슈얼",,,trigunballsaram,https://dongne.co/events/df2507/circles/146388,제30회 디. 페스타(토),Day1
메론빵맛있겠다,스ㅍㅡ,,,,,2sp,MIU404,,,,이부키 아이X시마 카즈미,,,,SOUPTV_,https://dongne.co/events/df2507/circles/146099,제30회 디. 페스타(토),Day1
명란크림파스타,라덕,,,,,1sp,문호스트레이독스,,츄다자 쁘띠존 : 두사람의 인간증명 QED,"나카하라 츄야,다자이 오사무",나카하라 츄야X다자이 오사무,"로맨틱,섹슈얼",,소설,light_dayo,https://dongne.co/events/df2507/circles/146584,제30회 디. 페스타(토),Day1
뭐가나올지모름,욧시,,,,,2sp,데못죽,갑타 괴담출근,,,,,,,hamzzu123,https://dongne.co/events/df2507/circles/146238,제30회 디. 페스타(토),Day1
부렌상과친구들,BLEN,,,,,2sp,,,,,,,,,,https://dongne.co/events/df2507/circles/146093,제30회 디. 페스타(토),Day1
부스주세요젭알,욜로,,,,,2sp,괴담출근,,,,,,,,,https://dongne.co/events/df2507/circles/146774,제30회 디. 페스타(토),Day1
세카이를열어라,낭만고양이,,,,,2sp,프로젝트 세카이,VOCALOID KAITO,,KAITO,니고 카이토X원더쇼 카이토,로맨틱,,"만화,일러스트",RRS_0222,https://dongne.co/events/df2507/circles/148401,제30회 디. 페스타(토),Day1
시광대리영업소,농네,,,,,2sp,,,,"청샤오시(정시우),루광(유진),챠오링(효린)",,,,,,https://dongne.co/events/df2507/circles/146183,제30회 디. 페스타(토),Day1
신슈소바연구회,깨알,,,,,2sp,명탐정 코난,"가비지타임,하이큐",,,야마토 칸스케X모로후시 타카아키,,,,,https://dongne.co/events/df2507/circles/146879,제30회 디. 페스타(토),Day1
신입산적교육소,무릎,,,,,2sp,화산귀환,,화산귀환 사파 쁘띠존 : 사파일통,임소병,,,임소병른,"만화,소설",mallangworld,https://dongne.co/events/df2507/circles/147600,제30회 디. 페스타(토),Day1
오크마러브버그,만냥이,,,,,1sp,스타레일,,,,,,,,,https://dongne.co/events/df2507/circles/147496,제30회 디. 페스타(토),Day1
우리부스얌♡ᩚ,"41, 교수, 효자",,,,,2sp,"블루록,데못죽,괴담출근",,이사른 쁘띠존,,나기 세이시로X이사기 요이치,"로맨틱,섹슈얼",,"소설,공예","yoixxchi, PFS_0401_BL, hamsejin_",https://dongne.co/events/df2507/circles/147726,제30회 디. 페스타(토),Day1
인튜어스지박령,헛둘,,,,,1sp,,,,,,,,만화,,https://dongne.co/events/df2507/circles/146204,제30회 디. 페스타(토),Day1
자설유적발굴단,"아금, 온애, 타타랑, 한서, 양서리, 재관국공시생",,,,,4sp,진혼기,괴담출근,,"자하,설영,최요원,김솔음",자하X설영,로맨틱,"요원솔음, 최솔","만화,소설,공예,일러스트",sun_in_the_snow,https://dongne.co/events/df2507/circles/148023,제30회 디. 페스타(토),Day1
치미생태연구회,"김장, 환기용",,,,,2sp,주술회전,,게토고죠 쁘띠존 ROOM No. 725,"게토 스구루,고죠 사토루",게토 스구루X고죠 사토루,,,,kimjang_kc,https://dongne.co/events/df2507/circles/146317,제30회 디. 페스타(토),Day1
행복한덕질기원,기뮨,,,,,2sp,백망되,1차,,,,,,,,https://dongne.co/events/df2507/circles/146780,제30회 디. 페스타(토),Day1
헤남반시고구마,삼라,,,,,2sp,기동전사건담 UC,,,,리디 마세나스X버나지 링크스,,리버시블,만화,afterUC,https://dongne.co/events/df2507/circles/148103,제30회 디. 페스타(토),Day1
백일몽주식회사 인사관리팀,9999,,,,,2sp,괴담출근,,,,,,,소설,_9_999,https://dongne.co/events/df2507/circles/146365,제30회 디. 페스타(토),Day1
말랑말랑복숭아 깨물지마세요,혞,,,,,2sp,러브라이브! 니지가사키학원스쿨아이돌동호회,러브라이브! 시리즈,,"우에하라 아유무,미후네 시오리코",우에하라 아유무X미후네 시오리코,"해당없음,로맨틱",,"소설,만화,일러스트",hyekkim,https://dongne.co/events/df2507/circles/146496,제30회 디. 페스타(토),Day1
부스주인고질병:입덕부정,Arian,,,,,2sp,하이큐,"데뷔 못하면 죽는 병 걸림,전지적 독자 시점",,,쿠로오X켄마,,"유진래빈, 메타우리",소설,,https://dongne.co/events/df2507/circles/145904,제30회 디. 페스타(토),Day1
고영형제보호협회,아기자기,,,,,1sp,,,,"한유현,한유진",한유현X한유진,"로맨틱,섹슈얼",,,,https://dongne.co/events/df2507/circles/146385,제30회 디. 페스타(토),Day1
국가공인헌터마켓,서핑,,,,,2sp,이착헌,"괴담출근,데못죽",,,,,,,,https://dongne.co/events/df2507/circles/146785,제30회 디. 페스타(토),Day1
남녀연애자유선언,은여,,,,,1sp,"페이트 시리즈,페그오","로오히,로판,유희왕",,,,,,,eunyu0,https://dongne.co/events/df2507/circles/145838,제30회 디. 페스타(토),Day1
녹차말차노른자밭,엔델리온,,,,,1sp,"1차 창작,스플래툰,붕괴 스타레일",,,,,,,"일러스트,기타",,https://dongne.co/events/df2507/circles/146318,제30회 디. 페스타(토),Day1
말랑뽀작우유식빵,아노센,,,,,2sp,스타레일,원신,,레이시오 어벤츄린,,,,,dkshtps,https://dongne.co/events/df2507/circles/145881,제30회 디. 페스타(토),Day1
맡구야저녁머먹지,짤,,,,,2sp,,,,,,,,,,https://dongne.co/events/df2507/circles/146458,제30회 디. 페스타(토),Day1
뭐라도나오는부스,소금물,,,,,2sp,,문송안함,,,,,,,,https://dongne.co/events/df2507/circles/146088,제30회 디. 페스타(토),Day1
보유인자론연구회,"+ω , 하윈",,,,,2sp,세포신곡,,세포신곡 쁘띠존 2회 因子 : 梅雨 ,"원흉조,과부조,시농 등등",,해당없음,,,"Plus_Omega_A, B1ue_E4rth",https://dongne.co/events/df2507/circles/147527,제30회 디. 페스타(토),Day1
소액으로주식하기,171,,,,,1sp,괴담에떨어져도출근은해야하는구나,,,"백사헌,김솔음",백사헌X김솔음,"섹슈얼,로맨틱",,"만화,소설",ss171iit,https://dongne.co/events/df2507/circles/147439,제30회 디. 페스타(토),Day1
술탄겜회지팝니다,밀재,,,,,1sp,술탄의 게임,,,,,해당없음,,만화,Cuu_Mill,https://dongne.co/events/df2507/circles/146312,제30회 디. 페스타(토),Day1
술탄겜회지팝니다,밀재,,,,,1sp,술탄의 게임,,,"아르트,네페르",아르트X네페르,해당없음,,,Cuu_Mill,https://dongne.co/events/df2507/circles/146921,제30회 디. 페스타(토),Day1
엄마아빠사랑해요,삼광,,,,,1sp,아이돌리쉬 세븐(아이나나),"카리스마,프리티 시리즈(오드 디마퓨 킹프리),니지산지(KR,EN)",,,니카이도 야마토X이즈미 미츠키,로맨틱,,"만화,일러스트",,https://dongne.co/events/df2507/circles/147057,제30회 디. 페스타(토),Day1
엄청엄청카리스마,"스몽가, 크로켓",,,,,1sp,카리스마,,,,,,,"만화,일러스트","froggyoniisan, shdPska368",https://dongne.co/events/df2507/circles/148387,제30회 디. 페스타(토),Day1
이거서클명뭐하지,hA,,,,,1sp,프로젝트 세카이,,,,아이X리나,로맨틱,마후카나,"만화,일러스트",_hA_8_,https://dongne.co/events/df2507/circles/148342,제30회 디. 페스타(토),Day1
지금도변하지않는,하래,,,,,1sp,닌타마 란타로,x,,"나카자이케 쵸지,나나마츠 코헤이타",,,,"일러스트,만화",maracrab3,https://dongne.co/events/df2507/circles/148081,제30회 디. 페스타(토),Day1
키워주셔서감쌍둥,연서,,,,,1sp,요츠메가미-재회-,,,"이미고,사하라 마이",이미고X사하라 마이,로맨틱,,"만화,일러스트,소설",yeonseo513_,https://dongne.co/events/df2507/circles/147697,제30회 디. 페스타(토),Day1
테스타행복위원회,프린,,,,,1sp,데못죽,"이착헌,어바등",,"박문대,김래빈,정하성,김기려",하성X기려,,,일러스트,,https://dongne.co/events/df2507/circles/147340,제30회 디. 페스타(토),Day1
판소볶음해물찌개,"이구, 유나아린",,,,,2sp,괴담에 떨어져도 출근을 해야 하는구나,"어두운 바다의 등불이 되어,내가 키운 S급들,블랙배저,이세계 착각 헌터",,,,,,,bombi_igu,https://dongne.co/events/df2507/circles/147283,제30회 디. 페스타(토),Day1
어떤부스가잇엇은 딱히뭘하진않앗은,.,,,,,2sp,괴담출근,프로젝트 세카이,,,카미시로 루이X텐마 츠카사,,,"일러스트,소설,기타",,https://dongne.co/events/df2507/circles/148052,제30회 디. 페스타(토),Day1
마감할수있을겁니다,별담,,,,,1sp,진혼기,,,,,,,,byeoldam374567,https://dongne.co/events/df2507/circles/146632,제30회 디. 페스타(토),Day1
마리포사의보물상자,마리포사,,,,,2sp,,,,,,,,,,https://dongne.co/events/df2507/circles/146978,제30회 디. 페스타(토),Day1
실친에게포타를털림,SSu,,,,,2sp,화산귀환,,,"청명,당보,장일소",일소X청명,"섹슈얼,로맨틱",당보청명,,SSu_hzl,https://dongne.co/events/df2507/circles/148098,제30회 디. 페스타(토),Day1
에무세금다섯배내라,김원더,,,,,1sp,프로젝트 세카이,,,"쿠사나기 네네,오오토리 에무",쿠사나기 네네X오오토리 에무,로맨틱,,일러스트,won_prsk,https://dongne.co/events/df2507/circles/147841,제30회 디. 페스타(토),Day1
이베리아활어직판장,특이점,,,,,2sp,명일방주,"다크소울,엘든링,아머드코어6,캐릭캐릭체인지,파이널판타지14",,"아이린,쏜즈,엘리시움,루멘,파도기사,뮤엘시스,박사",,,,일러스트,_4_Singularity,https://dongne.co/events/df2507/circles/148375,제30회 디. 페스타(토),Day1
체리베리모모이치고,모모,,,,,2sp,,,,,,,,,,https://dongne.co/events/df2507/circles/146236,제30회 디. 페스타(토),Day1
기묘한이세계착각괴담,푸딩,,,,,2sp,이세계 착각 헌터,"사이퍼즈,괴담에 떨어져도 출근은 해야 하는구나,죠죠의 기묘한 모험,닥터스톤",,강창호 김기려 김솔음 최요원,,섹슈얼,,,haeeun1180742,https://dongne.co/events/df2507/circles/148395,제30회 디. 페스타(토),Day1
문대큰세절대보존협회,데밀,,,,,1sp,데뷔 못하면 죽는 병 걸림,,,"박문대,이세진",,"로맨틱,섹슈얼",,소설,KEUNSE_XGF,https://dongne.co/events/df2507/circles/147262,제30회 디. 페스타(토),Day1
뭔가보여드리겠습니다,올리,,,,,2sp,마법사의 약속,,,마사키 아키라(여),,로맨틱,,,redhairW_nyum,https://dongne.co/events/df2507/circles/147478,제30회 디. 페스타(토),Day1
부스가왈카닥열린거야,하움,,,,,1sp,데뷔 못하면 죽는 병 걸림,,,테스타,,,,"공예,조형",,https://dongne.co/events/df2507/circles/146377,제30회 디. 페스타(토),Day1
우송정보대만화웹툰과,헛둘,,,,,1sp,,,,,,,,만화,,https://dongne.co/events/df2507/circles/146202,제30회 디. 페스타(토),Day1
원더호이의무서운저주,"B,^^",,,,,2sp,프로젝트세카이,18TRIP,,,텐마 츠카사X카미시로 루이,,,,,https://dongne.co/events/df2507/circles/145834,제30회 디. 페스타(토),Day1
착각괴담통모차핫도그,모차,,,,,2sp,"이착헌,괴담출근",,,,,,,"만화,일러스트",mocha5earlgrey,https://dongne.co/events/df2507/circles/147214,제30회 디. 페스타(토),Day1
고양이가방에들어가신다,집,,,,,2sp,페르소나5,,,,,로맨틱,,,roh_Ewoong,https://dongne.co/events/df2507/circles/147519,제30회 디. 페스타(토),Day1
김치찌개마카롱와플가게,와플,,,,,2sp,"진혼기,괴담출근",이세계 착각 헌터,,,,"로맨틱,섹슈얼",,"일러스트,기타",angelinwaffle,https://dongne.co/events/df2507/circles/146714,제30회 디. 페스타(토),Day1
니들이어둠의자식들이냐,곤죽,,,,,2sp,오오에,"천막의 자두가르,밀그램",,,,,오고퇴레,"만화,소설",,https://dongne.co/events/df2507/circles/146857,제30회 디. 페스타(토),Day1
우리부스정상영업합니다,MN,,,,,2sp,프로젝트 세카이 컬러풀 스테이지! feat.하츠네 미쿠,,,,,,,,,https://dongne.co/events/df2507/circles/146843,제30회 디. 페스타(토),Day1
자물쇠와상자마트료시카,유자,,,,,2sp,망각배터리,,,,토도 아오이X치하야 슌페이,해당없음,,,,https://dongne.co/events/df2507/circles/148277,제30회 디. 페스타(토),Day1
찐한사랑을하거라얘들아,물범,,,,,1sp,트라이건,,추억이 밧울밧울,,밧슈 더 스탬피드X니콜라스 D. 울프우드,로맨틱,,,TGun_B_10,https://dongne.co/events/df2507/circles/147877,제30회 디. 페스타(토),Day1
나루호도성배먹고오리진됨,포도주당,,,,,2sp,세포신곡,"역전재판,페그오,오늘부터신령님",세포신곡 쁘띠존 2회 因子 : 梅雨 ,"카노아오구,아토하루키",,,,일러스트,podojudang_CoE,https://dongne.co/events/df2507/circles/147457,제30회 디. 페스타(토),Day1
데뷔못하면테런으로출근함,gum3328,,,,,2sp,괴담출근,"데못죽,테런,하이큐",,,,,,,,https://dongne.co/events/df2507/circles/148107,제30회 디. 페스타(토),Day1
센다이재즈부흥회한국지점,TaT,,,,,1sp,블루자이언트,,,미야모토 다이,,로맨틱,,만화,off_songofthe,https://dongne.co/events/df2507/circles/145820,제30회 디. 페스타(토),Day1
은광고교내연애추진위원회,찬라,,,,,1sp,명급리,,,,황지호X조의신,로맨틱,,,yellowestime,https://dongne.co/events/df2507/circles/147866,제30회 디. 페스타(토),Day1
임소병이너무맛있는관계로,악개,,,,,1sp,화산귀환,,화산귀환 사파 쁘띠존 : 사파일통,임소병,청명X임소병,로맨틱,,"기타,소설",Cheong_S2_,https://dongne.co/events/df2507/circles/147764,제30회 디. 페스타(토),Day1
한국인이면재희무현합시다,차재훈,,,,,2sp,어바등,,,"김재희,박무현",김재희X박무현,"로맨틱,섹슈얼","째무, 재희무현 ","만화,일러스트,기타",SH_jjugo,https://dongne.co/events/df2507/circles/146622,제30회 디. 페스타(토),Day1
외국인이어도재희무현합시다,용사,,,,,2sp,어두운 바다의 등불이 되어,,,"김재희,박무현",김재희X박무현,"로맨틱,섹슈얼",,"소설,만화",4_qd4k,https://dongne.co/events/df2507/circles/148124,제30회 디. 페스타(토),Day1
스노우볼굴러간다다라닷다오늘도,불충분,,,,,2sp,블루 자이언트,,,타마다,,로맨틱,,"만화,일러스트",notenough_iro,https://dongne.co/events/df2507/circles/145959,제30회 디. 페스타(토),Day1
장래희망이닌자트레이너방위대원,해왕성인,,,,,2sp,닌타마 란타로,"포켓몬스터,괴수8호,역전재판,던전밥,보컬로이드,사카모토 데이즈",,"젠포우지 이사쿠,호시나 소우시로,나루미 겐 등",,,,일러스트,neptuneblue_01,https://dongne.co/events/df2507/circles/148242,제30회 디. 페스타(토),Day1
✨소년만화조아해요네네잘먹어요✨,얀고,,,,,2sp,하이큐,"모브사이코100 / 이누야샤 / 기타등등 소년만화,투니버스 만화",,,,,,일러스트,yango_dream,https://dongne.co/events/df2507/circles/146171,제30회 디. 페스타(토),Day1
공항에떨어져도환생을해야하는구나,mg,,,,,2sp,주술회전,,,"고죠 사토루,게토 스구루",,섹슈얼,,소설,ggmin_gge,https://dongne.co/events/df2507/circles/147292,제30회 디. 페스타(토),Day1
나야나내스급에나오는사카타긴토키,무낙,,,,,2sp,은혼,내스급,,"긴토키,한유진",성현제X한유진,로맨틱,,일러스트,muinak_ss,https://dongne.co/events/df2507/circles/147324,제30회 디. 페스타(토),Day1
코무에백장미나오나설마카노도나오나 ,"허, 10",,,,,2sp,세포신곡,,세포신곡 쁘띠존 2회 因子 : 梅雨 ,"하츠토리 하지메,우츠기 노리유키,카노 아오구,아토 하루키",하츠토리 하지메X우츠기 노리유키,"섹슈얼,로맨틱",가명조,"만화,일러스트",heo2gu,https://dongne.co/events/df2507/circles/147636,제30회 디. 페스타(토),Day1
겜하느라덕질은안하지만부스는내고싶어,듀,,,,,1sp,로오히,,,,,,,,,https://dongne.co/events/df2507/circles/146572,제30회 디. 페스타(토),Day1
게살부기게살부르크게살탕수온앤온을차려오거라,박제우,,,,,1sp,의원 다시 살다,의다살,,"제갈린,진천희,유호",,섹슈얼,,소설,pjeu26,https://dongne.co/events/df2507/circles/146054,제30회 디. 페스타(토),Day1
주술회전게토고죠라고내가좋아하는씨피가있걸랑?,"호연, toe",,,,,2sp,주술회전,,게토고죠 쁘띠존 ROOM No. 725,"게토 스구루,고죠 사토루",,"로맨틱,섹슈얼",,소설,"fegetiger, toe725",https://dongne.co/events/df2507/circles/148512,제30회 디. 페스타(토),Day1
천하제일명탐정해결사히어로보후우린킬러주술사헌터시험,"님썰, 37(삼칠)",,,,,2sp,"명탐정코난,은혼","헌터X헌터,사카모토데이즈,윈드브레이커,주술회전,나의 히어로 아카데미아",,,,,,"만화,일러스트,기타","furuseolAM, yorozuya37_",https://dongne.co/events/df2507/circles/147432,제30회 디. 페스타(토),Day1
기절할만큼맛있는문대드셔보시고기절안하면기졀시켜드리겟읍니다,루닝,,,,,1sp,데뷔못하면죽는병걸림,,,박문대,청려X박문대,,청려건우,일러스트,usidustar,https://dongne.co/events/df2507/circles/147589,제30회 디. 페스타(토),Day1
0000,Kal,,,,,2sp,트라이건,,추억이 밧울밧울,,밧슈X울프우드,,,,Ms_Kal,https://dongne.co/events/df2507/circles/146370,제30회 디. 페스타(토),Day1
03ISTP,경우,,,,,2sp,18trip (エイトリ),,,"저녁반,밤반 위주",,"해당없음,로맨틱","나기네타, 나유라이, 키나쿠구, 윤요다","일러스트,만화",___kikUUiki___,https://dongne.co/events/df2507/circles/147234,제30회 디. 페스타(토),Day1
1,멈먀,,,,,1sp,,,,,,,,,,https://dongne.co/events/df2507/circles/147341,제30회 디. 페스타(토),Day1
폰1,익서,,,,,2sp,,,,,,,,,,https://dongne.co/events/df2507/circles/147662,제30회 디. 페스타(토),Day1
현무 1팀 작두따까리,센트,,,,,2sp,괴담에 떨어져도 출근을 해야하는 구나,,,김솔음,,"로맨틱,해당없음",,"소설,사진,조형,기타","hooooo_guuu, ST_1Touch, giveme2Dollar",https://dongne.co/events/df2507/circles/147623,제30회 디. 페스타(토),Day1
현무 1팀 방울대가리 ,"장벅,뽁숭",,,,,2sp,괴담에 들어가도 출근을 해야하는구나,,,"김솔음,백사헌,현무1팀",김솔음X백사헌,로맨틱,재관요원,"만화,일러스트","To_jangbeok, ch_monkey_19",https://dongne.co/events/df2507/circles/146676,제30회 디. 페스타(토),Day1
토마호크 스테이크 1호점,마말레이드,,,,,4sp,화산귀환,괴담에 떨어져도 출근을 해야 하는구나,,청명,당보X청명,"로맨틱,섹슈얼",,"만화,일러스트",Marmal_0329,https://dongne.co/events/df2507/circles/146231,제30회 디. 페스타(토),Day1
비바레뷰 1인시위회 (하루노타이요님의생일을진심으로축하드립니다),"ㅇ, 만두(베니)",,,,,2sp,vs ambivalenz 비바렌,소녀 가극 레뷰 스타라이트,,타이스바,,로맨틱,루이유코,만화,"y_our_my_angel, gyo_kabe_uchi",https://dongne.co/events/df2507/circles/147798,제30회 디. 페스타(토),Day1
1킬,응헌,,,,,2sp,헌터X헌터,,,이르미 키르아,,"로맨틱,섹슈얼",,"만화,기타",poop_hunter12,https://dongne.co/events/df2507/circles/146595,제30회 디. 페스타(토),Day1
1종 보통 이세계 트럭 운전면허증,하뭇,,,,,2sp,괴담출근,"명급리,이착헌",,"괴담 중심,재관국,백일몽",,,,,Sale_HM13,https://dongne.co/events/df2507/circles/146016,제30회 디. 페스타(토),Day1
1인시위,엘드,,,,,1sp,트랜스포머,슬램덩크,,"정우성,사운드웨이브",,,,소설,eldtree,https://dongne.co/events/df2507/circles/148058,제30회 디. 페스타(토),Day1
아발론 변두리 맥주감자집 10호점,Btbb,,,,,2sp,블루자이언트,로드오브히어로즈,,,,,,,_born_blue,https://dongne.co/events/df2507/circles/146459,제30회 디. 페스타(토),Day1
울트라맨엑스10주년! 엑스다이 게스트북,사성구,,,,,2sp,울트라맨 엑스,특촬,,"울트라맨 엑스,오오조라 다이치",엑스X다이치,"로맨틱,섹슈얼",,"만화,일러스트,소설",XuniteDaichi,https://dongne.co/events/df2507/circles/146648,제30회 디. 페스타(토),Day1
하루에10번사랑을말하고,열,,,,,1sp,세포신곡,"닥터스톤,히프노시스마이크",세포신곡 쁘띠존 2회 因子 : 梅雨 ,,아토 하루키X이소이 레이지,로맨틱,아오히츠기 네무x케이토인 호노보노,"만화,일러스트",ssmm3r,https://dongne.co/events/df2507/circles/147402,제30회 디. 페스타(토),Day1
10주년 기념 참가,채,,,,,1sp,도검난무,,,,,,,,irokoi_irodori,https://dongne.co/events/df2507/circles/145887,제30회 디. 페스타(토),Day1
화산정상영업1002년째,천두,,,,,2sp,화산귀환,,"우리 백청이지 않은가, 소형제?",,,,,,1000_doo,https://dongne.co/events/df2507/circles/147023,제30회 디. 페스타(토),Day1
1042thDEAL,"42,디일 ",,,,,2sp,원피스,"슬램덩크,은혼,포켓몬스터,죠죠의 기묘한 모험,보카로",,"ASL,백호군단",,,,,,https://dongne.co/events/df2507/circles/145910,제30회 디. 페스타(토),Day1
1부대 대장님 3부대 부대장님 또 싸워요. 근데 손잡음 ,뿜키,,,,,2sp,"괴수8호,괴담출근",,견원지간(=?) : 나루호시 쁘띠존,"나루미,호시나",나루미 겐X호시나 소우시로,로맨틱,,,bboomkey,https://dongne.co/events/df2507/circles/148032,제30회 디. 페스타(토),Day1
13월의 정원,정원,,,,,2sp,,,,,,,,,,https://dongne.co/events/df2507/circles/146411,제30회 디. 페스타(토),Day1
150_15,42,,,,,1sp,주술회전,,,"쵸소우,이타도리 유지",,해당없음,,만화,YON2_42_,https://dongne.co/events/df2507/circles/147660,제30회 디. 페스타(토),Day1
16세고등학생 기만의진언 끌어치기,김리타,,,,,1sp,페르소나,,,,,,,,,https://dongne.co/events/df2507/circles/146856,제30회 디. 페스타(토),Day1
룬데인에서 만나요 세계보존을 위하여 다함께 나가자 1900 룬데인 엑스포,당구리,,,,,2sp,문과라도 안 죄송한 이세계로 감,"스티크마타,아포칼립스엔 고인물이 필요해요",,,,,,"기타,일러스트",daaangguri,https://dongne.co/events/df2507/circles/147414,제30회 디. 페스타(토),Day1
2마트,2,,,,,2sp,괴담에 떨어져도 출근을 해야 하는구나,전독시,,,,,,,charon_22,https://dongne.co/events/df2507/circles/146259,제30회 디. 페스타(토),Day1
2차창작이 돈이 안되는걸 보여주겠다,"사단법인 갈색어머니 중앙회장, 용세",,,,,2sp,광마회귀,,,,몽랑X이자하,,자하몽랑,"소설,만화","CorpofBrownmom, chr_JM2308",https://dongne.co/events/df2507/circles/146607,제30회 디. 페스타(토),Day1
[201호실],깅,,,,,1sp,닌자보이 란타로,,,"키리마루,도이 한스케",키리마루X도이,"로맨틱,섹슈얼",,"만화,소설",lsf_21xxxx,https://dongne.co/events/df2507/circles/146440,제30회 디. 페스타(토),Day1
2025년에도 자이언트로보는 계속된다,무뿔,,,,,1sp,자이언트로보,건담 지쿠악스,,"츄죠장관,오학인,샤리아불(논컾)",,,,"만화,기타",gr_moose,https://dongne.co/events/df2507/circles/148065,제30회 디. 페스타(토),Day1
21세기 동인은 물물교환만 받습니다.,빨간단추,,,,,2sp,괴담 출근,"마차살,적왕사",,최요원,,"로맨틱,해당없음",,"소설,공예,일러스트",,https://dongne.co/events/df2507/circles/146451,제30회 디. 페스타(토),Day1
2시3시,합,,,,,2sp,니지산지,"사카데이,프로세카,아이나나",,"볼택션,멧챠츠-A",,,,"일러스트,기타",harb_v25,https://dongne.co/events/df2507/circles/146629,제30회 디. 페스타(토),Day1
24시간 24른,달걀,,,,,2sp,블루록,,이사른 쁘띠존,이사기 요이치,나기 세이시로X이사기 요이치,로맨틱,린이사 등 이사른,"만화,소설","egg_blue__, yubu_644",https://dongne.co/events/df2507/circles/147715,제30회 디. 페스타(토),Day1
역시 게임은 파티가 제맛! (2/46),몬스온,,,,,2sp,메이플스토리,,,,,,,게임,monseon_maple,https://dongne.co/events/df2507/circles/146615,제30회 디. 페스타(토),Day1
<세포신곡 쁘띠존 2회 因子 : 梅雨> 주최부스,세포신곡 쁘띠존 2회 因子 : 梅雨,,,,,2sp,,,세포신곡 쁘띠존 2회 因子 : 梅雨 ,,,,,,,https://dongne.co/events/df2507/circles/147185,제30회 디. 페스타(토),Day1
사신이 함께하는! 히구이타 제발 흥해줘 스쿠이타면 뭐든 좋은 자급자족 출장소 3호점,윤난,,,,,1sp,주술회전,블리치,,"양면 스쿠나,이타도리 유지,히구루마 히로미,쿠로사키 이치고,쿠치키 루키아",스쿠나X이타도리 유지,해당없음,히구이타,소설,mnmn_5252,https://dongne.co/events/df2507/circles/148149,제30회 디. 페스타(토),Day1
33세 사축도 된다는 걸 보여주겠다,StarryNight,,,,,2sp,니지산지,,,"야시로 키즈쿠,카가미 하야토,하나바타케 챠이카,쿠즈하,카나에",,,,소설,SS_StarryNight,https://dongne.co/events/df2507/circles/147123,제30회 디. 페스타(토),Day1
3개합쳐50GB,MILK,,,,,2sp,명조,명일방주 우마무스메,,,,,,,yuu_less,https://dongne.co/events/df2507/circles/146336,제30회 디. 페스타(토),Day1
외계인 소각찌개 묵은괴담 4인분,타코,,,,,2sp,괴담에 떨어져도 출근을 해야 하는구나,,,괴담출근-all,브라운X김솔음,"로맨틱,섹슈얼",,"만화,일러스트,기타",taco_bang,https://dongne.co/events/df2507/circles/148035,제30회 디. 페스타(토),Day1
시고르자브덕 4세,마연,,,,,2sp,윈브레,"괴담출근,젤다,프세카,창작 등",,"츠바키노,김솔음,최요원,젤다,링크,미쿠",김솔음X최요원,"로맨틱,섹슈얼",,"일러스트,소설,공예,기타,만화",mayeon_D,https://dongne.co/events/df2507/circles/147215,제30회 디. 페스타(토),Day1
4월의 제빵교실,가토,,,,,2sp,명탐정 코난,하이큐,,"시라토리 닌자부로,코바야시 스미코,아무로 토오루,에노모토 아즈사",,로맨틱,"아무아즈, 신란","만화,일러스트",gateau_ch0,https://dongne.co/events/df2507/circles/148344,제30회 디. 페스타(토),Day1
"여름 400,000m 장거리",프로바이오틱스,,,,,2sp,우마무스메 프리티더비,,,"티엠 오페라오,아그네스 타키온,메지로 맥퀸,비블로스",,,,"만화,일러스트,기타",sugasugafire,https://dongne.co/events/df2507/circles/147905,제30회 디. 페스타(토),Day1
404,404,,,,,2sp,하이큐,"윈브레,주술회전,플레이브,닌타마",,,,,,,,https://dongne.co/events/df2507/circles/146304,제30회 디. 페스타(토),Day1
여름 5%,요와,,,,,1sp,주술회전,,게토고죠 쁘띠존 ROOM No. 725,"게토 스구루,고죠 사토루",게토 스구루X고죠 사토루,로맨틱,,"만화,소설",yowaiimong,https://dongne.co/events/df2507/circles/147043,제30회 디. 페스타(토),Day1
50년전통진끼짜부해장국밥집,"유몽민, 랄락",,,,,1sp,"아이나나,콜옵,18trip",,,,,,,,,https://dongne.co/events/df2507/circles/147356,제30회 디. 페스타(토),Day1
572페이지 낼때까지 탈덕못함,에멍멍,,,,,1sp,주술회전,,,"주술회전 고죠 사토루,주술회전 게토 스구루",고죠사토루X게토스구루,로맨틱,,"만화,일러스트",dpajdajdajd,https://dongne.co/events/df2507/circles/148115,제30회 디. 페스타(토),Day1
572572!,가응,,,,,1sp,주술회전,,,"고죠사토루,게토 스구루",,"로맨틱,섹슈얼",,만화,tonggong_00,https://dongne.co/events/df2507/circles/146454,제30회 디. 페스타(토),Day1
5X7inch,HAZEL,,,,,2sp,주술회전,,,"고죠 사토루,게토 스구루",고죠 사토루X게토 스구루,로맨틱,,"만화,일러스트",,https://dongne.co/events/df2507/circles/147302,제30회 디. 페스타(토),Day1
6/45,롯도,,,,,2sp,데뷔 못하면 죽는 병 걸림,괴담에 떨어져도 출근을 해야하는 구나,,,,,,,,https://dongne.co/events/df2507/circles/146762,제30회 디. 페스타(토),Day1
사이비 메시아가 행사장에 있어도 되는 거임? 7디페도?,"유언, 러스",,,,,2sp,마법명가 차남으로 살아남는 법,블랙배저,,,,,,소설,,https://dongne.co/events/df2507/circles/147157,제30회 디. 페스타(토),Day1
★7디페(토) 괴출&괴수,벨로,,,,,1sp,괴담출근,괴수8호,,,,,,일러스트,kurobina_win,https://dongne.co/events/df2507/circles/146708,제30회 디. 페스타(토),Day1
7월,yaming,,,,,1sp,괴담에 떨어져도 출근을 해야 하는구나,이세계 착각 헌터,,,,,,"기타,공예",,https://dongne.co/events/df2507/circles/147492,제30회 디. 페스타(토),Day1
71억을걷는교주,"OHC, 씅",,,,,2sp,주술회전,,게토고죠 쁘띠존 ROOM No. 725,"게토 스구루,고죠 사토루",,로맨틱,,만화,aoi_nami_koishi,https://dongne.co/events/df2507/circles/148184,제30회 디. 페스타(토),Day1
도쿄 토벌전문학교 74기 동문회,Mon夢,,,,,1sp,괴수8호,,견원지간(=?) : 나루호시 쁘띠존,"나루미 겐,호시나 소우시로.",나루미X호시나,로맨틱,,"만화,일러스트,사진",fiflsn,https://dongne.co/events/df2507/circles/148385,제30회 디. 페스타(토),Day1
8호 작전청,"12, 이자",,,,,2sp,괴수8호,,견원지간(=?) : 나루호시 쁘띠존,,,해당없음,,기타,"Soft_121HO, duk_sae08",https://dongne.co/events/df2507/circles/146928,제30회 디. 페스타(토),Day1
가짜친구단속반+a,새설,,,,,2sp,시광대리인,"괴담에 떨어져도 출근을 해야 하는구나,트라이건,보석의 나라,MIU404,리버스:1999",,,루광X청샤오시,로맨틱,샤베인,"만화,일러스트,기타",sasel_2d,https://dongne.co/events/df2507/circles/147772,제30회 디. 페스타(토),Day1
누구를 믿겠습니까? A. 괴담 B. 매화,큰당!,,,,,1sp,괴담에 떨어져도 출근을 해야 하는구나,화산귀환,,"백사헌,김솔음",백사헌X김솔음,해당없음,,"소설,기타,일러스트",b19n6,https://dongne.co/events/df2507/circles/148326,제30회 디. 페스타(토),Day1
Arch crown,시나스,,,,,1sp,명탐정 코난,매직 카이토,,,쿠도 신이치X쿠로바 카이토,로맨틱,,소설,,https://dongne.co/events/df2507/circles/146357,제30회 디. 페스타(토),Day1
괴수 B호,B,,,,,2sp,괴수 8호,,견원지간(=?) : 나루호시 쁘띠존,,,로맨틱,,,B_JSHG_,https://dongne.co/events/df2507/circles/147375,제30회 디. 페스타(토),Day1
오비츠&솜인형 인형샵 비투샵:B2SHOP,비투,,,,,1sp,,,,,,,,,B2happytoseeu,https://dongne.co/events/df2507/circles/147569,제30회 디. 페스타(토),Day1
오비츠&솜인형 인형샵 비투샵:B2SHOP,비투,,,,,1sp,,,,,,,,,B2happytoseeu,https://dongne.co/events/df2507/circles/147568,제30회 디. 페스타(토),Day1
Black and white,씨밀레,,,,,1sp,주술회전,,게토고죠 쁘띠존 ROOM No. 725,"게토 스구루,고죠 사토루",게토 스구루X고죠 사토루,"로맨틱,섹슈얼",,,Simile725,https://dongne.co/events/df2507/circles/147484,제30회 디. 페스타(토),Day1
Blanc de Blanc,메타,,,,,2sp,명탐정 코난,,,,후루야 레이X카자미 유우야,로맨틱,,,prayer_meta,https://dongne.co/events/df2507/circles/146237,제30회 디. 페스타(토),Day1
BLUE MANIAC,디아,,,,,2sp,명탐정 코난,러브 앤 딥스페이스,,"하우주,진운,아무로 토오루(후루야 레이,버번)",,로맨틱,"드림, 우주여주, 진운여주",소설,ishalyn_,https://dongne.co/events/df2507/circles/146177,제30회 디. 페스타(토),Day1
C등급 세포 보고서,HYUN,,,,,2sp,세포신곡,,세포신곡 쁘띠존 2회 因子 : 梅雨 ,올캐릭터,,,,일러스트,KJ3R4G,https://dongne.co/events/df2507/circles/147779,제30회 디. 페스타(토),Day1
CCTV No.572,cc,,,,,2sp,주술회전,,,"고죠 사토루,게토 스구루",고죠 사토루X게토 스구루,"로맨틱,섹슈얼",,"만화,일러스트",ggss_cc,https://dongne.co/events/df2507/circles/147818,제30회 디. 페스타(토),Day1
Color Rotation,MEEMA,,,,,2sp,닌타마,,,,,,,,meameema,https://dongne.co/events/df2507/circles/146306,제30회 디. 페스타(토),Day1
Crotti,kitami,,,,,2sp,원피스,"슬램덩크,켄간",,키드,,로맨틱,,만화,kitami28,https://dongne.co/events/df2507/circles/146401,제30회 디. 페스타(토),Day1
D조 포에버,"메탈전사Z, 빵에 대하여",,,,,2sp,괴담출근,드래곤볼,,"은하제,최요원",박민성X은하제,로맨틱,"김솔음x최요원, J3x곽제강xJ3",만화,"MetalwarriorZ, yyyyyoomeok",https://dongne.co/events/df2507/circles/148009,제30회 디. 페스타(토),Day1
Dear. 공방,나비,,,,,2sp,,,,,,,,공예,Gongbangdear,https://dongne.co/events/df2507/circles/147369,제30회 디. 페스타(토),Day1
dewflow,joy,,,,,1sp,sea,flower,,,,,,공예,dewflow_,https://dongne.co/events/df2507/circles/148152,제30회 디. 페스타(토),Day1
DONUT UNIVERSE,TN,,,,,2sp,트라이건,,,,울프우드X밧슈,로맨틱,,만화,,https://dongne.co/events/df2507/circles/147619,제30회 디. 페스타(토),Day1
DOT,돗,,,,,1sp,,,,,,,,,,https://dongne.co/events/df2507/circles/146305,제30회 디. 페스타(토),Day1
endless hunter,앙마,,,,,2sp,헌터X헌터,"아이돌리쉬세븐,죠죠",,,,,,,ybbaddy,https://dongne.co/events/df2507/circles/146650,제30회 디. 페스타(토),Day1
Entry,둡댑,,,,,2sp,포켓몬스터,헌터헌터,,,,,,일러스트,,https://dongne.co/events/df2507/circles/147286,제30회 디. 페스타(토),Day1
이세계 마법명가 EX급 조연으로 출근하는 법,은비,,,,,2sp,"괴담에 떨어져도 출근을 해야 하는구나,괴담출근,괴출","괴담출근,이착헌,명급리,마차살",,,,,,,,https://dongne.co/events/df2507/circles/146348,제30회 디. 페스타(토),Day1
Frost Moon,라프엘,,,,,2sp,,,,,,,,,,https://dongne.co/events/df2507/circles/145985,제30회 디. 페스타(토),Day1
가자GO,뿅베시뿅삐뇽,,,,,2sp,,,,,,,,,,https://dongne.co/events/df2507/circles/147744,제30회 디. 페스타(토),Day1
GROUND ZERO,그로제,,,,,2sp,소닉 더 헤지혹 시리즈,록맨 시리즈,,"소닉 더 헤지혹,에이미 로즈,크림 더 래빗,에멜,터보맨,퀵맨,포르테,롤,록맨",소닉 더 헤지혹X에이미 로즈,"로맨틱,해당없음","에멜크림, 터보퀵, 롤포르테","일러스트,소설,기타",_0723_1204,https://dongne.co/events/df2507/circles/146508,제30회 디. 페스타(토),Day1
HAJI works,HAJI,,,,,1sp,오리지널,젠레스 존 제로,,오리지널,,,,"일러스트,기타",nodonghaji,https://dongne.co/events/df2507/circles/146741,제30회 디. 페스타(토),Day1
I ∞ 알렉산드리아,"유리,크림이",,,,,2sp,FF14,,,,,,,,ANGELBA3Y,https://dongne.co/events/df2507/circles/147374,제30회 디. 페스타(토),Day1
Insectbox ,24(SANAI),,,,,2sp,포켓몬스터,"스플래툰,프리큐어",,,,,,,,https://dongne.co/events/df2507/circles/146057,제30회 디. 페스타(토),Day1
kiss와 kiis는 동의어,슷,,,,,1sp,블루록,,이사른 쁘띠존,,미하엘 카이저X이사기 요이치,로맨틱,,소설,byehibyeee,https://dongne.co/events/df2507/circles/148043,제30회 디. 페스타(토),Day1
KR+,카린땅,,,,,1sp,,,,,,,,소설,,https://dongne.co/events/df2507/circles/146374,제30회 디. 페스타(토),Day1
링콩_LINGKONG,링콩,,,,,1sp,,,,,,,,"기타,조형,공예",joshuasomsom2,https://dongne.co/events/df2507/circles/148246,제30회 디. 페스타(토),Day1
길게말하지않겠습니다아이돌리쉬세븐LINKRINGWIND,비사,,,,,2sp,아이돌리쉬 세븐,LINK RING WIND,,"클럽(나기),이시(유키)",클럽X이시,로맨틱,제르x위스트,"만화,소설,일러스트",bisa_otk,https://dongne.co/events/df2507/circles/147093,제30회 디. 페스타(토),Day1
Lovely Mix,Lovely Mix,,,,,1sp,화산귀환,"괴담출근,전독시,내스급,데못죽",,,,,,,LovelyMix_,https://dongne.co/events/df2507/circles/146402,제30회 디. 페스타(토),Day1
made by 자윤,자윤,,,,,2sp,,,,,,,,공예,jayun_blue,https://dongne.co/events/df2507/circles/146783,제30회 디. 페스타(토),Day1
MGR,준지,,,,,1sp,괴담에 떨어져도 출근을 해야 하는구나,데뷔 못 하면 죽는 병 걸림,,,,,,"일러스트,만화",,https://dongne.co/events/df2507/circles/146290,제30회 디. 페스타(토),Day1
mini:D,M카,,,,,2sp,괴담에 떨어져도 출근을 해야 하는구나,데뷔못하면 죽는 병 걸림,,,,,,일러스트,,https://dongne.co/events/df2507/circles/146153,제30회 디. 페스타(토),Day1
miroh,다안,,,,,1sp,괴담에 떨어져도 출근을 해야 하는구나,도쿄리벤저스,,,,,,,dAaaAn77,https://dongne.co/events/df2507/circles/146077,제30회 디. 페스타(토),Day1
계기는 Mystery...,물주,,,,,1sp,아오페라,,,,,,,소설,,https://dongne.co/events/df2507/circles/146476,제30회 디. 페스타(토),Day1
N잡뛰는 오타쿠,메이,,,,,2sp,아이돌리쉬세븐,"파라독스라이브,앙상블스타즈,프로젝트세카이,케이팝데몬헌터스,캐릭캐릭체인지",,,,,,,Maii_050225,https://dongne.co/events/df2507/circles/147083,제30회 디. 페스타(토),Day1
☆청백 never die☆,우도영,,,,,1sp,화산귀환,,,청명백천,청명X백천,로맨틱,,소설,,https://dongne.co/events/df2507/circles/146868,제30회 디. 페스타(토),Day1
                                                                                                                                                                                                     N.F,안건,,,,,2sp,주술회전,,,"고죠 사토루,게토 스구루",고죠 사토루X게토 스구루,"로맨틱,섹슈얼",,"일러스트,만화",goodteethguys,https://dongne.co/events/df2507/circles/146127,제30회 디. 페스타(토),Day1
재즈맨노동조합NY지부,재토,,,,,2sp,블루자이언트,,,,,,,"소설,일러스트",,https://dongne.co/events/df2507/circles/148129,제30회 디. 페스타(토),Day1
                                                                                                                                                                                               ONLY GOGE,사뿐,,,,,2sp,주술회전,,,"고죠 사토루,게토 스구루",고죠 사토루X게토 스구루,"로맨틱,섹슈얼",,만화,,https://dongne.co/events/df2507/circles/147824,제30회 디. 페스타(토),Day1
P들의 부스,소비,,,,,2sp,없음,없음,,,,,,공예,SOBI_J01,https://dongne.co/events/df2507/circles/147164,제30회 디. 페스타(토),Day1
Paper Moon,엘브,,,,,1sp,마차살,주컨곤 문송안함 데못죽,,,,,,"만화,일러스트",elysaby,https://dongne.co/events/df2507/circles/146379,제30회 디. 페스타(토),Day1
PASSION,러스,,,,,1sp,,,,,,,,,,https://dongne.co/events/df2507/circles/146434,제30회 디. 페스타(토),Day1
PGO,고고매니저,,,,,2sp,"페이트/그랜드 오더,페르소나3",오오에,,,남주인공X아이기스,로맨틱,,만화,gogomanager1221,https://dongne.co/events/df2507/circles/148467,제30회 디. 페스타(토),Day1
Pink Ocean,DORAE,,,,,2sp,,,,,,,,,dorae_s,https://dongne.co/events/df2507/circles/146281,제30회 디. 페스타(토),Day1
Planet Pluto,밤볕,,,,,2sp,괴담에 떨어져도 출근을 해야 하는구나,,,"최요원,김솔음",,로맨틱,,"소설,만화",deermysunnstar,https://dongne.co/events/df2507/circles/146797,제30회 디. 페스타(토),Day1
반짝반짝 용궁 - POBI,POBI,,,,,1sp,괴담에 떨어져도 출근을 해야하는구나,,,괴담출근 캐릭터,,,,"기타,일러스트",pobpppobipobi,https://dongne.co/events/df2507/circles/148518,제30회 디. 페스타(토),Day1
POR,POR,,,,,2sp,"프로젝트세카이,붕괴스타레일",엘소드,,올캐릭터,,,,일러스트,_POR_TT,https://dongne.co/events/df2507/circles/146979,제30회 디. 페스타(토),Day1
Post Blue,청무,,,,,2sp,주술회전,,게토고죠 쁘띠존 ROOM No. 725,게토고죠,,,,,99round,https://dongne.co/events/df2507/circles/148033,제30회 디. 페스타(토),Day1
power purple team,윤백일,,,,,2sp,데뷔못하면죽는병걸림,슬램덩크 플레이브 사카모토,,청려 문대,,,"센루, 현윶 , 엋문",,senru71111,https://dongne.co/events/df2507/circles/146445,제30회 디. 페스타(토),Day1
Q 사건입니까? 사고입니까? A 현장에서 과일향이 나요,,,,,,1sp,miu404,언내추럴,,,시마 카즈미X이부키 아이,로맨틱,나카도 케이x미스미 미코토,소설,,https://dongne.co/events/df2507/circles/147967,제30회 디. 페스타(토),Day1
<츄다자 쁘띠존 : 두사람의 인간증명 QED> 주최부스,츄다자 쁘띠존 : 두사람의 인간증명 QED,,,,,2sp,,,츄다자 쁘띠존 : 두사람의 인간증명 QED,,,,,,petit_cdz,https://dongne.co/events/df2507/circles/147887,제30회 디. 페스타(토),Day1
R,R,,,,,1sp,,,,,,,,,,https://dongne.co/events/df2507/circles/147120,제30회 디. 페스타(토),Day1
진짜 전 세개 (real),미우주,,,,,2sp,괴담에 떨어져도 출근을 해야하는구나,이세계 착각 헌터,,"김솔음,브라운,김기려,강창호 등등",,,,일러스트,Miooju_S2,https://dongne.co/events/df2507/circles/146878,제30회 디. 페스타(토),Day1
Red camel,스눕,,,,,1sp,죠죠의 기묘한 모험(5부),,,,죠르노X미스타,로맨틱,,소설,noop_kee,https://dongne.co/events/df2507/circles/145835,제30회 디. 페스타(토),Day1
RED'SFRED,몰딱,,,,,2sp,"괴담출근,봇치더록,걸즈밴드크라이","몬스터헌터,프로젝트 세카이,리버스: 1999",,"김솔음,은하제,이자헌,류재관,최요원",키타X봇치,,,"만화,일러스트,기타",mo_ttak,https://dongne.co/events/df2507/circles/147678,제30회 디. 페스타(토),Day1
S 데뷔할래,이교,,,,,2sp,"데못죽,괴담출근",,,"박문대,이세진,선아현,류청우,배세진,차유진,김래빈,청려,김솔음,이자헌,최요원 등등...",,해당없음,.,"만화,일러스트",u_gauqa,https://dongne.co/events/df2507/circles/148195,제30회 디. 페스타(토),Day1
Sad Sad Kiddie,미르덱스,,,,,1sp,메달리스트,,,,아케우라지 츠카사X요다카 쥰,"로맨틱,섹슈얼","츠카쥰, 츠카요다",소설,,https://dongne.co/events/df2507/circles/145812,제30회 디. 페스타(토),Day1
SAND LAKE,새벽네시,,,,,2sp,"록맨,메탈카드봇",트랜스포머,,,,,,,,https://dongne.co/events/df2507/circles/145932,제30회 디. 페스타(토),Day1
SAY,세이 Sei J.Park,,,,,1sp,오리지널 일러스트,케이팝데몬헌터스,,,,,,일러스트,seijulieparkart,https://dongne.co/events/df2507/circles/148257,제30회 디. 페스타(토),Day1
Smile box,Jude,,,,,2sp,,,,,,,,,,https://dongne.co/events/df2507/circles/145886,제30회 디. 페스타(토),Day1
SNBR,시나브로,,,,,1sp,마법사의 약속,,,,,,,,si_nab,https://dongne.co/events/df2507/circles/146158,제30회 디. 페스타(토),Day1
Something Odd.,Odd.,,,,,2sp,,,,,,,,"일러스트,공예,기타",i_odd_u,https://dongne.co/events/df2507/circles/146751,제30회 디. 페스타(토),Day1
SPADE999,피망,,,,,1sp,문호 스트레이독스,,츄다자 쁘띠존 : 두사람의 인간증명 QED,,,,,만화,spade999_p,https://dongne.co/events/df2507/circles/145896,제30회 디. 페스타(토),Day1
SSS급 매화도사 상시 대기,낮궁,,,,,1sp,화산귀환,,"우리 백청이지 않은가, 소형제?",,,,,,,https://dongne.co/events/df2507/circles/146860,제30회 디. 페스타(토),Day1
stuVWxyz,"북, 감튀",,,,,2sp,트라이건,웹소,추억이 밧울밧울,,밧슈X울프우드,,,,frenchfry_nak,https://dongne.co/events/df2507/circles/147114,제30회 디. 페스타(토),Day1
sugar-runrun,물수제비,,,,,2sp,데뷔 못하면 죽는 병 걸림,"절대 실패하지 않는 아이돌의 기술,문과라도 안 죄송한 이세계로 감",,,차유진X김래빈,로맨틱,첼레스테스x이시엘,소설,bulsujebi,https://dongne.co/events/df2507/circles/146414,제30회 디. 페스타(토),Day1
test,aa,,,,,1sp,주술회전,,,,고죠 사토루X게토 스구루,"로맨틱,섹슈얼",,,,https://dongne.co/events/df2507/circles/146983,제30회 디. 페스타(토),Day1
TK808,808,,,,,2sp,괴수8호,오리지널,,호시나 소우시로,,,,일러스트,8083blue,https://dongne.co/events/df2507/circles/148492,제30회 디. 페스타(토),Day1
<ts힐데른 앤솔로지> 수령처,비즐,,,,,1sp,블랙배저,,,힐데베르트 탈레브(ts),힐데베르트,로맨틱,,소설,Zombie_Puzzle,https://dongne.co/events/df2507/circles/146250,제30회 디. 페스타(토),Day1
인외(TV)홍보관,"테레비의좌버튼(왹), 소1장",,,,,2sp,괴담에 떨어져도 출근을 해야하는구나,"괴담에 떨어져도 출근을 해야하는구나,괴담출근,화산귀환",,브라운,김솔음X브라운,"로맨틱,섹슈얼,해당없음","브라운솔음브라운, 제강제이제강, 최요원류재관최요원, 유원하제유원","만화,일러스트,소설,공예,기타","showbizmapsosa, sojang_o",https://dongne.co/events/df2507/circles/147378,제30회 디. 페스타(토),Day1
Twinkle Summer Miracle - 포케후지 앤솔로지,포케후지 앤솔로지,,,,,2sp,우마무스메 프리티더비,,,"정글 포켓,후지 키세키",정글 포켓X후지 키세키,로맨틱,,"만화,소설",pocketxfuji,https://dongne.co/events/df2507/circles/147763,제30회 디. 페스타(토),Day1
Two Rabbits&자몽공방,rabbits,,,,,2sp,,,,,,,,공예,2rabbits,https://dongne.co/events/df2507/circles/147677,제30회 디. 페스타(토),Day1
이케돈한 un연합,동란,,,,,2sp,닌타마,"보카로,어바등,오오에",,도이 한스케,,,,,Dongran_nin_2,https://dongne.co/events/df2507/circles/146892,제30회 디. 페스타(토),Day1
오염될래 V,챠이,,,,,2sp,"데못죽,괴담출근",,,,,,,,CHA_E_moum,https://dongne.co/events/df2507/circles/147990,제30회 디. 페스타(토),Day1
츠루미극장 VIP 연석,낫,,,,,1sp,골든 카무이,,,.,,,,"일러스트,만화",natkamuy,https://dongne.co/events/df2507/circles/148016,제30회 디. 페스타(토),Day1
솔음이를 왼쪽으로 잠금 해제 VS 오른쪽으로 잠금 해제,너굴,,,,,1sp,괴담에 떨어져도 출근을 해야 하는구나,,,김솔음,김솔음X백사헌,,"브라운x김솔음(블솔) , 류재관x김솔음(재관솔음) ",,sol_gwae,https://dongne.co/events/df2507/circles/148255,제30회 디. 페스타(토),Day1
☆WELCOME TO DUEL SEKAI☆,"Pad,연전",,,,,2sp,프로젝트 세카이,유희왕5D's,,,카미시로 루이X쿠사나기 네네,로맨틱,"츠카에무,잭칼리",소설,Kira2_stst,https://dongne.co/events/df2507/circles/147334,제30회 디. 페스타(토),Day1
whale tale,머쉬,,,,,1sp,닌타마 란타로,"슬램덩크,전독시",,"젠포우지 이사쿠,서태웅,강백호",,,태웅백호,일러스트,roomshmu,https://dongne.co/events/df2507/circles/145918,제30회 디. 페스타(토),Day1
사파일짱x정파일짱,술꽃,,,,,2sp,화산귀환,,,,장일소X청명,,,,slkkok,https://dongne.co/events/df2507/circles/146223,제30회 디. 페스타(토),Day1
꽁뜨공방x수달의작업실,꽁,,,,,2sp,수공예,,,,,,,,,https://dongne.co/events/df2507/circles/147669,제30회 디. 페스타(토),Day1
좋아하는 애한테 송X이로보 줘야지,"띠띠, 적장",,,,,2sp,프로젝트 세카이,,,"카미시로 루이,텐마 츠카사",카미시로 루이X텐마 츠카사,로맨틱,,만화,"TTeeX2_prsk, JJ_goodjob",https://dongne.co/events/df2507/circles/148349,제30회 디. 페스타(토),Day1
xoxo_xoxo,구남,,,,,2sp,사카모토데이즈,케이팝데몬헌터스 슬램덩크 괴수8호,,,,,,일러스트,qnamxoxo,https://dongne.co/events/df2507/circles/145928,제30회 디. 페스타(토),Day1
푸른봄XXL세트,뭔버거,,,,,2sp,주술회전,,,"고죠 사토루,게토 스구루",고죠 사토루X게토 스구루,로맨틱,,"만화,일러스트",3vnqha,https://dongne.co/events/df2507/circles/147382,제30회 디. 페스타(토),Day1
灯x靑,"gg, 광계토스구루",,,,,2sp,주술회전,,게토고죠 쁘띠존 ROOM No. 725,"게토 스구루,고죠 사토루",게토 스구루X고죠 사토루,로맨틱,,"만화,기타",gtgjisgreat,https://dongne.co/events/df2507/circles/148046,제30회 디. 페스타(토),Day1
(제철) 장어방어 셋트 /特大   〜싯가,"graphy, 딴고",,,,,2sp,주술회전,,게토고죠 쁘띠존 ROOM No. 725,"게토 스구루,고죠 사토루",게토 스구루X고죠 사토루,"로맨틱,섹슈얼",,"만화,일러스트",,https://dongne.co/events/df2507/circles/146738,제30회 디. 페스타(토),Day1
잡식다학 (雜食多學),쎙선,,,,,4sp,이세계 착각 헌터,,,,,,,"만화,소설",FFISH_8_,https://dongne.co/events/df2507/circles/146479,제30회 디. 페스타(토),Day1
靑春花,월月,,,,,1sp,,,게토고죠 쁘띠존 ROOM No. 725,게토 스구루 고죠 사토루,,"로맨틱,섹슈얼",,,podo765,https://dongne.co/events/df2507/circles/146548,제30회 디. 페스타(토),Day1
青春Highway,다온,,,,,2sp,주술회전,,,"고죠 사토루,게토 스구루",고죠 사토루X게토 스구루,"로맨틱,섹슈얼",,"소설,기타",Da0nnthgg,https://dongne.co/events/df2507/circles/148198,제30회 디. 페스타(토),Day1
~귀신을믿기? 사신을믿기?~,데스,,,,,2sp,소울이터,,,데스더키드,소울X마카,로맨틱,,일러스트,thkiidd,https://dongne.co/events/df250702/circles/151035,제30회 디. 페스타(일),Day2
<<<헬완을믿기    완헬을믿기>>>,Ch,,,,,2sp,붕괴 스타레일,젠레스존제로,,"완매,헤르타",,,완매헤르 ,,,https://dongne.co/events/df250702/circles/150375,제30회 디. 페스타(일),Day2
<나루토 쁘띠존 : 닌자각성대란> 주최부스,나루토 쁘띠존 : 닌자각성대란,,,,,2sp,,,나루토 쁘띠존 : 닌자각성대란,,,,,,,https://dongne.co/events/df250702/circles/150849,제30회 디. 페스타(일),Day2
.,.,,,,,1sp,캐릭캐릭체인지,명탐정 코난,,,,,,,,https://dongne.co/events/df250702/circles/149884,제30회 디. 페스타(일),Day2
.,에르,,,,,2sp,가비지타임,,,"전영중,성준수",전영중X성준수,로맨틱,,일러스트,eru18831,https://dongne.co/events/df250702/circles/150764,제30회 디. 페스타(일),Day2
.,hyoma,,,,,1sp,"죠죠,용과같이","헌터헌터,피크민,태고의 달인",,,,,,일러스트,hyomakkun,https://dongne.co/events/df250702/circles/151032,제30회 디. 페스타(일),Day2
.,우노,,,,,1sp,테니스의 왕자,"블루 자이언트,dmmd,니지산지,악마집사",,,,,,"일러스트,공예",manman_hani_,https://dongne.co/events/df250702/circles/150943,제30회 디. 페스타(일),Day2
.,ㅂㄱ,,,,,1sp,,,,,,,,,,https://dongne.co/events/df250702/circles/150365,제30회 디. 페스타(일),Day2
.,도지M,,,,,2sp,페르소나,,,,,,,,,https://dongne.co/events/df250702/circles/150048,제30회 디. 페스타(일),Day2
.,죠르디,,,,,2sp,"괴담출근,아이돌리쉬세븐",,,"김솔음,백사헌,요츠바 타마키,오오사카 소고",요츠바 타마키X오오사카 소고,"섹슈얼,로맨틱",,"만화,일러스트,기타",,https://dongne.co/events/df250702/circles/150783,제30회 디. 페스타(일),Day2
냥,챠비별,,,,,2sp,,,,,,,,,,https://dongne.co/events/df250702/circles/150387,제30회 디. 페스타(일),Day2
저 팔거 많아요,EBU,,,,,2sp,나루토,"가비지타임,은혼",,"긴토키,히지카타,나루토,사스케,이타치,박병찬,최종수,전영중",,,,기타,_2BOOOO_,https://dongne.co/events/df250702/circles/150787,제30회 디. 페스타(일),Day2
흙 속의 인디고,인디고,,,,,1sp,,,,,,,,공예,digogo5220,https://dongne.co/events/df250702/circles/150068,제30회 디. 페스타(일),Day2
잘 모르는 만화 동인지 좋아하시는 분 주목,캡쑝거북,,,,,1sp,드래곤볼,아이실드 21,,"피콜로,세이부 와일드 건맨즈",,,,"만화,기타",tetsu_turtle,https://dongne.co/events/df250702/circles/151023,제30회 디. 페스타(일),Day2
무제,이도,,,,,1sp,스파이 패밀리,,,"다미안,아냐",,로맨틱,,"만화,일러스트",roido_0,https://dongne.co/events/df250702/circles/151004,제30회 디. 페스타(일),Day2
소란,소란,,,,,2sp,프로메어,괴담출근,,갈로 티모스,리오 포티아X갈로 티모스,로맨틱,,일러스트,cimrann_,https://dongne.co/events/df250702/circles/150260,제30회 디. 페스타(일),Day2
하하,하하,,,,,2sp,사카데이,,,,,,,,,https://dongne.co/events/df250702/circles/150168,제30회 디. 페스타(일),Day2
사가 한 조각,사가,,,,,2sp,,,,,,,,"기타,일러스트",ro22ng,https://dongne.co/events/df250702/circles/150060,제30회 디. 페스타(일),Day2
물을 돈 주고 사 마시는 자,밤톨,,,,,1sp,붕괴 스타레일,원신,,"단항,블레이드",단항X블레이드,"섹슈얼,로맨틱",,"만화,일러스트",banpal71,https://dongne.co/events/df250702/circles/150569,제30회 디. 페스타(일),Day2
잉특 못 하면 죽는 병 걸림,리현Rihyun,,,,,1sp,잉여특공대,데뷔 못 하면 죽는 병 걸림,,,,,,일러스트,ingteuklover,https://dongne.co/events/df250702/circles/150670,제30회 디. 페스타(일),Day2
그딴 건 내가 그려야 해,덴트,,,,,1sp,손금 읽기,,,"미쿠,테토",,,,"만화,일러스트",R8DENT,https://dongne.co/events/df250702/circles/150730,제30회 디. 페스타(일),Day2
괴담 못 하면 오염되는 병 걸림,슈니발렌,,,,,2sp,괴담출근,,,김솔음 이자헌 백사헌 제이 최요원 청동요원 호이사,,,,소설,Schneeballen04,https://dongne.co/events/df250702/circles/150814,제30회 디. 페스타(일),Day2
고기 먹고 술 마시고 오렌지 먹고 치실합시다,"우영, 말랑",,,,,2sp,어두운 바다의 등불이 되어,천관사복,,"재희,무현 / 지사,풍사",재희X무현,로맨틱,지사풍사,소설,"uyeong2198, ra___t11",https://dongne.co/events/df250702/circles/150742,제30회 디. 페스타(일),Day2
윤슬 서린 파도,파도,,,,,2sp,오리지널,어메이징 스파이더맨,,,,,,"만화,일러스트,사진,공예",tri_iustitia,https://dongne.co/events/df250702/circles/149985,제30회 디. 페스타(일),Day2
내가 퀸시 위에 서겠다,나비,,,,,1sp,블리치,나루토,,"이시다 우류,하쉬발트,버즈비",우치하 이타치X우치하 사스케,"로맨틱,섹슈얼",,만화,Dragon_jaeyong,https://dongne.co/events/df250702/circles/150883,제30회 디. 페스타(일),Day2
우리 바다 가께...,고래빵,,,,,1sp,플레이브,,,,,,,,DOLPHIN_BREAD,https://dongne.co/events/df250702/circles/150103,제30회 디. 페스타(일),Day2
볕이 드는 언덕길,쿠렌,,,,,1sp,괴담출근,"윈브레,화산귀환,고전만화",,,,,,,,https://dongne.co/events/df250702/circles/150463,제30회 디. 페스타(일),Day2
제가 과연 마감을 할 수 있을까요?,엠티,,,,,1sp,괴담출근,,,최요원,,,,일러스트,MT_empty08,https://dongne.co/events/df250702/circles/150588,제30회 디. 페스타(일),Day2
검은 머리 파뿌리 될 때까지,검청,,,,,1sp,파라라이,,,,,,,,geomcheong,https://dongne.co/events/df250702/circles/150643,제30회 디. 페스타(일),Day2
좋은 옵캌 위대한 옵캌,엔,,,,,1sp,나루토,,나루토 쁘띠존 : 닌자각성대란,"우치하 오비토,하타케 카카시",,로맨틱,,"만화,일러스트,소설",,https://dongne.co/events/df250702/circles/150821,제30회 디. 페스타(일),Day2
우리 장르 지금도 정상 영업 중,아마도이무기,,,,,1sp,엘소드,서애덕(버튜버),,"노아,라비,리티아,아인,애덕",모르페우스X셀레스티아,로맨틱,,"만화,기타",maybelmoogi,https://dongne.co/events/df250702/circles/150624,제30회 디. 페스타(일),Day2
일을 하고 얻는건 오염뿐,세이카,,,,,1sp,괴담에 떨어져도 출근을 해야 하는구나,이세계 착각 헌터,,김솔음,,,,"일러스트,기타",Saika_BlackHE,https://dongne.co/events/df250702/circles/150904,제30회 디. 페스타(일),Day2
센과 겐의 행방불명,HOON,,,,,1sp,닥터스톤,,,"이시가미 센쿠,아사기리 겐",이시가미 센쿠X아사기리 겐,"로맨틱,섹슈얼",,만화,2chanol,https://dongne.co/events/df250702/circles/150964,제30회 디. 페스타(일),Day2
이걸 내가 왜정해야되지 아무도 싱경 안쓸거아냐,셈미,,,,,2sp,앙스타,,,,,,,,,https://dongne.co/events/df250702/circles/150603,제30회 디. 페스타(일),Day2
공방 프리즘,리즈,,,,,1sp,"괴담에 떨어져도 출근을 해야하는구나,블랙배저","파이널판타지14,플레이브",,,,,,공예,,https://dongne.co/events/df250702/circles/150543,제30회 디. 페스타(일),Day2
이건 첫번째 레슨 가챠에 일희일비하지 않기,기린,,,,,1sp,명일방주,"소닉,봇치더락",,섀도우 더 헷지혹,,,,일러스트,Girin1225,https://dongne.co/events/df250702/circles/150865,제30회 디. 페스타(일),Day2
장르 여러개 먹음이,쟈가비,,,,,1sp,,,,,,,,,__hello_dear_06,https://dongne.co/events/df250702/circles/150029,제30회 디. 페스타(일),Day2
데뷔 못하면 어두운 바다의 괴담에 출근!,"플, 랜, 넛",,,,,1sp,괴담출근,"데못죽,어바등",,"김솔음,이자헌,차유진,김래빈,신해량,박무현",김솔음X이자헌,"해당없음,로맨틱","솔음자헌,유진래빈,해량무현","만화,소설","P1_P2_P3_P4, LILEIN_, H_NUT_",https://dongne.co/events/df250702/circles/150201,제30회 디. 페스타(일),Day2
부스 이름을 적어주세요.,요한,,,,,1sp,이착헌,괴담출근,,레밍,,,,소설,oui_luv0,https://dongne.co/events/df250702/circles/150928,제30회 디. 페스타(일),Day2
등골 브레이커,오레오,,,,,2sp,윈드브레이커,모브사이코,,,,,,,,https://dongne.co/events/df250702/circles/150991,제30회 디. 페스타(일),Day2
작은 오두막집,맒,,,,,1sp,브리아노의 연구소,,,브리아노,,로맨틱,,기타,Marim_3211,https://dongne.co/events/df250702/circles/150935,제30회 디. 페스타(일),Day2
짹의 레진공방,짹,,,,,1sp,1차 창작 수공예품(레진),2차 괴담에 떨어져도 출근을 해야 하는구나,,,,,,공예,dutchicrafting,https://dongne.co/events/df250702/circles/151050,제30회 디. 페스타(일),Day2
진짜 미연시와 가짜 미연시,b(시아),,,,,2sp,박앵귀,파판14,,"유키무라 치즈루,이바 하치로,유히루,카이제 오즈마,그라하티아",이바 하치로X유키무라 치즈루,로맨틱,,기타,bull_moth,https://dongne.co/events/df250702/circles/150608,제30회 디. 페스타(일),Day2
이게 된다니까?,부율,,,,,1sp,탈,사카모토데이즈,,고타야,,로맨틱,,"소설,조형",eunyul0221,https://dongne.co/events/df250702/circles/150675,제30회 디. 페스타(일),Day2
뭔가 보여드리겠습니다,뽈보,,,,,1sp,슬램덩크,,,,,"로맨틱,섹슈얼",,만화,,https://dongne.co/events/df250702/circles/150626,제30회 디. 페스타(일),Day2
나를 타루카쟈가부여된메기도라온으로때려줘그럼달까지날아갈수있어,으,,,,,1sp,페르소나,"슬로우 데미지,데빌 메이 크라이",,,,,,"일러스트,만화",gyeyongkon50782,https://dongne.co/events/df250702/circles/151025,제30회 디. 페스타(일),Day2
목표: 책상에 물건 올려두기,현월,,,,,2sp,데뷔 못 하면 죽는 병 걸림,"괴담에 떨어져도 출근을 해야 하는구나,의원 다시 살다",,,제갈린X진천희,"로맨틱,섹슈얼",,"공예,소설,일러스트,만화",Monday_moon_,https://dongne.co/events/df250702/circles/150432,제30회 디. 페스타(일),Day2
분노! 우울… 배신감!!,패트와매트,,,,,1sp,괴담출근,,,,,,,일러스트,gigigoeg,https://dongne.co/events/df250702/circles/149950,제30회 디. 페스타(일),Day2
야중/빵이,야설중독자 / 빵이,,,,,1sp,나루토,블루록,나루토 쁘띠존 : 닌자각성대란,,,해당없음,,일러스트,mekachineko,https://dongne.co/events/df250702/circles/150884,제30회 디. 페스타(일),Day2
과특열,하즈유,,,,,2sp,해즈빈 호텔,란프렌,,,,,,,,https://dongne.co/events/df250702/circles/149941,제30회 디. 페스타(일),Day2
기름솥,지정,,,,,2sp,인사반파자구계통,이합화타적백묘사존,,,낙빙하X심청추,로맨틱,,"소설,일러스트",viola_0331,https://dongne.co/events/df250702/circles/150662,제30회 디. 페스타(일),Day2
나쏭빵,나나,,,,,2sp,,,,,,,,,,https://dongne.co/events/df250702/circles/149938,제30회 디. 페스타(일),Day2
난장판,서아란,,,,,4sp,마법 명가 차남으로 살아남는 법,"세상만 구하고 은퇴하겠습니다,이세계 착각 헌터,명문고 EX급 조연의 리플레이,마법사의 약속",,루카스 르네 아스카니엔,루카스X레오나르드,로맨틱,"민재채민, 기려연, 기려스더, 의신지호, 제건신록, 오즈피가, ",,,https://dongne.co/events/df250702/circles/150086,제30회 디. 페스타(일),Day2
남씨먹,SP,,,,,1sp,괴담출근,이세계 착각 헌터,,,,,,,,https://dongne.co/events/df250702/circles/150113,제30회 디. 페스타(일),Day2
루미붐,Nenjyu,,,,,2sp,"원신,스타레일",괴담출근,,,,,,,,https://dongne.co/events/df250702/circles/149912,제30회 디. 페스타(일),Day2
리그렛,루리,,,,,2sp,"보컬로이드,프로젝트세카이,홀로라이브",,,미쿠,화성X사련,로맨틱,,일러스트,tenkei121,https://dongne.co/events/df250702/circles/149887,제30회 디. 페스타(일),Day2
사니챈,관니와도우미1호,,,,,1sp,도검난무,,,,,,,일러스트,nitosaniwa,https://dongne.co/events/df250702/circles/150003,제30회 디. 페스타(일),Day2
산호당,산호,,,,,1sp,,,,,,,,,,https://dongne.co/events/df250702/circles/150020,제30회 디. 페스타(일),Day2
새문서,에머디,,,,,2sp,명일방주,,,,,,,"만화,일러스트",emothi80,https://dongne.co/events/df250702/circles/150274,제30회 디. 페스타(일),Day2
소고별,소고별,,,,,1sp,,,,,,,,공예,,https://dongne.co/events/df250702/circles/151036,제30회 디. 페스타(일),Day2
소록도,소록,,,,,1sp,,,,,,,,,,https://dongne.co/events/df250702/circles/150092,제30회 디. 페스타(일),Day2
소요당,소요,,,,,1sp,,,,,,,,일러스트,SOYODANG_works,https://dongne.co/events/df250702/circles/149872,제30회 디. 페스타(일),Day2
아멜로,공쥬,,,,,1sp,탑로더 하트쉐이커,키링,,,,,,,amello_resin,https://dongne.co/events/df250702/circles/150390,제30회 디. 페스타(일),Day2
오박사,드여,,,,,2sp,명일방주,"포켓몬스터,스플래툰",,"쏜즈,엘리시움,아미야,라플란드,텍사스,총웨,링,슈,위,시,니엔,스펙터,글래디아,스카디,피츄,피카츄,라이츄,마빌크,마휘핑",엘리시움X쏜즈,로맨틱,,"만화,일러스트",A_T0FU_U,https://dongne.co/events/df250702/circles/151014,제30회 디. 페스타(일),Day2
응암역,짬뽕천재,,,,,1sp,,,,,,,,,,https://dongne.co/events/df250702/circles/150309,제30회 디. 페스타(일),Day2
재판소,ㅁh국no,,,,,2sp,봄이 오면 꽃이 피고,박앵귀,,"유새봄,유키무라 치즈루",,"로맨틱,섹슈얼","송조남모, 오키치즈, 등등","일러스트,기타","tkanfkdlfjqm, shangshangkk",https://dongne.co/events/df250702/circles/149961,제30회 디. 페스타(일),Day2
중국집,망망,,,,,2sp,인사반파자구계통,창작,,낙빙하,,"로맨틱,섹슈얼",,,,https://dongne.co/events/df250702/circles/150484,제30회 디. 페스타(일),Day2
키치코,키치코,,,,,2sp,,,,키치코,,,,일러스트,Kichiko____,https://dongne.co/events/df250702/circles/151056,제30회 디. 페스타(일),Day2
페건츄,tos,,,,,1sp,"페르소나,건담,버츄얼 유투버",,,"도지마 나나코,아케치 고로,아무로 레이,샤아 아즈나블,우사다 페코라,호쇼 마린",샤아 아즈나블X아무로 레이,,페코마리,만화,tosssqqq,https://dongne.co/events/df250702/circles/151037,제30회 디. 페스타(일),Day2
해달샵,시크루,,,,,4sp,원신,스타레일 화산귀환,,원신 내 50여명의 캐릭터,,,,공예,Sunmoon_shop16,https://dongne.co/events/df250702/circles/149984,제30회 디. 페스타(일),Day2
흐느적,룬시아,,,,,2sp,이착헌,전독시 괴담출근 데못죽,,김솔음 김독자 유중혁 박문대 레밍 김기려,,,중혁독자,일러스트,,https://dongne.co/events/df250702/circles/149916,제30회 디. 페스타(일),Day2
나뭇잎 위 모래 한 스푼 ,풍풍,,,,,1sp,나루토,,나루토 쁘띠존 : 닌자각성대란,하루노 사쿠라,나라 시카마루X테마리,로맨틱,우치하 사스케x하루노 사쿠라,"만화,일러스트",,https://dongne.co/events/df250702/circles/149934,제30회 디. 페스타(일),Day2
"어떻게 내 그림까지 사랑하겠어, 널 사랑한거지",밤맛바밤바,,,,,1sp,하이큐,은혼,,,,,,,i_injangi,https://dongne.co/events/df250702/circles/150477,제30회 디. 페스타(일),Day2
무리한 덕질,무리,,,,,1sp,데못죽,,,신재현,신재현X류건우,"로맨틱,섹슈얼",현제유진,,M_u_L_i_Y_a,https://dongne.co/events/df250702/circles/150265,제30회 디. 페스타(일),Day2
생크림 머핀,레민님,,,,,1sp,악입문,리제로,,,,섹슈얼,,만화,jakka993,https://dongne.co/events/df250702/circles/150284,제30회 디. 페스타(일),Day2
앙상블 페달,"少年現象, 사비",,,,,2sp,앙상블 스타즈!! Music,겁쟁이 페달,,"모리사와 치아키,신카이 카나타,사카사키 나츠메,아오바 츠무기,테시마 준타,아오야기 하지메",사카사키 나츠메X아오바 츠무기,로맨틱,"모리사와 치아키X신카이 카나타, T2","만화,소설","5_145c, miserywithakira",https://dongne.co/events/df250702/circles/150606,제30회 디. 페스타(일),Day2
주츄즈 마켓,주츄즈,,,,,1sp,주츄즈,,,주츄즈,,,,공예,juchuz,https://dongne.co/events/df250702/circles/150502,제30회 디. 페스타(일),Day2
중원과 바다,쌀토끼,,,,,1sp,원피스,"화산귀환,광마회귀",,크로커다일,도플라밍고X크로커다일,"로맨틱,섹슈얼",드림,소설,,https://dongne.co/events/df250702/circles/150001,제30회 디. 페스타(일),Day2
집으로 가자,미미,,,,,1sp,어바등,,,,,"섹슈얼,로맨틱,해당없음","해량무현, 윤예힐, 세르시온, 백호의신",소설,,https://dongne.co/events/df250702/circles/150025,제30회 디. 페스타(일),Day2
사랑은 열린 문 ,종지,,,,,2sp,데뷔못하면죽는병걸림,"무기미도,이세계착각헌터,아베무지카",,,,,,,jongjimen,https://dongne.co/events/df250702/circles/149973,제30회 디. 페스타(일),Day2
크림과 프릴 길드,털양말,,,,,1sp,,,,,,,,"공예,조형,일러스트",fluffy_yangmal,https://dongne.co/events/df250702/circles/150525,제30회 디. 페스타(일),Day2
스포츠 사이 피어난 양키,대새,,,,,1sp,윈드브레이커,블루록 망각배터리,,,,,,,daesae__2,https://dongne.co/events/df250702/circles/150973,제30회 디. 페스타(일),Day2
하지만 여름 청게를 내고 싶어,MASOIDEA,,,,,1sp,MCU,슬램덩크,,,버키X샘,로맨틱,호열백호,"만화,일러스트,소설",,https://dongne.co/events/df250702/circles/150164,제30회 디. 페스타(일),Day2
천관이 복을 내리시니 근심할 것 정말 많다.,"글차선, 태산",,,,,2sp,천관사복,,,지사 풍사,지사X풍사,로맨틱,,"만화,일러스트,기타","009931_31, HW3op",https://dongne.co/events/df250702/circles/150989,제30회 디. 페스타(일),Day2
농구도 하고 수수께끼도 풀고,티슈,,,,,1sp,게게게의 수수께끼,슬램덩크,,미즈키,,,,,,https://dongne.co/events/df250702/circles/149977,제30회 디. 페스타(일),Day2
우리집 가지 정상영업합니다,당근,,,,,1sp,괴담출근,,,"김솔음,백사헌",,"로맨틱,섹슈얼",,소설,ningin_10,https://dongne.co/events/df250702/circles/150302,제30회 디. 페스타(일),Day2
바스케 한판?,와코,,,,,1sp,가비지타임,"아이나나,도키메모gs",,,,,,,punchline0_0,https://dongne.co/events/df250702/circles/150462,제30회 디. 페스타(일),Day2
맛있는 파스타,모라,,,,,4sp,괴담 출근,,,,,,,,,https://dongne.co/events/df250702/circles/149967,제30회 디. 페스타(일),Day2
문어발 게이머,콩커피,,,,,1sp,"발더스게이트3,프롬 게임",드래곤에이지,,,,,,"일러스트,기타",coffee_bean_co,https://dongne.co/events/df250702/circles/149931,제30회 디. 페스타(일),Day2
미니미 아이들,sham,,,,,1sp,"전지적 독자 시점,내가키운 S급들,괴담에 떨어져도 출근을 해야 하는구나",,,"성현제,한유진,유중혁,김독자",,,,,Jk_sham,https://dongne.co/events/df250702/circles/150017,제30회 디. 페스타(일),Day2
사랑의 에스테,뇌비우스,,,,,1sp,죠죠의 기묘한 모험,,,,키라 요시카게X카와지리 시노부,,,,noebiuseu58438,https://dongne.co/events/df250702/circles/150667,제30회 디. 페스타(일),Day2
아이보 연구회,도담,,,,,2sp,앙상블스타즈!! 앙스타,,,,모리사와 치아키X신카이 카나타,로맨틱,,소설,apple_ofmy3y3,https://dongne.co/events/df250702/circles/150772,제30회 디. 페스타(일),Day2
오타쿠 모버실,감자탕,,,,,1sp,닌자보이란타로,유희왕,,,,,,일러스트,kamsa_tang,https://dongne.co/events/df250702/circles/150579,제30회 디. 페스타(일),Day2
오타쿠 보부상,금광,,,,,2sp,fate 시리즈,원펀맨,,"암굴왕 에드몽 당테스,후지마루 리츠카",,해당없음,"사이제노(사이타마x제노스), 마츄냐안, 샤리샤아","만화,일러스트",ArtoriaDaisuki_,https://dongne.co/events/df250702/circles/150686,제30회 디. 페스타(일),Day2
태평양 카페인,커피감자,,,,,1sp,어두운 바다의 등불이 되어,,,,신해량X박무현,,,,,https://dongne.co/events/df250702/circles/150317,제30회 디. 페스타(일),Day2
신들이 사랑한 로도스,보라,,,,,1sp,명일방주,,,,,,,소설,eye_bora,https://dongne.co/events/df250702/circles/150538,제30회 디. 페스타(일),Day2
덕질에 빠져도 마감은 해야 하는 구나,루카팡,,,,,2sp,괴담에 빠져도 출근을 해야 하는 구나,"데못죽,갑타,윈브레,사카데이",,,,,,,LUKAPANG__45,https://dongne.co/events/df250702/circles/150002,제30회 디. 페스타(일),Day2
괴담에 떨어진 진격의 리그 오브 레전드 거인,은우,,,,,2sp,"진격의 거인,리그 오브 레전드",괴담출근,,,세트X아펠리오스,로맨틱,"에루리, 최솔","만화,일러스트","E174x169, EatYourMandu, _cookie97",https://dongne.co/events/df250702/circles/150586,제30회 디. 페스타(일),Day2
닌놀에 환불이 어딨어?,돌땡이,,,,,1sp,나루토,죠죠의 기묘한 모험,나루토 쁘띠존 : 닌자각성대란,카카시 사이 7반 죠나단 디오,,,,"만화,일러스트",najadoo6,https://dongne.co/events/df250702/circles/150310,제30회 디. 페스타(일),Day2
유가네 닭갈비(원산지: 키즈키),곰딜,,,,,2sp,역전재판5,1차 창작 고양이 그림,,"유가미 카구야,유가미 진,키즈키 마리,키즈키 코코네",,,,"일러스트,공예,소설",gomdill,https://dongne.co/events/df250702/circles/150761,제30회 디. 페스타(일),Day2
데데의 탑꾸공장,"데이, 몰리",,,,,1sp,,,,,,,,"공예,기타",anotherdays_pp,https://dongne.co/events/df250702/circles/150669,제30회 디. 페스타(일),Day2
백덕수 유니버스,쥑,,,,,2sp,괴담출근,데못죽,,,,,,소설,dangu83856063,https://dongne.co/events/df250702/circles/150679,제30회 디. 페스타(일),Day2
백덕수 유니버스,소솜,,,,,2sp,데뷔 못 하면 죽는 병 걸림,앙상블 스타즈,,청려,청려X문대,로맨틱,,,_1127x1215,https://dongne.co/events/df250702/circles/150137,제30회 디. 페스타(일),Day2
영혼의 만찐두빵,PIYO,,,,,2sp,소울이터,,,"마카,소울,키드",,,,만화,Piyo_main,https://dongne.co/events/df250702/circles/151028,제30회 디. 페스타(일),Day2
해외산 부대찌개,Cooga,,,,,1sp,키타로 탄생 : 게게게의 수수께끼,"록맨,제5인격",,"미즈키,키타로의 아버지,키타로",미즈키,로맨틱,,"만화,일러스트",Cooga_01,https://dongne.co/events/df250702/circles/150139,제30회 디. 페스타(일),Day2
닌자는 어디까지 먹을 수 있어? ,기니,,,,,2sp,닌타마,,,"쿠쿠치 헤이스케,오하마 칸에몽,타케야 하치자에몽,이가사키 마고헤이",,,,,ninnintata,https://dongne.co/events/df250702/circles/150880,제30회 디. 페스타(일),Day2
아마도 정상영업 합니다,사환,,,,,2sp,화산귀환,광마회귀,,,,,,,,https://dongne.co/events/df250702/circles/150672,제30회 디. 페스타(일),Day2
괴담에 떨어져도 아이돌은 해야 하는구나,메코,,,,,2sp,"프로젝트 세카이,괴담에 떨어져도 출근은 해야 하는구나,앙상블 스타즈",,,,,,,일러스트,meko_illust,https://dongne.co/events/df250702/circles/150770,제30회 디. 페스타(일),Day2
전하는 대가리를 사랑했네.,잠탱이,,,,,2sp,,,,,,,,,,https://dongne.co/events/df250702/circles/150637,제30회 디. 페스타(일),Day2
신비한 장르연구회,J,,,,,1sp,"콜옵,오버워치","마블,슬램덩크,기타 다양한 스팀 게임",,,,,,,4tleastonforU,https://dongne.co/events/df250702/circles/150189,제30회 디. 페스타(일),Day2
혼인의 성립요건을 유전자 일치율로 대체할 순 없는 걸까,-,,,,,2sp,아이돌리쉬 세븐,,,,이즈미 미츠키X이즈미 이오리,,나나세 리쿠X쿠죠 텐,,,https://dongne.co/events/df250702/circles/150859,제30회 디. 페스타(일),Day2
얜뭐죠?,다,,,,,1sp,괴담출근,"여학교의 별,패밀리 레스토랑 가자,가비지타임",,,,,,,,https://dongne.co/events/df250702/circles/150466,제30회 디. 페스타(일),Day2
구구절절,진,,,,,2sp,"1차 창작 만화,1차 창작 스티커",캐리커쳐,,,,,,"만화,일러스트,기타",xxjjinxx,https://dongne.co/events/df250702/circles/150276,제30회 디. 페스타(일),Day2
김씨부스,KIM,,,,,1sp,,,,,,,,,,https://dongne.co/events/df250702/circles/150527,제30회 디. 페스타(일),Day2
냥냥뻔치,예지,,,,,1sp,이터널리턴,,,,,,,일러스트,,https://dongne.co/events/df250702/circles/150981,제30회 디. 페스타(일),Day2
댄싱래빗,댄싱래빗,,,,,2sp,,,,,,,,,,https://dongne.co/events/df250702/circles/150207,제30회 디. 페스타(일),Day2
덕질출근,8돈돈,,,,,1sp,괴담출근,,,김솔음,,,,일러스트,8dondon8,https://dongne.co/events/df250702/circles/150122,제30회 디. 페스타(일),Day2
도순상점,김도순,,,,,1sp,"핸드메이드 창작,문구류",,,,,,,,dosoon08080,https://dongne.co/events/df250702/circles/150729,제30회 디. 페스타(일),Day2
동코퇴근,소동/쯔코,,,,,2sp,괴담출근,"전독시,어바등",,김솔음,,,,,"ppang0_z, zco111",https://dongne.co/events/df250702/circles/150595,제30회 디. 페스타(일),Day2
되면한다,ㅎㅅ,,,,,1sp,데못죽,괴담출근,,"박문대,류건우",청려X건우,,,만화,,https://dongne.co/events/df250702/circles/149936,제30회 디. 페스타(일),Day2
두다다다,두두,,,,,2sp,앙상블스타즈,플레이브,,,,,,,DD_0404,https://dongne.co/events/df250702/circles/150394,제30회 디. 페스타(일),Day2
두부그림,두부,,,,,1sp,"1차창작,봇치더락,블루아카이브",보컬로이드,,,,,,,,https://dongne.co/events/df250702/circles/150446,제30회 디. 페스타(일),Day2
러브앤문,러브앤문,,,,,2sp,,,,,,,,공예,,https://dongne.co/events/df250702/circles/150369,제30회 디. 페스타(일),Day2
못시못시,못시,,,,,1sp,SCHOOLBOYS!歩(아유미)！,"스플래툰,오모리,헬루바보스",,"스쿨보이즈 캐릭터 일부(이토우 케이,키무라 이츠키 외 오모리,바질,스톨라스,블리츠",키무라 이츠키X이토우 케이,"로맨틱,섹슈얼","오모리x바질, 블리츠x스톨라스","만화,일러스트",baemoBU7,https://dongne.co/events/df250702/circles/150845,제30회 디. 페스타(일),Day2
미묘환담,마신혁,,,,,2sp,,,,,,,,,,https://dongne.co/events/df250702/circles/150791,제30회 디. 페스타(일),Day2
미미이모,퐁짱,,,,,1sp,앙상블스타즈,플레이브,,,,,,공예,_mimi_imo_,https://dongne.co/events/df250702/circles/150590,제30회 디. 페스타(일),Day2
바리공방,yuri1501,,,,,1sp,,,,,,,,공예,,https://dongne.co/events/df250702/circles/150507,제30회 디. 페스타(일),Day2
비터스윗,"비터, 피요",,,,,2sp,슬램덩크,괴담에 떨어져도 출근을 해야 하는구나,,송태섭,,"로맨틱,섹슈얼","태섭른, 솔음사헌 ",소설,buzzerbeater147,https://dongne.co/events/df250702/circles/150125,제30회 디. 페스타(일),Day2
쁘띠뽀짝,뽀짝쿵야,,,,,2sp,"괴담출근,이착헌,화산귀환,데못죽,플레이브","케데헌,전독시,내스급,뮤지컬 프랑켄슈타인,슬램덩크,하이큐,코난",,,,,,,BBoJJaKKyu,https://dongne.co/events/df250702/circles/150010,제30회 디. 페스타(일),Day2
사쿠라츄,ssu,,,,,2sp,앙상블스타즈,,,"츠카사,코하쿠",코하쿠X츠카사,"로맨틱,해당없음",,,sb1oo4,https://dongne.co/events/df250702/circles/151033,제30회 디. 페스타(일),Day2
상닌중닌,딸기,,,,,1sp,나루토,"주술회전,롤",나루토 쁘띠존 : 닌자각성대란,"카카시,이루카,7반",카카시X이루카,로맨틱,,,,https://dongne.co/events/df250702/circles/150033,제30회 디. 페스타(일),Day2
시식코너,43,,,,,1sp,프로젝트 세카이,,,"텐마 츠카사,카미시로 루이",텐마 츠카사X카미시로 루이,로맨틱,,"만화,일러스트,기타",,https://dongne.co/events/df250702/circles/150986,제30회 디. 페스타(일),Day2
왹왹왹꽥,다혼,,,,,1sp,이세계 착각 헌터,,,올 캐릭터,,,,일러스트,,https://dongne.co/events/df250702/circles/150259,제30회 디. 페스타(일),Day2
은민상점,은민,,,,,1sp,,,,,,,,일러스트,em913em,https://dongne.co/events/df250702/circles/150468,제30회 디. 페스타(일),Day2
전대미문,봉주,,,,,2sp,괴담출근,"보컬로이드,히프노시스마이크,사카모토데이즈,아이돌마스터 샤이니컬러즈,버튜버(니지산지),이착헌,프세카,윈브레",,"카이토,쥬시,아케타 미코토,나나쿠사 니치카,카가미 하야토 등",,,,일러스트,bngJ_77,https://dongne.co/events/df250702/circles/150261,제30회 디. 페스타(일),Day2
차칸친구,흑당,,,,,1sp,괴담에 떨어져도 출근은 해야하는구나 (괴담출근),,,,,,,,hy830207,https://dongne.co/events/df250702/circles/150281,제30회 디. 페스타(일),Day2
츈스찌개,cns,,,,,2sp,붕괴 스타레일,,,,,,,,,https://dongne.co/events/df250702/circles/150402,제30회 디. 페스타(일),Day2
킬더실버,그은,,,,,2sp,,,,,,,,공예,kil_the_silver,https://dongne.co/events/df250702/circles/150354,제30회 디. 페스타(일),Day2
해피댕이,rin,,,,,1sp,,,,,,,,,,https://dongne.co/events/df250702/circles/150531,제30회 디. 페스타(일),Day2
환상뜨락,환상뜨락,,,,,2sp,"탑로더,탑꾸",키링,,,,,,공예,Dreamy_garden,https://dongne.co/events/df250702/circles/150307,제30회 디. 페스타(일),Day2
단일메뉴 : 최솔,채,,,,,1sp,괴담출근,,,"최요원,김솔음",최요원X김솔음,로맨틱,,,t_h_e_chae,https://dongne.co/events/df250702/circles/150760,제30회 디. 페스타(일),Day2
루엘드의 부스,루엘드,,,,,1sp,괴담에 떨어져도 출근을 해야 하는구나(괴담출근),"데못죽,화산귀환,진혼기",,"김솔음,브라운,백사헌,이자헌,청명,당보,설영,자하",,,,,fndpfeb3014,https://dongne.co/events/df250702/circles/149943,제30회 디. 페스타(일),Day2
피라미드 클럽,빨머,,,,,2sp,괴담출근,원피스 봇치더락 마마마 헌헌 창작,,,,,,,redstraw77,https://dongne.co/events/df250702/circles/150018,제30회 디. 페스타(일),Day2
아낌없이 주는 나무,잼잼 / 쌈장,,,,,1sp,나루토,,나루토 쁘띠존 : 닌자각성대란,"나루토,사스케,사쿠라,사이,하시라마,마다라,토비라마,텐조,카카시,오비토,가이 +@",텐조X카카시,,,"일러스트,조형,만화","jamjam_nrt, lgehyg",https://dongne.co/events/df250702/circles/150977,제30회 디. 페스타(일),Day2
아이돌이 너무 좋아,갬져씨,,,,,1sp,앙상블스타즈,아이돌리쉬세븐,,,,,,일러스트,Gamja_siroo,https://dongne.co/events/df250702/circles/151048,제30회 디. 페스타(일),Day2
《명문고 차남 김대리는 아이돌로 살아남기》,편자,,,,,4sp,,"명급리,마차살,김아싫,망아살,진혼기",,,,,"자설,황의,엘루,",,vuswk12345,https://dongne.co/events/df250702/circles/150028,제30회 디. 페스타(일),Day2
도마뱀의 보물함,해룡,,,,,2sp,,,,,,,,"일러스트,공예,기타",tlzn01,https://dongne.co/events/df250702/circles/149914,제30회 디. 페스타(일),Day2
동그라미 작업실,동그라미,,,,,1sp,고양이,,,,,,,,dong9rami0,https://dongne.co/events/df250702/circles/150983,제30회 디. 페스타(일),Day2
우파우파 유치원,빈제,,,,,1sp,포켓몬스터,,,,,,,공예,Bin_Ze__,https://dongne.co/events/df250702/circles/150810,제30회 디. 페스타(일),Day2
패배확정 히로인,사과,,,,,1sp,잭잔느,"페르소나,칼리굴라2",,타치바나 키사,,로맨틱,,기타,bmt7q,https://dongne.co/events/df250702/circles/150353,제30회 디. 페스타(일),Day2
호밀빵의 밀수꾼,호밀,,,,,2sp,프로젝트 세카이,,,"비배스,니고,원더쇼",,,,,homilpain,https://dongne.co/events/df250702/circles/149987,제30회 디. 페스타(일),Day2
우파우파 유치원 ,빈제,,,,,1sp,포켓몬스터,,,,,,,공예,Bin_Ze__,https://dongne.co/events/df250702/circles/150811,제30회 디. 페스타(일),Day2
외계인의 맛있는 선택,금수,,,,,2sp,은혼,이세계 착각 헌터,,"히지카타,긴토키,김기려",긴토키X히지카타,로맨틱,,"만화,일러스트",,https://dongne.co/events/df250702/circles/150351,제30회 디. 페스타(일),Day2
세카이는 오늘도 원더풀*원더호이,Len8818,,,,,2sp,프로젝트 세카이,,,,카미시로 루이X텐마 츠카사,로맨틱,"네네에무,미즈에나,카나마후카나",게임,,https://dongne.co/events/df250702/circles/151058,제30회 디. 페스타(일),Day2
두근두근 커피맛 팬케이크,오굴너리,,,,,1sp,프로젝트 세카이,,,"아오야기 토우야,시노노메 아키토",아오야기 토우야X시노노메 아키토,로맨틱,,만화,Platypus_1188,https://dongne.co/events/df250702/circles/151062,제30회 디. 페스타(일),Day2
쫓겨나지 않도록 노력하자. 귀여운걸 많이 내야 해.,듀한닌자,,,,,1sp,나루토,,나루토 쁘띠존 : 닌자각성대란,"사스케,이타치,사쿠라 +@",우치하 사스케X우치하 이타치,,,"소설,일러스트,기타",,https://dongne.co/events/df250702/circles/150892,제30회 디. 페스타(일),Day2
하나사토 미노리 응원위원회,린,,,,,1sp,프로젝트 세카이,,,"하나사토 미노리,키리타니 하루카,모모이 아이리,히노모리 시즈쿠",,,,"일러스트,기타",RyNE_0303,https://dongne.co/events/df250702/circles/150984,제30회 디. 페스타(일),Day2
용서해라 사스케..형제부스다..,우레,,,,,2sp,나루토,,나루토 쁘띠존 : 닌자각성대란,"이타치,사스케",우치하 이타치X우치하 사스케,해당없음,우치하사스케X우치하이타치,"만화,기타",i_want_plz__,https://dongne.co/events/df250702/circles/150932,제30회 디. 페스타(일),Day2
극악무도 무기미도,제로투원,,,,,1sp,무기미도,거침없이 하이킥,,,,,,,atthe0to1,https://dongne.co/events/df250702/circles/150591,제30회 디. 페스타(일),Day2
마법소녀 레레빠빠,레레빠빠,,,,,1sp,오리지널,,,레레,우지가와 슈X카라스마 레이지,"로맨틱,섹슈얼",,"만화,일러스트",lelebbabba,https://dongne.co/events/df250702/circles/150064,제30회 디. 페스타(일),Day2
신속배달 보카반점,런치,,,,,2sp,보컬로이드,"니지산지,히카고,팬스가,소울이터",,,,,,일러스트,"xx_betti, manndutennsei, LUN_CH_",https://dongne.co/events/df250702/circles/150483,제30회 디. 페스타(일),Day2
연중무휴 동성애쇼,"깅, 지리, 믱, 후루츄",,,,,2sp,프로젝트 세카이,,,"쿠사나기 네네,오오토리 에무,카미시로 루이,텐마 츠카사",쿠사나기 네네X오오토리 에무,로맨틱,루이츠카,"만화,일러스트","nel_kim_, JIRIjiri_418, muing_pix, HuruChu_s2",https://dongne.co/events/df250702/circles/151011,제30회 디. 페스타(일),Day2
연중무휴 동성애쇼,"말비당, 과소비, 웨루, 나루",,,,,2sp,프로젝트 세카이,,,"카미시로 루이,텐마 츠카사,쿠사나기 네네,오오토리 에무",카미시로 루이X텐마 츠카사,로맨틱,네네에무,"만화,일러스트","dried_carrot, kwasobi_W, WheLooloong, Na_4Ru2",https://dongne.co/events/df250702/circles/150795,제30회 디. 페스타(일),Day2
스텔방주 프론티어 ,바다,,,,,1sp,"명일방주,스텔라이브,페르소나",,,"스텔라이브멤버,주3",,,,"일러스트,기타",,https://dongne.co/events/df250702/circles/150926,제30회 디. 페스타(일),Day2
동양판소 세계관에 떨어진 서양판소 부스,시오,,,,,1sp,블랙배저,문송안함,,힐데베르트,,"로맨틱,섹슈얼",,"만화,일러스트,소설",dankixio,https://dongne.co/events/df250702/circles/150358,제30회 디. 페스타(일),Day2
세카이에 떨어져도 출근하는 팰리스 착각 헌터,"우편, 묘롱, 무무",,,,,1sp,"괴담출근,프로젝트 세카이","페르소나5,이세계 착각 헌터",,,,,NCP,,"W_2557, ryum_PSK, JP_inM",https://dongne.co/events/df250702/circles/150112,제30회 디. 페스타(일),Day2
몽환상점 상천정지점,쿤,,,,,2sp,천관사복,,,,,,,,,https://dongne.co/events/df250702/circles/150108,제30회 디. 페스타(일),Day2
요철대회 듀얼리스트,목캔디맛 민트,,,,,1sp,"유희왕(GX/5Ds/Zexal),요철세계",모리멘스,,캐릭터 전반 (올캐러),미자엘X텐조 카이토,로맨틱,,"일러스트,만화,공예",MokMintLuvAOTU,https://dongne.co/events/df250702/circles/150802,제30회 디. 페스타(일),Day2
요거라도 들고왔어요...,구스,,,,,1sp,,,,,,,,,,https://dongne.co/events/df250702/circles/150512,제30회 디. 페스타(일),Day2
남편인데 아내이기까지,배추도사,,,,,1sp,앙상블스타즈!!,,,,쿠로X케이토,로맨틱,,"만화,일러스트,기타",,https://dongne.co/events/df250702/circles/151052,제30회 디. 페스타(일),Day2
"하나둘셋, 페르소나블랙배저 파이팅!",일리,,,,,2sp,"블랙배저,페르소나3,페르소나5",,,"최윤,힐데베르트,페르소나 올캐",최윤X힐데베르트,로맨틱,,일러스트,ill1lli1li,https://dongne.co/events/df250702/circles/150219,제30회 디. 페스타(일),Day2
브아앗슈! 여기가 낙원이다!!,수키,,,,,1sp,트라이건,,,밧슈,,"로맨틱,섹슈얼","울프우드, 밧슈",일러스트,Hushuki_0v0,https://dongne.co/events/df250702/circles/150861,제30회 디. 페스타(일),Day2
느껴지지? 리듬속반짝임,장강,,,,,2sp,king of prism (킹프리),,,"코우가미 타이가,쥬오인 카케루",코우가미 타이가X쥬오인 카케루,로맨틱,,"만화,일러스트",Yangtze7_,https://dongne.co/events/df250702/circles/150785,제30회 디. 페스타(일),Day2
중얼중얼..,오지,,,,,2sp,,,,,,,,,,https://dongne.co/events/df250702/circles/149978,제30회 디. 페스타(일),Day2
경단공작소,능이,,,,,2sp,붕괴스타레일,,,,경원X단항,,,,,https://dongne.co/events/df250702/circles/149917,제30회 디. 페스타(일),Day2
경단보급소,휴,,,,,2sp,붕괴:스타레일,,,"경원,단항",경원X단항,로맨틱,,"만화,소설",,https://dongne.co/events/df250702/circles/150279,제30회 디. 페스타(일),Day2
그렇게됐다,남고명수,,,,,2sp,가비지타임,"사카데이,닌타마",,,,,,"만화,일러스트",SkIvtt9zP8Fyyu2,https://dongne.co/events/df250702/circles/150474,제30회 디. 페스타(일),Day2
그뭔씹사건,경채,,,,,1sp,"단간론파,페르소나4",음성합성엔진,,"오마 코키치,사이하라 슈이치",,"해당없음,로맨틱",주인공×하나무라 요스케,"일러스트,만화",L__cheong_,https://dongne.co/events/df250702/circles/150735,제30회 디. 페스타(일),Day2
나방뿌리기,이리,,,,,1sp,화산귀환,,,"청명,당보,소소,이설",,,,,2eeeeeeee2,https://dongne.co/events/df250702/circles/150475,제30회 디. 페스타(일),Day2
나방입양처,청우,,,,,1sp,,,,,,,,,,https://dongne.co/events/df250702/circles/150476,제30회 디. 페스타(일),Day2
도토리곳간,강하,,,,,2sp,괴담출근,"전독시,데못죽",,,,,,,ganghaGAH,https://dongne.co/events/df250702/circles/149947,제30회 디. 페스타(일),Day2
딸기케이크,온처,,,,,1sp,,,,,,,,,,https://dongne.co/events/df250702/circles/150090,제30회 디. 페스타(일),Day2
롬다롬다롬,도람,,,,,2sp,포켓몬,스플래툰 프리큐어 앙스타,,,,,,,doramdarom,https://dongne.co/events/df250702/circles/150043,제30회 디. 페스타(일),Day2
매화온더락,아연,,,,,2sp,화산귀환,,,"청명,당보,당소소,백천,청문 등",,,,일러스트,ayaykay_0808,https://dongne.co/events/df250702/circles/150887,제30회 디. 페스타(일),Day2
사이다☆별,자몽,,,,,1sp,괴담에 떨어져도 출근을 해야 하는구나,명문고 EX급 조연의 리플레이 / 데뷔 못하면 죽는 병에 걸림,,명급리 조의신 괴담출근 김솔음,,,,일러스트,_zm42da,https://dongne.co/events/df250702/circles/149965,제30회 디. 페스타(일),Day2
재관난리국,염,,,,,2sp,괴담에 떨어져도 출근을 해야 하는구나,,,"김솔음,이자헌,J3,최요원,류재관 등",,,,일러스트,YUM_606,https://dongne.co/events/df250702/circles/150602,제30회 디. 페스타(일),Day2
재난관리국,해달,,,,,1sp,괴담출근,문송안함,,,,,,공예,haedal_stopwork,https://dongne.co/events/df250702/circles/150300,제30회 디. 페스타(일),Day2
조립식소녀,뽀레,,,,,2sp,,"보석의 나라,마법소녀 마도카 마기카",,,,,,일러스트,"CUSTOMGIRLS_KIT, Mono_mon__",https://dongne.co/events/df250702/circles/151057,제30회 디. 페스타(일),Day2
진티엔리밍,kje1213114,,,,,4sp,,,,,,,,,,https://dongne.co/events/df250702/circles/150413,제30회 디. 페스타(일),Day2
천연기념물,천연,,,,,1sp,유희왕,붕괴스타레일,,"무토 유우기,선데이 스텔레 그 외",,"로맨틱,섹슈얼",,"만화,기타",mikknag_gyul,https://dongne.co/events/df250702/circles/150879,제30회 디. 페스타(일),Day2
출근은괴담,레기,,,,,2sp,,,,,,,,,,https://dongne.co/events/df250702/circles/150612,제30회 디. 페스타(일),Day2
칼국수먹자,칼국수,,,,,1sp,니지산지,,,니지산지 히어로즈,,,,"일러스트,만화",KGSotk,https://dongne.co/events/df250702/circles/150182,제30회 디. 페스타(일),Day2
코리아닌자,무로,,,,,1sp,나루토,,나루토 쁘띠존 : 닌자각성대란,나루토,,로맨틱,오비카카,"만화,일러스트",,https://dongne.co/events/df250702/circles/150829,제30회 디. 페스타(일),Day2
팝콘팝니다,굿게,,,,,2sp,"괴담에떨어져도출근을해야하는구나,내가키운s급들,가비지타임",,,"김솔음,최요원,성현제,한유진",최요원X김솔음,해당없음,,일러스트,_ellllk,https://dongne.co/events/df250702/circles/150012,제30회 디. 페스타(일),Day2
해내야한다,.,,,,,2sp,"천지해,히프노시스마이크",,,,,,,"만화,기타",,https://dongne.co/events/df250702/circles/150872,제30회 디. 페스타(일),Day2
츄리플악셀 ,체리,,,,,1sp,메달리스트,"이착헌,망각 배터리착헌,망각 배터리",,,아케우라지 츠카사X요다카 쥰,로맨틱,,"공예,소설",,https://dongne.co/events/df250702/circles/150242,제30회 디. 페스타(일),Day2
백년호합탕 한 사발 어떠신가요,콩 / 흑물돼지 ,,,,,2sp,천관사복,인사반파자구계통 / 마도조사 / 이화합타적백묘사존,,화련,,,빙추 / 망무 / 막상 / 연만,기타,"kong_mdzs, m1zubuta",https://dongne.co/events/df250702/circles/150563,제30회 디. 페스타(일),Day2
모든걸먹는 사람,김깨모,,,,,1sp,가히리,악입문 명급리,,"츠나,고쿠데라,야마모토,이루마,오페라,조의신",,,,"만화,소설",kim_ggemo,https://dongne.co/events/df250702/circles/150611,제30회 디. 페스타(일),Day2
스네이프는 죽지 않는다 다만 과로할 뿐이다,설탕몰,,,,,2sp,해리포터,,,세베루스 스네이프,,,,"소설,영상",_morm0r,https://dongne.co/events/df250702/circles/150339,제30회 디. 페스타(일),Day2
"빅뱅버거를 먹어, 아니면 죽든지","엉싸, 장마",,,,,2sp,페르소나 5,페르소나 4,,올캐러,,해당없음,,일러스트,"Hipnosaurus1, rainy1465",https://dongne.co/events/df250702/circles/150896,제30회 디. 페스타(일),Day2
나루토마을 산악회,도마도,,,,,2sp,나루토,"주술회전,은혼",나루토 쁘띠존 : 닌자각성대란,나루토,,,,일러스트,,https://dongne.co/events/df250702/circles/150243,제30회 디. 페스타(일),Day2
타르타로스 등반회,예쓰스트레스,,,,,1sp,페르소나,,,All,,,,기타,YessStress,https://dongne.co/events/df250702/circles/150948,제30회 디. 페스타(일),Day2
화산포목점 삐아체레,삐아체레,,,,,2sp,화산귀환,,,,,,,"공예,일러스트",Piacere_S2,https://dongne.co/events/df250702/circles/150269,제30회 디. 페스타(일),Day2
하시마다는 공식이라서 씨피표기안햇는데요?,국,,,,,2sp,나루토,헌터헌터,나루토 쁘띠존 : 닌자각성대란,"센쥬 하시라마,센쥬 토비라마,우치하 마다라,우치하 이즈나",,해당없음,하시라마×토비라마 ,만화,mob4ycho,https://dongne.co/events/df250702/circles/150629,제30회 디. 페스타(일),Day2
엋건할래요?,티카인가요,,,,,1sp,데뷔못하면죽는병걸림,,,"청려,류건우",청려X류건우,로맨틱,,소설,TICA_CHRAPPLE,https://dongne.co/events/df250702/circles/150095,제30회 디. 페스타(일),Day2
몬코몬코몬코,살몬,,,,,2sp,죠죠,데레마스,,,,,,,sal_mon_mon,https://dongne.co/events/df250702/circles/150209,제30회 디. 페스타(일),Day2
봄봄스튜디오,아사,,,,,1sp,괴담에 떨어져도 출근을 해야 하는구나,,,,,,,,,https://dongne.co/events/df250702/circles/150057,제30회 디. 페스타(일),Day2
봄봄스튜디오,아사,,,,,1sp,괴담에 떨어져도 출근을 해야 하는구나,,,,,,,,,https://dongne.co/events/df250702/circles/150058,제30회 디. 페스타(일),Day2
연성게글부스,연성게,,,,,1sp,마법명가 차남으로 살아남는 법,동경과 거짓말,,,,,,소설,im_for_me__,https://dongne.co/events/df250702/circles/150619,제30회 디. 페스타(일),Day2
용드브레이커,"taigaisright, 윳",,,,,1sp,"용과같이,윈드브레이커","블루록,저지아이즈,로스트저지먼트",,,,,,"만화,일러스트,사진,공예","taigaisright, michira221",https://dongne.co/events/df250702/circles/151065,제30회 디. 페스타(일),Day2
청춘어머니회,켘이,,,,,4sp,나루토,,나루토 쁘띠존 : 닌자각성대란,"나루토,가아라,록 리,휴우가 네지,텐텐,마이트 가이,하타케 카카시",하타케 카카시X마이트 가이,로맨틱,"마이트 가이×하타케 카카시, 가아라×록리, 록리×텐텐","만화,일러스트,소설",kek423,https://dongne.co/events/df250702/circles/150885,제30회 디. 페스타(일),Day2
하이랄계란찜,bigegg526,,,,,2sp,젤다의전설,포켓몬스터,,"링크,젤다",,"로맨틱,섹슈얼",,,Big_egg526,https://dongne.co/events/df250702/circles/150996,제30회 디. 페스타(일),Day2
다이아몬드의 청춘,baby,,,,,2sp,다이아몬드 에이스,"하이큐,원피스,오오후리,다이아몬드의 공죄",,사와무라 에이준,,로맨틱,,일러스트,Baby_Chuu_u_u,https://dongne.co/events/df250702/circles/150063,제30회 디. 페스타(일),Day2
화이트샌드의 음합엔,선인장,,,,,1sp,무기미도,"보컬로이드,S급 짐꾼의 슬기로운 성좌 사냥 생활",,,랭글리X국장(여),로맨틱,,"소설,일러스트,조형",Cactus_line,https://dongne.co/events/df250702/circles/150516,제30회 디. 페스타(일),Day2
가이카카가이 기업부스,계피맛사탕,,,,,2sp,나루토,,나루토 쁘띠존 : 닌자각성대란,"가이,카카시",카카시X가이,"로맨틱,섹슈얼",가이x카카시,,xxRyu_Bo,https://dongne.co/events/df250702/circles/150312,제30회 디. 페스타(일),Day2
데한민국에서 아이돌을 좋아함,나기,,,,,2sp,괴담출근 이착헌 데못죽,,,,,,,,,https://dongne.co/events/df250702/circles/150295,제30회 디. 페스타(일),Day2
가짜가족위원회,하지,,,,,2sp,페이트fate 시리즈,"사카모토데이즈,페르소나",,코토미네 키레이,,,,,,https://dongne.co/events/df250702/circles/150071,제30회 디. 페스타(일),Day2
달콤한일러스트,iamyunji,,,,,2sp,모모찌,,,모모찌,,,,일러스트,iamyunji,https://dongne.co/events/df250702/circles/150192,제30회 디. 페스타(일),Day2
르블랑카레도둑,고봉밥,,,,,1sp,페르소나 5,,,,,,,만화,gobongbap0,https://dongne.co/events/df250702/circles/150778,제30회 디. 페스타(일),Day2
무지개배구괴담,틸스틸,,,,,1sp,괴담출근,"니지산지,하이큐",,,,,,"일러스트,공예",until_stil,https://dongne.co/events/df250702/circles/151039,제30회 디. 페스타(일),Day2
사익광고협의회,독독,,,,,1sp,오오에,,,,오오사키X신바시,로맨틱,,만화,dokdok_sumnol,https://dongne.co/events/df250702/circles/150245,제30회 디. 페스타(일),Day2
신슈소바연구회,깨알,,,,,2sp,가비지타임,명탐정 코난,,,,,칸타카,,,https://dongne.co/events/df250702/circles/150340,제30회 디. 페스타(일),Day2
아이보는위험해,딩,,,,,1sp,프로젝트세카이,,,아오야기 토우야 시노노메 아키토,아오야기 토우야X시노노메 아키토,로맨틱,,"일러스트,만화",ding_touaki,https://dongne.co/events/df250702/circles/150704,제30회 디. 페스타(일),Day2
인튜어스지박령,헛둘,,,,,1sp,,,,,,,,만화,,https://dongne.co/events/df250702/circles/150026,제30회 디. 페스타(일),Day2
조각조각땃땃다,센,,,,,1sp,"TRPG,COC,DnD",,,,,,,"공예,기타",commu1996,https://dongne.co/events/df250702/circles/150805,제30회 디. 페스타(일),Day2
진짜팔거많아요,젤리,,,,,2sp,가비지타임,이착헌,,,,로맨틱,준수재유,,Jelly__2222,https://dongne.co/events/df250702/circles/150673,제30회 디. 페스타(일),Day2
허구역사연구회,콘,,,,,1sp,붕괴스타레일,플레이브,,,,,,,,https://dongne.co/events/df250702/circles/149896,제30회 디. 페스타(일),Day2
효도장려위원회,효녀,,,,,1sp,붕괴:스타레일,블루아카이브,,"카프카,히메코",카프카X히메코,,,"만화,기타",omegiricecake,https://dongne.co/events/df250702/circles/150979,제30회 디. 페스타(일),Day2
백일몽주식회사 인사관리팀,9999,,,,,2sp,괴담에 떨어져도 출근을 해야 하는구나,괴담출근,,김솔음,,,,,_9_999,https://dongne.co/events/df250702/circles/150083,제30회 디. 페스타(일),Day2
남녀연애자유선언,은여,,,,,1sp,,,,,,,,,,https://dongne.co/events/df250702/circles/149876,제30회 디. 페스타(일),Day2
말랑뽀작우유식빵,아노센,,,,,2sp,스타레일,원신,,,,,,,dkshtps,https://dongne.co/events/df250702/circles/149890,제30회 디. 페스타(일),Day2
아무것도아닙니다,느적 ,,,,,2sp,앙스타,,,,,,,일러스트,hnuunz,https://dongne.co/events/df250702/circles/150604,제30회 디. 페스타(일),Day2
《마이원앤온리》 :천하제일삿날대회-'치도리'랑 '나선환' 새끼치기를 시작으로 이삿날 밥상에 사랑이 넘쳐흐릅니다?!,둥자,,,,,1sp,나루토,,나루토 쁘띠존 : 닌자각성대란,"우치하 사스케,우즈마키 나루토",우치하 사스케X우즈마키 나루토,로맨틱,,"만화,소설",rodo_617,https://dongne.co/events/df250702/circles/150995,제30회 디. 페스타(일),Day2
초자연재난관리국 화분 관리팀,우니,,,,,2sp,괴담에 떨어져도 출근을 해야하는구나,"가비지타임,내가 키운 S급들",,"최요원,김솔음",,로맨틱,"내가 키운S급들 성현제x한유진, 가비지타임 최종수x기상호",일러스트,offssoi,https://dongne.co/events/df250702/circles/150291,제30회 디. 페스타(일),Day2
바리바리바리바리 조니스조니스,굼밤,,,,,1sp,금색의 갓슈,오버워치,,바리,,,,"만화,일러스트",gumbam_0_0,https://dongne.co/events/df250702/circles/150082,제30회 디. 페스타(일),Day2
레인보우오무라이스,포피,,,,,1sp,,,,,,,,,,https://dongne.co/events/df250702/circles/150625,제30회 디. 페스타(일),Day2
붙지마그림체옮잖아,"헤구리, 꽃밭",,,,,2sp,"페이트/그랜드 오더,썬더일레븐 go",,,"로마니 아키만,나노바나 키나코",,,,"일러스트,만화",songheagul1,https://dongne.co/events/df250702/circles/150798,제30회 디. 페스타(일),Day2
몇십년전통창립게장집,가재는게장,,,,,1sp,나루토,,나루토 쁘띠존 : 닌자각성대란,하시라마 마다라 토비라마 이즈나,토비라마X이즈나,"로맨틱,섹슈얼",,소설,nin_gaza,https://dongne.co/events/df250702/circles/150631,제30회 디. 페스타(일),Day2
아씌기분이다페르소나,공,,,,,1sp,페르소나,,,아케치 고로,,로맨틱,,"소설,일러스트",SP__Zleda,https://dongne.co/events/df250702/circles/151009,제30회 디. 페스타(일),Day2
대설부흥위원회한국지부,사하라,,,,,1sp,블루자이언트,,,"다이,유키노리",다이X유키노리,"로맨틱,섹슈얼",,일러스트,S_H_R_aaa,https://dongne.co/events/df250702/circles/150965,제30회 디. 페스타(일),Day2
르동화이트의개넓은부스,"용왕, 이라",,,,,2sp,오오에,,,"오오사키,시즈마",오오사키X시즈마,,"오오신, 오오타케","만화,소설","_DRAG0NKING, myeonglyunjins4",https://dongne.co/events/df250702/circles/150190,제30회 디. 페스타(일),Day2
장르는달라도마음은하나,은방울꽃,,,,,2sp,프로젝트 세카이,"포켓몬스터,소녀전선 뉴럴 클라우드",,,시노노메 에나X아사히나 마후유,해당없음,에나마후,"일러스트,만화,기타",1030_1210_,https://dongne.co/events/df250702/circles/150248,제30회 디. 페스타(일),Day2
제가마감에성공했을까요?,해먕,,,,,2sp,이세계 착각 헌터,괴담에 떨어져도 출근을 해야 하는구나,,"강창호,김기려",강창호X김기려,"로맨틱,섹슈얼","자헌솔음, 제이솔음","만화,기타",Hae_myang,https://dongne.co/events/df250702/circles/150907,제30회 디. 페스타(일),Day2
방위대원못하면죽는병걸림,미아,,,,,2sp,"데못죽,괴수 8호",,,나루미 호시나 유진 래빈,나루미X호시나,로맨틱,유진래빈,만화,saladjoa__,https://dongne.co/events/df250702/circles/150695,제30회 디. 페스타(일),Day2
열정청년의마약바른라이브,하나,,,,,1sp,파라라이,,,,,,,,_hanapara,https://dongne.co/events/df250702/circles/150940,제30회 디. 페스타(일),Day2
히프노시스오오에브레이커,고노스게,,,,,2sp,히프노시스마이크,오오에 윈브레,,,,,,,,https://dongne.co/events/df250702/circles/149918,제30회 디. 페스타(일),Day2
그랜드삼국지최애타컾체이스,찟,,,,,2sp,지크프리트x파에톤(1차 커플),"그랜드체이스,삼국지등",,파에톤,,로맨틱,"디오지크, 손책주유",소설,zziiz_,https://dongne.co/events/df250702/circles/150676,제30회 디. 페스타(일),Day2
나의프로젝트세카이포켓몬스테이지아카데미아,떼,,,,,2sp,"프로젝트 세카이,나의 히어로 아카데미아,포켓몬",철권 등등,,,,,,,vb_tte,https://dongne.co/events/df250702/circles/151024,제30회 디. 페스타(일),Day2
가라오케갔다가사이키쿠스오를봤는데은혼일수도있는거임?부스도?,모짜 / 만만이,,,,,2sp,"가라오케가자,파미레스가자,사이키쿠스오의재난,은혼,닌타마",1차창작굿즈,,,,,,,"azzzomm, manman_ouo",https://dongne.co/events/df250702/circles/151001,제30회 디. 페스타(일),Day2
현재 밸런스팀 다 짤라주세요 [0],에바님,,,,,2sp,엘소드,,,,,,,,,https://dongne.co/events/df250702/circles/149908,제30회 디. 페스타(일),Day2
1인시위,한결,,,,,1sp,슬램덩크,트랜스포머,,정우성,정우성X최동오,,,소설,eldtree,https://dongne.co/events/df250702/circles/150775,제30회 디. 페스타(일),Day2
10회말역전만루홈런,.,,,,,1sp,MCU,,,,버키 반즈X샘 윌슨,"로맨틱,섹슈얼",,"만화,일러스트",,https://dongne.co/events/df250702/circles/150101,제30회 디. 페스타(일),Day2
107,**,,,,,1sp,,,,,,,,,,https://dongne.co/events/df250702/circles/150045,제30회 디. 페스타(일),Day2
16,팍종필,,,,,2sp,스타트렉,전독시,,,,,,"만화,일러스트",10000dala,https://dongne.co/events/df250702/circles/149942,제30회 디. 페스타(일),Day2
우리가남이가2,평생마네쟈하겠다는피의연합,,,,,1sp,아이돌리쉬세븐,,,"TRIGGER(야오토메 가쿠,쿠죠 텐,츠나시 류노스케)",,,,"소설,만화",laebhee,https://dongne.co/events/df250702/circles/150479,제30회 디. 페스타(일),Day2
21세기 동인은 물물교환만 받습니다.,빨간단추,,,,,2sp,괴담출근,,,최요원,,,,일러스트,,https://dongne.co/events/df250702/circles/150123,제30회 디. 페스타(일),Day2
30년 전 장르로 부스 내는 사람이 있다?,뀰,,,,,1sp,퇴마록,,,"장호법,서교주,박신부",,,,"소설,기타",pud_ding_lover,https://dongne.co/events/df250702/circles/150801,제30회 디. 페스타(일),Day2
화요퀴즈쇼 회전문관객 넘버456879,아레카야자,,,,,2sp,괴담에 떨여져도 출근을 해야 하는구나,,,"브라운,김솔음",,"로맨틱,섹슈얼",,"만화,일러스트,소설",ARECA_palm_,https://dongne.co/events/df250702/circles/149869,제30회 디. 페스타(일),Day2
뉴 에리두 책방 6단지점,듀콩,,,,,1sp,젠레스 존 제로,,,"벨(로프꾼),엘렌 조",벨X엘렌,로맨틱,,소설,,https://dongne.co/events/df250702/circles/150987,제30회 디. 페스타(일),Day2
누가 71억을 준다고 하면 받아,숯불구이,,,,,2sp,이세계착각헌터,,,강창호 김기려 레밍,강창호X김기려,,,소설,souffle_roast,https://dongne.co/events/df250702/circles/150967,제30회 디. 페스타(일),Day2
창려보다 소중한 것은 71억 입니다,숯불구이,,,,,2sp,이세계착각헌터,,,"레밍,강창호,김기려",강창호X김기려,,,소설,souffle_roast,https://dongne.co/events/df250702/circles/150968,제30회 디. 페스타(일),Day2
★7디페(일) 괴출&괴8,벨로,,,,,1sp,괴담출근,괴수8호,,,,,,만화,Kurobina_win,https://dongne.co/events/df250702/circles/150258,제30회 디. 페스타(일),Day2
87세마다라할아버지인생최후의되치기,육회선인,,,,,1sp,나루토,,나루토 쁘띠존 : 닌자각성대란,"마다라,오비토 그 외 이것저것",,,,,6_hwe,https://dongne.co/events/df250702/circles/150051,제30회 디. 페스타(일),Day2
87세유부녀할아버지인생최후의끌어치기,부녀유 / 이온,,,,,2sp,가비지타임,,,"기상호,박병찬,최종수,성준수,전영중",기상호X박병찬,로맨틱,"최종수X박병찬, 성준수X전영중","일러스트,소설","iwaejin6, ionblue",https://dongne.co/events/df250702/circles/150409,제30회 디. 페스타(일),Day2
Bocal♡Loid,삼사,,,,,1sp,보컬로이드,사사키와 미야노,,,,,,,samsap_,https://dongne.co/events/df250702/circles/151006,제30회 디. 페스타(일),Day2
오리지늄 C세포,HYUN,,,,,2sp,명일방주,"사이퍼즈,길티기어",,올캐릭터,,,,일러스트,KJ3R4G,https://dongne.co/events/df250702/circles/150664,제30회 디. 페스타(일),Day2
관측하는 순간 고정되는 CP,GBI,,,,,2sp,괴담에 떨어져도 출근을 해야 하는구나,,,,,,,,,https://dongne.co/events/df250702/circles/150349,제30회 디. 페스타(일),Day2
Dear,쏴,,,,,1sp,,,,,,,,"일러스트,기타",2esua,https://dongne.co/events/df250702/circles/150267,제30회 디. 페스타(일),Day2
dewflow,joy,,,,,1sp,sea,flower,,,,,,,dewflow_,https://dongne.co/events/df250702/circles/150816,제30회 디. 페스타(일),Day2
dffdfdfddf,사금,,,,,2sp,1차,,,,,,,,,https://dongne.co/events/df250702/circles/149903,제30회 디. 페스타(일),Day2
dreampapel,나비아,,,,,1sp,프로젝트세카이,"프로세카,프세카",,,,,,일러스트,nabeia0,https://dongne.co/events/df250702/circles/149953,제30회 디. 페스타(일),Day2
Entry,둡댑,,,,,2sp,포켓몬스터,헌터헌터,,,,,,일러스트,,https://dongne.co/events/df250702/circles/150506,제30회 디. 페스타(일),Day2
이세계 마법명가 EX급 조연으로 출근하는 법.,은비,,,,,2sp,"괴담에 떨어져도 출근을 해야 하는구나,괴담출근,괴출","괴담출근,이착헌,명급리,마차살",,,,,,,,https://dongne.co/events/df250702/circles/150078,제30회 디. 페스타(일),Day2
GROUND ZERO,그로제,,,,,4sp,소닉 더 헤지혹 시리즈,록맨 시리즈,,"소닉 더 헤지혹,에이미 로즈,크림 더 래빗,에멜,터보맨,퀵맨,포르테,롤,록맨",소닉 더 헤지혹X에이미 로즈,"로맨틱,해당없음","에멜크림, 터보퀵, 롤포르테","소설,일러스트,기타",_0723_1204,https://dongne.co/events/df250702/circles/150147,제30회 디. 페스타(일),Day2
GYURI,김규리,,,,,1sp,"디지몬,하이큐",,,,,,,,,https://dongne.co/events/df250702/circles/149960,제30회 디. 페스타(일),Day2
Let's 창호기려,피리아,,,,,1sp,이세계 착각 헌터,괴담에 떨어져도 출근을 해야 하는구나,,"강창호,김기려",강창호X김기려,로맨틱,,,my_moist_alien,https://dongne.co/events/df250702/circles/150166,제30회 디. 페스타(일),Day2
Lium~락~최애는 많을수록 좋다 ,라꾸라꾸,,,,,1sp,페르소나,스플래툰,,페르소나3 주인공,4주인공X3주인공,로맨틱,,"만화,소설,공예,조형,기타",RKRK_LIUM,https://dongne.co/events/df250702/circles/150185,제30회 디. 페스타(일),Day2
LOVE 12000%,빵,,,,,1sp,프로젝트 세카이,,,"츠카사,루이",텐마 츠카사X카미시로 루이,로맨틱,,"만화,일러스트",,https://dongne.co/events/df250702/circles/150528,제30회 디. 페스타(일),Day2
Lovely Mix,Lovely Mix,,,,,1sp,괴담출근,"화산귀환,전독시,내스급,데못죽",,,,,,,LovelyMix_,https://dongne.co/events/df250702/circles/150097,제30회 디. 페스타(일),Day2
N잡사무소,아르테,,,,,1sp,아이돌 마스터,,,"샤니마스,밀리마스,학원마스 아이돌",,,,"게임,만화,일러스트,음반",Arte_2532,https://dongne.co/events/df250702/circles/151063,제30회 디. 페스타(일),Day2
낭만파문전사 :: NCP나오면터지는부스,미믹 / 죠참,,,,,2sp,죠죠의 기묘한 모험,,,죠죠,죠죠,로맨틱,디오죠나 / 승죠세 시죠세 기둥죠세 ...죠셉른,"만화,일러스트","what_12_9oing, jocham736675",https://dongne.co/events/df250702/circles/150946,제30회 디. 페스타(일),Day2
Pink Ocean,DORAE,,,,,2sp,,,,,,,,,dorae_s,https://dongne.co/events/df250702/circles/150053,제30회 디. 페스타(일),Day2
POR,POR,,,,,2sp,"프로젝트 세카이,붕괴 스타레일",엘소드,,올캐릭터,,,,일러스트,_POR_TT,https://dongne.co/events/df250702/circles/150393,제30회 디. 페스타(일),Day2
Qterw-A-404 ■■하지 않는 부스,미지,,,,,2sp,괴담에 떨어져도 출근을 해야 하는구나,이세계 착각 헌터,,"김솔음,김기려,강창호",,"섹슈얼,로맨틱",기려창호기려,소설,MIO_OJI,https://dongne.co/events/df250702/circles/150776,제30회 디. 페스타(일),Day2
유신도시 SAITAMA에서 전해드립니다,근왕앞잡이,,,,,1sp,Fate Grand/Order,SSSS.그리드맨,,"타케치 즈이잔,타나카 신베에,타카스기 신사쿠,요시다 쇼인,이토 카시타로,핫토리 타케오 등",,"로맨틱,섹슈얼","이토리, 쇼신, 세리야마, 맥스×사무라이 칼리버","만화,기타",KgsMhg_S2,https://dongne.co/events/df250702/circles/149871,제30회 디. 페스타(일),Day2
sakanadrop,냐꾸루,,,,,1sp,앙상블 스타즈,"우마무스메,카게프로,프로세카",,"신카이 카나타,모리사와 치아키",신카이 카나타X모리사와 치아키,"로맨틱,섹슈얼","오기인, 올캐러","만화,일러스트",kanachiaki,https://dongne.co/events/df250702/circles/149951,제30회 디. 페스타(일),Day2
SEA QUEST,사구리,,,,,1sp,골든카무이,,,골든카무이 올캐릭,,,,만화,Sakra271,https://dongne.co/events/df250702/circles/149932,제30회 디. 페스타(일),Day2
Try and Peace,빙,,,,,1sp,Dr.stone,트라이건,,"스탠리 스나이더,제노 휴스턴 윙필드,나이브스,밧슈 등",스탠리 스나이더X제노 휴스턴 윙필드,로맨틱,나이밧슈,"만화,일러스트",ZbobQ_W,https://dongne.co/events/df250702/circles/150768,제30회 디. 페스타(일),Day2
Two Rabbits & 자몽공방,Rabbits,,,,,2sp,,,,,,,,"공예,기타",,https://dongne.co/events/df250702/circles/149972,제30회 디. 페스타(일),Day2
warm&happy,므옹,,,,,2sp,,아이돌리쉬 세븐,,멧조 / 이즈미 형제,,,,일러스트,mong6681,https://dongne.co/events/df250702/circles/150041,제30회 디. 페스타(일),Day2
아리이x루나글라스,지애,,,,,2sp,,,,,,,,"일러스트,공예",Lnaglas,https://dongne.co/events/df250702/circles/151040,제30회 디. 페스타(일),Day2
xoxo_xoxo,구남,,,,,2sp,사카모토데이즈,케이팝데몬헌터스 슬램덩크 괴수8호,,,,,,일러스트,qnamxoxo,https://dongne.co/events/df250702/circles/149907,제30회 디. 페스타(일),Day2
<센루(대협태웅) 쁘띠존 :: 다시 찾아온 여름> 주최부스,센루(대협태웅) 쁘띠존 :: 다시 찾아온 여름,,,,,2sp,,,센루(대협태웅) 쁘띠존 :: 다시 찾아온 여름,,,,,,,https://dongne.co/events/sports10/circles/148834,제10회 대운동회,Day2
<철대만 쁘띠존 : 네 바이크에 농구공을 탔어> 주최부스,철대만 쁘띠존 : 네 바이크에 농구공을 탔어,,,,,2sp,,,철대만 쁘띠존 : 네 바이크에 농구공을 탔어,,,,,,,https://dongne.co/events/sports10/circles/149265,제10회 대운동회,Day2
<모두의 카에데 : 태웅른 쁘띠존> 주최부스,모두의 카에데 : 태웅른 쁘띠존,,,,,2sp,,,모두의 카에데 : 태웅른 쁘띠존,,,,,,,https://dongne.co/events/sports10/circles/149696,제10회 대운동회,Day2
<우성명헌 쁘띠존 | 우연일까? 운명이야!> 주최부스,우성명헌 쁘띠존 | 우연일까? 운명이야,,,,,2sp,,,우성명헌 쁘띠존 | 우연일까? 운명이야!,,,,,,,https://dongne.co/events/sports10/circles/149613,제10회 대운동회,Day2
<명헌우성 쁘띠존 : 명헌우성이 라지존> 주최부스,명헌우성 쁘띠존 : 명헌우성이 라지존,,,,,2sp,,,명헌우성 쁘띠존 : 명헌우성이 라지존 ,,,,,,,https://dongne.co/events/sports10/circles/149024,제10회 대운동회,Day2
<태섭대만쁘띠존> 주최부스,태섭대만쁘띠존,,,,,2sp,,,태섭대만 쁘띠존 2 ｜풀잎에 적힌 여름 ,,,,,,,https://dongne.co/events/sports10/circles/149285,제10회 대운동회,Day2
 몸에 좋은 호백,"낡, Chyo",,,,,2sp,슬램덩크,,호열백호 쁘띠존 | 10x100 사랑은 기하급수적! 2nd ,"양호열,강백호",양호열X강백호,"로맨틱,섹슈얼",,소설,,https://dongne.co/events/sports10/circles/149093,제10회 대운동회,Day2
 친절한 공놀이 ,"요가파이어, 공",,,,,2sp,슬램덩크,,호열백호 쁘띠존 | 10x100 사랑은 기하급수적! 2nd ,"양호열,강백호",양호열X강백호,,ncp,"만화,소설",,https://dongne.co/events/sports10/circles/149693,제10회 대운동회,Day2
-,Ho,,,,,1sp,슬램덩크,,,,,,,,,https://dongne.co/events/sports10/circles/148957,제10회 대운동회,Day2
...,마메,,,,,1sp,,,,,,,,,,https://dongne.co/events/sports10/circles/149349,제10회 대운동회,Day2
(안)사귀는 명헌우성을 향한 광기,"위시, 호롤찌 ",,,,,2sp,슬램덩크,,명헌우성 쁘띠존 : 명헌우성이 라지존 ,명헌우성,이명헌X정우성,"로맨틱,섹슈얼",,소설,"wish_reborn, H_49rollzzi",https://dongne.co/events/sports10/circles/149751,제10회 대운동회,Day2
[농구바겐세일] - $아무나$주워가%,또나,,,,,1sp,가비지타임,슬램덩크,,성준수 최종수 기상호 정우성 이명헌,최종수X기상호,로맨틱,"정우성x이명헌, ","소설,일러스트",D__dona__,https://dongne.co/events/sports10/circles/149456,제10회 대운동회,Day2
컴,청해,,,,,2sp,,,,,,,,,,https://dongne.co/events/sports10/circles/149417,제10회 대운동회,Day2
"자~ 테런 드가자, 맥들아!","니은, 여유",,,,,1sp,테일즈런너,,,알 카이 엘림스 하랑 연오,알X카이,로맨틱,,"만화,일러스트","nieun_no, YeoYu_TR2",https://dongne.co/events/sports10/circles/149577,제10회 대운동회,Day2
이 사랑을 너에게 바칠게,세모,,,,,1sp,블루 록,,,이사기 요이치,이사기 요이치X바치라 메구루,로맨틱,,"만화,일러스트,소설",jjsuwg,https://dongne.co/events/sports10/circles/149748,제10회 대운동회,Day2
나 기여워 해줄레오?,"릿코, 펑",,,,,2sp,블루록,,"나기레오 쁘띠존 《YES, DARLING》",나기 세이시로 미카게 레오,나기 세이시로X미카게 레오,로맨틱,,,"igedamoya, boom6_4",https://dongne.co/events/sports10/circles/149036,제10회 대운동회,Day2
ㅇㅇ,이소,,,,,1sp,슬램덩크,,철대만 쁘띠존 : 네 바이크에 농구공을 탔어,"박철,정대만",박철X정대만,로맨틱,,소설,2222so_,https://dongne.co/events/sports10/circles/149266,제10회 대운동회,Day2
꼬옥,꼬옥,,,,,2sp,슬램덩크,,,서태웅 정대만,,로맨틱,"호열백호, 철대만, 태섭대만, 동오대만","만화,일러스트,공예","kkoog_TT, bsky:kkoog",https://dongne.co/events/sports10/circles/148782,제10회 대운동회,Day2
덩크,칸지,,,,,1sp,슬램덩크,창작,,정우성 송태섭 이명헌,,,,,asoorai33,https://dongne.co/events/sports10/circles/149125,제10회 대운동회,Day2
미정,기백,,,,,1sp,슬램덩크,,태섭대만 쁘띠존 2 ｜풀잎에 적힌 여름 ,"송태섭,정대만",,로맨틱,,소설,vRLQORv,https://dongne.co/events/sports10/circles/149479,제10회 대운동회,Day2
셍루,웅맘,,,,,1sp,슬램덩크,,센루(대협태웅) 쁘띠존 :: 다시 찾아온 여름,서태웅,,"섹슈얼,로맨틱",,"소설,만화,일러스트",,https://dongne.co/events/sports10/circles/149499,제10회 대운동회,Day2
에츄,878,,,,,1sp,슬램덩크,,호열백호 쁘띠존 | 10x100 사랑은 기하급수적! 2nd ,"양호열,강백호",양호열X강백호,로맨틱,,소설,selling878,https://dongne.co/events/sports10/circles/149710,제10회 대운동회,Day2
오리,오리,,,,,2sp,,,,,,,,,,https://dongne.co/events/sports10/circles/149451,제10회 대운동회,Day2
임시,조조주주,,,,,2sp,,,,,,,,,,https://dongne.co/events/sports10/circles/148709,제10회 대운동회,Day2
쯧쯔~ 사랑이 뭐길래,"농부, 공노트",,,,,2sp,슬램덩크,,호열백호 쁘띠존 | 10x100 사랑은 기하급수적! 2nd ,"양호열,강백호",양호열X강백호,로맨틱,,"만화,일러스트,기타","1_a137, rkgkgong_64",https://dongne.co/events/sports10/circles/149151,제10회 대운동회,Day2
발효 중,효모균,,,,,2sp,슬램덩크,,태섭대만 쁘띠존 2 ｜풀잎에 적힌 여름 ,"송태섭,정대만",,"섹슈얼,로맨틱",,소설,hyomogyun14,https://dongne.co/events/sports10/circles/148924,제10회 대운동회,Day2
센루 안 한 사람이 먼저 잡아 먹힌다,빕,,,,,1sp,슬램덩크,,센루(대협태웅) 쁘띠존 :: 다시 찾아온 여름,서태웅,윤대협X서태웅,"로맨틱,섹슈얼",,"소설,공예","bib_sd711, ddouungee",https://dongne.co/events/sports10/circles/148859,제10회 대운동회,Day2
패스 안 해줄 거니까 말 걸지 마세요,"끼니, 포찌",,,,,2sp,블루록,,사에린 쁘띠존 : 피는 눈(雪)보다 진하다,"이토시 사에,이토시 린",이토시 사에X이토시 린,"로맨틱,섹슈얼",,"만화,일러스트,소설",meal2mille,https://dongne.co/events/sports10/circles/148913,제10회 대운동회,Day2
역시 내 보물!!!!!북북북북,"똠짱, 밥풀탕, 미사",,,,,1sp,블루록,,"나기레오 쁘띠존 《YES, DARLING》","나기세이시로,미카게레오,이사기요이치,바치라메구루",나기세이시로X미카게레오,로맨틱,이사바치(isbc),"일러스트,만화","ttonchang, NHRJJ2, michin_nr",https://dongne.co/events/sports10/circles/149756,제10회 대운동회,Day2
벚꽃 맛 박치기,"멋파, 켑, Y-DORO",,,,,2sp,슬램덩크,,호열백호 쁘띠존 | 10x100 사랑은 기하급수적! 2nd ,,양호열X강백호,,,,hipi_bb,https://dongne.co/events/sports10/circles/148994,제10회 대운동회,Day2
앞니 세 개치의 사랑,컴퍼스,,,,,1sp,슬램덩크,,태섭대만 쁘띠존 2 ｜풀잎에 적힌 여름 ,송태섭 정대만,송태섭X정대만,"로맨틱,섹슈얼",,소설,compass_n14,https://dongne.co/events/sports10/circles/149737,제10회 대운동회,Day2
"그게 네 나기레오냐? 아니, 꿈.",하품,,,,,1sp,블루록,,"나기레오 쁘띠존 《YES, DARLING》",나기 세이시로/미카게 레오,나기 세이시로X미카게 레오,로맨틱,,"만화,일러스트",pangyaiya,https://dongne.co/events/sports10/circles/149060,제10회 대운동회,Day2
적먹 사랑,YES,,,,,1sp,쿠로코의 농구,,,,아카시 세이쥬로X마유즈미 치히로,"로맨틱,섹슈얼",,"만화,소설",1220x0301,https://dongne.co/events/sports10/circles/148918,제10회 대운동회,Day2
우명 하는 왹,"물주, Burn",,,,,2sp,슬램덩크,,우성명헌 쁘띠존 | 우연일까? 운명이야!,,,로맨틱,,"만화,일러스트,기타","__MULJU, leemyeongheon",https://dongne.co/events/sports10/circles/149612,제10회 대운동회,Day2
다시 찾아 온 여름,"Muung, 크림, 매르치 , 산뾰, 베리귤",,,,,2sp,슬램덩크,,우성명헌 쁘띠존 | 우연일까? 운명이야!,정우성/이명헌,정우성X이명헌,,,"소설,만화,공예,기타","kimnarbi, cream5989, Eagle_Anchovy, bbyongchin, mysannohlife94",https://dongne.co/events/sports10/circles/149257,제10회 대운동회,Day2
인생 좌우 명: 인생은 좌우에 이명헌을 두는 것이다 ,노른자,,,,,2sp,슬램덩크,,,"이명헌,정우성",정우성X이명헌,"로맨틱,해당없음,섹슈얼","수겸현준, 명헌우성, 명헌태섭, 현철명헌, 태섭명헌, 호열백호, NCP","만화,일러스트,소설",noreunza_,https://dongne.co/events/sports10/circles/149299,제10회 대운동회,Day2
하이 호백 많이 먹어라,"가짜친구단속반, 강태공, 박끼덩",,,,,2sp,슬램덩크,,호열백호 쁘띠존 | 10x100 사랑은 기하급수적! 2nd ,"양호열,강백호",양호열X강백호,로맨틱,,"만화,소설,일러스트,공예","Yo_hana19, Nooooo_date, kk1deong_1",https://dongne.co/events/sports10/circles/149204,제10회 대운동회,Day2
청춘 양키 잡화점,Hana,,,,,2sp,슬램덩크,,호열백호 쁘띠존 | 10x100 사랑은 기하급수적! 2nd ,양호열,양호열X강백호,로맨틱,,기타,dais2ki,https://dongne.co/events/sports10/circles/149384,제10회 대운동회,Day2
형이 좋아 선배가 좋아?,테레비,,,,,2sp,슬램덩크,,태섭른 쁘띠존 | LUCKY 7 STRIKE ,"송태섭,송준섭,정대만",정대만X송태섭 x 송준섭X송태섭,로맨틱,준섭태섭,"만화,소설",BbroccoliTV,https://dongne.co/events/sports10/circles/149806,제10회 대운동회,Day2
북산 동물원,닉스,,,,,2sp,슬램덩크,,,"서태웅(루카와 카에데),강백호(사쿠라기 하나미치)",서태웅(루카와 카에데)X강백호(사쿠라기 하나미치),"로맨틱,섹슈얼",,소설,jungdokdolnim,https://dongne.co/events/sports10/circles/148907,제10회 대운동회,Day2
우명 낋이기,"빙빙, 식이",,,,,2sp,슬램덩크,,우성명헌 쁘띠존 | 우연일까? 운명이야!,"정우성,이명헌",,,,,"Bbyongheon, kijulslam",https://dongne.co/events/sports10/circles/149389,제10회 대운동회,Day2
형현 쫀디기,디귿,,,,,2sp,가비지타임,,,"조형석,이현성",,로맨틱,,"만화,일러스트",mimnim_hshs,https://dongne.co/events/sports10/circles/148821,제10회 대운동회,Day2
형현 찰떠기,슝,,,,,2sp,가비지타임,없음,,"조형석,이현성",,로맨틱,,"만화,일러스트,기타",garbagetime_e,https://dongne.co/events/sports10/circles/149686,제10회 대운동회,Day2
호백 새둥지,MADOYO,,,,,2sp,슬램덩크,,호열백호 쁘띠존 | 10x100 사랑은 기하급수적! 2nd ,"양호열,강백호",,"섹슈얼,로맨틱",,만화,madoyo0000,https://dongne.co/events/sports10/circles/149533,제10회 대운동회,Day2
내가 체력이 없지 대태회지가없냐,집,,,,,1sp,슬램덩크,,태섭른 쁘띠존 | LUCKY 7 STRIKE ,"정대만,송태섭",,로맨틱,,소설,jjjhhh202,https://dongne.co/events/sports10/circles/149818,제10회 대운동회,Day2
일단 점수를 냅시다,미정,,,,,1sp,슬램덩크,,우성명헌 쁘띠존 | 우연일까? 운명이야!,,정우성X이명헌,,,소설,undxf1ned,https://dongne.co/events/sports10/circles/148822,제10회 대운동회,Day2
비가 그치면 센루가 옵니다,Mayme,,,,,1sp,슬램덩크,,센루(대협태웅) 쁘띠존 :: 다시 찾아온 여름,"윤대협,서태웅",센도 아키라X루카와 카에데,로맨틱,대협태웅,소설,may1449,https://dongne.co/events/sports10/circles/148721,제10회 대운동회,Day2
요즘 감옥은 연애도 시켜주네,"순록 , Cent",,,,,2sp,블루록,,"나기레오 쁘띠존 《YES, DARLING》","나기 세이시로,미카게 레오",나기 세이시로X미카게 레오,"로맨틱,섹슈얼",,"만화,일러스트","soon_Lock, cent_mz",https://dongne.co/events/sports10/circles/148770,제10회 대운동회,Day2
전국 농구공 들고뛰기 연합,만점,,,,,1sp,슬램덩크,,,"강백호,서태웅,송태섭,정대만,정우성",,,,"공예,일러스트",10_000jump,https://dongne.co/events/sports10/circles/149698,제10회 대운동회,Day2
구독 좋아요 알림설정 부탁드립니다,어리둥절 깜죠,,,,,1sp,블루록,,"나기레오 쁘띠존 《YES, DARLING》",,나기X레오,로맨틱,카이이사,만화,dungjeol,https://dongne.co/events/sports10/circles/148986,제10회 대운동회,Day2
우리 올해도 명우하자... ,hu,,,,,2sp,슬램덩크,,명헌우성 쁘띠존 : 명헌우성이 라지존 ,"이명헌,정우성",이명헌X정우성,로맨틱,,"만화,일러스트,기타",syuno_49,https://dongne.co/events/sports10/circles/149026,제10회 대운동회,Day2
우리 우동집 정상영업합니다,딜루,,,,,2sp,Slam dunk,,,최동오,정우성X최동오,"로맨틱,섹슈얼",,"만화,일러스트",umairukawa,https://dongne.co/events/sports10/circles/149521,제10회 대운동회,Day2
란네 인형가게,juliasuyong,,,,,1sp,,,호열백호 쁘띠존 | 10x100 사랑은 기하급수적! 2nd ,강백호 양호열,양호열X강백호,,,,,https://dongne.co/events/sports10/circles/148989,제10회 대운동회,Day2
료즘 미츠겠다,이비,,,,,1sp,슬램덩크,,태섭대만 쁘띠존 2 ｜풀잎에 적힌 여름 ,송태섭,,"섹슈얼,로맨틱",,소설,EBee2B,https://dongne.co/events/sports10/circles/149596,제10회 대운동회,Day2
뿅뿅 가보가고,깡따,,,,,1sp,슬램덩크,,,"이명헌,정우성",,,,기타,kad_hye,https://dongne.co/events/sports10/circles/149380,제10회 대운동회,Day2
호백 가보자구,심한,,,,,1sp,,,호열백호 쁘띠존 | 10x100 사랑은 기하급수적! 2nd ,,,,,,so_simhani,https://dongne.co/events/sports10/circles/149143,제10회 대운동회,Day2
평생 농놀하자 지는 쪽이 농구공이 되는 거야,오이리,,,,,1sp,슬램덩크,가비지타임,,"강백호,양호열,정대만,송태섭,정우성,이명헌,기상호,박병찬,최종수,전영중,성준수",,"로맨틱,섹슈얼","태섭대만, 대만태섭, 호열백호, 상호병찬, 종수병찬, 종수상호, 영중준수",소설,Oiri_0706,https://dongne.co/events/sports10/circles/148861,제10회 대운동회,Day2
이거 축구하는 만화 맞아요?, 차누,,,,,2sp,블루록,,,"나기 세이시로,미카게 레오,이토시 린",나기X레오,로맨틱,"시도린, 사에린","만화,일러스트",chanooartz,https://dongne.co/events/sports10/circles/148799,제10회 대운동회,Day2
피로 매듭지은 사랑은,악쓰리,,,,,2sp,가비지타임,,,기상호,최종수X기상호,"로맨틱,섹슈얼",,"만화,일러스트",,https://dongne.co/events/sports10/circles/148729,제10회 대운동회,Day2
일단 태섭이가 좋아서 연 부스,레래 ,,,,,2sp,슬램덩크,,태섭른 쁘띠존 | LUCKY 7 STRIKE ,송태섭,정우성X송태섭,"로맨틱,해당없음",명헌태섭,기타,FKMRSA_ReRae,https://dongne.co/events/sports10/circles/149335,제10회 대운동회,Day2
싸카 메이드카페,비디,,,,,1sp,이나즈마 일레븐,,,"엔도 마모루,카제마루 이치로타",엔도X카제마루,,,,gimbidi_,https://dongne.co/events/sports10/circles/149843,제10회 대운동회,Day2
잠시 공놀하느라 자리를 비웁니다,만세두판,,,,,1sp,블루록,x,"나기레오 쁘띠존 《YES, DARLING》","나기 세이시로,미카게 레오",,"로맨틱,섹슈얼",,"소설,기타",utigim__sae,https://dongne.co/events/sports10/circles/149842,제10회 대운동회,Day2
"우성, 패스하기 좋은 세상을 만들어줄게영... 용!",쓰연,,,,,2sp,슬램덩크,,우성명헌 쁘띠존 | 우연일까? 운명이야!,"정우성,이명헌",,로맨틱,,소설,trashalchemist,https://dongne.co/events/sports10/circles/149309,제10회 대운동회,Day2
축구. 강림. ,츄팅,,,,,2sp,블루록,X,,블루록 올캐릭터,,로맨틱,쿠니치기 나기레오 ,"일러스트,만화,소설","pencilsharp109, chuwitch_",https://dongne.co/events/sports10/circles/149839,제10회 대운동회,Day2
가가라,아나,,,,,1sp,슬램덩크,,,송태섭 정대만 서태웅,,,,기타,,https://dongne.co/events/sports10/circles/149552,제10회 대운동회,Day2
농구♡,능,,,,,1sp,가비지타임,,,,,,,일러스트,_n__ng_,https://dongne.co/events/sports10/circles/149716,제10회 대운동회,Day2
농구공,냐냠,,,,,1sp,슬램덩크,,태섭대만 쁘띠존 2 ｜풀잎에 적힌 여름 ,,,,,,,https://dongne.co/events/sports10/circles/149512,제10회 대운동회,Day2
농놀짱,최영서,,,,,1sp,슬램덩크,,,,,,,,d4d29645070,https://dongne.co/events/sports10/circles/149312,제10회 대운동회,Day2
돌감자,뇽삐,,,,,1sp,슬램덩크,,,산왕,,,,일러스트,nongguhaja,https://dongne.co/events/sports10/circles/149699,제10회 대운동회,Day2
메뮤회,야구공,,,,,1sp,다이아몬드에이스,,,"미유키 카즈야,나루미야 메이",,로맨틱,,,yagu_gong,https://dongne.co/events/sports10/circles/149058,제10회 대운동회,Day2
뿅됐다,그대,,,,,1sp,슬램덩크,,우성명헌 쁘띠존 | 우연일까? 운명이야!,"정우성,이명헌",정우성X이명헌,로맨틱,,"공예,기타,소설",gogan_luv,https://dongne.co/events/sports10/circles/149248,제10회 대운동회,Day2
소나무,백산소,,,,,2sp,슬램덩크,,호열백호 쁘띠존 | 10x100 사랑은 기하급수적! 2nd ,"양호열,강백호",양호열X강백호,로맨틱,,"소설,만화",baegsanso57020,https://dongne.co/events/sports10/circles/149337,제10회 대운동회,Day2
티포투,이트,,,,,2sp,슬램덩크,,,"강백호,양호열,백호군단",강백호X양호열,로맨틱,,만화,iiiiiite1,https://dongne.co/events/sports10/circles/149626,제10회 대운동회,Day2
호잇짜,잡떡,,,,,2sp,슬램덩크,가비지타임,호열백호 쁘띠존 | 10x100 사랑은 기하급수적! 2nd ,강백호,,로맨틱,,만화,jabtteok2,https://dongne.co/events/sports10/circles/149313,제10회 대운동회,Day2
냉장고 ,하임,,,,,4sp,하이큐,,,,,,,,,https://dongne.co/events/sports10/circles/148972,제10회 대운동회,Day2
밤빵이 큰 게 왕밤빵,핢,,,,,2sp,슬램덩크,,,"이명헌,송태섭,정우성",이명헌X송태섭,해당없음,명헌태섭우성,"만화,일러스트",Gkfa_S,https://dongne.co/events/sports10/circles/148743,제10회 대운동회,Day2
축구가 네 친구냐? 그래.,흰지,,,,,1sp,이나즈마일레븐,"은하로 킥오프!!,아스타를 향해 차구차구",,후부키 시로,,,,,ajw6941,https://dongne.co/events/sports10/circles/149184,제10회 대운동회,Day2
결혼한 건 너희들인데 내가 왜,sawa,,,,,1sp,슬램덩크,,호열백호 쁘띠존 | 10x100 사랑은 기하급수적! 2nd ,"양호열,강백호",양호열X강백호,"로맨틱,섹슈얼",,"만화,일러스트",sawa1800,https://dongne.co/events/sports10/circles/149717,제10회 대운동회,Day2
러스크 공방,소금,,,,,1sp,블루록,,,"이사기 요이치,미하엘 카이저",,,,"만화,일러스트",1,https://dongne.co/events/sports10/circles/149177,제10회 대운동회,Day2
백수네 식탁,하윤,,,,,1sp,블루록,앙상블스타즈,"나기레오 쁘띠존 《YES, DARLING》","레오,나기",,로맨틱,,소설,habeksu,https://dongne.co/events/sports10/circles/148997,제10회 대운동회,Day2
사랑과 전쟁,애튼/서소기,,,,,1sp,,,"나기레오 쁘띠존 《YES, DARLING》",,,,,,,https://dongne.co/events/sports10/circles/148819,제10회 대운동회,Day2
요하나 북스,"악어,역",,,,,2sp,슬램덩크,,호열백호 쁘띠존 | 10x100 사랑은 기하급수적! 2nd ,"양호열,강백호",양호열X강백호,로맨틱,,"소설,만화,공예,기타",rksd1dur,https://dongne.co/events/sports10/circles/149287,제10회 대운동회,Day2
체리향 준쟁,"향, 체리",,,,,2sp,가비지타임,,,성준수 진재유,성준수X진재유,로맨틱,,"만화,일러스트",hyang_kalenim,https://dongne.co/events/sports10/circles/149593,제10회 대운동회,Day2
태서바 나야,송로,,,,,2sp,슬램덩크,,태섭른 쁘띠존 | LUCKY 7 STRIKE ,송태섭,,로맨틱,"우성태섭, 대만태섭",일러스트,ro_alro_ko,https://dongne.co/events/sports10/circles/149490,제10회 대운동회,Day2
송태섭 보이 리스트,집사,,,,,2sp,슬램덩크,.,태섭른 쁘띠존 | LUCKY 7 STRIKE ,송태섭,AllX송태섭,"섹슈얼,로맨틱","명태, 우태, 탱태, 대태",소설,Song_boylist,https://dongne.co/events/sports10/circles/149280,제10회 대운동회,Day2
자전거 페달 밟으면서  부메랑 스네이크도 쳐야함,간장,,,,,2sp,테니스의왕자 (테니프리),겁쟁이페달,,,카미오 아키라X이부 신지,"로맨틱,섹슈얼","하야유우, 이누카이, 아라후쿠, 미야이비",,YWPD_shoyu,https://dongne.co/events/sports10/circles/149305,제10회 대운동회,Day2
다같이 평생 우명해영…용!,닌난니,,,,,1sp,슬램덩크,,우성명헌 쁘띠존 | 우연일까? 운명이야!,우성명헌,정우성X이명헌,로맨틱,,기타,_basketball_ni,https://dongne.co/events/sports10/circles/149460,제10회 대운동회,Day2
농구를 믿기← →배구를 믿기,종팔,,,,,2sp,슬램덩크,하이큐,,우성명헌,정우성X이명헌,로맨틱,다이스가,만화,whdvkf9x4,https://dongne.co/events/sports10/circles/148728,제10회 대운동회,Day2
농구야 양키야,RAM,,,,,1sp,슬램덩크,,호열백호 쁘띠존 | 10x100 사랑은 기하급수적! 2nd ,양호열 강백호,양호열X강백호,"해당없음,로맨틱",,"소설,일러스트",,https://dongne.co/events/sports10/circles/149344,제10회 대운동회,Day2
뭐든지 비빔밥,aya,,,,,2sp,슬램덩크,,태섭대만 쁘띠존 2 ｜풀잎에 적힌 여름 ,정대만,태섭X대만,로맨틱,,"일러스트,만화",,https://dongne.co/events/sports10/circles/149111,제10회 대운동회,Day2
송태섭 잡화점,소소,,,,,1sp,슬램덩크,,태섭른 쁘띠존 | LUCKY 7 STRIKE ,송태섭,명헌X태섭,"해당없음,로맨틱","우성태섭, 태섭른","소설,기타",soso_nongnol,https://dongne.co/events/sports10/circles/149812,제10회 대운동회,Day2
아직도 센루중,루,,,,,1sp,슬램덩크,,센루(대협태웅) 쁘띠존 :: 다시 찾아온 여름,윤대협 서태웅,,해당없음,,"기타,공예,일러스트",naya_07_11,https://dongne.co/events/sports10/circles/149381,제10회 대운동회,Day2
어쩌고 잡화점,담요,,,,,2sp,가비지타임,슬램덩크 테니프리 히카루의 바둑,,,,,,일러스트,Damyo_812,https://dongne.co/events/sports10/circles/149110,제10회 대운동회,Day2
언니네 복덕방,애용,,,,,1sp,슬램덩크,,,"변덕규,윤대협,이정환,전호장,신준섭,강동준,남훈,김수겸,신현준",,,,만화,dda_dda_1025,https://dongne.co/events/sports10/circles/149864,제10회 대운동회,Day2
오늘도 태대해,헤헹,,,,,1sp,슬램덩크,,태섭대만 쁘띠존 2 ｜풀잎에 적힌 여름 ,"송태섭,정대만",송태섭X정대만,해당없음,,기타,_Heheng,https://dongne.co/events/sports10/circles/149542,제10회 대운동회,Day2
우명이 좋아요,물요,,,,,1sp,슬램덩크,,우성명헌 쁘띠존 | 우연일까? 운명이야!,"정우성,이명헌",정우성X이명헌,"로맨틱,섹슈얼",,만화,muryoogon,https://dongne.co/events/sports10/circles/149637,제10회 대운동회,Day2
우명해 키스야,"0g0, 토즈",,,,,2sp,,,우성명헌 쁘띠존 | 우연일까? 운명이야!,,,,,,,https://dongne.co/events/sports10/circles/149664,제10회 대운동회,Day2
우태가 미래다,"감칠, 의맛티, 선데이, 켓픵",,,,,2sp,슬램덩크,,태섭른 쁘띠존 | LUCKY 7 STRIKE ,"정우성,송태섭",정우성X송태섭,"로맨틱,섹슈얼",,,"sentimentof7, uimasti, seonday26, kepputsim",https://dongne.co/events/sports10/circles/149528,제10회 대운동회,Day2
쪼푸에 밋치다,풀먼,,,,,2sp,슬램덩크,,태섭대만 쁘띠존 2 ｜풀잎에 적힌 여름 ,"송태섭,정대만",,,,,pullman_br,https://dongne.co/events/sports10/circles/149077,제10회 대운동회,Day2
태대는 자신감,아니키,,,,,2sp,슬램덩크,,태섭대만 쁘띠존 2 ｜풀잎에 적힌 여름 ,"송태섭,정대만",송태섭X정대만,로맨틱,,만화,_AN1K1_,https://dongne.co/events/sports10/circles/148753,제10회 대운동회,Day2
호백을 위하여,아즈,,,,,2sp,슬램덩크,,호열백호 쁘띠존 | 10x100 사랑은 기하급수적! 2nd ,양호열,양호열X강백호,로맨틱,,"소설,사진,기타",azazelNJ,https://dongne.co/events/sports10/circles/148867,제10회 대운동회,Day2
북산의 감성과 지성,베로니카,,,,,2sp,슬램덩크,,태섭대만 쁘띠존 2 ｜풀잎에 적힌 여름 ,"송태섭,정대만",송태섭X정대만,섹슈얼,,소설,Veronica_m714,https://dongne.co/events/sports10/circles/148971,제10회 대운동회,Day2
바다는 벚꽃을 꿈꾼다,해우,,,,,1sp,슬램덩크,,호열백호 쁘띠존 | 10x100 사랑은 기하급수적! 2nd ,"양호열,강백호",양호열X강백호,해당없음,,"소설,공예",haewoo_hb,https://dongne.co/events/sports10/circles/149399,제10회 대운동회,Day2
우리의 명도를 찾아서,"야만의몽둥이, 잘기",,,,,2sp,슬램덩크,,우성명헌 쁘띠존 | 우연일까? 운명이야!,"사와키타 에이지,후카츠 카즈나리",정우성X이명헌,"섹슈얼,로맨틱",,"소설,만화,기타","yamong_SN, Junot0To",https://dongne.co/events/sports10/circles/149365,제10회 대운동회,Day2
터프는 먹는게 아니야,허름,,,,,1sp,우마무스메,,,,정글포켓X아그네스타키온,로맨틱,,"기타,만화",strongshrimp,https://dongne.co/events/sports10/circles/148702,제10회 대운동회,Day2
어차피 남편은 이명헌 ,나츠,,,,,1sp,슬램덩크,,태섭른 쁘띠존 | LUCKY 7 STRIKE ,송태섭,,로맨틱,,소설,bbongsong47,https://dongne.co/events/sports10/circles/149810,제10회 대운동회,Day2
여전히 농구공 튕기는 중,농밤,,,,,1sp,슬램덩크,,,올캐러,,,,,nongbam_oO,https://dongne.co/events/sports10/circles/149719,제10회 대운동회,Day2
아직도 우명이 좋은데 이거 병인가요,"モーセ, 림",,,,,2sp,슬램덩크,,우성명헌 쁘띠존 | 우연일까? 운명이야!,"정우성,이명헌",정우성X이명헌,로맨틱,,"만화,소설,기타","moosemosess, lim_pyon",https://dongne.co/events/sports10/circles/149788,제10회 대운동회,Day2
뭐라도 나오지 않을까?!,구엥,,,,,1sp,슬램덩크,,호열백호 쁘띠존 | 10x100 사랑은 기하급수적! 2nd ,"양호열,강백호",양호열X강백호,로맨틱,.,일러스트,9_9ang,https://dongne.co/events/sports10/circles/149449,제10회 대운동회,Day2
농구의 시대가 안끝나요,구뿅이,,,,,2sp,슬램덩크,,태섭대만 쁘띠존 2 ｜풀잎에 적힌 여름 ,,,,,"소설,공예",9ppyong2,https://dongne.co/events/sports10/circles/149358,제10회 대운동회,Day2
악마는 신에게 의존하지 않는다 ,입부지원서,,,,,1sp,아이실드21,,,콘고 아곤 x 히루마 요이치,,,,,otakudesu_0,https://dongne.co/events/sports10/circles/148936,제10회 대운동회,Day2
음식이 예쁘고 태섭이가 맛있어요,아이로,,,,,1sp,슬램덩크,,태섭른 쁘띠존 | LUCKY 7 STRIKE ,송태섭,명헌X태섭,,"우성태섭, 태섭른",소설,Airo_SlamDunk,https://dongne.co/events/sports10/circles/149516,제10회 대운동회,Day2
형아와 허접의 페널티박스,블몽,,,,,2sp,블루록,,,,이토시 사에X이토시 린,,이사바로,만화,dropbluelock,https://dongne.co/events/sports10/circles/149383,제10회 대운동회,Day2
이곳에 우명이...옵니다..?,탈쥬/슬리피,,,,,1sp,슬램덩크,"누카니발,괴담출근,데못죽,이착헌,어바등",우성명헌 쁘띠존 | 우연일까? 운명이야!,이명헌,정우성X이명헌,,"태섭×대만, 누카니발 에이트 원작커플링",,"527bbyong, slam_lifile",https://dongne.co/events/sports10/circles/149263,제10회 대운동회,Day2
만두와 초코라떼,반달비,,,,,1sp,가비지타임,,,"전영중,성준수",전영중X성준수,로맨틱,,소설,bandalbi_431,https://dongne.co/events/sports10/circles/149329,제10회 대운동회,Day2
밋쨩의 라멘가게,대팬,,,,,1sp,슬램덩크,,태섭대만 쁘띠존 2 ｜풀잎에 적힌 여름 ,,,로맨틱,,"만화,일러스트,기타",daepaen,https://dongne.co/events/sports10/circles/149547,제10회 대운동회,Day2
오늘도 농놀하네,아소,,,,,2sp,슬램덩크,,호열백호 쁘띠존 | 10x100 사랑은 기하급수적! 2nd ,양호열 강백호,,,,소설,A___SO___,https://dongne.co/events/sports10/circles/148943,제10회 대운동회,Day2
자매가 같장잡다,하레,,,,,1sp,블루록,,"나기레오 쁘띠존 《YES, DARLING》","나기 세이시로,미카게 레오",나기 세이시로X미카게 레오,,,일러스트,harerere,https://dongne.co/events/sports10/circles/149809,제10회 대운동회,Day2
파이어 토네이도 한 숟가락,된장씨,,,,,1sp,이나즈마 일레븐,,,고엔지 남매,,,"츠루기X라라야, 키도X고엔지",만화,ggugguming7,https://dongne.co/events/sports10/circles/148889,제10회 대운동회,Day2
모두가 사랑하는 대만,또또,,,,,1sp,슬램덩크 대만태웅..,,,대만태웅백호...,,,,"공예,기타",handai05,https://dongne.co/events/sports10/circles/149392,제10회 대운동회,Day2
아직도 농놀하고 있는 사람,차돌된장찌개,,,,,1sp,더 퍼스트 슬램덩크,슬램덩크,,이명헌,,"로맨틱,섹슈얼",,만화,start_23_01_26,https://dongne.co/events/sports10/circles/148916,제10회 대운동회,Day2
준향대 동문회관 웨딩홀,"뱅댕, NEM, IPR",,,,,2sp,가비지타임,,,,,로맨틱,"병찬초원, 뱅초, 준수재유, 준쟁","만화,소설,기타","GAB_ging1004, No14_NEM, omolipguataku",https://dongne.co/events/sports10/circles/148713,제10회 대운동회,Day2
호백을 외전으로 밀어서 잠금해제,"게롱, 피마",,,,,2sp,슬램덩크,,호열백호 쁘띠존 | 10x100 사랑은 기하급수적! 2nd ,"양호열,강백호",양호열X강백호,"해당없음,로맨틱,섹슈얼",,"만화,기타,일러스트","Geloooong_SD, nongnolpima",https://dongne.co/events/sports10/circles/149701,제10회 대운동회,Day2
올해도 우명해야 한다고!,도슬,,,,,1sp,슬램덩크,,우성명헌 쁘띠존 | 우연일까? 운명이야!,정우성 이명헌,,로맨틱,,공예,do__sleep,https://dongne.co/events/sports10/circles/149586,제10회 대운동회,Day2
하나만 약속해… 마지막까지 펑크내지 말아줘,Melo,,,,,2sp,BLUELOCK,,"나기레오 쁘띠존 《YES, DARLING》","나기 세이시로,미카게 레오",,"해당없음,로맨틱,섹슈얼",,일러스트,harenzero,https://dongne.co/events/sports10/circles/149796,제10회 대운동회,Day2
동인은 패배해도 나기레오는 패배하지 않으니까,엑스,,,,,1sp,블루록,에피소드 나기,"나기레오 쁘띠존 《YES, DARLING》","나기 세이시로,미카게 레오",,로맨틱,,만화,OO_xyz0,https://dongne.co/events/sports10/circles/149544,제10회 대운동회,Day2
빵준을 아십니까?,진짜,,,,,2sp,가비지타임,진격의 거인,,"전영중,성준수,엘빈,리바이",전영중X성준수,"로맨틱,섹슈얼",에루리,소설,sungin_share,https://dongne.co/events/sports10/circles/149198,제10회 대운동회,Day2
여기로 이사가자. 그리고... 빵준하자,모라,,,,,2sp,가비지타임,,,전영중,전영중X성준수,"로맨틱,섹슈얼","최종수, 박병찬, 기상호 ",,Mora_bboyo,https://dongne.co/events/sports10/circles/149497,제10회 대운동회,Day2
사랑의 패자부활전,새인생,,,,,1sp,가비지타임,,,"성준수,기상호",성준수X기상호,로맨틱,,소설,BLue_310631,https://dongne.co/events/sports10/circles/149604,제10회 대운동회,Day2
안녕히 호백하세요,"북직, 구륌, 딩구공",,,,,2sp,슬램덩크,,호열백호 쁘띠존 | 10x100 사랑은 기하급수적! 2nd ,"양호열,강백호",양호열X강백호,로맨틱,,일러스트,"sportsmanyesyes, rn_fnla_12123, nongdon_",https://dongne.co/events/sports10/circles/149242,제10회 대운동회,Day2
이사기 새싹지킴이,티라,,,,,2sp,블루록,하이큐,,이사기요이치,,,,,TIRA_0O,https://dongne.co/events/sports10/circles/149185,제10회 대운동회,Day2
인생을 부숴주겠어=평생 책임져 줄게♡,배제,,,,,2sp,블루록,,,"이사기 요이치,미하엘 카이저",이사기 요이치X미하엘 카이저,"로맨틱,섹슈얼",,만화,CabbageSoze,https://dongne.co/events/sports10/circles/149319,제10회 대운동회,Day2
악마는 공동전선의 꿈을 꾸는가,남다,,,,,2sp,아이실드21,,,"콘고 아곤,히루마 요이치",콘고 아곤X히루마 요이치,"로맨틱,섹슈얼",무사히루,일러스트,ND_1_5,https://dongne.co/events/sports10/circles/148939,제10회 대운동회,Day2
상호야 공개연애가 하고싶었으면 말을 해. 팔에 헤어밴드 차고다니는 걸로 티내지 말고 ,낑깡,,,,,2sp,가비지타임,,,"기상호,정희찬",기상호X정희찬,"로맨틱,섹슈얼","태성은재, 준수재유","만화,일러스트",sandokkang,https://dongne.co/events/sports10/circles/148807,제10회 대운동회,Day2
미카게 코페레이션 나레연구개발부,무짝,,,,,1sp,블루 록,,"나기레오 쁘띠존 《YES, DARLING》","나기 세이시로,미카게 레오",나기 세이시로X미카게 레오,로맨틱,,만화,zzaktv,https://dongne.co/events/sports10/circles/148944,제10회 대운동회,Day2
아직도 농놀중입니다,루룬,,,,,1sp,슬램덩크,,,강백호,서태웅X강백호,로맨틱,,,,https://dongne.co/events/sports10/circles/149340,제10회 대운동회,Day2
어둠의 녹색어머니회,미스틱,,,,,1sp,슬램덩크,,,김수겸,성현준X김수겸,"로맨틱,섹슈얼",,,noye_mystic,https://dongne.co/events/sports10/circles/149298,제10회 대운동회,Day2
미카게 코퍼레이션이 만든 더 큰 일본,이연,,,,,1sp,블루록,,"나기레오 쁘띠존 《YES, DARLING》",나기레오,나기세이시로X미카게 레오,로맨틱,,소설,iyen_tw,https://dongne.co/events/sports10/circles/149057,제10회 대운동회,Day2
"아무튼, 스포츠",덴찌,,,,,1sp,슬램덩크,,,"서태웅,정대만,이한나,송태섭,올캐릭터",서태웅X정대만,,,"일러스트,공예",dnball14,https://dongne.co/events/sports10/circles/149239,제10회 대운동회,Day2
사랑아! 명우한다!,츄농,,,,,4sp,슬램덩크,,명헌우성 쁘띠존 : 명헌우성이 라지존 ,"이명헌,정우성",이명헌X정우성,"로맨틱,섹슈얼",,"만화,소설,기타",mw_crazynongnol,https://dongne.co/events/sports10/circles/149772,제10회 대운동회,Day2
가보자고,뿅삐뇨,,,,,2sp,슬램덩크,,,,,,,일러스트,ppno_SD66,https://dongne.co/events/sports10/circles/149520,제10회 대운동회,Day2
감동공유,명구,,,,,1sp,이나즈마 일레븐,,,,,,,,inazuma_haruen,https://dongne.co/events/sports10/circles/149378,제10회 대운동회,Day2
내리사랑,기러김,,,,,1sp,슬램덩크,,우성명헌 쁘띠존 | 우연일까? 운명이야!,정우성 이명헌,정우성X이명헌,로맨틱,,소설,gileogim,https://dongne.co/events/sports10/circles/149457,제10회 대운동회,Day2
루팡탑꾸,루팡,,,,,2sp,슬램덩크,,우성명헌 쁘띠존 | 우연일까? 운명이야!,우성명헌,,로맨틱,,공예,gry1710,https://dongne.co/events/sports10/circles/149861,제10회 대운동회,Day2
만쥬가게,만쥬,,,,,2sp,슬램덩크,,센루(대협태웅) 쁘띠존 :: 다시 찾아온 여름,"윤대협,서태웅",윤대협X서태웅,"섹슈얼,로맨틱",,"만화,일러스트",br_0522_,https://dongne.co/events/sports10/circles/149038,제10회 대운동회,Day2
매직러브,무키,,,,,2sp,슬램덩크,,철대만 쁘띠존 : 네 바이크에 농구공을 탔어,"정대만,박철",,로맨틱,,만화,kneekickss,https://dongne.co/events/sports10/circles/149848,제10회 대운동회,Day2
무개장터,아무개,,,,,2sp,슬램덩크,,우성명헌 쁘띠존 | 우연일까? 운명이야!,"사와키타 에이지,후카츠 카즈나리",,,,"일러스트,만화",M_UGU3T,https://dongne.co/events/sports10/circles/149462,제10회 대운동회,Day2
블루롹끼,눌림,,,,,1sp,,,,,,,,,,https://dongne.co/events/sports10/circles/149188,제10회 대운동회,Day2
뿅클로젯,호잍,,,,,2sp,슬램덩크,,,"정우성,이명헌,송태섭",정우성X이명헌,로맨틱,정우성x송태섭,"일러스트,공예,만화",ho_it_o_o,https://dongne.co/events/sports10/circles/149598,제10회 대운동회,Day2
사과농장,사과,,,,,1sp,가비지타임,,,"기상호,박병찬",기상호X박병찬,"로맨틱,섹슈얼",,"만화,일러스트",,https://dongne.co/events/sports10/circles/149066,제10회 대운동회,Day2
설우톡명,"빡미, 프쵸",,,,,2sp,슬램덩크,,우성명헌 쁘띠존 | 우연일까? 운명이야!,"정우성,이명헌",정우성X이명헌,로맨틱,,"만화,소설",bbakmakemecrazy,https://dongne.co/events/sports10/circles/149616,제10회 대운동회,Day2
센루백반,우택,,,,,2sp,슬램덩크,,센루(대협태웅) 쁘띠존 :: 다시 찾아온 여름,,,"로맨틱,섹슈얼",,소설,"wootaek00, nvmg0",https://dongne.co/events/sports10/circles/148831,제10회 대운동회,Day2
센루부스,cain1968,,,,,1sp,슬램덩크,,센루(대협태웅) 쁘띠존 :: 다시 찾아온 여름,,,,,,,https://dongne.co/events/sports10/circles/148969,제10회 대운동회,Day2
야구야구,딩이,,,,,1sp,프로야구생존기,다이아몬드에이스,,,,,,,ding2pu,https://dongne.co/events/sports10/circles/149684,제10회 대운동회,Day2
양키부스,"쉐프,꽁지,라이어",,,,,2sp,슬램덩크,,호열백호 쁘띠존 | 10x100 사랑은 기하급수적! 2nd ,"양호열,강백호",양호열X강백호,,,"만화,일러스트,소설",,https://dongne.co/events/sports10/circles/148896,제10회 대운동회,Day2
오리상점,조꽥꽥,,,,,2sp,가비지타임,,,"임승대,진재유",,로맨틱,,만화,2ddol_qack,https://dongne.co/events/sports10/circles/148877,제10회 대운동회,Day2
올댓농놀,카여리,,,,,2sp,슬램덩크,가비지타임,,,,,,"소설,기타",coyotesup,https://dongne.co/events/sports10/circles/149366,제10회 대운동회,Day2
우명고치,델만,,,,,1sp,슬램덩크,,우성명헌 쁘띠존 | 우연일까? 운명이야!,이명헌,,로맨틱,,,ihlcty,https://dongne.co/events/sports10/circles/148926,제10회 대운동회,Day2
우명뽀뽀,건정,,,,,1sp,슬램덩크,,우성명헌 쁘띠존 | 우연일까? 운명이야!,정우성 이명헌,정우성X이명헌,섹슈얼,,"소설,만화,일러스트",gunjeongeee,https://dongne.co/events/sports10/circles/149682,제10회 대운동회,Day2
우명찵여,"부리,뱅알리",,,,,2sp,슬램덩크,,우성명헌 쁘띠존 | 우연일까? 운명이야!,,,,,,Sound_Sd,https://dongne.co/events/sports10/circles/149465,제10회 대운동회,Day2
우미장모,장모님,,,,,1sp,슬램덩크,,태섭른 쁘띠존 | LUCKY 7 STRIKE ,"정우성,송태섭,서태웅,정대만",,해당없음,,"일러스트,공예,기타",,https://dongne.co/events/sports10/circles/149587,제10회 대운동회,Day2
이것저것,스우,,,,,1sp,미정,,,,,,,,RntwmvkfdkdyrP,https://dongne.co/events/sports10/circles/148725,제10회 대운동회,Day2
인삼낙지,히유,,,,,1sp,블루록,윈브레,,이사기,,로맨틱,"나기이사, 이사른, 토가사쿠, 사쿠른",일러스트,hiiu_hiiu,https://dongne.co/events/sports10/circles/149615,제10회 대운동회,Day2
종상서점,재활 기하 보라 진,,,,,2sp,가비지타임,,,최종수 기상호,,,,,,https://dongne.co/events/sports10/circles/149062,제10회 대운동회,Day2
좋으면캥,dlawlgh56,,,,,2sp,하이큐!!,,,,,,,"일러스트,기타",dalteyeon,https://dongne.co/events/sports10/circles/148990,제10회 대운동회,Day2
청춘백보,ID,,,,,2sp,블루록,,"나기레오 쁘띠존 《YES, DARLING》","나기 세이시로,미카게 레오",,로맨틱,,"만화,기타",ID_BlL,https://dongne.co/events/sports10/circles/149563,제10회 대운동회,Day2
툐냥냥냥,"게, 동첫콤",,,,,2sp,블루록,,"나기레오 쁘띠존 《YES, DARLING》",나기 세이시로 미카게 레오,나기 세이시로X미카게 레오,로맨틱,린사에,,"GECHUGU, donggabcom57",https://dongne.co/events/sports10/circles/149764,제10회 대운동회,Day2
팅팅탱태,"국산더덕, 슈슈",,,,,2sp,슬램덩크,,태섭른 쁘띠존 | LUCKY 7 STRIKE ,"서태웅,송태섭",서태웅X송태섭,"로맨틱,섹슈얼","백호태섭,대만태섭","소설,만화,일러스트","slamtheduck, syusyu678",https://dongne.co/events/sports10/circles/148734,제10회 대운동회,Day2
하늘하늘,223,,,,,1sp,가비지타임,,,,박병찬X최종수,로맨틱,,,,https://dongne.co/events/sports10/circles/148694,제10회 대운동회,Day2
해삐호백,겨울,,,,,1sp,슬램덩크,,호열백호 쁘띠존 | 10x100 사랑은 기하급수적! 2nd ,"양호열,강백호",양호열X강백호,로맨틱,,소설,eternity10100,https://dongne.co/events/sports10/circles/149473,제10회 대운동회,Day2
호백반집,"글, 샤뿡이",,,,,2sp,,,호열백호 쁘띠존 | 10x100 사랑은 기하급수적! 2nd ,,양호열X강백호,,,,,https://dongne.co/events/sports10/circles/148929,제10회 대운동회,Day2
오이시쿠 '나레' 나기레오큥♡,쩰히,,,,,1sp,블루록,,"나기레오 쁘띠존 《YES, DARLING》","나기세이시로,미카게레오 (블루록)",나기 세이시로X미카게 레오,"로맨틱,섹슈얼",사에린,일러스트,JELLHi_190_185,https://dongne.co/events/sports10/circles/149768,제10회 대운동회,Day2
나기레오 안 할 거면 폰 이리내,"쌀냥, 고양",,,,,2sp,블루록,,"나기레오 쁘띠존 《YES, DARLING》","나기 세이시로,미카게 레오",나기 세이시로X미카게 레오,로맨틱,,"만화,일러스트","NGR0_S2, CAT_2tea",https://dongne.co/events/sports10/circles/149113,제10회 대운동회,Day2
나레게로 와!,아오,,,,,1sp,블루록,,"나기레오 쁘띠존 《YES, DARLING》",나기 세이시로 미카게 레오,나기X레오,"로맨틱,섹슈얼",,일러스트,g0oodGood,https://dongne.co/events/sports10/circles/149816,제10회 대운동회,Day2
공놀이가 좋아,복복,,,,,2sp,슬램덩크,,,"송태섭,정대만,윤대협,서태웅,히나타,카게야마,츠키시마,야치",송태섭X정대만,로맨틱,"센루(윤대협,서태웅)",일러스트,bogbog10714,https://dongne.co/events/sports10/circles/149426,제10회 대운동회,Day2
도서출판 선류,생활체육인,,,,,1sp,슬램덩크,,센루(대협태웅) 쁘띠존 :: 다시 찾아온 여름,"윤대협,서태웅",윤대협X서태웅,로맨틱,,소설,rize_dk,https://dongne.co/events/sports10/circles/148800,제10회 대운동회,Day2
호백하는 부스,소원,,,,,1sp,슬램덩크,,호열백호 쁘띠존 | 10x100 사랑은 기하급수적! 2nd ,"양호열,강백호",양호열X강백호,로맨틱,,만화,sowon_0218,https://dongne.co/events/sports10/circles/149472,제10회 대운동회,Day2
몸보신에 좋은 두부 토마토탕,야기,,,,,1sp,슬램덩크,,호열백호 쁘띠존 | 10x100 사랑은 기하급수적! 2nd ,"양호열,강백호",양호열X강백호,로맨틱,"양호열, 강백호",,basket_eyagi,https://dongne.co/events/sports10/circles/149174,제10회 대운동회,Day2
명헌이가 작고 재빠른 타입을 좋아함,"줄무늬다람쥐, ①열",,,,,2sp,슬램덩크,,태섭른 쁘띠존 | LUCKY 7 STRIKE ,이명헌 송태섭,이명헌X송태섭,"섹슈얼,로맨틱",,"소설,만화","loveinthe90ss, 1ylseat",https://dongne.co/events/sports10/circles/149531,제10회 대운동회,Day2
이토시린 방문 희망해여,ち,,,,,2sp,블루록,,사에린 쁘띠존 : 피는 눈(雪)보다 진하다,"이토시 사에,이토시 린",이토시 사에X이토시 린,"로맨틱,섹슈얼",,,chitopoku,https://dongne.co/events/sports10/circles/149128,제10회 대운동회,Day2
대표짬뽕 판매점,불꽃짬뽕,,,,,1sp,슬램덩크,,태섭른 쁘띠존 | LUCKY 7 STRIKE ,송태섭,,,,일러스트,mshek113,https://dongne.co/events/sports10/circles/149813,제10회 대운동회,Day2
명우하면 키큰다,파슬,,,,,4sp,,,명헌우성 쁘띠존 : 명헌우성이 라지존 ,"이명헌,정우성",이명헌X정우성,로맨틱,,만화,49isperverted,https://dongne.co/events/sports10/circles/149523,제10회 대운동회,Day2
밤톨산장 송사장,정뿅구,,,,,2sp,슬램덩크,우성태섭,태섭른 쁘띠존 | LUCKY 7 STRIKE ,"정우성,송태섭",,로맨틱,,"기타,조형",nongchingirl,https://dongne.co/events/sports10/circles/149463,제10회 대운동회,Day2
빡빡이를 사랑해,"뿅팔계, 유냉",,,,,2sp,슬램덩크,,우성명헌 쁘띠존 | 우연일까? 운명이야!,"정우성,이명헌,신현철",정우성X이명헌,섹슈얼,,만화,"ppyongmon_ster, SextaXQuince",https://dongne.co/events/sports10/circles/148818,제10회 대운동회,Day2
사이쿄대 문예부,사라사,,,,,2sp,아이실드21,,,히루마 요이치,콘고아곤X히루마요이치,"로맨틱,섹슈얼",무사히루,"만화,일러스트,소설",salasa075,https://dongne.co/events/sports10/circles/148748,제10회 대운동회,Day2
오프라인 사골솥,뮤앙,,,,,1sp,슬램덩크,,호열백호 쁘띠존 | 10x100 사랑은 기하급수적! 2nd ,양호열 강백호,,로맨틱,,소설,myuwang,https://dongne.co/events/sports10/circles/148984,제10회 대운동회,Day2
우리가족 철뿅점,"뿅팔계, 눌락",,,,,2sp,슬램덩크,,,"이명헌,신현철,정우성",신현철X이명헌,"로맨틱,섹슈얼","우성명헌, 정우성이명헌, 우명","만화,소설","ppyongmon_ster, nullack",https://dongne.co/events/sports10/circles/148817,제10회 대운동회,Day2
존만이와 납작이,208,,,,,2sp,슬램덩크,,태섭대만 쁘띠존 2 ｜풀잎에 적힌 여름 ,,,,,소설,184_bunny_,https://dongne.co/events/sports10/circles/149594,제10회 대운동회,Day2
달토끼도 농구할 수 있나요?,고조,,,,,1sp,슬램덩크,,우성명헌 쁘띠존 | 우연일까? 운명이야!,"정우성,이명헌",정우성X이명헌,로맨틱,,만화,HI_t1de,https://dongne.co/events/sports10/circles/149681,제10회 대운동회,Day2
플라스틱 미츠료 밴드,"고로,생선장수,초퐈,회귀한오타쿠,2KET",,,,,4sp,슬램덩크,,태섭른 쁘띠존 | LUCKY 7 STRIKE ,정대만 송태섭,,"로맨틱,해당없음",,"소설,만화",goro114477,https://dongne.co/events/sports10/circles/149711,제10회 대운동회,Day2
호빵쓰는 호백을 한다 영원히,빵,,,,,2sp,슬램덩크,,호열백호 쁘띠존 | 10x100 사랑은 기하급수적! 2nd ,"양호열,강백호",양호열X강백호,"해당없음,로맨틱",,만화,lamb_bbang,https://dongne.co/events/sports10/circles/149199,제10회 대운동회,Day2
나기월드 사장은 레오님,정연,,,,,1sp,블루록,,"나기레오 쁘띠존 《YES, DARLING》",나기레오,,,,,jung9401,https://dongne.co/events/sports10/circles/148778,제10회 대운동회,Day2
요코하마 뒷골목 영업중,시럽잼,,,,,1sp,슬램덩크,,,"박철,정대만",박철X정대만,,박철X정대만,소설,0x100_00,https://dongne.co/events/sports10/circles/149706,제10회 대운동회,Day2
브로콜리 불꽃에 구우면 맛있다,브렠,,,,,2sp,슬램덩크,,태섭대만 쁘띠존 2 ｜풀잎에 적힌 여름 ,송태섭 정대만,송태섭X정대만,,,소설,redmountainq,https://dongne.co/events/sports10/circles/149439,제10회 대운동회,Day2
서클명을 입력해 주세요.,"마로프, 교수님따까리",,,,,2sp,슬램덩크,,,이명헌,,,,"소설,일러스트",pre_c_h_n,https://dongne.co/events/sports10/circles/149566,제10회 대운동회,Day2
잊지말고 청춘에 양보하세요,ETTO,,,,,1sp,망각배터리,,,올캐러,,,,만화,any_pi_et,https://dongne.co/events/sports10/circles/148746,제10회 대운동회,Day2
낙수동오 신간을 내보겠습니다!!,냐냐냐,,,,,1sp,슬램덩크,,,김낙수 최동오,김낙수X최동오,"로맨틱,섹슈얼",,만화,sanwang9494,https://dongne.co/events/sports10/circles/149840,제10회 대운동회,Day2
네버엔딩 태섭대만,"빵지, 정원",,,,,2sp,슬램덩크,,태섭대만 쁘띠존 2 ｜풀잎에 적힌 여름 ,"송태섭,정대만",,로맨틱,,소설,love_in_fall714,https://dongne.co/events/sports10/circles/149469,제10회 대운동회,Day2
농구잔치 빵야빵야,익명,,,,,2sp,슬램덩크,가비지타임,,,태섭X대만,,"료대만, 우성대만, 철대만, 준빵",,,https://dongne.co/events/sports10/circles/149666,제10회 대운동회,Day2
명헌태섭 하실래요,덩,,,,,1sp,슬램덩크,,태섭른 쁘띠존 | LUCKY 7 STRIKE ,이명헌x송태섭 (명헌태섭),이명헌X송태섭,로맨틱,,만화,,https://dongne.co/events/sports10/circles/149535,제10회 대운동회,Day2
스포츠에 인생베팅,Sipir,,,,,2sp,가비지타임,하이큐,,,,,,,sipir02,https://dongne.co/events/sports10/circles/148837,제10회 대운동회,Day2
이번에도 가봅니다,"yaming, 그렇게됐다, 크림, 사율",,,,,2sp,슬램덩크,,명헌우성 쁘띠존 : 명헌우성이 라지존 ,이명헌/정우성,이명헌X정우성,,,"소설,기타","yaming_6, 49_anchovy, cream5989, 14theright",https://dongne.co/events/sports10/circles/149258,제10회 대운동회,Day2
자와자와 후카자와,클,,,,,2sp,슬램덩크,,명헌우성 쁘띠존 : 명헌우성이 라지존 ,"이명헌,정우성",이명헌X정우성,"로맨틱,섹슈얼",,"소설,일러스트",jwsnknwk,https://dongne.co/events/sports10/circles/149769,제10회 대운동회,Day2
호열백호 백년해로,도토리묵,,,,,1sp,슬램덩크,,호열백호 쁘띠존 | 10x100 사랑은 기하급수적! 2nd ,양호열 강백호,양호열X강백호,로맨틱,,만화,,https://dongne.co/events/sports10/circles/149241,제10회 대운동회,Day2
자기전에 호열백호 했나요?,쏘야,,,,,1sp,슬램덩크,가비지타임,호열백호 쁘띠존 | 10x100 사랑은 기하급수적! 2nd ,양호열,,로맨틱,,,iseoi10100_,https://dongne.co/events/sports10/circles/149601,제10회 대운동회,Day2
기상호가 강아지로 보입니다,찬무,,,,,1sp,가비지타임,,,기상호 박병찬,기상호X박병찬,로맨틱,,소설,chanmu_1001,https://dongne.co/events/sports10/circles/149722,제10회 대운동회,Day2
존프레스 좋아해요? 전 좋아해요,이샤,,,,,2sp,슬램덩크,,태섭른 쁘띠존 | LUCKY 7 STRIKE ,"송태섭,정우성,이명헌",정우성X송태섭,해당없음,이명헌x송태섭,일러스트,MandHeesha,https://dongne.co/events/sports10/circles/149405,제10회 대운동회,Day2
포가포가 러브스토리,목금토,,,,,1sp,슬램덩크,,태섭른 쁘띠존 | LUCKY 7 STRIKE ,송태섭,윤대협X송태섭,"로맨틱,섹슈얼","명헌태섭, 우성태섭",소설,basketddorai,https://dongne.co/events/sports10/circles/149302,제10회 대운동회,Day2
독일주종 한국에서도 연애해라,pepperrikka,,,,,1sp,,,,,,,,,,https://dongne.co/events/sports10/circles/149671,제10회 대운동회,Day2
바로이사 비딱하게거주,BTAK,,,,,1sp,블루록,,,,바로 쇼에이X이사기 요이치,로맨틱,,"만화,일러스트,소설",dnblldnb,https://dongne.co/events/sports10/circles/148855,제10회 대운동회,Day2
운명에서 각진받침빼기,"용해,여리",,,,,2sp,슬램덩크,,우성명헌 쁘띠존 | 우연일까? 운명이야!,"정우성,이명헌",,로맨틱,,기타,"YongHae_NNHY, bored__108",https://dongne.co/events/sports10/circles/149379,제10회 대운동회,Day2
"준비됐어, 철? 당연하지, 댐!","춘식, 맘마",,,,,2sp,슬램덩크,,철대만 쁘띠존 : 네 바이크에 농구공을 탔어,"박철,정대만",박철X정대만,로맨틱,,"소설,일러스트","dd_sj_, momumma_",https://dongne.co/events/sports10/circles/149802,제10회 대운동회,Day2
아자아자! 우성명헌! 아자아자!,우호,,,,,2sp,슬램덩크,,우성명헌 쁘띠존 | 우연일까? 운명이야!,"정우성,이명헌",정우성X이명헌,"섹슈얼,로맨틱",,"만화,일러스트",woooo_ho,https://dongne.co/events/sports10/circles/149027,제10회 대운동회,Day2
"농놀하자. 죽을때까지 농놀하고, 탈덕하는 쪽은 개가 되는걸로 뿅.",농놀러버,,,,,2sp,슬램덩크,,,"이명헌,정우성,최동오,정대만,송태섭,이한나,권준호,이달재",정우성X이명헌,로맨틱,"우성명헌, 명헌우성, 우성명헌우성, 태섭한나, 동오대만","소설,조형",shdshfzmdh,https://dongne.co/events/sports10/circles/149109,제10회 대운동회,Day2
명우하자.죽을때까지 명우하고 지치는 쪽은 명우가 되는 걸로.,ㄴ,,,,,2sp,슬램덩크,,명헌우성 쁘띠존 : 명헌우성이 라지존 ,"이명헌,정우성",이명헌X정우성,로맨틱,,만화,ForeverMW49,https://dongne.co/events/sports10/circles/149249,제10회 대운동회,Day2
염소우리(안락함),겸소,,,,,1sp,슬램덩크,,태섭른 쁘띠존 | LUCKY 7 STRIKE ,송태섭 외 다수,윤대협X송태섭,"로맨틱,섹슈얼",그 외 태섭른,만화,more_dopamine,https://dongne.co/events/sports10/circles/148892,제10회 대운동회,Day2
가위아이보,omochako,,,,,2sp,블루 록,,,,이사기 요이치X바치라 메구루,로맨틱,,만화,mytinytoybox,https://dongne.co/events/sports10/circles/149059,제10회 대운동회,Day2
고추장사기,사장님,,,,,2sp,슬램덩크,,,"정대만,송태섭",정대만X송태섭,"로맨틱,섹슈얼",,"만화,소설",,https://dongne.co/events/sports10/circles/149106,제10회 대운동회,Day2
농놀플레쉬,째무,,,,,2sp,슬램덩크,,,양호열,양호열X강백호,로맨틱,"호열백호, 백호열",공예,milkflash_,https://dongne.co/events/sports10/circles/148692,제10회 대운동회,Day2
도토리왕자,눈멍,,,,,2sp,슬램덩크,,우성명헌 쁘띠존 | 우연일까? 운명이야!,"정우성,이명헌",,"섹슈얼,로맨틱","우성명헌, 사와후카",소설,taptapt4p,https://dongne.co/events/sports10/circles/149205,제10회 대운동회,Day2
돈카츠사와,해성,,,,,4sp,슬램덩크,,명헌우성 쁘띠존 : 명헌우성이 라지존 ,"이명헌,정우성",이명헌X정우성,로맨틱,,"만화,소설",anikidesan,https://dongne.co/events/sports10/circles/149387,제10회 대운동회,Day2
모두의두모,마김,,,,,1sp,슬램덩크,,태섭른 쁘띠존 | LUCKY 7 STRIKE ,,,,,,,https://dongne.co/events/sports10/circles/149197,제10회 대운동회,Day2
몽구쓰붓스,몽,,,,,1sp,슬램덩크,,우성명헌 쁘띠존 | 우연일까? 운명이야!,,정우성X이명헌,,,만화,espcte,https://dongne.co/events/sports10/circles/149660,제10회 대운동회,Day2
무지성부스,무지,,,,,4sp,슬랭덩크,,호열백호 쁘띠존 | 10x100 사랑은 기하급수적! 2nd ,양호열 강백호,양호열X강백호,"로맨틱,섹슈얼",,"만화,일러스트",,https://dongne.co/events/sports10/circles/148844,제10회 대운동회,Day2
물을마시자,모래두더지,,,,,2sp,슬램덩크,,호열백호 쁘띠존 | 10x100 사랑은 기하급수적! 2nd ,"강백호,양호열",양호열X강백호,"해당없음,로맨틱",,"만화,일러스트,사진",molaedu02,https://dongne.co/events/sports10/circles/149581,제10회 대운동회,Day2
방사능구역,폿케의파르페,,,,,2sp,우마무스메,,,,,로맨틱,폿케 총공,"만화,기타",L__roars,https://dongne.co/events/sports10/circles/149108,제10회 대운동회,Day2
사탕바구니,캔디,,,,,1sp,쿠로코의 농구,,,마유즈미 치히로,아카시 세이쥬로X마유즈미 치히로,"섹슈얼,로맨틱",,,,https://dongne.co/events/sports10/circles/148705,제10회 대운동회,Day2
섭만차림표,푸라미,,,,,1sp,슬램덩크,,태섭대만 쁘띠존 2 ｜풀잎에 적힌 여름 ,송태섭 정대만,,"로맨틱,섹슈얼",,만화,honjanol,https://dongne.co/events/sports10/circles/149072,제10회 대운동회,Day2
싹카야로제,"대머리, 모자",,,,,1sp,블루록,,"나기레오 쁘띠존 《YES, DARLING》","나기 세이시로,미카게 레오,나기레오",,로맨틱,,"소설,일러스트","moorimuri, hat5617",https://dongne.co/events/sports10/circles/149795,제10회 대운동회,Day2
아이스박스,뉴뉴,,,,,1sp,슬램덩크,,태섭른 쁘띠존 | LUCKY 7 STRIKE ,"정우성,송태섭,이명헌",,로맨틱,명헌태섭,,,https://dongne.co/events/sports10/circles/148789,제10회 대운동회,Day2
아침드라마,"농놜, 철새 ",,,,,2sp,슬램덩크,,호열백호 쁘띠존 | 10x100 사랑은 기하급수적! 2nd ,"양호열,강백호",양호열X강백호,"로맨틱,섹슈얼,해당없음",대협정환대협 ,만화,"_nongnoir, babababbabbab",https://dongne.co/events/sports10/circles/148849,제10회 대운동회,Day2
운명공동체,MOONLIGHT,,,,,2sp,"다이아몬드 에이스,망각배터리,다이아몬드의 공죄","다이아몬드 에이스,망각배터리,다이아몬드의 공죄",,"치하야 슌페이,토도 아오이,미유키 카즈야,쿠라모치 요이치,키요미네 하루카,카나메 케이",,"로맨틱,섹슈얼","치토도, 하루케이, 3B, ",소설,_moon__ligh_t,https://dongne.co/events/sports10/circles/148937,제10회 대운동회,Day2
운명공동체,모즈쿠,,,,,1sp,슬램덩크,,우성명헌 쁘띠존 | 우연일까? 운명이야!,정우성 이명헌,정우성X이명헌,로맨틱,,만화,pinyong36,https://dongne.co/events/sports10/circles/149605,제10회 대운동회,Day2
최강맛초킹,ming_,,,,,1sp,슬램덩크,,,태웅백호,태웅X백호,해당없음,,,no10_0401,https://dongne.co/events/sports10/circles/149326,제10회 대운동회,Day2
축구패밀리,구구,,,,,2sp,블루록,,,"이토시린,사에 미하엘카이저 이사기요이치",,해당없음,,"기타,만화",JANG_DEA890,https://dongne.co/events/sports10/circles/149509,제10회 대운동회,Day2
콘치즈버거,콘치,,,,,2sp,가비지타임,슬램덩크,,,,,,"만화,일러스트,기타",_CORNCHI_,https://dongne.co/events/sports10/circles/148816,제10회 대운동회,Day2
한놈만팬다,기나,,,,,1sp,슬램덩크,,태섭대만 쁘띠존 2 ｜풀잎에 적힌 여름 ,"송태섭,정대만",,,,,laydownhisashi,https://dongne.co/events/sports10/circles/149704,제10회 대운동회,Day2
호백로맨스,불고기천재,,,,,1sp,슬램덩크,,호열백호 쁘띠존 | 10x100 사랑은 기하급수적! 2nd ,양호열 강백호,양호열X강백호,로맨틱,,소설,bulgogicheonjae,https://dongne.co/events/sports10/circles/148798,제10회 대운동회,Day2
흑발쿨뷰티,챠메,,,,,2sp,하이큐,가비지타임,,카게야마 토비오,미야 아츠무X카게야마 토비오,"로맨틱,섹슈얼",보쿠아카,"만화,일러스트",_chame1001,https://dongne.co/events/sports10/circles/148845,제10회 대운동회,Day2
키스해주면 골 넣어주는 놈,DD,,,,,1sp,블루록,,"나기레오 쁘띠존 《YES, DARLING》",,나기 세이시로X미카게 레오,,,만화,D_1ND,https://dongne.co/events/sports10/circles/149250,제10회 대운동회,Day2
붕어빵이랑 게랑,찹쌀붕어빵/게,,,,,2sp,슬램덩크,,우성명헌 쁘띠존 | 우연일까? 운명이야!,,,,,,chabboong,https://dongne.co/events/sports10/circles/149654,제10회 대운동회,Day2
슈뢰딩거의 부스,혁,,,,,1sp,슬램덩크,가비지타임,우성명헌 쁘띠존 | 우연일까? 운명이야!,,,,,,,https://dongne.co/events/sports10/circles/149192,제10회 대운동회,Day2
태섭대만의 축복,바킴,,,,,2sp,슬램덩크,,태섭대만 쁘띠존 2 ｜풀잎에 적힌 여름 ,"송태섭,정대만",송태섭X정대만,로맨틱,,"일러스트,공예",alalu105,https://dongne.co/events/sports10/circles/149453,제10회 대운동회,Day2
이리오너라 업고 농놀,궁,,,,,1sp,슬램덩크,,,이명헌,이명헌X송태섭,"해당없음,로맨틱",,"일러스트,기타",Gung_Daeng_,https://dongne.co/events/sports10/circles/149689,제10회 대운동회,Day2
쿠로오에게 맡긴 꽁치,아란,,,,,1sp,하이큐,,,,,,,일러스트,alan_twt_,https://dongne.co/events/sports10/circles/148915,제10회 대운동회,Day2
태섭대만이 잡은 육덕진 개구리,"비오는날개구리, 육덕",,,,,2sp,슬램덩크,,태섭대만 쁘띠존 2 ｜풀잎에 적힌 여름 ,송태섭 정대만,송태섭X정대만,"로맨틱,섹슈얼",,"만화,소설,기타",BIRI_TSDM,https://dongne.co/events/sports10/circles/148925,제10회 대운동회,Day2
가마쿠라의 명물 이토시형제,서레,,,,,1sp,블루록,,사에린 쁘띠존 : 피는 눈(雪)보다 진하다,"이토시 사에,이토시 린",,,,일러스트,librilesser,https://dongne.co/events/sports10/circles/149832,제10회 대운동회,Day2
탱태하려고 왔음.,하하호호,,,,,2sp,슬램덩크,,태섭른 쁘띠존 | LUCKY 7 STRIKE ,"서태웅,송태섭",,"로맨틱,섹슈얼",대만태섭,"만화,일러스트,소설",Lata9221,https://dongne.co/events/sports10/circles/149670,제10회 대운동회,Day2
생일축하해 준섭&태섭,밍밍,,,,,2sp,슬램덩크,,태섭른 쁘띠존 | LUCKY 7 STRIKE ,"송준섭,송태섭",송준섭X송태섭,"섹슈얼,로맨틱",태웅태섭,,mingming_bs,https://dongne.co/events/sports10/circles/149216,제10회 대운동회,Day2
겁쟁이페달 올캐릭 게스트북,알과,,,,,2sp,겁쟁이페달,,,,,,,"만화,소설",,https://dongne.co/events/sports10/circles/149296,제10회 대운동회,Day2
린♡이사기 분위기: 안 좋음,tt,,,,,1sp,블루록,,,"이토시 린,이사기 요이치",이토시 린X이사기 요이치,로맨틱,,소설,Pe1ccyp,https://dongne.co/events/sports10/circles/149646,제10회 대운동회,Day2
머메이드도 메이드다,오열,,,,,2sp,슬램덩크,,호열백호 쁘띠존 | 10x100 사랑은 기하급수적! 2nd ,"양호열,강백호",양호열X강백호,로맨틱,,소설,8v0jpDWu,https://dongne.co/events/sports10/circles/148979,제10회 대운동회,Day2
피프스섹터 한국지부,자멍,,,,,2sp,이나즈마 일레븐,,,후부키 시로,후부키 시로X유키무라 효가,"섹슈얼,로맨틱",,"만화,게임",jameong90,https://dongne.co/events/sports10/circles/149021,제10회 대운동회,Day2
제주소년의 사랑이야기,농놀벨,,,,,2sp,슬램덩크,,태섭대만 쁘띠존 2 ｜풀잎에 적힌 여름 ,송태섭 정대만,송태섭X정대만,"섹슈얼,로맨틱",,"소설,만화,기타",bell_basket,https://dongne.co/events/sports10/circles/149635,제10회 대운동회,Day2
브로콜리는 임플란트를 뚫어,곽두8,,,,,2sp,슬램덩크,,태섭대만 쁘띠존 2 ｜풀잎에 적힌 여름 ,송태섭 정대만,송태섭X정대만,"섹슈얼,로맨틱",,소설,gwakdoopaal,https://dongne.co/events/sports10/circles/149382,제10회 대운동회,Day2
농구다람쥐 생태보호구역,biscuitball,,,,,1sp,슬램덩크,,,송태섭 위주 올캐러,,,,"일러스트,만화",biscuitttball,https://dongne.co/events/sports10/circles/149137,제10회 대운동회,Day2
그거아세요?레오뒤에붙어있는하얀거이름은나기입니다.,꾸릉,,,,,1sp,블루록,,"나기레오 쁘띠존 《YES, DARLING》","나기 세이시로,미카게 레오",나기 세이시로X미카게 레오,로맨틱,,,99reung,https://dongne.co/events/sports10/circles/149028,제10회 대운동회,Day2
갑탐앤나슬덩,기뮤1,,,,,2sp,가비지타임,,,"진재유,성준수",성준수X진재유,해당없음,,일러스트,orange_d_podo,https://dongne.co/events/sports10/circles/148903,제10회 대운동회,Day2
김치부대찌개,선댄스,,,,,2sp,가비지타임,"전독시,괴담출근",,,영중X준수,"로맨틱,섹슈얼",,,,https://dongne.co/events/sports10/circles/149061,제10회 대운동회,Day2
단풍나무아래,모어,,,,,1sp,슬램덩크,,모두의 카에데 : 태웅른 쁘띠존,서태웅,allX서태웅,"로맨틱,섹슈얼","센루, 우성태웅, 대만태웅, 하나루 ",소설,,https://dongne.co/events/sports10/circles/149697,제10회 대운동회,Day2
레몬깜고연합,해람,,,,,1sp,슬램덩크,,센루(대협태웅) 쁘띠존 :: 다시 찾아온 여름,"윤대협,서태웅",윤대협X서태웅,로맨틱,,"소설,공예",RK711SA,https://dongne.co/events/sports10/circles/149019,제10회 대운동회,Day2
말랑호백지부,칸데타,,,,,1sp,슬램덩크,,호열백호 쁘띠존 | 10x100 사랑은 기하급수적! 2nd ,양호열,양호열X강백호,"로맨틱,섹슈얼",,"일러스트,공예",,https://dongne.co/events/sports10/circles/148917,제10회 대운동회,Day2
브로콜리러버,웃쓰,,,,,1sp,슬램덩크,,태섭대만 쁘띠존 2 ｜풀잎에 적힌 여름 ,"송태섭,정대만",송태섭X정대만,로맨틱,,"소설,일러스트,기타",UchetongU,https://dongne.co/events/sports10/circles/149452,제10회 대운동회,Day2
빨강노랑초록,신호등,,,,,1sp,슬램덩크,,호열백호 쁘띠존 | 10x100 사랑은 기하급수적! 2nd ,,,,,소설,tlsghemd123_,https://dongne.co/events/sports10/circles/149761,제10회 대운동회,Day2
상른모리장단,비재,,,,,2sp,가비지타임,,,기상호,,"로맨틱,섹슈얼",상호른,"만화,소설,일러스트",6eejqe,https://dongne.co/events/sports10/circles/149692,제10회 대운동회,Day2
서클명뭐하지,송삼이,,,,,2sp,슬램덩크,,태섭른 쁘띠존 | LUCKY 7 STRIKE ,송태섭,,,,"만화,일러스트,소설,기타",notfishyesgay,https://dongne.co/events/sports10/circles/149524,제10회 대운동회,Day2
수원램스파크,야로,,,,,1sp,프로야구생존기,,,이상용,,,,,,https://dongne.co/events/sports10/circles/148920,제10회 대운동회,Day2
아무거나다냄,바비,,,,,2sp,슬램덩크,,,,,,,,babbie_0423,https://dongne.co/events/sports10/circles/148959,제10회 대운동회,Day2
얀고배구연맹,얀고,,,,,2sp,하이큐,,,니시노야 유우,,,,일러스트,yango_day,https://dongne.co/events/sports10/circles/148839,제10회 대운동회,Day2
양키리바운드,백보드,,,,,2sp,슬램덩크,,,"양호열,강백호,북산",,,,만화,SoakaeoFh_00,https://dongne.co/events/sports10/circles/149412,제10회 대운동회,Day2
영원히농놀중,Ning9,,,,,1sp,가비지타임,,,,,,,일러스트,05young06,https://dongne.co/events/sports10/circles/149165,제10회 대운동회,Day2
오직우명만이,이새,,,,,1sp,슬램덩크,,우성명헌 쁘띠존 | 우연일까? 운명이야!,정우성&이명헌,,로맨틱,,"만화,일러스트",uushea,https://dongne.co/events/sports10/circles/149163,제10회 대운동회,Day2
오직태대만이,"현, TD",,,,,2sp,슬램덩크,,태섭대만 쁘띠존 2 ｜풀잎에 적힌 여름 ,"송태섭,정대만",송태섭X정대만,"로맨틱,섹슈얼",,기타,"mh_014mihi, __suea",https://dongne.co/events/sports10/circles/149094,제10회 대운동회,Day2
우태뜨기공방,원,,,,,2sp,슬램덩크,,태섭른 쁘띠존 | LUCKY 7 STRIKE ,"정우성,송태섭,이명헌",,로맨틱,명태,소설,won_the_4,https://dongne.co/events/sports10/circles/149422,제10회 대운동회,Day2
원조순애본점,"BOSS, 35",,,,,2sp,슬램덩크,,우성명헌 쁘띠존 | 우연일까? 운명이야!,정우성x이명헌,,"섹슈얼,로맨틱",,"만화,일러스트",eehiyoriee,https://dongne.co/events/sports10/circles/149315,제10회 대운동회,Day2
적먹적먹적먹,창구,,,,,1sp,쿠로코의 농구,,,아카시 마유즈미,아카시 세이쥬로X마유즈미 치히로,,,만화,,https://dongne.co/events/sports10/circles/149702,제10회 대운동회,Day2
주문하신명태,조단,,,,,2sp,,,태섭른 쁘띠존 | LUCKY 7 STRIKE ,"이명헌,송태섭",,"섹슈얼,로맨틱",,,hot_court,https://dongne.co/events/sports10/circles/149089,제10회 대운동회,Day2
청바지제작소,데,,,,,1sp,슬램덩크,,태섭대만 쁘띠존 2 ｜풀잎에 적힌 여름 ,"송태섭,정대만",,로맨틱,,"만화,일러스트",dedendededelete,https://dongne.co/events/sports10/circles/148814,제10회 대운동회,Day2
초차원공놀이,릐,,,,,2sp,이나즈마 일레븐,,,"키도 유우토,사쿠마 지로,카제마루 이치로타,엔도 마모루,고엔지 슈아,아후로디,츠나미 죠스케 등등",,,,"일러스트,만화,기타",RIsaka_1,https://dongne.co/events/sports10/circles/149444,제10회 대운동회,Day2
태대로운하루,잔비,,,,,2sp,슬램덩크,,태섭대만 쁘띠존 2 ｜풀잎에 적힌 여름 ,,송태섭X정대만,,,기타,Janbiggot,https://dongne.co/events/sports10/circles/149758,제10회 대운동회,Day2
�젣留덈씪�,디에고,,,,,2sp,프로야구생존기,,,,,,,"만화,소설,일러스트",sandy_ego_,https://dongne.co/events/sports10/circles/149186,제10회 대운동회,Day2
이누이즙으로 티 브레이크 하고 있었다고!!!,피욘,,,,,2sp,테니스의 왕자,겁쟁이 페달,,테시마 준타,,"섹슈얼,로맨틱",이누이 사다하루 x 카이도 카오루 (테니스의 왕자),만화,helpmemnmmmm,https://dongne.co/events/sports10/circles/149101,제10회 대운동회,Day2
바스켓볼엔젤 큐티,한파,,,,,2sp,가비지타임,,,박병찬 최종수 기상호 성준수 전영중,박병찬X최종수,로맨틱,,"만화,기타,소설",cold0_0wave,https://dongne.co/events/sports10/circles/149049,제10회 대운동회,Day2
가능성이라는 적폐의 너머,mukbab,,,,,2sp,우마무스메,가비지타임,,,,,,"만화,소설",,https://dongne.co/events/sports10/circles/148749,제10회 대운동회,Day2
운동회에서는 땀흘리는 양놀을 해야지,소금먹고놀란쁌이,,,,,2sp,슬램덩크,,호열백호 쁘띠존 | 10x100 사랑은 기하급수적! 2nd ,,양호열X강백호,로맨틱,,,,https://dongne.co/events/sports10/circles/148967,제10회 대운동회,Day2
공식이준내씨피,SHUSHU,,,,,1sp,블루록,,"나기레오 쁘띠존 《YES, DARLING》","미카게 레오,나기 세이시로",,,,,shushu__0000,https://dongne.co/events/sports10/circles/149502,제10회 대운동회,Day2
더블초코비스킷,힠,,,,,2sp,슬램덩크,,태섭대만 쁘띠존 2 ｜풀잎에 적힌 여름 ,"송태섭,정대만",송태섭X정대만,"로맨틱,섹슈얼",,만화,hickhick04,https://dongne.co/events/sports10/circles/149545,제10회 대운동회,Day2
명태하러가야함,짤,,,,,2sp,,,태섭른 쁘띠존 | LUCKY 7 STRIKE ,,,,,,,https://dongne.co/events/sports10/circles/148940,제10회 대운동회,Day2
센루순두부정식,RUKA,,,,,1sp,슬램덩크,,센루(대협태웅) 쁘띠존 :: 다시 찾아온 여름,서태웅,윤대협X서태웅,로맨틱,,만화,ruka_autumn,https://dongne.co/events/sports10/circles/148794,제10회 대운동회,Day2
아직정상영업중,황두식,,,,,1sp,블루록,,"나기레오 쁘띠존 《YES, DARLING》","나기 세이시로,미카게 레오",,로맨틱,,,nyunyunyus,https://dongne.co/events/sports10/circles/148715,제10회 대운동회,Day2
이토시가노소라,"수진, 푸딩, 만루, 연사",,,,,4sp,블루 록,,사에린 쁘띠존 : 피는 눈(雪)보다 진하다,"이토시 사에,이토시 린",이토시 사에X이토시 린,"로맨틱,섹슈얼",,"소설,만화",ifekusa,https://dongne.co/events/sports10/circles/149211,제10회 대운동회,Day2
져지메이드타임,쭌삼,,,,,2sp,가비지타임,,,,,,,,"wusangeu, wed6SU",https://dongne.co/events/sports10/circles/149193,제10회 대운동회,Day2
황제펭귄잡화점,갈치조림,,,,,1sp,이나즈마일레븐,,,"키도 유우토,사쿠마 지로,겐다 코지로,후도 아키오",,,,일러스트,m_arijuan__a,https://dongne.co/events/sports10/circles/149838,제10회 대운동회,Day2
카나가와하코네 망령 ,"88, 주길경",,,,,2sp,겁쟁이페달,,,"이즈미다토이치로,아시키바 타쿠토",쿠로다 유키나리X이즈미다 토이치로,로맨틱,아시키바 타쿠토 드림,만화,,https://dongne.co/events/sports10/circles/148872,제10회 대운동회,Day2
우성명헌이라면 뭐든 합니다,원,,,,,1sp,더퍼스트슬램덩크,,우성명헌 쁘띠존 | 우연일까? 운명이야!,,정우성X이명헌,로맨틱,,,,https://dongne.co/events/sports10/circles/148982,제10회 대운동회,Day2
부스주인고질병:입덕부정,Arian,,,,,2sp,하이큐,,,,쿠로오X켄마,,,소설,,https://dongne.co/events/sports10/circles/148724,제10회 대운동회,Day2
아니진짜제가요?,4zzan,,,,,1sp,,,"나기레오 쁘띠존 《YES, DARLING》",,,,,,,https://dongne.co/events/sports10/circles/149056,제10회 대운동회,Day2
귤먹는여우의부스,먐뮤,,,,,1sp,하이큐!!,,,미야 아츠무,미야 아츠무X히나타 쇼요,"로맨틱,섹슈얼",,"만화,일러스트",miyu___miya,https://dongne.co/events/sports10/circles/149147,제10회 대운동회,Day2
내가낋인우명그림,"짬푸, 접",,,,,2sp,슬램덩크,,우성명헌 쁘띠존 | 우연일까? 운명이야!,"정우성,이명헌",정우성X이명헌,로맨틱,,"일러스트,만화,기타","clottymon, k___heo",https://dongne.co/events/sports10/circles/149514,제10회 대운동회,Day2
능남레몬영농조합,방방,,,,,2sp,슬램덩크,,센루(대협태웅) 쁘띠존 :: 다시 찾아온 여름,윤대협 서태웅,윤대협X서태웅,,,기타,"se7en, _e11even_",https://dongne.co/events/sports10/circles/149096,제10회 대운동회,Day2
미사와부흥위원회,도아,,,,,2sp,다이아몬드 에이스,,,,,,,,,https://dongne.co/events/sports10/circles/149212,제10회 대운동회,Day2
아름다운호백강산,모요,,,,,2sp,슬램덩크,,호열백호 쁘띠존 | 10x100 사랑은 기하급수적! 2nd ,"양호열,강백호",양호열X강백호,로맨틱,,,mashdunk,https://dongne.co/events/sports10/circles/148988,제10회 대운동회,Day2
전국천재응원협회,"박단호, 눈기린",,,,,2sp,슬램덩크,,호열백호 쁘띠존 | 10x100 사랑은 기하급수적! 2nd ,"양호열,강백호",양호열X강백호,"섹슈얼,로맨틱",,만화,Wakeupincourt,https://dongne.co/events/sports10/circles/148762,제10회 대운동회,Day2
축구하다결혼까지,24,,,,,1sp,,,"나기레오 쁘띠존 《YES, DARLING》","나기 세이시로,미카게 레오",나기 세이시로X미카게 레오,로맨틱,,만화,,https://dongne.co/events/sports10/circles/148879,제10회 대운동회,Day2
토마토요리전문점,토마토댄스대회우승자,,,,,1sp,가비지타임,,,,,,,,killallotaku,https://dongne.co/events/sports10/circles/148772,제10회 대운동회,Day2
필드위의환승연애,아델리,,,,,2sp,블루록,,"나기레오 쁘띠존 《YES, DARLING》",,나기X레오,로맨틱,,만화,ramuneazy,https://dongne.co/events/sports10/circles/149271,제10회 대운동회,Day2
한여름딸기케이크,논산딸기,,,,,1sp,슬램덩크,,태섭른 쁘띠존 | LUCKY 7 STRIKE ,송태섭,정우성X송태섭,로맨틱,,만화,shstksEkfrl,https://dongne.co/events/sports10/circles/149781,제10회 대운동회,Day2
해동중졸업생커플,J,,,,,2sp,,,호열백호 쁘띠존 | 10x100 사랑은 기하급수적! 2nd ,"양호열,강백호",호열X백호,"로맨틱,섹슈얼",,,,https://dongne.co/events/sports10/circles/148829,제10회 대운동회,Day2
호백이여영원하라,시에,,,,,1sp,슬램덩크,,호열백호 쁘띠존 | 10x100 사랑은 기하급수적! 2nd ,양호열 강백호,,"로맨틱,섹슈얼",,"소설,기타",firstlovesie,https://dongne.co/events/sports10/circles/149845,제10회 대운동회,Day2
김치찌개단일메뉴집,승칠,,,,,2sp,슬램덩크,,태섭대만 쁘띠존 2 ｜풀잎에 적힌 여름 ,정대만,송태섭X정대만,로맨틱,,만화,seungchil_sldk,https://dongne.co/events/sports10/circles/148905,제10회 대운동회,Day2
마라김치찌개마카롱,뀨,,,,,2sp,슬램덩크,주술회전,센루(대협태웅) 쁘띠존 :: 다시 찾아온 여름,"윤대협,서태웅",윤대협X서태웅,섹슈얼,고죠게토,,mangmu_lover,https://dongne.co/events/sports10/circles/149132,제10회 대운동회,Day2
브로콜리애플사이다,"루타비, 시롱토",,,,,2sp,,,태섭대만 쁘띠존 2 ｜풀잎에 적힌 여름 ,"송태섭,정대만",송태섭X정대만,"로맨틱,해당없음",,"일러스트,만화","lutaby_a, qltn_ga",https://dongne.co/events/sports10/circles/149002,제10회 대운동회,Day2
송태섭비빔밥전문점,"우주, 여노, 금물결",,,,,2sp,슬램덩크,,태섭른 쁘띠존 | LUCKY 7 STRIKE ,"송태섭,정우성,이명헌",정우성X송태섭,로맨틱,"우태명, 명태우","만화,일러스트,소설,기타","25_uju, yeonnong97, waveunderthesun",https://dongne.co/events/sports10/circles/149297,제10회 대운동회,Day2
어떻게든해보기클럽,익명,,,,,2sp,슬램덩크,,태섭른 쁘띠존 | LUCKY 7 STRIKE ,송태섭,,"로맨틱,섹슈얼",,소설,,https://dongne.co/events/sports10/circles/149522,제10회 대운동회,Day2
천생연분결혼합시다,벨로루시,,,,,2sp,슬램덩크,,센루(대협태웅) 쁘띠존 :: 다시 찾아온 여름,윤대협 서태웅,,로맨틱,,소설,maplespirit30,https://dongne.co/events/sports10/circles/149157,제10회 대운동회,Day2
가오는회지에서나온다,뿅,,,,,2sp,슬램덩크,,우성명헌 쁘띠존 | 우연일까? 운명이야!,,,,,,,https://dongne.co/events/sports10/circles/149674,제10회 대운동회,Day2
요아정에블루베리추가,구독계,,,,,1sp,블루록,,"나기레오 쁘띠존 《YES, DARLING》",나기와 레오,나기X레오,로맨틱,,기타,bluelockngro,https://dongne.co/events/sports10/circles/149632,제10회 대운동회,Day2
하라주쿠공개프로포즈,바나,,,,,2sp,블루록,,"나기레오 쁘띠존 《YES, DARLING》","나기 세이시로,미카게 레오",나기 세이시로X미카게 레오,로맨틱,,일러스트,bana_7058,https://dongne.co/events/sports10/circles/148996,제10회 대운동회,Day2
진훈정보산업고등학교 디지털미디어디자인과,"4호점, 단비",,,,,2sp,가비지타임,,,진훈정산,,,,"만화,일러스트","HEXa1d7c9, shdshfrha",https://dongne.co/events/sports10/circles/148977,제10회 대운동회,Day2
대만아옥상으로왜불렀어,"밈밈, 한유",,,,,2sp,슬램덩크,,태섭대만 쁘띠존 2 ｜풀잎에 적힌 여름 ,"송태섭,정대만",송태섭X정대만,로맨틱,,"일러스트,기타,게임,소설,만화",mim_mim714,https://dongne.co/events/sports10/circles/149398,제10회 대운동회,Day2
대한도연안고래보호협회,독구,,,,,1sp,가비지타임,,,기상호,,,,만화,,https://dongne.co/events/sports10/circles/149346,제10회 대운동회,Day2
태섭이의평생발닦개왈왈,악질,,,,,1sp,,,태섭른 쁘띠존 | LUCKY 7 STRIKE ,,,해당없음,우성태섭 ,,7bro7coli,https://dongne.co/events/sports10/circles/149304,제10회 대운동회,Day2
나는이기려고한적도없는데,아가미,,,,,1sp,블루록,,"나기레오 쁘띠존 《YES, DARLING》","나기 세이시로,미카게 레오",나기 세이시로X미카게 레오,"로맨틱,섹슈얼",,,gamitales,https://dongne.co/events/sports10/circles/148797,제10회 대운동회,Day2
여름에도쉬지말고우명하자,밥풀,,,,,1sp,슬램덩크,,우성명헌 쁘띠존 | 우연일까? 운명이야!,"정우성,이명헌",,로맨틱,,소설,Emdkapwntpdy,https://dongne.co/events/sports10/circles/149537,제10회 대운동회,Day2
일단신청하면뭐라도내겠지,농구둥,,,,,4sp,슬램덩크,,명헌우성 쁘띠존 : 명헌우성이 라지존 ,"이명헌,정우성",이명헌X정우성,로맨틱,,만화,nong9doong,https://dongne.co/events/sports10/circles/149767,제10회 대운동회,Day2
아이시테루제아이보라고했잖아,미진,,,,,1sp,블루록,,,"이사기,바치라,나기,레오",이사기 요이치X바치라 메구루,로맨틱,나기레오,"소설,일러스트",dochoi001,https://dongne.co/events/sports10/circles/149782,제10회 대운동회,Day2
우명새드추종자와그녀의어린양,내가몰알아/민달,,,,,2sp,슬램덩크,,우성명헌 쁘띠존 | 우연일까? 운명이야!,정우성 이명헌,정우성X이명헌,"로맨틱,섹슈얼",,"소설,기타","dmswn8765, slug__904",https://dongne.co/events/sports10/circles/149589,제10회 대운동회,Day2
부스보다더멋진세상으로데려가줘,"댜땨, 이에",,,,,1sp,블루록,,"나기레오 쁘띠존 《YES, DARLING》","나기 세이시로,미카게 레오",나기 세이시로X미카게 레오,로맨틱,사에린,기타,eeerrrdddddd,https://dongne.co/events/sports10/circles/148828,제10회 대운동회,Day2
정대만농구화에붙은어제먹다남은파김치,불감,,,,,2sp,슬램덩크,,,정대만,,,,일러스트,firingpotato,https://dongne.co/events/sports10/circles/149180,제10회 대운동회,Day2
장발남붐은온다정대만의장발을응원하는태섭이사랑단,케밥,,,,,1sp,슬램덩크,,태섭대만 쁘띠존 2 ｜풀잎에 적힌 여름 ,,송태섭X정대만,해당없음,,만화,,https://dongne.co/events/sports10/circles/149793,제10회 대운동회,Day2
나라가망하는중에내응원봉이올드비워너비가된것에대하여,도아닌,,,,,2sp,슬램덩크,,태섭대만 쁘띠존 2 ｜풀잎에 적힌 여름 ,"송태섭,정대만",,섹슈얼,,소설,aabbrraacca,https://dongne.co/events/sports10/circles/149661,제10회 대운동회,Day2
나아는사람모루카닮은나기가다시보게되는데다시그때처럼안닮게물범보면느껴질수도있는거임? 레오도? ~동정축구모루카는 학교최고 인기남의 관심이 피곤해~,"라커, 마히",,,,,2sp,블루록,,"나기레오 쁘띠존 《YES, DARLING》","나기 세이시로,미카게 레오",나기X레오,로맨틱,,만화,"s_blue55, mahizzang",https://dongne.co/events/sports10/circles/148820,제10회 대운동회,Day2
일본고교야구협회 부녀자1지부 ,햄짱이,,,,,2sp,다이아몬드 에이스,다이에이,,,,해당없음,,,masasangorilla,https://dongne.co/events/sports10/circles/149134,제10회 대운동회,Day2
네가1초만빨랐어도더멋진거생각할수있었어,베개님,,,,,1sp,가비지타임,,,"성준수,진재유",성준수X진재유,로맨틱,,,,https://dongne.co/events/sports10/circles/148848,제10회 대운동회,Day2
아기고딩아버지황혼의100세커플,청,,,,,2sp,가비지타임,,,"성준수,진재유",성준수X진재유,"로맨틱,섹슈얼",,만화,,https://dongne.co/events/sports10/circles/148830,제10회 대운동회,Day2
당도100% 호백,당도,,,,,2sp,슬램덩크,,호열백호 쁘띠존 | 10x100 사랑은 기하급수적! 2nd ,"양호열,강백호",양호열X강백호,"로맨틱,섹슈얼",,소설,Sweetdofull,https://dongne.co/events/sports10/circles/149500,제10회 대운동회,Day2
10100 파도꽃이 피었습니다,"보나,상호,자코",,,,,1sp,슬램덩크,,호열백호 쁘띠존 | 10x100 사랑은 기하급수적! 2nd ,"양호열,강백호",양호열X강백호,로맨틱,,소설,sdkvl_bona,https://dongne.co/events/sports10/circles/149447,제10회 대운동회,Day2
<호열백호 쁘띠존 | 10x100 사랑은 기하급수적! 2nd> 주최부스,호열백호 쁘띠존 | 10x100 사랑은 기하급수적! 2nd,,,,,2sp,,,호열백호 쁘띠존 | 10x100 사랑은 기하급수적! 2nd ,,,,,,,https://dongne.co/events/sports10/circles/149005,제10회 대운동회,Day2
1일 1상른의 필요성,구온아,,,,,2sp,가비지타임,,,"기상호,최종수,성준수",성준수X기상호,"로맨틱,섹슈얼",종상,"만화,일러스트,공예",9ona_js,https://dongne.co/events/sports10/circles/149740,제10회 대운동회,Day2
어떻게 부스번호가 114,VT,,,,,1sp,가비지타임,,,임승대 진재유,임승대X진재유,로맨틱,승재승 재유승대 승대재유,,otimku,https://dongne.co/events/sports10/circles/149030,제10회 대운동회,Day2
1만 3천 297시간과 49분,윈저,,,,,2sp,아이실드21,,,히루마 요이치,,섹슈얼,,,,https://dongne.co/events/sports10/circles/148719,제10회 대운동회,Day2
저희 형아를 미드필더로 만든 놈들을 15년 뒤에 부숴주세요,단조,,,,,1sp,블루 록,,사에린 쁘띠존 : 피는 눈(雪)보다 진하다,"이토시 사에,이토시 린",이토시 사에X이토시 린,"해당없음,로맨틱",,만화,,https://dongne.co/events/sports10/circles/149752,제10회 대운동회,Day2
2025 삼파전,은키,,,,,2sp,슬램덩크,없음,,"정대만,송태섭,신현철,이명헌,남훈,강동준",,,,만화,eunkiii08,https://dongne.co/events/sports10/circles/148781,제10회 대운동회,Day2
2025년 썬더일레븐 노인정,새우,,,,,2sp,이나즈마 일레븐,,,"엔도 마모루,카제마루 이치로타",엔도 마모루X카제마루 이치로타,해당없음,키도 유우토x사쿠마 지로,"일러스트,만화",shrimp_eleven,https://dongne.co/events/sports10/circles/149442,제10회 대운동회,Day2
207호,멜,,,,,2sp,슬램덩크,,태섭대만 쁘띠존 2 ｜풀잎에 적힌 여름 ,"송태섭,정대만",,,,,mell3pt,https://dongne.co/events/sports10/circles/149214,제10회 대운동회,Day2
2와 1사이,NK,,,,,1sp,아이실드21,,,,,로맨틱,,,,https://dongne.co/events/sports10/circles/149131,제10회 대운동회,Day2
2m from the sky,츠여,,,,,2sp,슬램덩크,,,"송태섭,송가네",,로맨틱,,,ch_evnfo,https://dongne.co/events/sports10/circles/149393,제10회 대운동회,Day2
호열백호 쁘띠존 사랑은기하급수적!2nd,카트리나,,,,,2sp,슬램덩크,,호열백호 쁘띠존 | 10x100 사랑은 기하급수적! 2nd ,,양호열X강백호,,,,,https://dongne.co/events/sports10/circles/148910,제10회 대운동회,Day2
[제보]3학년 이명헌 여름 이후 두 번째 단추의 행방을 찾습니다[부탁],"뺀찌, 코너",,,,,2sp,슬램덩크,,우성명헌 쁘띠존 | 우연일까? 운명이야!,"정우성,이명헌",정우성X이명헌,,,"만화,일러스트,공예","pppjjj000jjjppp, corner_zz",https://dongne.co/events/sports10/circles/149636,제10회 대운동회,Day2
농구 3년차,농구맘,,,,,2sp,슬램덩크,,,올캐러,,"로맨틱,섹슈얼",,만화,jagijudocat,https://dongne.co/events/sports10/circles/149425,제10회 대운동회,Day2
다원적 돼지 개론 3주차,ㅠㅠ,,,,,2sp,슬램덩크,,,,,,,,,https://dongne.co/events/sports10/circles/149548,제10회 대운동회,Day2
3번째 여름태대,막대사탕,,,,,2sp,슬램덩크,,태섭대만 쁘띠존 2 ｜풀잎에 적힌 여름 ,송태섭,송태섭X정대만,로맨틱,,"기타,만화,일러스트,소설",park_004,https://dongne.co/events/sports10/circles/149327,제10회 대운동회,Day2
303030,엘리,,,,,1sp,슬램덩크,,태섭른 쁘띠존 | LUCKY 7 STRIKE ,"정대만,송태섭",정대만X송태섭,로맨틱,,만화,almondbonbon147,https://dongne.co/events/sports10/circles/148706,제10회 대운동회,Day2
준쟁314,승아,,,,,2sp,가비지타임,,,"성준수,진재유",,"로맨틱,섹슈얼",,소설,Earthistheball,https://dongne.co/events/sports10/circles/149124,제10회 대운동회,Day2
3 더하기 1은 4,이케아,,,,,1sp,가비지타임,,,"성준수,진재유",성준수X진재유,로맨틱,,소설,Ikea_s2z,https://dongne.co/events/sports10/circles/149855,제10회 대운동회,Day2
404,404,,,,,2sp,하이큐,"망배,블루록",,,,,,,,https://dongne.co/events/sports10/circles/148870,제10회 대운동회,Day2
오직47만을,Ney,,,,,2sp,슬랭덩크,,태섭른 쁘띠존 | LUCKY 7 STRIKE ,"이명헌,송태섭",이명헌X송태섭,해당없음,,"만화,일러스트",fleecy412,https://dongne.co/events/sports10/circles/149494,제10회 대운동회,Day2
49,상왕,,,,,1sp,슬램덩크,,명헌우성 쁘띠존 : 명헌우성이 라지존 ,이명헌 정우성,이명헌X정우성,로맨틱,,소설,jsangking,https://dongne.co/events/sports10/circles/149152,제10회 대운동회,Day2
506동 812호,TANG☆,,,,,2sp,블루록,,"나기레오 쁘띠존 《YES, DARLING》","나기 세이시로,미카게 레오",나기 세이시로X미카게 레오,로맨틱,,"일러스트,만화",tang180513,https://dongne.co/events/sports10/circles/149766,제10회 대운동회,Day2
595,595,,,,,1sp,슬램덩크,,,,,,,,vanSLAM_,https://dongne.co/events/sports10/circles/149068,제10회 대운동회,Day2
7월의 소년,구구9,,,,,1sp,가비지타임,,,,,,,,,https://dongne.co/events/sports10/circles/148875,제10회 대운동회,Day2
7058,"방듀, P2ACE",,,,,2sp,블루록,,"나기레오 쁘띠존 《YES, DARLING》","나기 세이시로,미카게 레오",나기 세이시로X미카게 레오,로맨틱,,만화,"baindyu, P2_ace_",https://dongne.co/events/sports10/circles/149275,제10회 대운동회,Day2
711 영원한 여름,COKCOK,,,,,1sp,슬램덩크,,센루(대협태웅) 쁘띠존 :: 다시 찾아온 여름,"센도 아키라,루카와 카에데",,로맨틱,X,만화,colrA0,https://dongne.co/events/sports10/circles/149787,제10회 대운동회,Day2
714 잡화점,만농이,,,,,1sp,슬램덩크,,태섭대만 쁘띠존 2 ｜풀잎에 적힌 여름 ,태섭대만,송태섭X정대만,,,일러스트,tae5e0p,https://dongne.co/events/sports10/circles/149590,제10회 대운동회,Day2
7777777,"태, 소금을 소금소금",,,,,2sp,슬램덩크,,태섭른 쁘띠존 | LUCKY 7 STRIKE ,송태섭,정대만X송태섭,로맨틱,"대협태섭, 태섭른","소설,만화","B_T_0731, salt777SD",https://dongne.co/events/sports10/circles/149355,제10회 대운동회,Day2
통장 잔고 마이너스 94억,"지유, 여민",,,,,2sp,슬램덩크,,우성명헌 쁘띠존 | 우연일까? 운명이야!,정우성 이명헌,정우성X이명헌,해당없음,,"일러스트,만화","Bam__ppy, JE__MIN_",https://dongne.co/events/sports10/circles/149363,제10회 대운동회,Day2
94년 전통의 손맛으로 우명 낋여드립니다,904,,,,,1sp,슬램덩크,"괴담출근,데못죽",우성명헌 쁘띠존 | 우연일까? 운명이야!,,,섹슈얼,,일러스트,9woo4myung,https://dongne.co/events/sports10/circles/149150,제10회 대운동회,Day2
94번가에서 만난 우명,"미,자판기",,,,,2sp,슬램덩크,,우성명헌 쁘띠존 | 우연일까? 운명이야!,"정우성,이명헌",정우성X이명헌,"해당없음,로맨틱",,"만화,일러스트,기타,소설","n_nn_nnn11, 2cha0211",https://dongne.co/events/sports10/circles/149676,제10회 대운동회,Day2
99,Nain,,,,,1sp,슬램덩크,,,양호열 강백호,양호열X강백호,,강백호X양호열,만화,,https://dongne.co/events/sports10/circles/148696,제10회 대운동회,Day2
안녕하세요 BLTV 구독자님들,어리둥절 깜죠,,,,,1sp,블루록,,"나기레오 쁘띠존 《YES, DARLING》","나기 세이시로,미카게 레오",나기X레오,로맨틱,카이이사,,dungjeol,https://dongne.co/events/sports10/circles/148987,제10회 대운동회,Day2
Carmine red 농구점,Carmine*,,,,,2sp,가비지타임,,,박병찬,기상호X박병찬,"로맨틱,섹슈얼",,"일러스트,소설",syromire,https://dongne.co/events/sports10/circles/149055,제10회 대운동회,Day2
D-Esper,케링,,,,,2sp,슬램덩크,"쿠로코의농구,크게휘두르며",센루(대협태웅) 쁘띠존 :: 다시 찾아온 여름,서태웅,윤대협X서태웅,"로맨틱,섹슈얼",,,d_esper_,https://dongne.co/events/sports10/circles/148693,제10회 대운동회,Day2
DIY 센루 공작소,라렛,,,,,1sp,슬램덩크,,센루(대협태웅) 쁘띠존 :: 다시 찾아온 여름,"서태웅,윤대협",,"로맨틱,섹슈얼",,"소설,일러스트",lapiscarlet,https://dongne.co/events/sports10/circles/149459,제10회 대운동회,Day2
Endless Dream,루다,,,,,2sp,슬램덩크,,,"송태섭,이한나,이달재",송태섭X이한나,로맨틱,,,karlin_123,https://dongne.co/events/sports10/circles/148908,제10회 대운동회,Day2
halogen,F,,,,,2sp,슬램덩크,,태섭대만 쁘띠존 2 ｜풀잎에 적힌 여름 ,,송태섭X정대만,,,,halogenspo,https://dongne.co/events/sports10/circles/148887,제10회 대운동회,Day2
Horizon Blue,방울로랑,,,,,2sp,슬램덩크,,,송태섭 정대만,송태섭X정대만,"로맨틱,섹슈얼",대만태섭 ,,Bangoul00,https://dongne.co/events/sports10/circles/148726,제10회 대운동회,Day2
옥천HUB,람,,,,,1sp,슬램덩크,,센루(대협태웅) 쁘띠존 :: 다시 찾아온 여름,"센루,대협태웅",,"로맨틱,섹슈얼",,소설,flatb201,https://dongne.co/events/sports10/circles/149501,제10회 대운동회,Day2
니 죽이는 생각은 I LUV U 라는 뜻이니까,축살마,,,,,1sp,블루록,,,"이사기 요이치,미하엘 카이저",이사기 요이치X미하엘 카이저,로맨틱,,,Xxxisxxv,https://dongne.co/events/sports10/circles/149170,제10회 대운동회,Day2
in the gym,옷바구니,,,,,1sp,쿠로코의 농구,슬램덩크,,"아카시 세이쥬로,마유즈미 치히로,루카와 카에데,사쿠라기 하나미치",아카시 세이쥬로X마유즈미 치히로,로맨틱,태웅백호,"만화,소설",basket_bag,https://dongne.co/events/sports10/circles/148968,제10회 대운동회,Day2
다ISKI,mos,,,,,1sp,블루록,,,"이사기 요이치,미하엘 카이저",이사기 요이치X미하엘 카이저,로맨틱,,만화,mcrcmos,https://dongne.co/events/sports10/circles/149001,제10회 대운동회,Day2
KANAGAWA LOVER,けんゆう,,,,,2sp,,,태섭대만 쁘띠존 2 ｜풀잎에 적힌 여름 ,태섭태만,,,,기타,Jyanyu_0822,https://dongne.co/events/sports10/circles/149715,제10회 대운동회,Day2
코트K상른S 66 각성모드 600%,목가,,,,,1sp,가비지타임,,,,,로맨틱,,,,https://dongne.co/events/sports10/circles/148980,제10회 대운동회,Day2
<태섭른 쁘띠존 | LUCKY 7 STRIKE> 주최부스,태섭른 쁘띠존 | LUCKY 7 STRIKE,,,,,2sp,,,태섭른 쁘띠존 | LUCKY 7 STRIKE ,,,,,,,https://dongne.co/events/sports10/circles/148733,제10회 대운동회,Day2
Midnight Tea Time,黑糖,,,,,1sp,슬램덩크,하이큐,모두의 카에데 : 태웅른 쁘띠존,"정대만,서태웅",정대만X서태웅,로맨틱,우성태웅,소설,,https://dongne.co/events/sports10/circles/149277,제10회 대운동회,Day2
MOBY DICK CRUISE,YAL,,,,,2sp,슬램덩크,원피스,우성명헌 쁘띠존 | 우연일까? 운명이야!,"정우성,이명헌",,로맨틱,마르루치,"만화,일러스트",telagente,https://dongne.co/events/sports10/circles/149430,제10회 대운동회,Day2
Mr.Princess,火星,,,,,1sp,슬램덩크,없음,우성명헌 쁘띠존 | 우연일까? 운명이야!,,정우성X이명헌,로맨틱,없음,"사진,일러스트,기타","tora94tora1114, Shang0404, xiememe_08",https://dongne.co/events/sports10/circles/149609,제10회 대운동회,Day2
                                                                                                                                                                                                     N.F,픽중,,,,,2sp,블루록,,"나기레오 쁘띠존 《YES, DARLING》","나기 세이시로,미카게 레오",나기 세이시로X미카게 레오,"로맨틱,섹슈얼",,"만화,일러스트",V_saboten_V,https://dongne.co/events/sports10/circles/148806,제10회 대운동회,Day2
지금이 바로 ngro해야할때,돗히,,,,,1sp,블루록,,"나기레오 쁘띠존 《YES, DARLING》","나기세이시로,미카게레오",나기 세이시로X미카게 레오,"로맨틱,섹슈얼",,"소설,공예",,https://dongne.co/events/sports10/circles/148833,제10회 대운동회,Day2
엄마아빠 보다 많이 본 ngro,공로,,,,,1sp,블루록,,"나기레오 쁘띠존 《YES, DARLING》",나기세이시로 / 미카게 레오,,,,일러스트,_ballro,https://dongne.co/events/sports10/circles/149377,제10회 대운동회,Day2
not fish,"명사, 티크밀",,,,,2sp,슬램덩크,,태섭른 쁘띠존 | LUCKY 7 STRIKE ,이명헌 송태섭,이명헌X송태섭,"로맨틱,섹슈얼",태섭른,"소설,만화,일러스트",mhtslove,https://dongne.co/events/sports10/circles/149503,제10회 대운동회,Day2
ONSET,사비크,,,,,1sp,블루록,,,"이사기 요이치,미하엘 카이저",이사기 요이치X미하엘 카이저,로맨틱,,,saipera_ul,https://dongne.co/events/sports10/circles/148883,제10회 대운동회,Day2
Pastel Orange,heidi,,,,,2sp,슬램덩크,,센루(대협태웅) 쁘띠존 :: 다시 찾아온 여름,"윤대협,서태웅,센도 아키라,루키와 카에데",윤대협X서태웅,"로맨틱,섹슈얼",센루,소설,tpqmsxdlffpqms,https://dongne.co/events/sports10/circles/148795,제10회 대운동회,Day2
peartree,"dol, 선인장",,,,,2sp,하이큐,,,,스나 린타로X미야 아츠무,로맨틱,,"만화,소설",dorubare,https://dongne.co/events/sports10/circles/149418,제10회 대운동회,Day2
Record No.7058,나기레오 앤솔로지,,,,,2sp,블루 록,,"나기레오 쁘띠존 《YES, DARLING》","나기 세이시로,미카게 레오",나기 세이시로X미카게 레오,,,"만화,소설,일러스트",RecordNo7058,https://dongne.co/events/sports10/circles/149105,제10회 대운동회,Day2
SOURPLACE,사워,,,,,2sp,슬램덩크,,센루(대협태웅) 쁘띠존 :: 다시 찾아온 여름,"윤대협,서태웅",윤대협X서태웅,"로맨틱,섹슈얼",,"만화,일러스트,소설",sourcream0314,https://dongne.co/events/sports10/circles/148886,제10회 대운동회,Day2
todac_s,쓩늉,,,,,2sp,가비지타임,,,전영중,,,,,,https://dongne.co/events/sports10/circles/148884,제10회 대운동회,Day2
tsdm,도토리,,,,,2sp,슬램덩크,,태섭대만 쁘띠존 2 ｜풀잎에 적힌 여름 ,송태섭 정대만,송태섭X정대만,섹슈얼,,만화,2t5dtr,https://dongne.co/events/sports10/circles/149663,제10회 대운동회,Day2
사랑은 TV를 타고,smk02496,,,,,2sp,슬램덩크,,호열백호 쁘띠존 | 10x100 사랑은 기하급수적! 2nd ,"양호열,강백호",양호열X강백호,"섹슈얼,로맨틱",,,SE0L4N9,https://dongne.co/events/sports10/circles/149006,제10회 대운동회,Day2
Twinkle Summer Miracle - 포케후지 앤솔로지,포케후지 앤솔로지,,,,,2sp,우마무스메 프리티더비,,,"정글 포켓,후지 키세키",정글 포켓X후지 키세키,로맨틱,,"만화,소설",pocketxfuji,https://dongne.co/events/sports10/circles/149541,제10회 대운동회,Day2
XX해라!,쀼,,,,,1sp,블루록,,"나기레오 쁘띠존 《YES, DARLING》",나기레오,,"해당없음,로맨틱,섹슈얼",,"만화,소설",,https://dongne.co/events/sports10/circles/148914,제10회 대운동회,Day2
"<나기레오 쁘띠존 《YES, DARLING》> 주최부스","나기레오 쁘띠존 《YES, DARLING》",,,,,2sp,,,"나기레오 쁘띠존 《YES, DARLING》",,,,,,yesmysweetboss,https://dongne.co/events/sports10/circles/149104,제10회 대운동회,Day2
우명창고 小개방,094,,,,,2sp,,,우성명헌 쁘띠존 | 우연일까? 운명이야!,,,,,기타,gonggusa,https://dongne.co/events/sports10/circles/149409,제10회 대운동회,Day2
美味!!!,TMD,,,,,1sp,슬램덩크,,태섭대만 쁘띠존 2 ｜풀잎에 적힌 여름 ,,송태섭X정대만,해당없음,,만화,nbaequ,https://dongne.co/events/sports10/circles/149603,제10회 대운동회,Day2
<사에린 쁘띠존 : 피는 눈(雪)보다 진하다> 주최부스,사에린 쁘띠존 : 피는 눈(雪)보다 진하다,,,,,2sp,,,사에린 쁘띠존 : 피는 눈(雪)보다 진하다,,,,,,,https://dongne.co/events/sports10/circles/149210,제10회 대운동회,Day2
