부스명,대표자,위치,위치(열),위치(번호),반부스,부스,대표 작품(원작),그 외 다루는 작품,쁘띠존,캐릭터,커플링,커플링 성향,그 외 커플링,매체,트위터,링크,행사명,개최일
^ㅔ카이에 갇힌 돼지들,"데미소다, ml인공수집",,,,,2sp,프로젝트세카이,,,,카미시로 루이X텐마 츠카사,,"토우아키, 렌카이",,,https://dongne.co/events/df2601/circles/157769,제32회 디. 페스타,Day1
~마감이 두려운 칼겜부스~ 정상영업중,쓰읍,,,,,1sp,도검난무,,시간정부명예공무원 복지위원회,올캐릭터,검X사니와,"로맨틱,해당없음",,"일러스트,기타",@iuoyi11,https://dongne.co/events/df2601/circles/158816,제32회 디. 페스타,Day1
<무협 통합 온리전> 주최부스,무협 통합 온리전,,,,,2sp,,,무협 통합 온리전,,,,,,,https://dongne.co/events/df2601/circles/157040,제32회 디. 페스타,Day1
<버디 퍼니 데이트 타임!> 주최부스,버디 퍼니 데이트 타임!,,,,,2sp,,,버디 퍼니 데이트 타임!,,,,,,,https://dongne.co/events/df2601/circles/157435,제32회 디. 페스타,Day1
"<끝나지 않는 축제, 라이브라> 주최부스","끝나지 않는 축제, 라이브라",,,,,2sp,혈계전선,,"끝나지 않는 축제, 라이브라",혈계전선 등장 캐릭터 전반(애니 오리지널 캐릭터 포함),,,,,@Hello_BBB_petit,https://dongne.co/events/df2601/circles/157492,제32회 디. 페스타,Day1
<과부만들지마> 주최부스,과부만들지마,,,,,2sp,콜 오브 듀티,,과부만들지마,,,,,일러스트,@coddreamzone ,https://dongne.co/events/df2601/circles/156789,제32회 디. 페스타,Day1
<시간정부명예공무원 복지위원회> 주최부스,시간정부명예공무원 복지위원회,,,,,2sp,,,시간정부명예공무원 복지위원회,,,,,,,https://dongne.co/events/df2601/circles/156329,제32회 디. 페스타,Day1
 ㅇㅇㅇ,서머,,,,,2sp,니지산지,,,,,,,,,https://dongne.co/events/df2601/circles/157467,제32회 디. 페스타,Day1
 쁘띠뽀짝,뽀짝쿵야,,,,,2sp,"괴담출근,이착헌,케데헌,데못죽","플레이브,전독시,내스급,슬램덩크,하이큐,스파이패밀리,코난,뮤지컬 프랑켄슈타인,최애의 아이",,,,,,,@BBoJJaKKyu,https://dongne.co/events/df2601/circles/156339,제32회 디. 페스타,Day1
 화령열사, 화령열사,,,,,2sp,명일방주,,2026 로도스 아일랜드 정기발표회,,,,,일러스트,,https://dongne.co/events/df2601/circles/157888,제32회 디. 페스타,Day1
.,오브,,,,,2sp,,,,,,,,,@imbongg4,https://dongne.co/events/df2601/circles/157617,제32회 디. 페스타,Day1
.,사샤,,,,,1sp,,,,,,,,,,https://dongne.co/events/df2601/circles/157753,제32회 디. 페스타,Day1
.,김당무,,,,,2sp,블루록,,,"이토시 린,이토시 사에",이토시 사에X이토시 린,"로맨틱,섹슈얼,해당없음",,"만화,일러스트",@blue_puliya_,https://dongne.co/events/df2601/circles/158629,제32회 디. 페스타,Day1
.,"36, 1414",,,,,2sp,"사카모토 데이즈,사카데이",,,"나구모 요이치,아사쿠라 신",나구모 요이치X아사쿠라 신,,,"만화,일러스트,기타",@001oTak,https://dongne.co/events/df2601/circles/156879,제32회 디. 페스타,Day1
.,.,,,,,1sp,주술회전,,,"고죠 사토루,게토 스구루",고죠 사토루X게토 스구루,"로맨틱,섹슈얼",,소설,,https://dongne.co/events/df2601/circles/157646,제32회 디. 페스타,Day1
.,그렇게됏다..,,,,,2sp,,,,,,,,,,https://dongne.co/events/df2601/circles/156947,제32회 디. 페스타,Day1
.,달님,,,,,1sp,.,,,,,,,,.,https://dongne.co/events/df2601/circles/158071,제32회 디. 페스타,Day1
.,.,,,,,1sp,,,,,오오사키X시즈마,,,,.,https://dongne.co/events/df2601/circles/157513,제32회 디. 페스타,Day1
..,QUA,,,,,1sp,괴담에 떨어져도 출근을 해야 하는구나,,,,,,,,@quaaaa_books,https://dongne.co/events/df2601/circles/158843,제32회 디. 페스타,Day1
‘명흔’,비조,,,,,1sp,명일방주,,2026 로도스 아일랜드 정기발표회,,스카디X스펙터,,,,bijobj4,https://dongne.co/events/df2601/circles/156672,제32회 디. 페스타,Day1
(주)무림미식회,단팥빵,,,,,1sp,무림제일폐: 월한강천록,,,유소월,홍륜X소월,"로맨틱,섹슈얼",소월른,"만화,일러스트",@Annbbang,https://dongne.co/events/df2601/circles/158015,제32회 디. 페스타,Day1
ㅇ,하나나나나,,,,,2sp,,,,,,,,,,https://dongne.co/events/df2601/circles/156199,제32회 디. 페스타,Day1
냐,루,,,,,2sp,우마무스메,데못죽,,,,,,,,https://dongne.co/events/df2601/circles/156243,제32회 디. 페스타,Day1
왼,.,,,,,1sp,명탐정 코난,,,신이치,,,,,,https://dongne.co/events/df2601/circles/156055,제32회 디. 페스타,Day1
점,.,,,,,1sp,,,,,,,,,,https://dongne.co/events/df2601/circles/157319,제32회 디. 페스타,Day1
점,쩌미,,,,,1sp,체인소맨,,,덴레제,,,,,,https://dongne.co/events/df2601/circles/158405,제32회 디. 페스타,Day1
핫,yaming,,,,,2sp,,,,,,,,"기타,공예,조형",,https://dongne.co/events/df2601/circles/157655,제32회 디. 페스타,Day1
농~,nong,,,,,1sp,닌타마 란타로,,,,,,,,,https://dongne.co/events/df2601/circles/156914,제32회 디. 페스타,Day1
꿈 속의 토끼,쌀토끼,,,,,1sp,원피스,화산귀환,,크로커다일,,"로맨틱,섹슈얼",도플크로,소설,@dreamtokki,https://dongne.co/events/df2601/circles/156313,제32회 디. 페스타,Day1
한 고게 넘어 사랑!,양갱,,,,,2sp,주술회전,은혼,,"고죠사토루,게토스구루",고죠 사토루X게토 스구루,로맨틱,,만화,@za_yess,https://dongne.co/events/df2601/circles/157210,제32회 디. 페스타,Day1
길 잃은 자가 찾아드는 빛,"카르티온, 상상력을발휘해라",,,,,1sp,무기미도,"마왕의 고백,명탐정 코난",,헤카테,맥퀸X리사,로맨틱,,"만화,일러스트","@kaleution, @isnogivenewchap",https://dongne.co/events/df2601/circles/157810,제32회 디. 페스타,Day1
흙 속의 인디고,인디고,,,,,1sp,,,,,,,,공예,@digogo5220,https://dongne.co/events/df2601/circles/156494,제32회 디. 페스타,Day1
아 누가 키드신 안 해주나,덕팔,,,,,1sp,명탐정 코난,,Another stage,쿠도 신이치,괴도키드X쿠도 신이치,로맨틱,,"소설,기타",@_deepblueblue_,https://dongne.co/events/df2601/circles/157318,제32회 디. 페스타,Day1
쥐 코에 뽀뽀해도 되요?,새양쥐,,,,,2sp,도검난무,,시간정부명예공무원 복지위원회,올캐,,,,기타,,https://dongne.co/events/df2601/circles/158820,제32회 디. 페스타,Day1
이 세계는 그 아이가 구해줬으니 열심히 살아야지,핌폼,,,,,2sp,누카니발,페르소나3,,"큐야,에이트,페르소나3 주인공,아이기스",큐야X에이트,"로맨틱,섹슈얼,해당없음",,"만화,기타",@pimpompampomm,https://dongne.co/events/df2601/circles/158757,제32회 디. 페스타,Day1
눈 떠보니 낯선 부스였다.,챠이,,,,,2sp,"괴담출근,데못죽",,,,,,,,CHA_E_moum,https://dongne.co/events/df2601/circles/158172,제32회 디. 페스타,Day1
금 찾다가 괴담됨 갓뎀!,낫,,,,,1sp,골든 카무이,"갓겜하다 갓됨 갓뎀!,괴담출근",,"츠루미,파비오,냐폴레옹",,,,"만화,일러스트,소설",@natkamuy,https://dongne.co/events/df2601/circles/158196,제32회 디. 페스타,Day1
니 스승의 한계를 보려하는가,달안개,,,,,1sp,대역전재판,,Don't forget DL6 ~DL6호 사건을 잊지마라~ ,"종자,바로크 반직스",종자X바로크 반직스,로맨틱,아소류,소설,@Dalfog_,https://dongne.co/events/df2601/circles/158428,제32회 디. 페스타,Day1
앗 문명이 파괴됐어~ 오래 쓰긴 했지~,슼,,,,,2sp,소년기의 끝,"명일방주,페이트/그랜드 오더",2026 로도스 아일랜드 정기발표회,,캄파넬라X조반니,"로맨틱,섹슈얼",레싱에벤,"만화,일러스트",Li5rim,https://dongne.co/events/df2601/circles/157123,제32회 디. 페스타,Day1
이 부스가 열린다면 무사히 마감을 끝낸 것이겠죠,Rok,,,,,2sp,게게게의 키타로,,,키타로,,로맨틱,,,rok00713,https://dongne.co/events/df2601/circles/157961,제32회 디. 페스타,Day1
딱 들어맞는 퇔,이영,,,,,1sp,프로젝트 세카이(feat.하츠네미쿠),,,"아오야기 토우야,시노노메 아키토",아오야기 토우야X시노노메 아키토,"로맨틱,섹슈얼",,소설,@kamihigh1112,https://dongne.co/events/df2601/circles/157417,제32회 디. 페스타,Day1
앗 바리아퇴사 입사보다어렵다,아키,,,,,1sp,가정교사히트맨리본,X,가히리요? 2026년에요?,바리아,,,,"만화,일러스트,기타",aki_akiyaya,https://dongne.co/events/df2601/circles/158894,제32회 디. 페스타,Day1
"앗, 뱀이다아 뱀이다아 몸에좋고 맛도좋은 뱜이다아 뱜이다아~ 요놈의 다비를 사로잡아 우리 홐쑤 서방을 삼아주자♡ ",근,,,,,2sp,나의 히어로 아카데미아,,,"다비,호크스,바쿠고,데쿠",,"로맨틱,섹슈얼",캇데쿠,"소설,일러스트,만화",DH_flamewing24,https://dongne.co/events/df2601/circles/156900,제32회 디. 페스타,Day1
희:삐아체레 사천당가에디션,삐아체레,,,,,2sp,,,,,,,,,,https://dongne.co/events/df2601/circles/156946,제32회 디. 페스타,Day1
어? 명탐정이 왜 멀어지지?  내 행글라이더가 멈추지 않는 탓일까ㅜ.ㅜ,바다,,,,,2sp,명탐정 코난 / 매직 카이토,,Another stage,괴도키드 고희도 남도일 코난,쿠로바 카이토(고희도)X쿠도 신이치(남도일),"로맨틱,섹슈얼",괴도키드×쿠도 신이치,"만화,일러스트,소설,기타,공예",@B4DA_1412 ,https://dongne.co/events/df2601/circles/157554,제32회 디. 페스타,Day1
또... 실패했습니다...,마로롱,,,,,2sp,파라라이,,,,,,,,,https://dongne.co/events/df2601/circles/157290,제32회 디. 페스타,Day1
어...코반 모자라,시경,,,,,1sp,도검난무,,시간정부명예공무원 복지위원회,,,,,만화,X,https://dongne.co/events/df2601/circles/157157,제32회 디. 페스타,Day1
취.향.에 맞는 스팁레오 다 있다,사라,,,,,1sp,혈계전선,,"끝나지 않는 축제, 라이브라","스티븐 A 스타페이즈,레오나르도 워치",스티븐 A 스타페이즈X레오나르도 워치,"섹슈얼,로맨틱",,소설,@on_se_renity,https://dongne.co/events/df2601/circles/156454,제32회 디. 페스타,Day1
☆*:.｡.,화,,,,,1sp,화산귀환,괴담출근,,청명,,,,,byugging_,https://dongne.co/events/df2601/circles/157142,제32회 디. 페스타,Day1
감튀,cxuxe,,,,,1sp,혈계전선,,"끝나지 않는 축제, 라이브라",,,,,,,https://dongne.co/events/df2601/circles/156966,제32회 디. 페스타,Day1
고게,.,,,,,1sp,주술회전,,,고죠 사토루 x 게토 스구루,,로맨틱,,만화,,https://dongne.co/events/df2601/circles/158074,제32회 디. 페스타,Day1
고고,포포,,,,,2sp,"사카모토 데이즈,데못죽,주술회전",,,,,,,"일러스트,만화",,https://dongne.co/events/df2601/circles/157458,제32회 디. 페스타,Day1
깨갱,깨갱,,,,,1sp,"가라오케 가자!,은혼","패밀리레스토랑 가자,여학교의 별",,"사카타 긴토키,히지카타 토시로,나리타 쿄지,오카 사토미",사카타 긴토키X히지카타 토시로,로맨틱,나리타 쿄지 X 오카 사토미,"일러스트,만화",Algamja__0927,https://dongne.co/events/df2601/circles/158197,제32회 디. 페스타,Day1
꼬옥,꼬옥,,,,,2sp,슬램덩크,,,정대만,,로맨틱,,"만화,일러스트,공예",@kkoog_TT,https://dongne.co/events/df2601/circles/156210,제32회 디. 페스타,Day1
멍왈,JC,,,,,1sp,도쿄리벤저스,괴담에 떨어져도 출근을 해야 하는구나,,하나가키 타케미치,,,,일러스트,,https://dongne.co/events/df2601/circles/156497,제32회 디. 페스타,Day1
미정,쿠쿠,,,,,2sp,프로젝트 세카이,,,,,,,,,https://dongne.co/events/df2601/circles/156515,제32회 디. 페스타,Day1
솜솜,"젱이, 제트",,,,,1sp,나루토 헌헌 은혼 괴출,헌헌,,,,,,,@zzzztt00,https://dongne.co/events/df2601/circles/157532,제32회 디. 페스타,Day1
수박,수박,,,,,2sp,괴수8호,,,,,,,,,https://dongne.co/events/df2601/circles/156742,제32회 디. 페스타,Day1
이얍,LOC,,,,,2sp,,,,,,,,,,https://dongne.co/events/df2601/circles/156143,제32회 디. 페스타,Day1
임시,빠엔,,,,,1sp,역전재판,,Don't forget DL6 ~DL6호 사건을 잊지마라~ ,"유가미 진,키즈키 코코네",유가미 진X키즈키 코코네,해당없음,,만화,,https://dongne.co/events/df2601/circles/157770,제32회 디. 페스타,Day1
크림,챠비별,,,,,2sp,,,,,,,,,,https://dongne.co/events/df2601/circles/157166,제32회 디. 페스타,Day1
파래,닷땃,,,,,2sp,장르소설,1차 BL,,,,로맨틱,,"일러스트,소설",,https://dongne.co/events/df2601/circles/157000,제32회 디. 페스타,Day1
회귀,회귀,,,,,2sp,괴담출근,가비지타임,,,,,,,,https://dongne.co/events/df2601/circles/157851,제32회 디. 페스타,Day1
말랑 솜 마을 입양 보호소: 폭신폭신 새솜 쉼터,SATTAN,,,,,2sp,"콜 오브 듀티,콜옵",,과부만들지마,"크루거,닉토,쾨니히,고스트 등등",,,,일러스트,_SATTAN_,https://dongne.co/events/df2601/circles/156635,제32회 디. 페스타,Day1
"나롯 한 스푼, 나롯 종착쩜",스푼,,,,,2sp,괴수8호,,,"나루미 겐,호시나 소우시로",나루미 겐X호시나 소우시로,로맨틱,,"소설,기타",@spoonie0,https://dongne.co/events/df2601/circles/158712,제32회 디. 페스타,Day1
가질 수 없다면 부숴버리겠어,할롯,,,,,2sp,콜 오브 듀티,아비소스,,"쾨니히,고스트,아비소스(1차)",,해당없음,,"만화,일러스트,사진",@Touuax,https://dongne.co/events/df2601/circles/156422,제32회 디. 페스타,Day1
세븐 투 파이브_토마토 장수,"♥♡, 행",,,,,2sp,주술회전,,,"게토 스구루,고죠 사토루",게토 스구루X고죠 사토루,로맨틱,,"만화,일러스트,기타","@Charcoal_725, @lxng725",https://dongne.co/events/df2601/circles/157846,제32회 디. 페스타,Day1
나야 나 오오에에 나오는 미나타마라고,파파 ,,,,,2sp,울C ADELTA,"하시히메,오오에",,"코즈카 아키라,카고메 쇼타로",코즈카 아키라X카고메 쇼타로,로맨틱,,"기타,만화,소설",@Fappaaf5,https://dongne.co/events/df2601/circles/158783,제32회 디. 페스타,Day1
아직 안 배웠나봐!,김뿝,,,,,2sp,닌타마,,,"도이,리키치,6닌",야마다 리키치X도이 한스케,로맨틱,,"만화,일러스트,기타",@gimppub_kk,https://dongne.co/events/df2601/circles/158968,제32회 디. 페스타,Day1
검은 새벽,김래곤,,,,,2sp,,,,,,,,일러스트,kimlaegon911,https://dongne.co/events/df2601/circles/156764,제32회 디. 페스타,Day1
매싸 좋아 협회,바루,,,,,1sp,가정교사 히트맨 리본,카리스마 하우스,가히리요? 2026년에요?,"사와다 츠나요시,고쿠데라 하야토,스패너,이외 기타등등",고쿠테라 하야토X사와다 츠나요시,로맨틱,이오사루,"만화,일러스트",@baru_paint,https://dongne.co/events/df2601/circles/158572,제32회 디. 페스타,Day1
낮과 저녁 사이 여행,링구장,,,,,1sp,18TRIP,,,"아제카와 키나리,도메키 쿠구리",아제카와 키나리X도메키 쿠구리,해당없음,,"만화,소설,기타",senohikuikuchou,https://dongne.co/events/df2601/circles/156289,제32회 디. 페스타,Day1
봄이 오면 꽃이 피고,Team OGM,,,,,4sp,봄이 오면 꽃이 피고,,,,,,,"게임,기타",team_ogm,https://dongne.co/events/df2601/circles/156366,제32회 디. 페스타,Day1
봄이 오면 꽃이 피고,Team OGM,,,,,4sp,봄이 오면 꽃이 피고,,,,,,,"게임,기타",team_ogm,https://dongne.co/events/df2601/circles/158908,제32회 디. 페스타,Day1
테라 꼴이 이게 뭐니! 복합문화공간이에요.,띠링,,,,,2sp,명일방주,,2026 로도스 아일랜드 정기발표회,"라테라노,쉐이,어비셜",,,,일러스트,@dividedbicycle,https://dongne.co/events/df2601/circles/157145,제32회 디. 페스타,Day1
가챠 비틱 기원 위원회,니루,,,,,1sp,원신,"마법사와 검은고양이 위즈,젠레스 존 제로",,,,,,,kkulbbang030,https://dongne.co/events/df2601/circles/156314,제32회 디. 페스타,Day1
우리 바다 가께...,고래빵,,,,,1sp,플레이브,,,,,,,,@DOLPHIN_BREAD,https://dongne.co/events/df2601/circles/156596,제32회 디. 페스타,Day1
쟤네 쟆레 잡네...,리ㅍ,,,,,2sp,혈계전선,,"끝나지 않는 축제, 라이브라","재프 렌프로,레오나르도 워치",재프 렌프로X레오나르도 워치,"로맨틱,섹슈얼,해당없음",,기타,@lee_p_bbb,https://dongne.co/events/df2601/circles/157223,제32회 디. 페스타,Day1
네버 엔딩 스토리,쵸이,,,,,2sp,쿠로코의 농구,,,쿠로코,,,,소설,,https://dongne.co/events/df2601/circles/156401,제32회 디. 페스타,Day1
볕이 드는 언덕길,쿠렌,,,,,2sp,가치아쿠타,"윈브레,괴담출근,은혼,고전소녀,사이쿠스,러키스타,헌터x헌터",,,,,,,,https://dongne.co/events/df2601/circles/157390,제32회 디. 페스타,Day1
저희 골든 에이지 정상 영업 합니다,dpn,,,,,1sp,명일방주,,2026 로도스 아일랜드 정기발표회,"쏜즈,엘리시움,아이린,루멘",,,,"조형,기타",,https://dongne.co/events/df2601/circles/158933,제32회 디. 페스타,Day1
하고 싶은 얘기가 너무 많은데 정리가 안돼,렝,,,,,1sp,역전재판,역전검사,Don't forget DL6 ~DL6호 사건을 잊지마라~ ,"반 고조,유가미 진,시가라키 타테유키",유가미 진X반 고조,"로맨틱,해당없음",,게임,@hl_gtsb,https://dongne.co/events/df2601/circles/156511,제32회 디. 페스타,Day1
랩도 하고 마법도 씁니다,kng01071,,,,,2sp,파라라이,마호야쿠,,"연하준,스가사노 알렌,오웬,카인",,"로맨틱,섹슈얼",오웬x카인,"만화,일러스트",@semopara,https://dongne.co/events/df2601/circles/156677,제32회 디. 페스타,Day1
일단 내면 뭐라도 되겠지,갈치구이 ,,,,,1sp,Fate/Grand Order,,,"로마니 아키만,솔로몬,후지마루 리츠카,마슈 키리에라이트,멀린",멀린X로마니 아키만,로맨틱,,만화,galchigui_777,https://dongne.co/events/df2601/circles/158342,제32회 디. 페스타,Day1
깊은 밤을 날아서 인술학원 갈 수도 있어~,스리루,,,,,1sp,닌자보이 란타로,,,아야베 키하치로,타이라노타키야샤마루X아야베키하치로,로맨틱,"사쿠미아, 쇼히코",소설,@seulilu193680,https://dongne.co/events/df2601/circles/158491,제32회 디. 페스타,Day1
일단 잡은 게고부스,,,,,,1sp,주술회전,,,,게토 스구루X고죠 사토루,,,,,https://dongne.co/events/df2601/circles/157472,제32회 디. 페스타,Day1
나의 동인 아카데미아,rkfao,,,,,1sp,나의 히어로 아카데미아,,,바쿠고 카츠키 미도리야 이즈쿠,바쿠고 카츠키X미도리야 이즈쿠,"로맨틱,섹슈얼",,,@1234554321aaa_,https://dongne.co/events/df2601/circles/157193,제32회 디. 페스타,Day1
우리 부스 정상영업합니다,서현,,,,,2sp,보컬로이드,괴담출근,,,,,,소설,Lai_Lucky_,https://dongne.co/events/df2601/circles/158711,제32회 디. 페스타,Day1
공방 프리즘,리즈,,,,,1sp,"괴담에 떨어져도 출근을 해야 하는구나,블랙배저","플레이브,어메이징 디지털 서커스,보석의나라",,,,,,공예,,https://dongne.co/events/df2601/circles/157622,제32회 디. 페스타,Day1
꿀통 도적단,곰문,,,,,1sp,버튜버(서애덕),,,서애덕,,,,일러스트,"@beardoor_, @Mulam_15, @yellienna, @likkyee_i_",https://dongne.co/events/df2601/circles/157225,제32회 디. 페스타,Day1
마감 통조림,마루,,,,,2sp,명일방주,,,,,,,"소설,일러스트",,https://dongne.co/events/df2601/circles/156820,제32회 디. 페스타,Day1
몽솜 잡화점,몽솜,,,,,1sp,,,,,,,,공예,mongle_softly,https://dongne.co/events/df2601/circles/157315,제32회 디. 페스타,Day1
신랑 혼주석,단지,,,,,4sp,트라이건,,,,니콜라스 D.  울프우드X밧슈 더 스탬피드,"로맨틱,섹슈얼",,,@Danji_tri,https://dongne.co/events/df2601/circles/158005,제32회 디. 페스타,Day1
지친 특덕들,mtona,,,,,2sp,,,,,,,,,,https://dongne.co/events/df2601/circles/156108,제32회 디. 페스타,Day1
우린 아직도 합이 잘 맞는 것 같군,예라,,,,,1sp,붕괴: 스타레일,,,"경원,단항",경원X단항,로맨틱,,소설,,https://dongne.co/events/df2601/circles/158262,제32회 디. 페스타,Day1
무슨 장르로 낼지 단 한명도 정하지 않은 이상한 부스 ,강원도감자 레밍 생크림쌍화차,,,,,2sp,파판14 발더게3 이착헌 역전재판,,,,,,,,,https://dongne.co/events/df2601/circles/156150,제32회 디. 페스타,Day1
네가 원하는 염소는 이 생명함 속에 있어,엄숙한청,,,,,1sp,명일방주,,2026 로도스 아일랜드 정기발표회,레싱 마이어,,,,만화,@D8G3S_X0D,https://dongne.co/events/df2601/circles/156253,제32회 디. 페스타,Day1
이런 씨피가 있었나...?,낙지,,,,,1sp,가정교사 히트맨 리본,18TRIP,가히리요? 2026년에요?,"고쿠요,히바리",죠시마 켄X카키모토 치쿠사,로맨틱,,"만화,소설,일러스트,기타",nakkjiii,https://dongne.co/events/df2601/circles/158649,제32회 디. 페스타,Day1
현생 때문에 동인활동 자체를 못한 사람....,리펠,,,,,1sp,혈계,,"끝나지 않는 축제, 라이브라",미정,,,,"공예,기타",@fnfn_44,https://dongne.co/events/df2601/circles/156234,제32회 디. 페스타,Day1
나는 갈테야 데한민국으로 갈테야,병정이,,,,,2sp,괴담에 떨어져도 출근을 해야 하는 구나,"데뷔 못 하면 죽는 병 걸림,가비지타임,주술회전,러브 앤 딥 스페이스,하이큐",,"J3,브라운,박문대,청려,차유진,김래빈,하우주,쿠로오",,,,일러스트,@DUDUDU123_3,https://dongne.co/events/df2601/circles/157837,제32회 디. 페스타,Day1
성배 탐색부!,체령,,,,,2sp,Fate/Grand Order,,,,,,,일러스트,@cherroppi,https://dongne.co/events/df2601/circles/158841,제32회 디. 페스타,Day1
능력 포장마차,커피,,,,,2sp,모브사이코 100,"죠죠,나의 히어로 아카데미아",,,에쿠보X레이겐 아라타카,로맨틱,"화승, 캇데쿠",,cohi_0216,https://dongne.co/events/df2601/circles/157268,제32회 디. 페스타,Day1
미친 솜털들아,해현,,,,,2sp,원피스,수공예,,트라팔가 로우,,로맨틱,"수공예,쿠잔가프","소설,공예",@Law_S2__,https://dongne.co/events/df2601/circles/156067,제32회 디. 페스타,Day1
오오 부스냇네,다희,,,,,2sp,은혼,골든카무이,,"타카스기,긴토키",타카스기 신스케X사카타 긴토키,로맨틱,,,Udi_ee,https://dongne.co/events/df2601/circles/157559,제32회 디. 페스타,Day1
현재 밸런스팀 다 짤라주세요,에바님,,,,,2sp,오오에,엘소드,,,,,,,,https://dongne.co/events/df2601/circles/156117,제32회 디. 페스타,Day1
청엑 린유키가 보고 싶어서 내는 부스,u,,,,,1sp,청의 엑소시스트,,,,오쿠무라 린X오쿠무라 유키오,,,소설,utwined,https://dongne.co/events/df2601/circles/156935,제32회 디. 페스타,Day1
쇼를 지배하는 남자가 세상을 지배한다,곰,,,,,2sp,프로젝트 세카이,도검난무,"나의 스타에게, 너의 연출가로부터 #3","텐마 츠카사,카미시로 루이",텐마 츠카사X카미시로 루이,"섹슈얼,로맨틱",,만화,@hatsan_44,https://dongne.co/events/df2601/circles/158007,제32회 디. 페스타,Day1
국내 이즈무츠 정상영업 합니다,세럼,,,,,2sp,도검난무,,시간정부명예공무원 복지위원회,"이즈미노카미 카네사다,무츠노카미 요시유키",이즈미노카미 카네사다X무츠노카미 요시유키,"로맨틱,섹슈얼",,"만화,소설,일러스트",,https://dongne.co/events/df2601/circles/157782,제32회 디. 페스타,Day1
문어 두마리로 오버레이 네트워크를 구축,athylin,,,,,2sp,트위스테,"마노사바,니지산지,유희왕,레인월드",,에이스 트라폴라,,,,소설,ahtylin_03,https://dongne.co/events/df2601/circles/156855,제32회 디. 페스타,Day1
눈이 원투렇게 뜨였습니다?!,크앙 ,,,,,1sp,프로젝트 세카이,,"나의 스타에게, 너의 연출가로부터 #3","텐마 츠카사,카미시로 루이",텐마 츠카사X카미시로 루이,로맨틱,,만화,@uh_ahk,https://dongne.co/events/df2601/circles/158803,제32회 디. 페스타,Day1
군인 찌라시티커,아스테리,,,,,2sp,콜 오브 듀티,,과부만들지마,,,,,기타,@starforCOD,https://dongne.co/events/df2601/circles/158884,제32회 디. 페스타,Day1
내가 잡덕이라니,"오트밀 , 리페ryepe",,,,,2sp,괴담출근,"전독시,내스급,이착헌,하이큐,괴수8호,은혼,사카데이",,"히나타,켄마,나루미,호시나,긴토키,히지카타,나구모 등",,,,일러스트,"@Oatmeal_ii,@ryepe49",https://dongne.co/events/df2601/circles/158547,제32회 디. 페스타,Day1
이건 긴급부스다,사돈팔촌,,,,,2sp,포켓몬,,,,,,,,@mellowmellow666,https://dongne.co/events/df2601/circles/158250,제32회 디. 페스타,Day1
아마 윌라르브에 가서 초차원 축구를 하겠지,10,,,,,2sp,이나즈마 일레븐,쿠베라,,,,,,만화,@H8ZIBGna0UGRjcZ,https://dongne.co/events/df2601/circles/157525,제32회 디. 페스타,Day1
미니 서번트☆윈터 페스티벌,각목,,,,,2sp,페이트/그랜드 오더,,,"잔 다르크,잔느 얼터",잔 다르크X잔느 얼터,"로맨틱,섹슈얼",잔느 얼터x잔 다르크(리버시블),"만화,일러스트,소설",@grand_yuriA,https://dongne.co/events/df2601/circles/157015,제32회 디. 페스타,Day1
"왜요, 제가 미누키를 사랑하는 사람으로 보이시나요? 맞습니다",지우,,,,,1sp,역전재판,,Don't forget DL6 ~DL6호 사건을 잊지마라~ ,"나루호도 미누키,오도로키 호스케,가류 쿄야",,,,일러스트,@jiwoo_AA,https://dongne.co/events/df2601/circles/158847,제32회 디. 페스타,Day1
"이모, 가히리 잘하지?",HONG,,,,,1sp,가정교사히트맨리본,,가히리요? 2026년에요?,"가정교사 히트맨 리본 봉고레,바리아,밀피오레 등 캐릭터",로쿠도 무쿠로X사와다 츠나요시,로맨틱,"잔스쿠, 야마고쿠, 기타","만화,일러스트,기타",Hongcha1225,https://dongne.co/events/df2601/circles/158923,제32회 디. 페스타,Day1
분노! 우울··· 배신감!!,패트와매트,,,,,1sp,괴담출근,"괴담출근,은혼,데못죽,디지캐럿",,,,,,,@gigigoeg,https://dongne.co/events/df2601/circles/156202,제32회 디. 페스타,Day1
잠깐! 협조좀 부탁드립니다,별비,,,,,2sp,"또봇,메탈카드봇",,,"또봇,메탈카드봇",CX오혜라,해당없음,,기타,Byeol_b__,https://dongne.co/events/df2601/circles/157859,제32회 디. 페스타,Day1
세삼+유사,세삼,,,,,1sp,유희왕,,,무토 유희,야미유희X무토유희,로맨틱,모브레이,,@se_3sam,https://dongne.co/events/df2601/circles/157877,제32회 디. 페스타,Day1
뀰마토,min5ko,,,,,2sp,괴담출근,"마차살,윈브레,헌헌,원피스,데못죽",,,,,,,,https://dongne.co/events/df2601/circles/158049,제32회 디. 페스타,Day1
도라지,도라지,,,,,1sp,포켓몬 피크민,,,,,,,,,https://dongne.co/events/df2601/circles/158493,제32회 디. 페스타,Day1
도파민,gyum,,,,,1sp,,,,,,,,,,https://dongne.co/events/df2601/circles/156376,제32회 디. 페스타,Day1
또롱별,이데아,,,,,2sp,,,,,,,,일러스트,@ideatami,https://dongne.co/events/df2601/circles/156045,제32회 디. 페스타,Day1
뚜아키,와플,,,,,2sp,프로젝트 세카이,,,"아오야기 토우야,시노노메 아키토",아오야기 토우야X시노노메 아키토,로맨틱,,,@prsk_waffle,https://dongne.co/events/df2601/circles/156933,제32회 디. 페스타,Day1
리그렛,루리,,,,,2sp,"도검난무,아이돌리시 세븐(아이나나)",,,,,,,"일러스트,만화",Ruri_93,https://dongne.co/events/df2601/circles/157441,제32회 디. 페스타,Day1
모카빵,12,,,,,1sp,프로젝트 세카이,,버디 퍼니 데이트 타임!,"시라이시 안,아즈사와 코하네",시라이시 안X아즈사와 코하네,로맨틱,하루미노,만화,1r12en,https://dongne.co/events/df2601/circles/158886,제32회 디. 페스타,Day1
밀키트,hi,,,,,2sp,괴담출근,"은혼,데못죽,고전애니",,,,,,,@hi1zzZ,https://dongne.co/events/df2601/circles/157604,제32회 디. 페스타,Day1
바밤바,심마,,,,,1sp,어두운바다의등불이되어,,,김재희,,로맨틱,,만화,@shimma_0531,https://dongne.co/events/df2601/circles/156486,제32회 디. 페스타,Day1
밥찵여,아샷추,,,,,2sp,붕괴 스타레일,,,"파이논,마이데이",파이논X마이데이,"로맨틱,해당없음",,만화,@chu_asdf,https://dongne.co/events/df2601/circles/156648,제32회 디. 페스타,Day1
사육제,서버,,,,,2sp,창작 문구,,,,,,,"기타,일러스트",@nykim0915,https://dongne.co/events/df2601/circles/156308,제32회 디. 페스타,Day1
새문서,"에머디, SeoG",,,,,2sp,명일방주,,2026 로도스 아일랜드 정기발표회,"폭풍돌격대 제2소대,니어가문,라테라노 중심 올캐러",백파이프X혼,"로맨틱,해당없음",,"만화,일러스트","emothi80, tjwngml100",https://dongne.co/events/df2601/circles/156957,제32회 디. 페스타,Day1
소고별,소고별,,,,,1sp,,,,,,,,공예,,https://dongne.co/events/df2601/circles/158733,제32회 디. 페스타,Day1
소록도,소록,,,,,1sp,,,,,,,,공예,@sorok_atelier_,https://dongne.co/events/df2601/circles/156561,제32회 디. 페스타,Day1
손부림,라야,,,,,2sp,태팅레이스,,,,,,,공예,@sonbulim,https://dongne.co/events/df2601/circles/156976,제32회 디. 페스타,Day1
아멜로,공쥬,,,,,1sp,레진키링,레진탑로더,,,,,,,amello_art,https://dongne.co/events/df2601/circles/157171,제32회 디. 페스타,Day1
양말쭈,서가,,,,,2sp,프로젝트세카이,,,"루이,츠카사",루이X츠카사,,,,,https://dongne.co/events/df2601/circles/156616,제32회 디. 페스타,Day1
오색도,"룡르방, 미도리, 반야, 아무개, 죽생",,,,,2sp,"1차 창작,2차 창작(체인소맨,히스토리에,지저스크라이스트수퍼스타,지크슈)",,,"포치타(체인소맨),알렉산드로스(히스토리에),에우메네스(히스토리에),유다(지저스크라이스트수퍼스타),지저스(지저스크라이스트수퍼스타)",유다X지저스,"해당없음,섹슈얼",,"만화,일러스트",@xeqrbs,https://dongne.co/events/df2601/circles/158896,제32회 디. 페스타,Day1
윗집형,퍼스트몽키,,,,,1sp,오오에,x,,"오오사키,시즈마",,"로맨틱,섹슈얼",오오사키총공,"만화,일러스트",@basibasinyanya,https://dongne.co/events/df2601/circles/158556,제32회 디. 페스타,Day1
유브티,율무,,,,,1sp,니지산지,"세포신곡,에일리언 스테이지",,올캐러,,,,,@dbfan_slwl,https://dongne.co/events/df2601/circles/157676,제32회 디. 페스타,Day1
이요웅,시옷,,,,,2sp,윈드브레이커,,,스오하야토,스오 하야토X사쿠라 하루카,로맨틱,,만화,@siot_jn,https://dongne.co/events/df2601/circles/158139,제32회 디. 페스타,Day1
재판소,ㅁh국no,,,,,1sp,BYAKKO,박앵귀,,"야마세 오오쿠라,사노 유즈리하",야마세 오오쿠라X사노 유즈리하,"로맨틱,섹슈얼",오키치즈,만화,@tkanfkdlfjqm,https://dongne.co/events/df2601/circles/156223,제32회 디. 페스타,Day1
조각보,황바다,,,,,2sp,,,,,,,,,,https://dongne.co/events/df2601/circles/157501,제32회 디. 페스타,Day1
털찐이,털찐이,,,,,2sp,,,,바람분댕,,,,공예,tulzzini,https://dongne.co/events/df2601/circles/158612,제32회 디. 페스타,Day1
파란꿈,메론빵,,,,,1sp,주술회전,,,고죠사토루,,,,"소설,사진,기타",,https://dongne.co/events/df2601/circles/157924,제32회 디. 페스타,Day1
풋사과,댑싸리,,,,,1sp,블루록,,,,,,,,,https://dongne.co/events/df2601/circles/156047,제32회 디. 페스타,Day1
하이만,hasung_0,,,,,1sp,,,,,,,,만화,,https://dongne.co/events/df2601/circles/158768,제32회 디. 페스타,Day1
해달샵,시크루,,,,,2sp,원신,"화산귀환,붕괴스타레일,명조",,,,,,공예,Sunmoon_shop16,https://dongne.co/events/df2601/circles/156278,제32회 디. 페스타,Day1
흐느적,룬시아,,,,,2sp,괴담출근,이착헌 전독시,,최요원 김솔음 유중혁 김독자 레밍,김솔음,,,일러스트,,https://dongne.co/events/df2601/circles/156142,제32회 디. 페스타,Day1
냉장고 ,하임,,,,,4sp,하이큐,"쿠키런,이런 영웅은 싫어",,히나타 쇼요,,,,,,https://dongne.co/events/df2601/circles/156691,제32회 디. 페스타,Day1
작전명 : 방위대 창고 털기,익명,,,,,1sp,괴수8호,,,나루미.호시나.스오.사쿠라,,,,,@sweven8go,https://dongne.co/events/df2601/circles/157815,제32회 디. 페스타,Day1
이토시 린 너를 웃겨주는 남자한테 가라….,"만루, 푸딩",,,,,2sp,블루록,,,"이토시 사에,이토시 린",이토시 사에X이토시 린,,,"만화,소설,일러스트","@manroo_sexrn, @yeobojagiaegi",https://dongne.co/events/df2601/circles/156781,제32회 디. 페스타,Day1
팀장님 왜 그때 흑장미했어요,계란,,,,,2sp,오리지널,명탐정 코난,,모로후시 타카아키 (천공명),,,,만화,@egg_bst,https://dongne.co/events/df2601/circles/157526,제32회 디. 페스타,Day1
영원한 두 사람의 세레나데,향,,,,,2sp,"프로젝트 세카이,보컬로이드",,,"카가미네 렌,KAITO",카가미네 렌XKAITO,로맨틱,,"만화,일러스트,소설",@hyang_prsk,https://dongne.co/events/df2601/circles/156325,제32회 디. 페스타,Day1
국가의 부름,김고통,,,,,2sp,콜오브듀티:모던워페어 리부트,콜오브듀티:모던워페어 오리지널,과부만들지마,"프라이스,가즈,소프,소프(09),고스트,호랑이",,,,"일러스트,공예,기타",kimgotong_help,https://dongne.co/events/df2601/circles/158600,제32회 디. 페스타,Day1
까마귀 둥지,라블루,,,,,2sp,,,,,,,,"사진,공예",@blueing_k,https://dongne.co/events/df2601/circles/156252,제32회 디. 페스타,Day1
꿈꾸는 낙원,산새,,,,,1sp,도검난무,,시간정부명예공무원 복지위원회,짓큐 미츠타다,짓큐 미츠타다X사니와,"로맨틱,섹슈얼",,"만화,기타",@SS_FRAGMENT,https://dongne.co/events/df2601/circles/158874,제32회 디. 페스타,Day1
당과네 공방,당과,,,,,1sp,,,,,,,,공예,@sweet_cookie_0,https://dongne.co/events/df2601/circles/157998,제32회 디. 페스타,Day1
도토래 공방,도토래 공방,,,,,2sp,문구,"18TRIP,마차살,적왕사,라이드카멘즈,이착헌",,,,,,"일러스트,기타","@dotorae_, @_133_7",https://dongne.co/events/df2601/circles/156805,제32회 디. 페스타,Day1
무리한 덕질,무리,,,,,2sp,데뷔 못하면 죽는 병 걸림,내가 키운 S급들,,신재현,신재현X류건우,"로맨틱,섹슈얼",현제유진,소설,M_u_L_i_Y_a,https://dongne.co/events/df2601/circles/156938,제32회 디. 페스타,Day1
무해와 몽달,무해무해,,,,,2sp,,스킵과 로퍼,,,,,,,@muhae_muhae,https://dongne.co/events/df2601/circles/157690,제32회 디. 페스타,Day1
섬으로 가자,하티,,,,,1sp,오오에,,,,,,,,@hailoft2,https://dongne.co/events/df2601/circles/157539,제32회 디. 페스타,Day1
어쩌다 닌자,빈빵 / 민어 ,,,,,2sp,닌타마 란타로,,,닌타마 란타로,,,,"일러스트,만화",@qlsQkd_0910 / @cuow_00,https://dongne.co/events/df2601/circles/158481,제32회 디. 페스타,Day1
오타쿠 가오,페이지,,,,,1sp,괴담출근,,,,,,,,,https://dongne.co/events/df2601/circles/156676,제32회 디. 페스타,Day1
집으로 가자,셀,,,,,1sp,블랙배저,"공회주,문송안함,어바등",,,,"해당없음,로맨틱,섹슈얼","멜키레이, 세르시온, 해량무현, 윤예힐",소설,,https://dongne.co/events/df2601/circles/156374,제32회 디. 페스타,Day1
엑스포 별관 : 씽벤존,모해,,,,,2sp,명일방주,,2026 로도스 아일랜드 정기발표회,,,,,,,https://dongne.co/events/df2601/circles/156964,제32회 디. 페스타,Day1
내일의 별과 바다,hammer,,,,,2sp,원피스,,,,,,,만화,,https://dongne.co/events/df2601/circles/156369,제32회 디. 페스타,Day1
백합은 돈이 된다,수석,,,,,1sp,"봇치더락,수성의마녀,걸즈밴드크라이",내가연인이될수있을리없잖아무리무리,,,,,,"만화,소설",@dshsh007,https://dongne.co/events/df2601/circles/158463,제32회 디. 페스타,Day1
일단은 뭐가 나옴,카키색뜨개실 ,,,,,1sp,1차장착물,"전독시,괴담출근",,,,,,,,https://dongne.co/events/df2601/circles/157583,제32회 디. 페스타,Day1
히어로 앤나 악당,"이장, 게짜",,,,,2sp,"니지산지,블리치",,,"디티카,자붕,렌지,루키아",아바라이 렌지X쿠치키 루키아,"로맨틱,섹슈얼",,,"@2z4444ng, @Ge4_DH",https://dongne.co/events/df2601/circles/157793,제32회 디. 페스타,Day1
준후의 수련 복습 일지 ,되근,,,,,1sp,퇴마록,,,준후,,,,만화,skate_with_2D,https://dongne.co/events/df2601/circles/158124,제32회 디. 페스타,Day1
아이보 무한 제공 서비스,딩,,,,,2sp,프로젝트 세카이,페르소나 4,,"아오야기 토우야,시노노메 아키토",아오야기 토우야X시노노메 아키토,로맨틱,주인공 x 하나무라 요스케 ( 주하나 ),"만화,일러스트",@Ding_touaki,https://dongne.co/events/df2601/circles/158089,제32회 디. 페스타,Day1
오에도 에린 러브 쵸리스,"HAYO(yume), 김진필",,,,,1sp,마비노기 모바일,은혼,,,리시타X하니에르(드림주),,"이마이 쥰(드림주) X 오키타 소고, 모험가 X 모험가",만화,"@hayoyume, @bishojofucker",https://dongne.co/events/df2601/circles/157041,제32회 디. 페스타,Day1
가혹한 삶의 지평선,"싸싸 , 김멍개",,,,,2sp,가라오케 가자,패밀리 레스토랑 가자,,,,로맨틱,,,@ssa_ssiat,https://dongne.co/events/df2601/circles/157329,제32회 디. 페스타,Day1
침투자 식별 매뉴얼,따개비,,,,,1sp,괴담에 떨어져도 출근을 해야하는구나,,,,,,,,swift Gecko,https://dongne.co/events/df2601/circles/158833,제32회 디. 페스타,Day1
포틴의 굿즈 팩토리,포틴,,,,,2sp,"헬루바보스,스티븐유니버스,앰피비아,아울하우스","어드벤처타임,헬루바보스",,,,,,기타,"@ani_potin, @P_goods_factory",https://dongne.co/events/df2601/circles/156899,제32회 디. 페스타,Day1
혈동도 폭주 기원회,hit,,,,,2sp,혈계전선,,"끝나지 않는 축제, 라이브라",,,,,소설,@old_mangmong,https://dongne.co/events/df2601/circles/157403,제32회 디. 페스타,Day1
바다에 빠진 오렌지 ,쪼쪼,,,,,1sp,프로젝트 세카이,,,아오야기 토우야/ 시노노메 아키토,아오야기 토우야X시노노메 아키토,해당없음,,"만화,일러스트",@rmke_cho,https://dongne.co/events/df2601/circles/156111,제32회 디. 페스타,Day1
"대역검 내줄 때까지 숨 참는다, 라고 적혀 있는데요 박사님?",윤펭귄,,,,,1sp,대역전재판,,Don't forget DL6 ~DL6호 사건을 잊지마라~ ,"아소기 카즈마,바로크 반직스",,"섹슈얼,로맨틱",,소설,@mdy351,https://dongne.co/events/df2601/circles/156380,제32회 디. 페스타,Day1
오타쿠 인생 최후의 끌어치기,비야,,,,,2sp,"니지산지,하이큐",페르소나,,,,,,일러스트,@Beeya_UU @All_rose628,https://dongne.co/events/df2601/circles/158889,제32회 디. 페스타,Day1
세상에 못된 잇켐러는 없다,"나노, 젤리",,,,,2sp,"낙제닌자 란타로,닌자보이 란타로,시광대리인",,,"젠포우지 이사쿠,케마 토메사부로",젠포우지 이사쿠X케마 토메사부로,"로맨틱,섹슈얼",루광(유진) x 청샤오시(정시우),만화,"@backtothe2OO6, @nin_gel_chajava",https://dongne.co/events/df2601/circles/158280,제32회 디. 페스타,Day1
고통을 외칠 목소리가 있는. 네가 마감의 기사다,성팬(하니),,,,,2sp,전지적독자시점,"화산귀환,가비지타임,명탐정 코난,할로우나이트",,,,,,,@shjpt,https://dongne.co/events/df2601/circles/156993,제32회 디. 페스타,Day1
토마토 먹은 고양이의 마지막 한마디: ‘먀’,sidvk,,,,,1sp,스티커,아크릴 키링,,"토마토,고양이",,,,일러스트,@tlemqlr,https://dongne.co/events/df2601/circles/158773,제32회 디. 페스타,Day1
닌자는 바로 당신이야!,nama / 달과 / 혜삼 / 갱콜 / Koz,,,,,2sp,"닌타마 란타로,닌자보이 란타로",,,,야마다 리키치X도이 한스케,로맨틱,,"만화,일러스트","@RIDOI_FIRST, @nin_nama, @MUu_dzdz, @Ninjaahskitta, @nowhere616",https://dongne.co/events/df2601/circles/156845,제32회 디. 페스타,Day1
요원님 이름 알려주세요,다온,,,,,4sp,전독시 괴담출근 데못죽,,,유중혁 김독자 최요원 김솔음,최요원X김솔음,,청려문대 중혁독자,,@D_Daon_,https://dongne.co/events/df2601/circles/156653,제32회 디. 페스타,Day1
농구도 하고 수수께끼도 풀고,티슈,,,,,1sp,,,,,,,,,,https://dongne.co/events/df2601/circles/156256,제32회 디. 페스타,Day1
꽃보다 선아현,아현,,,,,1sp,데뷔 못 하면 죽는 병 걸림,,,"테스타,브이틱",,,,,,https://dongne.co/events/df2601/circles/158108,제32회 디. 페스타,Day1
남사들 발닦개,사니와003,,,,,1sp,도검난무,,시간정부명예공무원 복지위원회,,미카즈키 무네치카X츠루마루 쿠니카가,"로맨틱,섹슈얼",,"만화,일러스트",https://x.com/saniwa003,https://dongne.co/events/df2601/circles/156062,제32회 디. 페스타,Day1
말페스 전문점,마테,,,,,1sp,우마무스메 프리티더비,,,,정글 포켓X후지 키세키,로맨틱,,만화,@ma_te_umm,https://dongne.co/events/df2601/circles/157986,제32회 디. 페스타,Day1
모꼬의 작업실,mocco,,,,,1sp,,,,,,,,공예,@mocco_zip,https://dongne.co/events/df2601/circles/157340,제32회 디. 페스타,Day1
백플립 플러팅,404,,,,,1sp,메달리스트,,,"아케우라지 츠카사,요다카 쥰",아케우라지 츠카사X요다카 쥰,로맨틱,,만화,@error_ror404,https://dongne.co/events/df2601/circles/157555,제32회 디. 페스타,Day1
보스의 발닦개,카일,,,,,1sp,가정교사 히트맨 리본,,가히리요? 2026년에요?,스쿠알로,,,,만화,,https://dongne.co/events/df2601/circles/156135,제32회 디. 페스타,Day1
부스명 모하지,강생강,,,,,2sp,혈계전선,수공예품,"끝나지 않는 축제, 라이브라",,,,,소설,gingerywpd,https://dongne.co/events/df2601/circles/156632,제32회 디. 페스타,Day1
짱아를 위하여,향복,,,,,2sp,괴담에 떨어져도 출근을 해야 하는구나,,,"김솔음,브라운,최요원,백사헌",,,,일러스트,@bok_hyang,https://dongne.co/events/df2601/circles/157479,제32회 디. 페스타,Day1
카즈델 잡화점,비듬의기사,,,,,1sp,명일방주,죠죠의 기묘한 모험,2026 로도스 아일랜드 정기발표회,"외드레르,이네스,위셔델",외드레르X이네스,로맨틱,,"만화,일러스트",@ARK_redblack,https://dongne.co/events/df2601/circles/157352,제32회 디. 페스타,Day1
토크쇼 대기실,단,,,,,2sp,괴담출근,,,브라운,,,,,,https://dongne.co/events/df2601/circles/156429,제32회 디. 페스타,Day1
프릴리 데이즈,프릴리 데이즈,,,,,1sp,괴담출근,,,,,,,"일러스트,공예",frillydayz,https://dongne.co/events/df2601/circles/158478,제32회 디. 페스타,Day1
이상한 나라의  잡화점,김피즈,,,,,2sp,,,,,,,,,@pheezniverse,https://dongne.co/events/df2601/circles/157686,제32회 디. 페스타,Day1
키작공 있는거 다 내놔,면지,,,,,2sp,"아이돌리쉬 세븐,명탐정 코난","킹프리,오오에,우마무스메",,요츠바 타마키,오오사카 소고X요츠바 타마키,"섹슈얼,로맨틱",모로후시 히로미츠X모로후시 타카아키,만화,,https://dongne.co/events/df2601/circles/157294,제32회 디. 페스타,Day1
까막곰 혼마루 공방,츠구미쨩,,,,,2sp,도검난무,플레이브,시간정부명예공무원 복지위원회,,,,,공예,maylin1004,https://dongne.co/events/df2601/circles/156526,제32회 디. 페스타,Day1
박사가 씨피를 숨김,비빔,,,,,2sp,명일방주,,2026 로도스 아일랜드 정기발표회,뮤엘시스,,로맨틱,,,@DR_PALDO,https://dongne.co/events/df2601/circles/158663,제32회 디. 페스타,Day1
아무튼 수상한 부스,부랑자,,,,,1sp,언데드 언럭,강철의 연금술사,,,,,,만화,@madddol_pers,https://dongne.co/events/df2601/circles/158389,제32회 디. 페스타,Day1
이르게 피어난 매화,깜냥,,,,,1sp,화산귀환,,,,,,,소설,@Knyang_718,https://dongne.co/events/df2601/circles/157594,제32회 디. 페스타,Day1
여자는 담배는 펴도 니들처럼 바람은 안 펴,유리,,,,,1sp,명일방주,,2026 로도스 아일랜드 정기발표회,,텍사스X라플란드,로맨틱,,만화,goodbyecinema,https://dongne.co/events/df2601/circles/156503,제32회 디. 페스타,Day1
닌자는 덕질도 숨어서,마루,,,,,1sp,닌타마,,,,,,,,,https://dongne.co/events/df2601/circles/156300,제32회 디. 페스타,Day1
상여자 가능충 케이크,성명,,,,,1sp,괴담에 떨어져도 출근을 해야 하는구나,쿠키런 킹덤,,은하제,은하제X이자헌,"로맨틱,섹슈얼","민성하제민성, 솔음하제솔음, 재관하제재관, 요원하제요원, 하제나솔, 하제영은, 유원하제, 달래하제, 닼초흑당닼카","일러스트,소설,공예",@Mirang_ziyu,https://dongne.co/events/df2601/circles/157457,제32회 디. 페스타,Day1
좋좋소 변호사 사무실,히즈리다,,,,,1sp,역전재판,대역전재판,Don't forget DL6 ~DL6호 사건을 잊지마라~ ,,,,,,hizurida,https://dongne.co/events/df2601/circles/157140,제32회 디. 페스타,Day1
지고천 연구소 양재점,홍동,,,,,1sp,세포신곡,,,,,,,,,https://dongne.co/events/df2601/circles/157396,제32회 디. 페스타,Day1
덕질에 빠져도 마감을 해야 하는구나,괴도팡,,,,,2sp,괴담출근,"데못죽,가비지타임,윈브레,사카데이",,,,,,,@LUKAPANG__45,https://dongne.co/events/df2601/circles/156320,제32회 디. 페스타,Day1
요정의 꼬리는 동인을 부른다,독독,,,,,1sp,페어리테일,,,"나츠 드래그닐,루시 하트필리아",나츠X루시,"로맨틱,섹슈얼,해당없음",제레메이,"만화,일러스트,기타",@FT_dogdog_,https://dongne.co/events/df2601/circles/158628,제32회 디. 페스타,Day1
우째도 겨울에 닌자하네 ,기니피그 ,,,,,2sp,닌타마,닌타마,,"쿠쿠치 헤이스케,오하마 칸에몽,5로,타치바나 센조,시오에 몬지로",,,,,ninnintata,https://dongne.co/events/df2601/circles/158497,제32회 디. 페스타,Day1
그룹내 연애는 상관없지 않나?,"서핑,판사",,,,,2sp,"괴담출근,이착헌",데못죽,,,,,,,,https://dongne.co/events/df2601/circles/156994,제32회 디. 페스타,Day1
제자가 스승을 스승스승 베려함,uni,,,,,1sp,대역전재판,역전재판,Don't forget DL6 ~DL6호 사건을 잊지마라~ ,"가면의 종자,바로크 반직스,아오이 다이치,오도로키 호스케",아소기 카즈마X바로크 반직스,로맨틱,"아오오도조합(non-cp), 유가코코조합(non-cp)","만화,일러스트,소설",@asogi_sexyman,https://dongne.co/events/df2601/circles/158011,제32회 디. 페스타,Day1
공항에 사람이 갇혔어요.,"태성,24",,,,,2sp,주술회전,,,"고죠 사토루,게토 스구루",고죠 사토루X게토 스구루,로맨틱,,,,https://dongne.co/events/df2601/circles/157898,제32회 디. 페스타,Day1
종잇장 박사도 왼이된다고,삐뽀랑,,,,,1sp,명일방주,,2026 로도스 아일랜드 정기발표회,"박사,총웨",박사X총웨,"로맨틱,해당없음,섹슈얼",,만화,@mya_mya_0505,https://dongne.co/events/df2601/circles/157107,제32회 디. 페스타,Day1
오리가 하나둘!,"하나이, 모짜오리",,,,,2sp,괴담출근,,,,,,,,@_00365,https://dongne.co/events/df2601/circles/156189,제32회 디. 페스타,Day1
달콤한 일러스트,iamyunji,,,,,2sp,모모찌,,,모모찌,,,,일러스트,iamyunji,https://dongne.co/events/df2601/circles/156801,제32회 디. 페스타,Day1
대황성 곡식창고,츄츄,,,,,2sp,"명일방주,페이트 스트레인지 페이크",창작 스티커,2026 로도스 아일랜드 정기발표회,"대황성조 (완칭,그레인버즈,좌락),슈",완칭X그레인버즈 (소만),로맨틱,,"일러스트,만화",@O_chu_pen,https://dongne.co/events/df2601/circles/158937,제32회 디. 페스타,Day1
레페젠 모리오쵸,"뇌비우스,해물찜",,,,,2sp,"죠죠의기묘한모험,히프노시스마이크",,,"키라 요시카게,누루데 사사라",키라요시카게X카와지리 시노부,"로맨틱,섹슈얼",,"만화,일러스트,소설",,https://dongne.co/events/df2601/circles/158016,제32회 디. 페스타,Day1
레헬른 백합정원,채론,,,,,1sp,메이플스토리,프리큐어,,"메르세데스,루시드",메르세데스X루시드,"로맨틱,섹슈얼",,"만화,일러스트,소설",@kchi_ie,https://dongne.co/events/df2601/circles/158577,제32회 디. 페스타,Day1
백덕수 유니버스,소솜,,,,,2sp,데뷔 못 하면 죽는 병 걸림,괴담출근,,청려,청려X문대,,,,,https://dongne.co/events/df2601/circles/156660,제32회 디. 페스타,Day1
빨갛고 보라색임,"키와, +",,,,,2sp,히프노시스마이크,,,"하라이 쿠코,야마다 이치로",야마다 이치로X하라이 쿠코,"로맨틱,섹슈얼",,"만화,일러스트",@okokok_ymymym,https://dongne.co/events/df2601/circles/158298,제32회 디. 페스타,Day1
사랑의 트랩카드,갈릭,,,,,2sp,앙상블스타즈,,,,사쿠마 레이X오오가미 코가,"로맨틱,섹슈얼",,만화,,https://dongne.co/events/df2601/circles/156034,제32회 디. 페스타,Day1
소소한 메이릴리,파린,,,,,4sp,"수공예,인형",,,,,,,공예,"@sosohan611004, @Ma_Li_garden",https://dongne.co/events/df2601/circles/156340,제32회 디. 페스타,Day1
아랫집 부르주아,"셤, 또범",,,,,2sp,오오에,너희들은 변호됐다,,,오오사키X시즈마,"로맨틱,섹슈얼","오오신, 민재주한","만화,일러스트","@MANGGAME37564, @ddo_ooe",https://dongne.co/events/df2601/circles/156305,제32회 디. 페스타,Day1
오토메 앤솔로지,의사,,,,,2sp,골든 카무이,,,오가타 햐쿠노스케,오가타 햐쿠노스케X오가타 토메,"섹슈얼,로맨틱",,"만화,소설,일러스트",@2nd_docter,https://dongne.co/events/df2601/circles/158644,제32회 디. 페스타,Day1
취향이 아수라장,소루,,,,,2sp,괴담출근,,,김솔음,,,,"소설,공예",@honolu536,https://dongne.co/events/df2601/circles/156363,제32회 디. 페스타,Day1
혈족이 되어주라,냠므,,,,,1sp,명일방주,,2026 로도스 아일랜드 정기발표회,"스카디,박사,테레시아,아미야",,,,"일러스트,만화",@bichamnyang,https://dongne.co/events/df2601/circles/157111,제32회 디. 페스타,Day1
출근이 계속되는 괴담,곰고미,,,,,2sp,괴담출근,,,김솔음,,,,"소설,기타",,https://dongne.co/events/df2601/circles/156952,제32회 디. 페스타,Day1
검이랑 사니와가 연애함,Vi,,,,,1sp,도검난무,,시간정부명예공무원 복지위원회,사니와,이치몬지 노리무네X여사니와,로맨틱,"마고사니, 카슈사니",소설,@AorB_1hoseon,https://dongne.co/events/df2601/circles/158907,제32회 디. 페스타,Day1
페이트 지고세포 렘넌트,SB,,,,,1sp,세포신곡,"Fate/Samurai Remnant,Fate/Grand Order",,,,,,,,https://dongne.co/events/df2601/circles/157658,제32회 디. 페스타,Day1
로도스 아일랜드 꿈처리 부서,DMWM,,,,,1sp,명일방주,,2026 로도스 아일랜드 정기발표회,"제이,테레시아,테레시스",,로맨틱,드림,소설,@Dr_NOSTLINGER,https://dongne.co/events/df2601/circles/156830,제32회 디. 페스타,Day1
프리즘 레스토랑 무지개 정식,하사오,,,,,2sp,킹 오브 프리즘(킹프리),,,"쥬오인 카케루,이치죠 신,코우가미 타이가,사이온지 레오,히무로 히지리,노리즈키 진,쿠로카와 레이,유메카와 쇼고,타카세 코요이,미타카 아사히",쥬오인 카케루X이치죠 신,로맨틱,"타이레오, 신타이","만화,기타,일러스트,소설",sanasao_pp,https://dongne.co/events/df2601/circles/158253,제32회 디. 페스타,Day1
마감이 다가와도 연성은 해야 하는구나,"윈, 거베라",,,,,1sp,명문고 EX급 조연의 리플레이 (명급리),"엘소드,반월당의 기묘한 이야기",,,,,,"일러스트,기타","@_W_i_n__, @G_rbera_",https://dongne.co/events/df2601/circles/157468,제32회 디. 페스타,Day1
고부랑 할머니가 고부랑 고게길을,타키,,,,,1sp,주술회전,,,"고죠 사토루,게토 스구루",고죠사토루X게토스구루,"로맨틱,섹슈얼",,"기타,소설,만화,일러스트",@Taki_572,https://dongne.co/events/df2601/circles/157372,제32회 디. 페스타,Day1
동갑즈 어디까지 가봤니?,동갑즈 달력패키지 2 주최,,,,,2sp,데뷔 못하면 죽는 병 걸림,,,"선아현,이세진,박문대",,해당없음,,,,https://dongne.co/events/df2601/circles/156404,제32회 디. 페스타,Day1
혈계로 무언갈또 냅니다.....,리나,,,,,1sp,혈계전선,,"끝나지 않는 축제, 라이브라",스티븐a스타페이즈 레오나르도 워치,,로맨틱,스티븐 드림,만화,aohana_03,https://dongne.co/events/df2601/circles/156115,제32회 디. 페스타,Day1
아이보 무한제공 참말사건,옐쓴,,,,,4sp,프로세카,,,"아오야기 토우야,시노노메 아키토",아오야기 토우야X시노노메 아키토,로맨틱,,"일러스트,만화",touaki_numnum,https://dongne.co/events/df2601/circles/157978,제32회 디. 페스타,Day1
전하는 대가리를 사랑했네.,잠탱이,,,,,2sp,,,,,,,,,,https://dongne.co/events/df2601/circles/157913,제32회 디. 페스타,Day1
미슐랭 오리스타 부대찌개집,심덕,,,,,2sp,데뷔 못 하면 죽는 병 걸림(데못죽),"괴담에 떨어져도 출근을 해야 하는구나(괴담출근),프로젝트 세카이(프세카)",,"청려,신재현,문대,박문대,테스타,브이틱",청려X문대,해당없음,,,@v_v22825,https://dongne.co/events/df2601/circles/157552,제32회 디. 페스타,Day1
바리아 한국지부(희망),바리아 말단,,,,,2sp,가정교사 히트맨 리본,,가히리요? 2026년에요?,바리아,,,,"소설,공예,기타",@Varia_l,https://dongne.co/events/df2601/circles/158955,제32회 디. 페스타,Day1
쏘블루 팝업스토어,Btbb,,,,,1sp,블루자이언트,"100미터,지구의 운동에 대하여,로드오브히어로즈",,,,,,,_born_blue,https://dongne.co/events/df2601/circles/156631,제32회 디. 페스타,Day1
영원히 청춘이어라,도라방쓰/낭랑,,,,,1sp,주술회전,100m,,"고죠 사토루,게토 스구루",고죠 사토루X게토 스구루,"해당없음,로맨틱",코미야x토가시,"만화,일러스트",@NUKKI_nanglan,https://dongne.co/events/df2601/circles/158353,제32회 디. 페스타,Day1
은혼을 낉여오너라,비타,,,,,2sp,은혼,헌터헌터,,긴토키,,,,,@banbaji5,https://dongne.co/events/df2601/circles/157432,제32회 디. 페스타,Day1
일어나 못죽해야지,"에긍..., 이교, 2ᗰO",,,,,2sp,데못죽,,,,,,,일러스트,"@egeung_work, @u_gauqa, @2mo_ahys2",https://dongne.co/events/df2601/circles/158494,제32회 디. 페스타,Day1
후우린 연애조작단,"청림,연주",,,,,1sp,윈드 브레이커,,,"스오,사쿠라",스오X사쿠라,로맨틱,,"만화,일러스트",@Antifreeze_9,https://dongne.co/events/df2601/circles/158745,제32회 디. 페스타,Day1
일단은 신청해보는 부스,"Myacc, Kanzo",,,,,2sp,THE IDOLM@STER SideM(아이돌 마스터 사이드엠),"월드 트리거(월트리),카리스마",,FRAME 중심,,,,"만화,일러스트,공예",,https://dongne.co/events/df2601/circles/156076,제32회 디. 페스타,Day1
반박시 에고이스트슛,집사,,,,,1sp,,,,,,,,,,https://dongne.co/events/df2601/circles/157776,제32회 디. 페스타,Day1
어둠의 녹색어머니회,미스틱,,,,,1sp,슬램덩크,,,김수겸,성현준X김수겸,,,,@noye_mystic,https://dongne.co/events/df2601/circles/157725,제32회 디. 페스타,Day1
"아이돌, 사신 그리고 직장인",밍,,,,,2sp,케이팝데몬헌터스,"플레이브,괴담출근,블리치",,,,,,,@MMOLeiLei,https://dongne.co/events/df2601/circles/157957,제32회 디. 페스타,Day1
한국사: 항구를 개방하다,미림,,,,,1sp,명일방주,괴담출근 진혼기,,로고스 테레시아 박사 프리스트,박사X프리스트,로맨틱,레싱에벤,일러스트,@basa23411996,https://dongne.co/events/df2601/circles/157568,제32회 디. 페스타,Day1
한국사: 항구를 개방하다,각개,,,,,1sp,진혼기,,,김자하 김설영 김서준,자하X설영,로맨틱,,일러스트,@sudam453734,https://dongne.co/events/df2601/circles/157941,제32회 디. 페스타,Day1
수요전: 사신왕조실록,28수 승정원,,,,,1sp,수요전,,,해등,,,,"만화,일러스트,소설",,https://dongne.co/events/df2601/circles/156127,제32회 디. 페스타,Day1
듀듀듀?뱌뱌뱌?,소다비,,,,,2sp,수공예,,,,,,,,@sodabubbly ,https://dongne.co/events/df2601/circles/157619,제32회 디. 페스타,Day1
두쫀크(스) 팝니다,용,,,,,1sp,,,"끝나지 않는 축제, 라이브라",크라우스 스티븐,크라우스X스티븐,,,만화,,https://dongne.co/events/df2601/circles/157493,제32회 디. 페스타,Day1
시엘로&마레 잡화점,akisage,,,,,1sp,,,,,,,,,,https://dongne.co/events/df2601/circles/156772,제32회 디. 페스타,Day1
가속악마,"akuma, jet",,,,,2sp,보컬로이드,,,"카가미네 린,카가미네 렌,하츠네 미쿠,아다치 레이",카가미네 렌X카가미네 린,"로맨틱,섹슈얼",아다치 레이x하츠네 미쿠,"만화,일러스트","@p1o96, @natwjeq",https://dongne.co/events/df2601/circles/158926,제32회 디. 페스타,Day1
각자도생,나발,,,,,1sp,,,,,,,,,,https://dongne.co/events/df2601/circles/156051,제32회 디. 페스타,Day1
감봉지옥,똥,,,,,1sp,역전재판,,Don't forget DL6 ~DL6호 사건을 잊지마라~ ,"이토노코기리 케이스케,미츠루기 레이지",이토노코기리 케이스케X미츠루기 레이지,로맨틱,,만화,gasoilnee,https://dongne.co/events/df2601/circles/158829,제32회 디. 페스타,Day1
겨역고게,"듀,오열",,,,,2sp,주술회전,슬램덩크,,"고죠 사토루,게토 스구루,양호열,강백호",고죠 사토루X게토 스구루,,양호열x강백호,"만화,기타",MP572d,https://dongne.co/events/df2601/circles/156750,제32회 디. 페스타,Day1
고게랜드,"오탑, 라라",,,,,2sp,,,,"고죠 사토루,게토 스구루",고죠 사토루X게토 스구루,로맨틱,,"만화,일러스트","otav_572, goge_lara572",https://dongne.co/events/df2601/circles/156723,제32회 디. 페스타,Day1
괴담야근,BN,,,,,4sp,괴담출근,,,김솔음,,,,,_boxxo,https://dongne.co/events/df2601/circles/156229,제32회 디. 페스타,Day1
괴담행사,누룽,,,,,1sp,괴담에 떨어져도 출근을 해야하는 구나,,,김솔음,,,,일러스트,@ghost_story__33,https://dongne.co/events/df2601/circles/156915,제32회 디. 페스타,Day1
교자명가,만두대왕,,,,,1sp,,,,,,,,,,https://dongne.co/events/df2601/circles/156101,제32회 디. 페스타,Day1
기사식당,"솔새, 연초, 멕, 깨꾸",,,,,2sp,그랑블루판타지,,,"퍼시벌,지크프리트",퍼시벌X지크프리트,"섹슈얼,로맨틱",,"소설,만화","멕 @quasarose, 연초 @rnscjdtor, 솔 @pinecone_e, 깨꾸 @2cha_Ro",https://dongne.co/events/df2601/circles/158254,제32회 디. 페스타,Day1
꽁뜨수달,꽁,,,,,2sp,,,,,,,,,,https://dongne.co/events/df2601/circles/157875,제32회 디. 페스타,Day1
꾸꾸까까,치키,,,,,2sp,세포신곡,"더블크로스,trpg",,,,,,"만화,소설",chiki_maki,https://dongne.co/events/df2601/circles/156026,제32회 디. 페스타,Day1
남쪽으로,一花,,,,,1sp,주술회전,하이큐,,"하시라마,마다라,가아라,록리,고죠 사토루,게토 스구루,나나미 켄토,하이바라 유우",,해당없음,"고죠게토, 하이나나","일러스트,만화",@ilhwa_0122,https://dongne.co/events/df2601/circles/157871,제32회 디. 페스타,Day1
냥냥냥냥,히나,,,,,1sp,도검난무,,시간정부명예공무원 복지위원회,"히자마루,히게키리",,로맨틱,,"만화,공예",@H1N4_0817,https://dongne.co/events/df2601/circles/158940,제32회 디. 페스타,Day1
냥냥펀치,리코,,,,,1sp,원신,스타레일 앙스타,,타르탈리아,,,,기타,@licolico_0,https://dongne.co/events/df2601/circles/156121,제32회 디. 페스타,Day1
네가그려,기설,,,,,1sp,프로젝트 세카이,,,"텐마츠카사,카미시로 루이",카미시로 루이X텐마 츠카사,로맨틱,,"일러스트,만화",,https://dongne.co/events/df2601/circles/158178,제32회 디. 페스타,Day1
네코마마,레이카,,,,,4sp,데뷔 못 하면 죽는 병 걸림,"괴담에 떨어져도 출근을 해야 하는구나,화산귀환,광마회귀",,박문대(른/오른쪽),,,,,@rayca01,https://dongne.co/events/df2601/circles/156074,제32회 디. 페스타,Day1
농구킬러,ㅅㅋㅇ,,,,,2sp,"가비지타임,파과",슬램덩크,,"성준수,진재유,투우,조각",성준수X진재유,로맨틱,"투우,조각","만화,일러스트,기타",dlektha1121,https://dongne.co/events/df2601/circles/157848,제32회 디. 페스타,Day1
느짓살이,단삭,,,,,1sp,명일방주,,2026 로도스 아일랜드 정기발표회,이그제큐터,,,,"소설,기타",Dansak_AK,https://dongne.co/events/df2601/circles/156128,제32회 디. 페스타,Day1
달고양이,icecy,,,,,2sp,수공예,,,,,,,공예,,https://dongne.co/events/df2601/circles/156662,제32회 디. 페스타,Day1
달보드레,"한랏, 겨울나리",,,,,1sp,오리지널 (1차창작) 만화&소설,"테일즈위버,켄가키미,리코리스리코일,봇치더락",,,,로맨틱,,"만화,소설",@Dal_bdr_,https://dongne.co/events/df2601/circles/158667,제32회 디. 페스타,Day1
데코라떼,DECORA,,,,,1sp,보컬로이드,"니디 걸 오버도즈,보컬로이드,괴담출근,고전미연시",,"김솔음,류재관,최 요원,시유,유니,하츠네 미쿠,초텐짱,아메짱",,,,일러스트,@DECORA_S2,https://dongne.co/events/df2601/circles/156411,제32회 디. 페스타,Day1
동인실직,스칼,,,,,2sp,프로젝트 세카이 컬러풀 스테이지,,,,,"로맨틱,섹슈얼",,"만화,소설",,https://dongne.co/events/df2601/circles/156183,제32회 디. 페스타,Day1
두다다다,다다두다,,,,,2sp,플레이브,앙상블스타즈,,,,,,,,https://dongne.co/events/df2601/circles/157176,제32회 디. 페스타,Day1
두부전골,"토푸, 솜",,,,,1sp,닌타마,"하이큐,괴출",,,하이바 리에프X야쿠 모리스케,,,만화,"@ssamanko030, @babububu_suki",https://dongne.co/events/df2601/circles/157197,제32회 디. 페스타,Day1
뒹굴뒹굴,돕돕돕,,,,,2sp,던전밥,,,,,,,,,https://dongne.co/events/df2601/circles/156155,제32회 디. 페스타,Day1
러브앤문,러브앤문,,,,,2sp,,,,,,,,"공예,조형",,https://dongne.co/events/df2601/circles/157144,제32회 디. 페스타,Day1
레몬라떼,레몬아이스 ,,,,,2sp,포켓몬,,,,,,,,@L_1ce,https://dongne.co/events/df2601/circles/157420,제32회 디. 페스타,Day1
렛츠두잇,해왕성인,,,,,2sp,닌타마,포켓몬,,,,,,일러스트,@neptuneblue_01,https://dongne.co/events/df2601/circles/158447,제32회 디. 페스타,Day1
리무리무,리무무,,,,,1sp,괴담출근,,,김솔음,나기X레오,해당없음,사에린,일러스트,@ri_mumu,https://dongne.co/events/df2601/circles/156258,제32회 디. 페스타,Day1
마요공방,Roro,,,,,2sp,,,,,,,,,,https://dongne.co/events/df2601/circles/157466,제32회 디. 페스타,Day1
말달리자,"베띠, 런치",,,,,2sp,우마무스메,"보카로,스타레일",,"오구리 캡,타마모 크로스",,,,일러스트,"@xx_betti, @LUN_CH_",https://dongne.co/events/df2601/circles/158264,제32회 디. 페스타,Day1
문어구이,문어구이,,,,,2sp,데뷔 못 하면 죽는 병 걸림,플레이브,,"테스타,플레이브",,,,,,https://dongne.co/events/df2601/circles/156702,제32회 디. 페스타,Day1
반듯반듯,호골,,,,,1sp,,,,,,,,"만화,기타",@C_Hogol,https://dongne.co/events/df2601/circles/156365,제32회 디. 페스타,Day1
버섯왕국,k1130s,,,,,2sp,괴담출근,,,,,,,,@Hwiwol,https://dongne.co/events/df2601/circles/156649,제32회 디. 페스타,Day1
벼락맞음,개구리,,,,,1sp,아이돌리쉬 세븐(아이나나),"프리티 시리즈(오드 디마퓨 킹프리),카리스마,니지산지(KR,EN)",,,,,,"만화,일러스트",,https://dongne.co/events/df2601/circles/157260,제32회 디. 페스타,Day1
별긍상점,별긍,,,,,1sp,,,,"토곰이,곰돌이,긍냥이",,,,일러스트,byeol_geung,https://dongne.co/events/df2601/circles/158489,제32회 디. 페스타,Day1
복작복작,moraegorae,,,,,1sp,혈계전선,"코난,나루토","끝나지 않는 축제, 라이브라","크라우스,스티븐",,,"타카사, 카카이루","소설,공예",,https://dongne.co/events/df2601/circles/157055,제32회 디. 페스타,Day1
부스부스,레네,,,,,1sp,괴담출근,,,,,,,,@rene_gt236,https://dongne.co/events/df2601/circles/156903,제32회 디. 페스타,Day1
붉은나비,유티아,,,,,1sp,괴담에 떨어져도 출근을 해야 하는구나,"데뷔 못하면 죽는 병 걸림,룬의 아이들",,김솔음,문대,로맨틱,"보란보, 큰세문대",소설,@moon_shine12,https://dongne.co/events/df2601/circles/156549,제32회 디. 페스타,Day1
쁘띠빠띠,떼,,,,,2sp,,,,,,,,,,https://dongne.co/events/df2601/circles/158703,제32회 디. 페스타,Day1
사장부스,대표,,,,,1sp,괴담출근,,,,,,,"만화,기타",sajang288,https://dongne.co/events/df2601/circles/158129,제32회 디. 페스타,Day1
순정열거,hop,,,,,2sp,주술회전,,,,게토 스구루X고죠 사토루,"섹슈얼,로맨틱",,만화,,https://dongne.co/events/df2601/circles/156161,제32회 디. 페스타,Day1
시식코너,43,,,,,1sp,프로젝트 세카이,,"나의 스타에게, 너의 연출가로부터 #3","텐마 츠카사,카미시로 루이",텐마 츠카사X카미시로 루이,로맨틱,,"만화,일러스트",‪@43_ahk,https://dongne.co/events/df2601/circles/158657,제32회 디. 페스타,Day1
시쿠시쿠,농부,,,,,2sp,프로젝트 세카이,,,,카미시로 루이X텐마 츠카사,,,,,https://dongne.co/events/df2601/circles/156201,제32회 디. 페스타,Day1
쓰레기통,세인,,,,,2sp,,,,,,"로맨틱,섹슈얼",,만화,@myeonglyunjins4,https://dongne.co/events/df2601/circles/157074,제32회 디. 페스타,Day1
업보팔이,업보,,,,,1sp,,,,,,,,공예,@UPBOisComniG,https://dongne.co/events/df2601/circles/158004,제32회 디. 페스타,Day1
엔젤코어,hazuyou,,,,,1sp,해즈빈 호텔,란프렌,,허스크 엔젤더스트,,로맨틱,,만화,,https://dongne.co/events/df2601/circles/156171,제32회 디. 페스타,Day1
열혈반점,소지,,,,,2sp,앙상블 스타즈!! Music,,,나구모 테토라,나구모 테토라X키류 쿠로,,테츠쿠로,"만화,일러스트",@draca2na,https://dongne.co/events/df2601/circles/156214,제32회 디. 페스타,Day1
염사헌네,포치,,,,,1sp,괴담출근,,,"김솔음,백사헌",,"로맨틱,섹슈얼",,"만화,일러스트",____0x0c,https://dongne.co/events/df2601/circles/158077,제32회 디. 페스타,Day1
옆집형아,"딩쨩,날조",,,,,2sp,오오에,문호 스트레이독스,,"오오사키,시즈마",오오사키X시즈마,"로맨틱,섹슈얼",오다자,"만화,일러스트,소설","@dingzaing , @blgyebal",https://dongne.co/events/df2601/circles/158043,제32회 디. 페스타,Day1
오합지졸,노갈,,,,,2sp,닌타마 란타로,"슬램덩크,괴담에 떨어져도 출근을 해야 하는구나",,,,,,"만화,일러스트",@gak_0,https://dongne.co/events/df2601/circles/156397,제32회 디. 페스타,Day1
요정마을,리캄,,,,,1sp,페이트 그렌드 오더,,,"바반 시,오베론",,,,일러스트,ri_km_,https://dongne.co/events/df2601/circles/157235,제32회 디. 페스타,Day1
욜체리네,체리밍,,,,,2sp,프로젝트세카이,,,,,,,일러스트,@cherrymeing,https://dongne.co/events/df2601/circles/157706,제32회 디. 페스타,Day1
유비무환,2025 음악가 부스,,,,,1sp,Fate/Grand Order,,,,,,,만화,@being_underhum,https://dongne.co/events/df2601/circles/158806,제32회 디. 페스타,Day1
은민상점,은민,,,,,1sp,,,,,,,,일러스트,em913em,https://dongne.co/events/df2601/circles/157408,제32회 디. 페스타,Day1
제발저요,낸내,,,,,1sp,괴담출근,,,김솔음,,,,일러스트,,https://dongne.co/events/df2601/circles/157093,제32회 디. 페스타,Day1
짐승우리,세이세이,,,,,2sp,콜 오브 듀티,,과부만들지마,"쾨니히,호랑이,닉토,고스트 외 기타 등등 오퍼",,,,"공예,일러스트,기타",seisei_cod,https://dongne.co/events/df2601/circles/158724,제32회 디. 페스타,Day1
짱돌이네,똥파리,,,,,1sp,"새벽의 연화,니지산지",,,"연화,학,아키나,미나토,히바리,카나토,마나,라이",학X연화,,,일러스트,,https://dongne.co/events/df2601/circles/158964,제32회 디. 페스타,Day1
참깨공장,채다,,,,,1sp,니지산지,DCU,,7차원학생회(니지산지),,,,,@C3o00,https://dongne.co/events/df2601/circles/158140,제32회 디. 페스타,Day1
청춘소년,깨알,,,,,2sp,명탐정코난,"가비지타임,하이큐",,,야마토 칸스케X모로후시 타카아키,로맨틱,,"만화,소설",@kntk_guestbook @Rodkf_ii,https://dongne.co/events/df2601/circles/157086,제32회 디. 페스타,Day1
초코파티,미마,,,,,2sp,,"나의 히어로 아카데미아,아이돌마스터,데빌 메이 크라이,킹 오브 프리즘,해즈빈 호텔",,,,로맨틱,,"만화,일러스트",@pbcpys,https://dongne.co/events/df2601/circles/158242,제32회 디. 페스타,Day1
춘스쥐개,春,,,,,2sp,닌타마(닌자보이 란타로) 붕괴 스타레일 페이트 그랜드 오더(페그오),,,,,,,만화,Haruum_99,https://dongne.co/events/df2601/circles/157218,제32회 디. 페스타,Day1
코제니몬,기니보이,,,,,1sp,닌타마 란타로,100미터,,키리마루 외 다수,키리마루X도이,"해당없음,로맨틱","손나몽×잣토, 견원",만화,@DewDew_x2,https://dongne.co/events/df2601/circles/156725,제32회 디. 페스타,Day1
킬더실버,그은,,,,,2sp,,,,,,,,공예,kil_the_silver,https://dongne.co/events/df2601/circles/157115,제32회 디. 페스타,Day1
토마토맛,ho,,,,,2sp,,,,,,,,,,https://dongne.co/events/df2601/circles/156753,제32회 디. 페스타,Day1
튼튼밀크,.,,,,,2sp,포켓몬스터,"오버워치,페르소나",,,,,,"일러스트,만화",,https://dongne.co/events/df2601/circles/156193,제32회 디. 페스타,Day1
풍년떡집,08kal666,,,,,1sp,도검난무,,시간정부명예공무원 복지위원회,이치몬지 파,,,,만화,https://x.com/08Kal666,https://dongne.co/events/df2601/circles/156453,제32회 디. 페스타,Day1
하울공방,하울공방,,,,,1sp,,,,,,,,,@Live_OAO,https://dongne.co/events/df2601/circles/156871,제32회 디. 페스타,Day1
한오백년,공방 한오백년,,,,,2sp,"솜인형 옷장,소품 등",,,,,,,공예,@han500yearsom,https://dongne.co/events/df2601/circles/157243,제32회 디. 페스타,Day1
호랑이굴,토라,,,,,2sp,프로세카,,,토우아키,아오야기토우야X시노노메아키토,"로맨틱,섹슈얼","루이츠카, 미즈에나","소설,만화",@_tiger_ovo,https://dongne.co/events/df2601/circles/157715,제32회 디. 페스타,Day1
환상뜨락,환상뜨락,,,,,2sp,탑로더 탑꾸,키링,,,,,,공예,@Dreamy_garden,https://dongne.co/events/df2601/circles/157036,제32회 디. 페스타,Day1
시마단나~♡ 도키부키~♡,마요네즈,,,,,1sp,MIU404,,,"시마 카즈미,이부키 아이",시마 카즈미X이부키 아이,"섹슈얼,로맨틱",,"만화,소설,일러스트",@mayonezu_404,https://dongne.co/events/df2601/circles/157484,제32회 디. 페스타,Day1
벨로이루 ,beloiro,,,,,2sp,멸종위기동물 아트토이,,,,,,,"공예,조형",beloiro_bjd ,https://dongne.co/events/df2601/circles/158112,제32회 디. 페스타,Day1
우주유영 ,모민,,,,,2sp,프로젝트 세카이,,,"카미시로 루이,텐마 츠카사,아키야마 미즈키,시노노메 에나",카미시로 루이X텐마 츠카사,,미즈에나,"만화,일러스트",@pleegf,https://dongne.co/events/df2601/circles/156996,제32회 디. 페스타,Day1
히지카타 씨 제가 에도 따라가고 싶은 거 아세요? 응 알아,말랑,,,,,1sp,은혼,,,"히지카타 토시로,오키타 미츠바",히지카타 토시로X오키타 미츠바,로맨틱,,소설,@mallrangee,https://dongne.co/events/df2601/circles/158725,제32회 디. 페스타,Day1
이번에는 뭘 낼까요,카야,,,,,1sp,고민,,,,,,,,@_kaya_2725,https://dongne.co/events/df2601/circles/156974,제32회 디. 페스타,Day1
사리아는 몇 사리아?,삼산,,,,,1sp,명일방주,,2026 로도스 아일랜드 정기발표회,라인 랩 일동,,,,"일러스트,소설",@TR1M0UNTS,https://dongne.co/events/df2601/circles/156683,제32회 디. 페스타,Day1
마감보다 못죽,류소,,,,,1sp,데뷔못하면 죽는 병 걸림,괴담출근,,박문대,신재현X박문대,로맨틱,최요원×김솔음,일러스트,,https://dongne.co/events/df2601/circles/157019,제32회 디. 페스타,Day1
세카이의 종점,piyoyo,,,,,1sp,오오에,니지산지 쿠로노와,,"오오사키,아리아케,신바시,카나에 쿠즈하",오오사키X아리아케,로맨틱,오오사키X신바시,일러스트,piyoyo_1999,https://dongne.co/events/df2601/circles/157239,제32회 디. 페스타,Day1
돌아와라 아직 네 부스 자리가 남아있다,명이,,,,,2sp,역전재판,,Don't forget DL6 ~DL6호 사건을 잊지마라~ ,"나루호도 류이치,미츠루기 레이지",나루호도 류이치X미츠루기 레이지,"섹슈얼,로맨틱",,게임,@Myeong7632,https://dongne.co/events/df2601/circles/157022,제32회 디. 페스타,Day1
그래그래 나도 네 여친이 더 예쁘다고 생각해,새커,,,,,1sp,프로젝트 세카이,,버디 퍼니 데이트 타임!,"시라이시 안,아즈사와 코하네,키리타니 하루카,하나사토 미노리",시라이시 안X아즈사와 코하네,로맨틱,키리타니 하루카 × 하나사토 미노리,소설,@Itsuka_Awakenig,https://dongne.co/events/df2601/circles/158691,제32회 디. 페스타,Day1
유가코코 뉴짤 나올 때까지 정권지르기,김서린,,,,,1sp,역전재판,,Don't forget DL6 ~DL6호 사건을 잊지마라~ ,"유가미 진,키즈키 코코네",유가미 진X키즈키 코코네,"로맨틱,섹슈얼",,만화,kimseorin_9909,https://dongne.co/events/df2601/circles/156902,제32회 디. 페스타,Day1
두근두근 동경 클럽!,담,,,,,2sp,"아이돌리쉬세븐,괴담출근",,,"나나세 리쿠,쿠죠 텐,류재관,최요원",나나세 리쿠X쿠죠 텐,로맨틱,류재관 x 최 요원,"소설,만화",@damq_poUo,https://dongne.co/events/df2601/circles/158320,제32회 디. 페스타,Day1
쿄사토를 두고 어떻게 죽어… ,하지,,,,,1sp,가라오케 가자,,,"쿄지,사토미",,로맨틱,,,@hajikara_iko,https://dongne.co/events/df2601/circles/157882,제32회 디. 페스타,Day1
데못죽이 완결 났다고 테스타가 해체할까요?,암흑의 탱탱볼,,,,,2sp,데뷔 못 하면 죽는 병 걸림,괴담에 떨어져도 출근을 해야 하는구나,,,,,,일러스트,@dark_ttb,https://dongne.co/events/df2601/circles/157170,제32회 디. 페스타,Day1
부스명을 로딩 중입니다,"페퍼, 아루, 량호",,,,,2sp,오오에,,,,오오사키X시즈마,,오오타케,"만화,일러스트","@bub_action, @spacearu, @Burned_KOGE",https://dongne.co/events/df2601/circles/157893,제32회 디. 페스타,Day1
최요원씨 저희 결혼적령기 여성입니다,양갱,,,,,2sp,괴담에 떨어져도 출근을 해야 하는구나 (괴담출근),가비지타임,,최요원,,로맨틱,,만화,,https://dongne.co/events/df2601/circles/156818,제32회 디. 페스타,Day1
괴담보다 담걸림,뭉구,,,,,2sp,괴담에 떨어져도 출근을 해야 하는구나,,,,,,,,@moongguyam,https://dongne.co/events/df2601/circles/158423,제32회 디. 페스타,Day1
데한민국 외계인,나기,,,,,2sp,괴담출근.데못죽.플레이브,이착헌 데못죽,,,,,,,,https://dongne.co/events/df2601/circles/157005,제32회 디. 페스타,Day1
도마뱀의 보물함,해룡,,,,,2sp,,,,,,,,공예,tlzn01,https://dongne.co/events/df2601/circles/156133,제32회 디. 페스타,Day1
밀피오레 대난투,죽사,,,,,4sp,가정교사 히트맨 리본,,가히리요? 2026년에요?,,,,,,@tydlclwnrehfhr1,https://dongne.co/events/df2601/circles/156248,제32회 디. 페스타,Day1
법정에서 랑데뷰,오모동,,,,,1sp,역전재판,대역전재판,Don't forget DL6 ~DL6호 사건을 잊지마라~ ,"나루호도 류이치,미츠루기 레이지",나루호도 류이치X미츠루기 레이지,섹슈얼,류아소,"만화,일러스트",@omodong_ace,https://dongne.co/events/df2601/circles/157042,제32회 디. 페스타,Day1
변호사의 혼잣말,게장,,,,,2sp,역전재판,약사의 혼잣말,Don't forget DL6 ~DL6호 사건을 잊지마라~ ,,,,,,@Crab_genie,https://dongne.co/events/df2601/circles/157023,제32회 디. 페스타,Day1
사망단길 잡화점,룬메,,,,,2sp,괴담출근,,,,,,,"일러스트,공예,기타",@meme_panda25,https://dongne.co/events/df2601/circles/156160,제32회 디. 페스타,Day1
사이쿄대 문예부,사라사,,,,,2sp,아이실드21,,,히루마 요이치,콘고 아곤X히루마 요이치,"로맨틱,섹슈얼",무사히루,만화,@salasa075,https://dongne.co/events/df2601/circles/156126,제32회 디. 페스타,Day1
세메노메 동아리,혬,,,,,2sp,프로젝트 세카이,,,,,섹슈얼,,"소설,일러스트",idiotalk,https://dongne.co/events/df2601/circles/156857,제32회 디. 페스타,Day1
슈뢰딩거 어쩌고,94,,,,,1sp,괴담에 떨어져도 출근을 해야하는구나,"슬램덩크,데못죽",,,,,,,@94_fanso,https://dongne.co/events/df2601/circles/157226,제32회 디. 페스타,Day1
오른팔도 른이다,nn,,,,,2sp,가정교사히트맨리본,,가히리요? 2026년에요?,"사와다 츠나요시,고쿠데라 하야토",사와다 츠나요시X고쿠데라 하야토,,,,@qmnjuy1,https://dongne.co/events/df2601/circles/157524,제32회 디. 페스타,Day1
우미네코 고서점,이새,,,,,1sp,우미네코 고서점,,,,,,,일러스트,isaekki_,https://dongne.co/events/df2601/circles/157332,제32회 디. 페스타,Day1
잡덕방지 위원회,차누,,,,,2sp,사카모토데이즈,"진격의 거인,블루록",,"나구모 요이치,리바이,나기 세이시로",,로맨틱,엘빈x리바이,"일러스트,만화",@chanooartz,https://dongne.co/events/df2601/circles/156316,제32회 디. 페스타,Day1
팀해조류 톳앤멱,"토, 먉",,,,,2sp,주술회전,,,게토스구루x고죠사토루,게토스구루X고죠사토루,"섹슈얼,로맨틱",,만화,"@toe725, @1_and_on1y_725",https://dongne.co/events/df2601/circles/158394,제32회 디. 페스타,Day1
파트너와 합의중,햄쥑,,,,,2sp,나의 히어로 아카데미아,"혈계전선,1차 창작,포켓몬,마이리틀포니,피크민",,"프레젠트마이크,아이자와,미도리야,바쿠고,호크스,피크민,트와일라잇스파클",,,,"일러스트,공예,만화,게임",@blood_hamjikk,https://dongne.co/events/df2601/circles/157242,제32회 디. 페스타,Day1
호밀빵의 밀수꾼,호밀,,,,,1sp,프로젝트세카이 보컬로이드,,,,,,,"만화,일러스트",@homilpain,https://dongne.co/events/df2601/circles/156288,제32회 디. 페스타,Day1
인술학원 감자밭 ,udonn,,,,,1sp,닌타마 란타로,페이트/그랜드 오더,,5학년 드림,,,,"일러스트,만화,소설",,https://dongne.co/events/df2601/circles/157303,제32회 디. 페스타,Day1
괴담민국 출퇴근 ㄱ?,리엔,,,,,2sp,괴담에 떨어져도 출근을 해야 하는구나,,,,,,,공예,@cairien,https://dongne.co/events/df2601/circles/157514,제32회 디. 페스타,Day1
벼락치기 부스의 저력,모모,,,,,2sp,주술회전,괴수8호,,"고죠 사토루,게토 스구루",,"로맨틱,섹슈얼",나루호시,소설,@anything_jumeok,https://dongne.co/events/df2601/circles/156693,제32회 디. 페스타,Day1
어디까지 가히리 하나 보자,미밍,,,,,4sp,가정교사히트맨리본,,가히리요? 2026년에요?,all 캐릭터,야마모토 타케시X고쿠데라 하야토,로맨틱,,,@me_meming,https://dongne.co/events/df2601/circles/157835,제32회 디. 페스타,Day1
프로젝트 수상한 빛과 밤의 키스는 미션 후에,"함, 디다, 윤소로",,,,,2sp,"프로젝트 세카이,빛과 밤의 사랑,수상한 메신저,연애 경보~키스는 미션 후에","수상한 메신저,연애 경보~키스는 미션 후에,세레나와 불가사의한 미궁",,,카미시로 루이X쿠사나기 네네,로맨틱,"유성여주, 사쿠주",소설,RUNEinLove,https://dongne.co/events/df2601/circles/157596,제32회 디. 페스타,Day1
귀여워도 출근을 해야 하는구나,용사,,,,,2sp,괴담에 떨어져도 출근을 해야 하는구나,내가 키운 S급들,,"김솔음,최요원,이자헌,J3,백사헌등등",최요원X김솔음,해당없음,,일러스트,@04_0IV,https://dongne.co/events/df2601/circles/156354,제32회 디. 페스타,Day1
의료법인 고양이 혼마루,랑바,,,,,2sp,도검난무,,시간정부명예공무원 복지위원회,"도요 이치몬지,쇼쿠다이키리 미츠타다,우구이스마루",도요 이치몬지X창작 남사니와,로맨틱,,공예,@Mao_Ryang,https://dongne.co/events/df2601/circles/156530,제32회 디. 페스타,Day1
출근하기 싫어서 데뷔함,백옥,,,,,1sp,괴담에 떨어져도 출근을 해야하는구나,데뷔 못하면 죽는 병 걸림,,"김솔음,백사헌,최요원,박문대,이세진,선아현",,,,일러스트,@white_jade0410,https://dongne.co/events/df2601/circles/158402,제32회 디. 페스타,Day1
포도나무 프세카 열렸네,포도,,,,,1sp,프로젝트 세카이,,,"카미시로 루이,텐마 츠카사",카미시로 루이X텐마 츠카사,로맨틱,,소설,@Podo_dodo_po,https://dongne.co/events/df2601/circles/157337,제32회 디. 페스타,Day1
외계인이 나오면 정신을 못차림,lexmana,,,,,2sp,괴담출근,"이착헌,슬램덩크",,김솔음,,,,일러스트,@didbub1,https://dongne.co/events/df2601/circles/156664,제32회 디. 페스타,Day1
하나둘셋 비바렌 파이팅!,"귤, 비",,,,,2sp,VS AMBIVALENZ(비바렌),,,,,,,,,https://dongne.co/events/df2601/circles/158430,제32회 디. 페스타,Day1
압도적인 날홋을 보여줘라,린,,,,,1sp,괴수 8호,,,,나루미 겐X호시나 소우시로,"로맨틱,해당없음",NCP,,@mixacc_01,https://dongne.co/events/df2601/circles/156898,제32회 디. 페스타,Day1
까치까치 설날은 어저께고요 우리우리 빅폴은 오늘이래요,식물지기,,,,,2sp,트라이건,,,밧슈 더 스탬피드,나이브스X밧슈,"로맨틱,섹슈얼",,"만화,일러스트",@_plantlover,https://dongne.co/events/df2601/circles/156777,제32회 디. 페스타,Day1
김솔음은 연애를 해야하는구나,괴,,,,,1sp,괴담에떨어져도출근을해야하는구나,,,김솔음,김솔음X백사헌,"로맨틱,섹슈얼","최솔, 재관솔음",소설,@anevilspirit__,https://dongne.co/events/df2601/circles/157743,제32회 디. 페스타,Day1
강아지가 되어도...(부제:낢대장님 상주중,"표목, 물레",,,,,2sp,너희들은 변호됐다,괴수8호,,차주한,강민재X차주한,"로맨틱,섹슈얼",나루호시,"일러스트,소설,공예",,https://dongne.co/events/df2601/circles/156894,제32회 디. 페스타,Day1
경원단항 앤솔로지,류논,,,,,2sp,붕괴:스타레일,,,"경원,단항",경원X단항,로맨틱,,"소설,만화",,https://dongne.co/events/df2601/circles/156072,제32회 디. 페스타,Day1
괴도키드 출몰지역,휴로,,,,,1sp,명탐정 코난,매직카이토,Another stage,"쿠로바 카이토,쿠도 신이치",쿠로바 카이토X쿠도 신이치,"로맨틱,해당없음",,"만화,일러스트,소설,공예,기타",@Kkitsei,https://dongne.co/events/df2601/circles/158513,제32회 디. 페스타,Day1
교황님이 보고계셔,테라 감자농사진흥청,,,,,2sp,명일방주,,2026 로도스 아일랜드 정기발표회,"모스티마,엑시아",모스티마X엑시아,로맨틱,,"일러스트,만화",@mEwEm333,https://dongne.co/events/df2601/circles/158836,제32회 디. 페스타,Day1
버튜버와 원더랜드,매맹,,,,,2sp,니지산지,"트위스티드 원더랜드,블루록",,"후와구사,오리엔스,디티카,하츠라뷸,디아솜니아",,로맨틱,,소설,@mememaeng,https://dongne.co/events/df2601/circles/157625,제32회 디. 페스타,Day1
솔음이의 키자니아,ㄹㅇ,,,,,1sp,괴담에 떨어져도 출근을 해야 하는구나,,,,,,,,,https://dongne.co/events/df2601/circles/156290,제32회 디. 페스타,Day1
스포츠에 인생베팅,Sipir,,,,,2sp,가비지타임,하이큐,,,,,,,sipir02,https://dongne.co/events/df2601/circles/156333,제32회 디. 페스타,Day1
쏘아올린 새우튀김,Lusy,,,,,2sp,Nu:카니발,,,"에이트,야쿠모,큐야",,,,,@Lusy-nu,https://dongne.co/events/df2601/circles/156859,제32회 디. 페스타,Day1
역전하고 패륜하고,아히,,,,,1sp,역전재판,하데스(Hades),Don't forget DL6 ~DL6호 사건을 잊지마라~ ,"나루호도 류이치,미츠루기 레이지,자그레우스,타나토스",나루호도 류이치X미츠루기 레이지,"로맨틱,섹슈얼",자그탄,소설,@AAHI_12,https://dongne.co/events/df2601/circles/158539,제32회 디. 페스타,Day1
유히왕과 기타등등,두부,,,,,1sp,유희왕 듀얼몬스터즈,모브사이코 등,,"야미유우기(아템),유우기",,로맨틱,,만화,@narksuhaza,https://dongne.co/events/df2601/circles/158327,제32회 디. 페스타,Day1
이치몬지 영업부서,김깨,,,,,1sp,도검난무,,시간정부명예공무원 복지위원회,이치몬지 일가 메인 올캐러,도검남사X창작사니와,"섹슈얼,로맨틱",,만화,@gimgim_koikoi,https://dongne.co/events/df2601/circles/157035,제32회 디. 페스타,Day1
장외홈런 야구메어,le어린prince,,,,,1sp,프로메어,,,"갈로,리오,크레이 등",,,,,,https://dongne.co/events/df2601/circles/156198,제32회 디. 페스타,Day1
축구하는 은하열차,삼식,,,,,2sp,붕괴스타레일,블루록,,개척자,,,린이사,,,https://dongne.co/events/df2601/circles/157672,제32회 디. 페스타,Day1
쿠우쿠우 믹틀란점,전황,,,,,1sp,페이트 그랜드 오더(Fate/Grand Order),,,"이스칼리,카르나,아르주나",,,,만화,jhwxxxnb,https://dongne.co/events/df2601/circles/158631,제32회 디. 페스타,Day1
프린세스 사교클럽,이비,,,,,2sp,괴담출근,"이착헌,닌타마,앙스타",,,,,,"일러스트,공예,기타",@H_la2626,https://dongne.co/events/df2601/circles/157660,제32회 디. 페스타,Day1
고릴라와 허접멸치~울트라로맨틱~,tbyys2,,,,,2sp,흡혈귀는 툭하면 죽는다,흡툭죽,,"로널드,드라루크",로널드X드라루크,"로맨틱,섹슈얼",,,himtroll,https://dongne.co/events/df2601/circles/156144,제32회 디. 페스타,Day1
게토고죠 앤솔로지 : 회억록,OHC,,,,,2sp,주술회전,,,"게토 스구루,고죠 사토루",게토 스구루X고죠 사토루,섹슈얼,,만화,@725anth,https://dongne.co/events/df2601/circles/157322,제32회 디. 페스타,Day1
농구만화 출신인데 농구를 안함,NEO,,,,,1sp,슬램덩크,,,"박철,김용",박철X김용,"로맨틱,섹슈얼",,"소설,일러스트,만화",,https://dongne.co/events/df2601/circles/157643,제32회 디. 페스타,Day1
자네들은 지금부터 검은조직을 토벌해줘야겠데이,김몽블랑,,,,,1sp,명탐정 코난,괴수8호,,"쿠도 신이치,후루야 레이,쿠로바 카이토,호시나 소우시로,나루미 겐",쿠로바 카이토X쿠도 신이치,해당없음,"나루미 겐, 호시나 소우시로",일러스트,gimmongbeu40627,https://dongne.co/events/df2601/circles/158357,제32회 디. 페스타,Day1
스플래툰 백합서점 정상영업합니다,상현/쾌남,,,,,2sp,스플래툰,케이팝 데몬 헌터스,,,,로맨틱,"38, 우츠후우","소설,만화",@seya_splatoon/ @24bb2_2,https://dongne.co/events/df2601/circles/156408,제32회 디. 페스타,Day1
이것또한 운명이다...,껌딱지,,,,,2sp,프로젝트 세카이,,,텐마 사키,히노모리 시호X텐마 사키,"로맨틱,해당없음","아오야기 토우야 , 시노노메 아키토",만화,@ggum0908,https://dongne.co/events/df2601/circles/157996,제32회 디. 페스타,Day1
서클명을 적어주세요,하인,,,,,1sp,데뷔 못하면 죽는 병 걸림,,,,이세진X배세진,,,"만화,일러스트",hahinnom,https://dongne.co/events/df2601/circles/156312,제32회 디. 페스타,Day1
카란무역 물류보급소,HYUN,,,,,2sp,명일방주,,2026 로도스 아일랜드 정기발표회,올캐릭터,,,,일러스트,@KJ3R4G,https://dongne.co/events/df2601/circles/158002,제32회 디. 페스타,Day1
트라이건 정상영업중,"기솜, zf",,,,,2sp,트라이건,괴담에 떨어져도 출근을 해야 하는구나,,"밧슈,울프우드,김솔음",,,,"만화,일러스트",@eridin3038,https://dongne.co/events/df2601/circles/157703,제32회 디. 페스타,Day1
자급자족 잡탕찌개의 맛,흑톡기,,,,,2sp,오리지널,"괴담출근,페이트/그랜드 오더,슬램덩크 등",,,,,,"공예,기타",@0_dokki,https://dongne.co/events/df2601/circles/157027,제32회 디. 페스타,Day1
아인발트 루트비히스 대학 입시설명회,"청, 바, 지",,,,,2sp,명일방주,,2026 로도스 아일랜드 정기발표회,"링거링 에코스,츠빌링슈튀르메의 가을",크라이데X에벤홀츠,,"익제알투, 레싱에벤(미정)","소설,일러스트","@_wb23, @be_WhiteDwarf, @WeirdLeithanien",https://dongne.co/events/df2601/circles/158906,제32회 디. 페스타,Day1
이번에도 광탈인가요?,다혼,,,,,1sp,이세계 착각헌터,,,올캐릭터,,,,"일러스트,공예,조형,기타",,https://dongne.co/events/df2601/circles/156912,제32회 디. 페스타,Day1
법정에서 고백하겠습니다,길티 / 걍부 / 남애 / 체리,,,,,4sp,역전재판,역전검사,Don't forget DL6 ~DL6호 사건을 잊지마라~ ,"오도로키 호스케,가류 쿄야",가류 쿄야X오도로키 호스케,"섹슈얼,로맨틱",오도로키 호스케 x 가류 쿄야,"일러스트,만화,소설",@guilty8uilty / @just_bbu2 / @nam_eh_co / @cherryekdyd,https://dongne.co/events/df2601/circles/158246,제32회 디. 페스타,Day1
부스이름 죽을때까지모브레이를하겠다는피의연맹,달문,,,,,2sp,모브사이코100,,,카게야마 시게오,,로맨틱,,,,https://dongne.co/events/df2601/circles/156501,제32회 디. 페스타,Day1
백귀아행_백마리의 귀여운 아기치미의 행진,"또처, 김장",,,,,2sp,주술회전,,,,게토 스구루X고죠 사토루,로맨틱,,"만화,일러스트","@ttoeatagain, @kimjang_kc",https://dongne.co/events/df2601/circles/157708,제32회 디. 페스타,Day1
"주황파랑, 같이 하실래요?",하도,,,,,1sp,닌타마 란타로,"트위스테,앙스타,호요버스게임,롤 등",,세트 아펠리오스 에이스 듀스 스바루 호쿠토 토메사부로 이사쿠,,해당없음,"에이스×듀스, 스바루×호쿠토",일러스트,@gam__0,https://dongne.co/events/df2601/circles/158283,제32회 디. 페스타,Day1
인생역전!,제토,,,,,1sp,역전재판,"대역전재판,역전검사",Don't forget DL6 ~DL6호 사건을 잊지마라~ ,,,,,,@zetoee,https://dongne.co/events/df2601/circles/157132,제32회 디. 페스타,Day1
하롱살롱/겨울의꿈,하롱살롱,,,,,4sp,,,,,,,,"공예,기타",,https://dongne.co/events/df2601/circles/156332,제32회 디. 페스타,Day1
이게뭔말.,히로,,,,,1sp,우마무스메,닥터스톤,,,,,,기타,@hiiiro_uma,https://dongne.co/events/df2601/circles/158597,제32회 디. 페스타,Day1
페어룩백(돌아온백수),"달기, 저공",,,,,2sp,명일방주,"보컬로이드,ロウワー",2026 로도스 아일랜드 정기발표회,"오퍼레이터,보컬로이드",,"해당없음,섹슈얼","독타른, 모브오퍼, 보카로cp, ロウワー","만화,일러스트","@_DUGEN_, @IGOYO",https://dongne.co/events/df2601/circles/158872,제32회 디. 페스타,Day1
★할리킹☆,요시시키,,,,,1sp,윈드브레이커,"도쿄리벤져스,주술회전",,사쿠라,스오X사쿠라,해당없음,고죠x게토,만화,@yosisiki,https://dongne.co/events/df2601/circles/156216,제32회 디. 페스타,Day1
간장계란밥,금유은,,,,,2sp,강철의 연금술사,빨강머리 백설공주,,,,해당없음,,"만화,일러스트",@Youeun_611,https://dongne.co/events/df2601/circles/158608,제32회 디. 페스타,Day1
경단보급소,휴,,,,,2sp,붕괴:스타레일,,,"경원,단항",경원X단항,로맨틱,,"만화,일러스트",hue_hsr,https://dongne.co/events/df2601/circles/156987,제32회 디. 페스타,Day1
경단영업소,사슴,,,,,2sp,붕괴 스타레일,,,,경원X단항,로맨틱,,일러스트,,https://dongne.co/events/df2601/circles/156405,제32회 디. 페스타,Day1
고유가시대,롭디,,,,,2sp,주술회전,,,,,로맨틱,,"일러스트,만화",@ROB_D__,https://dongne.co/events/df2601/circles/157510,제32회 디. 페스타,Day1
구콰빵맛집,이칠삼,,,,,1sp,역전재판,,Don't forget DL6 ~DL6호 사건을 잊지마라~ ,,,,,,,https://dongne.co/events/df2601/circles/158943,제32회 디. 페스타,Day1
그뭔씹사건,수재비,,,,,2sp,단간론파,"릭앤모티,사우스파크",,,,,,"만화,일러스트",saeuuu0,https://dongne.co/events/df2601/circles/158464,제32회 디. 페스타,Day1
니키보호소,EK,,,,,1sp,앙상블스타즈,,,아마기 린네,시이나 니키X아마기 린네,"로맨틱,해당없음",,,,https://dongne.co/events/df2601/circles/156085,제32회 디. 페스타,Day1
닌자수집가,공마,,,,,2sp,"닌자보이 란타로,닌타마",,,올캐러,케마 토메사부로X젠포우지 이사쿠,"로맨틱,섹슈얼",,"소설,기타",,https://dongne.co/events/df2601/circles/156250,제32회 디. 페스타,Day1
다차원학회,유진,,,,,2sp,오리지널,"프로세카,이착헌,프리렌,로오히 등",,,,,,일러스트,Eugene_Art_Tale,https://dongne.co/events/df2601/circles/157682,제32회 디. 페스타,Day1
데못죽하기,가람가람,,,,,2sp,데못죽,,,"데못죽,테스타,브이틱",,,,"소설,공예,만화",@GaRam_0309,https://dongne.co/events/df2601/circles/156641,제32회 디. 페스타,Day1
도깨비상점,이지연,,,,,2sp,,,,,,,,공예,kkebistore,https://dongne.co/events/df2601/circles/156985,제32회 디. 페스타,Day1
도떼기시장,오양,,,,,1sp,프로젝트 세카이,,,,카가미네 렌X카이토,로맨틱,,"만화,일러스트",@OYAOYATOYA,https://dongne.co/events/df2601/circles/157018,제32회 디. 페스타,Day1
뒷산한계점,곰,,,,,2sp,프로젝트세카이,,,"아오야기 토우야,시노노메 아키토",아오야기 토우야X시노노메 아키토,"로맨틱,섹슈얼",토우아키,"만화,일러스트",,https://dongne.co/events/df2601/circles/156293,제32회 디. 페스타,Day1
롬다롬다롬,도람,,,,,2sp,포켓몬,스플래툰 프리큐어,,,,,,일러스트,@doramdarom,https://dongne.co/events/df2601/circles/156418,제32회 디. 페스타,Day1
마지막일까,델,,,,,2sp,괴담출근,,,김솔음,,,,"만화,일러스트,공예",@dell_fPf,https://dongne.co/events/df2601/circles/156882,제32회 디. 페스타,Day1
마카롱짬뽕,덤덤,,,,,2sp,"스타레일,데못죽,괴담출근",,,,,로맨틱,,일러스트,@de0m__,https://dongne.co/events/df2601/circles/157928,제32회 디. 페스타,Day1
말꼬리잡기,HD,,,,,2sp,명일방주,,2026 로도스 아일랜드 정기발표회,"라테라노,시라쿠사,카시미어",무에나X드림,로맨틱,"라테라노/시라쿠사 분석 에세이, 무에나 드림북이 나옵니다 (가져올 예정이었던 모브물은 행사 연령가 준수를 위해 취소되었습니다)","소설,공예",,https://dongne.co/events/df2601/circles/156917,제32회 디. 페스타,Day1
보리차동산,르미,,,,,2sp,,,,,,,,,@of_reumi,https://dongne.co/events/df2601/circles/156506,제32회 디. 페스타,Day1
사과바구니,사과,,,,,1sp,역전재판,,Don't forget DL6 ~DL6호 사건을 잊지마라~ ,"나루호도 류이치,미츠루기 레이지",나루호도 류이치X미츠루기 레이지,"로맨틱,섹슈얼",,소설,@ringogyakuten,https://dongne.co/events/df2601/circles/158531,제32회 디. 페스타,Day1
사과파이＃,Sapphire,,,,,2sp,탑꾸 데코덴,,,,,,,,,https://dongne.co/events/df2601/circles/156962,제32회 디. 페스타,Day1
소설먹음이,"십리, 시온",,,,,2sp,괴담출근,"전지적독자시점,변호됨,어바등,천관사복",,김솔음,강민재X차주한,로맨틱,"중혁독자, 자하설영",,@10n_nri,https://dongne.co/events/df2601/circles/156671,제32회 디. 페스타,Day1
손에손잡고,피리아,,,,,1sp,괴담에 떨어져도 출근을 해야 하는구나,이세계 착각 헌터,,"강창호,김기려",강창호X김기려,로맨틱,창호기려,,my_moist_alien ,https://dongne.co/events/df2601/circles/156728,제32회 디. 페스타,Day1
신부혼주석,mocha,,,,,4sp,트라이건,,,"울프우드,밧슈",울프우드X밧슈,"로맨틱,섹슈얼",,"만화,소설",cmslash,https://dongne.co/events/df2601/circles/156088,제32회 디. 페스타,Day1
싱싱한미역,미역,,,,,2sp,"스파이 패밀리,붕괴: 스타레일",,,"로이드,요르,선데이,로빈 등",파이논X아낙사,해당없음,파이낙사 등,"일러스트,만화",@starten1000_,https://dongne.co/events/df2601/circles/157212,제32회 디. 페스타,Day1
아이스박스,뉴뉴,,,,,2sp,가라오케가자,슬램덩크,,,,,,,beavererer,https://dongne.co/events/df2601/circles/156231,제32회 디. 페스타,Day1
옆집탐정님,"sikeun, 오진",,,,,2sp,오오에,,,,오오사키X시즈마,로맨틱,오오신,,"uzxkarma, ooojinjin",https://dongne.co/events/df2601/circles/157600,제32회 디. 페스타,Day1
와르르맨션,넝,,,,,2sp,가라오케 가자 / 닌타마 / 원신,,,"사토미,쿄지 /토메사부로,몬지로,이사쿠/ 올로룬,이파,푸리나,느비예트",사토미X쿄지,"로맨틱,해당없음",견원 / 올로이파,"일러스트,만화",@nnnn_g_ng,https://dongne.co/events/df2601/circles/156922,제32회 디. 페스타,Day1
우르르쾅쾅,천벌,,,,,2sp,괴수8호,괴담출근,,,나루미 겐X호시나 소우시로,로맨틱,,,@010203_401,https://dongne.co/events/df2601/circles/157335,제32회 디. 페스타,Day1
이오리쿠짱,미닛,,,,,2sp,아이돌리쉬세븐,,,이즈미 이오리,이즈미 이오리X나나세 리쿠,로맨틱,,만화,,https://dongne.co/events/df2601/circles/158376,제32회 디. 페스타,Day1
일단해보자,뀨,,,,,2sp,주술회전,슬램덩크,,"고죠,게토,윤대협,서태웅",,로맨틱,,,@mangmu_lover,https://dongne.co/events/df2601/circles/157168,제32회 디. 페스타,Day1
잔물결바다,2748,,,,,1sp,앙상블 스타즈!! Music,,,"HiMERU,카제하야 타츠미",HiMERUX카제하야 타츠미,로맨틱,,"만화,기타",b0oipe,https://dongne.co/events/df2601/circles/157323,제32회 디. 페스타,Day1
잡덕잡화점,밍밍,,,,,1sp,괴담에 떨어져도 출근을 해야 하는구나 (괴담출근),"데뷔 못하면 죽는 병 걸림,가바지타임",,"김솔음,최요원,류재관,J3,이자헌,백사헌,박문대,선아현,이세진,기상호,최종수,박병찬,성준수",,,,일러스트,_myung_ll,https://dongne.co/events/df2601/circles/158698,제32회 디. 페스타,Day1
잡화부스점,미아,,,,,1sp,괴수8호,체인소맨,,"나루미,호시나,레제",,로맨틱,덴지레제,"일러스트,만화",saladjoa__,https://dongne.co/events/df2601/circles/156315,제32회 디. 페스타,Day1
장르피뢰침,전송,,,,,1sp,,,,,,,,,,https://dongne.co/events/df2601/circles/158207,제32회 디. 페스타,Day1
적토마펀치,김민주2,,,,,2sp,우마무스메,,,,,,,게임,@NINo_oPUN,https://dongne.co/events/df2601/circles/158928,제32회 디. 페스타,Day1
전뇌고양이,에코,,,,,2sp,프로젝트 세카이,,"나의 스타에게, 너의 연출가로부터 #3","텐마 츠카사,카미시로 루이",,,,,,https://dongne.co/events/df2601/circles/158392,제32회 디. 페스타,Day1
정권지르기,김몽당,,,,,1sp,"아카기,카이지",,,,,"로맨틱,섹슈얼",,만화,@pencilnoking,https://dongne.co/events/df2601/circles/158407,제32회 디. 페스타,Day1
진짜머하지,기뮨,,,,,2sp,,,,,,,,"소설,공예",,https://dongne.co/events/df2601/circles/156990,제32회 디. 페스타,Day1
진티엔리밍,kje1213114,,,,,2sp,,,,,,,,,,https://dongne.co/events/df2601/circles/157257,제32회 디. 페스타,Day1
초미문방구,나,,,,,2sp,모브사이코 100,,,,카게야마 시게오X레이겐 아라타카,,,"만화,일러스트",,https://dongne.co/events/df2601/circles/158576,제32회 디. 페스타,Day1
초미인쇄소,레화,,,,,2sp,모브사이코 100,페르소나4,,,카게야마 리츠X레이겐 아라타카,로맨틱,,"만화,소설,기타",,https://dongne.co/events/df2601/circles/158321,제32회 디. 페스타,Day1
캬라멜천국,애처가,,,,,1sp,오오에,,,오르슈팡,오르슈팡X빛의전사,,,"만화,일러스트",,https://dongne.co/events/df2601/circles/156979,제32회 디. 페스타,Day1
쾌남애호가,10duck,,,,,1sp,마비노기,,,멀린 + @,밀레시안X멀린X톨비쉬 외 마비노기 캐릭터X파수인,해당없음,,"일러스트,기타",@10duck_d,https://dongne.co/events/df2601/circles/158899,제32회 디. 페스타,Day1
쿠키맛소다,소다,,,,,2sp,명탐정코난,,,나카모리아오코,,,,,@sod4nanong,https://dongne.co/events/df2601/circles/156981,제32회 디. 페스타,Day1
파랑동구리,파동,,,,,2sp,,,,,,,,,,https://dongne.co/events/df2601/circles/156273,제32회 디. 페스타,Day1
한일아이돌,라미,,,,,1sp,아이돌리쉬세븐(아이나나),데뷔못하면 죽는병에 걸림,,박문대,,,,만화,@ram_nyang,https://dongne.co/events/df2601/circles/157215,제32회 디. 페스타,Day1
혈게이전선,비터/삼/마찌,,,,,2sp,혈계전선,,"끝나지 않는 축제, 라이브라",크라우스/스티븐/재프/레오,,"로맨틱,섹슈얼",크라우스X스티븐 / 재프X레오,"만화,일러스트,소설",@_273dot15D_/@Steven_A_Kk/@Mazzy_2nd,https://dongne.co/events/df2601/circles/157465,제32회 디. 페스타,Day1
이상한수건 & 탁고,이정 & 탁고,,,,,2sp,해즈빈호텔,,,,,,,,,https://dongne.co/events/df2601/circles/156761,제32회 디. 페스타,Day1
클론연구소 & 밀샌드,밀듀,,,,,2sp,,,,,,,,,,https://dongne.co/events/df2601/circles/156448,제32회 디. 페스타,Day1
네네에무를 믿기,"당근, 김원더, 카다, 새싹",,,,,2sp,프로젝트 세카이,,,"쿠사나기 네네,오오토리 에무,카미시로 루이,텐마 츠카사",쿠사나기 네네X오오토리 에무,로맨틱,루이츠카,,"@dried_carrot, @won__prsk @KaDa_prsk @pplant_1106",https://dongne.co/events/df2601/circles/158314,제32회 디. 페스타,Day1
루이츠카를 믿기,"깅, 지리, 이레, 2778",,,,,2sp,프로젝트 세카이,,,"카미시로 루이,텐마 츠카사,쿠사나기 네네,오오토리 에무",카미시로 루이X텐마 츠카사,로맨틱,네네에무,,"@nel_kim_, @JIRIjiri_418, @2yire_, @prsk_06240517",https://dongne.co/events/df2601/circles/158680,제32회 디. 페스타,Day1
베르사유의 편자,우마무마무,,,,,1sp,우마무스메,,,심볼리 루돌프,,,,,,https://dongne.co/events/df2601/circles/158170,제32회 디. 페스타,Day1
슈뢰딩거의 부스,Naf,,,,,1sp,주술회전,,,"고죠 사토루,게토 스구루",고죠 사토루X게토 스구루,로맨틱,,"만화,소설",Damoli7333,https://dongne.co/events/df2601/circles/157920,제32회 디. 페스타,Day1
크리스마스 아직 안 끝났죠?,배추도사,,,,,1sp,앙상블스타즈,,,,키류 쿠로X하스미 케이토,로맨틱,,"만화,기타",,https://dongne.co/events/df2601/circles/158779,제32회 디. 페스타,Day1
아름다워라 그대 고운 나의 짝이여,Yang.H.Mary,,,,,1sp,성경,,,,,,,소설,,https://dongne.co/events/df2601/circles/158945,제32회 디. 페스타,Day1
닌자혜성은 다시 돌아온다,"누룽지, 닌공, 은닉, 육팔, 미케조시노냥, 쌍절곤킥마스터",,,,,2sp,닌타마 란타로,닌자보이 란타로,,케마 이사쿠 코헤이타 타키야샤마루 몬지로 센조,케마 토메사부로X젠포우지 이사쿠,로맨틱,"코헤타키, 몬센, 6이, 6로, 6하, 5닌, 4이","만화,일러스트","@ninzaNRZ, @ninningong , @Eunnic, @66666666nin, @sisix62921, @Ninong1ji",https://dongne.co/events/df2601/circles/156670,제32회 디. 페스타,Day1
법의학자는 연애 대상으로 최악일까요?,즹즹,,,,,1sp,언내추럴,,,"나카도 케이,미스미 미코토",나카도 케이X미스미 미코토,"섹슈얼,로맨틱",,소설,@annaturalann,https://dongne.co/events/df2601/circles/158501,제32회 디. 페스타,Day1
쇼쿠헤시의 혼마루,Syunn,,,,,1sp,도검난무,,시간정부명예공무원 복지위원회,"쇼쿠다이키리 미츠타다,헤시키리 하세베",쇼쿠다이키리 미츠타다X헤시키리 하세베,"로맨틱,섹슈얼",,"만화,일러스트",lady_may_ladys,https://dongne.co/events/df2601/circles/156330,제32회 디. 페스타,Day1
쏙쏙빼먹는 소시지,쏙쏘,,,,,2sp,,"명탐정 코난,괴출,아이나나,하이큐",,,,,,,,https://dongne.co/events/df2601/circles/158164,제32회 디. 페스타,Day1
앙큼할배의 보따리 ,그그,,,,,2sp,아카기,"지. 지구의 운동에 대하여,100M.",,,,,,"일러스트,만화,기타",@GG_commission,https://dongne.co/events/df2601/circles/158297,제32회 디. 페스타,Day1
갈테야테야 섬으로 갈테야,향정,,,,,1sp,오오에,,,"오오사키,아리아케,시즈마",오오사키X아리아케,로맨틱,오오시즈,소설,@urubtb,https://dongne.co/events/df2601/circles/157701,제32회 디. 페스타,Day1
칼자루까지 들어온 대장들,쪽,,,,,2sp,도검난무,,시간정부명예공무원 복지위원회,"야겐 토시로,히게키리,히메츠루",야겐 토시로X사니와,로맨틱,"히게키리x사니와, 히메츠루x사니와","만화,일러스트","@onigiri_ribbon,@__my_p1anet",https://dongne.co/events/df2601/circles/158261,제32회 디. 페스타,Day1
시간신전에 또다시 버림받다니,우유,,,,,1sp,Fate Grand Order,,,로마니 아키만,,,,소설,,https://dongne.co/events/df2601/circles/157250,제32회 디. 페스타,Day1
라이브라는 가좍이다,사제,,,,,1sp,혈계전선,,"끝나지 않는 축제, 라이브라",라이브라 올캐릭터,,,,"공예,일러스트",@4yakdream,https://dongne.co/events/df2601/circles/157602,제32회 디. 페스타,Day1
서치난이도 하드모드,로직,,,,,1sp,아머드코어6 루비콘의 화염,,,"(아머드코어6)C4-621,G5 이구아수/(리버스 1999)소피아,37",이구아수XC4-621,"로맨틱,섹슈얼","술라월터, 스네프로, 월6, 6에어",소설,@nologic_munonly,https://dongne.co/events/df2601/circles/158065,제32회 디. 페스타,Day1
패스파인더 한국지부,흑소금,,,,,2sp,명일방주,,2026 로도스 아일랜드 정기발표회,"박사,안도아인,로고스,좌락 등등",,"로맨틱,해당없음",온갖 드림,소설,black_sinimasu ,https://dongne.co/events/df2601/circles/157912,제32회 디. 페스타,Day1
하르트만의 명일방주,보라,,,,,1sp,명일방주,,2026 로도스 아일랜드 정기발표회,"아이린,무에나,마리아,라플란드,텍사스",,해당없음,,소설,eye_bora,https://dongne.co/events/df2601/circles/157608,제32회 디. 페스타,Day1
아스테룸에 떨어져도 출근을 해야 하는구나,잎새달,,,,,2sp,괴담에 떨어져도 출근을 해야 하는구나,플레이브,,김솔음,,,,소설,@leafmxxn,https://dongne.co/events/df2601/circles/158114,제32회 디. 페스타,Day1
원투호이한 회지제작 프로젝트,진공파,,,,,1sp,프로젝트 세카이,X,"나의 스타에게, 너의 연출가로부터 #3","텐마 츠카사,카미시로 루이",텐마 츠카사X카미시로 루이,로맨틱,없음,"만화,소설",@jingongpa,https://dongne.co/events/df2601/circles/158578,제32회 디. 페스타,Day1
자비에스쿨 입학설명회,자비에스쿨 홍보팀장,,,,,4sp,,,,,,,,"만화,소설,공예",X_men_fix,https://dongne.co/events/df2601/circles/157090,제32회 디. 페스타,Day1
현자의나라 이민신청접수부스,탄,,,,,1sp,술탄의 게임,토와츠가이,,"아르투(아르트,아르주),네페르",아르투X네페르,로맨틱,츠바메X모즈,소설,mdazS2_tan,https://dongne.co/events/df2601/circles/156222,제32회 디. 페스타,Day1
좋아하는거!,heptti,,,,,1sp,"가바지타임,닥터스톤",,,,,해당없음,,,,https://dongne.co/events/df2601/circles/156694,제32회 디. 페스타,Day1
시테러펀치!시테러펀치!시테러펀치!시테러펀치!시테러펀치!시테러펀치!시테러펀치!시테러펀치!시테러펀치!시테러펀치!시테러펀치!시테러펀치!시테러펀치!,윤회,,,,,1sp,명일방주,,2026 로도스 아일랜드 정기발표회,,,,,"기타,일러스트",@rinnesimashou__,https://dongne.co/events/df2601/circles/158008,제32회 디. 페스타,Day1
하면되잖아?,"이연하, 40",,,,,2sp,스즈미야 하루히의 우울,"고향최고,검은방,회색도시,베리드스타즈,페르소나4",,나라(고향최고),,,,"만화,공예","@higherrn, @g1qazr0plm",https://dongne.co/events/df2601/circles/156908,제32회 디. 페스타,Day1
겨울맞이상점,"별모래, 과연",,,,,2sp,"수공예,일러스트",,,,,,,"일러스트,공예,소설",,https://dongne.co/events/df2601/circles/156870,제32회 디. 페스타,Day1
광인좋아협회,팔팔,,,,,2sp,콜 오브 듀티,,과부만들지마,호랑이,,"로맨틱,섹슈얼",,"만화,일러스트",@gogo_palpal,https://dongne.co/events/df2601/circles/156675,제32회 디. 페스타,Day1
괴수관찰일지,시우,,,,,2sp,괴수8호,"데뷔 못하면 죽는병 걸림,괴담에 떨어져도 출근을 해야하는구나",,,,,,,tldn1104,https://dongne.co/events/df2601/circles/157884,제32회 디. 페스타,Day1
두부크림전골,나무,,,,,2sp,누카니발,플레이브,,,,,,"만화,일러스트",,https://dongne.co/events/df2601/circles/156367,제32회 디. 페스타,Day1
레드스프레드,molttak,,,,,2sp,"봇치더록,괴담출근","걸즈밴드크라이,몬스터헌터,프로젝트 세카이,리버스: 1999",,,,,,"만화,일러스트,기타",@mo_ttak,https://dongne.co/events/df2601/circles/157890,제32회 디. 페스타,Day1
발등튀김뷔페,플레인요거트,,,,,1sp,뉴카니발,,,,단테X에이트,로맨틱,,만화,@waomlette,https://dongne.co/events/df2601/circles/156638,제32회 디. 페스타,Day1
봄봄스튜디오,아사,,,,,2sp,,,,,,,,,,https://dongne.co/events/df2601/circles/158135,제32회 디. 페스타,Day1
불퇴잔의동인,훈도시,,,,,1sp,히프노시스마이크,,,"아마구니 히토야,진구지 쟈쿠라이",진구지 쟈쿠라이X아마구니 히토야,로맨틱,,만화,@doshi0810,https://dongne.co/events/df2601/circles/157993,제32회 디. 페스타,Day1
브라운박사님,해아,,,,,1sp,괴담출근,,,,,,,,@lllbadgelll,https://dongne.co/events/df2601/circles/157606,제32회 디. 페스타,Day1
브리핑사중창,와게,,,,,1sp,콜 오브 듀티,,과부만들지마,"고스트(&TF141),쾨니히(&KorTac)",고스트X드림주(네임리스),,,소설,,https://dongne.co/events/df2601/circles/157462,제32회 디. 페스타,Day1
비빔밥탕평채,빠나난,,,,,2sp,닌타마,"페르소나,나루토,윈브레",,도이,리키치X도이,로맨틱,,"일러스트,만화",@thefananan,https://dongne.co/events/df2601/circles/158560,제32회 디. 페스타,Day1
스불재리턴즈,thfqkddnf_0714,,,,,2sp,명급리,파판14 등,,조의신 등,,,,"일러스트,만화,소설",@hundred_99__1,https://dongne.co/events/df2601/circles/157620,제32회 디. 페스타,Day1
신랑신부입장,생활연구소,,,,,2sp,명탐정코난,,,"타카기와타루,사토 미와코",타카기 와타루X사토 미와코,로맨틱,시라코바,"만화,일러스트",@da_life_conan,https://dongne.co/events/df2601/circles/156647,제32회 디. 페스타,Day1
야마다이치죠,티티,,,,,4sp,카이지 외전(카이지없음),히프노시스마이크,,"이치죠옵,버스터브로스",,,"이사누마, 미야반장, 이치사마",,,https://dongne.co/events/df2601/circles/158029,제32회 디. 페스타,Day1
어라안정했어,됴,,,,,2sp,오리지널,"콘클라베,엘소드,미소녀탐정단,달려라하니",,미정,,,,만화,,https://dongne.co/events/df2601/circles/158904,제32회 디. 페스타,Day1
역사테마기행,"올드탕, 루피고무펀치",,,,,2sp,"페이트,닌타마,천관사복",메달리스트,,,,해당없음,"지풍, 케마이사",,"Old_chicksoup, @luffygomupunch",https://dongne.co/events/df2601/circles/157454,제32회 디. 페스타,Day1
욕망과다부스,고남,,,,,2sp,,,"나의 스타에게, 너의 연출가로부터 #3",,,"로맨틱,섹슈얼",,,@kagonam624,https://dongne.co/events/df2601/circles/157788,제32회 디. 페스타,Day1
우리집혼마루,채,,,,,1sp,도검난무,,시간정부명예공무원 복지위원회,하치스카 코테츠,,"해당없음,로맨틱",,만화,@irokoi_irodori,https://dongne.co/events/df2601/circles/157311,제32회 디. 페스타,Day1
장르틀딱꼰대,춘식,,,,,1sp,가정교사히트맨리본,닌타마 란타로,가히리요? 2026년에요?,스쿠알로,xanxusX스쿠알로,로맨틱,,만화,dokuro_varia,https://dongne.co/events/df2601/circles/156148,제32회 디. 페스타,Day1
제발살자협회,"앙꼬, 철새, 참에",,,,,2sp,시광대리인,"트라이건,TO BE HERO X,리버스:1999",,,루광X청샤오시,로맨틱,"샤베인, 울프밧슈, 나이스렉",,"@ankko0823, @sgdlrismylife, @chamae2x",https://dongne.co/events/df2601/circles/158618,제32회 디. 페스타,Day1
차남을국회로,미날,,,,,1sp,명일방주,,2026 로도스 아일랜드 정기발표회,"총웨,왕,링",,로맨틱,,만화,@minal10101,https://dongne.co/events/df2601/circles/158317,제32회 디. 페스타,Day1
청춘하이웨이,"다온, 재이",,,,,2sp,주술회전,,,"고죠 사토루,게토 스구루",고죠 사토루X게토 스구루,"로맨틱,섹슈얼",,"소설,일러스트",da0nnthgg_,https://dongne.co/events/df2601/circles/158404,제32회 디. 페스타,Day1
캬라멜라이징,다메네기,,,,,1sp,니지산지,,,"이나미라이,히바치마나,우사미리토,사이키잇테츠,아카기웬",,,,,@wolkung,https://dongne.co/events/df2601/circles/156123,제32회 디. 페스타,Day1
폼림패배자들,뭉치,,,,,2sp,콜오브듀티,괴담출근,과부만들지마,소프,,,,일러스트,@tjdus005s,https://dongne.co/events/df2601/circles/158681,제32회 디. 페스타,Day1
퐁가리스웨츠,네짜흐,,,,,1sp,어두운 바다의 등불이 되어(어바등),"이착헌,플레이브",,,,,,만화,@netjjach,https://dongne.co/events/df2601/circles/156090,제32회 디. 페스타,Day1
피자감자튀김,감튀,,,,,1sp,앙상블 스타즈!! Music,,,"타카미네 미도리,모리사와 치아키",타카미네 미도리X모리사와 치아키,,,"만화,일러스트",,https://dongne.co/events/df2601/circles/157279,제32회 디. 페스타,Day1
하이랄계란찜,bigegg526,,,,,2sp,"젤다의전설,장송의 프리렌",포켓몬스터,,"링크,젤다",,"로맨틱,섹슈얼","사토세레, 힘멜프리",,@Big_egg526,https://dongne.co/events/df2601/circles/158664,제32회 디. 페스타,Day1
해뜨다만물상,해뜨다,,,,,1sp,,,,,,,,,@hxxhxm_,https://dongne.co/events/df2601/circles/156806,제32회 디. 페스타,Day1
해산물밀푀유,췩루,,,,,1sp,명일방주,,2026 로도스 아일랜드 정기발표회,"블레이즈,싱주,라플란드,텍사스,이베리아(스카디,스펙터,글래디아)",블레이즈X싱주,해당없음,랖텍 텍랖,"일러스트,만화",@Baluonideu,https://dongne.co/events/df2601/circles/157227,제32회 디. 페스타,Day1
이번에야말로 부스 성공,라낙,,,,,2sp,어두운 바다의 등불이 되어,"괴담에 떨어져도 출근을 해야 하는구나,은혼",,,신해량X박무현,로맨틱,히지긴,일러스트,@rkgk_monolog,https://dongne.co/events/df2601/circles/156114,제32회 디. 페스타,Day1
귀신단풍은행 혼마루,디리고,,,,,2sp,도검난무,없음,,"코기츠네마루,노리무네 등",,로맨틱,,"만화,일러스트",@Dirigo_kk,https://dongne.co/events/df2601/circles/156651,제32회 디. 페스타,Day1
비헤이비어와 위대한 항로의 해적들, 앵두,,,,,2sp,데드바이데이라이트 (데바데),"데바데,원피스,오오후리,다이아몬드의 공죄,다이에이,모브사이코100",,사와무라 에이준,,로맨틱,,,@DBD_Jiwoon_wife,https://dongne.co/events/df2601/circles/156485,제32회 디. 페스타,Day1
스톤월드에서 만남을 추구하면 안되는걸까,HOON,,,,,1sp,닥터스톤,,,"이시가미 센쿠,아사기리겐",이시가미 센쿠X아사기리 겐,"로맨틱,섹슈얼",,"만화,기타",@2chanol,https://dongne.co/events/df2601/circles/158634,제32회 디. 페스타,Day1
미하엘카이저 전라대기하는 그날까지,유성애자,,,,,2sp,블루록,,,"미하엘 카이저,알렉시스 네스,이사기 요이치,바치라 메구루",카이저X네스X카이저,"로맨틱,섹슈얼",,만화,,https://dongne.co/events/df2601/circles/157850,제32회 디. 페스타,Day1
아이나나하자!,조부단,,,,,1sp,아이돌리쉬세븐,,,모모,유키X모모,로맨틱,,만화,@oasis525200,https://dongne.co/events/df2601/circles/156195,제32회 디. 페스타,Day1
おさなな후타리,"미피구이, 죠공충",,,,,1sp,카리스마,죠죠의 기묘한 모험,,,,해당없음,죠니자이,"만화,일러스트",@miffygui,https://dongne.co/events/df2601/circles/158881,제32회 디. 페스타,Day1
고죠게토해보자,에멍멍,,,,,1sp,주술회전,,,고죠 사토루 게토 스구루,고죠 사토루X게토 스구루,로맨틱,,,@dpajdajdajd,https://dongne.co/events/df2601/circles/158301,제32회 디. 페스타,Day1
귀신이보컬노릇,김기훈,,,,,2sp,도검난무,히프노시스마이크,시간정부명예공무원 복지위원회,아마야도 레이 / 아리스가와 다이스,,,,만화,@signal_030,https://dongne.co/events/df2601/circles/157054,제32회 디. 페스타,Day1
그동안뭐했는데,삼초,,,,,2sp,명일방주,,2026 로도스 아일랜드 정기발표회,"쏜즈,라플루마",,,,"일러스트,만화",@SANSAMCHO,https://dongne.co/events/df2601/circles/157530,제32회 디. 페스타,Day1
김치피자탕수육,"Miirotcha, 버밀, Bnoco",,,,,2sp,"젠레스존제로,오아시스,슬램덩크",,,,양호열X정대만,,,"만화,일러스트",miirotcha,https://dongne.co/events/df2601/circles/156106,제32회 디. 페스타,Day1
난늑대고넌미녀,ARA아라,,,,,1sp,명일방주,,2026 로도스 아일랜드 정기발표회,"텍사스,라플란드",텍사스X라플란드,"섹슈얼,로맨틱",,"만화,일러스트",@ARA_200117,https://dongne.co/events/df2601/circles/158891,제32회 디. 페스타,Day1
닌닌닌닌닌타마,김슭곰발,,,,,1sp,닌타마란타로,,,닌타마란타로,,,,일러스트,,https://dongne.co/events/df2601/circles/157424,제32회 디. 페스타,Day1
다크히어로정식,낼리,,,,,1sp,유희왕GX,,,,,로맨틱,,,@sannoru12345,https://dongne.co/events/df2601/circles/157991,제32회 디. 페스타,Day1
모자모자분모자,댜람,,,,,2sp,,,,,,,,,,https://dongne.co/events/df2601/circles/157271,제32회 디. 페스타,Day1
무지개배구괴담,틸스틸,,,,,1sp,괴담출근,"니지산지,하이큐,보컬로이드",,,,,,"일러스트,공예",@until_stil,https://dongne.co/events/df2601/circles/158736,제32회 디. 페스타,Day1
보송보송소미네,소미,,,,,2sp,괴담에 떨어져도 출근을 해야 하는구나,"고전만화,창작,헌터헌터,디지캐럿",,,,,,,uncannysom,https://dongne.co/events/df2601/circles/158340,제32회 디. 페스타,Day1
빗자루썰매창고,님썰,,,,,1sp,명탐정 코난,,,"아카이 슈이치,후루야 레이",,로맨틱,,,@furuseolAM,https://dongne.co/events/df2601/circles/157616,제32회 디. 페스타,Day1
스리아게전문점,로미미,,,,,1sp,도검난무-ONLINE-,,시간정부명예공무원 복지위원회,"야겐 토시로,미다레 토시로",야겐 토시로X사니와,해당없음,미다사니,소설,oisi_wakaru,https://dongne.co/events/df2601/circles/158849,제32회 디. 페스타,Day1
우파우파유치원,빈제,,,,,1sp,포켓몬스터,마리오,,"포켓몬스터 다수/마리오,루이지,피치,데이지,로젤리나",,,,,,https://dongne.co/events/df2601/circles/158346,제32회 디. 페스타,Day1
출근싫어직장인,녊,,,,,1sp,괴담에 떨어져도 출근을 해야 하는구나,,,현무1팀 / 최요원 / 류재관,,,,,@naymi_99,https://dongne.co/events/df2601/circles/157185,제32회 디. 페스타,Day1
재관난리국에는 냉면이 있다,9999,,,,,2sp,괴담에 떨어져도 출근을 해야 하는구나,괴담출근,,"김솔음,백사헌,브라운,이자헌",,,,"만화,일러스트,소설",@_9_999,https://dongne.co/events/df2601/circles/156543,제32회 디. 페스타,Day1
거북목조심하세요,농,,,,,1sp,트라이건,중국똥겜,,밧슈 울프우드 파이논 마이데이,,로맨틱,,"만화,일러스트",@Chanok__00,https://dongne.co/events/df2601/circles/157626,제32회 디. 페스타,Day1
귤먹는여우의부스,먐뮤,,,,,1sp,하이큐!!,,,미야 아츠무,,"섹슈얼,로맨틱",,,@miyu___miya,https://dongne.co/events/df2601/circles/157220,제32회 디. 페스타,Day1
깜고다이스키클럽,뿡,,,,,2sp,페르소나,"파이널판타지14,진격의 거인",,,,,,,@final_bbung,https://dongne.co/events/df2601/circles/157455,제32회 디. 페스타,Day1
나의오오에하우스,지경,,,,,2sp,오오에,"카리스마,나의히어로아카데미아",,오오사키 신바시 타케시바 아오미 시오도메 바쿠고 미도리야 토도로키,,로맨틱,"오오시오, 오오신, 오오아오, 캇뎈, 토도이즈 ","게임,기타",@119_fire_119,https://dongne.co/events/df2601/circles/157647,제32회 디. 페스타,Day1
남녀연애자유선언,은여,,,,,2sp,"괴담에 떨어져도 출근은 해야 하는구나,페이트 시리즈","로드 오브 히어로즈,적기사는 눈먼 돈을 좇지 않는다,유희왕 시리즈",,,,,,소설,,https://dongne.co/events/df2601/circles/156040,제32회 디. 페스타,Day1
다칸마리떡백마리,미미,,,,,2sp,게나조,"페르소나5 더로얄,마법사의 약속",,,,로맨틱,"치치미즈,아케주,브래네로",,,https://dongne.co/events/df2601/circles/157050,제32회 디. 페스타,Day1
마비노기패밀리맨,소양,,,,,2sp,마비노기,"마비노기,스파이패밀리,체인소맨,명탐정 코난",,"로시네,밀레시안,로이드 포저,요르 포저,하야카와 아키,천사의 악마",로시네X밀레시안,로맨틱,"로시밀레, 로이요르, 아키텐","만화,소설,공예",@Moebyee_,https://dongne.co/events/df2601/circles/158765,제32회 디. 페스타,Day1
막가롱김치찌개집,"맘마,우끼,거지아이돌,커콩",,,,,2sp,"닌자보이 란타로,닌타마","슬램덩크,오오에",,"닌자보이란타로,권준호,오오에",케마 토메사부로X젠포우지 이사쿠,로맨틱,,"만화,일러스트","@Momma_0311_01,@Uuga_804,@,@jsa__3,@byong_paka01",https://dongne.co/events/df2601/circles/158855,제32회 디. 페스타,Day1
맡구야생일축하행,짤,,,,,2sp,,,,,,,,,,https://dongne.co/events/df2601/circles/156630,제32회 디. 페스타,Day1
반형사님사랑해요,반빵,,,,,1sp,역전재판,,Don't forget DL6 ~DL6호 사건을 잊지마라~ ,"반고조,유가미진",유가미 진X반 고조,로맨틱,,일러스트,@banbambbang,https://dongne.co/events/df2601/circles/158811,제32회 디. 페스타,Day1
북산고만화동아리,메린,,,,,2sp,슬램덩크,,,"서태웅,강백호",,로맨틱,,만화,@merinme99,https://dongne.co/events/df2601/circles/156384,제32회 디. 페스타,Day1
비바렌동인회연합,"ㅇ, 엔",,,,,2sp,"vs ambivalenz,비바렌",,,,,,,"만화,소설","y_our_my_angel, mioN2n",https://dongne.co/events/df2601/circles/158019,제32회 디. 페스타,Day1
쉐라그부흥위원회,메바,,,,,1sp,명일방주,,2026 로도스 아일랜드 정기발표회,카란무역(실버애쉬중심),박사X실버애쉬,"해당없음,로맨틱",,,@Meva01234,https://dongne.co/events/df2601/circles/157089,제32회 디. 페스타,Day1
스너피프로필제발,맛감자,,,,,1sp,블루록,,,,바로 쇼에이X마르크 스너피,,,소설,@matP_bll,https://dongne.co/events/df2601/circles/158761,제32회 디. 페스타,Day1
쏘암언터쳐블깡총,산땍,,,,,2sp,가정교사 히트맨 리본,"명탐정 코난,하이큐",가히리요? 2026년에요?,,,,,,,https://dongne.co/events/df2601/circles/156080,제32회 디. 페스타,Day1
이것저것돼지만두,훤,,,,,2sp,괴담에 떨어져도 출근을 해야 하는구나,오리지널,,,,,,일러스트,@L_hywon,https://dongne.co/events/df2601/circles/157938,제32회 디. 페스타,Day1
정식으로작별인사,무잼,,,,,1sp,명일방주,페이트,2026 로도스 아일랜드 정기발표회,테레시스 테레시아,,"로맨틱,섹슈얼,해당없음","사리크리, 패신켈시, 지슈",만화,@Mrjam___,https://dongne.co/events/df2601/circles/157073,제32회 디. 페스타,Day1
천하제일돼지대회,반려돼지아카이브,,,,,1sp,콜 오브  듀티,,과부만들지마,쾨니히,,"섹슈얼,해당없음",콜옵드림,"만화,기타",@abyssRY5,https://dongne.co/events/df2601/circles/158870,제32회 디. 페스타,Day1
합해파부스있어요,lacuna,,,,,2sp,합법해적 파르페,극락왕생,,파르페,,"로맨틱,섹슈얼",,,,https://dongne.co/events/df2601/circles/158069,제32회 디. 페스타,Day1
히프노시스테이지,베타,,,,,2sp,"히프노시스마이크,룰 더 스테이지",,,"진구지 쟈쿠라이,도안 카즈사토",,,,소설,s1r1us_Beta,https://dongne.co/events/df2601/circles/157459,제32회 디. 페스타,Day1
라구파스타연구소 수성점,타루,,,,,1sp,기동전사 건담 수성의 마녀,,,"구엘 제타크,라우더 닐",라우더 닐X구엘 제타크,로맨틱,,"소설,만화,일러스트",@GW_Taroo,https://dongne.co/events/df2601/circles/156492,제32회 디. 페스타,Day1
식중독유발잡탕푸-드,오수,,,,,2sp,우마무스메,"수공예,화산귀환",,황금일족,,,,"공예,일러스트,기타",@ejje4562,https://dongne.co/events/df2601/circles/157344,제32회 디. 페스타,Day1
대학추가합격이라도,김윤지,,,,,2sp,괴담에 떨어져도 출근을 해야 하는구나,"데뷔 못 하면 죽는 병 걸림,가비지타임,플레이브,체인소맨",,,,,,일러스트,yeonji_kr7,https://dongne.co/events/df2601/circles/158165,제32회 디. 페스타,Day1
돌주먹돌쇠사랑협회,근딜유저,,,,,2sp,명일방주,,2026 로도스 아일랜드 정기발표회,"사리아,사일런스,이프리트,레싱,에벤홀츠",레싱X에벤홀츠,로맨틱,사리사일,"만화,일러스트,기타",geundealuser,https://dongne.co/events/df2601/circles/156388,제32회 디. 페스타,Day1
마음이돌밭에가있다,b,,,,,2sp,닥터스톤,프로세카,,닥터스톤 올캐러,,로맨틱,"타이유즈센쿠, 아키안, 코하안",만화,,https://dongne.co/events/df2601/circles/158503,제32회 디. 페스타,Day1
무로마치닌자알페스,딜리트,,,,,1sp,닌타마 란타로,,,"케마 토메사부로,젠포우지 이사쿠",케마 토메사부로X젠포우지 이사쿠,로맨틱,,소설,@Delli_ARK,https://dongne.co/events/df2601/circles/156780,제32회 디. 페스타,Day1
사내연애추진위원회,감전 / 딩당구,,,,,1sp,역전재판,,Don't forget DL6 ~DL6호 사건을 잊지마라~ ,"가류 쿄야,호즈키 아카네",가류 쿄야X호즈키 아카네,로맨틱,,만화,@HM_maaang / @01001OO12 ,https://dongne.co/events/df2601/circles/158534,제32회 디. 페스타,Day1
쑥떡파인애플갈비탕,쑥떡파인애플갈비탕,,,,,2sp,,,,,,,,,@ggang8282,https://dongne.co/events/df2601/circles/157705,제32회 디. 페스타,Day1
일한번저질러보리라,넝따,,,,,2sp,괴담출근,스타레일,,괴담출근 스타레일 캐릭터,,,,일러스트,@nong_345,https://dongne.co/events/df2601/circles/158130,제32회 디. 페스타,Day1
납작복숭아설기명가 백로떡집,사하라,,,,,1sp,블루자이언트,,,"다이,유키노리,타마다",미야모토 다이X사와베 유키노리,"로맨틱,섹슈얼",,"만화,일러스트",S_H_R_aaa,https://dongne.co/events/df2601/circles/158635,제32회 디. 페스타,Day1
두명의최후의끌어치기,"제이J, NiktaTek0",,,,,2sp,콜 오브 듀티,"오버워치,게임 등",과부만들지마,,,,,,"@JabduckJ, @NiktaTEK0",https://dongne.co/events/df2601/circles/156791,제32회 디. 페스타,Day1
모모카상니게챠다메다,피치,,,,,1sp,"걸밴크,뱅드림 마이고/아베무지카","봇치더락,앙스타,보컬로이드",,카와라기 모모카,,로맨틱,"우미타키, 니키린","게임,만화",@kawarock_peach,https://dongne.co/events/df2601/circles/158459,제32회 디. 페스타,Day1
부스물어왔습니다형님,샴개,,,,,2sp,,,,,,,,"만화,일러스트,기타",,https://dongne.co/events/df2601/circles/156436,제32회 디. 페스타,Day1
오퍼의오는오른쪽의오,BBSB,,,,,1sp,명일방주,,2026 로도스 아일랜드 정기발표회,총웨,박사X총웨,로맨틱,,"만화,일러스트",@BBSBri_ML,https://dongne.co/events/df2601/circles/158154,제32회 디. 페스타,Day1
원더호이의무서운저주,"B, ^^",,,,,2sp,프로젝트세카이,18TRIP,"나의 스타에게, 너의 연출가로부터 #3",,텐마 츠카사X카미시로 루이,,,"만화,일러스트",,https://dongne.co/events/df2601/circles/156035,제32회 디. 페스타,Day1
절대로타컾이아닙니다,티프,,,,,1sp,프로젝트세카이,,버디 퍼니 데이트 타임!,"시라이시 안,아즈사와 코하네,하나사토 미노리,키리타니 하루카",시라이시 안X아즈사와 코하네,"로맨틱,섹슈얼",키리타니 하루카 x 하나사토 미노리,"만화,공예",@ham_star_vivid,https://dongne.co/events/df2601/circles/158097,제32회 디. 페스타,Day1
살카즈이베리아정상회담,애호박전,,,,,1sp,명일방주,,2026 로도스 아일랜드 정기발표회,루멘 아이린,루멘X아이린,로맨틱,미틈x님프,"기타,일러스트",@aehobakjeon123,https://dongne.co/events/df2601/circles/158732,제32회 디. 페스타,Day1
호모접붙이기산업진흥원,ura,,,,,2sp,,,,,,,,,,https://dongne.co/events/df2601/circles/157483,제32회 디. 페스타,Day1
모닝차주를꿈꾸는돼지모임,콩고,,,,,2sp,콜 오브 듀티,,과부만들지마,"쾨니히,호랑이,고스트,닉토,크루거",,,,"사진,기타",col_conggo,https://dongne.co/events/df2601/circles/157431,제32회 디. 페스타,Day1
저그거옛날에좋아했었어요 저는지금도요,sesu,,,,,1sp,청의 엑소시스트,,,,오쿠무라 유키오X오쿠무라 린,로맨틱,,"소설,만화",sesu_u,https://dongne.co/events/df2601/circles/156265,제32회 디. 페스타,Day1
죽지도않고찾아온술탄겜부스,밀재,,,,,2sp,술탄의 게임,,,"아르트,네페르",아르트X네페르,로맨틱,넾알,"만화,일러스트",@Cuu_Mill,https://dongne.co/events/df2601/circles/156983,제32회 디. 페스타,Day1
닌자가지하세계에굴따러가면라이더,"긱도, 금탐",,,,,1sp,닌타마 란타로,"가면라이더,페르소나,델타룬",,닌타마 란타로,몬지로X센조,"로맨틱,해당없음",,만화,@kito_nin5,https://dongne.co/events/df2601/circles/158527,제32회 디. 페스타,Day1
간장게장나폴리탄삼겹살스파게티참외,"전갈, 하네, 하늬",,,,,2sp,"고양이,붕괴 스타레일,포켓몬스터","그노시아,나만이 없는 거리,몬스터헌터,에반게리온,페르소나4",,,,,,"일러스트,기타",@hn_6r,https://dongne.co/events/df2601/circles/157442,제32회 디. 페스타,Day1
떠나는거야역전에세포에성배를더해서,주주,,,,,2sp,역전재판,"세포신곡,페이트/그랜드 오더,오오에,드라마티컬 머더,오신령",Don't forget DL6 ~DL6호 사건을 잊지마라~ ,,,,,,@0hmymoney,https://dongne.co/events/df2601/circles/158630,제32회 디. 페스타,Day1
얘들아너희근본리겜걸즈밴드파티를잊어버린거냐 ,롱,,,,,1sp,뱅드림,,,"아논,무츠미",,,,"기타,일러스트",,https://dongne.co/events/df2601/circles/158838,제32회 디. 페스타,Day1
일단하지않으면죽는병에걸려도출근을해야하는구나 ,먀,,,,,2sp,데뷔못하면죽는병걸림,괴담에 떨어져도 출근을 해야 하는구나,,박문대 김솔응 등,이세진X박문대,해당없음,청려x박문대,일러스트,yeslove949,https://dongne.co/events/df2601/circles/157755,제32회 디. 페스타,Day1
0ㄱ.김치찌개마카롱탕수육,김병철,,,,,2sp,괴담출근,"원피스,등등",,,,,,,,https://dongne.co/events/df2601/circles/157184,제32회 디. 페스타,Day1
0000,Kal,,,,,2sp,혈계전선,,"끝나지 않는 축제, 라이브라",,,,"크라스팁, 재프스팁",,,https://dongne.co/events/df2601/circles/156548,제32회 디. 페스타,Day1
동방사단 :: 1호점,채리,,,,,4sp,괴수8호,,,"나루미 겐,호시나 소우시로",나루미 겐X호시나 소우시로,"로맨틱,섹슈얼",,"만화,일러스트,소설,공예,조형,기타",@naru_umii,https://dongne.co/events/df2601/circles/158879,제32회 디. 페스타,Day1
뿔껍질원석충맥주양조장1탱크,Lucete,,,,,2sp,명일방주,,2026 로도스 아일랜드 정기발표회,라테라노 / 패신저 / (미정),,,,소설,luceteisnotgood,https://dongne.co/events/df2601/circles/158851,제32회 디. 페스타,Day1
1ㄷ,ㄷㄷ,,,,,2sp,슬램덩크,,,,,,,"만화,소설",,https://dongne.co/events/df2601/circles/157741,제32회 디. 페스타,Day1
1인시위,엘드,,,,,2sp,트랜스포머,슬램덩크,,,,,,소설,eldtree,https://dongne.co/events/df2601/circles/158224,제32회 디. 페스타,Day1
동방사단 :: 10호점,채리,,,,,4sp,괴수8호,,,"나루미 겐,호시나 소우시로",나루미 겐X호시나 소우시로,"로맨틱,섹슈얼",,"만화,소설,일러스트,공예,조형,기타",@naru_umii,https://dongne.co/events/df2601/circles/158878,제32회 디. 페스타,Day1
겸상안하는 10년지기,103,,,,,2sp,페이트 그랜드 오더(페그오),그외 게임장르,,"아르주나,인드라",,,,,@103_fgo,https://dongne.co/events/df2601/circles/156668,제32회 디. 페스타,Day1
부스 100%,닌학밥,,,,,2sp,닌타마 란타로,,,"효고 수군,닌타마",타케야 하치자에몬X쿠쿠치 헤이스케,로맨틱,,"만화,일러스트",@nnnnntm_6,https://dongne.co/events/df2601/circles/158233,제32회 디. 페스타,Day1
100미터만 누구보다 빠르면 다 해결돼,찰싹찰싹,,,,,2sp,"100미터.(햐쿠엠,백엠,백미터.)",어바등,,자이츠,카이도X자이츠,"로맨틱,섹슈얼",재희무현,"만화,기타",nyuruhuhuhu0,https://dongne.co/events/df2601/circles/158476,제32회 디. 페스타,Day1
1042thDEAL,"디일, 42",,,,,2sp,슬램덩크,"원피스,죠죠의 기묘한 모험,보컬로이드,포켓몬",,,양호열X강백호,,,"만화,일러스트",,https://dongne.co/events/df2601/circles/156156,제32회 디. 페스타,Day1
출연캐릭터나이:10~60세,동차,,,,,1sp,닌타마,용과같이,,,하마 슈이치로X케마 토메사부로,로맨틱,"키리도이,손잣,마지키류","만화,일러스트",car_10001,https://dongne.co/events/df2601/circles/158258,제32회 디. 페스타,Day1
동방사단 :: 11호점,연근볶금,,,,,1sp,괴수8호,,,,나루미 겐X호시나 소우시로,"로맨틱,섹슈얼",,기타,@yeonroo_oot,https://dongne.co/events/df2601/circles/156462,제32회 디. 페스타,Day1
1차창작만화 10권만있는부스,천디,,,,,1sp,,,,,,,,만화,@cheondi1000D,https://dongne.co/events/df2601/circles/158795,제32회 디. 페스타,Day1
12000% 만큼 네 곁에 서고 싶어서,"푸우, 카키",,,,,2sp,프로젝트 세카이,,,"카미시로 루이,텐마 츠카사",카미시로 루이X텐마 츠카사,로맨틱,토우아키,"일러스트,소설","@puoou_u, @Ccff33_",https://dongne.co/events/df2601/circles/158110,제32회 디. 페스타,Day1
1디페2 sp(토욜),벨로,,,,,2sp,괴담출근,,,,,,,,@kurobina_win,https://dongne.co/events/df2601/circles/156911,제32회 디. 페스타,Day1
13월의 정원,가든,,,,,2sp,,,,,,,,,,https://dongne.co/events/df2601/circles/156586,제32회 디. 페스타,Day1
15승천에서 강화보스 만난 썰풉니다(안풉니다),REET,,,,,1sp,명일방주,,2026 로도스 아일랜드 정기발표회,"에벤홀츠,레싱",레싱X에벤홀츠,"로맨틱,섹슈얼",,"만화,소설",@reetree_re,https://dongne.co/events/df2601/circles/156517,제32회 디. 페스타,Day1
150_15,4²,,,,,1sp,주술회전,,,"쵸소우,이타도리 유지,양면 스쿠나",,,,"만화,일러스트,기타",,https://dongne.co/events/df2601/circles/157862,제32회 디. 페스타,Day1
16세고등학생 기만의진언 끌어치기,김리타,,,,,1sp,페르소나,,,,아케치 고로X아마미야 렌,,,,,https://dongne.co/events/df2601/circles/157064,제32회 디. 페스타,Day1
알페스보다 심각한 리버스: 1999,오항,,,,,1sp,리버스: 1999,,,,,,,,,https://dongne.co/events/df2601/circles/157759,제32회 디. 페스타,Day1
1999년에 일어난 뭔가 많은 일,흰담비,,,,,1sp,리버스1999,"세포신곡,우마무스메,괴담에 떨어져도 출근을 해야 하는구나,마법명가 차남으로 살아남는 법,보컬로이드",,,,,,"일러스트,공예",@bambilael,https://dongne.co/events/df2601/circles/157952,제32회 디. 페스타,Day1
멍멍2,연정,,,,,1sp,앙상블스타즈!!,,,,사쿠마 레이X오오가미 코가,로맨틱,,,,https://dongne.co/events/df2601/circles/156665,제32회 디. 페스타,Day1
꽃밭에 백합이 한가득 피어서 시즌2,Putti,,,,,1sp,"역전재판,대역전재판",,Don't forget DL6 ~DL6호 사건을 잊지마라~ ,하루미&미누키&미미&키키&유메미,미코토바 스사토X무라사메 하오리,로맨틱,,만화,@Putti_95,https://dongne.co/events/df2601/circles/158377,제32회 디. 페스타,Day1
쁘띠존 주최부스 2,ㅃㄸㅈ,,,,,2sp,역전재판,,Don't forget DL6 ~DL6호 사건을 잊지마라~ ,,,,,,,https://dongne.co/events/df2601/circles/156099,제32회 디. 페스타,Day1
스톤월드에서 만남을 추구하면 안되는걸까2,HOON,,,,,1sp,닥터스톤,,,"이시가미 센쿠,아사기리 겐",이시가미 센쿠X아사기리 겐,"로맨틱,섹슈얼",,"만화,기타",@2chanol,https://dongne.co/events/df2601/circles/157624,제32회 디. 페스타,Day1
20년 늦덕의 말로,토끼간,,,,,2sp,슬로우데미지,키랄게임,,,,로맨틱,,"만화,기타",@tokkigan,https://dongne.co/events/df2601/circles/156846,제32회 디. 페스타,Day1
2008년을 사는 사람,대이,,,,,2sp,가정교사 히트맨 리본,,가히리요? 2026년에요?,"XANXUS,스쿠알로",XANXUSX스쿠알로,"로맨틱,섹슈얼",,"만화,일러스트",@amugonagurim__,https://dongne.co/events/df2601/circles/157293,제32회 디. 페스타,Day1
[201호실],깅,,,,,1sp,닌자보이 란타로,,,"도이 한스케,셋츠노 키리마루",셋츠노 키리마루X도이 한스케,"로맨틱,섹슈얼",,,@lsf_21xxxx,https://dongne.co/events/df2601/circles/156609,제32회 디. 페스타,Day1
내 2025년 어디갔어,민남민,,,,,2sp,,,,,,,,소설,@nyaonyaonyam,https://dongne.co/events/df2601/circles/156822,제32회 디. 페스타,Day1
<가히리요? 2026년에요?> 주최부스,가히리요? 2026년에요?,,,,,2sp,,,가히리요? 2026년에요?,,,,,,,https://dongne.co/events/df2601/circles/156245,제32회 디. 페스타,Day1
<2026 로도스 아일랜드 정기발표회> 주최부스,2026 로도스 아일랜드 정기발표회,,,,,2sp,,,2026 로도스 아일랜드 정기발표회,,,,,,,https://dongne.co/events/df2601/circles/156956,제32회 디. 페스타,Day1
여기 2026년 맞죠? ,청록,,,,,2sp,디지몬 은혼 사카모토 윈브레 괴담출근,,,,,,,일러스트,off__am,https://dongne.co/events/df2601/circles/156262,제32회 디. 페스타,Day1
2026 와야마 캘린더,노른자,,,,,1sp,가라오케 가자!,"여학교의 별,빠졌어 너에게,슬램덩크",,,,,,일러스트,@noreunza_,https://dongne.co/events/df2601/circles/157007,제32회 디. 페스타,Day1
2026 서버페스!,두잔,,,,,2sp,페그오,가히리,,스쿠알로,,로맨틱,,"만화,일러스트,소설",hanzan_,https://dongne.co/events/df2601/circles/157744,제32회 디. 페스타,Day1
2026년도 용기폭발했습니까?,알파깡,,,,,1sp,용기폭발뱅브레이번,,,,,,,,babe_ur_MINE,https://dongne.co/events/df2601/circles/156833,제32회 디. 페스타,Day1
2026퍼니버디추진위원회,"다라미, 범개",,,,,2sp,프로젝트 세카이,,버디 퍼니 데이트 타임!,"하나사토 미노리,키리타니 하루카,아즈사와 코하네,시라이시 안",버디X퍼니,로맨틱,"하루미노, 안코하","만화,일러스트","@__darami, @Bumgae_",https://dongne.co/events/df2601/circles/158315,제32회 디. 페스타,Day1
2026 제2회 엘쏜 브라더십 엑스포,순봉식,,,,,4sp,명일방주,,2026 로도스 아일랜드 정기발표회,,엘리시움X쏜즈,,,,@ANSUSANG ,https://dongne.co/events/df2601/circles/156739,제32회 디. 페스타,Day1
[21세기 동인은 물물교환만 받습니다],빨간단추,,,,,1sp,괴담출근,,,,,,,"소설,공예",,https://dongne.co/events/df2601/circles/157275,제32회 디. 페스타,Day1
24기34화,학센,,,,,2sp,닌타마 란타로,니지산지,,올캐러,쿠쿠치 헤이스케X오하마 칸에몽,해당없음,야마다 리키치x도이 한스케,"만화,일러스트",ohohkawa1133 ,https://dongne.co/events/df2601/circles/158875,제32회 디. 페스타,Day1
25시 마감데이즈,하루반L,,,,,4sp,화산귀환,괴담출근 사카데이 괴수8호 블랙배저,,청명 제삼,,,,,@kununk030,https://dongne.co/events/df2601/circles/157317,제32회 디. 페스타,Day1
26년도 갱스타부스 +호텔폭발 카무이 번,고등어,,,,,1sp,"GANGSTA. (갱스타,갱스터)","골든카무이,해즈빈 호텔,용기폭발 뱅브레이번",,"워릭 아르칸젤로,니콜라스 브라운,알렉스 베네데토,우사미 토키시게,카도쿠라 토시유키,스미스,이사미,허스크",,로맨틱,우사미 토키시게 X 카도쿠라 토시유키,"일러스트,기타",@rhemddj0616,https://dongne.co/events/df2601/circles/156659,제32회 디. 페스타,Day1
여름낮2601,겨울밤,,,,,2sp,이세계착각헌터,화산귀환 프리즘스톤(킹오브프리즘) 수공예,,,,,,,,https://dongne.co/events/df2601/circles/156294,제32회 디. 페스타,Day1
26n 초에도,고길동,,,,,1sp,,,,,,,,,,https://dongne.co/events/df2601/circles/156997,제32회 디. 페스타,Day1
2m from the sky,츠여,,,,,2sp,"슬램덩크,MCU",쯔꾸르,,"송태섭(슬램덩크),피터 파커(MCU)",,,,,@ch_evnfo,https://dongne.co/events/df2601/circles/157834,제32회 디. 페스타,Day1
"<나의 스타에게, 너의 연출가로부터 #3> 주최부스","나의 스타에게, 너의 연출가로부터 #3",,,,,2sp,,,"나의 스타에게, 너의 연출가로부터 #3",,,,,,,https://dongne.co/events/df2601/circles/157573,제32회 디. 페스타,Day1
괴담에떨어져도시급은300엔이구나,사파,,,,,2sp,"모브사이코100,괴담출근",,,"레이겐,김솔음 등",,,,"만화,일러스트,사진",@not_jeongpa,https://dongne.co/events/df2601/circles/158568,제32회 디. 페스타,Day1
카미야마고교 3학년 C반 동창회,루이츠카 앤솔로지,,,,,2sp,프로젝트 세카이,,,,카미시로 루이X텐마 츠카사,,,,@kamiko_ritk,https://dongne.co/events/df2601/circles/156948,제32회 디. 페스타,Day1
덕질을 감추지 못하는 쥐 4마리,"군손, 안경",,,,,2sp,닌자보이란타로,,,,야마다 리키치X도이 한스케,,,," @weqwee13, @igyeong81",https://dongne.co/events/df2601/circles/158045,제32회 디. 페스타,Day1
스쿠이타면 뭐든 좋은 자급자족 출장소 4호점,윤난,,,,,1sp,주술회전,,,"양면 스쿠나,이타도리 유지",양면 스쿠나X이타도리 유지,해당없음,"히구이타, NCP",소설,@mnmn_5252,https://dongne.co/events/df2601/circles/158358,제32회 디. 페스타,Day1
404,404,,,,,2sp,닌자보이 란타로(닌타마),,,,,,,,,https://dongne.co/events/df2601/circles/156473,제32회 디. 페스타,Day1
42,이창수,,,,,1sp,,,,,,,,,,https://dongne.co/events/df2601/circles/157429,제32회 디. 페스타,Day1
5학년 하반,교,,,,,2sp,닌타마 란타로,,,5학년,,"로맨틱,섹슈얼","칸타케, 라이5로, 미키하마, 타키아야",만화,@gyo12121,https://dongne.co/events/df2601/circles/158337,제32회 디. 페스타,Day1
517624,지유,,,,,2sp,프로젝트 세카이 컬러풀 스테이지! feat.하츠네 미쿠,,"나의 스타에게, 너의 연출가로부터 #3","텐마 츠카사,카미시로 루이",텐마 츠카사X카미시로 루이,"해당없음,로맨틱",,소설,,https://dongne.co/events/df2601/circles/158830,제32회 디. 페스타,Day1
522x617,아란,,,,,1sp,Nu:카니발,,,"큐야,에이트",큐야X에이트,섹슈얼,,"만화,일러스트",aawhffu,https://dongne.co/events/df2601/circles/156588,제32회 디. 페스타,Day1
혼사쿠 나가요시 이하 58자가 좋다,네네,,,,,1sp,도검난무,,시간정부명예공무원 복지위원회,야만바기리 쵸우기,,,,"만화,일러스트",aranami_nato,https://dongne.co/events/df2601/circles/157075,제32회 디. 페스타,Day1
7번 단서 받으실 분,비모,,,,,2sp,명일방주,,2026 로도스 아일랜드 정기발표회,,,,,일러스트,Bimo_koa,https://dongne.co/events/df2601/circles/158809,제32회 디. 페스타,Day1
7월의 소년,룬,,,,,1sp,가비지타임,이세계 착각 헌터,,"성준수,전영중",,로맨틱,기려창호,만화,,https://dongne.co/events/df2601/circles/156482,제32회 디. 페스타,Day1
725725,gg,,,,,2sp,주술회전,,,"게토 스구루,고죠 사토루",,로맨틱,,,,https://dongne.co/events/df2601/circles/158206,제32회 디. 페스타,Day1
괴8잡화점,걍진,,,,,1sp,,,,"나루미,호시나",,해당없음,,,jin1000ji3,https://dongne.co/events/df2601/circles/158422,제32회 디. 페스타,Day1
84일만에 섭종한 망겜이 우리집이라니,푸딩,,,,,2sp,트라이브 나인,,,"Q,아오야마 카즈키",QX아오야마 카즈키,로맨틱,,"만화,소설,일러스트",@Qkazumoero,https://dongne.co/events/df2601/circles/156603,제32회 디. 페스타,Day1
87세닌생최후의수리검날리기,해비,,,,,1sp,닌자보이 란타로,"다이아몬드 에이스,괴담출근",,"야마다 리키치,도이 한스케,케마 토메사부로,젠포우지 이사쿠",야마다 리키치X도이 한스케,"로맨틱,해당없음",케마 토메사부로x젠포우지 이사쿠,기타,H_P_FULL,https://dongne.co/events/df2601/circles/157709,제32회 디. 페스타,Day1
냠+999,"냠충, 999+",,,,,2sp,프로젝트 세카이,,,"니고,비배스",시노노메 아키토X시노노메 에나,로맨틱,니고논컾,"만화,일러스트","kR21Pzg, noisy9p",https://dongne.co/events/df2601/circles/157734,제32회 디. 페스타,Day1
Alchemy Lab.,JunE,,,,,2sp,볼트론:전설의 수호자,괴담출근 / 슬램덩크,,"키스,시로,알루라,랜스,피지,헝크 / 로드,요한",키스X시로,"로맨틱,섹슈얼",알루랜스/ (로오히)요한로드,,@fennecjune,https://dongne.co/events/df2601/circles/156878,제32회 디. 페스타,Day1
AM01:00,한시,,,,,1sp,프로젝트 세카이,,,"카미시로 루이,텐마 츠카사",카미시로 루이X텐마 츠카사,로맨틱,,만화,,https://dongne.co/events/df2601/circles/156851,제32회 디. 페스타,Day1
<Another stage> 주최부스,Another stage,,,,,2sp,,,Another stage,,,,,,,https://dongne.co/events/df2601/circles/156751,제32회 디. 페스타,Day1
Arch crown,sinas,,,,,1sp,명탐정 코난,매직 카이토,,,쿠도 신이치X쿠로바 카이토,로맨틱,,소설,,https://dongne.co/events/df2601/circles/156523,제32회 디. 페스타,Day1
천개의 마감 + ARUKIDS,"휘옌, 아르키",,,,,2sp,데뷔 못 하면 죽는 병 걸림,"프로젝트세카이,좀비고등학교,화산귀환",,박문대,박문대,"섹슈얼,로맨틱","배세문대, 청우건우, 당보청명",,"@Hwiyyen, @_arukids",https://dongne.co/events/df2601/circles/156379,제32회 디. 페스타,Day1
Blanc de Blanc,메타,,,,,1sp,명탐정 코난,,,,후루야 레이X카자미 유우야,로맨틱,,,@prayer_meta,https://dongne.co/events/df2601/circles/156402,제32회 디. 페스타,Day1
Brother love←B.L→Leo love,"포찌,순록",,,,,2sp,블루록,,,"나기 세이시로,미카게 레오,이토시 사에,이토시 린",이토시 사에X이토시 린,로맨틱,나기 세이시로x미카게 레오,만화,"@p0z2i_lock,@soon_Lock",https://dongne.co/events/df2601/circles/158149,제32회 디. 페스타,Day1
BSOD:(,티라,,,,,4sp,블루록,도리벤,,,,,,,@Tira_0O,https://dongne.co/events/df2601/circles/157313,제32회 디. 페스타,Day1
고서점가의 오오오오에 C,고장난라디오,,,,,1sp,고서점가의 하시히메,"오오에,우우울트라C",,,,,,,@_e7a59e,https://dongne.co/events/df2601/circles/158013,제32회 디. 페스타,Day1
Cool beauty,뉴피,,,,,2sp,도검난무,,시간정부명예공무원 복지위원회,"후쿠시마미츠타다,야만바기리쵸우기,산쵸모 그외 70명이상",,"로맨틱,섹슈얼","산쵸모×사니와,논커플링",만화,@artmissnewfie,https://dongne.co/events/df2601/circles/157527,제32회 디. 페스타,Day1
초장거리연애CP,인간식물,,,,,2sp,트라이건,,,,울프우드X밧슈,"로맨틱,섹슈얼",,"일러스트,만화",,https://dongne.co/events/df2601/circles/158294,제32회 디. 페스타,Day1
Crotti,kitami,,,,,2sp,원피스,"아이실드21,슬램덩크,킹덤,100미터.",,,,,,,,https://dongne.co/events/df2601/circles/156576,제32회 디. 페스타,Day1
@cyborgbunny,케챱많이,,,,,2sp,오버워치,,,,겐지XD.va,로맨틱,람젠,"만화,일러스트",@k3ch4ppu_,https://dongne.co/events/df2601/circles/157139,제32회 디. 페스타,Day1
"이터니티 속 카라마조프 가의 방주와 그레이색 Death 마이크 8호의 재판, 그리고 몽골의 기어스 드림",타네,,,,,2sp,히프노시스 마이크,,,로쇼,로쇼X사사라,로맨틱,,"만화,일러스트",@www__naver__com,https://dongne.co/events/df2601/circles/158347,제32회 디. 페스타,Day1
<Don't forget DL6 ~DL6호 사건을 잊지마라~> 주최부스,Don't forget DL6 ~DL6호 사건을 잊지마라~,,,,,2sp,,,Don't forget DL6 ~DL6호 사건을 잊지마라~ ,,,,,,,https://dongne.co/events/df2601/circles/156095,제32회 디. 페스타,Day1
DONUT UNIVERSE,TN,,,,,1sp,트라이건,,,,울프우드X밧슈,로맨틱,,만화,,https://dongne.co/events/df2601/circles/157819,제32회 디. 페스타,Day1
DUH불어잇세이,"리우,T",,,,,2sp,"VS AMBIVALENZ,비바렌",,,"타이요,잇세이,진타로,나고무,사쿠야,아구리,레온,스바루,미오",잇세이X미오,"해당없음,로맨틱","잇레잇,타이스바","만화,일러스트",@riu_zz00,https://dongne.co/events/df2601/circles/158888,제32회 디. 페스타,Day1
더블E,무라이,,,,,2sp,프로젝트 세카이,"란마1/2,슈퍼로봇대전",,"사키,이치카,란마,아카네,쿠스하,브릿트,제오라,아라드",,,,,@Murai_ok,https://dongne.co/events/df2601/circles/156525,제32회 디. 페스타,Day1
Endless Dream,루다,,,,,2sp,괴담출근,TOZ,,"최요원,류재관,김솔음",최요원X류재관,로맨틱,,,,https://dongne.co/events/df2601/circles/156584,제32회 디. 페스타,Day1
Entry,둡댑,,,,,2sp,포켓몬스터,"발로란트,이터널 리턴",,,,,,일러스트,,https://dongne.co/events/df2601/circles/157490,제32회 디. 페스타,Day1
ES/SD,성도,,,,,1sp,인사반파자구계통,데스노트,,심청추,낙빙하X심청추,해당없음,,"일러스트,만화",@assssaint,https://dongne.co/events/df2601/circles/157964,제32회 디. 페스타,Day1
이세계 마법명가 EX급 조연으로 출근하는 법,은비,,,,,2sp,괴담출근,"괴담출근,이착헌,명급리,오오에,변호됨",,,,,,,,https://dongne.co/events/df2601/circles/156519,제32회 디. 페스타,Day1
Frost moon,라프엘,,,,,2sp,"괴담에 떨어져도 출근을 해야 하는구나,발더스게이트3,신비의 제왕",,,,,,,,,https://dongne.co/events/df2601/circles/156158,제32회 디. 페스타,Day1
GOGE572,5,,,,,2sp,주술회전,,,"고죠 사토루,게토 스구루",,로맨틱,,"일러스트,만화",572,https://dongne.co/events/df2601/circles/157506,제32회 디. 페스타,Day1
GYURI,김규리,,,,,1sp,"디지몬,하이큐",,,,,,,,,https://dongne.co/events/df2601/circles/156219,제32회 디. 페스타,Day1
HABSELIGKEITEN,은람,,,,,2sp,전독시,내스급,,중혁독자,,,,,@eunram,https://dongne.co/events/df2601/circles/157003,제32회 디. 페스타,Day1
HL State Of Mind,타라몬 | 보보,,,,,2sp,혈계전선,,"끝나지 않는 축제, 라이브라",혈계전선 캐릭터,크라우스 V. 라인헤르츠X스티븐 A. 스타페이즈,"로맨틱,섹슈얼,해당없음","NCP, 레오재프레오","소설,만화",@tara_love_peace,https://dongne.co/events/df2601/circles/157091,제32회 디. 페스타,Day1
문ㄷH의 ㅋrSS테Zr,감새 에베 꼬알,,,,,2sp,괴담에 떨어져도 출근을 해야 하는 구나,데뷔를 못하면 죽는 병 걸림,,,,,,,,https://dongne.co/events/df2601/circles/156215,제32회 디. 페스타,Day1
기분이다! 네 마음대로 해도 I-I-Z-E!,흰지,,,,,1sp,프리파라,"A3!,아이나나",,,미타카 아사히X타카세 코요이,로맨틱,타스츠무,,@ajw6941,https://dongne.co/events/df2601/circles/157312,제32회 디. 페스타,Day1
in the forest,침낭,,,,,1sp,원펀맨,"마블,쿠로코의 농구,슬램덩크",,,제노스X사이타마,로맨틱,"스토니, 적먹, 홍재, 태웅백호","만화,소설",@_bedclothes,https://dongne.co/events/df2601/circles/156679,제32회 디. 페스타,Day1
잡덕is마이job,루,,,,,1sp,괴담출근,붕괴:스타레일,,김솔음 등,,,,일러스트,@jungru1125,https://dongne.co/events/df2601/circles/158774,제32회 디. 페스타,Day1
JCC 도원결의,구앙,,,,,2sp,사카모토데이즈,,,"세바나츠키,아사쿠라 신",세바나츠키X아사쿠라신,"로맨틱,섹슈얼",,만화,1inenumber1,https://dongne.co/events/df2601/circles/158083,제32회 디. 페스타,Day1
LOVE 12000%,빵,,,,,2sp,,,"나의 스타에게, 너의 연출가로부터 #3",,,,,,@ioreaol,https://dongne.co/events/df2601/circles/157574,제32회 디. 페스타,Day1
Lovely Mix,Lovely Mix,,,,,1sp,괴담출근,"화산귀환,내스급,데못죽,전독시",,,,,,,@LovelyMix_,https://dongne.co/events/df2601/circles/156577,제32회 디. 페스타,Day1
M,MR,,,,,1sp,혈계전선,,"끝나지 않는 축제, 라이브라",,스티븐X재프,"섹슈얼,로맨틱",,소설,@1_morrie,https://dongne.co/events/df2601/circles/158368,제32회 디. 페스타,Day1
made by 자윤,자윤,,,,,2sp,,,,,,,,공예,@jayun_blue,https://dongne.co/events/df2601/circles/156992,제32회 디. 페스타,Day1
Maidtenro,미,,,,,2sp,히프노시스마이크,,,"칸논자카 돗포,이자나미 히후미,진구지 쟈쿠라이",돗포X히후미,,마천랑 다자연애,"만화,일러스트",@IhiYdjY,https://dongne.co/events/df2601/circles/158118,제32회 디. 페스타,Day1
Maze,다안,,,,,1sp,괴담에 떨어져도 출근을 해야 하는구나,도쿄리벤저스,,,,,,,@dAaaAn77,https://dongne.co/events/df2601/circles/156230,제32회 디. 페스타,Day1
프리파라는 MBC 여기는 MBCC,만마,,,,,2sp,무기미도,"천막의 자두가르,프리티 시리즈",,,,,,만화,,https://dongne.co/events/df2601/circles/157065,제32회 디. 페스타,Day1
MGR,준지,,,,,1sp,괴담에 떨어져도 출근을 해야 하는구나,데뷔 못 하면 죽는 병 걸림,,,,,,,,https://dongne.co/events/df2601/circles/156461,제32회 디. 페스타,Day1
Midnight Blue,세르웬,,,,,2sp,프로젝트 세카이,,,,,,,"일러스트,만화",@serrewen,https://dongne.co/events/df2601/circles/156342,제32회 디. 페스타,Day1
도떼기시장 mk2,.,,,,,1sp,프로젝트 세카이,,,,렌XKAITO,해당없음,,,,https://dongne.co/events/df2601/circles/158495,제32회 디. 페스타,Day1
Moby Dick Cruise,YAL,,,,,2sp,원피스,슬램덩크,,"마르코,루치",,로맨틱,,,telagente,https://dongne.co/events/df2601/circles/157896,제32회 디. 페스타,Day1
My☆Planet,행성지기,,,,,2sp,핸드메이드 봉제인형,솜인형 옷,,,,,,,@My_Planet_Doll,https://dongne.co/events/df2601/circles/157085,제32회 디. 페스타,Day1
                                                                                                                                                                                                     N.F,안건,,,,,2sp,주술회전,,,"고죠 사토루,게토 스구루",고죠 사토루X게토 스구루,"로맨틱,섹슈얼",,"만화,일러스트",@goodteethguys,https://dongne.co/events/df2601/circles/156282,제32회 디. 페스타,Day1
Oekakibox,락스 온 더 락 ,,,,,2sp,아이돌리쉬세븐,,,,,,,,@eatupyourguts,https://dongne.co/events/df2601/circles/156267,제32회 디. 페스타,Day1
Oh! 에도통신,Oh! 에도통신 편집부,,,,,2sp,은혼,,,,사카타 긴토키X히지카타 토시로,로맨틱,,만화,@ooedo_1005,https://dongne.co/events/df2601/circles/158221,제32회 디. 페스타,Day1
"One scene, Two shot!",츠카루이 앤솔로지,,,,,2sp,프로젝트 세카이,,"나의 스타에게, 너의 연출가로부터 #3",,,,,,@henjin1x2,https://dongne.co/events/df2601/circles/158390,제32회 디. 페스타,Day1
                                                                                                                                                                                               ONLY GOGE,사뿐,,,,,2sp,주술회전,,,"고죠 사토루,게토 스구루",고죠 사토루X게토 스구루,"로맨틱,섹슈얼",,만화,,https://dongne.co/events/df2601/circles/158038,제32회 디. 페스타,Day1
P들의 부스,소비,,,,,2sp,없음,없음,,,,,,공예,@SOBI_J01,https://dongne.co/events/df2601/circles/157369,제32회 디. 페스타,Day1
P13으로 살아남기,신입사원,,,,,2sp,붕괴:스타레일,,,"레이시오,어벤츄린",레이시오X어벤츄린,로맨틱,,"만화,소설",ritblackstar_24,https://dongne.co/events/df2601/circles/158766,제32회 디. 페스타,Day1
PARABACO*, PUNODA,,,,,1sp,명일방주,,2026 로도스 아일랜드 정기발표회,"리,리탐정사무소,무에나,에벤홀츠,레싱",,해당없음,엘리시움x쏜즈,"만화,공예,일러스트",,https://dongne.co/events/df2601/circles/156575,제32회 디. 페스타,Day1
peartree,dol,,,,,2sp,하이큐,,,,,,,,,https://dongne.co/events/df2601/circles/157869,제32회 디. 페스타,Day1
PERIODSHOP,바이러스,,,,,1sp,페리오드 서바이벌 시리즈,,,,,,,게임,@Vaeirus12,https://dongne.co/events/df2601/circles/158805,제32회 디. 페스타,Day1
다시 'reborn!' 하기를.,옴마야,,,,,1sp,가정교사히트맨리본,케이팝데몬헌터스,가히리요? 2026년에요?,,,,,"공예,기타",,https://dongne.co/events/df2601/circles/157982,제32회 디. 페스타,Day1
Red camel,스눕,,,,,1sp,메달리스트,죠죠의 기묘한모험,,,요다카 쥰X아케우라지 츠카사,로맨틱,죠르노x미스타(죠죠5부),소설,@noop_kee,https://dongne.co/events/df2601/circles/156036,제32회 디. 페스타,Day1
Rhodes 2026 FL,dk,,,,,2sp,명일방주,,2026 로도스 아일랜드 정기발표회,왕&위/무에나/켈시,,"로맨틱,해당없음",사리사일,"만화,기타",,https://dongne.co/events/df2601/circles/158304,제32회 디. 페스타,Day1
만바야 사랑해 S2,사예,,,,,1sp,도검난무,,시간정부명예공무원 복지위원회,,,,,,@jsaye_,https://dongne.co/events/df2601/circles/156079,제32회 디. 페스타,Day1
Sirius_,Cent,,,,,1sp,괴담출근,"블루록,18trip,vsambivalenz",,,,,,,cent_mz,https://dongne.co/events/df2601/circles/156785,제32회 디. 페스타,Day1
Soojin Jung,Jude,,,,,2sp,,,,,,,,,,https://dongne.co/events/df2601/circles/156071,제32회 디. 페스타,Day1
team마이너부흥협회(0명),비비,,,,,1sp,역전재판,,Don't forget DL6 ~DL6호 사건을 잊지마라~ ,,유가미 진X반 고조,로맨틱,"오도나루, 쿄오도쿄",소설,viviitwt,https://dongne.co/events/df2601/circles/157551,제32회 디. 페스타,Day1
TOR,TOR,,,,,2sp,,,,X,,,,,@softyor_tor,https://dongne.co/events/df2601/circles/156989,제32회 디. 페스타,Day1
TTT,JC,,,,,1sp,도쿄리벤저스,괴담에 떨어져도 출근을 해야 하는구나,,하나가키 타케미치,,,,,,https://dongne.co/events/df2601/circles/156496,제32회 디. 페스타,Day1
Two Rabbits & 자몽공방,rabbits,,,,,2sp,,,,,,,,,,https://dongne.co/events/df2601/circles/157889,제32회 디. 페스타,Day1
오오타케를 믿기 vs 리도이를 믿기,멸균,,,,,2sp,오오에,닌자보이 란타로,,"오오사키,타케시바,야마다 리키치,도이 한스케",,,리도이 ,"만화,일러스트",@eMpty_CasE__,https://dongne.co/events/df2601/circles/157540,제32회 디. 페스타,Day1
VWxyz,"북, 비락",,,,,2sp,트라이건,,,"밧슈,울프우드",,로맨틱,"밧슈울프, 동축리버시블",,,https://dongne.co/events/df2601/circles/157471,제32회 디. 페스타,Day1
warm&happy,므옹,,,,,2sp,,,,,,,,,mong6681,https://dongne.co/events/df2601/circles/156407,제32회 디. 페스타,Day1
좋아하는 애한테 송X이로보 줘야지,"적장, 띠띠",,,,,2sp,프로젝트 세카이,,,"카미시로 루이,텐마 츠카사",카미시로 루이X텐마 츠카사,로맨틱,,만화,,https://dongne.co/events/df2601/circles/156387,제32회 디. 페스타,Day1
xoxo_xoxo,구남,,,,,2sp,은혼 헌터x헌터,사카모토데이즈 괴수8호,,,,,,일러스트,qnamxoxo,https://dongne.co/events/df2601/circles/156109,제32회 디. 페스타,Day1
푸른봄XXL세트,"뭔버거, 뭔튀김",,,,,2sp,주술회전,,,"고죠 사토루,게토 스구루",고죠 사토루X게토 스구루,로맨틱,,"만화,일러스트",@3vnqha,https://dongne.co/events/df2601/circles/157569,제32회 디. 페스타,Day1
울트라맨엑스 youtube공식무료공개중,사성구,,,,,1sp,울트라맨 엑스,특촬,,"울트라맨 엑스,오오조라 다이치",엑스X다이치,"로맨틱,섹슈얼",,만화,4sung9,https://dongne.co/events/df2601/circles/156854,제32회 디. 페스타,Day1
*⋆꒰ঌ 천사와 악마 그리고 해파리 2 ໒꒱⋆*,모노,,,,,2sp,해파리소녀,괴담출근,,해파리소녀,,,,일러스트,@cup_of_salty,https://dongne.co/events/df2601/circles/157419,제32회 디. 페스타,Day1
☆彡,유히,,,,,2sp,프로젝트 세카이 컬러풀 스테이지! feat.하츠네 미쿠,,,텐마 츠카사,,,,,,https://dongne.co/events/df2601/circles/157046,제32회 디. 페스타,Day1
昆蟲箱子 :: Insect Box,24(SANAI),,,,,2sp,스플래툰,포켓몬스터,,,,,,,,https://dongne.co/events/df2601/circles/156211,제32회 디. 페스타,Day1
曙海,파도,,,,,1sp,도검난무,,시간정부명예공무원 복지위원회,야만바기리 쿠니히로 야만바기리 쵸우기 미카즈키 무네치카,,,,"소설,기타",@UND4_SH,https://dongne.co/events/df2601/circles/158921,제32회 디. 페스타,Day1
순애(殉愛)를 믿기,취급주의,,,,,2sp,괴수8호,,,"나루미 겐,호시나 소우시로 / 나루호시",나루미 겐X호시나 소우시로,"로맨틱,섹슈얼",,,@ndnlhwc,https://dongne.co/events/df2601/circles/158053,제32회 디. 페스타,Day1
순애(純愛)를 믿기,어센틱,,,,,2sp,괴수8호,,,"나루미 겐,호시나 소우시로",나루미 겐X호시나 소우시로,"섹슈얼,로맨틱",,소설,@san_ctus,https://dongne.co/events/df2601/circles/156599,제32회 디. 페스타,Day1
線_,먹새,,,,,1sp,가치아쿠타,윈브레,,"루도,엔진,잔카,리요우,아모,쟈바,그리스,포로 등",,,,"일러스트,공예,기타",yuo_655,https://dongne.co/events/df2601/circles/158604,제32회 디. 페스타,Day1
線_,먹새,,,,,1sp,가치아쿠타,윈브레,,"루도,엔진,잔카,리요우,아모,쟈바,그리스,포로 등",,,,"일러스트,공예,기타",yuo_655,https://dongne.co/events/df2601/circles/158605,제32회 디. 페스타,Day1
超급닌자 동호회,나메코,,,,,2sp,닌타마 란타로,,,"야마다 리키치,도이 한스케",야마다 리키치X도이 한스케,로맨틱,"미키하마, 하치라이","만화,일러스트","@o_shxkur, @Juckkxun1x0, @m_n1n88",https://dongne.co/events/df2601/circles/157240,제32회 디. 페스타,Day1
難兄難弟 (형님을 믿기 VS 동생을 믿기),팥콩콩,,,,,2sp,도검난무 ONLINE,,시간정부명예공무원 복지위원회,"도검남사(히게키리,히자마루,우구이스마루,야겐 등 다종류의 도검남사)",도검남사X사니와,"로맨틱,섹슈얼",,"기타,소설,공예,만화",@mameme_PK,https://dongne.co/events/df2601/circles/157645,제32회 디. 페스타,Day1
<김기려 길드 노동조합> 주최부스,김기려 길드 노동조합,,,,,2sp,,,김기려 길드 노동조합,,,,,,@KimkiryeoGuild,https://dongne.co/events/novel06/circles/160329,"아아─, 이것이 『소설』이라는 것이다. Chapter 6",Day2
<호윤이가 손수 만든 쁘띠존입니다앙> 주최부스,호윤이가 손수 만든 쁘띠존입니다앙,,,,,2sp,,,호윤이가 손수 만든 쁘띠존입니다앙,,,,,,,https://dongne.co/events/novel06/circles/159979,"아아─, 이것이 『소설』이라는 것이다. Chapter 6",Day2
<무간심연 서울지점> 주최부스,무간심연 서울지점,,,,,2sp,,,무간심연 서울지점 ,,,,,,,https://dongne.co/events/novel06/circles/161118,"아아─, 이것이 『소설』이라는 것이다. Chapter 6",Day2
 뚜뚠따라,댁수,,,,,2sp,괴담출근,진혼기,,솔음른,,"로맨틱,섹슈얼",솔음른,"만화,일러스트",,https://dongne.co/events/novel06/circles/159697,"아아─, 이것이 『소설』이라는 것이다. Chapter 6",Day2
 쁘띠뽀짝,뽀짝쿵야,,,,,1sp,"괴담출근,이착헌,데못죽,전독시,내스급","플레이브,케데헌,슬램덩크,하이큐,스파이패밀리,코난,뮤지컬 프랑켄슈타인,최애의 아이",,,,,,,@BBoJJaKKyu,https://dongne.co/events/novel06/circles/159436,"아아─, 이것이 『소설』이라는 것이다. Chapter 6",Day2
 조븐느낌,"감덕금, 조븐",,,,,2sp,마법명가 차남으로 살아남는 법(마차살),리바이어던,마차살 쁘띠존 < 쁘띠명가 차원에서 살아남는 법 >,"레오나르드,루카스",레오나르드 비텔스바흐X루카스 아스카니엔,"로맨틱,해당없음","메클이안, 알렉샤프","소설,공예","@_csgdg, @narrow_feeling",https://dongne.co/events/novel06/circles/160377,"아아─, 이것이 『소설』이라는 것이다. Chapter 6",Day2
.,머렝,,,,,1sp,,,,,,,,,,https://dongne.co/events/novel06/circles/160083,"아아─, 이것이 『소설』이라는 것이다. Chapter 6",Day2
'솔'직히 '최'애캐예요,"강치, 댜, 아스, dapan",,,,,4sp,괴담출근,,솔최 쁘띠존 <GET+LUCKY>,"김솔음,최요원",김솔음X최요원,"로맨틱,섹슈얼",,"일러스트,소설,만화",,https://dongne.co/events/novel06/circles/159571,"아아─, 이것이 『소설』이라는 것이다. Chapter 6",Day2
"( ᐢ, ,ᐢ) 내겐너무거대한티비",타지,,,,,1sp,괴담출근,,,김솔음 브라운,김솔음X브라운,로맨틱,"솔블, 솔음브라운, 김솔음 브라운","만화,일러스트",@baekilmong91,https://dongne.co/events/novel06/circles/159348,"아아─, 이것이 『소설』이라는 것이다. Chapter 6",Day2
"[아이적] 아아—, 이것이 《적왕사》라는 것이다.",가오나시,,,,,4sp,"적왕사,적국의 왕자로 사는 법","마차살,마법명가 차남으로 살아남는 법",,칼리안,드미레아X칼리안,"로맨틱,섹슈얼","플히, 칼플",소설,@hutsound_,https://dongne.co/events/novel06/circles/160095,"아아─, 이것이 『소설』이라는 것이다. Chapter 6",Day2
*룩키정육점*,"식사, 리무",,,,,2sp,괴담출근,,,,,,,"일러스트,만화,기타",,https://dongne.co/events/novel06/circles/160392,"아아─, 이것이 『소설』이라는 것이다. Chapter 6",Day2
#의다살_트친소_구합니다,칼브,,,,,1sp,의원 다시 살다,명급리,,"제갈린,진천희,유호,황지호",,,,일러스트,@CALB_booooook,https://dongne.co/events/novel06/circles/159835,"아아─, 이것이 『소설』이라는 것이다. Chapter 6",Day2
#그래루와린이잖아,인재,,,,,2sp,잔차품,열화요수,Priest 쁘띠존 : 주일예배 2,"루비싱,린징헝,쉬엔지,성령연",,로맨틱,선령(쉬엔지X성령연),기타,@iii_i_j,https://dongne.co/events/novel06/circles/161202,"아아─, 이것이 『소설』이라는 것이다. Chapter 6",Day2
ᆞ,ᆞ,,,,,1sp,데못죽,,,,,,,,,https://dongne.co/events/novel06/circles/160763,"아아─, 이것이 『소설』이라는 것이다. Chapter 6",Day2
∞,"muung, 브라우니",,,,,2sp,괴담에 떨어져도 출근을 해야 하는구나,이세계 착각 헌터,,괴담출근 보안팀 위주,,,,"공예,기타",,https://dongne.co/events/novel06/circles/160491,"아아─, 이것이 『소설』이라는 것이다. Chapter 6",Day2
ㄹ,ㄹ,,,,,2sp,전지적 독자 시점,변호됨/주한민재,,"유중혁,김독자",유중혁X김독자,로맨틱,,,@orvgeun,https://dongne.co/events/novel06/circles/160182,"아아─, 이것이 『소설』이라는 것이다. Chapter 6",Day2
냠,ㅁ,,,,,1sp,전지적 독자 시점,마법명가 차남으로 살아남는 법,마차살 쁘띠존 < 쁘띠명가 차원에서 살아남는 법 >,,,,,기타,blacktea1315,https://dongne.co/events/novel06/circles/159900,"아아─, 이것이 『소설』이라는 것이다. Chapter 6",Day2
셋 !,하나이,,,,,2sp,괴담에 떨어져도 출근을 해야 하는구나,,,,,,,,@_00365,https://dongne.co/events/novel06/circles/159359,"아아─, 이것이 『소설』이라는 것이다. Chapter 6",Day2
한 끼,771,,,,,1sp,명문고 EX급 조연의 리플레이(명급리),,,"용제건,김신록",용제건X김신록,로맨틱,,"소설,기타",@771_771771_771,https://dongne.co/events/novel06/circles/161067,"아아─, 이것이 『소설』이라는 것이다. Chapter 6",Day2
착 한 아 이,DaDa,,,,,1sp,괴담에 떨어져도 출근을 해야하는구나,,,김솔음,,,,,@DaDa9191,https://dongne.co/events/novel06/circles/159920,"아아─, 이것이 『소설』이라는 것이다. Chapter 6",Day2
쌤 저 마감 다 못했어요 ㄴ각오해라,"폰,전복",,,,,2sp,전지적독자시점,,,,유중혁X김독자,"로맨틱,해당없음",,"만화,일러스트",@rghroadyo,https://dongne.co/events/novel06/circles/160315,"아아─, 이것이 『소설』이라는 것이다. Chapter 6",Day2
책 내는 부스,유타페,,,,,1sp,데뷔 못 하면 죽는 병 걸림,,,,,"로맨틱,섹슈얼",,,,https://dongne.co/events/novel06/circles/159311,"아아─, 이것이 『소설』이라는 것이다. Chapter 6",Day2
한 지붕 아래 최솔,"4PO, 고곰아",,,,,2sp,괴담에 떨어져도 출근을 해야 하는구나,,,"최요원,김솔음,etc",최요원X김솔음,,NCP,일러스트,"@sagwa_podo, @dbdb_ddb2",https://dongne.co/events/novel06/circles/161360,"아아─, 이것이 『소설』이라는 것이다. Chapter 6",Day2
저 어둠 속에 그림 같은 집을 짓고,스팸버거,,,,,1sp,괴담출근,,,,김솔음X백사헌,,,,,https://dongne.co/events/novel06/circles/159485,"아아─, 이것이 『소설』이라는 것이다. Chapter 6",Day2
퀸 오브 디바. 미다스의 황금손. 이 세계의 떠오르는 슈퍼스타.,슈,,,,,2sp,괴담출근,,,"김솔음,최요원,류재관",,,,,syu625327,https://dongne.co/events/novel06/circles/159595,"아아─, 이것이 『소설』이라는 것이다. Chapter 6",Day2
나 부스 처음해봐,"삐삐, 수면안대, 비연",,,,,2sp,"조회지,이환원,괴담출근","데못죽,의다살",,"차서후,차사현,한이결,천사연,김솔음,진천희,테스타",,,,"만화,일러스트",@ybbibbi_72,https://dongne.co/events/novel06/circles/160437,"아아─, 이것이 『소설』이라는 것이다. Chapter 6",Day2
털 날려요 ,펠샤 ,,,,,1sp,마법명가 차남으로 살아남는 법,,마차살 쁘띠존 < 쁘띠명가 차원에서 살아남는 법 >,레오나르드 비텔스바흐 / 루카스 아스카니엔 / 레루엘나,레오나르드 비텔스바흐X루카스 아스카니엔,로맨틱,,"기타,일러스트",@P_elsa_00,https://dongne.co/events/novel06/circles/161350,"아아─, 이것이 『소설』이라는 것이다. Chapter 6",Day2
네 커피에 물을 탔어,"유성, 안여림, 특이점",,,,,2sp,마법명가 차남으로 살아남는 법,"해리포터,괴담출근",마차살 쁘띠존 < 쁘띠명가 차원에서 살아남는 법 >,파이,,해당없음,,"소설,일러스트,기타","@U_S_DDuc, @Yeorim_0207, @sin9ularilty000",https://dongne.co/events/novel06/circles/161025,"아아─, 이것이 『소설』이라는 것이다. Chapter 6",Day2
눈 떠보니 낯선 부스였다.,챠이,,,,,2sp,"괴담출근,데못죽",,,,,,,,CHA_E_moum,https://dongne.co/events/novel06/circles/160850,"아아─, 이것이 『소설』이라는 것이다. Chapter 6",Day2
내 장르가 마이너일 리 없어,두릅&참나물,,,,,1sp,명급리,기타 등등,,,,,,,@record_rukd,https://dongne.co/events/novel06/circles/160666,"아아─, 이것이 『소설』이라는 것이다. Chapter 6",Day2
이 마감은 번복되지 않습니다,"해사, 새해",,,,,2sp,문과라도 안 죄송한 이세계로 감,괴담출근,문송안함 쁘띠존: 다시 만난 9세계,수도 방위대 학교 977기,,,,"소설,기타","새해(@flny_wrt), 해사(@Haesaa_08)",https://dongne.co/events/novel06/circles/160582,"아아─, 이것이 『소설』이라는 것이다. Chapter 6",Day2
제 괴담은 요따만합니다,미음,,,,,1sp,괴담에 떨어져도 출근을 해야하는 구나,,,,,,,"일러스트,사진",@mmmeo643,https://dongne.co/events/novel06/circles/160343,"아아─, 이것이 『소설』이라는 것이다. Chapter 6",Day2
내 루카스가 이렇게 귀여울 리가 없어,동매,,,,,2sp,마법명가 차남으로 살아남는 법,,마차살 쁘띠존 < 쁘띠명가 차원에서 살아남는 법 >,에스체트,,,,"일러스트,소설,게임,공예",dongmae814,https://dongne.co/events/novel06/circles/161236,"아아─, 이것이 『소설』이라는 것이다. Chapter 6",Day2
뭘 내야하지.,카야,,,,,2sp,,,,,,,,,@_kaya_2725,https://dongne.co/events/novel06/circles/159869,"아아─, 이것이 『소설』이라는 것이다. Chapter 6",Day2
이 어두운바다의 진심 오타쿠가되어,이어진,,,,,2sp,어두운 바다의 등불이 되어,,,"박무현,신해량",신해량X박무현,로맨틱,,"기타,일러스트",@in_deepblue,https://dongne.co/events/novel06/circles/159795,"아아─, 이것이 『소설』이라는 것이다. Chapter 6",Day2
희:삐아체레 사천당가에디션,삐아체레,,,,,2sp,,,,,,,,,,https://dongne.co/events/novel06/circles/159851,"아아─, 이것이 『소설』이라는 것이다. Chapter 6",Day2
멍...,DD,,,,,2sp,명급리,,,,,,,,@MGR_dog,https://dongne.co/events/novel06/circles/159826,"아아─, 이것이 『소설』이라는 것이다. Chapter 6",Day2
ㅇㅇ,자몽,,,,,1sp,데못죽,,,데못죽,,,,일러스트,@fbgk501,https://dongne.co/events/novel06/circles/160122,"아아─, 이것이 『소설』이라는 것이다. Chapter 6",Day2
곰굴,DMWM,,,,,1sp,1차 창작,"나루토,페어리테일",,"우치하 마다라,미라젠 스트라우스",,로맨틱,드림,소설,@DMWM_novel,https://dongne.co/events/novel06/circles/159761,"아아─, 이것이 『소설』이라는 것이다. Chapter 6",Day2
괴큐,큐큐,,,,,2sp,괴담출근,,,,,,,,영큐,https://dongne.co/events/novel06/circles/160512,"아아─, 이것이 『소설』이라는 것이다. Chapter 6",Day2
녹체,녹체,,,,,2sp,,,,,,,,,@Noche_official_,https://dongne.co/events/novel06/circles/159719,"아아─, 이것이 『소설』이라는 것이다. Chapter 6",Day2
댕굴,몰랑,,,,,1sp,데뷔 못하면 죽는 병 걸림,,,"박문대,류청우,이세진,배세진,선아현,차유진,김래빈",,,,,@5OvOg ,https://dongne.co/events/novel06/circles/160713,"아아─, 이것이 『소설』이라는 것이다. Chapter 6",Day2
더즌,넛묭,,,,,1sp,괴담에 떨어져도 출근을 해야 하는구나,,,J3,,로맨틱,,만화,@donutgotowork,https://dongne.co/events/novel06/circles/159242,"아아─, 이것이 『소설』이라는 것이다. Chapter 6",Day2
딩굴,몰랑,,,,,1sp,데뷔못하면죽는병걸림,"괴담에떨어져도출근을해야하는구나,백작가의망나니가되었다",,.,,,,일러스트,@5OvOg,https://dongne.co/events/novel06/circles/160507,"아아─, 이것이 『소설』이라는 것이다. Chapter 6",Day2
뿅뿅,삐용삐용,,,,,1sp,괴담에 떨어져도 출근을 해야하는구나,이세계 착각 헌터,,최 요원,김솔음X최요원,"섹슈얼,로맨틱","현무1팀, 기려창호","만화,일러스트",@p0_book,https://dongne.co/events/novel06/circles/160078,"아아─, 이것이 『소설』이라는 것이다. Chapter 6",Day2
왼뜨,왼뜨,,,,,1sp,괴담출근,데못죽,,"김솔음,박문대,J3등",,,,일러스트,@JD_CLOSET,https://dongne.co/events/novel06/circles/161268,"아아─, 이것이 『소설』이라는 것이다. Chapter 6",Day2
이리,이리,,,,,2sp,괴담에 떨어져도 출근을 해야 하는구나,,,올캐러,,,,일러스트,@iri0012draw,https://dongne.co/events/novel06/circles/161226,"아아─, 이것이 『소설』이라는 것이다. Chapter 6",Day2
체뱜,김체리,,,,,2sp,"괴담출근(괴담에 떨어져도 출근을 해야 하는구나),리제로(Re: 제로부터 시작하는 이세계 생활)",,,"J3,김솔음",J3X김솔음,"로맨틱,섹슈얼",,"만화,일러스트,기타",@KMCHRR_L,https://dongne.co/events/novel06/circles/159951,"아아─, 이것이 『소설』이라는 것이다. Chapter 6",Day2
축사,나귀,,,,,2sp,화산귀환,,,,,"로맨틱,섹슈얼",,,@donkey0916,https://dongne.co/events/novel06/circles/159525,"아아─, 이것이 『소설』이라는 것이다. Chapter 6",Day2
회귀,회귀,,,,,4sp,괴담출근,,,,,,,,,https://dongne.co/events/novel06/circles/160590,"아아─, 이것이 『소설』이라는 것이다. Chapter 6",Day2
히읗,"시안, 레탕",,,,,2sp,마법명가 차남으로 살아남는 법,괴담에 떨어져도 출근을 해야 하는구나,마차살 쁘띠존 < 쁘띠명가 차원에서 살아남는 법 >,"레오나르드 비텔스바흐,루카스 아스카니엔,엘리아스 호엔촐레른,나르케 파르네세,율리아 체링겐,울리케 클라이스트,하이케 아인시델,알버트 메클렌부르크,최요원,김솔음,J3",,해당없음,,"일러스트,만화,소설","@47x032d, @tang__O3O",https://dongne.co/events/novel06/circles/160483,"아아─, 이것이 『소설』이라는 것이다. Chapter 6",Day2
출근 못 하면 죽는 병 걸림,"스댕, 리넬",,,,,2sp,"괴담의 떨어져도 출근을 해야하는구나,데뷔 못 하면 죽는 병 걸림","블랙배저,내스급",,,솔음른,로맨틱,청려문대,,"@tmeod_stain, @wwwrinelwww",https://dongne.co/events/novel06/circles/159806,"아아─, 이것이 『소설』이라는 것이다. Chapter 6",Day2
상상 그 미만 수준 연성을 끓여오겠습니다,Nc,,,,,2sp,"괴담출근,이착헌",1차bl,,,,,,"만화,소설",@goja_nn,https://dongne.co/events/novel06/circles/159638,"아아─, 이것이 『소설』이라는 것이다. Chapter 6",Day2
개는 멍 곰은 문대문대!,상규,,,,,1sp,데뷔못하면죽는병걸림,,,박문대 이세진,박문대X이세진,,,일러스트,thanx_999,https://dongne.co/events/novel06/circles/161123,"아아─, 이것이 『소설』이라는 것이다. Chapter 6",Day2
연필 한 다스튜,연필 & 스튜,,,,,2sp,데못죽 내스급 괴담출근,,,한유진 박문대 김솔음 그 외 등장인물,,,,일러스트,@S2yeonpil | @ste_w00_,https://dongne.co/events/novel06/circles/160296,"아아─, 이것이 『소설』이라는 것이다. Chapter 6",Day2
지금 이 상황이 괴담 같아요,귀ㅣ인,,,,,2sp,괴담출근,화산귀환,,김솔음,,,,"소설,공예",@GinGiin_22,https://dongne.co/events/novel06/circles/160429,"아아─, 이것이 『소설』이라는 것이다. Chapter 6",Day2
떼인 돈 갚아드립니다,"태서, 먀먕",,,,,2sp,너희들은 변호됐다,,,,,,,,"seo123te, mya_myang___",https://dongne.co/events/novel06/circles/160504,"아아─, 이것이 『소설』이라는 것이다. Chapter 6",Day2
"나야 나, 묵향동후의 ㅍㅍ^^씨피라고","08, 글차선, 적오",,,,,2sp,"마도조사,천관사복",,,"남망기,위무선,지사,풍사,화성,사련",남망기X위무선,"로맨틱,섹슈얼","지사풍사(지풍), 화성사련(화련)",,"@WX_otk, @009931_31, @lnalfway",https://dongne.co/events/novel06/circles/160268,"아아─, 이것이 『소설』이라는 것이다. Chapter 6",Day2
되면 한다,ㅎㅅ,,,,,1sp,데못죽,"이착헌,괴담출근",,,,,,,,https://dongne.co/events/novel06/circles/159336,"아아─, 이것이 『소설』이라는 것이다. Chapter 6",Day2
솔최 부스,솔최 쁘띠존,,,,,4sp,괴담에 떨어져도 출근을 해야 하는구나,,솔최 쁘띠존 <GET+LUCKY>,김솔음,,"로맨틱,섹슈얼",,"소설,일러스트,만화",solchoi_1st,https://dongne.co/events/novel06/circles/159743,"아아─, 이것이 『소설』이라는 것이다. Chapter 6",Day2
맹탕 잡탕 독탕,사엠,,,,,1sp,화산귀환,,,청명,당보X청명,"로맨틱,섹슈얼","청명소병, 검협검존","일러스트,만화",@Cojasil,https://dongne.co/events/novel06/circles/160578,"아아─, 이것이 『소설』이라는 것이다. Chapter 6",Day2
퇴근 없는 부스,"출근싫어, 주인",,,,,2sp,괴담출근,,,괴담출근 관련 캐릭터,,,,"만화,일러스트,소설",@chulgeunsiru,https://dongne.co/events/novel06/circles/160349,"아아─, 이것이 『소설』이라는 것이다. Chapter 6",Day2
한국 동인 길드 협회,자하,,,,,1sp,이세계 착각 헌터,,김기려 길드 노동조합,,,,,"만화,일러스트,소설",@zaha_814,https://dongne.co/events/novel06/circles/159709,"아아─, 이것이 『소설』이라는 것이다. Chapter 6",Day2
일단 나는 돈을 좋아한다.,햅부,,,,,2sp,괴담출근,이착헌,,,,,,,hapbu_,https://dongne.co/events/novel06/circles/160169,"아아─, 이것이 『소설』이라는 것이다. Chapter 6",Day2
우리 가게 당청 정상영업합니다,쌈,,,,,2sp,화산귀환,,,청명,당보X청명,해당없음,,일러스트,@hwasna_sam,https://dongne.co/events/novel06/circles/159881,"아아─, 이것이 『소설』이라는 것이다. Chapter 6",Day2
게롱 지구 방위대,원,,,,,2sp,괴담출근,데못죽,,,,,,,@oO17Ee,https://dongne.co/events/novel06/circles/160435,"아아─, 이것이 『소설』이라는 것이다. Chapter 6",Day2
내가 키운 콩자반,녹쨔,,,,,1sp,내가키운S급들,,,"성현제,한유진",,로맨틱,,"일러스트,기타",,https://dongne.co/events/novel06/circles/160059,"아아─, 이것이 『소설』이라는 것이다. Chapter 6",Day2
손목 핏줄 탐방기,선댄스,,,,,2sp,괴담에 떨어져도 출근을 해야하는구나,전지적 독자 시점,최솔 쁘띠존 『사계 :: 사시가경(四時佳景)』,,,,,,@soldanzar,https://dongne.co/events/novel06/circles/159864,"아아─, 이것이 『소설』이라는 것이다. Chapter 6",Day2
착한 친구 소환진,파비,,,,,2sp,괴담에 떨어져도 출근을 해야 하는구나,,,"김솔음,이자헌,브라운,최 요원,류재관",이자헌X김솔음,"로맨틱,섹슈얼","블솔(브라운x김솔음), 최륮(최 요원x류재관)","만화,소설",P4_VI22,https://dongne.co/events/novel06/circles/160912,"아아─, 이것이 『소설』이라는 것이다. Chapter 6",Day2
화산 아래 매화강,매(梅) 가람,,,,,1sp,화산귀환,,,,,,,,@H6Yx2INL8IP8bx3,https://dongne.co/events/novel06/circles/160755,"아아─, 이것이 『소설』이라는 것이다. Chapter 6",Day2
우리 주님 그렇게 꽉 막힌 분 아닙니다,"서목, 앳",,,,,1sp,마법명가 차남으로 살아남는 법,,마차살 쁘띠존 < 쁘띠명가 차원에서 살아남는 법 >,,,,,"소설,일러스트,만화,기타","@SeoMok__, @At_Signnn",https://dongne.co/events/novel06/circles/160611,"아아─, 이것이 『소설』이라는 것이다. Chapter 6",Day2
착한 아이 츄러스 하나 더 준다,00,,,,,1sp,괴담에 떨어져도 출근을 해야 하는구나,데뷔 못 하면 죽는 병 걸림,,,,,,,,https://dongne.co/events/novel06/circles/159516,"아아─, 이것이 『소설』이라는 것이다. Chapter 6",Day2
다른 수가 없어서 앟문은 웃고 말았다,"혀니, 아현문대 게스트북",,,,,1sp,데뷔 못 하면 죽는 병 걸림,괴담에 떨어져도 출근을 해야 하는구나,,"선아현,박문대,류건우",선아현X박문대,로맨틱,선아현X류건우,"소설,일러스트","@wagibambi, @AHMD_guestbook, @BAMBREAD_",https://dongne.co/events/novel06/circles/160265,"아아─, 이것이 『소설』이라는 것이다. Chapter 6",Day2
좁은 파이 품으로 들어가라,티슈,,,,,2sp,마법명가 차남으로 살아남는 법,,마차살 쁘띠존 < 쁘띠명가 차원에서 살아남는 법 >,에스체트,,해당없음,"엔렝, 뮬멬",일러스트,@quiche_sadam,https://dongne.co/events/novel06/circles/161147,"아아─, 이것이 『소설』이라는 것이다. Chapter 6",Day2
내가 키운 괴담들+외계인들,"천수광, 여빌",,,,,2sp,"괴담에 떨어져도 출근을 해야 하는구나,내가 키운 S급들","이세계착각헌터,화산귀환,데뷔하지 못하면 죽는 병 걸림",,,,,,"일러스트,공예,조형","@pingx2pongx2, @myS_villain",https://dongne.co/events/novel06/circles/159410,"아아─, 이것이 『소설』이라는 것이다. Chapter 6",Day2
최애 씨피 좌상고는 멈출 수 있는 것이 아닙니다,청우리,,,,,1sp,데뷔 못하면 죽는 병 걸림,,,류건우 신청려 차유진 김래빈,,로맨틱,유진래빈,"소설,일러스트",@midnightbeen,https://dongne.co/events/novel06/circles/159537,"아아─, 이것이 『소설』이라는 것이다. Chapter 6",Day2
불을 피해 달아나는 인간들,갈기,,,,,2sp,마법명가차남으로살아남는법,,,,,,,,22rkfrl,https://dongne.co/events/novel06/circles/160553,"아아─, 이것이 『소설』이라는 것이다. Chapter 6",Day2
"이게 옳은 선택인지, 잘못된 선택인지 일단 제가 한 번 창려를 먹어보고 결정해보겠습니다.",퐁퐁,,,,,2sp,이세계 착각 헌터,,,"강창호,김기려",강창호X김기려,"로맨틱,섹슈얼",,"만화,기타,소설",@ppong_and_S2,https://dongne.co/events/novel06/circles/161190,"아아─, 이것이 『소설』이라는 것이다. Chapter 6",Day2
일단 뭐든 나왔습니다,세하,,,,,2sp,"내스급,전독시","데못죽,괴담출근,어바등,화산귀환",,All,,,,"일러스트,기타,공예",@dndudd1221,https://dongne.co/events/novel06/circles/159607,"아아─, 이것이 『소설』이라는 것이다. Chapter 6",Day2
잠깐 최옵 위험하니까 꼭 왼쪽으로 걸어,"독꼬마리, 꾸락지",,,,,2sp,괴담에 떨어져도 출근을 해야 하는구나,,최솔 쁘띠존 『사계 :: 사시가경(四時佳景)』,"최요원,백사헌,김솔음",최요원X김솔음,"해당없음,로맨틱",사헌솔음,소설,"@gggomarie, @kukurakji",https://dongne.co/events/novel06/circles/160346,"아아─, 이것이 『소설』이라는 것이다. Chapter 6",Day2
나는 둘이 뽀뽀했으면 좋겠어,사파,,,,,2sp,괴담에 떨어져도 출근을 해야 하는구나,이착헌 변호됨,,,,"로맨틱,섹슈얼",민재주한 이착헌 NCP 렛츠고,,,https://dongne.co/events/novel06/circles/159601,"아아─, 이것이 『소설』이라는 것이다. Chapter 6",Day2
다시 한번 말씀해주세요,mut,,,,,1sp,화산귀환,,,,조걸X윤종,,,소설,F_mut_,https://dongne.co/events/novel06/circles/160841,"아아─, 이것이 『소설』이라는 것이다. Chapter 6",Day2
거거 이거 혼인신고서야❤️,레리라,,,,,2sp,천관사복,"마도조사,인사반파자구계통","천관이 복을 내리시니, 쁘띠존 걱정 하나 없다 2회",,,로맨틱,,,@LerirA9,https://dongne.co/events/novel06/circles/160797,"아아─, 이것이 『소설』이라는 것이다. Chapter 6",Day2
공방 프리즘,리즈,,,,,1sp,괴담에 떨어져도 출근을 해야 하는구나,블랙배저,,,,,,공예,,https://dongne.co/events/novel06/circles/160440,"아아─, 이것이 『소설』이라는 것이다. Chapter 6",Day2
버니 디저트,팡스,,,,,1sp,"괴담출근,이착헌",마마살,,,,,,,,https://dongne.co/events/novel06/circles/159302,"아아─, 이것이 『소설』이라는 것이다. Chapter 6",Day2
잡덕 브론즈,멜데,,,,,4sp,"김아싫,괴담출근,명급리","초심돌,망아살",,,,해당없음,"제건신록,황호의신","만화,일러스트",@vuswk12345,https://dongne.co/events/novel06/circles/159453,"아아─, 이것이 『소설』이라는 것이다. Chapter 6",Day2
티비 팝니다,딲딲스냅,,,,,2sp,괴담출근,,,올캐릭,,"로맨틱,해당없음",,일러스트,@sogaksnap,https://dongne.co/events/novel06/circles/161323,"아아─, 이것이 『소설』이라는 것이다. Chapter 6",Day2
레비 출판사  (주)아세르 상사,-0-0-,,,,,1sp,문과라도 안 죄송한 이세계로 감,,문송안함 쁘띠존: 다시 만난 9세계,프란 화이트,,,,소설,@flowinglass,https://dongne.co/events/novel06/circles/160461,"아아─, 이것이 『소설』이라는 것이다. Chapter 6",Day2
다시 돌아온 추억,필라우l,,,,,1sp,디지몬,,,테일,,,,기타,@aaa-123,https://dongne.co/events/novel06/circles/160769,"아아─, 이것이 『소설』이라는 것이다. Chapter 6",Day2
뭔가 나오는 부스,이영,,,,,2sp,괴담에 떨어져도 출근을 해야 하는구나,,,,,,,,@ss220201,https://dongne.co/events/novel06/circles/159844,"아아─, 이것이 『소설』이라는 것이다. Chapter 6",Day2
아는 포유류 산책,"오름, 무뇌",,,,,2sp,이세계 착각 헌터,,,"정하성,김기려",정하성X김기려,로맨틱,,"소설,기타",18O11O12,https://dongne.co/events/novel06/circles/161309,"아아─, 이것이 『소설』이라는 것이다. Chapter 6",Day2
종을 초월한 우정,"챱쌀개, 들러리",,,,,2sp,인사반파자구계통,,무간심연 서울지점 ,"낙빙하,심청추",낙빙하X심청추,해당없음,천랑석안,"소설,영상","@ciqTkf, @ddlerri_",https://dongne.co/events/novel06/circles/160407,"아아─, 이것이 『소설』이라는 것이다. Chapter 6",Day2
진언 디도스 공격,제솝,,,,,1sp,문과라도 안 죄송한 이세계로 감,"갓겜하다 갓됨 갓뎀!,크툴루 게임 속 천재 마법사가 되었다",문송안함 쁘띠존: 다시 만난 9세계,,,,,"만화,기타",@jegyeol11,https://dongne.co/events/novel06/circles/161054,"아아─, 이것이 『소설』이라는 것이다. Chapter 6",Day2
현윶 신혼집 화분 속,갬이,,,,,1sp,내가 키운 S급들,,,성현제 한유진,성현제X한유진,로맨틱,,기타,@haljjack22,https://dongne.co/events/novel06/circles/160868,"아아─, 이것이 『소설』이라는 것이다. Chapter 6",Day2
출근 못해도 죽는 병 안걸림,아뵤,,,,,2sp,괴담출근,데못죽,,,김솔음X백사헌,,,"소설,기타",@aaaaaigobyoya,https://dongne.co/events/novel06/circles/159731,"아아─, 이것이 『소설』이라는 것이다. Chapter 6",Day2
진짜 무조건 마감 한다,류소,,,,,1sp,데뷔못하면 죽는 병 걸림,괴담에 떨어져도 출근을 해야 하는구나,,박문대 김솔음,,로맨틱,,일러스트,,https://dongne.co/events/novel06/circles/159945,"아아─, 이것이 『소설』이라는 것이다. Chapter 6",Day2
죽을 때까지 청백 하는 거야,814 우도영,,,,,2sp,화산귀환,,,"청명,백천",청명X백천,,,,@33chocoo,https://dongne.co/events/novel06/circles/160668,"아아─, 이것이 『소설』이라는 것이다. Chapter 6",Day2
아아 이것이 괴담 이라는 것이다.,나격,,,,,4sp,괴담에 떨어져도 출근을 해야 하는구나,"이세계 착각 헌터,전지적 독자 시점",,,,,,"일러스트,만화",@fallin_nagyuk,https://dongne.co/events/novel06/circles/160269,"아아─, 이것이 『소설』이라는 것이다. Chapter 6",Day2
데뷔 못하면 죽는 착각계 헌터라도 출근은 해야하는구나,손,,,,,2sp,이세계 착각 헌터,"데뷔 못하면 죽는 병 걸림,괴담에 떨어져도 출근은 해야 하는구나",,,,,,"만화,소설",@guest_tst,https://dongne.co/events/novel06/circles/160355,"아아─, 이것이 『소설』이라는 것이다. Chapter 6",Day2
진혼 당하지 못한 괴이들과 왹져,율랑,,,,,4sp,진혼기,"반월당의 기묘한 이야기,데뷔 못 하면 죽는 병 걸림,이세계 착각 헌터",,작중. 올캐릭.,,로맨틱,"백란유단, 하성기려","일러스트,만화,소설",@kimzaha_sue,https://dongne.co/events/novel06/circles/161296,"아아─, 이것이 『소설』이라는 것이다. Chapter 6",Day2
데뷔 못하면 출근함,시우,,,,,2sp,"데뷔 못하면 죽는 병 걸림,괴담에 떨어져도 출근을 해야하는구나",,,,,,,,hamtldn,https://dongne.co/events/novel06/circles/160602,"아아─, 이것이 『소설』이라는 것이다. Chapter 6",Day2
장르 여러개 먹음이,쟈가비,,,,,1sp,마법명가 차남으로 살아남는 법,,마차살 쁘띠존 < 쁘띠명가 차원에서 살아남는 법 >,,,,,,,https://dongne.co/events/novel06/circles/159455,"아아─, 이것이 『소설』이라는 것이다. Chapter 6",Day2
돈이 없어도 부스는 일단 잡아둬야하는구나,김머리,,,,,1sp,괴담출근,이착헌,,,,,,,,https://dongne.co/events/novel06/circles/160151,"아아─, 이것이 『소설』이라는 것이다. Chapter 6",Day2
데뷔 못하면 중원에 떨어져요,아니페,,,,,2sp,"데못죽,화산귀환","괴담출근,중장르",,"청명,박문대,김솔음",,"로맨틱,해당없음",,,@anipe_luna,https://dongne.co/events/novel06/circles/160471,"아아─, 이것이 『소설』이라는 것이다. Chapter 6",Day2
역시 인간을 사랑하는 마법사로 살아가는 법,비짜루,,,,,1sp,블랙배저,마법학교 마법사로 살아가는 법,,"이한 워다나즈,오수 고나달테스,힐데베르트,최윤,최아미 등",,,,일러스트,@KUNTH_bizza,https://dongne.co/events/novel06/circles/160141,"아아─, 이것이 『소설』이라는 것이다. Chapter 6",Day2
역시 인간을 사랑해야지,서서,,,,,1sp,블랙배저,어두운 바다의 등불이 되어,,힐데베르트 탈레브,이예현X힐데베르트,로맨틱,"윤힐, 릭힐","소설,기타",@seoseo_hilde,https://dongne.co/events/novel06/circles/161130,"아아─, 이것이 『소설』이라는 것이다. Chapter 6",Day2
역시 판소를 사랑해야지,봄겨울,,,,,1sp,"블랙배저,어바등,섭남파업,마차살","괴담출근,데못죽,백망되,내스급,전독시",,"힐데,박무현,정예서,루카스",신해량X박무현,해당없음,"힐데른, 예서른, 레오루카, 현제유진, 중혁독자",,@harunoprintemps,https://dongne.co/events/novel06/circles/159608,"아아─, 이것이 『소설』이라는 것이다. Chapter 6",Day2
무슨 솔음이 무한리필가게 같은,"장벅, Ho9, 낙9, 구상",,,,,4sp,괴담출근,,,"김솔음,현무1팀",,로맨틱,"Ncp, 나올 수도...","만화,일러스트",,https://dongne.co/events/novel06/circles/159792,"아아─, 이것이 『소설』이라는 것이다. Chapter 6",Day2
아아 이것이 《모에》라는 것이다,밍,,,,,2sp,괴담출근,,,,,,,,,https://dongne.co/events/novel06/circles/160650,"아아─, 이것이 『소설』이라는 것이다. Chapter 6",Day2
가자 금망아지,"쇠수, 치멸, 더덕객",,,,,2sp,괴담에 떨어져도 출근을 해야 하는구나,,,"강이학,김솔음,은하제,호유원",김솔음X강이학,로맨틱,유원하제,"만화,소설","@IronSujeo, @2cha_anchovy, @dududuk_k2",https://dongne.co/events/novel06/circles/160540,"아아─, 이것이 『소설』이라는 것이다. Chapter 6",Day2
봄봄 스튜디오,아사,,,,,1sp,,,,,,,,,,https://dongne.co/events/novel06/circles/160808,"아아─, 이것이 『소설』이라는 것이다. Chapter 6",Day2
정도 커피머신,환,,,,,1sp,너희들은 변호됐다,,,,,"로맨틱,섹슈얼",,소설,,https://dongne.co/events/novel06/circles/159970,"아아─, 이것이 『소설』이라는 것이다. Chapter 6",Day2
나는 당신으로 내 부스를 채우고 싶어요,"딸기케이크, 개나리나개",,,,,1sp,마법명가 차남으로 살아남는 법,,마차살 쁘띠존 < 쁘띠명가 차원에서 살아남는 법 >,루카스 아스카니엔,,,,"일러스트,기타","@strongverycake, @gaenalinag88488",https://dongne.co/events/novel06/circles/161145,"아아─, 이것이 『소설』이라는 것이다. Chapter 6",Day2
옌은 디자인이 싫어,옌,,,,,1sp,김대리는 아이돌이 싫어 (김아싫),"망나니 PD 아이돌로 살아남기,천재 아이돌의 연예계 공략법",,"스파크,더던,오르카",,,,"조형,소설",@syhnyeeen,https://dongne.co/events/novel06/circles/161104,"아아─, 이것이 『소설』이라는 것이다. Chapter 6",Day2
착한 반려인형 구함,"산이풍, 먄쥬, 친칠라",,,,,2sp,"데못죽,괴담출근",,,,,,,,,https://dongne.co/events/novel06/circles/160501,"아아─, 이것이 『소설』이라는 것이다. Chapter 6",Day2
우리 사헌솔음 고정러 정상 영업합니다,171,,,,,2sp,괴담에 떨어져도 출근을 해야 하는구나,,,"백사헌,김솔음",백사헌X김솔음,"로맨틱,섹슈얼",,"소설,만화",ss171iit ,https://dongne.co/events/novel06/circles/160121,"아아─, 이것이 『소설』이라는 것이다. Chapter 6",Day2
의부 프리스트 그리고 무제폐하의 아내,차탕,,,,,2sp,"살파랑,열화요수,프리스트 작",,Priest 쁘띠존 : 주일예배 2,,,,,,@theteatang,https://dongne.co/events/novel06/circles/160928,"아아─, 이것이 『소설』이라는 것이다. Chapter 6",Day2
오염 무한리필 환불불가,"타코, 깣",,,,,2sp,괴담에 떨어져도 출근을 해야 하는구나 (괴담출근),,,괴담출근 등장인물,,,,"일러스트,만화","taco_bang, @jokkachi_",https://dongne.co/events/novel06/circles/160642,"아아─, 이것이 『소설』이라는 것이다. Chapter 6",Day2
저는 문과예요 죄송해요,키우,,,,,2sp,문송안함,마차살,문송안함 쁘띠존: 다시 만난 9세계,클레이오. 아서. 루카스.,,,,"만화,공예,기타,사진,소설",@hwaljaJD,https://dongne.co/events/novel06/circles/160525,"아아─, 이것이 『소설』이라는 것이다. Chapter 6",Day2
선희 공주님의 활오타쿠 콘서트,최체리,,,,,2sp,"의원,다시 살다",,,,,"로맨틱,섹슈얼",진천희X사마현,,@chlcherrysal,https://dongne.co/events/novel06/circles/160790,"아아─, 이것이 『소설』이라는 것이다. Chapter 6",Day2
현생 먹금하고 소설보러 들어와,Wak,,,,,1sp,어두운 바다의 등불이 되어,"문과라도 안 죄송한 이세계로 감,서브남주가 파업하면 생기는 일",,,신해량X박무현,로맨틱,레오레이(문송안함),"만화,일러스트",@wnar_,https://dongne.co/events/novel06/circles/159407,"아아─, 이것이 『소설』이라는 것이다. Chapter 6",Day2
나의 자강두천 아이돌들아,세르크,,,,,2sp,데뷔 못하면 죽는 병 걸림,,,"박문대,청려",박문대X청려,"로맨틱,섹슈얼",,소설,@MDCR_Serk,https://dongne.co/events/novel06/circles/159572,"아아─, 이것이 『소설』이라는 것이다. Chapter 6",Day2
이제 조장님께 키스하세요,"플밈, 바밤",,,,,1sp,괴담출근,,,"김솔음,이자헌",김솔음X이자헌,"해당없음,로맨틱,섹슈얼","솔음자헌, 솔잫","만화,소설","@P1_P2_P3_P4, @Ba_bam66",https://dongne.co/events/novel06/circles/159752,"아아─, 이것이 『소설』이라는 것이다. Chapter 6",Day2
우리 커플링은 차칸고양이에서 맞추자,머랭,,,,,1sp,이착헌,"이내설,공조살,망아살",,"김기려,선우연",김기려X선우연,로맨틱,,만화,murangfn,https://dongne.co/events/novel06/circles/160933,"아아─, 이것이 『소설』이라는 것이다. Chapter 6",Day2
그냥 우량아라고,겹찌르기,,,,,2sp,망아살,이착헌 프고쓰,,서호윤,,"섹슈얼,로맨틱",,"일러스트,소설",@yamasp1nner,https://dongne.co/events/novel06/circles/159727,"아아─, 이것이 『소설』이라는 것이다. Chapter 6",Day2
아들 아빠부스내,칠렘,,,,,1sp,"천마는아이돌이되었다,천마돌",아포칼립스엔 고인물이 필요해요,,,,,,,@3ORGNing_8,https://dongne.co/events/novel06/circles/159529,"아아─, 이것이 『소설』이라는 것이다. Chapter 6",Day2
전원 생존입니다,래인,,,,,1sp,괴담출근,"어바등,데못죽",,,,,,"만화,소설",@LILEIN_,https://dongne.co/events/novel06/circles/161126,"아아─, 이것이 『소설』이라는 것이다. Chapter 6",Day2
활자 남정네들을 좋아함 ,리페ryepe,,,,,2sp,괴담출근,전독시 이착헌 내스급,,유중혁 김독자 김기려 김솔음 성현제,,,,"일러스트,공예,기타",@ryepe49,https://dongne.co/events/novel06/circles/160306,"아아─, 이것이 『소설』이라는 것이다. Chapter 6",Day2
엄마 엄마딸부스내,민초님,,,,,2sp,천마는 아이돌이 되었다,아포칼립스엔 고인물이 필요해요,,,,"섹슈얼,로맨틱",,,hwasan_mint_,https://dongne.co/events/novel06/circles/160496,"아아─, 이것이 『소설』이라는 것이다. Chapter 6",Day2
결국 망망망했잖아 그럼 됐어,콩,,,,,2sp,망나니 PD 아이돌로 살아남기,,호윤이가 손수 만든 쁘띠존입니다앙,서호윤,주우성X서호윤,해당없음,,소설,@dawn0130_kong,https://dongne.co/events/novel06/circles/160398,"아아─, 이것이 『소설』이라는 것이다. Chapter 6",Day2
때론 소꿉친구라면 결혼을 해야할 때가 있다,공자,,,,,2sp,마법명가 차남으로 살아남는 법,,마차살 쁘띠존 < 쁘띠명가 차원에서 살아남는 법 >,레오나르드 비텔스바흐,루카X나르,"섹슈얼,로맨틱","엘리레오, 율울",,gontamja_s2,https://dongne.co/events/novel06/circles/159347,"아아─, 이것이 『소설』이라는 것이다. Chapter 6",Day2
손주 할아버지부스내,칠렘,,,,,2sp,천마는 아이돌이 되었다,아포칼립스엔 고인물이 필요해요,,"위화진,점소의",위화진X점소의,로맨틱,,,@3ORGNing_8,https://dongne.co/events/novel06/circles/159737,"아아─, 이것이 『소설』이라는 것이다. Chapter 6",Day2
아아- 이것이 찐왹이라는 것이다,"팡이, 매화",,,,,1sp,이세계 착각 헌터,"괴담출근,문송안함",김기려 길드 노동조합,"레밍,김기려",,로맨틱,창호기려,"공예,일러스트,만화,소설","@VKddl2, @herbe_novel",https://dongne.co/events/novel06/circles/160102,"아아─, 이것이 『소설』이라는 것이다. Chapter 6",Day2
분노! 우울··· 배신감!!,패트와매트,,,,,1sp,괴담출근,"괴담출근,은혼,데못죽,디지캐럿",,,,,,,@gigigoeg,https://dongne.co/events/novel06/circles/159366,"아아─, 이것이 『소설』이라는 것이다. Chapter 6",Day2
떼잉! 라떼는 이렇게도 회지를 냈어!,화연,,,,,2sp,화산귀환,,,"청명,당보,청진",,로맨틱,,,,https://dongne.co/events/novel06/circles/160916,"아아─, 이것이 『소설』이라는 것이다. Chapter 6",Day2
오잉?,리무무,,,,,1sp,괴담출근,,,최요원,,,,일러스트,@ri_mumu,https://dongne.co/events/novel06/circles/159426,"아아─, 이것이 『소설』이라는 것이다. Chapter 6",Day2
노담? 멋진데ㅋㅋ 이 몸은 괴담이다,괴다,,,,,1sp,괴담출근,,,"김솔음,백사헌",김솔음X백사헌,로맨틱,,만화,@G0EDA,https://dongne.co/events/novel06/circles/160224,"아아─, 이것이 『소설』이라는 것이다. Chapter 6",Day2
₍ᐢ.  .ᐢ₎,ㅇwㅇ,,,,,2sp,망나니 PD 아이돌로 살아남기,,호윤이가 손수 만든 쁘띠존입니다앙,더던은 가족이다,,,,,,https://dongne.co/events/novel06/circles/159980,"아아─, 이것이 『소설』이라는 것이다. Chapter 6",Day2
막차(살)탔어요,루,,,,,1sp,마법명가 차남으로 살아가는 법,,마차살 쁘띠존 < 쁘띠명가 차원에서 살아남는 법 >,파이,,해당없음,,일러스트,@ru_r__u_8,https://dongne.co/events/novel06/circles/160783,"아아─, 이것이 『소설』이라는 것이다. Chapter 6",Day2
화련(화성사련)과 화련(화륜련)과 화련(부스주인),화련,,,,,1sp,"화산귀환,몰락 세가의 시한부 영약,천관사복",진혼기,"천관이 복을 내리시니, 쁘띠존 걱정 하나 없다 2회",,화성X사련,로맨틱,"화륜련, 백천청명",소설,@4PR1C0T_R ,https://dongne.co/events/novel06/circles/159804,"아아─, 이것이 『소설』이라는 것이다. Chapter 6",Day2
공방율,카펠라,,,,,2sp,화산귀환,전독시. 천관사복,,,,,,공예,@ws_tune,https://dongne.co/events/novel06/circles/161057,"아아─, 이것이 『소설』이라는 것이다. Chapter 6",Day2
기름솥,지정,,,,,4sp,인사반파자구계통,,무간심연 서울지점 ,,낙빙하X심청추,로맨틱,빙형X심구,"소설,일러스트",@viola_0331,https://dongne.co/events/novel06/circles/160677,"아아─, 이것이 『소설』이라는 것이다. Chapter 6",Day2
동동주,동주,,,,,1sp,,,,,호유원X김솔음,,,만화,@Don9ju,https://dongne.co/events/novel06/circles/161009,"아아─, 이것이 『소설』이라는 것이다. Chapter 6",Day2
마라탕,보살,,,,,1sp,천관사복,,,"화성,사련",,"로맨틱,섹슈얼",,일러스트,@bo0salking,https://dongne.co/events/novel06/circles/160964,"아아─, 이것이 『소설』이라는 것이다. Chapter 6",Day2
마라탕,매난국죽,,,,,2sp,의다살,적왕사,,진천희,유호X진천희,로맨틱,,"소설,일러스트",@sigunja0104,https://dongne.co/events/novel06/circles/159858,"아아─, 이것이 『소설』이라는 것이다. Chapter 6",Day2
만물상,끗살,,,,,1sp,어두운 바다의 등불이 되어,,,,,로맨틱,,"기타,조형,공예,일러스트",@beepdlue,https://dongne.co/events/novel06/circles/160945,"아아─, 이것이 『소설』이라는 것이다. Chapter 6",Day2
방앗간,떡,,,,,4sp,괴담에 떨어져도 출근을 해야하는구나,내가 키운 S급들,,"김솔음,최요원,성현제,한유진",최요원X김솔음,로맨틱,"솔음른, 현제유진, 유진른",,@lanquedd,https://dongne.co/events/novel06/circles/159857,"아아─, 이것이 『소설』이라는 것이다. Chapter 6",Day2
백반집,루은,,,,,2sp,화산귀환,,,"당보,청명",당보X청명,"섹슈얼,로맨틱",,"일러스트,만화",@rinn_dupple,https://dongne.co/events/novel06/circles/159496,"아아─, 이것이 『소설』이라는 것이다. Chapter 6",Day2
부스슥,삥찌,,,,,1sp,데뷔못하면죽는병걸림,"괴담출근,어바등,천관사복",,,,,,,,https://dongne.co/events/novel06/circles/160089,"아아─, 이것이 『소설』이라는 것이다. Chapter 6",Day2
소록도,소라님,,,,,1sp,,,,,,,,,@sorok_atelier_,https://dongne.co/events/novel06/circles/159562,"아아─, 이것이 『소설』이라는 것이다. Chapter 6",Day2
소소솟,ㅇㅇ,,,,,2sp,괴담에 떨어져도 출근을 해야 하는구나,,,,,,,,,https://dongne.co/events/novel06/circles/160542,"아아─, 이것이 『소설』이라는 것이다. Chapter 6",Day2
솥밥집,잎 ,,,,,1sp,내가 키운 S급들,"괴담출근,데못죽",,,,,,"만화,일러스트",,https://dongne.co/events/novel06/circles/160259,"아아─, 이것이 『소설』이라는 것이다. Chapter 6",Day2
안경점,가나쵸,,,,,2sp,"변호됨,전독시",괴담출근,,,,,,일러스트,@_ghanacho,https://dongne.co/events/novel06/circles/159839,"아아─, 이것이 『소설』이라는 것이다. Chapter 6",Day2
음기존,염,,,,,2sp,괴담에 떨어져도 출근을 해야 하는구나,,,,,,,일러스트,@YUM_606,https://dongne.co/events/novel06/circles/160840,"아아─, 이것이 『소설』이라는 것이다. Chapter 6",Day2
입학덕,마늘,,,,,1sp,괴담에 떨어져도 출근을 해야하는구나,"전지적 독자 시점,데뷔 못하면 죽는 병에 걸림,화산귀환,어두운 바다의 등불이 되어",,김솔음,,,,,@fhyuill0753_S2,https://dongne.co/events/novel06/circles/161314,"아아─, 이것이 『소설』이라는 것이다. Chapter 6",Day2
중국집,망망,,,,,2sp,svsss 인사반파자구계통,,무간심연 서울지점 ,,낙빙하X심청추,"로맨틱,섹슈얼",,,nq3mq,https://dongne.co/events/novel06/circles/159246,"아아─, 이것이 『소설』이라는 것이다. Chapter 6",Day2
채소밭,홍조,,,,,2sp,천관사복,괴담에 떨어져도 출근을 해야 하는구나,"천관이 복을 내리시니, 쁘띠존 걱정 하나 없다 2회",사련,,로맨틱,"자헌솔음, 최솔",일러스트,,https://dongne.co/events/novel06/circles/159656,"아아─, 이것이 『소설』이라는 것이다. Chapter 6",Day2
초가네,호시,,,,,2sp,진혼기 반월당,,,,,,,,@hosing_ @qodjwhbdic,https://dongne.co/events/novel06/circles/159692,"아아─, 이것이 『소설』이라는 것이다. Chapter 6",Day2
크아악,.,,,,,1sp,마차살,마차살 전독시 이착헌,,,,,,일러스트,,https://dongne.co/events/novel06/circles/160029,"아아─, 이것이 『소설』이라는 것이다. Chapter 6",Day2
튀김집,옹뇽,,,,,1sp,잔차품,"열화요수,묵독",Priest 쁘띠존 : 주일예배 2,"루비싱,린징헝",루비싱X린징헝,로맨틱,,"만화,소설,일러스트",@_ongnyong,https://dongne.co/events/novel06/circles/160791,"아아─, 이것이 『소설』이라는 것이다. Chapter 6",Day2
해다름,회귀,,,,,4sp,괴담출근,,,"김솔음,최요원,류재관",,,,"만화,일러스트,공예,기타",,https://dongne.co/events/novel06/circles/161102,"아아─, 이것이 『소설』이라는 것이다. Chapter 6",Day2
흐느적,룽,,,,,2sp,괴담출근,전독시 이착헌,,김솔음 브라운 중혁독자 레밍,김솔음,,,일러스트,,https://dongne.co/events/novel06/circles/159313,"아아─, 이것이 『소설』이라는 것이다. Chapter 6",Day2
괴착등 (괴담출근 이착헌 어바등 이라는 뜻),"daa, 더이상미룰수없으셈",,,,,2sp,"괴담에 떨어져도 출근 해야하는 구나,이세계 착각 헌터",어두운 바다의 등불이 되어,,"김솔음,김기려,선우연,서에스더,정하성,강창호",,,,"일러스트,사진","@daa____ , @jack3days",https://dongne.co/events/novel06/circles/161231,"아아─, 이것이 『소설』이라는 것이다. Chapter 6",Day2
적폐의 탑~본관~,십리,,,,,4sp,"괴담출근,이합화타적백묘사존","전독시,진혼기,명급리,데못죽,상업 1차 BL",,김솔음,황호X조의신,로맨틱,"중혁독자, 자하설영",,@10n_nri,https://dongne.co/events/novel06/circles/159660,"아아─, 이것이 『소설』이라는 것이다. Chapter 6",Day2
적폐의 탑~분관~,시온,,,,,4sp,괴담출근,"변호됨,마차살,전독시,천관사복,이착헌",,김솔음,유중혁X김독자,,,,@SION_428 ,https://dongne.co/events/novel06/circles/159659,"아아─, 이것이 『소설』이라는 것이다. Chapter 6",Day2
마감을 다 해야 안 죄송한 이세계로 감,계,,,,,1sp,문과라도 안 죄송한 이세계로 감,,문송안함 쁘띠존: 다시 만난 9세계,,,,,소설,,https://dongne.co/events/novel06/circles/159401,"아아─, 이것이 『소설』이라는 것이다. Chapter 6",Day2
플뢰르 드 리스 서울지부,우미,,,,,2sp,서브남주가 파업하면 생기는 일,,,"정예서,요한헤인스",요한헤인스X정예서,로맨틱,,"소설,기타",@uno_mi,https://dongne.co/events/novel06/circles/159261,"아아─, 이것이 『소설』이라는 것이다. Chapter 6",Day2
후배님 이 아이소? 성공했는데 부스명을 뭐로 해야하나요? ,냉이,,,,,2sp,데뷔 못하면 죽는 병 걸림,"내가 키운 S급들,전지적 독자 시점,1차 창작",,박문대,,해당없음,"청려건우, 현제유진, 중혁독자",기타,,https://dongne.co/events/novel06/circles/159774,"아아─, 이것이 『소설』이라는 것이다. Chapter 6",Day2
뚱쟁이 월드,오만,,,,,2sp,괴담에 떨어져도 출근을 해야하는구나,"전지적 독자 시점,이세계 착각 헌터",,김솔음,브라운X김솔음,해당없음,"최솔, 샇솔, 하성기려, 중독","일러스트,만화",jie680796,https://dongne.co/events/novel06/circles/161262,"아아─, 이것이 『소설』이라는 것이다. Chapter 6",Day2
무리한 덕질,무리,,,,,2sp,데뷔 못 하면 죽는 병 걸림,내가 키운 S급들,,신재현,신재현X류건우,"로맨틱,섹슈얼",현제유진,소설,@M_u_L_i_Y_a,https://dongne.co/events/novel06/circles/159840,"아아─, 이것이 『소설』이라는 것이다. Chapter 6",Day2
보따리 등장,"BN, 광구",,,,,1sp,괴담출근,마법명가 차남으로 살아남는 법,,,,,,,,https://dongne.co/events/novel06/circles/160340,"아아─, 이것이 『소설』이라는 것이다. Chapter 6",Day2
상냥한 부스,빵,,,,,1sp,상냥돌,김아싫,,고영인,임세빈X고영인,로맨틱,견인우X고영인,소설,dkdEkrwid,https://dongne.co/events/novel06/circles/160669,"아아─, 이것이 『소설』이라는 것이다. Chapter 6",Day2
신유네 부스,신유,,,,,2sp,괴담출근,,,김솔음 호유원 이자헌 최요원 브라운 백사헌 류재관,최요원X김솔음,로맨틱,블솔 잫솔 ,"일러스트,소설,기타",tlsdb17,https://dongne.co/events/novel06/circles/160780,"아아─, 이것이 『소설』이라는 것이다. Chapter 6",Day2
이세계 뜬다,인먀,,,,,1sp,이세계 착각 헌터,어두운 바다의 등불이 되어,,레밍,,,,공예,@4l_inmya,https://dongne.co/events/novel06/circles/161099,"아아─, 이것이 『소설』이라는 것이다. Chapter 6",Day2
진주의 부스,Kol,,,,,1sp,문과라도 안 죄송한 이세계로 감,,문송안함 쁘띠존: 다시 만난 9세계,"클레이오,프란,첼레스테스,칼리오페",,,,"소설,만화",Qookol__,https://dongne.co/events/novel06/circles/159531,"아아─, 이것이 『소설』이라는 것이다. Chapter 6",Day2
집으로 가자,엘,,,,,1sp,블랙배저,"공회주,문송안함,어바등",,,,"로맨틱,섹슈얼,해당없음","멜키레이, 해량무현, 세르시온, 윤예현힐데",소설,,https://dongne.co/events/novel06/circles/159452,"아아─, 이것이 『소설』이라는 것이다. Chapter 6",Day2
천개의 마감,휘옌,,,,,2sp,데못죽,,,박문대,박문대,섹슈얼,,,@hwiyyen,https://dongne.co/events/novel06/circles/159454,"아아─, 이것이 『소설』이라는 것이다. Chapter 6",Day2
천년의 회지,천년필,,,,,2sp,괴담출근,,,"김솔음,브라운,류재관,최요원,백사헌,이자헌",창호X스더,로맨틱,기려연,"소설,공예",@1000thousandpen,https://dongne.co/events/novel06/circles/161242,"아아─, 이것이 『소설』이라는 것이다. Chapter 6",Day2
이세계 데뷔 못 하면 죽는 착각 헌터,서소기,,,,,1sp,데뷔 못 하면 죽는 병 걸림,이세계 착각 헌터,,,차유진X김래빈,,기려연,소설,@S2ooogiii,https://dongne.co/events/novel06/circles/159413,"아아─, 이것이 『소설』이라는 것이다. Chapter 6",Day2
감자로 만든 쿠키,간만의쿠키,,,,,2sp,데뷔 못 하면 죽는 병 걸림,괴담출근,,테스타 브이틱 류건우 큰달 브라운씨,,,,"공예,소설",@coo_TeSTAR_kies,https://dongne.co/events/novel06/circles/160897,"아아─, 이것이 『소설』이라는 것이다. Chapter 6",Day2
전지적 괴담 시점,랴리아,,,,,2sp,괴담에 떨어져도 출근을 해야 하는구나,전지적 독자 시점,,,주단X청려,해당없음,,소설,@lia_lya02,https://dongne.co/events/novel06/circles/159984,"아아─, 이것이 『소설』이라는 것이다. Chapter 6",Day2
정들면 좋은 거죠,사성,,,,,1sp,화산귀환,,,청명,청문X청명,,구화산,,@sasung__4,https://dongne.co/events/novel06/circles/159759,"아아─, 이것이 『소설』이라는 것이다. Chapter 6",Day2
귀왕과 그의 하얀 천사,"롱, 우영",,,,,2sp,천관사복,,"천관이 복을 내리시니, 쁘띠존 걱정 하나 없다 2회","화성사련,지사풍사",화성X사련,로맨틱,지사풍사,"소설,일러스트","rongnya3, uyeong2198 ",https://dongne.co/events/novel06/circles/161264,"아아─, 이것이 『소설』이라는 것이다. Chapter 6",Day2
귀하게 자란 나는 이런 것만 봐야해,"늘봄, 최강국, 와루",,,,,1sp,데뷔 못 하면 죽는 병 걸림,,,박문대,청려X문대,로맨틱,,일러스트,"@epgksalsrnr22, @k_potato_JA, @wwaRU__moon",https://dongne.co/events/novel06/circles/161091,"아아─, 이것이 『소설』이라는 것이다. Chapter 6",Day2
가나안 신의 사자 노동조합,파네트,,,,,2sp,공작님 회개해주세요,"이세계 착각 헌터,이 소설은 내 소설이 아니다",,"세르펜스,유선우",세르펜스X유선우,로맨틱,"기려연, 레이카르",소설,@phanette_duck,https://dongne.co/events/novel06/circles/159509,"아아─, 이것이 『소설』이라는 것이다. Chapter 6",Day2
귀시장 만물 잡상인,MMW,,,,,2sp,천관사복,,"천관이 복을 내리시니, 쁘띠존 걱정 하나 없다 2회",,화성X사련,로맨틱,,만화,@mang_mu_w,https://dongne.co/events/novel06/circles/159340,"아아─, 이것이 『소설』이라는 것이다. Chapter 6",Day2
퇴마록 한번 잡솨봐,뀰,,,,,1sp,퇴마록,,,"이현암,박상준,장준후",,로맨틱,,소설,@pud_ding_lover,https://dongne.co/events/novel06/circles/160950,"아아─, 이것이 『소설』이라는 것이다. Chapter 6",Day2
사실은 나도 퇴사해 본 적이 없어,전국오타쿠노동조합,,,,,2sp,괴담에 떨어져도 출근을 해야 하는구나,,,,,,,,,https://dongne.co/events/novel06/circles/160060,"아아─, 이것이 『소설』이라는 것이다. Chapter 6",Day2
도망친 곳에 꾸금은 없다,"로만, 김큐티, 죽잠",,,,,4sp,이세계 착각 헌터,화산귀환,김기려 길드 노동조합,"김기려,강창호,정하성,레밍,청명,당보",정하성X김기려,로맨틱,이착헌 논CP 위주 / 당보X청명,"일러스트,소설,기타",,https://dongne.co/events/novel06/circles/160587,"아아─, 이것이 『소설』이라는 것이다. Chapter 6",Day2
변방의 작은 파스타 가게,PN,,,,,1sp,마차살,"김아싫,괴출,망아살",,,,,,"소설,기타,만화",ppnnae,https://dongne.co/events/novel06/circles/160926,"아아─, 이것이 『소설』이라는 것이다. Chapter 6",Day2
서클을 열고 진언을 외침,에피,,,,,2sp,문과라도 안 죄송한 이세계로 감,김대리는 아이돌이 싫어,문송안함 쁘띠존: 다시 만난 9세계,,,,,,@dnsea23,https://dongne.co/events/novel06/circles/160857,"아아─, 이것이 『소설』이라는 것이다. Chapter 6",Day2
크툴루 게임 속에서 다시 살아도 출근을 해야하는구나,"멩메(띵콩땅콩), 재이",,,,,2sp,크법사(크툴루 게임 속 천재 마법사가 되었다),"의다살(의원,다시살다),괴담출근(괴담에 떨어져도 출근을 해야하는 구나)",,"김신화,장현덕,김솔음,브라운,진천희",,,,"기타,만화,일러스트",@maengme09251111,https://dongne.co/events/novel06/circles/160062,"아아─, 이것이 『소설』이라는 것이다. Chapter 6",Day2
이세계 착각 흡혈귀 사냥꾼도 출근을 해야하는구나,쿠륨,,,,,2sp,괴담출근,"월야환담,이세계 착각 헌터",,,,,,소설,@Zombiehelp_BB,https://dongne.co/events/novel06/circles/160918,"아아─, 이것이 『소설』이라는 것이다. Chapter 6",Day2
그래서 룬의 아이들에서 룬이 뭐냐고 ,혜령,,,,,2sp,룬의 아이들,,,룬의 아이들 올캐릭터,막시민X조슈아,"로맨틱,섹슈얼",조슈리체,소설,givmegalaxy,https://dongne.co/events/novel06/circles/160772,"아아─, 이것이 『소설』이라는 것이다. Chapter 6",Day2
무림에 행차!,직화순두부,,,,,4sp,데뷔 못하면 죽는병 걸림,화산귀환,,"신청려,박문대,류건우,청명,백천,당보,그 외 기타 등장인물",,로맨틱,백천x청명 청려x문대,일러스트,@soft_tofu0820,https://dongne.co/events/novel06/circles/160720,"아아─, 이것이 『소설』이라는 것이다. Chapter 6",Day2
그렇게 됐다.,솜패,,,,,1sp,마법명가 차남으로 살아남는 법,망나니PD 아이돌로 살아남기,,,,,,일러스트,@somP_NnnoV,https://dongne.co/events/novel06/circles/161078,"아아─, 이것이 『소설』이라는 것이다. Chapter 6",Day2
나에게 닿기를,아현,,,,,1sp,데뷔 못 하면 죽는 병 걸림,,,"데못죽,테스타",,,,,,https://dongne.co/events/novel06/circles/160792,"아아─, 이것이 『소설』이라는 것이다. Chapter 6",Day2
다있소 판소점,아시,,,,,2sp,크툴루 게임 속 천재마법사가 되었다,데못죽 어바등 명급리,,,,,,소설,@Crab_j_asi,https://dongne.co/events/novel06/circles/160051,"아아─, 이것이 『소설』이라는 것이다. Chapter 6",Day2
맛있는 파스타,BN,,,,,4sp,괴담출근,,,,,,,,@_boxxo,https://dongne.co/events/novel06/circles/159379,"아아─, 이것이 『소설』이라는 것이다. Chapter 6",Day2
멋쟁이 토마토,Z(제트),,,,,1sp,괴담에 떨어져도 출근을 해야 하는구나,어두운 바다의 등불이 되어,,,,,,,@Everest_00,https://dongne.co/events/novel06/circles/160257,"아아─, 이것이 『소설』이라는 것이다. Chapter 6",Day2
미니미 아이들,sham,,,,,1sp,괴담에 떨어져도 출근을 해야 하는구나,"전독시,내스급",,,,,,,Jk_sham,https://dongne.co/events/novel06/circles/159443,"아아─, 이것이 『소설』이라는 것이다. Chapter 6",Day2
박군과 동생들,이정도,,,,,2sp,데뷔 못 하면 죽는 병 걸림,,,"박문대,류건우,큰달,주단",박문대X주단,로맨틱,문대큰달,소설,@Ejeongdo,https://dongne.co/events/novel06/circles/159707,"아아─, 이것이 『소설』이라는 것이다. Chapter 6",Day2
보제관 양재점,재규,,,,,2sp,천관사복,"인사반파자구계통,마도조사","천관이 복을 내리시니, 쁘띠존 걱정 하나 없다 2회",,,,,일러스트,,https://dongne.co/events/novel06/circles/160258,"아아─, 이것이 『소설』이라는 것이다. Chapter 6",Day2
봉마산 메아리,마눌고양이,,,,,2sp,이합화타적백묘사존,천추,,묵연 초만녕,묵연X초만녕,"로맨틱,해당없음",,"일러스트,기타",@Giantsquidbig,https://dongne.co/events/novel06/circles/159542,"아아─, 이것이 『소설』이라는 것이다. Chapter 6",Day2
사별은 순애다,스콘,,,,,1sp,화산귀환,,,"장일소,청명",장일소X청명,로맨틱,,소설,@4StarLover,https://dongne.co/events/novel06/circles/159630,"아아─, 이것이 『소설』이라는 것이다. Chapter 6",Day2
세이브 포인트,사서,,,,,1sp,데뷔 못하면 죽는 병 걸림,"진혼기,스티그마타",,"김자하,설영랑,김래빈,차유진",차유진X김래빈,로맨틱,파벨시온,일러스트,NRVN0000,https://dongne.co/events/novel06/circles/159504,"아아─, 이것이 『소설』이라는 것이다. Chapter 6",Day2
수상한 짬뽕집,수식,,,,,1sp,"데못죽,괴담출근,이착헌,망아살,어바등",그외...,,,,"로맨틱,해당없음",,"일러스트,만화",@dod__SS,https://dongne.co/events/novel06/circles/160308,"아아─, 이것이 『소설』이라는 것이다. Chapter 6",Day2
아무튼 그렇다,Roro,,,,,2sp,,,,,,,,,,https://dongne.co/events/novel06/circles/160275,"아아─, 이것이 『소설』이라는 것이다. Chapter 6",Day2
온더락 컴퍼니,미나,,,,,2sp,괴담에 떨어져도 출근을 해야하는구나,,,,,,,"만화,일러스트",@Mnna_pleasure,https://dongne.co/events/novel06/circles/161007,"아아─, 이것이 『소설』이라는 것이다. Chapter 6",Day2
온더락 컴퍼니,온더락,,,,,4sp,괴담출근,,,"J3,곽제강",J3X곽제강,,,,@OntheRock_J3,https://dongne.co/events/novel06/circles/160665,"아아─, 이것이 『소설』이라는 것이다. Chapter 6",Day2
이웃집 동물원,"재강사와 온제, 필",,,,,2sp,괴담출근,문송안함,,"현무1팀,D조,황금의 977기",,,,"일러스트,소설","@lotroot, @on_yourhom3, @Pa1e__B1ue__Dot",https://dongne.co/events/novel06/circles/159877,"아아─, 이것이 『소설』이라는 것이다. Chapter 6",Day2
전하의 만터우,잔유,,,,,1sp,천관사복,,"천관이 복을 내리시니, 쁘띠존 걱정 하나 없다 2회","화성,사련",화성X사련,로맨틱,,"소설,기타",@74NYU,https://dongne.co/events/novel06/circles/160179,"아아─, 이것이 『소설』이라는 것이다. Chapter 6",Day2
짱이를 위하여,향복,,,,,2sp,괴담출근,,,김솔음 브라운 최요원 백사헌,,,,"일러스트,기타",bok_hyang,https://dongne.co/events/novel06/circles/160300,"아아─, 이것이 『소설』이라는 것이다. Chapter 6",Day2
청정봉 캐비넷,"환경미화원, 북극",,,,,2sp,인사반파자구계통,,무간심연 서울지점 ,"낙빙하,심청추",,해당없음,,"소설,만화,기타","@gayumai_, @jjjjjjj_svsss ",https://dongne.co/events/novel06/circles/161133,"아아─, 이것이 『소설』이라는 것이다. Chapter 6",Day2
컨프와 야망가,데밀,,,,,2sp,데뷔 못하면 죽는 병 걸림,,,박문대 이세진,박문대X이세진,"로맨틱,섹슈얼",,소설,@KEUNSE_XGF,https://dongne.co/events/novel06/circles/160270,"아아─, 이것이 『소설』이라는 것이다. Chapter 6",Day2
탈덕은 없더라,롱귤,,,,,2sp,서브 남주가 파업하면 생기는 일,,,,세드리크 리에스테르X정예서,로맨틱,,만화,,https://dongne.co/events/novel06/circles/159258,"아아─, 이것이 『소설』이라는 것이다. Chapter 6",Day2
토크쇼 대기실,단,,,,,2sp,괴담출근,,,브라운,,,,,,https://dongne.co/events/novel06/circles/159491,"아아─, 이것이 『소설』이라는 것이다. Chapter 6",Day2
마차살 쁘띠존 < 쁘띠명가 차원에서 살아남는 법 > 주최부스,마차살 쁘띠존 < 쁘띠명가 차원에서 살아남는 법 >,,,,,2sp,마법명가 차남으로 살아남는 법 (마차살),,마차살 쁘띠존 < 쁘띠명가 차원에서 살아남는 법 >,,,,,,@Machasal_isgood,https://dongne.co/events/novel06/circles/159926,"아아─, 이것이 『소설』이라는 것이다. Chapter 6",Day2
텅장이 되어라 얍,수쿠,,,,,1sp,던그화,"이착헌,괴담출근,의다살,크법사,공조살 등",,,,,,일러스트,@sukusukusk,https://dongne.co/events/novel06/circles/161052,"아아─, 이것이 『소설』이라는 것이다. Chapter 6",Day2
이르게 피어난 매화,깜냥,,,,,1sp,화산귀환,,,,,,,소설,@Knyang_718,https://dongne.co/events/novel06/circles/160404,"아아─, 이것이 『소설』이라는 것이다. Chapter 6",Day2
우리네 가슴엔 꿈도 많다,이지,,,,,2sp,어두운 바다의 등불이 되어,화산귀환,,"박무현,백애영,서지혁,이지현",,로맨틱,무현애영,만화,,https://dongne.co/events/novel06/circles/160289,"아아─, 이것이 『소설』이라는 것이다. Chapter 6",Day2
상태창 이상한 녀석들,현서,,,,,1sp,마법명가 차남으로 살아남는 법,"내스급,이착헌,어바등,괴출",마차살 쁘띠존 < 쁘띠명가 차원에서 살아남는 법 >,전부,성현제X한유진,로맨틱,,일러스트,@BHsim000,https://dongne.co/events/novel06/circles/160021,"아아─, 이것이 『소설』이라는 것이다. Chapter 6",Day2
이상한 나라의 잡화점,빵,,,,,2sp,,,,,,,,공예,@_HHH_0110,https://dongne.co/events/novel06/circles/160505,"아아─, 이것이 『소설』이라는 것이다. Chapter 6",Day2
심장에 별안간 작두가 꽂힌 사람,매콤,,,,,2sp,괴담에 떨어져도 출근을 해야 하는구나,,,"최 요원,김솔음",최 요원X김솔음,"로맨틱,섹슈얼",,소설,@SP1CY_FL4V0R,https://dongne.co/events/novel06/circles/160023,"아아─, 이것이 『소설』이라는 것이다. Chapter 6",Day2
덕질에 빠져도 마감을 해야 하는구나,괴담출근,,,,,2sp,괴담출근,데못죽,,,,,,,@LUKAPANG__45,https://dongne.co/events/novel06/circles/159431,"아아─, 이것이 『소설』이라는 것이다. Chapter 6",Day2
자리에 없으면 재종간 거ㅇㅇ,오항,,,,,1sp,,,,,,,,,@liililiiliiiill,https://dongne.co/events/novel06/circles/160551,"아아─, 이것이 『소설』이라는 것이다. Chapter 6",Day2
어두운 바다의 이세계 외계인도 괴담에 떨어지면 출근을 해야하는걸까?,모노,,,,,1sp,괴담에 떨어져도 출근을 해야 하는구나,어두운 바다의 등불이 되어,,"김기려,레밍,선우연",,,,"일러스트,공예",@cup_of_salty,https://dongne.co/events/novel06/circles/160241,"아아─, 이것이 『소설』이라는 것이다. Chapter 6",Day2
김재희 모에화 대주주 박무현과 함께하는 ,용사,,,,,2sp,어두운 바다의 등불이 되어,,,"김재희,박무현",김재희X박무현,"로맨틱,섹슈얼",,소설,@4_qd4k,https://dongne.co/events/novel06/circles/160949,"아아─, 이것이 『소설』이라는 것이다. Chapter 6",Day2
변경백 서자는 명문고 괴담이었다,멍댕,,,,,1sp,변경백 서자는 황제였다/괴담에 떨어져도 출근을 해야하는구나,명문고 EX급 조연의 리플레이,,,,,,,@moogdang_9,https://dongne.co/events/novel06/circles/160572,"아아─, 이것이 『소설』이라는 것이다. Chapter 6",Day2
데뷔를 못하면 괴담에 떨어지는구나,이삼,,,,,1sp,괴담에 떨어져도 출근을 해야 하는구나,데뷔 못 하면 죽는 병 걸림,,"신재현,박문대,이자헌,김솔음 등",신재현X박문대,로맨틱,"이자헌X김솔음, 최요원X김솔음","소설,만화",nya__nyam,https://dongne.co/events/novel06/circles/160317,"아아─, 이것이 『소설』이라는 것이다. Chapter 6",Day2
부스를 내려면 출근을 해야하는구나,뿌앵,,,,,2sp,괴담에 떨어져도 출근을 해야하는구나,,,"J3,곽제강,■■■",곽제강XJ3,해당없음,,"만화,기타",@ppuaeng15_mk2,https://dongne.co/events/novel06/circles/161124,"아아─, 이것이 『소설』이라는 것이다. Chapter 6",Day2
행사가 열려도 야근을 해야하는구나,김치만두,,,,,1sp,어두운 바다의 등불이 되어,"데못죽,괴담출근,마차살",,박무현,,,,소설,@1wantg0h0me,https://dongne.co/events/novel06/circles/160659,"아아─, 이것이 『소설』이라는 것이다. Chapter 6",Day2
조살러 최후의 끌어치기,뱅골,,,,,2sp,공조살,변서황 회멱데 포삼괴 진혼기 문송안함 의다살,,유예성,,,,,뱅골,https://dongne.co/events/novel06/circles/160917,"아아─, 이것이 『소설』이라는 것이다. Chapter 6",Day2
명급리 풀네임 맞춰보실 분,도서,,,,,2sp,명문고 EX급 조연의 리플레이,,,,,,,만화,@doseo_2ch,https://dongne.co/events/novel06/circles/160805,"아아─, 이것이 『소설』이라는 것이다. Chapter 6",Day2
바다에 빠져서 가라앉는 중,,,,,,1sp,어두운 바다의 등불이 되어,가비지타임,,,신해량X박무현,로맨틱,,소설,,https://dongne.co/events/novel06/circles/160807,"아아─, 이것이 『소설』이라는 것이다. Chapter 6",Day2
망무만 있다면 궁전으로 갈 수도 있어,홍,,,,,1sp,마도조사,시광대리인,,"남망기,위무선",남망기X위무선,"로맨틱,섹슈얼",,소설,cadmium_red_,https://dongne.co/events/novel06/circles/159722,"아아─, 이것이 『소설』이라는 것이다. Chapter 6",Day2
우리를 지상에 머무르게 하는 사랑(물리),루트,,,,,4sp,마법명가 차남으로 살아남는 법,,마차살 쁘띠존 < 쁘띠명가 차원에서 살아남는 법 >,루카스 아스카니엔,루카스 아스카니엔X레오나르드 비텔스바흐,로맨틱,엘리아스 호엔촐레른X레오나르드 비텔스바흐,"소설,일러스트",Vtica_ous,https://dongne.co/events/novel06/circles/160451,"아아─, 이것이 『소설』이라는 것이다. Chapter 6",Day2
최서방 김서방 합방일은 언제 잡을테야?,ㄹㅇ,,,,,1sp,괴담에 떨어져도 출근을 해야 하는구나,,최솔 쁘띠존 『사계 :: 사시가경(四時佳景)』,"최 요원,김솔음",최 요원X김솔음,"로맨틱,섹슈얼",,소설,,https://dongne.co/events/novel06/circles/159416,"아아─, 이것이 『소설』이라는 것이다. Chapter 6",Day2
어두운 바다에 떨어져도 출근을 해야 하는구나,믊,,,,,1sp,괴담출근,어두운 바다의 등불이 되어,,,,,,,,https://dongne.co/events/novel06/circles/160014,"아아─, 이것이 『소설』이라는 것이다. Chapter 6",Day2
이세계 괴담에 떨어져도 데뷔못하면 죽는병 걸린 착각 헌터도 출근을 해야하는 구나,"서핑,판사",,,,,2sp,괴담출근,"이착헌,데못죽",,,,,,,,https://dongne.co/events/novel06/circles/159893,"아아─, 이것이 『소설』이라는 것이다. Chapter 6",Day2
마차살 쁘띠존 주최부스-이벤트-,마차살 쁘띠존,,,,,1sp,마법명가 차남으로 살아남는 법,,마차살 쁘띠존 < 쁘띠명가 차원에서 살아남는 법 >,루카스 아스카니엔,,,,일러스트,Machasal_isgood,https://dongne.co/events/novel06/circles/160379,"아아─, 이것이 『소설』이라는 것이다. Chapter 6",Day2
전지적 이세계 나부랭이(나),강예성,,,,,2sp,이세계 착각 헌터,전지적 독자 시점,김기려 길드 노동조합,,,,,"일러스트,만화,기타",@L_S_A_0521,https://dongne.co/events/novel06/circles/159830,"아아─, 이것이 『소설』이라는 것이다. Chapter 6",Day2
마감을 하리라 약속하였다,"연, 키림 ",,,,,2sp,"프롤스토,아월스,명급리","마차살,백망되",,,,,,"소설,일러스트","@con_net_cl, @larkey_pr_214",https://dongne.co/events/novel06/circles/160969,"아아─, 이것이 『소설』이라는 것이다. Chapter 6",Day2
여봐라 문앟을 낋여오너라,낑깡까미,,,,,1sp,데뷔 못 하면 죽는 병 걸림,,,"류건우,박문대,선아현",박문대X선아현,"섹슈얼,로맨틱",건앟,만화,@kingkami1,https://dongne.co/events/novel06/circles/159968,"아아─, 이것이 『소설』이라는 것이다. Chapter 6",Day2
마카롱 장인과 김치찌개장인 공동팝업,"솔설, 회록",,,,,2sp,괴담에 떨어져도 출근을 해야 하는구나,전지적 독자시점,,"최요원,류재관,김솔음,브라운",류재관X최요원,"섹슈얼,로맨틱",블솔,"만화,소설,일러스트",@pinesntg,https://dongne.co/events/novel06/circles/159702,"아아─, 이것이 『소설』이라는 것이다. Chapter 6",Day2
오리가 하나둘!,"하나이, 모짜오리",,,,,2sp,괴담에 떨어져도 출근을 해야 하는구나,데뷔 못 하면 죽는 병 걸림,,,,,,,@_00365,https://dongne.co/events/novel06/circles/159360,"아아─, 이것이 『소설』이라는 것이다. Chapter 6",Day2
괴담이 있었슨. 무서웠슨,나히,,,,,1sp,괴담에 떨어져도 출근을 해야 하는구나,,,최요원,,,,"만화,일러스트",,https://dongne.co/events/novel06/circles/159283,"아아─, 이것이 『소설』이라는 것이다. Chapter 6",Day2
달콤한 일러스트,iamyunji,,,,,2sp,모모찌,연세가 많으신 어머니께서 짐을 옮깁니다. 출입구와 가까운곳에 배정 부탁드립니다,,,,,,일러스트,iamyunji,https://dongne.co/events/novel06/circles/159745,"아아─, 이것이 『소설』이라는 것이다. Chapter 6",Day2
도토리 굴러가요,냐,,,,,1sp,괴담출근,,,,,,,,,https://dongne.co/events/novel06/circles/160331,"아아─, 이것이 『소설』이라는 것이다. Chapter 6",Day2
부스를 내고싶다,ㅡ,,,,,1sp,괴담에 떨어져도 출근을 해야 하는구나,문과라도 안 죄송한 이세계로 감,,,,,,,,https://dongne.co/events/novel06/circles/160664,"아아─, 이것이 『소설』이라는 것이다. Chapter 6",Day2
쌍존의 온탕냉탕,니트륨,,,,,2sp,화산귀환,,,"당보,청명",당보X청명,"로맨틱,섹슈얼",,소설,@NitRium00,https://dongne.co/events/novel06/circles/161046,"아아─, 이것이 『소설』이라는 것이다. Chapter 6",Day2
오로지 최솔만이,"밤볕, 나다",,,,,2sp,괴담에 떨어져도 출근을 해야하는구나,,최솔 쁘띠존 『사계 :: 사시가경(四時佳景)』,최요원,최요원X김솔음,"로맨틱,섹슈얼",,소설,,https://dongne.co/events/novel06/circles/159600,"아아─, 이것이 『소설』이라는 것이다. Chapter 6",Day2
자연산 덕수포차,달야,,,,,2sp,괴담에 떨어져도 출근을 해야 하는구나,"데뷔 못하면 죽는 병 걸림,마법명가 차남으로 살아남는 법",,ALL,,,,일러스트,@Dalya_png,https://dongne.co/events/novel06/circles/160295,"아아─, 이것이 『소설』이라는 것이다. Chapter 6",Day2
최전방 경계부대,"미상, 델",,,,,2sp,괴담에 떨어져도 출근을 해야 하는구나,,최솔 쁘띠존 『사계 :: 사시가경(四時佳景)』,"최요원,김솔음",,로맨틱,"솔음른, ncp","소설,일러스트,만화","@Unknown_A_815, @dell_fPf",https://dongne.co/events/novel06/circles/161368,"아아─, 이것이 『소설』이라는 것이다. Chapter 6",Day2
취향이 아수라장,soroo,,,,,1sp,괴담출근,,,김솔음,,,,,@honolu536,https://dongne.co/events/novel06/circles/159444,"아아─, 이것이 『소설』이라는 것이다. Chapter 6",Day2
포도의 자설농장,포도,,,,,1sp,진혼기,,,"자하,설영",자하X설영,로맨틱,,일러스트,@_greatpodo,https://dongne.co/events/novel06/circles/160636,"아아─, 이것이 『소설』이라는 것이다. Chapter 6",Day2
그렇게 됐습니다 ,독구,,,,,1sp,데뷔 못하면 죽는 병 걸림,,,박문대,류청우X박문대,로맨틱,문대른,기타,,https://dongne.co/events/novel06/circles/160399,"아아─, 이것이 『소설』이라는 것이다. Chapter 6",Day2
영원히 최솔하는 부스,채,,,,,1sp,괴담출근,,최솔 쁘띠존 『사계 :: 사시가경(四時佳景)』,"최 요원,김솔음",최 요원X김솔음,로맨틱,,,@t_h_e_chae,https://dongne.co/events/novel06/circles/160853,"아아─, 이것이 『소설』이라는 것이다. Chapter 6",Day2
수선화 정원에서 세잎 클로버 찾기 ,피달이,,,,,4sp,마법 명가 차남으로 살아남는 법,"망아살,이착헌",마차살 쁘띠존 < 쁘띠명가 차원에서 살아남는 법 >,루카스 르네 아스카니엔,루카스X나르케,섹슈얼,"루카레오,루카엘리, 뮬러메클,루카이안","만화,일러스트,소설,공예,사진",,https://dongne.co/events/novel06/circles/159554,"아아─, 이것이 『소설』이라는 것이다. Chapter 6",Day2
괴담에 떨어져도 부스를 해야 하는구나,제롱,,,,,1sp,괴담에 떨어져도 출근을 해야 하는구나,,,,,,,,,https://dongne.co/events/novel06/circles/160866,"아아─, 이것이 『소설』이라는 것이다. Chapter 6",Day2
괴담에 떨어져도 회지를 내야 하는구나,오이리,,,,,1sp,괴출,,,현무1팀,,"로맨틱,섹슈얼",,"소설,일러스트",@orv_0803,https://dongne.co/events/novel06/circles/159495,"아아─, 이것이 『소설』이라는 것이다. Chapter 6",Day2
마감이 다가와도 연성은 해야 하는구나,거베라,,,,,2sp,명문고 EX급 조연의 리플레이 (명급리),"반월당의 기묘한 이야기,괴담출근",,,,,,일러스트,@G_rbera_,https://dongne.co/events/novel06/circles/160276,"아아─, 이것이 『소설』이라는 것이다. Chapter 6",Day2
심해에 떨어져도 변호를 해야 하는구나,"집가, 솔잎, 몰랭",,,,,2sp,괴담출근,"변호됨,어바등",,,,,,일러스트,@goohome @sianouo @mollrangee,https://dongne.co/events/novel06/circles/160813,"아아─, 이것이 『소설』이라는 것이다. Chapter 6",Day2
이세계 변호사도 출근을 해야 하는구나,"자콤, 쩰",,,,,2sp,"변호됨,괴출","이착헌,초심돌",,,강민재X차주한,"로맨틱,섹슈얼","솔샇, 하성기려",소설,@uu_ws2jj,https://dongne.co/events/novel06/circles/160126,"아아─, 이것이 『소설』이라는 것이다. Chapter 6",Day2
출근은 하더라도 덕질을 해야 하는구나,하인,,,,,2sp,괴담에 떨어져도 출근을 해야 하는구나,,,"현장탐사 D조,현무1팀 및 올캐러",류재관X최 요원,,,"만화,일러스트",hahinnom,https://dongne.co/events/novel06/circles/159424,"아아─, 이것이 『소설』이라는 것이다. Chapter 6",Day2
행사에 떨어져도 마감을 해야 하는구나,도치,,,,,1sp,괴담에 떨어져도 출근을 해야 하는구나,이세계 착각 헌터,,최 요원,,,,"만화,일러스트",@doch11111,https://dongne.co/events/novel06/circles/161244,"아아─, 이것이 『소설』이라는 것이다. Chapter 6",Day2
살면서 동정심이 많다는 소리 들어보신 적 있으신가요?,강현,,,,,1sp,이세계 착각 헌터,,,레밍,강창호X김기려,로맨틱,,소설,@_blue_milky_way ,https://dongne.co/events/novel06/circles/159931,"아아─, 이것이 『소설』이라는 것이다. Chapter 6",Day2
우리는 의미있는 솔최를 할거야,지예,,,,,1sp,괴담에 떨어져도 출근을 해야 하는구나,,솔최 쁘띠존 <GET+LUCKY>,"김솔음,최 요원",김솔음X최 요원,"로맨틱,해당없음",현무 1팀,"기타,소설",@bornjiye,https://dongne.co/events/novel06/circles/159696,"아아─, 이것이 『소설』이라는 것이다. Chapter 6",Day2
괴담에 떨어져도 어두운 바다의 왕은 웃었다,"수련, 지야",,,,,2sp,"괴담에 떨어져도 출근을 해야 하는구나,괴담출근,괴출","왕은 웃었다,왕웃",,,요원X솔음,로맨틱,"요원솔음, 최솔",소설,"@suryeon_log, @JiyaKang0408",https://dongne.co/events/novel06/circles/160924,"아아─, 이것이 『소설』이라는 것이다. Chapter 6",Day2
마감이 임박해도 행사는 나와야 하는구나,단히,,,,,2sp,괴담출근,화산귀환,,솔음,,,,,Danhi_15,https://dongne.co/events/novel06/circles/160040,"아아─, 이것이 『소설』이라는 것이다. Chapter 6",Day2
못죽에 떨어져도 출근을 해야하는 걸까,렌,,,,,1sp,데뷔 못하면 죽는 병 걸림,괴담에 떨어져도 출근을 해야하는 구나,,,,,,,@sha,https://dongne.co/events/novel06/circles/159897,"아아─, 이것이 『소설』이라는 것이다. Chapter 6",Day2
괴담에 떨어져도 화산에 오르는구나,레블,,,,,2sp,"화산귀환,괴담출근",,,"당보,청명,김솔음,브라운,최요원,J3",,로맨틱,"브라운X김솔음, 최요원X김솔음","일러스트,만화",@RB_KJ12,https://dongne.co/events/novel06/circles/160657,"아아─, 이것이 『소설』이라는 것이다. Chapter 6",Day2
절대로 오렌지의 꽃말을 검색하지마,Jeem,,,,,2sp,어두운 바다의 등불이 되어,,,"박무현,김재희",박무현X김재희,"로맨틱,섹슈얼",,"만화,소설",@givememhjh,https://dongne.co/events/novel06/circles/160996,"아아─, 이것이 『소설』이라는 것이다. Chapter 6",Day2
어두운 괴담에서 남편을 데뷔시키는 법,"다군, 아얀",,,,,2sp,괴담출근,"데못죽,어바등,남편내편",,최요원,최요원X김솔음,,,"만화,일러스트","@pandasogul, @nyabbi__  ",https://dongne.co/events/novel06/circles/159389,"아아─, 이것이 『소설』이라는 것이다. Chapter 6",Day2
동갑즈 어디까지 가봤니?,동갑즈 달력패키지 2 주최,,,,,2sp,데뷔 못하면 죽는 병 걸림,,,"선아현,이세진,박문대",,,,,,https://dongne.co/events/novel06/circles/159681,"아아─, 이것이 『소설』이라는 것이다. Chapter 6",Day2
좁은문 좁아봤자 파이한텐 넓은문이죠?,저연,,,,,1sp,마법명가 차남으로 살아남는 법,,마차살 쁘띠존 < 쁘띠명가 차원에서 살아남는 법 >,,,,,기타,@wjdusrhd,https://dongne.co/events/novel06/circles/160213,"아아─, 이것이 『소설』이라는 것이다. Chapter 6",Day2
괴담에 떨어져도 아이돌을 해야하는구나.,우우,,,,,4sp,괴담출근,데뷔 못 하면 죽는 병 걸림,,최요원,최요원X김솔음,로맨틱,큰문,,@uu0310522,https://dongne.co/events/novel06/circles/159652,"아아─, 이것이 『소설』이라는 것이다. Chapter 6",Day2
괴담에 출근하는 회사원도 변호해주시나요?,틈블러,,,,,1sp,괴담에 떨어져도 출근을 해야 하는구나,너희들은 변호됐다,,김솔음,,해당없음,강민재 차주한,일러스트,@Tmmmm01,https://dongne.co/events/novel06/circles/161363,"아아─, 이것이 『소설』이라는 것이다. Chapter 6",Day2
전하는 대가리를 사랑했네.,잠탱이,,,,,4sp,,,,,,,,,,https://dongne.co/events/novel06/circles/160614,"아아─, 이것이 『소설』이라는 것이다. Chapter 6",Day2
미슐랭 오리스타 부대찌개집,다,,,,,2sp,데뷔못하면죽는병걸림,,,"청려,문대",청려X문대,해당없음,,일러스트,@All_Danim,https://dongne.co/events/novel06/circles/160751,"아아─, 이것이 『소설』이라는 것이다. Chapter 6",Day2
나중에 수정해야지,터벅터벅,,,,,2sp,괴담에 떨어져도 출근을 해야 하는구나 (괴담출근),,솔최 쁘띠존 <GET+LUCKY>,최요원,김솔음X최요원,"섹슈얼,로맨틱","솔최, 현무1팀",소설,mchintlqkf,https://dongne.co/events/novel06/circles/160080,"아아─, 이것이 『소설』이라는 것이다. Chapter 6",Day2
화음현 도떼기시장,미미광어,,,,,4sp,화산귀환,,,,,,,"일러스트,만화,소설,공예",,https://dongne.co/events/novel06/circles/160063,"아아─, 이것이 『소설』이라는 것이다. Chapter 6",Day2
그곳도 지옥이구려 ,아도,,,,,1sp,화산귀환,,,"당보,청명",,"로맨틱,섹슈얼",,"만화,일러스트",@duck_ado,https://dongne.co/events/novel06/circles/159632,"아아─, 이것이 『소설』이라는 것이다. Chapter 6",Day2
하여간 플레로마로 살기 힘들다,"망나, 지성체",,,,,2sp,마법명가 차남으로 살아남는 법,,마차살 쁘띠존 < 쁘띠명가 차원에서 살아남는 법 >,"레오나르드,루카스,메클렌부르크,아드리안",,,,일러스트,"@dmasal0, @amangchu171725",https://dongne.co/events/novel06/circles/161086,"아아─, 이것이 『소설』이라는 것이다. Chapter 6",Day2
귀시장 재개발구역 노점상,왕빵,,,,,2sp,천관사복,,"천관이 복을 내리시니, 쁘띠존 걱정 하나 없다 2회",화성사련,,로맨틱,,일러스트,2nd_sindo,https://dongne.co/events/novel06/circles/159909,"아아─, 이것이 『소설』이라는 것이다. Chapter 6",Day2
초자연 재난관리국 기록실,작친,,,,,2sp,괴담출근,전지적 독자 시점,,,최 요원X김솔음,해당없음,중독,,,https://dongne.co/events/novel06/circles/159474,"아아─, 이것이 『소설』이라는 것이다. Chapter 6",Day2
차남이 장가가는데 장남이 장가 안 가서 보내기로 했습니다,나비,,,,,2sp,길라잡이의 등불,"왕은 웃었다,반월당의 기묘한 이야기",,"아기에,라야,산유,산새,긴작,산하",,로맨틱,,"만화,일러스트",@NABILOVESSH,https://dongne.co/events/novel06/circles/159907,"아아─, 이것이 『소설』이라는 것이다. Chapter 6",Day2
결제는 물물교환만 가능합니다.,다해빗,,,,,1sp,괴담출근,,,김솔음,,,,"만화,일러스트",@da_haebit,https://dongne.co/events/novel06/circles/160445,"아아─, 이것이 『소설』이라는 것이다. Chapter 6",Day2
결제는 물물교환만 가능합니다.,"다해빗, NEO",,,,,1sp,괴담출근,,,김솔음,,,,"만화,일러스트",,https://dongne.co/events/novel06/circles/160480,"아아─, 이것이 『소설』이라는 것이다. Chapter 6",Day2
갈테야 데한민국으로,POPO,,,,,1sp,괴담에 떨어져도 출근을 해야 하는구나,데뷔 못 하면 죽는 병 걸림,,"브라운,김솔음,박문대,청려",,,,일러스트,@popo_6996,https://dongne.co/events/novel06/circles/160576,"아아─, 이것이 『소설』이라는 것이다. Chapter 6",Day2
댕댕이 행복추구협회,알레사,,,,,1sp,괴담에 떨어져도 출근을 해야 하는구나,,최솔 쁘띠존 『사계 :: 사시가경(四時佳景)』,"김솔음,최 요원",최 요원X김솔음,로맨틱,"최솔, 요원솔음",소설,,https://dongne.co/events/novel06/circles/159812,"아아─, 이것이 『소설』이라는 것이다. Chapter 6",Day2
솔음아 퇴사하지말자,"청포묵, 형",,,,,2sp,괴담에 떨어져도 출근을 해야하는구나,,,김솔음 J3,,,,소설,,https://dongne.co/events/novel06/circles/160444,"아아─, 이것이 『소설』이라는 것이다. Chapter 6",Day2
룬데인 왕립수도방위대 부설학교 입학처,광광,,,,,1sp,문과라도 안 죄송한 이세계로 감,,문송안함 쁘띠존: 다시 만난 9세계,,아서X레이,"로맨틱,해당없음",,기타,@oielkrof,https://dongne.co/events/novel06/circles/160236,"아아─, 이것이 『소설』이라는 것이다. Chapter 6",Day2
"쿵쿵쿵, 사존 저 제자인데요",적만,,,,,1sp,인사반파자구계통,이합화타적백묘사존,무간심연 서울지점 ,낙빙하,낙빙하X심청추,로맨틱,연만,일러스트,@juckmaan,https://dongne.co/events/novel06/circles/159672,"아아─, 이것이 『소설』이라는 것이다. Chapter 6",Day2
"아아—, 이것이 《감튀》라는 것이다.",퓨랑,,,,,4sp,적왕사,괴담출근,,,,,,"소설,만화,일러스트",@pyurang_md,https://dongne.co/events/novel06/circles/160135,"아아─, 이것이 『소설』이라는 것이다. Chapter 6",Day2
한국사: 한반도의 역사,각개,,,,,1sp,괴담출근,진혼기,,김자하 김설영 김서준,자하X설영,해당없음,,일러스트,sudam453734,https://dongne.co/events/novel06/circles/160638,"아아─, 이것이 『소설』이라는 것이다. Chapter 6",Day2
한국사: 한반도의 역사,미림,,,,,1sp,괴담출근,진혼기,,김솔음 이자헌 J3 김자하 김설영,,,,일러스트,@basa23411996,https://dongne.co/events/novel06/circles/160369,"아아─, 이것이 『소설』이라는 것이다. Chapter 6",Day2
우스워. 우린 이미 마감했어.,"서린, 페퍼, 가리",,,,,2sp,백작가의 망나니가 되었다,,백망되 쁘띠존 <케일님80년근속추진위원회>,,,,,"일러스트,소설","@Seorin_fanso, @_sa8_sa8, @GARY0U0",https://dongne.co/events/novel06/circles/160052,"아아─, 이것이 『소설』이라는 것이다. Chapter 6",Day2
선생님. 자요?,도록,,,,,2sp,어두운 바다의 등불이 되어,,,박무현 서지혁,박무현X서지혁,"로맨틱,섹슈얼",서지혁 이지현,"소설,만화",@abyssalsweetz,https://dongne.co/events/novel06/circles/161198,"아아─, 이것이 『소설』이라는 것이다. Chapter 6",Day2
ㅍㅍㅅㅅ,킴,,,,,1sp,마도조사,"천관사복,인사반파자구계통",,,남망기X위무선,,지풍,,kyimitsui,https://dongne.co/events/novel06/circles/160759,"아아─, 이것이 『소설』이라는 것이다. Chapter 6",Day2
가보자고,-,,,,,2sp,괴담에 떨어져도 출근을 해야하는구나,,,,,,,,,https://dongne.co/events/novel06/circles/159674,"아아─, 이것이 『소설』이라는 것이다. Chapter 6",Day2
게롱잔치,"?, 공기",,,,,2sp,괴담출근,,,"이자헌,은하제,박민성,김솔음",,,,일러스트,"@mulumpyoye, @airriceband",https://dongne.co/events/novel06/circles/160961,"아아─, 이것이 『소설』이라는 것이다. Chapter 6",Day2
겨울방학,지구폭발,,,,,2sp,전지적 독자 시점,블랙배저,,,유중혁X김독자,"로맨틱,섹슈얼",잭힐데,,,https://dongne.co/events/novel06/circles/159385,"아아─, 이것이 『소설』이라는 것이다. Chapter 6",Day2
겨울포도,거봉,,,,,2sp,괴담에 떨어져도 출근을 해야 하는구나,,,"김솔음,이자헌,브라운,백사헌,최요원",최요원X김솔음,,,일러스트,@anyway_brave,https://dongne.co/events/novel06/circles/160181,"아아─, 이것이 『소설』이라는 것이다. Chapter 6",Day2
계화호떡,설우,,,,,1sp,살파랑,,Priest 쁘띠존 : 주일예배 2,,,,,일러스트,@UPONIA_,https://dongne.co/events/novel06/circles/160092,"아아─, 이것이 『소설』이라는 것이다. Chapter 6",Day2
괴담나쏭,나나,,,,,4sp,괴담출근,,,,,,,,@banana172172,https://dongne.co/events/novel06/circles/159337,"아아─, 이것이 『소설』이라는 것이다. Chapter 6",Day2
괴담등교,얄랄루,,,,,1sp,괴담출근,,,,,,,,,https://dongne.co/events/novel06/circles/159266,"아아─, 이것이 『소설』이라는 것이다. Chapter 6",Day2
괴담출근,유설,,,,,1sp,괴담에 떨어져도 출근을 해야하는구나,,,,김솔음X백사헌,"로맨틱,섹슈얼",,"만화,일러스트",usal__0913,https://dongne.co/events/novel06/circles/160765,"아아─, 이것이 『소설』이라는 것이다. Chapter 6",Day2
괴담퇴근,YIRYU,,,,,2sp,괴담에 떨어져도 출근을 해야 하는구나,,,김솔음,,,,"만화,소설,일러스트",@yi_ryu,https://dongne.co/events/novel06/circles/159499,"아아─, 이것이 『소설』이라는 것이다. Chapter 6",Day2
그만두게,90002,,,,,2sp,괴담출근,,,현무1팀,,,,"만화,일러스트",@90002_ge,https://dongne.co/events/novel06/circles/159463,"아아─, 이것이 『소설』이라는 것이다. Chapter 6",Day2
나반연합,"환희, 지감",,,,,2sp,인사반파자구계통,"천관사복,진혼기",무간심연 서울지점 ,"낙빙하,심청추,화성,사련,자하,설영",,"섹슈얼,로맨틱","화성사련, 자하설영","일러스트,소설,공예","@lucein_, jigam_",https://dongne.co/events/novel06/circles/160815,"아아─, 이것이 『소설』이라는 것이다. Chapter 6",Day2
네코마마,레이카,,,,,4sp,데뷔 못 하면 죽는 병 걸림,"괴담에 떨어져도 출근을 해야 하는구나,화산귀환,광마회귀",,박문대(른/오른쪽),,,,,@rayca01,https://dongne.co/events/novel06/circles/159276,"아아─, 이것이 『소설』이라는 것이다. Chapter 6",Day2
노약자석,SHA,,,,,1sp,천관사복,,"천관이 복을 내리시니, 쁘띠존 걱정 하나 없다 2회",화성 사련,,로맨틱,,"만화,일러스트",6norahs,https://dongne.co/events/novel06/circles/160856,"아아─, 이것이 『소설』이라는 것이다. Chapter 6",Day2
데굴데굴,0,,,,,2sp,괴담출근,,,"류재관,최 요원",류재관X최 요원,"섹슈얼,로맨틱","류최, 륮최, 재관요원, 솔샇, 솔음사헌","만화,일러스트,소설",@BlankNo_0,https://dongne.co/events/novel06/circles/159291,"아아─, 이것이 『소설』이라는 것이다. Chapter 6",Day2
도사문고,"청포,도오사란무엇인가",,,,,2sp,화산귀환,,,청명,당보X청명,,백천청명,"소설,만화,일러스트"," @caelum_277,@dodukgyeong1023",https://dongne.co/events/novel06/circles/160694,"아아─, 이것이 『소설』이라는 것이다. Chapter 6",Day2
돈이없어,낼룸,,,,,2sp,,,,,,,,,,https://dongne.co/events/novel06/circles/160401,"아아─, 이것이 『소설』이라는 것이다. Chapter 6",Day2
돌맹부스,낙안봉돌맹이,,,,,1sp,화산귀환,,,,청명X소병,,,"기타,일러스트,만화",@sunrisehgtt,https://dongne.co/events/novel06/circles/160696,"아아─, 이것이 『소설』이라는 것이다. Chapter 6",Day2
떡만둣국,리하이,,,,,2sp,화산귀환,,,,,,,,@rangha0706,https://dongne.co/events/novel06/circles/160867,"아아─, 이것이 『소설』이라는 것이다. Chapter 6",Day2
러브앤문,러브앤문,,,,,2sp,,,,,,,,"공예,조형",,https://dongne.co/events/novel06/circles/160041,"아아─, 이것이 『소설』이라는 것이다. Chapter 6",Day2
루루냐냐,냥,,,,,2sp,데못죽,,,,,,,,"@NYAN_zzell, @RURU_MD",https://dongne.co/events/novel06/circles/159393,"아아─, 이것이 『소설』이라는 것이다. Chapter 6",Day2
망상출근,사희,,,,,1sp,괴담출근,,,이자헌,김솔음X이자헌,해당없음,"블잫, 요원재관",소설,@sajikseo_in,https://dongne.co/events/novel06/circles/161192,"아아─, 이것이 『소설』이라는 것이다. Chapter 6",Day2
모몬가즈,모구토,,,,,2sp,괴담에 떨어져도 출근을 해야 하는구나,내가 키운 S급들,,"김솔음,피스",,,,,,https://dongne.co/events/novel06/circles/159372,"아아─, 이것이 『소설』이라는 것이다. Chapter 6",Day2
무릉도원,벽도랑,,,,,1sp,진혼기,"반월당,화산귀환,광마회귀",,"자하,설영,당보,청명",자하X설영,로맨틱,당청당,"만화,일러스트,소설",@byeokdolang,https://dongne.co/events/novel06/circles/159583,"아아─, 이것이 『소설』이라는 것이다. Chapter 6",Day2
뵤뵤뵤뵤,"리스, 모니, 죽악사, 하지하지",,,,,2sp,데뷔 못하면 죽는 병 걸림,,,"배세진,박문대,류건우,테스타",박문대X배세진,로맨틱,NCP,만화,"@resres_37, @00_00mg, @Agsa1208, @hahajiji133",https://dongne.co/events/novel06/circles/159635,"아아─, 이것이 『소설』이라는 것이다. Chapter 6",Day2
붉은나비,유티아,,,,,1sp,괴담에 떨어져도 출근을 해야 하는구나,"데뷔 못하면 죽는 병 걸림,룬의 아이들",,김솔음,문대,로맨틱,"보란보, 큰세문대",소설,@moon_shine12,https://dongne.co/events/novel06/circles/159552,"아아─, 이것이 『소설』이라는 것이다. Chapter 6",Day2
사이다별,여느별,,,,,2sp,"데못죽,명급리",괴출,,,,로맨틱,,,@starlight_bee_0,https://dongne.co/events/novel06/circles/161038,"아아─, 이것이 『소설』이라는 것이다. Chapter 6",Day2
소동퇴근,소동,,,,,2sp,괴담에 떨어져도 출근을 해야하는구나,,,김솔음,,,,일러스트,@ppang0_z,https://dongne.co/events/novel06/circles/160534,"아아─, 이것이 『소설』이라는 것이다. Chapter 6",Day2
수면상태,지선,,,,,2sp,괴담출근,,최솔 쁘띠존 『사계 :: 사시가경(四時佳景)』,,최 요원X김솔음,로맨틱,,소설,@yg9853,https://dongne.co/events/novel06/circles/161044,"아아─, 이것이 『소설』이라는 것이다. Chapter 6",Day2
수산시장,갈치,,,,,1sp,마법명가 차남으로 살아남는 법 (마차살),너희들은 변호됐다 (변호됨),,,,,,"일러스트,소설,기타",@gal_chii,https://dongne.co/events/novel06/circles/161051,"아아─, 이것이 『소설』이라는 것이다. Chapter 6",Day2
연성술사,일쥐,,,,,2sp,괴담에 떨어져도 출근을 해야 하는구나,화산귀환,,,,,,,@jinsfp,https://dongne.co/events/novel06/circles/160934,"아아─, 이것이 『소설』이라는 것이다. Chapter 6",Day2
염사헌네,포치,,,,,1sp,"괴담에 떨어져도 출근을 해야 하는구나,괴담출근",,,"김솔음,백사헌",,,,일러스트,@____0x0c,https://dongne.co/events/novel06/circles/160119,"아아─, 이것이 『소설』이라는 것이다. Chapter 6",Day2
오리농장,오리,,,,,2sp,화산귀환,,,"당보,청명",당보X청명,"로맨틱,섹슈얼",,"만화,일러스트",@ahmh5lee,https://dongne.co/events/novel06/circles/159243,"아아─, 이것이 『소설』이라는 것이다. Chapter 6",Day2
오합치졸,"3화,연화,다로,팽",,,,,4sp,괴담에 떨어져도 출근은 해야하는구나,데뷔 못 하면 죽는 병 걸림,,"김솔음,브라운,현무1팀",브라운X김솔음,해당없음,"자헌솔음,최솔",,@alcmoon1127,https://dongne.co/events/novel06/circles/160988,"아아─, 이것이 『소설』이라는 것이다. Chapter 6",Day2
와짱이다,gxnta,,,,,1sp,화산귀환,천관사복,,청명,,,,"일러스트,만화",@gxnt4_ ,https://dongne.co/events/novel06/circles/161089,"아아─, 이것이 『소설』이라는 것이다. Chapter 6",Day2
와플글방,물망초,,,,,2sp,괴담출근,,최솔 쁘띠존 『사계 :: 사시가경(四時佳景)』,"최 요원,김솔음",최 요원X김솔음,로맨틱,,소설,@mardred0913,https://dongne.co/events/novel06/circles/160433,"아아─, 이것이 『소설』이라는 것이다. Chapter 6",Day2
우냐뿌냐,욧시,,,,,2sp,데못죽,"괴담출근,마차살",,,,,,,hamzzu123,https://dongne.co/events/novel06/circles/159472,"아아─, 이것이 『소설』이라는 것이다. Chapter 6",Day2
이모저모,갸옹,,,,,2sp,괴담출근,,,"최요원,김솔음",최요원X김솔음,"로맨틱,섹슈얼",,"일러스트,만화",masitdaghost_77,https://dongne.co/events/novel06/circles/159861,"아아─, 이것이 『소설』이라는 것이다. Chapter 6",Day2
일거양득,삼득,,,,,1sp,화산귀환,,,"당보,청명",당보X청명,로맨틱,,"일러스트,만화,기타",@samsam_dc,https://dongne.co/events/novel06/circles/160963,"아아─, 이것이 『소설』이라는 것이다. Chapter 6",Day2
장작과다,뱅쇼&하니,,,,,1sp,데뷔못하면죽는병걸림,,,"박문대,선아현,신재현,류청우,차유진,김래빈,이세진,배세진",선아현X박문대,로맨틱,"엋문, 청려문대","소설,공예",@classsscallion,https://dongne.co/events/novel06/circles/159354,"아아─, 이것이 『소설』이라는 것이다. Chapter 6",Day2
지존장발,"늘래몽, 네윤",,,,,2sp,공조살,의다살 반월당,,,,,,일러스트,@NRHMONG @neyun_b,https://dongne.co/events/novel06/circles/160959,"아아─, 이것이 『소설』이라는 것이다. Chapter 6",Day2
쯔코퇴근,쯔코,,,,,2sp,괴담에 떨어져도 출근을 해야하는구나,"전지적 독자 시점,어두운 바다의 등불이 되어",,,,,,,@zco111,https://dongne.co/events/novel06/circles/159490,"아아─, 이것이 『소설』이라는 것이다. Chapter 6",Day2
최솔찻집,25,,,,,2sp,괴담에 떨어져도 출근을 해야 하는구나,,최솔 쁘띠존 『사계 :: 사시가경(四時佳景)』,"김솔음,최 요원",최요원X김솔음,로맨틱,,,,https://dongne.co/events/novel06/circles/161261,"아아─, 이것이 『소설』이라는 것이다. Chapter 6",Day2
킬더실버,그은,,,,,2sp,오리지널 창작,,,,,,,공예,kil_the_silver,https://dongne.co/events/novel06/circles/160011,"아아─, 이것이 『소설』이라는 것이다. Chapter 6",Day2
푸데푸데,"소요, 치킨",,,,,4sp,괴담출근,,,,,,,,@soyo__yoso  @letseat_chicken,https://dongne.co/events/novel06/circles/160233,"아아─, 이것이 『소설』이라는 것이다. Chapter 6",Day2
피토리카,PiCA,,,,,1sp,괴담출근,,,김솔음,,,,"만화,일러스트",@gmlwls2612,https://dongne.co/events/novel06/circles/159370,"아아─, 이것이 『소설』이라는 것이다. Chapter 6",Day2
한오백명,"엠알, 소남송",,,,,2sp,화산귀환,,,,백천X청명,"로맨틱,섹슈얼",,"만화,일러스트",mrmrmremaru ,https://dongne.co/events/novel06/circles/160131,"아아─, 이것이 『소설』이라는 것이다. Chapter 6",Day2
화귀부스,규피,,,,,2sp,화산귀환,,,청명,당보청명,로맨틱,,일러스트,guuppisom_10,https://dongne.co/events/novel06/circles/160974,"아아─, 이것이 『소설』이라는 것이다. Chapter 6",Day2
화산출근,슬,,,,,2sp,괴담에 떨어져도 출근을 해야 하는구나,화산귀환,,,,,,"만화,일러스트",@ sru0401,https://dongne.co/events/novel06/circles/160699,"아아─, 이것이 『소설』이라는 것이다. Chapter 6",Day2
환상뜨락,환상뜨락,,,,,2sp,탑로더 탑꾸,키링,,,,,,공예,@Dreamy_garden,https://dongne.co/events/novel06/circles/159956,"아아─, 이것이 『소설』이라는 것이다. Chapter 6",Day2
후레독자,은둔형 오타쿠,,,,,1sp,(크법사) 크툴루 게임 속 천재 마법사가 되었다.,"(은둔마) 은둔형 마법사,(변노자) 변방의 외노자,(민대리) 민감한 대리님",,"김신화,윤민준,예민준,민대리",,,,"일러스트,만화",ieoqza,https://dongne.co/events/novel06/circles/161286,"아아─, 이것이 『소설』이라는 것이다. Chapter 6",Day2
애플파이 한 조각,햇병,,,,,1sp,망나니 아이돌피디 살아남기,변경백 서자는 황제였다,호윤이가 손수 만든 쁘띠존입니다앙,강이채 서호윤 올캐러 예정,,해당없음,,기타,@haet_b,https://dongne.co/events/novel06/circles/159310,"아아─, 이것이 『소설』이라는 것이다. Chapter 6",Day2
이세계로 못 갔어요,시오,,,,,1sp,문송안함,포삼괴,문송안함 쁘띠존: 다시 만난 9세계,클레이오,,,,"소설,일러스트,만화,기타",dankixio,https://dongne.co/events/novel06/circles/160019,"아아─, 이것이 『소설』이라는 것이다. Chapter 6",Day2
무언가에 확 꽂혀본적 있는가?,미우주,,,,,2sp,괴담에떨어져도 출근을 해야하는구나,,,,,,,,@Miooju_S2,https://dongne.co/events/novel06/circles/159989,"아아─, 이것이 『소설』이라는 것이다. Chapter 6",Day2
사랑보다 먼 우정보다는 가까운,메탈전사Z,,,,,2sp,괴담출근,,,j3,,섹슈얼,박민성x은하제,"만화,소설",@Metalwarrior,https://dongne.co/events/novel06/circles/160880,"아아─, 이것이 『소설』이라는 것이다. Chapter 6",Day2
데한민국 홈마,망치,,,,,1sp,데못죽,,,테스타,,,,,,https://dongne.co/events/novel06/circles/160418,"아아─, 이것이 『소설』이라는 것이다. Chapter 6",Day2
잡덕답게 사는 법,"멜다, 은나래",,,,,2sp,김아싫,"마사법,문송안함,천관사복,명급리,회멱데,망아살",,,,,,,@Melda1104_ ,https://dongne.co/events/novel06/circles/160728,"아아─, 이것이 『소설』이라는 것이다. Chapter 6",Day2
다스로테 뮌헨 지부,이다롱,,,,,2sp,마법명가 차남으로 살아남는 법,,마차살 쁘띠존 < 쁘띠명가 차원에서 살아남는 법 >,"레루엘나,에스체트,EC1",레오X루카스,로맨틱,,"만화,일러스트",@daRong_cm ,https://dongne.co/events/novel06/circles/160235,"아아─, 이것이 『소설』이라는 것이다. Chapter 6",Day2
마라탕에 빙추 추가,흑곰,,,,,2sp,인사반파자구계통,,무간심연 서울지점 ,"낙빙하,심청추",낙빙하X심청추,로맨틱,,"만화,일러스트",,https://dongne.co/events/novel06/circles/161354,"아아─, 이것이 『소설』이라는 것이다. Chapter 6",Day2
사천당가 비급 서고,사춘,,,,,2sp,화산귀환,,,,당보X청명,로맨틱,,"만화,기타",@Sachun_nobi,https://dongne.co/events/novel06/circles/161109,"아아─, 이것이 『소설』이라는 것이다. Chapter 6",Day2
활자돌을 위한 특혜,"옝, 체채",,,,,1sp,"빙위특,회멱데,김아싫",,,,,로맨틱,,일러스트,@yenggg_00 @onlyKRUS,https://dongne.co/events/novel06/circles/160058,"아아─, 이것이 『소설』이라는 것이다. Chapter 6",Day2
노루님을 위한 오른 상차림,ssap,,,,,1sp,괴담에 떨어져도 출근을 해야하는구나,,,,,,,소설,@ssap02711470,https://dongne.co/events/novel06/circles/160732,"아아─, 이것이 『소설』이라는 것이다. Chapter 6",Day2
델크로스 작은 아기 산양교 출장지부,파닭,,,,,2sp,성황의 아이들,"괴담에 떨어져도 출근을 해야 하는구나,전지적 독자 시점",,"모레스 클라인,나다니엘 클라인,이성진,네이트,브라운",,해당없음,논cp 올캐릭터,소설,@papadark101,https://dongne.co/events/novel06/circles/160543,"아아─, 이것이 『소설』이라는 것이다. Chapter 6",Day2
추진력을 얻기 위한 해저기지 생활 지침서,만두,,,,,2sp,어바등,,,신서백,,,,,@sseoguide196,https://dongne.co/events/novel06/circles/160524,"아아─, 이것이 『소설』이라는 것이다. Chapter 6",Day2
플레로마 손을 잡고 라비린스로 갈 수도 있어,"유언, 이온",,,,,2sp,마법명가 차남으로 살아남는 법,전원 사망이 예정된 세계관,마차살 쁘띠존 < 쁘띠명가 차원에서 살아남는 법 >,,,,,,,https://dongne.co/events/novel06/circles/160201,"아아─, 이것이 『소설』이라는 것이다. Chapter 6",Day2
"친애하는 교황 성하, 른으로서 천세를 누리소서",소냐,,,,,4sp,서브 남주가 파업하면 생기는 일,괴담에 떨어져도 출근을 해야 하는구나,,"세드리크,정예서,요한,세드리크,지브릴,크리스텔",세드리크X예서,"로맨틱,섹슈얼",예서른,"소설,만화,일러스트",@vivid_1231,https://dongne.co/events/novel06/circles/160069,"아아─, 이것이 『소설』이라는 것이다. Chapter 6",Day2
헌터협회 결혼 상담부,"민초왹저, 엘리유안",,,,,2sp,이세계 착각헌터,,김기려 길드 노동조합,김기려,강창호X김기려,,,"소설,일러스트",,https://dongne.co/events/novel06/circles/159301,"아아─, 이것이 『소설』이라는 것이다. Chapter 6",Day2
아이소에 오면 왹져가 먼저 납치된다,옥수수깡통,,,,,2sp,이세계 착각 헌터,데못죽,김기려 길드 노동조합,김기려,김기려X선우연,로맨틱,"창호기려, 하성스더",소설,@carnstraw,https://dongne.co/events/novel06/circles/159831,"아아─, 이것이 『소설』이라는 것이다. Chapter 6",Day2
데못죽이 완결 났다고 테스타가 해체할까요?,암흑의 탱탱볼,,,,,2sp,데뷔 못 하면 죽는 병 걸림,괴담에 떨어져도 출근을 해야 하는구나,,,,,,일러스트,@dark_ttb,https://dongne.co/events/novel06/circles/160072,"아아─, 이것이 『소설』이라는 것이다. Chapter 6",Day2
이세계에 가도 출근을 해야하는구나,롤로,,,,,1sp,괴담출근,이세계착각헌터,,"브라운,김솔음,최요원,류재관,제삼이,김기려,강창호 등",,로맨틱,"블솔, 창호기려",일러스트,@BkQoYsSwsAHSGTC,https://dongne.co/events/novel06/circles/160796,"아아─, 이것이 『소설』이라는 것이다. Chapter 6",Day2
마마연은 모두 아이소로 모여라,샥,,,,,2sp,변경백 서자는 황제였다(변서황),,,이안,베릭X이안,"로맨틱,섹슈얼",바르사베&베릭 NCP,소설,shasha_shack,https://dongne.co/events/novel06/circles/160941,"아아─, 이것이 『소설』이라는 것이다. Chapter 6",Day2
다스로테 특집 바이에른 왕세자궁 밀착취재 ,찰밥,,,,,2sp,마법명가 차남으로 살아남는 법,,마차살 쁘띠존 < 쁘띠명가 차원에서 살아남는 법 >,루카스 아스카니엔,레오나르드 비텔스바흐X루카스 아스카니엔,로맨틱,,소설,@Chalbap_33,https://dongne.co/events/novel06/circles/161318,"아아─, 이것이 『소설』이라는 것이다. Chapter 6",Day2
이상하다 분명 말년이었는데,기뮨,,,,,1sp,백망되,,백망되 쁘띠존 <케일님80년근속추진위원회>,"에르하벤,케일,용,현대팀",에르하벤X케일,,,,,https://dongne.co/events/novel06/circles/159888,"아아─, 이것이 『소설』이라는 것이다. Chapter 6",Day2
괴담보다 담걸림,뭉구,,,,,2sp,괴담에 떨어져도 출근을 해야 하는구나,,,"김솔음,최요원,류재관",,,,,@moongguyam,https://dongne.co/events/novel06/circles/161008,"아아─, 이것이 『소설』이라는 것이다. Chapter 6",Day2
데한민국 외계인,나기,,,,,2sp,괴담출근.데못죽.이착헌.,플레이브.전독시.어바등,,,,,,,,https://dongne.co/events/novel06/circles/159915,"아아─, 이것이 『소설』이라는 것이다. Chapter 6",Day2
동글동글 동갑즈,달멩,,,,,1sp,데뷔 못 하면 죽는 병 걸림,괴담에 떨어져도 출근을 해야 하는구나,,,,,,,,https://dongne.co/events/novel06/circles/161066,"아아─, 이것이 『소설』이라는 것이다. Chapter 6",Day2
사교도와 친구들,인디,,,,,2sp,크툴루 게임 속 천재 마법사가 되었다(크법사),"블랙배저,명급리",,,,,,"일러스트,소설",@ghostindy_nv,https://dongne.co/events/novel06/circles/160860,"아아─, 이것이 『소설』이라는 것이다. Chapter 6",Day2
사망단길 잡화점,비스티,,,,,2sp,괴담에 떨어져도 출근을 해야 하는 구나,,,,,,,"기타,공예,소설",@suonoi,https://dongne.co/events/novel06/circles/161285,"아아─, 이것이 『소설』이라는 것이다. Chapter 6",Day2
솔음이의 보석함,"감망, 사견, 양갱",,,,,2sp,"괴담출근,괴담에 떨어져도 출근을 해야 하는구나",,,"김솔음,최요원,J3,이자헌,재관국,백일몽,등",최요원X김솔음,로맨틱,"잫솔, 제솔","만화,일러스트","@mangam217,  @Cydogmas, @SSSdidrod",https://dongne.co/events/novel06/circles/160594,"아아─, 이것이 『소설』이라는 것이다. Chapter 6",Day2
아기희가 최고다,코코아,,,,,1sp,의원 다시 살다,,,"진천희,제갈린,유호",,,,소설,RlLHel,https://dongne.co/events/novel06/circles/160686,"아아─, 이것이 『소설』이라는 것이다. Chapter 6",Day2
오합치졸 보호자,두부,,,,,2sp,괴담출근,데못죽,,김솔음,,로맨틱,,"만화,일러스트",@dbu_4068,https://dongne.co/events/novel06/circles/159995,"아아─, 이것이 『소설』이라는 것이다. Chapter 6",Day2
이번에도 망무와,"공일, 맙",,,,,2sp,마도조사,,,"남망기,위무선",남망기X위무선,"로맨틱,섹슈얼",망기무선,"만화,소설,일러스트","@gongill0101, @wjwx1031",https://dongne.co/events/novel06/circles/160609,"아아─, 이것이 『소설』이라는 것이다. Chapter 6",Day2
차원이동 망나니,Aysel 아이셀,,,,,2sp,백작가의 망나니가 되었다.,블랙배저,백망되 쁘띠존 <케일님80년근속추진위원회>,"케일 헤니투스,힐데베르트 탈레브",,로맨틱,리카르도 소르디 × 힐데베르트 탈레브,"만화,일러스트",@Rabbit_sel1108,https://dongne.co/events/novel06/circles/159295,"아아─, 이것이 『소설』이라는 것이다. Chapter 6",Day2
출근하다 떨어짐,공백,,,,,1sp,괴담에 떨어져도 출근을 해야 하는구나,x,,"김솔음,J3 등 그 외 여러 캐릭터",백사헌X김솔음,"로맨틱,해당없음",,기타,5Hinccn,https://dongne.co/events/novel06/circles/161294,"아아─, 이것이 『소설』이라는 것이다. Chapter 6",Day2
뵤세진을 만나고 내 인생이 뵤티풀,라온,,,,,1sp,데뷔 못 하면 죽는 병 걸림,,,"이세진,배세진",이세진X배세진,로맨틱,,"만화,일러스트",raon_dod,https://dongne.co/events/novel06/circles/160426,"아아─, 이것이 『소설』이라는 것이다. Chapter 6",Day2
괴담민국 출퇴근 ㄱ?,리엔,,,,,2sp,괴담에 빙의해도 출근해야 하는구나,,,,,,,"공예,일러스트",@cairien,https://dongne.co/events/novel06/circles/160310,"아아─, 이것이 『소설』이라는 것이다. Chapter 6",Day2
냥려멍대 냥하면 멍해,sir,,,,,1sp,데뷔 못하면 죽는 병 걸림,,,"청려,문대",,로맨틱,,"만화,일러스트",@sirxxvibe,https://dongne.co/events/novel06/circles/160434,"아아─, 이것이 『소설』이라는 것이다. Chapter 6",Day2
부대찌개 외계인 함유,젤리,,,,,2sp,이세계착각헌터,,김기려 길드 노동조합,김기려 강창호 정하성 레밍,강창호X김기려,로맨틱,,일러스트,jelly__2222,https://dongne.co/events/novel06/circles/160709,"아아─, 이것이 『소설』이라는 것이다. Chapter 6",Day2
솔음이의 오염된 먀먀,먀냐,,,,,1sp,"괴담에 떨어져도 출근을 해야하는구나,괴담출근",,,"솔음,브라운,최요원",,해당없음,최요원 솔음,만화,myanya_0,https://dongne.co/events/novel06/circles/160163,"아아─, 이것이 『소설』이라는 것이다. Chapter 6",Day2
귀왕각하 첫사랑 얘기 해주세요,룅,,,,,2sp,천관사복,,"천관이 복을 내리시니, 쁘띠존 걱정 하나 없다 2회",,화성X사련,로맨틱,지풍,소설,@ltgbcf,https://dongne.co/events/novel06/circles/160292,"아아─, 이것이 『소설』이라는 것이다. Chapter 6",Day2
너희들은 전지적 이세계 착각 망나니 차남으로 살아남아도 데뷔 못하면 어두운 바다에 출근을 해야 하는 구나,애니노예,,,,,2sp,마법명가 차남으로 살아남는 법 (마차살),"망아살,괴출,이착헌,전독시,데못죽,어바등,변호됨 등",,"에스체트,파이,서호윤,김솔음,김기려,브라운,박문대,신청려 등",,해당없음,"엘리레오 (엔렝), 레오루카(렝루), 에마리, 해량무현(해무), 민재주한(강차) 등","만화,일러스트,기타",@ime1866,https://dongne.co/events/novel06/circles/161049,"아아─, 이것이 『소설』이라는 것이다. Chapter 6",Day2
강아지가 되어도 출근을 해야..(,표목,,,,,1sp,너희들은 변호됐다,괴담출근,,차주한,강민재X차주한,"로맨틱,섹슈얼","진우민우, 민성하제","소설,공예",,https://dongne.co/events/novel06/circles/159802,"아아─, 이것이 『소설』이라는 것이다. Chapter 6",Day2
백련화를 엽떡에 밀어서 판중해제,리미,,,,,1sp,인사반파자구계통,열화요수,무간심연 서울지점 ,,선기X령연,로맨틱,선기령연,소설,@reamy_jo,https://dongne.co/events/novel06/circles/159624,"아아─, 이것이 『소설』이라는 것이다. Chapter 6",Day2
동룡이도 밟으면 꿈틀한다,집오리,,,,,1sp,화산귀환,,,"청명,백천",,로맨틱,,만화,@oribalsick,https://dongne.co/events/novel06/circles/160844,"아아─, 이것이 『소설』이라는 것이다. Chapter 6",Day2
련주님은 돼지가 싫다고하셨어,김이끼,,,,,1sp,화산귀환,,,"청명,임소병,백천,장일소,이송백,진금룡,백상 등",이송백X진금룡,로맨틱,청명소병,"소설,일러스트",@277i_huashan,https://dongne.co/events/novel06/circles/160889,"아아─, 이것이 『소설』이라는 것이다. Chapter 6",Day2
왹게롱의 지구침략,03,,,,,2sp,괴담에 떨어져도 출근을 해야하는구나,,,올캐러,,,,"일러스트,만화,기타",mimi_jj03 ,https://dongne.co/events/novel06/circles/161137,"아아─, 이것이 『소설』이라는 것이다. Chapter 6",Day2
이름님이 말하시니,듀라엘,,,,,2sp,괴담에 떨어져도 출근을 해야 하는구나,"데뷔 못하면 죽는 병 걸림,백작가의 망나니가 되었다",,,,,,,,https://dongne.co/events/novel06/circles/159445,"아아─, 이것이 『소설』이라는 것이다. Chapter 6",Day2
햄쥐들은 변호됐다,정제탄수,,,,,2sp,너희들은 변호됐다,,,"강민재,차주한",강민재X차주한,로맨틱,,만화,@snow_branchhh,https://dongne.co/events/novel06/circles/159765,"아아─, 이것이 『소설』이라는 것이다. Chapter 6",Day2
자하객잔 정상영업 중,용세,,,,,1sp,광마회귀,,,,이자하X몽랑,,,,@chr_2308,https://dongne.co/events/novel06/circles/159742,"아아─, 이것이 『소설』이라는 것이다. Chapter 6",Day2
성현제도 에취하는 날씨,무낙,,,,,1sp,내가 키운 S급들,,,한유진,성현제X한유진,로맨틱,,일러스트,muinak_ss,https://dongne.co/events/novel06/circles/160318,"아아─, 이것이 『소설』이라는 것이다. Chapter 6",Day2
천하제일 마스코트 대회,김캐럿,,,,,1sp,,,,,,,,만화,zltpdibb,https://dongne.co/events/novel06/circles/159251,"아아─, 이것이 『소설』이라는 것이다. Chapter 6",Day2
이세계에 떨어져도 밥은 먹자,밥,,,,,1sp,이세계 착각 헌터,어두운 바다의 등불이 되어 / 망나니 pd 아이돌로 살아남기 / 문과라도 안죄송한 이세계로 감 / 변호됨,,김기려 클레이오 무현 차주한,,,,"만화,일러스트",pababab_10 ,https://dongne.co/events/novel06/circles/159789,"아아─, 이것이 『소설』이라는 것이다. Chapter 6",Day2
주인공이 행복하길 바라는 모,솔,,,,,1sp,명급리,괴출,,all,,,,일러스트,bidamsora,https://dongne.co/events/novel06/circles/159939,"아아─, 이것이 『소설』이라는 것이다. Chapter 6",Day2
이세계에 환장해도 출근을 해야 하나,ㄹㅇ,,,,,1sp,,,,,,,,,,https://dongne.co/events/novel06/circles/159446,"아아─, 이것이 『소설』이라는 것이다. Chapter 6",Day2
모에화에 떨어져도 출근을 해야 하는구나,xxx.net,,,,,2sp,괴담에 떨어져도 출근을 해야 하는구나,,,"김솔음,이자헌,진나솔,이성해,J3(제이삼),최요원,백사헌,박민성,고영은,호유원,은하제 등",호유원X은하제,해당없음,,일러스트,@xxx_net60,https://dongne.co/events/novel06/circles/160984,"아아─, 이것이 『소설』이라는 것이다. Chapter 6",Day2
돌고래와 강아지가 좋다고 말해!!,"라일, 윤기",,,,,1sp,괴담에 떨어져도 출근을 해야 하는구나,,,김솔음 등,,,,소설,@Lyle_02028,https://dongne.co/events/novel06/circles/161093,"아아─, 이것이 『소설』이라는 것이다. Chapter 6",Day2
마법명가 차남으로 괴담에 떨어져도 살아남아야 하는구나,해,,,,,2sp,"마법명가 차남으로 살아남는법,마차살",괴담출근,,"루카스,레오나르드,류재관,최요원",루카스X레오나르드,"로맨틱,섹슈얼",류최,소설,@harrider_,https://dongne.co/events/novel06/circles/160223,"아아─, 이것이 『소설』이라는 것이다. Chapter 6",Day2
바이에른 왕세자궁 취준동아리,또,,,,,1sp,마법명가 차남으로 살아남는 법,,마차살 쁘띠존 < 쁘띠명가 차원에서 살아남는 법 >,,레오나르드 비텔스바흐X루카스 아스카니엔,로맨틱,메클이안,"소설,일러스트,만화",@thyo_s2,https://dongne.co/events/novel06/circles/160825,"아아─, 이것이 『소설』이라는 것이다. Chapter 6",Day2
김기려가 강창호의 애착인형이라는데요,빠빼루,,,,,2sp,이세계 착각헌터,,김기려 길드 노동조합,"강창호,김기려",강창호X김기려,"로맨틱,섹슈얼",,소설,ppapperu ,https://dongne.co/events/novel06/circles/160569,"아아─, 이것이 『소설』이라는 것이다. Chapter 6",Day2
괴담에서 퇴사합니다,도비,,,,,1sp,괴담출근,어바등,,,,,,"기타,공예,일러스트",,https://dongne.co/events/novel06/circles/160441,"아아─, 이것이 『소설』이라는 것이다. Chapter 6",Day2
성공하면 마감시작함,민이,,,,,1sp,전독시,괴담출근,,,,,,,,https://dongne.co/events/novel06/circles/160389,"아아─, 이것이 『소설』이라는 것이다. Chapter 6",Day2
아이소에 떨어져도…,쿨,,,,,2sp,괴담출근,,,,,,,,,https://dongne.co/events/novel06/circles/160938,"아아─, 이것이 『소설』이라는 것이다. Chapter 6",Day2
이번에도 광탈인가요?,다혼,,,,,1sp,이세계착각헌터,,,올캐릭터,,,,"일러스트,공예,조형,기타",,https://dongne.co/events/novel06/circles/159822,"아아─, 이것이 『소설』이라는 것이다. Chapter 6",Day2
어떻게든 해봤습니다.. 아마?,서연,,,,,2sp,데뷔 못하면 죽는 병 걸림,,,"류건우,박문대,청려(신재현),그 외",청려(신재현)X류건우,"로맨틱,섹슈얼","청려건우, 청려문대, 그 외 건우른 문대른",소설,,https://dongne.co/events/novel06/circles/160400,"아아─, 이것이 『소설』이라는 것이다. Chapter 6",Day2
사별맛집 「순애객잔」~해구지점~,,,,,,2sp,화산귀환,,,"당보,청명",당보X청명,로맨틱,,"만화,일러스트",@notcaryestea,https://dongne.co/events/novel06/circles/160334,"아아─, 이것이 『소설』이라는 것이다. Chapter 6",Day2
귀왕님의 금지옥엽귀인은 누구,루아,,,,,2sp,천관사복,,"천관이 복을 내리시니, 쁘띠존 걱정 하나 없다 2회",화성사련,,로맨틱,,소설,@ruron0987,https://dongne.co/events/novel06/circles/160888,"아아─, 이것이 『소설』이라는 것이다. Chapter 6",Day2
"달고양이, 월묘",월,,,,,2sp,괴담출근,,,,,,,공예,@warhwa_12,https://dongne.co/events/novel06/circles/160006,"아아─, 이것이 『소설』이라는 것이다. Chapter 6",Day2
제발제발...,리베,,,,,1sp,화산귀환,,,당보 청명,,,,,@duelee195,https://dongne.co/events/novel06/circles/160344,"아아─, 이것이 『소설』이라는 것이다. Chapter 6",Day2
안정후부(빈집),셍,,,,,2sp,살파랑,,Priest 쁘띠존 : 주일예배 2,"장경,고윤",장경X고윤,"섹슈얼,로맨틱",,소설,SSCBL,https://dongne.co/events/novel06/circles/160704,"아아─, 이것이 『소설』이라는 것이다. Chapter 6",Day2
가보자고오,서율,,,,,1sp,데못죽,,,,,,,,,https://dongne.co/events/novel06/circles/160430,"아아─, 이것이 『소설』이라는 것이다. Chapter 6",Day2
강창호길드,포터,,,,,2sp,이세계 착각 헌터,,김기려 길드 노동조합,,,,,만화,Furufurude,https://dongne.co/events/novel06/circles/160816,"아아─, 이것이 『소설』이라는 것이다. Chapter 6",Day2
강호의도리,곰곰,,,,,1sp,화산귀환,,,,,,,,,https://dongne.co/events/novel06/circles/160359,"아아─, 이것이 『소설』이라는 것이다. Chapter 6",Day2
고기쌈정식,랑,,,,,2sp,천관사복,,"천관이 복을 내리시니, 쁘띠존 걱정 하나 없다 2회","지사,풍사",,로맨틱,,만화,@parang8888,https://dongne.co/events/novel06/circles/159797,"아아─, 이것이 『소설』이라는 것이다. Chapter 6",Day2
괴담볶음밥,산큐,,,,,2sp,괴담에 떨어져도 출근을 해야 하는구나,,,김솔음,,,,일러스트,@_sanfont_,https://dongne.co/events/novel06/circles/160730,"아아─, 이것이 『소설』이라는 것이다. Chapter 6",Day2
괴담이좋다,지뉴,,,,,1sp,괴담에 떨어져도 출근을 해야하는구나,,,김솔음 등,,,,일러스트,@kkm_aaaa,https://dongne.co/events/novel06/circles/159932,"아아─, 이것이 『소설』이라는 것이다. Chapter 6",Day2
괴담전문점,KaO ,,,,,1sp,괴담에 떨어져도 출근을 해야하는구나,이세계 착각헌터(미정),,"김솔음,백일몽 주식회사 캐릭터,재난관리국 캐릭터 등등",,,,일러스트,@KaO__0oo,https://dongne.co/events/novel06/circles/160125,"아아─, 이것이 『소설』이라는 것이다. Chapter 6",Day2
그렇게됐다,보메,,,,,2sp,데뷔 못하면 죽는 병 걸림,,,청려,청려X문대,"로맨틱,섹슈얼",,만화,@Bpring_DorD,https://dongne.co/events/novel06/circles/159631,"아아─, 이것이 『소설』이라는 것이다. Chapter 6",Day2
다박아월드,혁,,,,,1sp,,,마차살 쁘띠존 < 쁘띠명가 차원에서 살아남는 법 >,루카레오루카,,해당없음,,소설,@dear_S_33,https://dongne.co/events/novel06/circles/160200,"아아─, 이것이 『소설』이라는 것이다. Chapter 6",Day2
다음날출근,루,,,,,1sp,괴담에떨어져도출근을해야하는구나,,,김솔음,,,,일러스트,@jungru1125,https://dongne.co/events/novel06/circles/161224,"아아─, 이것이 『소설』이라는 것이다. Chapter 6",Day2
데못죽하기,가람가람,,,,,2sp,데못죽,,,"데못죽,테스타,브이틱",,,,,,https://dongne.co/events/novel06/circles/159641,"아아─, 이것이 『소설』이라는 것이다. Chapter 6",Day2
도깨비상점,이지연,,,,,2sp,,,,,,,,공예,kkebistore,https://dongne.co/events/novel06/circles/159883,"아아─, 이것이 『소설』이라는 것이다. Chapter 6",Day2
딸기볶음밥,건망,,,,,2sp,괴담출근,이세계 착각 헌터,,"김솔음,강창호,김기려,안윤승,최요원,서에스더,정하성,선우연,백사헌",선아현X박문대,로맨틱,,일러스트,@kun_mang_,https://dongne.co/events/novel06/circles/160810,"아아─, 이것이 『소설』이라는 것이다. Chapter 6",Day2
룩키정육점,무임,,,,,1sp,괴담에 빠져도 출근을 해야 하는구나,,,"최요원,류재관",최요원X류재관,로맨틱,류재관X최요원,"만화,소설",hoohoo537,https://dongne.co/events/novel06/circles/159338,"아아─, 이것이 『소설』이라는 것이다. Chapter 6",Day2
만두없고만,악귀,,,,,2sp,이합화타적백묘사존,"병안본,네누이가너를팔았어",,"묵연,초만녕,허위,셰칭청",,"로맨틱,섹슈얼","답초, 위칭, 간헌여훈","만화,일러스트,소설",ak_gwi1387,https://dongne.co/events/novel06/circles/159565,"아아─, 이것이 『소설』이라는 것이다. Chapter 6",Day2
부스를내자,별사탕,,,,,1sp,괴담출근,,,,,,,,Lovgikkang,https://dongne.co/events/novel06/circles/159927,"아아─, 이것이 『소설』이라는 것이다. Chapter 6",Day2
살려주세요,td,,,,,1sp,,,,,,,,,,https://dongne.co/events/novel06/circles/159417,"아아─, 이것이 『소설』이라는 것이다. Chapter 6",Day2
삼십오만원,"시오, 세이",,,,,2sp,의다살 명급리,,,"진천희,제갈린,조의신,황지호",황지호X조의신,로맨틱,,"만화,일러스트",@txxldxx @qkqh240,https://dongne.co/events/novel06/circles/160648,"아아─, 이것이 『소설』이라는 것이다. Chapter 6",Day2
소동물서점,"만홍전석, 쏘야, 김닌, 시유리",,,,,4sp,화산귀환,,,"당보,청명",,로맨틱,,"소설,일러스트","DBCM_omakase, soya_diary, rorerzininop, tldbfl_2d",https://dongne.co/events/novel06/circles/160623,"아아─, 이것이 『소설』이라는 것이다. Chapter 6",Day2
썩은과수원,봉구밭과수원길,,,,,2sp,서브남주가 파업하면 생기는 일,초심잃은 아이돌을 위한 회귀백서,,"정예서,윤이든",지브릴X정예서,"로맨틱,섹슈얼","세드예서, 하준이든",기타,@gbg_2727,https://dongne.co/events/novel06/circles/159303,"아아─, 이것이 『소설』이라는 것이다. Chapter 6",Day2
애플블로썸,소내,,,,,1sp,괴출,,,,,,,일러스트,,https://dongne.co/events/novel06/circles/159287,"아아─, 이것이 『소설』이라는 것이다. Chapter 6",Day2
어드온바다,어드,,,,,1sp,어두운 바다의 등불이 되어,전지적 독자 시점,,논컾,,,,일러스트,@luvhunter_ad,https://dongne.co/events/novel06/circles/160280,"아아─, 이것이 『소설』이라는 것이다. Chapter 6",Day2
어서오세요,Aa,,,,,1sp,괴담출근,화산귀환,,,,,,,,https://dongne.co/events/novel06/circles/160378,"아아─, 이것이 『소설』이라는 것이다. Chapter 6",Day2
우리무리얌,사태,,,,,1sp,전원 사망이 예정된 세계관,"민감한 대리님,크툴루 게임 속 천재 마법사가 되었다,정체를 숨긴 게이머",,,,,,만화,@Z7inThePacific,https://dongne.co/events/novel06/circles/160909,"아아─, 이것이 『소설』이라는 것이다. Chapter 6",Day2
웹소마라탕,bambam0102,,,,,2sp,괴담에 떨어져도 출근을 해야 하는구나,내가 키운 s급들 / 이세계 착각헌터 / 데뷔 못하면 죽는 병 걸림,,"김솔음,한유진,박문대",브라운X김솔음,"로맨틱,섹슈얼","최솔, 잫솔, 현제유진, 유현유진, ",일러스트,_pink_kim,https://dongne.co/events/novel06/circles/159713,"아아─, 이것이 『소설』이라는 것이다. Chapter 6",Day2
잇츠소타임,소잡이(아리),,,,,1sp,데뷔 못 하면 죽는 병 걸림,"이착헌,괴담출근",,"테스타,강창호,최요원",박문대,,,만화,@saberdaisukii,https://dongne.co/events/novel06/circles/159878,"아아─, 이것이 『소설』이라는 것이다. Chapter 6",Day2
장발의축복,lumika0813,,,,,2sp,화산귀환,,,당보 청명 유이설 당소소 당군악 당잔 당패,,"로맨틱,섹슈얼",,,@2eeeeeeee2,https://dongne.co/events/novel06/circles/160018,"아아─, 이것이 『소설』이라는 것이다. Chapter 6",Day2
저녁드라마,출새,,,,,2sp,괴담에 떨어져도 출근을 해야 하는구나,,,J3,,"로맨틱,섹슈얼",,"만화,일러스트",@j3aaaaaaa,https://dongne.co/events/novel06/circles/159275,"아아─, 이것이 『소설』이라는 것이다. Chapter 6",Day2
조랭이떡집,도리,,,,,4sp,화산귀환,,,,,,,,@dduuri1,https://dongne.co/events/novel06/circles/160898,"아아─, 이것이 『소설』이라는 것이다. Chapter 6",Day2
짱려온앤온,피리아,,,,,2sp,이세계 착각 헌터,괴담에 떨어져도 출근을 해야 하는구나,김기려 길드 노동조합,"강창호,김기려",강창호X김기려,로맨틱,,,my_moist_alien,https://dongne.co/events/novel06/circles/159701,"아아─, 이것이 『소설』이라는 것이다. Chapter 6",Day2
차이나타운,챠코,,,,,2sp,괴담에 떨어져도 출근을 해야 하는구나,데뷔 못하면 죽는 병 걸림,,,,,,일러스트,@ChaKo_uoou,https://dongne.co/events/novel06/circles/160283,"아아─, 이것이 『소설』이라는 것이다. Chapter 6",Day2
팝콘팝니다,굿게,,,,,2sp,괴담에 떨어져도 출근을 해야 하는구나,내가 키운 S급들,최솔 쁘띠존 『사계 :: 사시가경(四時佳景)』,"김솔음,최요원",최요원X김솔음,해당없음,,일러스트,_ellllk,https://dongne.co/events/novel06/circles/159440,"아아─, 이것이 『소설』이라는 것이다. Chapter 6",Day2
한다문방구,HANDA,,,,,2sp,괴담에 떨어져도 출근을 해야 하는구나,"데못죽,내스급",,김솔음,선아현X박문대,로맨틱,성현제한유진,"만화,일러스트",@tender_han,https://dongne.co/events/novel06/circles/159667,"아아─, 이것이 『소설』이라는 것이다. Chapter 6",Day2
활자중독자,윤농노,,,,,2sp,전지적독자시점,괴담출근,,유중혁,유중혁X김독자,"로맨틱,섹슈얼",요원솔음 재관솔음 ,"소설,기타,일러스트",,https://dongne.co/events/novel06/circles/159848,"아아─, 이것이 『소설』이라는 것이다. Chapter 6",Day2
아아이것이<합격>이라는것이다,욜로,,,,,4sp,전독시,괴담출근,,유중혁,,,,일러스트,gudokjungdok,https://dongne.co/events/novel06/circles/159884,"아아─, 이것이 『소설』이라는 것이다. Chapter 6",Day2
냥이분양소 - 돌고래보호구역,햄스터가되자,,,,,2sp,괴담출근,내스급,,이성해,,로맨틱,,일러스트,@su_in_gg,https://dongne.co/events/novel06/circles/159819,"아아─, 이것이 『소설』이라는 것이다. Chapter 6",Day2
혼인해듀오 : 고령 초혼 상담 환영,우물,,,,,2sp,화산귀환,,,"당보,청명",당보X청명,로맨틱,,소설,woomool_1010,https://dongne.co/events/novel06/circles/161260,"아아─, 이것이 『소설』이라는 것이다. Chapter 6",Day2
돼지외계인 밭,마,,,,,2sp,이세계 착한 헌터,,김기려 길드 노동조합,"김기려,강창호",,,,"만화,일러스트",@ma64068248,https://dongne.co/events/novel06/circles/159551,"아아─, 이것이 『소설』이라는 것이다. Chapter 6",Day2
백년호합탕 한 사발 어떠신가요,콩,,,,,2sp,천관사복,인사반파자구계통 / 마도조사,무간심연 서울지점 ,빙추,낙빙하X심청추,,화련 / 막상 / 망무,기타,@kong_mdzs,https://dongne.co/events/novel06/circles/160478,"아아─, 이것이 『소설』이라는 것이다. Chapter 6",Day2
잡덕이어도 안 죄송한 부스가 되,최조수,,,,,1sp,문과라도 안 죄송한 이세계로 감,"이세계 정령사가 되었다,크툴루 게임 속 천재 마법사가 되었다",문송안함 쁘띠존: 다시 만난 9세계,"클레이오 아세르,베헤못(문과라도 안 죄송한 이세계로 감)",,,,"기타,일러스트",@choijs0111,https://dongne.co/events/novel06/circles/160643,"아아─, 이것이 『소설』이라는 것이다. Chapter 6",Day2
이세계라도 안 죄송한 괴담으로 출근합니다.,죠스바,,,,,1sp,이세계 착각 헌터 문송안함 괴담출근,"문송안함,괴담출근",,,,,,일러스트,@jawsbar_00,https://dongne.co/events/novel06/circles/160675,"아아─, 이것이 『소설』이라는 것이다. Chapter 6",Day2
긍락방으로 가자,에긍... / 이교,,,,,2sp,천관사복,,"천관이 복을 내리시니, 쁘띠존 걱정 하나 없다 2회",화성 / 사련,화성X사련,,,일러스트,@eguneg_work/ @u_gauqa,https://dongne.co/events/novel06/circles/161039,"아아─, 이것이 『소설』이라는 것이다. Chapter 6",Day2
뿌잉뿌잉과 모순,멍선생Q,,,,,1sp,마법명가 차남으로 살아남는법(마차살),,마차살 쁘띠존 < 쁘띠명가 차원에서 살아남는 법 >,루카스 아스카니엔,레오나르드X루카스,로맨틱,,"소설,공예",@mung1424,https://dongne.co/events/novel06/circles/159355,"아아─, 이것이 『소설』이라는 것이다. Chapter 6",Day2
오타쿠들의 만물상,amun,,,,,2sp,화산귀환,"괴담출근,진혼기",,당보청명일소솔음게룡,,섹슈얼,"일청, 잫솔, 블솔","소설,공예,기타",@jinamunher,https://dongne.co/events/novel06/circles/160187,"아아─, 이것이 『소설』이라는 것이다. Chapter 6",Day2
우주에서도 식물이 살 수 있나요?,쪽파,,,,,1sp,잔차품,,Priest 쁘띠존 : 주일예배 2,,루비싱X린징헝,"로맨틱,섹슈얼",,소설,@r00tr00tr00t,https://dongne.co/events/novel06/circles/159800,"아아─, 이것이 『소설』이라는 것이다. Chapter 6",Day2
자제분에게 자제가 안 되세요?,식,,,,,2sp,블랙배저,,,,,"섹슈얼,로맨틱",,,,https://dongne.co/events/novel06/circles/159579,"아아─, 이것이 『소설』이라는 것이다. Chapter 6",Day2
작두남에게 잡혀간 사람,필삼,,,,,1sp,괴담출근,,최솔 쁘띠존 『사계 :: 사시가경(四時佳景)』,"최요원,김솔음",최요원X김솔음,로맨틱,,소설,@salmon_2022,https://dongne.co/events/novel06/circles/159755,"아아─, 이것이 『소설』이라는 것이다. Chapter 6",Day2
파베초콜릿 요리모 파이,"46, 슌",,,,,2sp,마법명가 차남으로 살아남는 법,,마차살 쁘띠존 < 쁘띠명가 차원에서 살아남는 법 >,"나르케 파르네세,루카스 아스카니엔",나르케 파르네세X루카스 아스카니엔,해당없음,,,"@4626S2, @npiyis",https://dongne.co/events/novel06/circles/160575,"아아─, 이것이 『소설』이라는 것이다. Chapter 6",Day2
언제까지고 당신을 위한 마감을 낋일거라고,마가목,,,,,2sp,전독시,"어바등,데못죽,괴출",,유중혁 김독자,,"섹슈얼,로맨틱",해량무현,소설,@Maga_mok23,https://dongne.co/events/novel06/circles/160687,"아아─, 이것이 『소설』이라는 것이다. Chapter 6",Day2
우리부스에 햄스터 있어요,"홍차,꾸",,,,,2sp,데뷔 못 하면 죽는 병 걸림,,,배세진,,로맨틱,"류건우x배세진(건뵤), 박문대x 배세진(댕뵤), 이세진x배세진(큰배), 류청우x배세진(청배) , 건뵤,큰배,댕뵤,청배","만화,일러스트,기타",,https://dongne.co/events/novel06/circles/160692,"아아─, 이것이 『소설』이라는 것이다. Chapter 6",Day2
무림합기도 청정봉관,묵희,,,,,2sp,인사반파자구계통,,무간심연 서울지점 ,,,,,,@jjangmuki,https://dongne.co/events/novel06/circles/159484,"아아─, 이것이 『소설』이라는 것이다. Chapter 6",Day2
카이리스로 들어가라,가래떡,,,,,2sp,적왕사,"마차살,내데뷔",,,,,,일러스트,"@s0ngpyun, @st__lu",https://dongne.co/events/novel06/circles/160481,"아아─, 이것이 『소설』이라는 것이다. Chapter 6",Day2
백린의각에 떨어져도 출근을 해야하는구나,"와냠,주의",,,,,2sp,"의원,다시 살다. 괴담에 떨어져도 출근을 해야 하는구나.",,,"진천희,유호,제갈린,사마현,김솔음,최요원,류재관",,,,"일러스트,기타",@owl_217,https://dongne.co/events/novel06/circles/160617,"아아─, 이것이 『소설』이라는 것이다. Chapter 6",Day2
어서오세요 잡동사니 리조트에,감새 에베 꼬알,,,,,2sp,괴담출근,,,,,,,,,https://dongne.co/events/novel06/circles/159374,"아아─, 이것이 『소설』이라는 것이다. Chapter 6",Day2
장례식인줄 알았는데 결혼식이엿던건에 대하여,Haga,,,,,2sp,길라잡이 등불,왕은 웃었다,,,,,,,@king_smile_hg,https://dongne.co/events/novel06/circles/160485,"아아─, 이것이 『소설』이라는 것이다. Chapter 6",Day2
잡탕찌개를 낋여오거라,광합성하는 민트,,,,,2sp,데뷔 못 하면 죽는 병 걸림,괴담출근,,"테스타,브이틱",청려X문대,로맨틱,청려건우,일러스트,@Mint031124,https://dongne.co/events/novel06/circles/160387,"아아─, 이것이 『소설』이라는 것이다. Chapter 6",Day2
이렇게까지 사랑하는건 계획에 없었는데 -최&솔-,쥑,,,,,2sp,괴담출근,데못죽,최솔 쁘띠존 『사계 :: 사시가경(四時佳景)』,,,로맨틱,청려문대,,@kim_soreum,https://dongne.co/events/novel06/circles/160717,"아아─, 이것이 『소설』이라는 것이다. Chapter 6",Day2
괴뛰드하우스,정원,,,,,2sp,괴담출근,해리포터,,,,,,공예,,https://dongne.co/events/novel06/circles/159586,"아아─, 이것이 『소설』이라는 것이다. Chapter 6",Day2
굿즈팔이소녀,민디,,,,,1sp,괴담출근,데못죽,,김솔음 j3 최요원,,,,일러스트,mindy_cmt,https://dongne.co/events/novel06/circles/159691,"아아─, 이것이 『소설』이라는 것이다. Chapter 6",Day2
노벨문큰학상,"귬, 말랑",,,,,1sp,데뷔 못 하면 죽는 병 걸림,괴담에 떨어져도 출근을 해야 하는구나,,,박문대X이세진,,류건우×이세진,,"@potatowtchngyou, @csluvvv",https://dongne.co/events/novel06/circles/159273,"아아─, 이것이 『소설』이라는 것이다. Chapter 6",Day2
대외전략본부,"율, 헤헹",,,,,2sp,백작가의 망나니가 되었다,,백망되 쁘띠존 <케일님80년근속추진위원회>,"케일 헤니투스,김록수,최한,현대팀",최한X케일 헤니투스,로맨틱,,"소설,만화","@Yul_0713, @heheheheheng00",https://dongne.co/events/novel06/circles/161138,"아아─, 이것이 『소설』이라는 것이다. Chapter 6",Day2
드디어왔어요,눌눌,,,,,1sp,,,,,,,,,,https://dongne.co/events/novel06/circles/159901,"아아─, 이것이 『소설』이라는 것이다. Chapter 6",Day2
부스명구해요,라미,,,,,1sp,데뷔못하면 죽는병에 걸림,,,박문대,,,,만화,@ram_nyang,https://dongne.co/events/novel06/circles/160117,"아아─, 이것이 『소설』이라는 것이다. Chapter 6",Day2
불초제자클럽,황도,,,,,2sp,인사반파자구계통,이합화타적백묘사존,무간심연 서울지점 ,낙빙하,낙빙하X심청추,"해당없음,로맨틱","연만, 답초",소설,@hwangdo157,https://dongne.co/events/novel06/circles/160203,"아아─, 이것이 『소설』이라는 것이다. Chapter 6",Day2
사존사랑해요,mozza,,,,,2sp,인사반파자구계통,블랙스완,무간심연 서울지점 ,,낙빙하X심청추,"로맨틱,섹슈얼","창매, ","만화,기타",mot_g_ha,https://dongne.co/events/novel06/circles/159423,"아아─, 이것이 『소설』이라는 것이다. Chapter 6",Day2
아무생각없음,지옥이,,,,,2sp,"괴담출근,이착헌",,,올캐러,,,,,,https://dongne.co/events/novel06/circles/161081,"아아─, 이것이 『소설』이라는 것이다. Chapter 6",Day2
와플호떡가게,와플,,,,,2sp,괴담에 떨어져도 출근을 해야 하는구나,데뷔 못 하면 죽는 병 걸림,,,,,,"만화,일러스트,기타",@angelinwaffle,https://dongne.co/events/novel06/circles/159833,"아아─, 이것이 『소설』이라는 것이다. Chapter 6",Day2
외전언제나와,.,,,,,1sp,데뷔못하면죽는병걸림 데못죽,,,"차유진,김래빈",유진X래빈,로맨틱,,"만화,일러스트",..,https://dongne.co/events/novel06/circles/160848,"아아─, 이것이 『소설』이라는 것이다. Chapter 6",Day2
자유선언만세,별찌,,,,,2sp,잔차품,,Priest 쁘띠존 : 주일예배 2,루린,루비싱X린징헝,"로맨틱,섹슈얼",,"소설,일러스트",@niga__cherry,https://dongne.co/events/novel06/circles/159776,"아아─, 이것이 『소설』이라는 것이다. Chapter 6",Day2
정기부스총회,티,,,,,1sp,괴담출근,진혼기,,,,,,,@_Mu_G_El_,https://dongne.co/events/novel06/circles/160711,"아아─, 이것이 『소설』이라는 것이다. Chapter 6",Day2
좁은문에꽉낌,"우드세이지, 마치",,,,,2sp,마차살,괴담출근,마차살 쁘띠존 < 쁘띠명가 차원에서 살아남는 법 >,에스체트(NCP),,,,소설,"@IminBayern, @likemarch_p",https://dongne.co/events/novel06/circles/160409,"아아─, 이것이 『소설』이라는 것이다. Chapter 6",Day2
퐁가리스웨츠,네짜흐,,,,,1sp,어두운 바다의 등불이 되어(어바등),이세계 착각 헌터(이착헌),,,,,,만화,@netjjach,https://dongne.co/events/novel06/circles/159289,"아아─, 이것이 『소설』이라는 것이다. Chapter 6",Day2
행운을빌어요,"유용, 락, 왕빵",,,,,2sp,열화요수,,Priest 쁘띠존 : 주일예배 2,,,,,"만화,일러스트","@C_U_C_Me, @remember_0230",https://dongne.co/events/novel06/circles/160084,"아아─, 이것이 『소설』이라는 것이다. Chapter 6",Day2
의원괴담실록~배양실에서 벌어지는 괴이한 이야기들,상추,,,,,4sp,"괴담출근,의원다시살다,공작님회계해주세요,의다살,괴출,공회주",,,"김솔음,진천희,제갈린,유호,백사헌",유호X천희,,"사헌솔음,최솔,린희",만화,@SSangchu00,https://dongne.co/events/novel06/circles/160302,"아아─, 이것이 『소설』이라는 것이다. Chapter 6",Day2
삼국시대에도 사랑은 할 수 있어,sunware,,,,,1sp,진혼기,마도조사,,자하 설영,자하X설영,해당없음,,"공예,조형",@yuuuoo_o9,https://dongne.co/events/novel06/circles/159687,"아아─, 이것이 『소설』이라는 것이다. Chapter 6",Day2
예체능이여도 죄송하지 않은 이세계로 감,땡땡,,,,,2sp,문과라도 안 죄송한 이세계로 감,,문송안함 쁘띠존: 다시 만난 9세계,,,,,일러스트,@Moonsonganham,https://dongne.co/events/novel06/circles/161288,"아아─, 이것이 『소설』이라는 것이다. Chapter 6",Day2
멍킁멍킁하다 멍킁멍킁한,궈,,,,,1sp,데뷔 못 하면 죽는 병 걸림,,,,박문대X이세진,"섹슈얼,로맨틱",,기타,@1trnj,https://dongne.co/events/novel06/circles/160567,"아아─, 이것이 『소설』이라는 것이다. Chapter 6",Day2
백년호합탕에 옥결빙청환 말아먹기,감자싹,,,,,2sp,천관사복,,"천관이 복을 내리시니, 쁘띠존 걱정 하나 없다 2회","화성,사련",화성X사련,로맨틱,,"일러스트,소설,공예",@Motudou_tgcf,https://dongne.co/events/novel06/circles/160817,"아아─, 이것이 『소설』이라는 것이다. Chapter 6",Day2
마감할수있다!,KIN,,,,,1sp,변경백 서자는 황제였다,,,,,,,,,https://dongne.co/events/novel06/circles/160012,"아아─, 이것이 『소설』이라는 것이다. Chapter 6",Day2
상천정인가요? 아뇨 청정봉입니다,"심청추더듬이, 일초, 칠칠",,,,,2sp,"인사반파자구계통,천관사복",,무간심연 서울지점 ,,낙빙하X심청추,,권일진×인옥,"소설,일러스트,공예","look_purple_ , jinjjailch33059, chlchl_77",https://dongne.co/events/novel06/circles/160234,"아아─, 이것이 『소설』이라는 것이다. Chapter 6",Day2
안녕하십니까? 저희는 마마연(마법사들의 인권과 발전하는 마법부를 위한 연대)인데요 아 거 가만보니까 실력이 좋나게 좋으신 것 같더라고요 감탄해서 제 주둥이가 떡 벌어지니 이거 안 다물어집니다 시간도 많아 보이시는데 함께 심연으로 가실래요? 물이 정말 얕아요,두디,,,,,1sp,변경백 서자는 황제였다,,,"이안,나움,진,베릭 등",,"로맨틱,해당없음","나움이안, 진이안 등",소설,@dodidodi_1,https://dongne.co/events/novel06/circles/161276,"아아─, 이것이 『소설』이라는 것이다. Chapter 6",Day2
클래식은옳다.그러니사과잼와플도옳다,와플,,,,,1sp,명급리,,,0반,황지호X조의신,로맨틱,제건신록,"만화,소설,기타",,https://dongne.co/events/novel06/circles/159272,"아아─, 이것이 『소설』이라는 것이다. Chapter 6",Day2
국혼추진위원회,솔,,,,,1sp,마법명가 차남으로 살아남는 법,,마차살 쁘띠존 < 쁘띠명가 차원에서 살아남는 법 >,"레오,루카스",레오나르드 비텔스바흐X루카스 아스카니엔,로맨틱,메클이안,소설,@1215_solsol,https://dongne.co/events/novel06/circles/160633,"아아─, 이것이 『소설』이라는 것이다. Chapter 6",Day2
기회무한리필집,율토끼,,,,,1sp,천관사복,,"천관이 복을 내리시니, 쁘띠존 걱정 하나 없다 2회","하현,사청현",,,,"만화,일러스트",@mm_yu9l1,https://dongne.co/events/novel06/circles/159404,"아아─, 이것이 『소설』이라는 것이다. Chapter 6",Day2
너무너무무서워,k1130s,,,,,1sp,괴담출근,,,,,,,,@Hwiwol,https://dongne.co/events/novel06/circles/159645,"아아─, 이것이 『소설』이라는 것이다. Chapter 6",Day2
댕뵤건뵤잡화점,이아이,,,,,2sp,데뷔 못 하면 죽는 병 걸림,괴담에 떨어져도 출근을 해야 하는구나,,,,,,,,https://dongne.co/events/novel06/circles/160390,"아아─, 이것이 『소설』이라는 것이다. Chapter 6",Day2
든쭌부흥위원회,원화,,,,,1sp,초심 잃은 아이돌을 위한 회귀 백서,,,"윤이든,견하준",,해당없음,,소설,@ParadiseCotton_,https://dongne.co/events/novel06/circles/161069,"아아─, 이것이 『소설』이라는 것이다. Chapter 6",Day2
바다별노을모래,루제,,,,,1sp,망아살,"어두운 바다의 등불이 되어(어바등),던그화",호윤이가 손수 만든 쁘띠존입니다앙,"서호윤,박무현",김재희X박무현,해당없음,,"소설,일러스트",@t_bLUEj,https://dongne.co/events/novel06/circles/160194,"아아─, 이것이 『소설』이라는 것이다. Chapter 6",Day2
사천마라기와집,영영,,,,,1sp,화산귀환,마도조사,,,,로맨틱,망기무선,"만화,일러스트",0g_00g,https://dongne.co/events/novel06/circles/161332,"아아─, 이것이 『소설』이라는 것이다. Chapter 6",Day2
소미네돼지만두,솜소미,,,,,2sp,괴담에떨어져도출근을해야하는구나,,,"김솔음,최요원,류재관,이자헌,J3,백사헌,이성해",,,,,@uncannysom,https://dongne.co/events/novel06/circles/161194,"아아─, 이것이 『소설』이라는 것이다. Chapter 6",Day2
아무■■대잔치,"집주인, 톨렝",,,,,2sp,데못죽,괴출,,배세진,류건우X배세진,로맨틱,"앟문, 큰배, 윶랩","만화,소설",@juin_i7,https://dongne.co/events/novel06/circles/159250,"아아─, 이것이 『소설』이라는 것이다. Chapter 6",Day2
아직모르겟서요,깜,,,,,2sp,괴담출근,이착헌,,,,,,,,https://dongne.co/events/novel06/circles/160336,"아아─, 이것이 『소설』이라는 것이다. Chapter 6",Day2
오래오래삽시당,까람,,,,,1sp,백작가의망나니가되었다,,백망되 쁘띠존 <케일님80년근속추진위원회>,"이수혁,김록수,최정수,케일헤니투스",,,,"기타,일러스트",@sexyggaram,https://dongne.co/events/novel06/circles/160994,"아아─, 이것이 『소설』이라는 것이다. Chapter 6",Day2
웰컴투오르국혼,터포,,,,,2sp,터닝,,,"키시아르,유더",키시아르X유더,"로맨틱,섹슈얼",,소설,@turpo0209,https://dongne.co/events/novel06/circles/160671,"아아─, 이것이 『소설』이라는 것이다. Chapter 6",Day2
이게마지막이다,달칵,,,,,1sp,"괴담에 떨어져도 출근을 해야 하는구나(괴담출근,괴출)",,,,,,,,@masinda007,https://dongne.co/events/novel06/circles/160139,"아아─, 이것이 『소설』이라는 것이다. Chapter 6",Day2
제정신머리합격,조물렁,,,,,2sp,괴담출근,마차살 변호됨,,,,,,"만화,일러스트",@didbub1,https://dongne.co/events/novel06/circles/159383,"아아─, 이것이 『소설』이라는 것이다. Chapter 6",Day2
중국게이자만추,"면면단, 카세트",,,,,2sp,잔차품,"잔차품,살파랑,묵독,열화요수,천관사복,마도조사,천추,군유질부,이합화타적백묘사존(얼하),병안본,장진주",Priest 쁘띠존 : 주일예배 2,"루비싱,린징헝,잔루,린징슈,쉬엔지,성령연,뤄원저우,페이두,장경,고윤,소책안,심란주,남망기,위무선,초명윤,소세예,화성,사련,안무사,심교,묵연,초만녕,답선군,허위,셰칭청",,로맨틱,"루린, 선령, 저우두, 창구, 책주, 망무, 화련, 안심, 초소, 연만, 답초, 위칭",일러스트,cassette_cbl,https://dongne.co/events/novel06/circles/160599,"아아─, 이것이 『소설』이라는 것이다. Chapter 6",Day2
중원마리오네트,삼초,,,,,1sp,화산귀환,,,청명 당보 청문 청진,당보X청명,로맨틱,,"소설,만화",@chosam1010,https://dongne.co/events/novel06/circles/160824,"아아─, 이것이 『소설』이라는 것이다. Chapter 6",Day2
처음부스내봐요,슈요,,,,,1sp,적왕사,마차살,,"칼리안,플란츠,베른,루카스,레오,엘리아스,나르케",,,,일러스트,@shuyo_kb,https://dongne.co/events/novel06/circles/159942,"아아─, 이것이 『소설』이라는 것이다. Chapter 6",Day2
콩가루날림주의,지존,,,,,1sp,잔차품,열화요수,Priest 쁘띠존 : 주일예배 2,"루비싱,린징헝",루비싱X린징헝,로맨틱,"쉬엔지성령연, 강민재차주한",,zlzonegege,https://dongne.co/events/novel06/circles/160774,"아아─, 이것이 『소설』이라는 것이다. Chapter 6",Day2
테크노복슬머신,쿠쿠,,,,,1sp,,,,,,,,만화,@Hamkuku,https://dongne.co/events/novel06/circles/159993,"아아─, 이것이 『소설』이라는 것이다. Chapter 6",Day2
펑크만내지말자,코우,,,,,2sp,데뷔 못 하면 죽는 병 걸림,괴담에 떨어져도 출근을 해야 하는구나,,"박문대,차유진,김래빈,이세진,배세진,선아현,류청우,청려,김솔음",,,,일러스트,@Fanso_kouzuki,https://dongne.co/events/novel06/circles/160735,"아아─, 이것이 『소설』이라는 것이다. Chapter 6",Day2
하려하려는부스,Name,,,,,2sp,이세계 착각 헌터,,,"정하성,김기려",정하성X김기려,"로맨틱,섹슈얼",,소설,,https://dongne.co/events/novel06/circles/159963,"아아─, 이것이 『소설』이라는 것이다. Chapter 6",Day2
왕립수도방위대 학교 휴학생과 졸업생,이십삼,,,,,2sp,문과라도 안 죄송한 이세계로 감,,문송안함 쁘띠존: 다시 만난 9세계,"클레이오 아세르,아서 리오그난 등의 소설 등장인물 일부",,,,일러스트,@23_ipnida,https://dongne.co/events/novel06/circles/161233,"아아─, 이것이 『소설』이라는 것이다. Chapter 6",Day2
사천당가마라탕 룬데인점,녹,,,,,1sp,문과라도 안 죄송한 이세계로 감,,문송안함 쁘띠존: 다시 만난 9세계,"클레이오 아세르,아서 리오그난",,해당없음,첼시엘,기타,@nokdu__,https://dongne.co/events/novel06/circles/160479,"아아─, 이것이 『소설』이라는 것이다. Chapter 6",Day2
왹개많이주세요(귀엽다는듯이웃기,"차, 왹띠",,,,,2sp,이세계 착각 헌터,,,,김기려X정하성,,,"소설,기타",@alien_ddi,https://dongne.co/events/novel06/circles/161059,"아아─, 이것이 『소설』이라는 것이다. Chapter 6",Day2
고영형제보호협회,아기자기,,,,,1sp,내가 키운 s급들,,,"한유현,한유진",한유현X한유진,"로맨틱,섹슈얼",,,,https://dongne.co/events/novel06/circles/159566,"아아─, 이것이 『소설』이라는 것이다. Chapter 6",Day2
대청봉악성개인팬,계출보는괴정,,,,,1sp,괴담에 떨어져도 출근은 해야 하는구나,,솔최 쁘띠존 <GET+LUCKY>,"김솔음,최요원",김솔음X최요원,로맨틱,,소설,@rockiscat777,https://dongne.co/events/novel06/circles/161317,"아아─, 이것이 『소설』이라는 것이다. Chapter 6",Day2
맛조아나들이치킨,GYU,,,,,2sp,괴담에 떨어져도 출근을 해야 하는구나,"이세계 착각 헌터,윈브레,데못죽,마차살",,,,,,,@min5ko,https://dongne.co/events/novel06/circles/159487,"아아─, 이것이 『소설』이라는 것이다. Chapter 6",Day2
묵향짭콜라보카페,"셸, 만더기",,,,,1sp,마도조사,"천관사복,인사반파자구계통(사반)",,,,,,"소설,만화,기타","@S_CN_S2, @juykyoungg",https://dongne.co/events/novel06/circles/161263,"아아─, 이것이 『소설』이라는 것이다. Chapter 6",Day2
뭐라도나오는부스,양갱,,,,,2sp,어두운 바다의 등불이 되어,문송안함,,박무현,김재희X박무현,로맨틱,,일러스트,@27hyun0y0,https://dongne.co/events/novel06/circles/160901,"아아─, 이것이 『소설』이라는 것이다. Chapter 6",Day2
미디어박애주의자,롯기,,,,,2sp,괴담에 떨어져도 출근을 해야하는구나,"어바등,어두운바다의등불이되어,회사원이 퇴마를 잘함",,곽제강 J3,곽제강XJ3,"로맨틱,섹슈얼","JJJ, 제삼제강, 해량무현",만화,@machinegun100,https://dongne.co/events/novel06/circles/159507,"아아─, 이것이 『소설』이라는 것이다. Chapter 6",Day2
미래의나야부탁해,호양,,,,,1sp,"크법사,의다살",,,,,,,,,https://dongne.co/events/novel06/circles/159330,"아아─, 이것이 『소설』이라는 것이다. Chapter 6",Day2
바벨탑진흥연구소,Sage,,,,,1sp,마법명가 차남으로 살아남는 법,,마차살 쁘띠존 < 쁘띠명가 차원에서 살아남는 법 >,"루카스,레오나르드,나르케,엘리아스",루카스 아스카니엔X나르케 파르네세,로맨틱,"엘리아스 호엔촐레른x레오나르드 비텔스바흐, 루카스 아스카니엔x레오나르드 비텔스바흐",일러스트,@sage_thyme12,https://dongne.co/events/novel06/circles/159811,"아아─, 이것이 『소설』이라는 것이다. Chapter 6",Day2
백아재림만민앙복,"미해, 때때, 바르, 판귄",,,,,2sp,화산귀환,,,백아,,,,,"@fullBloom030, @HS_DDAE, @bartolomeus_, @panguin2000",https://dongne.co/events/novel06/circles/159361,"아아─, 이것이 『소설』이라는 것이다. Chapter 6",Day2
소금빵에상추솔솔,소금빵,,,,,2sp,데뷔 못하면 죽는 병 걸림,"괴담출근,이착헌,망아살",,,,,,일러스트,@sugarbban,https://dongne.co/events/novel06/circles/160627,"아아─, 이것이 『소설』이라는 것이다. Chapter 6",Day2
웹소설중독자모임,센,,,,,1sp,"괴담출근,이착헌","내데뷔,데못죽,마마살,어바등 등",,"브라운,솔음,김기려",,,,,@commu1996,https://dongne.co/events/novel06/circles/159315,"아아─, 이것이 『소설』이라는 것이다. Chapter 6",Day2
의원안죽고또오다,"로운, 박제우, 도톨소협, MANGNYE",,,,,2sp,의원 다시 살다,,,진천희 제갈린 유호,제갈린X진천희,"로맨틱,섹슈얼,해당없음",올캐러 NCP(논컾),"소설,만화",@mangnani01,https://dongne.co/events/novel06/circles/160174,"아아─, 이것이 『소설』이라는 것이다. Chapter 6",Day2
잡식성과식증후군,오티엘라,,,,,1sp,데뷔못하면죽는병걸림,이세계착각헌터,,신재현,건우X청려,섹슈얼,"기려하성, 기려창호","일러스트,소설",OTLllla,https://dongne.co/events/novel06/circles/160128,"아아─, 이것이 『소설』이라는 것이다. Chapter 6",Day2
창궁산파할인마켓,주인공충,,,,,1sp,인사반파자구계통,,무간심연 서울지점 ,"낙빙하,심청추",낙빙하X심청추,로맨틱,,"일러스트,기타",tansunjjang,https://dongne.co/events/novel06/circles/160798,"아아─, 이것이 『소설』이라는 것이다. Chapter 6",Day2
판소볶음부대찌개,"이구,유나아린",,,,,2sp,괴담에 떨어져도 출근을 해야 하는구나,"내가 키운 S급들,어두운 바다의 등불이 되어,블랙배저,너희들은 변호됐다",,,,,,,@bombi_igu,https://dongne.co/events/novel06/circles/160291,"아아─, 이것이 『소설』이라는 것이다. Chapter 6",Day2
형이키운아기천사,공공,,,,,1sp,내가 키운 S급들,,,한유현 한유진,한유현X한유진,로맨틱,,기타,@JD_tls250,https://dongne.co/events/novel06/circles/160076,"아아─, 이것이 『소설』이라는 것이다. Chapter 6",Day2
남녀연애자유선언 | 은전한닢,은여 | 연두부,,,,,2sp,"괴담에 떨어져도 출근을 해야하는 구나,적기사는 눈먼 돈을 좇지 않는다,월야환담","86 에이티식스,데뷔 못하면 죽는 병에 걸림",,,,,,,,https://dongne.co/events/novel06/circles/159252,"아아─, 이것이 『소설』이라는 것이다. Chapter 6",Day2
초자연재난관리국 홍보팀,강체,,,,,2sp,괴담에 떨어져도 출근을 해야 하는구나,,,최요원,,,,"만화,일러스트",GANGCHE_,https://dongne.co/events/novel06/circles/159503,"아아─, 이것이 『소설』이라는 것이다. Chapter 6",Day2
초자연재관난리국 활동모금 바자회,9999,,,,,2sp,괴담에 떨어져도 출근을 해야 하는구나,괴담출근,,,,,,"만화,일러스트,소설",@_9_999,https://dongne.co/events/novel06/circles/159549,"아아─, 이것이 『소설』이라는 것이다. Chapter 6",Day2
초자연재난관리국 화분관리팀,우니,,,,,2sp,괴담에 떨어져도 출근을 해야하는구나,,최솔 쁘띠존 『사계 :: 사시가경(四時佳景)』,"최요원,김솔음,류재관",최요원X김솔음,로맨틱,,,offssoi,https://dongne.co/events/novel06/circles/159905,"아아─, 이것이 『소설』이라는 것이다. Chapter 6",Day2
동쪽산으로들어가라,해후,,,,,2sp,길라잡이의 등불,"왕은 웃었다,마법명가 차남으로 살아남는 법,명문고 EX급 조연의 리플레이",,,,,,,@Haehoo_0524,https://dongne.co/events/novel06/circles/159923,"아아─, 이것이 『소설』이라는 것이다. Chapter 6",Day2
루카루카나이트피버,누룽,,,,,1sp,마법명가 차남으로 살아남는 법,,마차살 쁘띠존 < 쁘띠명가 차원에서 살아남는 법 >,루카스 아스카니엔,,,,,@ghost_story__33,https://dongne.co/events/novel06/circles/159825,"아아─, 이것이 『소설』이라는 것이다. Chapter 6",Day2
뭐라도나오지않을까,뤼쨩,,,,,2sp,화산귀환,"데못죽,주술회전,괴담출",,"청명,고죠,게토,박문대,선아현,이세진",,,,"만화,일러스트",@Plli_lyui,https://dongne.co/events/novel06/circles/161180,"아아─, 이것이 『소설』이라는 것이다. Chapter 6",Day2
뭐라도해보겠습니다,성실신도,,,,,2sp,천관사복,,"천관이 복을 내리시니, 쁘띠존 걱정 하나 없다 2회","화성,사련",,,,,mooeongaui,https://dongne.co/events/novel06/circles/160747,"아아─, 이것이 『소설』이라는 것이다. Chapter 6",Day2
암존도환생할수있어,새부리,,,,,2sp,화산귀환,,,당보,,,,일러스트,asebury,https://dongne.co/events/novel06/circles/159286,"아아─, 이것이 『소설』이라는 것이다. Chapter 6",Day2
일한번저질러보리라,넝따,,,,,2sp,괴담출근,붕괴 스타레일,,괴담출근 캐릭터,,,,일러스트,@nong_345,https://dongne.co/events/novel06/circles/160804,"아아─, 이것이 『소설』이라는 것이다. Chapter 6",Day2
족제비핵불닭마라탕,DL,,,,,2sp,천관사복,인사반파,"천관이 복을 내리시니, 쁘띠존 걱정 하나 없다 2회",,,,,,@Deulle_Mm,https://dongne.co/events/novel06/circles/159269,"아아─, 이것이 『소설』이라는 것이다. Chapter 6",Day2
탕수육피자김치찌개,심연,,,,,2sp,괴담출근,변호됨,최솔 쁘띠존 『사계 :: 사시가경(四時佳景)』,"최요원,김솔음",최요원X김솔음,로맨틱,"사헌영은, 민재주한","소설,일러스트",@wanderboutabyss,https://dongne.co/events/novel06/circles/159859,"아아─, 이것이 『소설』이라는 것이다. Chapter 6",Day2
주신직속광역감찰부 홍보팀,홍보팀장,,,,,2sp,가즈나이트,,,휀 라디언트,,,,소설,,https://dongne.co/events/novel06/circles/159405,"아아─, 이것이 『소설』이라는 것이다. Chapter 6",Day2
통일신라화랑연구회 정기모임,설마,,,,,4sp,진혼기,,,"설영,자하",설영X자하,로맨틱,,소설,@_seolma,https://dongne.co/events/novel06/circles/159669,"아아─, 이것이 『소설』이라는 것이다. Chapter 6",Day2
엋문콩이한집에있어 아빠엋아빠문애기콩,이오,,,,,1sp,데뷔 못 하면 죽는 병 걸림,,,"신재현,박문대,콩이",청려X문대,로맨틱,,일러스트,@Ilio_125,https://dongne.co/events/novel06/circles/161030,"아아─, 이것이 『소설』이라는 것이다. Chapter 6",Day2
문이야큰이야사랑해요,"우구리, 서문바다 ",,,,,2sp,데뷔 못하면 죽는 병 걸림,너희들은 변호됐다,,"박문대,이세진",박문대X이세진,로맨틱,"문대아현, 주한민재","일러스트,만화","@haeryang_s2, @seomunbada_DMJ",https://dongne.co/events/novel06/circles/159628,"아아─, 이것이 『소설』이라는 것이다. Chapter 6",Day2
수제치킨오픈이벤트중,쑥,,,,,1sp,열화요수,,Priest 쁘띠존 : 주일예배 2,,,,,,@artemissuk,https://dongne.co/events/novel06/circles/160892,"아아─, 이것이 『소설』이라는 것이다. Chapter 6",Day2
여우는만터우를좋아해,미노노,,,,,1sp,천관사복,,"천관이 복을 내리시니, 쁘띠존 걱정 하나 없다 2회","화성,사련",,,,"기타,일러스트",minono60309,https://dongne.co/events/novel06/circles/161284,"아아─, 이것이 『소설』이라는 것이다. Chapter 6",Day2
착각괴담통모차핫도그,모차,,,,,2sp,"괴담출근,이착헌",,,,,,,"일러스트,만화",@mocha5earlgrey,https://dongne.co/events/novel06/circles/160323,"아아─, 이것이 『소설』이라는 것이다. Chapter 6",Day2
사별맛집「순애객잔」~해저지점~ ,공주,,,,,1sp,화산귀환,,,,당보X청명,,,일러스트,@sibalgonju77,https://dongne.co/events/novel06/circles/160832,"아아─, 이것이 『소설』이라는 것이다. Chapter 6",Day2
출근하기싫어서데뷔함 ,하루,,,,,2sp,괴담에 떨어져도 출근을 해야 하는구나,데뷔 못 하면 죽는 병 걸림,,,,,,,@halusaem,https://dongne.co/events/novel06/circles/160424,"아아─, 이것이 『소설』이라는 것이다. Chapter 6",Day2
경찰청쇠창살은외철창살,나로,,,,,2sp,서브남주가 파업하면 생기는 일,너희들은 변호됐다,,"세드리크,정예서",세드리크X정예서,로맨틱,민재주한,"만화,공예,기타,일러스트",naro_akam,https://dongne.co/events/novel06/circles/159578,"아아─, 이것이 『소설』이라는 것이다. Chapter 6",Day2
어쩌다보니그렇게되었다,이포♡,,,,,2sp,화산귀환,,,"당보,청명",,해당없음,,소설,@stay_for0,https://dongne.co/events/novel06/circles/160588,"아아─, 이것이 『소설』이라는 것이다. Chapter 6",Day2
저희부스정상영업합니다,북한산비둘기,,,,,2sp,괴담에 떨어져도 출근을 해야 하는구나,,,,,해당없음,,기타,@nkpigeon02,https://dongne.co/events/novel06/circles/159773,"아아─, 이것이 『소설』이라는 것이다. Chapter 6",Day2
파스타애호협회파주지부,연소,,,,,1sp,크툴루 게임 속 천재 마법사가 되었다(크법사),,,,,,,"일러스트,소설",yeonso656499,https://dongne.co/events/novel06/circles/159780,"아아─, 이것이 『소설』이라는 것이다. Chapter 6",Day2
내가아이소에부스를낸다고,행,,,,,1sp,마법명가 차남으로 살아남는 법,,마차살 쁘띠존 < 쁘띠명가 차원에서 살아남는 법 >,"루카스 아스카니엔,나르케 파르네세,레오나르드 비텔스바흐",,,,일러스트,@Haeseo_o,https://dongne.co/events/novel06/circles/160884,"아아─, 이것이 『소설』이라는 것이다. Chapter 6",Day2
두근두근♡연애시뮬레이션,심마,,,,,1sp,어두운 바다의 등불이 되어,,,슈란,슈란X애영,로맨틱,재희무현,"만화,소설,일러스트",@shimma_0531,https://dongne.co/events/novel06/circles/159527,"아아─, 이것이 『소설』이라는 것이다. Chapter 6",Day2
은광고교내연애추진위원회,찬라,,,,,1sp,명급리,,,,황지호X조의신,로맨틱,제건신록,,,https://dongne.co/events/novel06/circles/159614,"아아─, 이것이 『소설』이라는 것이다. Chapter 6",Day2
용가리와왹져로하나되는우리,푸딩,,,,,2sp,이세계 착각 헌터,,,"강창호,김기려",강창호X김기려,로맨틱,,소설,@haeeun1180742,https://dongne.co/events/novel06/circles/159832,"아아─, 이것이 『소설』이라는 것이다. Chapter 6",Day2
이미결혼했는데굳이동인을함,yu,,,,,2sp,퇴마록,,,,이현암X현승희,섹슈얼,,만화,,https://dongne.co/events/novel06/circles/159563,"아아─, 이것이 『소설』이라는 것이다. Chapter 6",Day2
이제는더이상물러날곳이없다,낑깡,,,,,2sp,천관사복,"괴담출근,이세계착각헌터 등","천관이 복을 내리시니, 쁘띠존 걱정 하나 없다 2회",화성 사련,화성X사련,로맨틱,"지사풍사, 최솔최, 기려연 ","만화,일러스트",@ggang_gr,https://dongne.co/events/novel06/circles/160242,"아아─, 이것이 『소설』이라는 것이다. Chapter 6",Day2
매화검존께서부스를구하셨거늘,야엉,,,,,1sp,화산귀환,,,"청명,당보",당보X청명,섹슈얼,,소설,@iamacatpotato,https://dongne.co/events/novel06/circles/160254,"아아─, 이것이 『소설』이라는 것이다. Chapter 6",Day2
어탐기가뭔데우리사이를갈라놔,"빵에대하여, 키리에",,,,,2sp,괴담에 떨어져도 출근은 해야 하는구나,,솔최 쁘띠존 <GET+LUCKY>,"김솔음,최요원",김솔음X최요원,로맨틱,,"만화,소설",@yyyyyoomeok,https://dongne.co/events/novel06/circles/160931,"아아─, 이것이 『소설』이라는 것이다. Chapter 6",Day2
자기자신을사랑하면안되는걸까,염,,,,,2sp,화산귀환,,,"검존,검협,청명,당보",검존X검협,,당보청명,"만화,일러스트,소설",@Gaeswim,https://dongne.co/events/novel06/circles/160905,"아아─, 이것이 『소설』이라는 것이다. Chapter 6",Day2
절대적신뢰야말로진정한순애다 ,리엘,,,,,2sp,화산귀환,,,당보,,"섹슈얼,로맨틱",,소설,@hwachinnyeo,https://dongne.co/events/novel06/circles/159615,"아아─, 이것이 『소설』이라는 것이다. Chapter 6",Day2
야구공축구공농구공배구공연하공,배스,,,,,2sp,내가 키운 S급들,"괴담에 떨어져도 출근을 해야 하는구나,이세계 착각 헌터,데뷔 못하면 죽는 병 걸림,어두운 바다의 등불이 되어,화산귀환",,,,,,일러스트,@bbaatthh,https://dongne.co/events/novel06/circles/159677,"아아─, 이것이 『소설』이라는 것이다. Chapter 6",Day2
일단잡고시작하는마감달리기게임,소사,,,,,2sp,괴담출근,,,김솔음,,,,"만화,일러스트",@SOSA3451 / @Eunsul_1109 ,https://dongne.co/events/novel06/circles/159798,"아아─, 이것이 『소설』이라는 것이다. Chapter 6",Day2
김기려구둣발에밟혀죽고싶은여성들,잡,,,,,2sp,이세계착각헌터,,김기려 길드 노동조합,"강창호,김기려",강창호X김기려,로맨틱,,"만화,일러스트,소설",@michin83641667,https://dongne.co/events/novel06/circles/159827,"아아─, 이것이 『소설』이라는 것이다. Chapter 6",Day2
사람은태어나서죽을때까지읽는존재,금수,,,,,1sp,이착헌 문송안함,,,,,,,,,https://dongne.co/events/novel06/circles/160008,"아아─, 이것이 『소설』이라는 것이다. Chapter 6",Day2
⋆₊귀여워도출근을해야하는구나₊⋆,용사,,,,,2sp,괴담에 떨어져도 출근을 해야 하는구나,,,,,,,일러스트,04_0IV,https://dongne.co/events/novel06/circles/160809,"아아─, 이것이 『소설』이라는 것이다. Chapter 6",Day2
강창호금목걸이에깔려죽고싶은여성들,병지,,,,,2sp,이세계 착각 헌터,,김기려 길드 노동조합,"강창호,김기려",강창호X김기려,로맨틱,,"만화,일러스트,소설",@kkangjuju,https://dongne.co/events/novel06/circles/160368,"아아─, 이것이 『소설』이라는 것이다. Chapter 6",Day2
어두운괴담에떨어진착각헌터가변호됨,표고,,,,,2sp,이착헌,괴담출근 변호됨 어바등,,레밍 김솔음,,로맨틱,차강,"소설,만화,일러스트,공예",@sesame_dw,https://dongne.co/events/novel06/circles/159616,"아아─, 이것이 『소설』이라는 것이다. Chapter 6",Day2
찹쌀떡냥냥펀치헤어볼안토하는굿냥이,기력,,,,,2sp,의원 다시 살다,,,,,,,,,https://dongne.co/events/novel06/circles/159367,"아아─, 이것이 『소설』이라는 것이다. Chapter 6",Day2
회귀자멱살잡고데뷔하는부스는네가내야돼,하랑,,,,,1sp,회귀자 멱살 잡고 데뷔합니다,,,강하진,,,,"소설,일러스트",@Harang___S2,https://dongne.co/events/novel06/circles/161128,"아아─, 이것이 『소설』이라는 것이다. Chapter 6",Day2
일단하지않으면죽는병에걸려도출근을해야하는구나 ,먀,,,,,2sp,데뷔못하면죽는병걸림,괴담에 떨어져도 출근을 해야 하는구나,,박문대 김솔음 등,이세진X박문대,해당없음,청려x박문대,일러스트,yeslove949,https://dongne.co/events/novel06/circles/160549,"아아─, 이것이 『소설』이라는 것이다. Chapter 6",Day2
마라불닭민트팽이저당파로그릭요거트김치볶음민초볶음밥 요리모♡,시리&예수,,,,,2sp,주인공이 컨셉충이면 곤란한가요&마법명가 차남으로 살아남는 법&괴담에 떨어져도 출근을 해야 하는 구나&명문고 EX급 조연의 리플레이,-,,-,,,,"공예,소설,일러스트",@Sirius_B___&@987520_,https://dongne.co/events/novel06/circles/161275,"아아─, 이것이 『소설』이라는 것이다. Chapter 6",Day2
흔한 신도1,알비,,,,,1sp,천관사복,,"천관이 복을 내리시니, 쁘띠존 걱정 하나 없다 2회",화성 사련 삼랑,,해당없음,,"일러스트,기타",@Cpink0312,https://dongne.co/events/novel06/circles/159365,"아아─, 이것이 『소설』이라는 것이다. Chapter 6",Day2
연구 1팀 파기문서,"퇶, 동주",,,,,2sp,괴담출근,,,"곽제강,J3",J3X곽제강,,,"소설,만화,일러스트",,https://dongne.co/events/novel06/circles/160211,"아아─, 이것이 『소설』이라는 것이다. Chapter 6",Day2
성주님 신도1,키세,,,,,1sp,천관사복,,"천관이 복을 내리시니, 쁘띠존 걱정 하나 없다 2회","화성,사련",화성X사련,,,일러스트,@kise_chain,https://dongne.co/events/novel06/circles/159664,"아아─, 이것이 『소설』이라는 것이다. Chapter 6",Day2
괴담에 갇힌 마감1팀을 구해주세요!, ARO,,,,,4sp,괴담에 떨어져도 출근을 해야 하는구나,,,"김솔음,이자헌,백사헌,브라운,최요원,류재관",,,,,@arok0916,https://dongne.co/events/novel06/circles/160022,"아아─, 이것이 『소설』이라는 것이다. Chapter 6",Day2
토마호크 스테이크 1호점,명란바게트,,,,,4sp,괴담에 떨어져도 출근을 해야 하는구나,,최솔 쁘띠존 『사계 :: 사시가경(四時佳景)』,김솔음,최요원X김솔음,"로맨틱,섹슈얼,해당없음",,"만화,일러스트",@Myeong_ba_0506,https://dongne.co/events/novel06/circles/159465,"아아─, 이것이 『소설』이라는 것이다. Chapter 6",Day2
제형타코 1월호,tacc,,,,,1sp,내가 키운 s급들,,,"한유현,한유진",한유현X한유진,"로맨틱,섹슈얼",,만화,hrdtaco,https://dongne.co/events/novel06/circles/160191,"아아─, 이것이 『소설』이라는 것이다. Chapter 6",Day2
현무1팀이 포도를 숨김,GABAE,,,,,1sp,괴담출근,,솔최 쁘띠존 <GET+LUCKY>,,,,,,,https://dongne.co/events/novel06/circles/160571,"아아─, 이것이 『소설』이라는 것이다. Chapter 6",Day2
1종 특수 이세계 트럭 운전면허증,하뭇,,,,,2sp,괴담출근,"이착헌,변호됨,명급리",,"어둠탐사기록(괴담) 중심,올캐러",,,,"소설,공예,기타",@Sale_HM13,https://dongne.co/events/novel06/circles/159341,"아아─, 이것이 『소설』이라는 것이다. Chapter 6",Day2
1월의 괴담,hitkki,,,,,2sp,괴담출근,,,,,,,,@kki,https://dongne.co/events/novel06/circles/160301,"아아─, 이것이 『소설』이라는 것이다. Chapter 6",Day2
1화빌런,Arian,,,,,2sp,,,,,,,,,@PonArian,https://dongne.co/events/novel06/circles/159288,"아아─, 이것이 『소설』이라는 것이다. Chapter 6",Day2
제자사존¹: [명사] 제자와 사존이 부부 관계를 맺는 일.,시쥰의은혜,,,,,1sp,인사반파자구계통,이합화타적백묘사존,무간심연 서울지점 ,,,,"막북상청, 연만",기타,@shizunsgrace,https://dongne.co/events/novel06/circles/160416,"아아─, 이것이 『소설』이라는 것이다. Chapter 6",Day2
101 light year,nair,,,,,2sp,"괴담에 떨어져도 출근을 해야 하는구나,데뷔 못 하면 죽는 병 걸림",,,"김솔음,테스타",,,,일러스트,@nair_rf,https://dongne.co/events/novel06/circles/160985,"아아─, 이것이 『소설』이라는 것이다. Chapter 6",Day2
1레오1루카법제화추진회,SHOT,,,,,1sp,마법명가차남으로살아남는방법,내가키운S급들,마차살 쁘띠존 < 쁘띠명가 차원에서 살아남는 법 >,"레오,루카스,성현제,한유진",레오X루카,로맨틱,현제유진,일러스트,@sanshot_,https://dongne.co/events/novel06/circles/159769,"아아─, 이것이 『소설』이라는 것이다. Chapter 6",Day2
1225년 전통 연하공 전문점,"자렌, 레몽",,,,,2sp,"내가 키운 S급들,내스급","너희들은 변호됐다,괴담에 떨어져도 출근을 해야하는구나",,한유현,한유현X한유진,"로맨틱,섹슈얼",,"만화,소설,일러스트","@JAL_fn, @s_lemong",https://dongne.co/events/novel06/circles/159639,"아아─, 이것이 『소설』이라는 것이다. Chapter 6",Day2
어두운 지하 13층의 왹계인이 되어,붱,,,,,2sp,괴담출근,"이착헌,어바등",,김솔음,,,,,@nuligim415103,https://dongne.co/events/novel06/circles/159783,"아아─, 이것이 『소설』이라는 것이다. Chapter 6",Day2
131일째 당직 중,백삼일,,,,,2sp,괴담출근,,,최요원 김솔음,최요원X김솔음,"로맨틱,섹슈얼",,"만화,일러스트",@P103ho_1,https://dongne.co/events/novel06/circles/159988,"아아─, 이것이 『소설』이라는 것이다. Chapter 6",Day2
상천정 14구역,김콩,,,,,2sp,천관사복,기타 중벨,"천관이 복을 내리시니, 쁘띠존 걱정 하나 없다 2회",,,,,"기타,소설",,https://dongne.co/events/novel06/circles/160970,"아아─, 이것이 『소설』이라는 것이다. Chapter 6",Day2
16,팍종필,,,,,2sp,전지적 독자 시점,이세계착각헌터,,김독자,,해당없음,,"만화,소설",@10000dala,https://dongne.co/events/novel06/circles/159339,"아아─, 이것이 『소설』이라는 것이다. Chapter 6",Day2
17세 왕세자 인생을 건 메시아 끌어내리기,단,,,,,2sp,마법명가 차남으로 살아남는 법,,마차살 쁘띠존 < 쁘띠명가 차원에서 살아남는 법 >,"레오나르드 비텔스바흐,루카스 아스카니엔 외",레오나르드 비텔스바흐X루카스 아스카니엔,로맨틱,,소설,,https://dongne.co/events/novel06/circles/159787,"아아─, 이것이 『소설』이라는 것이다. Chapter 6",Day2
1755 패션,녹황,,,,,4sp,화산귀환,패션,,"당보,청명,일레이,태이",당보X청명,"로맨틱,섹슈얼",,"만화,일러스트,소설",nokhwang_read,https://dongne.co/events/novel06/circles/159621,"아아─, 이것이 『소설』이라는 것이다. Chapter 6",Day2
은하수의 고도는 1863km,미리내,,,,,2sp,전지적 독자 시점,,,"유중혁,김독자",유중혁X김독자,"로맨틱,섹슈얼",,만화,mirinae_f,https://dongne.co/events/novel06/circles/160170,"아아─, 이것이 『소설』이라는 것이다. Chapter 6",Day2
어린 2님이 아이소에 앉아 울고있어요,2,,,,,2sp,"전지적 독자 시점,괴담에 떨어져도 출근을 해야 하는구나",,,"유중혁,김독자,김솔음,브라운",유중혁X김독자,해당없음,,일러스트,,https://dongne.co/events/novel06/circles/159775,"아아─, 이것이 『소설』이라는 것이다. Chapter 6",Day2
조랭이떡집 2호점,유설,,,,,2sp,화산귀환,,,청명,당보X청명,로맨틱,일소청명,소설,@cheonggyul1010,https://dongne.co/events/novel06/circles/160629,"아아─, 이것이 『소설』이라는 것이다. Chapter 6",Day2
상상가게2호점,무라이,,,,,1sp,천관사복,"묵독,마도조사","천관이 복을 내리시니, 쁘띠존 걱정 하나 없다 2회",,화성X사련,로맨틱,,,@Murai_ok,https://dongne.co/events/novel06/circles/159543,"아아─, 이것이 『소설』이라는 것이다. Chapter 6",Day2
"심해는수심에서200m아래를가리킨다우리는얼마나아래로내려갈수있을까부터나는이제심해를안다까지정말감명깊게읽었는데요,이소설의이름은바로바로그유명한어두운바다의등불이되어","해핀, 와라",,,,,2sp,어두운 바다의 등불이 되어,,,,김재희X박무현,"로맨틱,섹슈얼",,"소설,공예","@Haefx1n22, @WR0306A",https://dongne.co/events/novel06/circles/160486,"아아─, 이것이 『소설』이라는 것이다. Chapter 6",Day2
2026 동천 새 연구 포럼 계택묵 탐조동아리 ,"묵, 계란, 택수",,,,,2sp,"열화요수,살파랑","잔차품,묵독,진혼",Priest 쁘띠존 : 주일예배 2,,쉬엔지X성령연,섹슈얼,장경 x 고윤,,@notzamuk,https://dongne.co/events/novel06/circles/160246,"아아─, 이것이 『소설』이라는 것이다. Chapter 6",Day2
"2026 해리른 앤솔로지: ALL RIGHT, HARRY",All Right Harry,,,,,2sp,해리 포터,,,해리 포터,드레이코 말포이X해리 포터,로맨틱,"리들 해리, 세드해리, 시리해리","소설,만화,일러스트",@All_RIGHT_HARRY,https://dongne.co/events/novel06/circles/159459,"아아─, 이것이 『소설』이라는 것이다. Chapter 6",Day2
2026 경주 BPEC,김공룡,,,,,2sp,진혼기,,,"설영,자하",,,,,gongnyong0250,https://dongne.co/events/novel06/circles/160449,"아아─, 이것이 『소설』이라는 것이다. Chapter 6",Day2
2026년 SSG 랜더스와 롯데 자이언츠의 한국 시리즈 진출을 기원합니다,"서나, 피자",,,,,2sp,"데뷔 못하면 죽는 병 걸림,초심 잃은 아이돌을 위한 회귀 백서",,,,청려X문대(건우),,이든하준,,"@Western_BF, @pzzzak1m",https://dongne.co/events/novel06/circles/160339,"아아─, 이것이 『소설』이라는 것이다. Chapter 6",Day2
21세기 동인은 물물교환만 받습니다.,빨간단추,,,,,2sp,괴담출근,,,최요원,,,,"소설,공예",,https://dongne.co/events/novel06/circles/159612,"아아─, 이것이 『소설』이라는 것이다. Chapter 6",Day2
25시 마감데이즈,하루반L,,,,,4sp,화산귀환,괴담출근 사카데이 괴수8호 블랙배저,,청명,,,,,,https://dongne.co/events/novel06/circles/160175,"아아─, 이것이 『소설』이라는 것이다. Chapter 6",Day2
여름낮2601,겨울밤,,,,,2sp,이세계착각헌터,화산귀환 수공예,,,,,,,,https://dongne.co/events/novel06/circles/159419,"아아─, 이것이 『소설』이라는 것이다. Chapter 6",Day2
26년 1월에는 케일이 백수를 했을까요?,밈,,,,,2sp,백작가의 망나니가 되었다,,백망되 쁘띠존 <케일님80년근속추진위원회>,,,,,,_M_E_M_M_,https://dongne.co/events/novel06/circles/160047,"아아─, 이것이 『소설』이라는 것이다. Chapter 6",Day2
충치4개,유냉,,,,,1sp,어두운 바다의 등불이되어,,,박무현,신해량X박무현,,,,@SextaXQuince,https://dongne.co/events/novel06/circles/160338,"아아─, 이것이 『소설』이라는 것이다. Chapter 6",Day2
박문대 관련 폭로한다 제가 사실 진짜 박문대입니다. 4년전 두통으로 깨질듯이 아파서 일어나보니 어떤 26살 아저씨의 몸으로 뒤바뀌어있었다.,"고미, 냥냐",,,,,1sp,데뷔못하면죽는병걸림,,,"박문대,큰달,이세진",박문대X이세진,로맨틱,박문대x큰달,소설,@meme_jjang @Cinnabluv,https://dongne.co/events/novel06/circles/160906,"아아─, 이것이 『소설』이라는 것이다. Chapter 6",Day2
500배 커진 파이,.,,,,,1sp,마법명가 차남으로 살아남는 법,"어두운 바다의 등불이 되어,괴담에 떨어져도 출근을 해야 하는구나,전지적 독자 시점",마차살 쁘띠존 < 쁘띠명가 차원에서 살아남는 법 >,루카스 아스카니엔,최요원X김솔음,로맨틱,최요원 × 김솔음,"일러스트,소설",,https://dongne.co/events/novel06/circles/160114,"아아─, 이것이 『소설』이라는 것이다. Chapter 6",Day2
51,Q,,,,,1sp,데못죽,,,,,,,공예,,https://dongne.co/events/novel06/circles/159784,"아아─, 이것이 『소설』이라는 것이다. Chapter 6",Day2
평일 6시만 기다리는 사람들,푸딩,,,,,4sp,괴담에 떨어져도 출근을 해야 하는 구나 / 어두운 바다의 등불이 되어,,,,,,,,2so_hwa1,https://dongne.co/events/novel06/circles/160573,"아아─, 이것이 『소설』이라는 것이다. Chapter 6",Day2
제8성계 대량베타행성,나비,,,,,4sp,,,Priest 쁘띠존 : 주일예배 2,,,,,,,https://dongne.co/events/novel06/circles/160930,"아아─, 이것이 『소설』이라는 것이다. Chapter 6",Day2
주8세계세리카대사관,소노,,,,,2sp,문송안함(문과라도 안 죄송한 이세계로 감),,문송안함 쁘띠존: 다시 만난 9세계,,,,,,@SnxzN0,https://dongne.co/events/novel06/circles/161063,"아아─, 이것이 『소설』이라는 것이다. Chapter 6",Day2
백망되 쁘띠존 <케일님80년근속추진위원회> 주최부스,백망되 쁘띠존 <케일님80년근속추진위원회>,,,,,2sp,,,백망되 쁘띠존 <케일님80년근속추진위원회>,,,,,,,https://dongne.co/events/novel06/circles/161249,"아아─, 이것이 『소설』이라는 것이다. Chapter 6",Day2
83세 오타쿠 최애cp를 위한 최후의 끌어치기,이사악,,,,,1sp,괴담에 빠져도 출근을 해야하는구나,,최솔 쁘띠존 『사계 :: 사시가경(四時佳景)』,최요원,,"섹슈얼,로맨틱",,,novel_isaac,https://dongne.co/events/novel06/circles/159557,"아아─, 이것이 『소설』이라는 것이다. Chapter 6",Day2
83세 오타쿠 최애cp를 위한 최후의 끌어치기와 83세 친구들,이사악,,,,,1sp,괴담에 빠져도 출근을 해야하는구나,,최솔 쁘띠존 『사계 :: 사시가경(四時佳景)』,최요원,최요원X김솔음,,,,@novel_isaac,https://dongne.co/events/novel06/circles/159898,"아아─, 이것이 『소설』이라는 것이다. Chapter 6",Day2
8.5세계,페데리안,,,,,2sp,문과라도 안 죄송한 이세계로 감,,문송안함 쁘띠존: 다시 만난 9세계,"클레이오,멜키오르,첼레스테스,에즈라",,해당없음,,"만화,소설,일러스트",@pederiann,https://dongne.co/events/novel06/circles/160667,"아아─, 이것이 『소설』이라는 것이다. Chapter 6",Day2
<문송안함 쁘띠존: 다시 만난 9세계> 주최부스,문송안함 쁘띠존: 다시 만난 9세계,,,,,2sp,,,문송안함 쁘띠존: 다시 만난 9세계,,,,,,,https://dongne.co/events/novel06/circles/160410,"아아─, 이것이 『소설』이라는 것이다. Chapter 6",Day2
9세계를 아십니까?,해달,,,,,1sp,문과라도 안 죄송한 이세계로 감,"괴담출근,이착헌",문송안함 쁘띠존: 다시 만난 9세계,,,,,공예,@jalinjalin_msnn,https://dongne.co/events/novel06/circles/159924,"아아─, 이것이 『소설』이라는 것이다. Chapter 6",Day2
사기꾼(a.k.a.첫사랑) 찾아 삼천대천세계,주헹,,,,,1sp,"의원,다시 살다",,,"제갈린,진천희",제갈린X진천희,"로맨틱,해당없음",,소설,@ytjnRjo,https://dongne.co/events/novel06/circles/161299,"아아─, 이것이 『소설』이라는 것이다. Chapter 6",Day2
문어구이+arukids+웹소설리더기,문어구이,,,,,4sp,데뷔 못 하면 죽는 병 걸림,플레이브,,"테스타,플레이브",,,,,@boseukkamgo,https://dongne.co/events/novel06/circles/159683,"아아─, 이것이 『소설』이라는 것이다. Chapter 6",Day2
B,B,,,,,1sp,,,,,,,,,,https://dongne.co/events/novel06/circles/160176,"아아─, 이것이 『소설』이라는 것이다. Chapter 6",Day2
beer있음,R,,,,,2sp,화산귀환,,,,남궁도위X백천,,,,,https://dongne.co/events/novel06/circles/159619,"아아─, 이것이 『소설』이라는 것이다. Chapter 6",Day2
cerealBox,신월,,,,,2sp,화산귀환,,,청명,당보X청명,"섹슈얼,로맨틱",,,_cerealBox,https://dongne.co/events/novel06/circles/159356,"아아─, 이것이 『소설』이라는 것이다. Chapter 6",Day2
Chapter n. 좁은 부스로 들어가라,낮별,,,,,2sp,마법명가 차남으로 살아남는 법,,마차살 쁘띠존 < 쁘띠명가 차원에서 살아남는 법 >,에스체트 등,레오나르드 비텔스바흐X루카스 아스카니엔,"해당없음,로맨틱",메클이안,"소설,기타",@4our1ove,https://dongne.co/events/novel06/circles/160193,"아아─, 이것이 『소설』이라는 것이다. Chapter 6",Day2
그들은 이미 CP... 그 자체였습니다,"해먕, 엉덩잉, 왹왹",,,,,4sp,이세계 착각 헌터,괴담에 떨어져도 출근을 해야 하는구나,,,강창호X김기려,"로맨틱,섹슈얼","최솔(요원솔음), 자헌솔음, 제이솔음",,@Hae_myang,https://dongne.co/events/novel06/circles/161085,"아아─, 이것이 『소설』이라는 것이다. Chapter 6",Day2
괴담에 떨어져도 CP를 해야하는구나,GB,,,,,1sp,괴담출근,,,,브라운X김솔음,"로맨틱,섹슈얼",,소설,@G9TO0B,https://dongne.co/events/novel06/circles/159437,"아아─, 이것이 『소설』이라는 것이다. Chapter 6",Day2
청문(CP)청문회(HEARING),"미역, 드로플릿, 솜리아",,,,,4sp,데뷔 못 하면 죽는 병 걸림,,,,류청우X박문대,,,,@Kingmi_23,https://dongne.co/events/novel06/circles/160272,"아아─, 이것이 『소설』이라는 것이다. Chapter 6",Day2
어떻게 CP가 龍虎相搏,"호연, 겸",,,,,2sp,괴담에 떨어져도 출근을 해야 하는구나,"너희들은 변호됐다,데뷔 못하면 죽는 병 걸림",,"김솔음,최요원",김솔음X최 요원,"로맨틱,섹슈얼","주한민재, 문대청려","만화,소설",@fegetiger,https://dongne.co/events/novel06/circles/161172,"아아─, 이것이 『소설』이라는 것이다. Chapter 6",Day2
이착디 (이렇게 착한 D조),닻별,,,,,2sp,괴담에 떨어져도 출근을 해야 하는구나,이세계 착각 헌터,,"김솔음,김기려",김기려X강창호,"해당없음,로맨틱",류재관 X 김솔음,"만화,일러스트",@cassiopeia_026,https://dongne.co/events/novel06/circles/161159,"아아─, 이것이 『소설』이라는 것이다. Chapter 6",Day2
DA*DA,코코라비,,,,,1sp,터닝,,,유더,,,,"만화,일러스트",Hicoraki,https://dongne.co/events/novel06/circles/159867,"아아─, 이것이 『소설』이라는 것이다. Chapter 6",Day2
사망단길 DIE-SO,"박먛, 어쩌구",,,,,2sp,괴담에 떨어져도 출근을 해야 하는구나,,,,,,,,@myahpark_ovo,https://dongne.co/events/novel06/circles/161201,"아아─, 이것이 『소설』이라는 것이다. Chapter 6",Day2
EC1의 문,이삭,,,,,2sp,마법명가 차남으로 살아남는 법,문과라도 안 죄송한 이세계로 감,마차살 쁘띠존 < 쁘띠명가 차원에서 살아남는 법 >,EC1 트리오,,,,일러스트,,https://dongne.co/events/novel06/circles/159977,"아아─, 이것이 『소설』이라는 것이다. Chapter 6",Day2
Endless Dream,루다,,,,,2sp,괴담에 떨어져도 출근을 해야 하는구나,,,"최요원,류재관,박홍림,해금",최요원X류재관,로맨틱,,,,https://dongne.co/events/novel06/circles/159582,"아아─, 이것이 『소설』이라는 것이다. Chapter 6",Day2
Ephemeral Days,에페메라,,,,,2sp,마법명가 차남으로 살아남는 법,,마차살 쁘띠존 < 쁘띠명가 차원에서 살아남는 법 >,"레오나르드 비텔스바흐,루카스 아스카니엔",레오나르드 비텔스바흐X루카스 아스카니엔,"로맨틱,섹슈얼","메클이안, 율울, 에마리","소설,만화",@e_phemeral_days,https://dongne.co/events/novel06/circles/159293,"아아─, 이것이 『소설』이라는 것이다. Chapter 6",Day2
이세계 마법명가 EX급 조연으로 출근하는 법,은비,,,,,2sp,괴담출근,"괴담출근,이착헌,명급리,변호됨",,,,,,,,https://dongne.co/events/novel06/circles/159541,"아아─, 이것이 『소설』이라는 것이다. Chapter 6",Day2
명문고 EX급 마법명가 차남의 자력 구제 시스템 찐빵,깅춘,,,,,2sp,명문고 EX급 조연의 리플레이,"인사반파자구계통,천관사복,마법명가 차남으로 살아남는 법",,"조의신,황지호,용제건,김신록",황지호X조의신,해당없음,용제건김신록,"일러스트,공예",Gingchun_,https://dongne.co/events/novel06/circles/160261,"아아─, 이것이 『소설』이라는 것이다. Chapter 6",Day2
철썩철썩팡팡(feat.유중혁과김독자의엉덩이맞는소리),성팬(하니),,,,,2sp,전지적독자시점,화산귀환,,"유중혁,김독자",유중혁X김독자,해당없음,,,@shjpt,https://dongne.co/events/novel06/circles/159892,"아아─, 이것이 『소설』이라는 것이다. Chapter 6",Day2
g1,천두,,,,,2sp,화산귀환,,,,,,,,1000_doo,https://dongne.co/events/novel06/circles/160110,"아아─, 이것이 『소설』이라는 것이다. Chapter 6",Day2
"Girls, Ghost, Gossip",곤줄박이&백금,,,,,1sp,괴담출근,,,,,,,"만화,일러스트,소설",,https://dongne.co/events/novel06/circles/160761,"아아─, 이것이 『소설』이라는 것이다. Chapter 6",Day2
HABSELIGKEITEN,은람,,,,,2sp,전독시,,,중혁독자,,,,,@eunram,https://dongne.co/events/novel06/circles/159912,"아아─, 이것이 『소설』이라는 것이다. Chapter 6",Day2
어바등IF러,체돗,,,,,1sp,어바등,,,,,,,소설,,https://dongne.co/events/novel06/circles/160100,"아아─, 이것이 『소설』이라는 것이다. Chapter 6",Day2
Imagination Store,츠히,,,,,2sp,묵독,천관사복 마도조사,Priest 쁘띠존 : 주일예배 2,페이두,뤄원저우X페이두,"로맨틱,섹슈얼",화련 망무,"소설,기타",tzuhi,https://dongne.co/events/novel06/circles/159585,"아아─, 이것이 『소설』이라는 것이다. Chapter 6",Day2
LOVE CASTLE,푸루,,,,,2sp,괴담출근,,최솔 쁘띠존 『사계 :: 사시가경(四時佳景)』,최요원 김솔음,최요원X김솔음,로맨틱,,만화,@plant_93,https://dongne.co/events/novel06/circles/159730,"아아─, 이것이 『소설』이라는 것이다. Chapter 6",Day2
Lovely Mix,Lovely Mix,,,,,1sp,괴담출근,"화산귀환,데못죽,내스급,전독시",,,,,,,@LovelyMix_,https://dongne.co/events/novel06/circles/159577,"아아─, 이것이 『소설』이라는 것이다. Chapter 6",Day2
영원한 부스러 Lv.2,하트,,,,,2sp,마법명가 차남으로 살아남는 법,문송안함,,,,,,"만화,일러스트",x,https://dongne.co/events/novel06/circles/159686,"아아─, 이것이 『소설』이라는 것이다. Chapter 6",Day2
MGR,jz,,,,,1sp,괴담출근,데못죽,,,,,,,,https://dongne.co/events/novel06/circles/159515,"아아─, 이것이 『소설』이라는 것이다. Chapter 6",Day2
MIDNIGHT AREA ,찌낙,,,,,1sp,어두운 바다의 등불이 되어,,,김재희,김재희X박무현,"섹슈얼,로맨틱",,소설,0921x0130 ,https://dongne.co/events/novel06/circles/159449,"아아─, 이것이 『소설』이라는 것이다. Chapter 6",Day2
mini:D,M카,,,,,2sp,괴담에 떨어져도 출근을 해야하는구나,데뷔 못하면 죽는 병 걸림,,,,,,,@muac2482,https://dongne.co/events/novel06/circles/159425,"아아─, 이것이 『소설』이라는 것이다. Chapter 6",Day2
Miroh,다안,,,,,1sp,괴담에서 떨어져도 출근을 해야 하는구나,도쿄리벤저스,,,,,,,@dAaaAn77,https://dongne.co/events/novel06/circles/159382,"아아─, 이것이 『소설』이라는 것이다. Chapter 6",Day2
Paper Moon,엘브,,,,,1sp,주컨곤,"마차살,문송안함",,,,,,"만화,일러스트",@elysaby,https://dongne.co/events/novel06/circles/159561,"아아─, 이것이 『소설』이라는 것이다. Chapter 6",Day2
PP,PP,,,,,2sp,괴담출근,,,,,,,,,https://dongne.co/events/novel06/circles/160030,"아아─, 이것이 『소설』이라는 것이다. Chapter 6",Day2
<Priest 쁘띠존 : 주일예배 2> 주최부스,Priest 쁘띠존 : 주일예배 2,,,,,2sp,,,Priest 쁘띠존 : 주일예배 2,,,,,,,https://dongne.co/events/novel06/circles/160927,"아아─, 이것이 『소설』이라는 것이다. Chapter 6",Day2
Qterw-A-■■■ 치실질 좀 열심히 하라고,"이소, 몽땅",,,,,4sp,괴담에 떨어져도 출근을 해야하는구나,어두운 바다의 등불이 되어,,,,,,"만화,일러스트",@BBB_liso,https://dongne.co/events/novel06/circles/160298,"아아─, 이것이 『소설』이라는 것이다. Chapter 6",Day2
Qterw-D-0118 : 펑크제조기,김땡벌,,,,,4sp,괴담출근,,,"김솔음,최요원,논커플링",요원X솔음,"섹슈얼,로맨틱",NCP,"소설,일러스트,기타",@jahaewhasan,https://dongne.co/events/novel06/circles/159910,"아아─, 이것이 『소설』이라는 것이다. Chapter 6",Day2
핑크's 고민상담소,유사품,,,,,2sp,괴담에 떨어져도 출근을 해야 하는구나,,,류재관,최요원X류재관,"로맨틱,섹슈얼",,"만화,일러스트",@shidal_10,https://dongne.co/events/novel06/circles/160663,"아아─, 이것이 『소설』이라는 것이다. Chapter 6",Day2
얼렁뚱땅 러뷰어‘s,김룐,,,,,2sp,데뷔 못 하면 죽는 병 걸림,,,"배세진,류청우,선아현,이세진,박문대,차유진,김래빈",차유진X김래빈,,,,@Ele0n11,https://dongne.co/events/novel06/circles/159946,"아아─, 이것이 『소설』이라는 것이다. Chapter 6",Day2
전지적 바다에 빠진 S급 헌터의 괴담 시점,"양운, 하몽",,,,,2sp,"전지적 독자 시점,내가 키운 S급들,어두운 바다의 등불이 되어,괴담에 떨어져도 출근을 해야 하는구나",,,"유중혁,김독자,성현제,한유진,신해량,박무현,김솔음 외",,"로맨틱,섹슈얼","중혁독자, 현제유진, 해량무현, 솔음른(자헌솔음, 블솔, 최솔 등)","소설,공예",,https://dongne.co/events/novel06/circles/159349,"아아─, 이것이 『소설』이라는 것이다. Chapter 6",Day2
괴담에 S급으로 회귀하여 데뷔해야하는 외계인 시점,"미료,환타, 노아, 파파",,,,,4sp,,,,,,,,,,https://dongne.co/events/novel06/circles/159847,"아아─, 이것이 『소설』이라는 것이다. Chapter 6",Day2
언흘도에서 내가 키운 S급 중국게이,모울,,,,,1sp,열화요수 - Priest,"패션(PASSION) - 유우지,내가 키운 S급들 - 근서",,"쉬엔지,성령연,아로진,왕저,샤오정,일레이,정태의,정재의,한유진",,,,"소설,일러스트",@gal_moul,https://dongne.co/events/novel06/circles/160160,"아아─, 이것이 『소설』이라는 것이다. Chapter 6",Day2
내가 키운 S급 마법명가 차남으로 제 8성계에서 살아남기 ,꾸루동,,,,,2sp,마차살,"내가키운S급들,잔차품",마차살 쁘띠존 < 쁘띠명가 차원에서 살아남는 법 >,"아스카니엔 형제,레오,성현제,한유진,루비싱,린징헝",아드리안X루카스,로맨틱,"현제유진,레오루카,루린","만화,일러스트,기타",@bgakseong,https://dongne.co/events/novel06/circles/160371,"아아─, 이것이 『소설』이라는 것이다. Chapter 6",Day2
청명이 키운 SSS급 멧돼지,테린,,,,,1sp,화산귀환,,,백천,청명X백천,로맨틱,,만화,terin_lllll,https://dongne.co/events/novel06/circles/159464,"아아─, 이것이 『소설』이라는 것이다. Chapter 6",Day2
Sugar-runrun,물수제비,,,,,1sp,문과라도 안 죄송한 이세계로 감,,문송안함 쁘띠존: 다시 만난 9세계,,첼레스테스X이시엘,로맨틱,,소설,@bulsujebi,https://dongne.co/events/novel06/circles/159588,"아아─, 이것이 『소설』이라는 것이다. Chapter 6",Day2
Tea Party!,"Tea, 몬차",,,,,2sp,백작가의 망나니가 되었다,,백망되 쁘띠존 <케일님80년근속추진위원회>,케일 헤니투스,최한X케일 헤니투스,"로맨틱,섹슈얼",알베르 크로스만x케일 헤니투스,"만화,일러스트","@_Tea_Thyme, @monchya_33",https://dongne.co/events/novel06/circles/161206,"아아─, 이것이 『소설』이라는 것이다. Chapter 6",Day2
인외(TV)홍보관,"테레비의좌버튼(왹), 소1장",,,,,2sp,괴담에 떨어져도 출근을 해야하는구나,"괴담에 떨어져도 출근을 해야하는구나,괴담출근,화산귀환",,브라운,김솔음X브라운,"로맨틱,섹슈얼,해당없음","김솔음X브라운, 유원X하제X유원, 최요원X류재관X최요원, ","만화,일러스트,소설,공예,기타",@showbizmapsosa / @sojang_o,https://dongne.co/events/novel06/circles/160366,"아아─, 이것이 『소설』이라는 것이다. Chapter 6",Day2
Two rabbits&자몽공방,rabbits,,,,,2sp,데못죽,괴출,,,,,,,,https://dongne.co/events/novel06/circles/160605,"아아─, 이것이 『소설』이라는 것이다. Chapter 6",Day2
UN연합,호두과자,,,,,2sp,인사반파자구계통,"어두운 바다의 등불이 되어,천관사복,마도조사,이합화타적백묘사존,진혼기",,낙빙하,,로맨틱,,"만화,일러스트",@TKKK_997,https://dongne.co/events/novel06/circles/160932,"아아─, 이것이 『소설』이라는 것이다. Chapter 6",Day2
Y2K가 아냐. 끝난 적이 없으니까.,렘토,,,,,1sp,월야환담,,,한세건,,,,소설,@llemto,https://dongne.co/events/novel06/circles/160074,"아아─, 이것이 『소설』이라는 것이다. Chapter 6",Day2
루카왼 You know? 그니까 빨리!,"올피, 참치",,,,,2sp,마법명가 차남으로 살아남는 법,망아살 크법사,마차살 쁘띠존 < 쁘띠명가 차원에서 살아남는 법 >,,,,,,"@DDCCMM__, @ST4YW1THME",https://dongne.co/events/novel06/circles/160596,"아아─, 이것이 『소설』이라는 것이다. Chapter 6",Day2
ZAK 살 작 두,뮹,,,,,2sp,괴담에 떨어져도 출근을 해야 하는구나,,최솔 쁘띠존 『사계 :: 사시가경(四時佳景)』,,최요원X김솔음,로맨틱,,,@mull_304,https://dongne.co/events/novel06/circles/161322,"아아─, 이것이 『소설』이라는 것이다. Chapter 6",Day2
ZI 존 작 두,춘봉,,,,,2sp,"괴담에 떨어져도 출근을 해야 하는구나,괴담출근","데못죽,패션,천관사복",최솔 쁘띠존 『사계 :: 사시가경(四時佳景)』,,,,,,@chunbong_de,https://dongne.co/events/novel06/circles/160111,"아아─, 이것이 『소설』이라는 것이다. Chapter 6",Day2
『사계 :: 사시가경(四時佳景)』,최솔 쁘띠존 『사계 :: 사시가경(四時佳景)』,,,,,2sp,괴담에 떨어져도 출근을 해야 하는구나,,최솔 쁘띠존 『사계 :: 사시가경(四時佳景)』,김솔음,최요원X김솔음,"로맨틱,섹슈얼","블솔, 샇솔, 재솔 ",소설,@choisol_CP_eye,https://dongne.co/events/novel06/circles/160353,"아아─, 이것이 『소설』이라는 것이다. Chapter 6",Day2
흰옷금지※인망多※,쟁,,,,,1sp,문송안함,,문송안함 쁘띠존: 다시 만난 9세계,,,,,,@dudnsnstkfka,https://dongne.co/events/novel06/circles/160726,"아아─, 이것이 『소설』이라는 것이다. Chapter 6",Day2
마참내! 룩키마트 大할인행사,52,,,,,2sp,괴담에 떨어져도 출근을 해야 하는구나,,,"최요원,김솔음",최요원X김솔음,로맨틱,,일러스트,@52826i,https://dongne.co/events/novel06/circles/161148,"아아─, 이것이 『소설』이라는 것이다. Chapter 6",Day2
