부스명,대표자,위치,위치(열),위치(번호),반부스,부스,대표 작품(원작),그 외 다루는 작품,쁘띠존,캐릭터,커플링,커플링 성향,그 외 커플링,매체,트위터,링크,행사명,개최일
^^와 ㅍㅍ가 만남 ,아시빵쥐,E-11,E,11,,2sp,앙상블스타즈,"천관사복,페르소나",,"아마기 히이로,시라토리 아이라,지사,풍사,아마미야 렌,아케치 고로",아마기 히이로X시라토리 아이라,"로맨틱,섹슈얼,로맨틱","지풍, 주아케","소설,만화",breadmouse1127,https://dongne.co/events/df2607/circles/167846,제34회 디. 페스타(토),Day1
  ,환상뜨락,G-08,G,08,,2sp,"탑꾸,탑로더","키링,볼꾸",,,,,,공예,Dreamy_garden,https://dongne.co/events/df2607/circles/167479,제34회 디. 페스타(토),Day1
.,Smo,K-15b,K,15,b,1sp,,,,,,,,,,https://dongne.co/events/df2607/circles/169308,제34회 디. 페스타(토),Day1
.,"건결, 교근, 게고지소녀",M-01,M,01,,2sp,주술회전,,게토고죠 쁘띠존 「맛있어져라~♥︎ 스구사토큥♡」,"게토 스구루,고죠 사토루",게토 스구루X고죠 사토루,로맨틱,,"소설,만화",gungyeol_gg,https://dongne.co/events/df2607/circles/167685,제34회 디. 페스타(토),Day1
.,달님,L-17a,L,17,a,1sp,,,,,,,,,,https://dongne.co/events/df2607/circles/168384,제34회 디. 페스타(토),Day1
.,밤식,E-22,E,22,,2sp,명일방주,,,,,,,,,https://dongne.co/events/df2607/circles/168593,제34회 디. 페스타(토),Day1
.,뉸뉴,E-20a,E,20,a,1sp,명일방주(예정),,,명일방주,,해당없음,,일러스트,min4deul,https://dongne.co/events/df2607/circles/168616,제34회 디. 페스타(토),Day1
.,.,K-12b,K,12,b,1sp,.,,,.,,,,기타,,https://dongne.co/events/df2607/circles/168142,제34회 디. 페스타(토),Day1
.,슴디,W-01,W,01,,2sp,,,,,,,,,,https://dongne.co/events/df2607/circles/168091,제34회 디. 페스타(토),Day1
.,모로,C-23b,C,23,b,1sp,히프노시스 마이크,,히프노시스 마이크 쁘띠존,,진구지 쟈쿠라이X아마구니 히토야,로맨틱,,,nowifeelalive,https://dongne.co/events/df2607/circles/168736,제34회 디. 페스타(토),Day1
.,.,E-05,E,05,,2sp,오오에,,,,,,,,,https://dongne.co/events/df2607/circles/168127,제34회 디. 페스타(토),Day1
(주) 무림미식회,단팥빵,Z-10a,Z,10,a,1sp,월한강천록: 무림제일폐,,,유소월,홍륜X소월,"로맨틱,섹슈얼",소월른,"만화,일러스트",Annbbang,https://dongne.co/events/df2607/circles/167211,제34회 디. 페스타(토),Day1
(임시) ,후요,H-20,H,20,,2sp,,,,,,,,소설,,https://dongne.co/events/df2607/circles/166581,제34회 디. 페스타(토),Day1
(자리비움) 회지 사러 다녀오겠습니다. 저도 먹고 살아야지요 ^ㅡ^,죽잠,U-18b,U,18,b,1sp,이세계 착각 헌터,,,,정하성X□□□ (완결스포캐),로맨틱,,소설,,https://dongne.co/events/df2607/circles/168212,제34회 디. 페스타(토),Day1
[최솔] 최 요원 담당 민원창구 (신고내용 : 솔냐니보유),"매콤,애국",N-23,N,23,,2sp,괴담출근,,최솔 쁘띠존 : 달달하고 달콤한 세레나데,"최 요원,김솔음",최요원X김솔음,"로맨틱,로맨틱",,,"SP1CY_FL4V0R, NOVEL_ISAAC",https://dongne.co/events/df2607/circles/168476,제34회 디. 페스타(토),Day1
ㅇ,ahr327ovo,U-20,U,20,,2sp,,,,,,,,,,https://dongne.co/events/df2607/circles/168702,제34회 디. 페스타(토),Day1
망,연화,O-15b,O,15,b,1sp,괴담출근,,,<괴담에 떨어져도 출근을 해야 하는구나> 작 중 캐릭터,브라운X김솔음,,,,Lotus_flower432,https://dongne.co/events/df2607/circles/168061,제34회 디. 페스타(토),Day1
함,두부,O-16,O,16,,2sp,괴담출근,,,김솔음,,,,,dbu_4068,https://dongne.co/events/df2607/circles/167548,제34회 디. 페스타(토),Day1
훤,훤,H-08,H,08,,2sp,"오리지널,괴담출근",,,,,,,,G_hywon,https://dongne.co/events/df2607/circles/168283,제34회 디. 페스타(토),Day1
아~앙?! 에서 아앙♡♡까지,Zinn,M-20,M,20,,2sp,주술회전,,게토고죠 쁘띠존 「맛있어져라~♥︎ 스구사토큥♡」,게토 스구루 고죠 사토루,게토 스구루X고죠 사토루,"로맨틱,섹슈얼",,소설,Zinn69611032,https://dongne.co/events/df2607/circles/167887,제34회 디. 페스타(토),Day1
원 투 쓰리 지하노역 디비전 「레페젠 다이겐」,"likiti, 요로결석충격파쇄석술",C-07,C,07,,2sp,히프노시스 마이크,카이지 외전(카이지 없음),히프노시스 마이크 쁘띠존,"아리스가와 다이스,유메노 겐타로",아리스가와 다이스X유메노 겐타로,"섹슈얼,로맨틱",,만화,"likitiii, 126649J06",https://dongne.co/events/df2607/circles/169231,제34회 디. 페스타(토),Day1
✦ 웰컴 투 헬 ✦ - 헬라버스 쁘띠존 주최부스,,F-13,F,13,,2sp,,,✦ 웰컴 투 헬 ✦ - 헬라버스 쁘띠존,,,,,,,https://dongne.co/events/df2607/circles/175398,제34회 디. 페스타(토),Day1
한 고게 넘어 사랑!,양갱,L-07,L,07,,2sp,주술회전,,,"고죠사토루,게토 스구루",고죠 사토루X게토 스구루,로맨틱,,,za_yess,https://dongne.co/events/df2607/circles/167666,제34회 디. 페스타(토),Day1
퀸 오브 디바. 미다스의 황금손. 이 세계의 떠오르는 슈퍼스타,슈,O-07,O,07,,2sp,괴담출근,,,"김솔음,최요원,류재관",,,,"만화,기타",syu625327,https://dongne.co/events/df2607/circles/167066,제34회 디. 페스타(토),Day1
흙 속의 인디고,인디고,G-07,G,07,,2sp,,,,,,,,공예,digogo5220,https://dongne.co/events/df2607/circles/166983,제34회 디. 페스타(토),Day1
난 짝사랑 아니면 안 돼….,물주,H-14b,H,14,b,1sp,,,,,,,,,,https://dongne.co/events/df2607/circles/167109,제34회 디. 페스타(토),Day1
내 장르에 평화는 없다,"블루x블랙, CLICK",W-21,W,21,,2sp,"DC,바이오하자드",,,"슈퍼맨,배트맨,레온",슈퍼맨X배트맨,"로맨틱,로맨틱",,,sbluexbblack,https://dongne.co/events/df2607/circles/167403,제34회 디. 페스타(토),Day1
너 혀보다 초피차가 달단다,유청랑,V-12a,V,12,a,1sp,진혼기,,,"자하,설영",자하X설영,로맨틱,,소설,dalkom_for,https://dongne.co/events/df2607/circles/168740,제34회 디. 페스타(토),Day1
비 내리는 파라디섬 낙원행 열차에,뷰제,V-23a,V,23,a,1sp,진격의 거인,,,"리바이 아커만,엘빈 스미스",엘빈 스미스X리바이 아커만,"로맨틱,로맨틱,섹슈얼",,소설,,https://dongne.co/events/df2607/circles/168441,제34회 디. 페스타(토),Day1
난 불멸도 안하는데 할아버지한테 다주네 아이고,"회색, 모이",X-21,X,21,,2sp,로드 오브 히어로즈,,,"브랜든,카론,브란두흐,라샤드",,,,,,https://dongne.co/events/df2607/circles/168043,제34회 디. 페스타(토),Day1
너 아직도 이겜하는구나,KAS2A,I-23,I,23,,2sp,엘소드,,,"청,애드,아인,노아",,,,"만화,일러스트,공예",KAS2A_RR,https://dongne.co/events/df2607/circles/167167,제34회 디. 페스타(토),Day1
오 치미리제,또처,M-22,M,22,,2sp,주술회전,,게토고죠 쁘띠존 「맛있어져라~♥︎ 스구사토큥♡」,,,"로맨틱,섹슈얼",,"만화,일러스트",ttoeatagain,https://dongne.co/events/df2607/circles/168107,제34회 디. 페스타(토),Day1
나 작명센스 없어,"멘고, 적오",C-10b,C,10,b,1sp,"히프노시스 마이크,히프노시스마이크",,히프노시스 마이크 쁘띠존,"진구지 쟈쿠라이,이자나미 히후미,칸논자카 돗포",칸논자카 돗포X이자나미 히후미,"로맨틱,로맨틱,섹슈얼",마천랑 다자연애,"만화,일러스트","DNm5rocFA8Yskqw, jeok_o",https://dongne.co/events/df2607/circles/169223,제34회 디. 페스타(토),Day1
참 데인저러스하시고 섹시 다이너마이트 하십니다,파인더,S-05b,S,05,b,1sp,월야환담,,,"서린,한세건",서린X한세건,"로맨틱,로맨틱",,소설,,https://dongne.co/events/df2607/circles/167393,제34회 디. 페스타(토),Day1
희:삐아체레 사천당가에디션,삐아체레,Y-19,Y,19,,2sp,화산귀환,,,,,,,"일러스트,공예",,https://dongne.co/events/df2607/circles/167387,제34회 디. 페스타(토),Day1
룩?히마트,MD,S-11,S,11,,2sp,"괴담에떨어져도출근해야하는구나,괴담출근",,,"현무1팀,<괴담에 떨어져도 출근을 해야 하는구나> 작 중 캐릭터",,,,"공예,기타",MD_S168,https://dongne.co/events/df2607/circles/167396,제34회 디. 페스타(토),Day1
오. 안대썼네, 섬진,E-03b,E,03,b,1sp,오오에,,,"오오사키,신바시",오오사키X신바시,"로맨틱,섹슈얼,로맨틱",,"만화,일러스트",sobose_jin,https://dongne.co/events/df2607/circles/168977,제34회 디. 페스타(토),Day1
너... 직업 바꿨냐?,닛츄,I-04,I,04,,2sp,엘소드,,엘소드 쁘띠존 :: 엘리오스 100년 살기,"청,라비,노아",셀레스티아X닉스피에타,로맨틱,,일러스트,u_uzz1,https://dongne.co/events/df2607/circles/167768,제34회 디. 페스타(토),Day1
ㅁㅁ,아사,D-05a,D,05,a,1sp,,,,,,,,,,https://dongne.co/events/df2607/circles/169051,제34회 디. 페스타(토),Day1
가자,밀재,U-05,U,05,,2sp,,,,,,,,,,https://dongne.co/events/df2607/circles/167575,제34회 디. 페스타(토),Day1
가자,삼삼오오징어,S-02a,S,02,a,1sp,,,,,,,,,,https://dongne.co/events/df2607/circles/168041,제34회 디. 페스타(토),Day1
게고,Iso,M-05,M,05,,2sp,주술회전,,게토고죠 쁘띠존 「맛있어져라~♥︎ 스구사토큥♡」,,,"로맨틱,섹슈얼",,,,https://dongne.co/events/df2607/circles/167549,제34회 디. 페스타(토),Day1
고게,!,L-09a,L,09,a,1sp,주술회전,,,고죠 사토루 x게토 스구루,고죠 사토루X게토 스구루,로맨틱,,만화,,https://dongne.co/events/df2607/circles/168389,제34회 디. 페스타(토),Day1
곰굴,sara,J-16,J,16,,2sp,명탐정코난,,2026 아카아무 쁘띠존: 10VE 10OP,,아카이 슈이치X아무로 토오루,,,,ssr_akam,https://dongne.co/events/df2607/circles/167458,제34회 디. 페스타(토),Day1
기창,비비안,T-18a,T,18,a,1sp,이세계 착각 헌터,,기려창호 쁘띠존 : 함께 가요 2026 기창 엑스포,"김기려,강창호,기려창호",김기려X강창호,,,소설,sigbian,https://dongne.co/events/df2607/circles/166911,제34회 디. 페스타(토),Day1
달야,달야,D-09a,D,09,a,1sp,괴담에 떨어져도 출근을 해야 하는구나,"데뷔 못 하면 죽는 병 걸림,마법 명가 차남으로 살아남는 법",,ALL,,,,일러스트,Dalya_png,https://dongne.co/events/df2607/circles/167434,제34회 디. 페스타(토),Day1
띨롱, 이새,R-17b,R,17,b,1sp,괴담에 떨어져도 출근을 해야 하는구나,"진혼기,사이퍼즈,러브라이브 선샤인",,,,,,,,https://dongne.co/events/df2607/circles/167770,제34회 디. 페스타(토),Day1
리티,리티,C-19b,C,19,b,1sp,,,,,,,,,riti_1014,https://dongne.co/events/df2607/circles/169166,제34회 디. 페스타(토),Day1
미정,빼앰,Q-02,Q,02,,2sp,괴담에 떨어져도 출근을 해야 하는구나,"이세계 착각 헌터,젤다의 전설",,"김솔음,이자헌,최요원,브라운,젤다,레밍",,,,,kkwaek_duck,https://dongne.co/events/df2607/circles/167092,제34회 디. 페스타(토),Day1
미정,콘,R-02,R,02,,2sp,"괴담에 떨어져도 출근을 해야 하는구나,데뷔 못 하면 죽는 병 걸림",,,"<데뷔 못 하면 죽는 병 걸림> 작 중 캐릭터,<괴담에 떨어져도 출근을 해야 하는구나> 작 중 캐릭터",,,,,coon_owo,https://dongne.co/events/df2607/circles/168025,제34회 디. 페스타(토),Day1
미정,김유록,D-20a,D,20,a,1sp,,,,,,,,,,https://dongne.co/events/df2607/circles/168190,제34회 디. 페스타(토),Day1
미정,기솜,D-16,D,16,,2sp,트라이건,,,,,,,,,https://dongne.co/events/df2607/circles/168093,제34회 디. 페스타(토),Day1
미정,챠이,R-06,R,06,,2sp,"괴담출근,데못죽",,,,,,,,CHA_E_moum,https://dongne.co/events/df2607/circles/168471,제34회 디. 페스타(토),Day1
배놀,리다,K-20b,K,20,b,1sp,원피스,미정,,"루피,상디,로우,코라손",루피X상디,"로맨틱,로맨틱",,만화,lukkikki,https://dongne.co/events/df2607/circles/168268,제34회 디. 페스타(토),Day1
부슥,삥찌,T-05b,T,05,b,1sp,데뷔못하면죽는병걸림(데못죽),"괴담에 떨어져도 출근을 해야 하는구나,어두운바다의등불이되어(어바등),어두운 바다의 등불이 되어",,,,,,,bbing_zzi,https://dongne.co/events/df2607/circles/167649,제34회 디. 페스타(토),Day1
소록,소록,G-19b,G,19,b,1sp,,,,,,,,,,https://dongne.co/events/df2607/circles/167021,제34회 디. 페스타(토),Day1
이리,이리,S-15,S,15,,2sp,괴담에 떨어져도 출근을 해야 하는구나,,,올캐러,,,,소설,iri0012draw,https://dongne.co/events/df2607/circles/168898,제34회 디. 페스타(토),Day1
짜잔,,Z-03,Z,03,,2sp,포켓몬,가쿠마스,,,,,,,,https://dongne.co/events/df2607/circles/167726,제34회 디. 페스타(토),Day1
크림,💙,L-05,L,05,,2sp,수공예,수공예품,,,,로맨틱,,,,https://dongne.co/events/df2607/circles/167909,제34회 디. 페스타(토),Day1
회귀,여끼,F-19,F,19,,2sp,괴담출근 데못죽,"괴담출근,해즈빈호텔,해즈빈 호텔",✦ 웰컴 투 헬 ✦ - 헬라버스 쁘띠존,,,,,,,https://dongne.co/events/df2607/circles/168219,제34회 디. 페스타(토),Day1
드림 컴 트루,리얼충,Y-01a,Y,01,a,1sp,프리파라,"사이퍼즈,카구라바치",,드림,,,,"만화,소설",,https://dongne.co/events/df2607/circles/167197,제34회 디. 페스타(토),Day1
오오 또 부스 냇네,다희,Z-23,Z,23,,2sp,은혼,골든 카무이,,"타카스기,긴토키",타카스기 신스케X사카타 긴토키,로맨틱,,"만화,소설",Udi_ee,https://dongne.co/events/df2607/circles/167956,제34회 디. 페스타(토),Day1
옷장 안 주막 세카이,"국주, 랙랙",A-22,A,22,,2sp,프로젝트 세카이,,루이츠카 쁘띠존【 달을 향해 별을 쏘아라 】,"텐마 츠카사,카미시로 루이",카미시로 루이X텐마 츠카사,로맨틱,,"만화,일러스트",LLS_0529,https://dongne.co/events/df2607/circles/167279,제34회 디. 페스타(토),Day1
그딴 건 내가 그려야 해,덴트,H-03,H,03,,2sp,,,,,,,,"만화,일러스트",R8dent,https://dongne.co/events/df2607/circles/168432,제34회 디. 페스타(토),Day1
데뷔 못 하면 괴담에 떨어져서 해저기지 탈출하는 부스,하나이,P-01,P,01,,2sp,괴담에 떨어져도 출근을 해야 하는구나,"데뷔 못 하면 죽는 병 걸림,어두운 바다의 등불이 되어",,,,,,,_00365,https://dongne.co/events/df2607/circles/166707,제34회 디. 페스타(토),Day1
떼인 돈 대신 갚아드립니다,먀먕,Z-14,Z,14,,2sp,너희들은 변호됐다,괴담에 떨어져도 출근을 해야 하는구나,,,강민재X차주한,로맨틱,,일러스트,mya_myang___,https://dongne.co/events/df2607/circles/167154,제34회 디. 페스타(토),Day1
세븐 투 파이브,"♥♡, 칠오",M-07,M,07,,2sp,주술회전,,게토고죠 쁘띠존 「맛있어져라~♥︎ 스구사토큥♡」,"게토 스구루,고죠 사토루",게토 스구루X고죠 사토루,"섹슈얼,로맨틱",,,"Charcoal_725, tjgkwls",https://dongne.co/events/df2607/circles/168207,제34회 디. 페스타(토),Day1
일단 쇼 하시오 ,호밬,A-24a,A,24,a,1sp,프로젝트 세카이,,루이츠카 쁘띠존【 달을 향해 별을 쏘아라 】,"루이,츠카사",카미시로 루이X텐마 츠카사,"로맨틱,로맨틱",,만화,hobak88fa,https://dongne.co/events/df2607/circles/168092,제34회 디. 페스타(토),Day1
절대 안 비키실게요,치이,J-08a,J,08,a,1sp,명탐정 코난,,2026 아카아무 쁘띠존: 10VE 10OP,"아카이 슈이치,아무로 토오루",아카이슈이치X아무로토오루,"로맨틱,섹슈얼",,소설,chii_AASR,https://dongne.co/events/df2607/circles/167023,제34회 디. 페스타(토),Day1
경비 구역,미나,Q-10b,Q,10,b,1sp,괴담에 떨어져도 출근을 해야하는구나,,,,,,,,Mnna_pleasure,https://dongne.co/events/df2607/circles/168648,제34회 디. 페스타(토),Day1
꿈과 희망,ㄲㅁ,Y-05,Y,05,,2sp,Hollow knight (할로우 나이트),"소닉,Dead by daylight(데바데),오버워치",,,,,,,kkam_kiwi,https://dongne.co/events/df2607/circles/166697,제34회 디. 페스타(토),Day1
마리 공방,마리,G-15a,G,15,a,1sp,자수 수공예품,,,,,,,공예,,https://dongne.co/events/df2607/circles/166804,제34회 디. 페스타(토),Day1
배구 경기 중 파문 및 스탠드 사용은 반칙입니다.,공주,K-14,K,14,,2sp,죠죠의 기묘한 모험,하이큐,,"시저 체펠리,죠셉 죠스타",시저 체펠리X죠셉 죠스타,"로맨틱,섹슈얼","(죠죠의 기묘한 모험) 죠린에르, (하이큐) 보쿠아카, 쿠로켄, ","만화,소설,일러스트",hhoddoo,https://dongne.co/events/df2607/circles/169146,제34회 디. 페스타(토),Day1
장르 협상 실패,메이,S-21,S,21,,2sp,,"네가죽어,아이돌마스터,파라독스라이브,보컬로이드,캐릭캐릭체인지",,,,,,,Maii_050225,https://dongne.co/events/df2607/circles/167734,제34회 디. 페스타(토),Day1
지금 가장 갖고 싶은 것 : 세계평화,도담,J-14a,J,14,a,1sp,명탐정 코난,,2026 아카아무 쁘띠존: 10VE 10OP,,아카이 슈이치X아무로 토오루,로맨틱,,소설,dd_akam,https://dongne.co/events/df2607/circles/166614,제34회 디. 페스타(토),Day1
진짜 ㄹㅇ 뭔가 보여 드립니다,레몬,W-20,W,20,,2sp,트위스테,,,,에이스 트래폴라X리들 로즈하트,,,소설,,https://dongne.co/events/df2607/circles/167343,제34회 디. 페스타(토),Day1
정신 들면 한참 전부터 돈 없다,"재파, 사탕",C-08a,C,08,a,1sp,히프노시스 마이크,,히프노시스 마이크 쁘띠존,"아메무라 라무다,유메노 겐타로,아리스가와 다이스",아리스가와 다이스X유메노 겐타로,로맨틱,,"만화,일러스트","FPRGB_247, difficu1t_R",https://dongne.co/events/df2607/circles/169320,제34회 디. 페스타(토),Day1
나무 현재 희망 중에서 가장 좋은 건 무현재희,달빛,Y-09b,Y,09,b,1sp,어두운 바다의 등불이 되어,,,"박무현,김재희",박무현X김재희,,,소설,selenophi1ic,https://dongne.co/events/df2607/circles/169147,제34회 디. 페스타(토),Day1
둘이 먹다 세명 죽어도 모를 지로사부,바우리,C-20,C,20,,2sp,히프노시스마이크,,히프노시스 마이크 쁘띠존,"버스터브로스,야마다 이치로,야마다 지로,야마다 사부로",야마다 지로X야마다 사부로,"로맨틱,로맨틱",,"만화,일러스트,소설",hpmic_old,https://dongne.co/events/df2607/circles/169293,제34회 디. 페스타(토),Day1
네버 엔딩 스토리,쵸이,U-25,U,25,,2sp,,,,,,,,,,https://dongne.co/events/df2607/circles/166899,제34회 디. 페스타(토),Day1
볕이 드는 언덕길,쿠렌,U-03,U,03,,2sp,,,,,,,,,,https://dongne.co/events/df2607/circles/167811,제34회 디. 페스타(토),Day1
손목 핏줄 탐방기,SUNDANCE,O-02,O,02,,2sp,,,최솔 쁘띠존 : 달달하고 달콤한 세레나데,,,,,,,https://dongne.co/events/df2607/circles/167406,제34회 디. 페스타(토),Day1
푸른 용의 수호자,"후추, 십오, 경",T-15b,T,15,b,1sp,이세계 착각 헌터,,기려창호 쁘띠존 : 함께 가요 2026 기창 엑스포,"김기려,강창호",김기려X강창호,,,"만화,일러스트",hongtt000,https://dongne.co/events/df2607/circles/169041,제34회 디. 페스타(토),Day1
착한 아이 츄러스 하나 더 준다,jz,P-03,P,03,,2sp,괴담에 떨어져도 출근을 해야 하는구나,데뷔 못 하면 죽는 병 걸림,,,,,,,,https://dongne.co/events/df2607/circles/166946,제34회 디. 페스타(토),Day1
지는 쪽이 투지가 되는 걸로,뫄,I-19,I,19,,2sp,엘소드,,엘소드 쁘띠존 :: 엘리오스 100년 살기,,,,,"만화,일러스트",Mwamwa41,https://dongne.co/events/df2607/circles/167938,제34회 디. 페스타(토),Day1
저도 연애 아니면 관심 없어요,무광,H-14a,H,14,a,1sp,,,,,,,,,0doredore,https://dongne.co/events/df2607/circles/166706,제34회 디. 페스타(토),Day1
랩도 하고 마법도 씁니다.,kng01071,B-09,B,09,,2sp,파라라이,"마호야쿠,초심돌",,,,"로맨틱,섹슈얼","오웬카인, 하준이든, 현민재희",,SemoPara,https://dongne.co/events/df2607/circles/167142,제34회 디. 페스타(토),Day1
요샌 그냥 부대찌개,lmors,X-18b,X,18,b,1sp,어두운 바다의 등불이 되어,"이세계 착각 헌터,괴담에 떨어져도 출근은 해야 하는구나,데뷔 못하면 죽는 병 걸림,적국의 왕자로 사는 법",,,,,,"일러스트,소설",,https://dongne.co/events/df2607/circles/167565,제34회 디. 페스타(토),Day1
우리 가게 정상영업 합니다,QB,F-06,F,06,,2sp,해즈빈 호텔,헬루바보스,✦ 웰컴 투 헬 ✦ - 헬라버스 쁘띠존,헬라버스 캐릭터 다수,복스X알래스터,"로맨틱,해당없음",(뭐가나올지모름),"만화,일러스트",qb_hh_hb,https://dongne.co/events/df2607/circles/166989,제34회 디. 페스타(토),Day1
이게 무슨 상황인가?,시민이,B-16,B,16,,2sp,히프노시스마이크,,히프노시스 마이크 쁘띠존,"야마다 지로,야마다 사부로",,로맨틱,,"만화,소설,기타",lbddu3,https://dongne.co/events/df2607/circles/167566,제34회 디. 페스타(토),Day1
장르 통일 실패했습니다,마멜,F-24b,F,24,b,1sp,"아이돌리쉬 세븐,86 -에이티식스-,비선실세 레이디,프리큐어",,,,,,,"만화,일러스트,소설",,https://dongne.co/events/df2607/circles/167606,제34회 디. 페스타(토),Day1
장르 통일 실패했습니다,마멜,F-24a,F,24,a,1sp,"비선실세 레이디,프리큐어,86 -에이티식스-,아이돌리쉬 세븐",,,,,,,,,https://dongne.co/events/df2607/circles/167605,제34회 디. 페스타(토),Day1
공방 프리즘,리즈,G-10a,G,10,a,1sp,"괴담에 떨어져도 출근을 해야 하는구나,블랙배저","플레이브,어메이징 디지털 서커스,보석의나라",,,,,,공예,,https://dongne.co/events/df2607/circles/168010,제34회 디. 페스타(토),Day1
니키 보호소,EK,E-09b,E,09,b,1sp,,,,,,,,,,https://dongne.co/events/df2607/circles/166608,제34회 디. 페스타(토),Day1
물을 마시자,모래두더지,L-18b,L,18,b,1sp,나의 히어로 아카데미아,"슬램덩크,헌터헌터,골든카무이,100m,주술회전,히카루가 죽은 여름",,"강백호,양호열,바쿠고,키리시마,키르아,곤,레오리오,크라피카 등등",,해당없음,키리시마x바쿠고,일러스트,molaedu02,https://dongne.co/events/df2607/circles/168380,제34회 디. 페스타(토),Day1
블루 시프트,쓈,K-10a,K,10,a,1sp,유희왕 고러시!!,,,,즈위죠X유디아스,로맨틱,,,dareunsum06,https://dongne.co/events/df2607/circles/168422,제34회 디. 페스타(토),Day1
새싹 지킴이,밐미,V-25,V,25,,2sp,블루록,,,,,,,만화,alzalz025,https://dongne.co/events/df2607/circles/167515,제34회 디. 페스타(토),Day1
전자 제과점,Axice,F-02a,F,02,a,1sp,해즈빈 호텔,,✦ 웰컴 투 헬 ✦ - 헬라버스 쁘띠존,,복스X발렌티노,,,,,https://dongne.co/events/df2607/circles/169274,제34회 디. 페스타(토),Day1
주민 쪼꼬지,주민,P-04,P,04,,2sp,괴담출근,"하이큐,은혼,나루토",,"나루토,카카시,긴토키,케로로,도로로,기로로",,,,일러스트,villager_zumin0,https://dongne.co/events/df2607/circles/168867,제34회 디. 페스타(토),Day1
지친 특덕들,mtona,W-06,W,06,,2sp,,,,,,,,,,https://dongne.co/events/df2607/circles/166630,제34회 디. 페스타(토),Day1
최솔 쁘띠존 : 달달하고 달콤한 세레나데 주최부스,,O-24,O,24,,2sp,괴담에 떨어져도 출근을 해야 하는구나,,최솔 쁘띠존 : 달달하고 달콤한 세레나데,"최 요원,김솔음",최 요원X김솔음,"로맨틱,섹슈얼",,,choisollov,https://dongne.co/events/df2607/circles/175391,제34회 디. 페스타(토),Day1
피는 물보다 달다,ura,U-07,U,07,,2sp,나루토,,,,,,,,,https://dongne.co/events/df2607/circles/168489,제34회 디. 페스타(토),Day1
룬의 아이들 완결 기념 최후의 끌어치기,은하,Y-12,Y,12,,2sp,룬의 아이들,,,<룬의 아이들> 작 중 캐릭터,막시민 리프크네X조슈아 폰 아르님,"로맨틱,섹슈얼",막핀(막시이스),소설,givmegalaxy,https://dongne.co/events/df2607/circles/168395,제34회 디. 페스타(토),Day1
마감 못하면 개가 되는 멍멍왈왈,아리스틸다,K-11,K,11,,2sp,죠죠의 기묘한 모험,국내 판무,,,,,,"만화,일러스트,소설",,https://dongne.co/events/df2607/circles/166967,제34회 디. 페스타(토),Day1
카일 단장님 활짝 웃고 계시는데?,시오,W-14,W,14,,2sp,블랙배저,,블랙배저 NCP 쁘띠존: Mother tree's lullaby,힐데베르트,,,,"만화,일러스트,소설",dankixio,https://dongne.co/events/df2607/circles/167577,제34회 디. 페스타(토),Day1
잇쨩 여기가 어디야 이분들 누구셔,서,B-18b,B,18,b,1sp,히프노시스마이크,,히프노시스 마이크 쁘띠존,"야마다 이치로,도안 카즈사토,하라이 쿠코,아이모노 쥬시",하라이쿠코X아이모노 쥬시,로맨틱,,"만화,일러스트","si_neba_iinoni, ynmbankai",https://dongne.co/events/df2607/circles/167902,제34회 디. 페스타(토),Day1
나랑 동시에 태어난 운명적인 공명 파트너,지기,D-07a,D,07,a,1sp,트라이건,,,밧슈 더 스탬피드,밀리온즈 나이브스X밧슈 더 스탬피드,"로맨틱,섹슈얼",,,_plantlover,https://dongne.co/events/df2607/circles/167232,제34회 디. 페스타(토),Day1
냄비 받침이 나옵니다,(0v0),N-21a,N,21,a,1sp,괴담에 떨어져도 출근을 해야 하는구나,,최솔 쁘띠존 : 달달하고 달콤한 세레나데,,최 요원X김솔음,,,만화,bsky:d-0v0-b,https://dongne.co/events/df2607/circles/167198,제34회 디. 페스타(토),Day1
충격 외계인 진짜있음,MAYO,X-04a,X,04,a,1sp,"트랜스포머,별의 커비,바이오하자드,할로우나이트","이세계 착각 헌터,괴담에 떨어져도 출근을 해야 하는구나,울트라맨 시리즈",,,,"섹슈얼,로맨틱",,일러스트,frozenmayo_,https://dongne.co/events/df2607/circles/167411,제34회 디. 페스타(토),Day1
확장 은하를 추구한다,만도9999,X-06a,X,06,a,1sp,만달로리안(스타워즈),DC코믹스,,,,,,,,https://dongne.co/events/df2607/circles/167898,제34회 디. 페스타(토),Day1
나는 여전히 오타쿠야 너는 여전히 오타쿠야?,놀란,R-17a,R,17,a,1sp,괴담출근,,,,,,,,,https://dongne.co/events/df2607/circles/167141,제34회 디. 페스타(토),Day1
행사 날짜가 임박해도 살아있다면 마감 성공한 부스,"사일, 교수",V-24,V,24,,2sp,블루록,,,,미하엘 카이저X이사기 요이치,"로맨틱,섹슈얼",이사기른,소설,"yoixxchi, PFS_0401_BL",https://dongne.co/events/df2607/circles/168279,제34회 디. 페스타(토),Day1
엄은 견보다 히프노시스마이크,,B-18a,B,18,a,1sp,히프노시스마이크,,히프노시스 마이크 쁘띠존,"아리스가와 다이스,토호텐 오토메,플링폿세",,해당없음,,만화,,https://dongne.co/events/df2607/circles/166974,제34회 디. 페스타(토),Day1
"너는 마감해, 나는 엘리오스를 지킬게",아이엔,I-05,I,05,,2sp,엘소드,,엘소드 쁘띠존 :: 엘리오스 100년 살기,엘소드 에픽라인,,"해당없음,해당없음",,"만화,일러스트",Licht_blume_,https://dongne.co/events/df2607/circles/169170,제34회 디. 페스타(토),Day1
뭔가 나오겠지,뱡,W-09a,W,09,a,1sp,블랙배저,마차살,,,,,,"만화,일러스트",jabduck501,https://dongne.co/events/df2607/circles/167334,제34회 디. 페스타(토),Day1
봄봄 스튜디오,아사,P-18,P,18,,2sp,괴담출근,,,,,,,,,https://dongne.co/events/df2607/circles/168449,제34회 디. 페스타(토),Day1
저는 ㄱㅊ아요,대기,U-08,U,08,,2sp,이세계착각헌터,,기려창호 쁘띠존 : 함께 가요 2026 기창 엑스포,김기려,김기려X강창호,"로맨틱,섹슈얼",,만화,en_caei,https://dongne.co/events/df2607/circles/166788,제34회 디. 페스타(토),Day1
최솔 연애일지,F9,O-10b,O,10,b,1sp,괴담에 떨어져도 출근을 해야 하는구나,,,"최 요원,김솔음",최 요원X김솔음,,,"만화,소설,일러스트",FfFfFfF9FfFfFfF,https://dongne.co/events/df2607/circles/169109,제34회 디. 페스타(토),Day1
현재 밸런스팀 다 짤라주세요,에바님,I-07,I,07,,2sp,엘소드,,엘소드 쁘띠존 :: 엘리오스 100년 살기,,,,,,,https://dongne.co/events/df2607/circles/166636,제34회 디. 페스타(토),Day1
뭐든 나오겠죠 그게 오타쿠의 자존심이다,주먹,I-01,I,01,,2sp,괴수 8호,주술회전,,"나루미 겐,호시나 소우시로",,로맨틱,고죠 사토루×게토 스구루,,anything_jumeok,https://dongne.co/events/df2607/circles/168176,제34회 디. 페스타(토),Day1
호텔 정상영업 합니다,low0916,F-02b,F,02,b,1sp,해즈빈호텔,헬루바보스,✦ 웰컴 투 헬 ✦ - 헬라버스 쁘띠존,"찰리,배기,엔젤더스트,허스크,알래스터,루시퍼,펜셔스,니프티,체리밤,아담,류트,복스,발렌티노,벨벳,로지",엔젤더스트X허스크,로맨틱,"복스알래, 복스발렌, 스톨리츠, 찰리배기, 루시릴리, 알래루시, 아담류트","일러스트,사진",low0916,https://dongne.co/events/df2607/circles/168537,제34회 디. 페스타(토),Day1
깜장 오소리의 수상쩍은 서클,브리샤,W-17b,W,17,b,1sp,블랙배저,,블랙배저 NCP 쁘띠존: Mother tree's lullaby,"힐데베르트 탈레브,그 외 블랙배저 캐릭터 다수",,,,"소설,공예,기타",shy_qmfqorP,https://dongne.co/events/df2607/circles/167450,제34회 디. 페스타(토),Day1
청춘 햄돼지는 스톤월드의 꿈을 꾸지 않는다,"햄식,돼지",V-22,V,22,,2sp,닥터스톤,,,"이시가미 센쿠,아사기리 겐",이시가미 센쿠X아사기리 겐,"로맨틱,섹슈얼",,"만화,일러스트",hamsik2pakupaku,https://dongne.co/events/df2607/circles/168795,제34회 디. 페스타(토),Day1
가챤 또로로롱 챠링챠링챠링,해달 파큐,C-09,C,09,,2sp,히프노시스마이크,"18TRIP,아이돌리쉬 세븐,헌터 X 헌터",히프노시스 마이크 쁘띠존,"야마다 이치로,야마다 지로,Day2,신바시",야마다이치로X야마다 지로,"로맨틱,섹슈얼,로맨틱","진구지 쟈쿠라이x아마구니 히토야, 모모x유키, 카구야 무네우지x쿠라마 우시오","만화,일러스트",o_tter_dal,https://dongne.co/events/df2607/circles/168581,제34회 디. 페스타(토),Day1
"차강 앤솔로지: 햇볕은 쨍쨍, 파도는 반짝",차강 앤솔로지,Z-19a,Z,19,a,1sp,너희들은 변호됐다,,,,차주한X강민재,,,"만화,소설",chakanganthol,https://dongne.co/events/df2607/circles/167552,제34회 디. 페스타(토),Day1
일단 도전해보는 부스,문락서,W-12a,W,12,a,1sp,블랙배저,,블랙배저 NCP 쁘띠존: Mother tree's lullaby,힐데,,,,,MoonRackSeo,https://dongne.co/events/df2607/circles/167350,제34회 디. 페스타(토),Day1
포폴 준비하면서도 덕질을 하는구나 이자식 ,델,O-21a,O,21,a,1sp,괴담출근,,최솔 쁘띠존 : 달달하고 달콤한 세레나데,김솔음,최요원X김솔음,로맨틱,,"만화,일러스트",dell_fPf,https://dongne.co/events/df2607/circles/167327,제34회 디. 페스타(토),Day1
저희 정상영업합니다,나르뷘,F-07,F,07,,2sp,해즈빈호텔&헬루바보스,,✦ 웰컴 투 헬 ✦ - 헬라버스 쁘띠존,,스트라이커X드림(oc),섹슈얼,,"공예,소설,만화",nallali_nal,https://dongne.co/events/df2607/circles/169204,제34회 디. 페스타(토),Day1
"닌자, 오오에에 가다.",도사,E-01,E,01,,2sp,닌자보이 란타로,오오에,,"야마다 리키치,도이 한스케",,"로맨틱,섹슈얼","오오타케, 오오신","만화,공예",OhnichanS2,https://dongne.co/events/df2607/circles/167767,제34회 디. 페스타(토),Day1
분노! 우울··· 배신감!!,패트와매트,P-17b,P,17,b,1sp,괴담출근,"은혼,데못죽,젤다",,,,,,"일러스트,기타",gigigoeg,https://dongne.co/events/df2607/circles/166719,제34회 디. 페스타(토),Day1
치미?즐길게,"Sou, Daisy",M-11b,M,11,b,1sp,주술회전,,게토고죠 쁘띠존 「맛있어져라~♥︎ 스구사토큥♡」,"게토 스구루,고죠 사토루",,"로맨틱,섹슈얼",,"일러스트,만화,기타",SouChengri,https://dongne.co/events/df2607/circles/169014,제34회 디. 페스타(토),Day1
마감... 제어하고 싶제?,쥬게무,K-23,K,23,,2sp,블리치,철혈의 오펀스,,"히라코 신지,아이젠 소스케",히라코 신지X아이젠 소스케,"로맨틱,섹슈얼",미카즈키 오거스 x 올가 이츠카,"만화,일러스트,기타",hotplan_hot,https://dongne.co/events/df2607/circles/169016,제34회 디. 페스타(토),Day1
소문(안)난 동네맛집,시온,R-22,R,22,,2sp,전지적 독자시점,"너희들은 변호됐다,괴담에 떨어져도 출근을 해야 하는구나,어두운 바다의 등불이 되어",,,유중혁X김독자,로맨틱,,,,https://dongne.co/events/df2607/circles/167134,제34회 디. 페스타(토),Day1
게고잉,주령,M-09a,M,09,a,1sp,주술회전,,게토고죠 쁘띠존 「맛있어져라~♥︎ 스구사토큥♡」,"게토 스구루,고죠 사토루",,로맨틱,,"기타,일러스트",jurung_ge,https://dongne.co/events/df2607/circles/168626,제34회 디. 페스타(토),Day1
계계계,미기,H-02,H,02,,2sp,1차,,,,,,,,,https://dongne.co/events/df2607/circles/168569,제34회 디. 페스타(토),Day1
기념일,기념,T-06a,T,06,a,1sp,데뷔 못 하면 죽는 병 걸림,,,"차유진,김래빈",차유진X김래빈,로맨틱,,만화,sgranniv,https://dongne.co/events/df2607/circles/168364,제34회 디. 페스타(토),Day1
깍앤꼭,꼬옥,W-23,W,23,,2sp,슬램덩크,,,,,,,"만화,일러스트",kkoog_TT,https://dongne.co/events/df2607/circles/166726,제34회 디. 페스타(토),Day1
누레로,갱,C-17,C,17,,2sp,히프노시스마이크,,히프노시스 마이크 쁘띠존,야마다 이치로 아오히츠기 사마토키 누루데 사사라 츠츠지모리 로쇼,야마다 이치로X아오히츠기 사마토키,"로맨틱,섹슈얼",누루데 사사라X츠츠지모리 로쇼,"일러스트,소설,만화",guccigang_hip,https://dongne.co/events/df2607/circles/168128,제34회 디. 페스타(토),Day1
닭강정,입이강정,Q-01,Q,01,,2sp,괴담에 떨어져도 출근을 해야 하는구나,"너희들은 변호됐다,이세계 착각 헌터(이착헌),데뷔 못 하면 죽는 병 걸림",,"<괴담에 떨어져도 출근을 해야 하는구나> 작 중 캐릭터,이세계 착각 헌터 레밍",김기려X강창호,,"류재관×최요원, 강민재×차주한",만화,Wonsaeng_e,https://dongne.co/events/df2607/circles/168098,제34회 디. 페스타(토),Day1
도원정,선도,X-06b,X,06,b,1sp,만달로리안,,,"딘자린,그로구",,"로맨틱,해당없음",,"만화,일러스트",seondo1309,https://dongne.co/events/df2607/circles/167049,제34회 디. 페스타(토),Day1
또롱별,이데아,H-12,H,12,,2sp,,,,,,,,,ideatami,https://dongne.co/events/df2607/circles/166575,제34회 디. 페스타(토),Day1
리그렛,천경,A-17,A,17,,2sp,프로세카,"보컬로이드,아이돌리쉬 세븐,홀로라이브,아이나나",,하츠네 미쿠,,,,,,https://dongne.co/events/df2607/circles/166592,제34회 디. 페스타(토),Day1
매브릭,단아,H-23b,H,23,b,1sp,,,,,,,,일러스트,__maverick_life,https://dongne.co/events/df2607/circles/169031,제34회 디. 페스타(토),Day1
메밀밭,밀123,S-09,S,09,,2sp,괴담출근,,,,,,,일러스트,mm_0801_ww,https://dongne.co/events/df2607/circles/166882,제34회 디. 페스타(토),Day1
몰사네,eeee7004,Q-06a,Q,06,a,1sp,괴담에 떨어져도 출근을 해야하는구나,,,김솔음,,,,기타,mooollls,https://dongne.co/events/df2607/circles/167250,제34회 디. 페스타(토),Day1
무이무,mui,Y-07,Y,07,,2sp,,,,,,"로맨틱,섹슈얼",,공예,mui_S2,https://dongne.co/events/df2607/circles/167136,제34회 디. 페스타(토),Day1
뭐하지,gggggggg,T-05a,T,05,a,1sp,데못죽,괴출,,,,,,,,https://dongne.co/events/df2607/circles/168388,제34회 디. 페스타(토),Day1
밀키트,hi1zzZ,R-04,R,04,,2sp,괴담출근,"오란고교 호스트부,포켓몬",,,,,,,,https://dongne.co/events/df2607/circles/168628,제34회 디. 페스타(토),Day1
백반집,루은,Z-12,Z,12,,2sp,화산귀환,,,"당보,청명",당보X청명,"로맨틱,섹슈얼",,"일러스트,만화",,https://dongne.co/events/df2607/circles/166924,제34회 디. 페스타(토),Day1
뽀삐뽀,왹계인,Z-02,Z,02,,2sp,포켓몬스터,"카드캡터체리,신비한 별의 쌍둥이 공주",,포켓몬스터,,,,일러스트,bobbi_bbbii__,https://dongne.co/events/df2607/circles/168166,제34회 디. 페스타(토),Day1
뾰족귀,윈,I-21,I,21,,2sp,엘소드,,엘소드 쁘띠존 :: 엘리오스 100년 살기,,,,,,_W_i_n__,https://dongne.co/events/df2607/circles/167867,제34회 디. 페스타(토),Day1
사니챈,관니와도우미1호,D-08b,D,08,b,1sp,도검난무,,,,,,,일러스트,nitosaniwa,https://dongne.co/events/df2607/circles/166826,제34회 디. 페스타(토),Day1
사키퓨,사기,E-08a,E,08,a,1sp,"앙상블 스타즈!! Music,포켓몬스터,닌자보이 란타로,버튜버,페르소나 5",,,"이츠키 슈,카게히라 미카,아마미야 렌(주인공),아케치 고로,오리엔스 디티카",이츠키 슈X카게히라 미카,,,,kkunn__s,https://dongne.co/events/df2607/circles/168751,제34회 디. 페스타(토),Day1
소고별,소고별,G-15b,G,15,b,1sp,,,,,,,,공예,sogoplanet,https://dongne.co/events/df2607/circles/168861,제34회 디. 페스타(토),Day1
소요당,소요,U-02,U,02,,2sp,,,,,,,,"일러스트,공예,기타",soyodang_works,https://dongne.co/events/df2607/circles/166564,제34회 디. 페스타(토),Day1
실험실,레딩,G-03b,G,03,b,1sp,수공예,"패션,괴담에 떨어져도 출근을 해야 하는구나",,,,,,,anaju_0805,https://dongne.co/events/df2607/circles/167669,제34회 디. 페스타(토),Day1
아지트,Azt,D-03,D,03,,2sp,"닌자보이 란타로,고깔모자의 아틀리에",,,,,,,,"ZTZTZT___, a_zt_",https://dongne.co/events/df2607/circles/169088,제34회 디. 페스타(토),Day1
여우밭,aran,W-07,W,07,,2sp,nu:carnival,,,"큐야,에이트",큐야X에이트,"섹슈얼,로맨틱",,,aawhffu,https://dongne.co/events/df2607/circles/167429,제34회 디. 페스타(토),Day1
유브티,율무,D-10a,D,10,a,1sp,니지산지,"세포신곡,(쯔꾸르게임)ib,살육의 천사",,,,,,,dbfan_slwl,https://dongne.co/events/df2607/circles/168065,제34회 디. 페스타(토),Day1
재판소,ㅁh국no,W-26b,W,26,b,1sp,BYAKKO,,,"야마세 오오쿠라,사노 유즈리하",야마세 오오쿠라X사노 유즈리하,"로맨틱,섹슈얼",,만화,tkanfkdlfjqm,https://dongne.co/events/df2607/circles/166734,제34회 디. 페스타(토),Day1
쥬네스,BABAKUN,U-21,U,21,,2sp,"페르소나4 골든,페르소나 4 골든",,,"페르소나 4 주인공(나루카미 유우),하나무라 요스케",페르소나 4 주인공(나루카미 유우)X하나무라 요스케,로맨틱,,만화,,https://dongne.co/events/df2607/circles/167532,제34회 디. 페스타(토),Day1
취조실,도둑놈,J-03b,J,03,b,1sp,명탐정 코난,,,"후루야 레이,카자미 유우야",후루야 레이X카자미 유우야,로맨틱,,"만화,일러스트",,https://dongne.co/events/df2607/circles/167931,제34회 디. 페스타(토),Day1
흐느적,룬시아,O-12,O,12,,2sp,괴담출근,전독시 데못죽 이착헌,,김솔음 브라운 최요원 유중혁 김독자,김솔음,해당없음,중혁독자,"일러스트,기타",,https://dongne.co/events/df2607/circles/166656,제34회 디. 페스타(토),Day1
히라미,히라미,P-05,P,05,,2sp,괴담출근,,,김솔음,,,,일러스트,hirami04,https://dongne.co/events/df2607/circles/166841,제34회 디. 페스타(토),Day1
냉장고 ,하임,"L-14, L-15",L,14,,4sp,하이큐,"이런 영웅은 싫어,쿠키런,살육의천사",,,,,,"일러스트,만화",,https://dongne.co/events/df2607/circles/167153,제34회 디. 페스타(토),Day1
심심함 ,춘추,U-22,U,22,,2sp,,,,,,,,만화,,https://dongne.co/events/df2607/circles/166696,제34회 디. 페스타(토),Day1
털먹어 ,스모 모모,C-10a,C,10,a,1sp,히프노시스 마이크 (드라마 CD장르/랩),,히프노시스 마이크 쁘띠존,,,해당없음,,,,https://dongne.co/events/df2607/circles/167489,제34회 디. 페스타(토),Day1
마늘과 쑥 테라피 한방 코스,남산,P-20,P,20,,2sp,괴담에 떨어져도 출근을 해야 하는구나,,,,류재관X최요원,로맨틱,최륮최 류최륮 리버시블입니다.,만화,fourth_exit,https://dongne.co/events/df2607/circles/169129,제34회 디. 페스타(토),Day1
그렇게 또 여름이 시작된다.,yaming,G-19a,G,19,a,1sp,,,,,,,,,,https://dongne.co/events/df2607/circles/168050,제34회 디. 페스타(토),Day1
고양이 발 망고스틴,때비,W-09b,W,09,b,1sp,블랙배저,,,,,해당없음,,,jang_tte_rain,https://dongne.co/events/df2607/circles/168703,제34회 디. 페스타(토),Day1
창호씨 저 아기예요? 악이긴 해...,"젤리, 사훼",T-16,T,16,,2sp,이세계 착각헌터,,기려창호 쁘띠존 : 함께 가요 2026 기창 엑스포,,,,,,,https://dongne.co/events/df2607/circles/168356,제34회 디. 페스타(토),Day1
강아지 강씨,표목,Z-15,Z,15,,2sp,너희들은 변호됐다,,,차주한,강민재X차주한,"로맨틱,섹슈얼",진우민우,"소설,일러스트,공예",,https://dongne.co/events/df2607/circles/167338,제34회 디. 페스타(토),Day1
그렇게 됐다,ㅇㅇ,A-03a,A,03,a,1sp,프로젝트 세카이,,루이츠카 쁘띠존【 달을 향해 별을 쏘아라 】,,카미시로 루이X텐마 츠카사,,,,loveblond_46,https://dongne.co/events/df2607/circles/167911,제34회 디. 페스타(토),Day1
까마귀 둥지,라블루,G-17,G,17,,2sp,,,,,,,,"공예,사진",blueing_k,https://dongne.co/events/df2607/circles/166756,제34회 디. 페스타(토),Day1
노인과 초원,Shop,Y-25b,Y,25,b,1sp,천막의 자두가르,,,,,,,만화,kulibanu,https://dongne.co/events/df2607/circles/168894,제34회 디. 페스타(토),Day1
다정이 제철,괴,O-03b,O,03,b,1sp,괴담에 떨어져도 출근을 해야하는 구나,은행원도 용꿈을 꾸나요,최솔 쁘띠존 : 달달하고 달콤한 세레나데,"최요원,김솔음",,로맨틱,,"소설,조형,공예",anevilspirit__,https://dongne.co/events/df2607/circles/168136,제34회 디. 페스타(토),Day1
다홍색 찻잎,☆,D-04b,D,04,b,1sp,닌타마 란타로,,,"하치야 사부로,오하마 칸에몽,이마후쿠 히코시로,쿠로키 쇼자에몽",이마후쿠 히코시로X쿠로키 쇼자에몽,"로맨틱,해당없음",,"만화,공예,기타",wkr0nyKS,https://dongne.co/events/df2607/circles/169151,제34회 디. 페스타(토),Day1
도토리 서가,마치,V-04,V,04,,2sp,문호와 알케미스트,도검난무,,,,로맨틱,,소설,March_library,https://dongne.co/events/df2607/circles/167280,제34회 디. 페스타(토),Day1
무리한 덕질,무리,R-20,R,20,,2sp,,,,,,,,,,https://dongne.co/events/df2607/circles/167381,제34회 디. 페스타(토),Day1
보따리 상점,BN,Q-09b,Q,09,b,1sp,괴담출근,"이세계 착각헌터,마법 명가 차남으로 살아남는 법,너희들은 변호됐다",,,,,,소설,,https://dongne.co/events/df2607/circles/167936,제34회 디. 페스타(토),Day1
스니야 제발,amu,Z-06,Z,06,,2sp,윈브레,18TRIP,,,스오 하야토X니레이 아키히코,로맨틱,,소설,,https://dongne.co/events/df2607/circles/166695,제34회 디. 페스타(토),Day1
영원히 최솔,"수련, 소금, 떡빵",O-22,O,22,,2sp,"괴담에서 떨어져도 출근을 해야 하는구나,괴담출근,괴출",,최솔 쁘띠존 : 달달하고 달콤한 세레나데,"최 요원,김솔음",최 요원X김솔음,"로맨틱,로맨틱","최솔, 요원솔음","일러스트,소설,만화","suryeon_log, v13salt, Cropple__",https://dongne.co/events/df2607/circles/168546,제34회 디. 페스타(토),Day1
집단적 독백,북,E-12,E,12,,2sp,앙상블 스타즈,원신,,,마도카 노조미X코지카 쥬이스,로맨틱,"치토마슈, 로엔바르",만화,,https://dongne.co/events/df2607/circles/167464,제34회 디. 페스타(토),Day1
천사가 좋아,잉크,Y-04a,Y,04,a,1sp,"카드캡터사쿠라,히카루가 죽은 여름,오리지널(1차),캐릭캐릭체인지,달빛천사,너에게닿기를","마법소녀물,순정만화 여러가지",,"순정만화 주인공 다수,히카루가 죽은 여름의 히카루, 요시키 ,캐릭캐릭체인지 히나모리 아무,캐릭캐릭체인지 세라,카드캡터사쿠라 사쿠라,캐릭캐릭체인지 우타우",,,,"일러스트,공예",ink_your_life,https://dongne.co/events/df2607/circles/169122,제34회 디. 페스타(토),Day1
내일의 별과 바다,hammer,K-06,K,06,,2sp,원피스 ONEPIECE,,,루피,,"로맨틱,섹슈얼",,만화,una_em,https://dongne.co/events/df2607/circles/166861,제34회 디. 페스타(토),Day1
너만을 위한 부스,띠용,I-14,I,14,,2sp,엘소드,,엘소드 쁘띠존 :: 엘리오스 100년 살기,,,,,게임,,https://dongne.co/events/df2607/circles/168052,제34회 디. 페스타(토),Day1
동인지 먹는 여우,이나,I-11a,I,11,a,1sp,엘소드,,엘소드 쁘띠존 :: 엘리오스 100년 살기,엘소드,아인X엘소드,로맨틱,,만화,e2rina,https://dongne.co/events/df2607/circles/167228,제34회 디. 페스타(토),Day1
댕댕이 행복 추구 협회,알레사,O-06a,O,06,a,1sp,괴담에 떨어져도 출근을 해야 하는구나,,최솔 쁘띠존 : 달달하고 달콤한 세레나데,"최 요원,김솔음",최 요원X김솔음,로맨틱,,소설,,https://dongne.co/events/df2607/circles/167349,제34회 디. 페스타(토),Day1
"멈추지 않는 이상 길은 계속 된다. 나는 멈추지 않을 테니까 말이야... 너희들이 멈추지 않는 이상, 그 앞에는 내가 있어...! 그러니까... 멈추지 말라고...",산,X-01,X,01,,2sp,기동전사 건담 철혈의 오펀스,기동전사 건담 유니콘,,,,,,만화,,https://dongne.co/events/df2607/circles/168619,제34회 디. 페스타(토),Day1
사람을 구원 삼지 말고 남편 삼아라,jeem,Y-10,Y,10,,2sp,어두운 바다의 등불이 되어,,,,박무현X김재희,"로맨틱,섹슈얼",,,givememhjh,https://dongne.co/events/df2607/circles/168636,제34회 디. 페스타(토),Day1
헌터님 비가 너무 많이 오는데요,"eee, ame",V-12b,V,12,b,1sp,이세계 착각 헌터,,,"김기려,정하성",김기려X정하성,,,"만화,일러스트",GihaEee,https://dongne.co/events/df2607/circles/168748,제34회 디. 페스타(토),Day1
달님이 먹기 좋게 별모양으로 잘라야지 ,"naxa, 해월",A-04a,A,04,a,1sp,프로젝트 세카이,,루이츠카 쁘띠존【 달을 향해 별을 쏘아라 】,,카미시로 루이X텐마 츠카사,로맨틱,,,,https://dongne.co/events/df2607/circles/167493,제34회 디. 페스타(토),Day1
도자기 굽는 고양이,도자기굽는고양이,G-14,G,14,,2sp,,괴담출근(예정),,,,,,공예,nyangcraft,https://dongne.co/events/df2607/circles/168602,제34회 디. 페스타(토),Day1
따끈한 스튜 한그릇,스튜,T-04,T,04,,2sp,데못죽,괴담출근,,,,,,,ste_w00_,https://dongne.co/events/df2607/circles/167916,제34회 디. 페스타(토),Day1
어떻게 이게 방위대,익명,V-06a,V,06,a,1sp,괴수8호,언네임드,,"호시나 소우시로,나루미 겐,괴수8호 전체",,,,만화,sweven8go,https://dongne.co/events/df2607/circles/168959,제34회 디. 페스타(토),Day1
외계인 취급 전문점,플밈,Q-10a,Q,10,a,1sp,괴담출근,,,"김솔음,이자헌,은하제,박민성",김솔음X이자헌,"로맨틱,섹슈얼,해당없음",,,P1_P2_P3_P4,https://dongne.co/events/df2607/circles/167263,제34회 디. 페스타(토),Day1
타마고 없는 마고팀,"뤀,펙토",E-24,E,24,,2sp,닌타마란타로,,,,,,,기타,tamago_nintama,https://dongne.co/events/df2607/circles/168164,제34회 디. 페스타(토),Day1
너무나 많이 사랑한 죄,StarryNight,D-11,D,11,,2sp,니지산지,,,,,,,,,https://dongne.co/events/df2607/circles/167755,제34회 디. 페스타(토),Day1
마감을 해야 하는구나,햅부,O-14a,O,14,a,1sp,괴담에 떨어져도 출근을 해야 하는구나,,,,,,,,hapbu_,https://dongne.co/events/df2607/circles/167750,제34회 디. 페스타(토),Day1
이사는 역시 케마이사,야참,D-22a,D,22,a,1sp,닌타마 란타로,,,,케마 토메사부로X젠포우지 이사쿠,,,,ya__cham,https://dongne.co/events/df2607/circles/166634,제34회 디. 페스타(토),Day1
별조각 토핑 얹어주는 채소 가게,"소람, 채소",N-20,N,20,,2sp,괴담출근,,최솔 쁘띠존 : 달달하고 달콤한 세레나데,,최 요원X김솔음,로맨틱,,소설,"st2llarium, choisolistrue",https://dongne.co/events/df2607/circles/167231,제34회 디. 페스타(토),Day1
끼끼와 노예 경시총감 그리고 테라군,나성,B-24b,B,24,b,1sp,카리스마,아이돌마스터 sideM,,"테라,사루카와 케이,쿠사나기 리카이,모토하시 이오리",모토하시 이오리X사루카와 케이,로맨틱,,,huke0sa,https://dongne.co/events/df2607/circles/167485,제34회 디. 페스타(토),Day1
그런데 그때 외계인이 나타났다,매미,U-17a,U,17,a,1sp,이세계 착각 헌터,,,김기려,,,,기타,cicada1231,https://dongne.co/events/df2607/circles/167208,제34회 디. 페스타(토),Day1
창호씨 제가 악이래요. 네가 아기지 그럼,"금덩, 토키얀",T-17,T,17,,2sp,이세계 착각헌터,,기려창호 쁘띠존 : 함께 가요 2026 기창 엑스포,,,,,,,https://dongne.co/events/df2607/circles/168357,제34회 디. 페스타(토),Day1
사랑은 도쿄 스카이트리에서,거위밀렵꾼,C-04,C,04,,2sp,히프노시스 마이크,,히프노시스 마이크 쁘띠존,"이자나미 히후미,칸논자카 돗포,아오히츠기 사마토키,이루마 쥬토",이자나미 히후미X칸논자카 돗포,"로맨틱,섹슈얼",사마쥬토,"만화,일러스트,소설",geongmil_,https://dongne.co/events/df2607/circles/168855,제34회 디. 페스타(토),Day1
메이크 러브!,하루,C-03b,C,03,b,1sp,히프노시스 마이크,,히프노시스 마이크 쁘띠존,"이자나미 히후미,칸논자카 돗포",이자나미 히후미X칸논자카 돗포,로맨틱,,소설,renka0303123,https://dongne.co/events/df2607/circles/169185,제34회 디. 페스타(토),Day1
결속된 급조력,ecyce,K-08b,K,08,b,1sp,"유희왕,유희왕 5D's",기동전사 건담 철혈의 오펀스,,,,,,,dueltildie,https://dongne.co/events/df2607/circles/167132,제34회 디. 페스타(토),Day1
나에게 왔으면,아현,T-03b,T,03,b,1sp,데뷔 못 하면 죽는 병 걸림,,,"테스타,브이틱",,,,,,https://dongne.co/events/df2607/circles/168416,제34회 디. 페스타(토),Day1
마이너 두마리,알파깡,F-23,F,23,,2sp,해즈빈 호텔,"기동전사 건담 시리즈,기동전사 건담:역습의 샤아,헤서웨이 건담,용기폭발 뱅브레이번",,,,,,만화,babe_ur_mine,https://dongne.co/events/df2607/circles/167274,제34회 디. 페스타(토),Day1
세광고 도서실,나히,Q-11,Q,11,,2sp,괴담출근,,,"최요원,류재관,김솔음",,,,"만화,일러스트,기타",,https://dongne.co/events/df2607/circles/166606,제34회 디. 페스타(토),Day1
어쩌고 잡화점,담요,H-01,H,01,,2sp,가비지타임,"은혼,포켓몬스터",,,,,,일러스트,Damyo_812,https://dongne.co/events/df2607/circles/167534,제34회 디. 페스타(토),Day1
엑스포 본부석,2026 기려창호 엑스포 운영위원회,T-13,T,13,,2sp,이세계 착각 헌터,,기려창호 쁘띠존 : 함께 가요 2026 기창 엑스포,"김기려,강창호",김기려X강창호,섹슈얼,,"기타,만화",bksr179192,https://dongne.co/events/df2607/circles/166780,제34회 디. 페스타(토),Day1
여름의 깨달음,먉,M-19,M,19,,2sp,주술회전,,게토고죠 쁘띠존 「맛있어져라~♥︎ 스구사토큥♡」,"게토 스구루,고죠 사토루",,"로맨틱,섹슈얼",,"일러스트,만화",1_and_on1y_725,https://dongne.co/events/df2607/circles/167237,제34회 디. 페스타(토),Day1
온더락 컴퍼니,온더락,Q-03,Q,03,,2sp,괴담출근,,,"J3,곽제강",J3X곽제강,,,소설,OntheRock_J3,https://dongne.co/events/df2607/circles/169006,제34회 디. 페스타(토),Day1
은혼과 아이들,비타,Z-21,Z,21,,2sp,은혼,"나루토,헌터헌터,데스노트,사이키 쿠스오의 재난",,"긴토키,사이키 쿠스오,엘",,,,일러스트,banbaji5,https://dongne.co/events/df2607/circles/167844,제34회 디. 페스타(토),Day1
이웃집 동물원,"온제, 온이",Q-07,Q,07,,2sp,괴담출근,,,현무1팀,김솔음X최 요원,,,,"on_yourhom3, ui__062123",https://dongne.co/events/df2607/circles/167412,제34회 디. 페스타(토),Day1
전하의 만터우,잔유,V-09a,V,09,a,1sp,천관사복,,,"화성,사련,이외 천관사복 캐릭터",,로맨틱,,"소설,일러스트,기타",74NYU,https://dongne.co/events/df2607/circles/167758,제34회 디. 페스타(토),Day1
지금이 붐이야,감튀,B-01b,B,01,b,1sp,프로젝트세카이,,루이츠카 쁘띠존【 달을 향해 별을 쏘아라 】,"카미시로 루이,텐마 츠카사",카미시로 루이X텐마 츠카사,,네네에무,"만화,일러스트",gamtwi111,https://dongne.co/events/df2607/circles/167709,제34회 디. 페스타(토),Day1
첫사랑 보관소,최지영,Y-01b,Y,01,b,1sp,꿈빛파티시엘,슈가슈가룬,,,,"로맨틱,해당없음",,,chiyo239,https://dongne.co/events/df2607/circles/167583,제34회 디. 페스타(토),Day1
프릴리 데이즈,플plz,G-10b,G,10,b,1sp,,,,,,,,공예,frillydayz,https://dongne.co/events/df2607/circles/167435,제34회 디. 페스타(토),Day1
장르가 쌓여만 가,쟈가비,W-16a,W,16,a,1sp,,,블랙배저 NCP 쁘띠존: Mother tree's lullaby,,,,,,,https://dongne.co/events/df2607/circles/166877,제34회 디. 페스타(토),Day1
영중아 준수야 놀자,한결,W-24,W,24,,2sp,가비지타임,,,"전영중,성준수",전영중X성준수,"로맨틱,섹슈얼",,소설,,https://dongne.co/events/df2607/circles/167624,제34회 디. 페스타(토),Day1
거위와 토끼를 같이 키우는 이유,keta,E-14b,E,14,b,1sp,붕괴: 스타레일,,,,파이논X아낙사,"로맨틱,섹슈얼,로맨틱",,만화,hellketa,https://dongne.co/events/df2607/circles/169219,제34회 디. 페스타(토),Day1
더워도 최솔은 해야 하는구나,난영 눙누,O-21b,O,21,b,1sp,괴담에 떨어져도 출근을 해야 하는구나,,최솔 쁘띠존 : 달달하고 달콤한 세레나데,<괴담에 떨어져도 출근을 해야 하는구나> 작 중 캐릭터,최 요원X김솔음,로맨틱,,소설,,https://dongne.co/events/df2607/circles/167560,제34회 디. 페스타(토),Day1
나고야 변호사 수염 쓰다듬기 협회 ,marlin,C-24b,C,24,b,1sp,히프노시스마이크,명탐정 코난,히프노시스 마이크 쁘띠존,아마구니 히토야,진구지 쟈쿠라이X아마구니 히토야,로맨틱,,,marlin_pic,https://dongne.co/events/df2607/circles/167129,제34회 디. 페스타(토),Day1
차라리 회지를 내고 출세해서 착취하는 쪽이 되어 주겠어!,슈비,Y-24b,Y,24,b,1sp,"무기미도,FKMT,은과금",,,"랭글리,(여)국장,히라이 긴지,모리타 테츠오",,로맨틱,국랭국,,,https://dongne.co/events/df2607/circles/168355,제34회 디. 페스타(토),Day1
강창호 미소녀 연구소,왜공이,U-10,U,10,,2sp,이세계 착각 헌터,,기려창호 쁘띠존 : 함께 가요 2026 기창 엑스포,"김기려,강창호",김기려X강창호,"로맨틱,섹슈얼",,"만화,사진,기타",sinsaloo,https://dongne.co/events/df2607/circles/169242,제34회 디. 페스타(토),Day1
그딴거 우리가 그렸다,갈치를갈취,"X-07, X-20",X,07,,4sp,"산나비,로드 오브 히어로즈,마비노기",,,,백호태X준장,"로맨틱,로맨틱","온달로드, 초단밀레",,gmalch_kim,https://dongne.co/events/df2607/circles/167225,제34회 디. 페스타(토),Day1
지고천 연구소 양재점,홍동,J-02b,J,02,b,1sp,,,,,,,,,,https://dongne.co/events/df2607/circles/167813,제34회 디. 페스타(토),Day1
장르는 달라도 모두가 씹덕,제트기킬러,X-04b,X,04,b,1sp,"트랜스포머,도쿄리벤저스",,,,,,,만화,jetki11er,https://dongne.co/events/df2607/circles/169038,제34회 디. 페스타(토),Day1
덕질에 빠져도 마감은 해야 하는 구나,괴도팡,O-11a,O,11,a,1sp,괴담출근,"데못죽,타몬군지금어느쪽?!",,<괴담에 떨어져도 출근을 해야 하는구나> 작 중 캐릭터,최 요원X김솔음,해당없음,,,,https://dongne.co/events/df2607/circles/166818,제34회 디. 페스타(토),Day1
관람차 위에서 키스는 해도 될까요?,레쩨 / 쬬,J-10,J,10,,2sp,명탐정 코난,,2026 아카아무 쁘띠존: 10VE 10OP,명탐정 코난,아카이 슈이치X아무로 토오루,로맨틱,,"소설,공예",1_REDZER0,https://dongne.co/events/df2607/circles/167348,제34회 디. 페스타(토),Day1
최솔에 빠져도 출근을 해야 하는구나,이공,O-23,O,23,,2sp,괴담에 떨어져도 출근을 해야 하는구나,,최솔 쁘띠존 : 달달하고 달콤한 세레나데,"최 요원,김솔음",최 요원X김솔음,로맨틱,,소설,twozzeroo,https://dongne.co/events/df2607/circles/168958,제34회 디. 페스타(토),Day1
영주로 명한다 건담에 타라!,락군 ,X-26a,X,26,a,1sp,페이트 그랜드 오더(FGO)/기동전사 건담,,,타카스기 신사쿠/가르마 자비,,"로맨틱,섹슈얼",타카스기 신사쿠xOC,"만화,일러스트,기타",raccoooon_1,https://dongne.co/events/df2607/circles/169158,제34회 디. 페스타(토),Day1
근미래 버추얼 요코하마,점장,V-20,V,20,,2sp,18TRIP,니지산지,,키타카타 라이토,키타카타 라이토X하마사키 모미지,해당없음,하치노야 나기X하마사키 모미지,만화,,https://dongne.co/events/df2607/circles/168732,제34회 디. 페스타(토),Day1
망나니 부스로 살아남기,뱜 ,V-19,V,19,,2sp,망나니 PD 아이돌로 살아남기,,,,,,,,bposil,https://dongne.co/events/df2607/circles/168273,제34회 디. 페스타(토),Day1
빨강과 파랑의 상관관계,흰섬,F-10b,F,10,b,1sp,"해즈빈 호텔,트라이건",,✦ 웰컴 투 헬 ✦ - 헬라버스 쁘띠존,"알래스터,복스,밧슈 더 스탬피드,니콜라스 D 울프우드",,로맨틱,,일러스트,WHITE__SOM,https://dongne.co/events/df2607/circles/167385,제34회 디. 페스타(토),Day1
사과와 도넛의 공명관계,"ING, raku",D-07b,D,07,b,1sp,트라이건,,,"나이브스,밧슈,울프우드",밀리온즈 나이브스X밧슈 더 스탬피드,"로맨틱,섹슈얼,로맨틱",,"만화,일러스트","groquis_J, raku7560",https://dongne.co/events/df2607/circles/168670,제34회 디. 페스타(토),Day1
최요원 최요투 최요쓰리,GABAE,Q-19,Q,19,,2sp,괴담출근,"반월당,어바등",,,류재관X최요원,,,,,https://dongne.co/events/df2607/circles/168196,제34회 디. 페스타(토),Day1
루이랑 츠카사 키스하는 책 있나요?,"이쥬, 쿠무쿠무",B-03,B,03,,2sp,프로젝트 세카이,,루이츠카 쁘띠존【 달을 향해 별을 쏘아라 】,"카미시로 루이,텐마 츠카사",카미시로 루이X텐마 츠카사,"로맨틱,로맨틱",,"만화,일러스트","_ijyu_prsk, kuma7824",https://dongne.co/events/df2607/circles/167333,제34회 디. 페스타(토),Day1
드디어 내게도 루쯔라는 기회가,"데미소다, ml인공수집",A-19,A,19,,2sp,,,루이츠카 쁘띠존【 달을 향해 별을 쏘아라 】,"카미시로 루이,텐마 츠카사",카미시로 루이X텐마 츠카사,,,만화,,https://dongne.co/events/df2607/circles/168159,제34회 디. 페스타(토),Day1
공항에 사람이 갇혔어요.,태성,L-08a,L,08,a,1sp,주술회전,,,"고죠 사토루,게토 스구루",고죠 사토루X게토 스구루,"로맨틱,로맨틱",,소설,taeseon63877,https://dongne.co/events/df2607/circles/168258,제34회 디. 페스타(토),Day1
루시퍼 비인증 불법굿즈샵,"악마가되, 앙앙이",F-05,F,05,,2sp,해즈빈호텔,,✦ 웰컴 투 헬 ✦ - 헬라버스 쁘띠존,,,,,기타,A________DAM,https://dongne.co/events/df2607/circles/168244,제34회 디. 페스타(토),Day1
이어진 인연의 파도끝에서,"연의, 파도",O-04,O,04,,2sp,괴담에 떨어져도 출근을 해야 하는구나,,최솔 쁘띠존 : 달달하고 달콤한 세레나데,,최 요원X김솔음,"섹슈얼,로맨틱,로맨틱,섹슈얼",,"만화,소설",,https://dongne.co/events/df2607/circles/166764,제34회 디. 페스타(토),Day1
행복한 바다의 지혁지현이 되어,푸구,X-17,X,17,,2sp,어바등,,,"서지혁,이지현",,로맨틱,,,cururuping,https://dongne.co/events/df2607/circles/168114,제34회 디. 페스타(토),Day1
떠나간 그사람 십팔번이생각나,풀,J-20b,J,20,b,1sp,"괴담출근,명탐정 코난",,,,,섹슈얼,김솔음×브라운,만화,,https://dongne.co/events/df2607/circles/167217,제34회 디. 페스타(토),Day1
염소는 냐냐냥!!!,별뉴,Q-15b,Q,15,b,1sp,괴담에 떨어져도 출근을 해야 하는구나,,,백사헌,김솔음X백사헌,로맨틱,,"만화,일러스트,기타",new_cmm,https://dongne.co/events/df2607/circles/168194,제34회 디. 페스타(토),Day1
다같이 솔샇해요,서린,Q-15a,Q,15,a,1sp,괴담에 떨어져도 출근을 해야 하는구나,,,<괴담에 떨어져도 출근을 해야 하는구나> 작 중 캐릭터,김솔음X백사헌,,,,,https://dongne.co/events/df2607/circles/168042,제34회 디. 페스타(토),Day1
무자각 사귐상태,근퇴,Q-23,Q,23,,2sp,괴담출근 괴담에 떨어져도 출근을 해야하는구나,,,"류재관,최요원",류재관X최요원,로맨틱,,"만화,소설",homehomehomego,https://dongne.co/events/df2607/circles/167502,제34회 디. 페스타(토),Day1
보안팀 짬뽕가게,심,Q-18,Q,18,,2sp,괴담에 떨어져도 출근을 해야하는구나,,,"J3,박민성",박민성XJ3,해당없음,,일러스트,simsim_225,https://dongne.co/events/df2607/circles/168825,제34회 디. 페스타(토),Day1
소소한 메이릴리,파린,"G-01, G-24",G,01,,4sp,핸드메이드 인형,,,,,,,공예,"sosohan611004, Ma_Li_garden",https://dongne.co/events/df2607/circles/166835,제34회 디. 페스타(토),Day1
우리는 자유애오,"도비, 왼뜨",Y-08,Y,08,,2sp,어두운 바다의 등불이 되어,"괴담에 떨어져도 출근을 해야 하는구나,이세계 착각 헌터(이착헌),은행원도 용꿈을 꾸나요,창작",,,,,,,,https://dongne.co/events/df2607/circles/168983,제34회 디. 페스타(토),Day1
천일몽 주식회사,스투키,P-22,P,22,,2sp,괴담에 떨어져도 출근을 해야 하는구나,,,"김솔음,브라운,은하제,J3,이성해,진나솔 외 다수",,,,"만화,공예,소설",sutuki_,https://dongne.co/events/df2607/circles/169160,제34회 디. 페스타(토),Day1
괴괴밥 끌어치기 한 판,금어항,V-06b,V,06,b,1sp,괴수8호,괴담에 떨어져도 출근을 해야 하는구나,,나루미 겐,,,,"만화,일러스트",geonchi365163,https://dongne.co/events/df2607/circles/167793,제34회 디. 페스타(토),Day1
천사의 자동필기 ♡ 앙마의 염사봉합,앙마,K-13,K,13,,2sp,"죠죠의 기묘한 모험,헌터X헌터,우마무스메,닌자보이 란타로",마법사의 약속,,,,,,,ybbaddy,https://dongne.co/events/df2607/circles/167305,제34회 디. 페스타(토),Day1
작두에 스치기만 해도 치명상,ㄷㄷ,O-03a,O,03,a,1sp,괴담에 떨어져도 출근을 해야 하는구나,,최솔 쁘띠존 : 달달하고 달콤한 세레나데,,,,,,,https://dongne.co/events/df2607/circles/169317,제34회 디. 페스타(토),Day1
괴담에 떨어져도 농구는 해야 하는구나,오이리,Q-16b,Q,16,b,1sp,괴담에 떨어져도 출근은 해야 하는구나,"슬램덩크,가비지타임",,"김솔음,최요원,송태섭,정대만,정우성,이명헌",,"로맨틱,섹슈얼","우성명헌, 우성태섭, 명헌태섭, 대만태섭","소설,일러스트",Oiri_0706,https://dongne.co/events/df2607/circles/166922,제34회 디. 페스타(토),Day1
괴담에 떨어져도 농구를 해야 하는구나,신7,Q-14,Q,14,,2sp,괴담에 떨어져도 출근을 해야하는구나,가비지타임,,"김솔음,백사헌,기상호,박병찬",김솔음X백사헌,"로맨틱,섹슈얼",기상호*박병찬,"소설,일러스트",nonggugong__7,https://dongne.co/events/df2607/circles/167657,제34회 디. 페스타(토),Day1
괴담에 떨어져도 변호를 해야하는구나,록키,"R-12, R-13",R,12,,4sp,"괴담출근,너희들은 변호됐다",,,,,,,,xx__noknok,https://dongne.co/events/df2607/circles/166761,제34회 디. 페스타(토),Day1
고등어 가라아게 스파게티,+,C-24a,C,24,a,1sp,히프노시스 마이크,,히프노시스 마이크 쁘띠존,,야마다 이치로X하라이 쿠코,,,"만화,일러스트",hpmi_BU,https://dongne.co/events/df2607/circles/168868,제34회 디. 페스타(토),Day1
공무원 위험수당 인상하라,익명,Q-06b,Q,06,b,1sp,괴담출근,데뷔 못 하면 죽는병 걸림,,최요원,류재관X최요원,섹슈얼,박민성 은하제,소설,dyud7302,https://dongne.co/events/df2607/circles/168390,제34회 디. 페스타(토),Day1
괴담에 떨어져도 변호됐다,DaDa,N-24b,N,24,b,1sp,괴담에 떨어져도 출근을 해야 하는구나,너희들은 변호됐다,최솔 쁘띠존 : 달달하고 달콤한 세레나데,,최 요원X김솔음,해당없음,"강민재 차주한, 강차",일러스트,DaDa9191,https://dongne.co/events/df2607/circles/167445,제34회 디. 페스타(토),Day1
아버지 디스크로 딱지치기,수령,K-16,K,16,,2sp,"죠죠의 기묘한 모험,유희왕",,,,,,,만화,kimeohandream_,https://dongne.co/events/df2607/circles/167927,제34회 디. 페스타(토),Day1
얼마나 괴출하고 싶은건지 감도 안옴,먕,S-03,S,03,,2sp,괴담출근,블루록,,,,,,,,https://dongne.co/events/df2607/circles/167742,제34회 디. 페스타(토),Day1
괴담에 떨어져도 모에해야 하는구나,레샤,Q-12,Q,12,,2sp,괴담출근,,,,,,,,Resha_082,https://dongne.co/events/df2607/circles/168859,제34회 디. 페스타(토),Day1
무엇이 나올까요?,마로롱,B-08,B,08,,2sp,파라라이,,,,,,,,,https://dongne.co/events/df2607/circles/167728,제34회 디. 페스타(토),Day1
주술계 최강커플(게토고죠) 관람석,Mori / 무채색,M-14,M,14,,2sp,주술회전,,게토고죠 쁘띠존 「맛있어져라~♥︎ 스구사토큥♡」,"게토스구루,고죠 사토루",게토 스구루X고죠 사토루,,,기타,tree_ss_joa,https://dongne.co/events/df2607/circles/167851,제34회 디. 페스타(토),Day1
경찰청 동인기획과,"이레, 쁄",J-18,J,18,,2sp,명탐정 코난,,,아무로토오루(후루야레이),,,레이히로,"일러스트,만화","Irae_o, _095_dd0104",https://dongne.co/events/df2607/circles/167882,제34회 디. 페스타(토),Day1
괴담에 떨어지려면,햅부,O-14b,O,14,b,1sp,괴담에 떨어져도 출근을 해야 하는구나,,,,,,,,hapbu_,https://dongne.co/events/df2607/circles/167749,제34회 디. 페스타(토),Day1
일단은 신청해보는 부스,Myacc,B-19,B,19,,2sp,THE IDOLM@STER SideM(아이돌 마스터 사이드엠),,아이돌마스터 사이드엠 쁘띠존,FRAME 중심,,,,"만화,일러스트,공예",drawing_for_nu,https://dongne.co/events/df2607/circles/166604,제34회 디. 페스타(토),Day1
도대체 언제부터― 쿠로사키 이치고의 총공책이 안 나온다고 생각한 거지?,TUNE,K-24,K,24,,2sp,블리치,,,쿠로사키 이치고,쿠로사키 이치고Xall,섹슈얼,,"만화,기타",N_ep_tune2,https://dongne.co/events/df2607/circles/168231,제34회 디. 페스타(토),Day1
김솔음 행복운동본부,ㄹㅇ,N-21b,N,21,b,1sp,괴담에 떨어져도 출근을 해야 하는구나,,최솔 쁘띠존 : 달달하고 달콤한 세레나데,"최 요원,김솔음",최 요원X김솔음,"로맨틱,섹슈얼",,소설,,https://dongne.co/events/df2607/circles/166789,제34회 디. 페스타(토),Day1
인생을 원더호이하게,평민,A-04b,A,04,b,1sp,프로젝트 세카이 컬러풀 스테이지 feat.하츠네 미쿠,,루이츠카 쁘띠존【 달을 향해 별을 쏘아라 】,"카미시로 루이,텐마 츠카사",카미시로 루이X텐마 츠카사,로맨틱,,만화,,https://dongne.co/events/df2607/circles/169157,제34회 디. 페스타(토),Day1
히놀은 계속되는거야,가벅,V-05a,V,05,a,1sp,나의히어로아카데미아,,,,바쿠고카츠키X미도리야이즈쿠,로맨틱,,만화,gabuck53545,https://dongne.co/events/df2607/circles/169154,제34회 디. 페스타(토),Day1
덴시티 행복복지센터 출장판,ㅁㄴㅇㄹ,K-09,K,09,,2sp,유희왕 VRAINS,,,후지키 유사쿠,,,코우가마 료켄 x 후지키 유사쿠,"만화,소설,일러스트",yugioh_yol,https://dongne.co/events/df2607/circles/168224,제34회 디. 페스타(토),Day1
냐냐냥!!,소다비,G-22,G,22,,2sp,"수공예.,레진공예,뜨개질 공예품,탑로더",,,,,,,,sodabubbly_,https://dongne.co/events/df2607/circles/168007,제34회 디. 페스타(토),Day1
톳앤멱//,"토, 먉",M-08,M,08,,2sp,주술회전,,게토고죠 쁘띠존 「맛있어져라~♥︎ 스구사토큥♡」,"게토스구루,고죠사토루",,,,만화,"toe725, 1_and_on1y_725",https://dongne.co/events/df2607/circles/168630,제34회 디. 페스타(토),Day1
범인은... 밀밭라라다.,미역,E-16,E,16,,2sp,붕괴: 스타레일,원신,,"파이논,아낙사",파이논X아낙사,"로맨틱,로맨틱",,"일러스트,소설",starten1000_,https://dongne.co/events/df2607/circles/167668,제34회 디. 페스타(토),Day1
아이돌&헌터 심해연합,"박가윙, Ho",T-22,T,22,,2sp,"데뷔 못 하면 죽는 병에 걸림,어두운 바다의 등불이 되어","우리 호텔 정상 영업합니다,이세계 착각 헌터,파이널판타지14",,"레밍,박문대,김기려,이세진,김래빈,<괴담에 떨어져도 출근을 해야 하는구나> 작 중 캐릭터,박무현",이세진X박문대,로맨틱,,"일러스트,공예,기타,조형","bak_dakbon, Sooooooo_f",https://dongne.co/events/df2607/circles/166775,제34회 디. 페스타(토),Day1
해사백&밤볕최솔공장,"해사백, 밤볕",N-01,N,01,,2sp,괴담에 떨어져도 출근을 해야하는구나,,최솔 쁘띠존 : 달달하고 달콤한 세레나데,,최요원X김솔음,,,소설,,https://dongne.co/events/df2607/circles/167075,제34회 디. 페스타(토),Day1
가보자고,갸옹,O-08,O,08,,2sp,괴담출근,,,"최 요원,김솔음",최요원X김솔음,"로맨틱,섹슈얼",,"일러스트,만화",masitdaghost_77,https://dongne.co/events/df2607/circles/167400,제34회 디. 페스타(토),Day1
게게롱롱,ㅇㅇ,P-12,P,12,,2sp,괴담에 떨어져도 출근을 해야 하는구나,,,,,,,,,https://dongne.co/events/df2607/circles/168134,제34회 디. 페스타(토),Day1
게롱겟챠,03,S-14,S,14,,2sp,괴담에 떨어져도 출근을 해야하는구나,우리호텔정상영업합니다,,이자헌,,,,일러스트,mimi_jj03,https://dongne.co/events/df2607/circles/168765,제34회 디. 페스타(토),Day1
게토고죠,망사,M-04a,M,04,a,1sp,주술회전,,게토고죠 쁘띠존 「맛있어져라~♥︎ 스구사토큥♡」,게토스구루,게토스구루X고죠사토루,"로맨틱,섹슈얼",,소설,luvinruin725,https://dongne.co/events/df2607/circles/167804,제34회 디. 페스타(토),Day1
경파박사,단단,Z-24,Z,24,,2sp,은혼,나루토,,,,,,,jojo_cey,https://dongne.co/events/df2607/circles/167431,제34회 디. 페스타(토),Day1
고게랜드,"오탑, 라라",L-06,L,06,,2sp,주술회전,,,"고죠 사토루,게토 스구루",고죠 사토루X게토 스구루,로맨틱,,"만화,일러스트","otav_572, goge_lara572",https://dongne.co/events/df2607/circles/167183,제34회 디. 페스타(토),Day1
공귀나산,해감,R-19a,R,19,a,1sp,괴담출근,,,,,,,만화,,https://dongne.co/events/df2607/circles/167535,제34회 디. 페스타(토),Day1
괴담냠냠,핌피,N-14,N,14,,2sp,괴담에 떨어져도 출근을 해야 하는구나,,,"김솔음,이자헌,최요원,백사헌",최요원X김솔음,로맨틱,,,Pimpibone,https://dongne.co/events/df2607/circles/167975,제34회 디. 페스타(토),Day1
괴담민국,Cent,Q-08,Q,08,,2sp,괴담출근,,,,,,,,cent_daydream9,https://dongne.co/events/df2607/circles/167239,제34회 디. 페스타(토),Day1
괴담쏭쏭,쏭쏭,R-01,R,01,,2sp,괴담에 떨어져도 출근을 해야 하는구나,,,,,,,,,https://dongne.co/events/df2607/circles/166840,제34회 디. 페스타(토),Day1
괴담야근,BN,"R-10, R-11",R,10,,4sp,괴담출근,,,,,,,,,https://dongne.co/events/df2607/circles/166736,제34회 디. 페스타(토),Day1
괴척임무,뭉구,Q-13,Q,13,,2sp,괴담에 떨어져도 출근을 해야 하는구나,붕괴 스타레일,,"김솔음,최요원,J3",,,,,moongguyam,https://dongne.co/events/df2607/circles/168649,제34회 디. 페스타(토),Day1
국지재해,mocha,D-06,D,06,,2sp,트라이건,,,"울프우드,밧슈",울프우드X밧슈,"로맨틱,섹슈얼",,"만화,소설",cmslash,https://dongne.co/events/df2607/circles/166611,제34회 디. 페스타(토),Day1
꾸꾸까까,치키,H-13,H,13,,2sp,trpg,,,,,,,만화,chiki_maki,https://dongne.co/events/df2607/circles/166561,제34회 디. 페스타(토),Day1
낡은이들,호에엥,R-07,R,07,,2sp,괴담출근,,,,,,,,TFfnxC37VYVUZQN,https://dongne.co/events/df2607/circles/168621,제34회 디. 페스타(토),Day1
내장부스,내장,X-15,X,15,,2sp,괴담에 떨어져도 출근을 해야 하는구나,,,,,,,,,https://dongne.co/events/df2607/circles/167905,제34회 디. 페스타(토),Day1
너있내따,듀,L-10,L,10,,2sp,주술회전,괴담출근,,"고죠 사토루,게토 스구루",고죠 사토루X게토 스구루,,최솔,,,https://dongne.co/events/df2607/circles/167205,제34회 디. 페스타(토),Day1
네가그려,기설,A-24b,A,24,b,1sp,프로젝트 세카이,,루이츠카 쁘띠존【 달을 향해 별을 쏘아라 】,"카미시로 루이,텐마 츠카사",카미시로 루이X텐마 츠카사,로맨틱,,,,https://dongne.co/events/df2607/circles/168478,제34회 디. 페스타(토),Day1
네코마마,레이카,"T-07, T-20",T,07,,4sp,데뷔 못 하면 죽는 병 걸림,"괴담출근,화산귀환",,"데스타,브이틱 (문대른 위주)",,,,,rayca01,https://dongne.co/events/df2607/circles/166603,제34회 디. 페스타(토),Day1
뉴이생먕,이덕담,Y-03,Y,03,,2sp,럭키스타,"엘소드,파판,케이온,실크송,할로우나이트,캐릭캐릭체인지,프리즘스톤,아이엠스타,오란고교 사교클럽,좀비고등학교,꿈빛파티시엘",,,,,,,"leeduckdam, ymingmyangO, miyuum680",https://dongne.co/events/df2607/circles/168850,제34회 디. 페스타(토),Day1
댄싱래빗,댄싱래빗,G-05,G,05,,2sp,,,,,,,,공예,,https://dongne.co/events/df2607/circles/167284,제34회 디. 페스타(토),Day1
더듬이조,찬양,I-08,I,08,,2sp,엘소드,,엘소드 쁘띠존 :: 엘리오스 100년 살기,,,,,"만화,일러스트",Chanyan_ON,https://dongne.co/events/df2607/circles/167462,제34회 디. 페스타(토),Day1
도트도트,빈아,T-01b,T,01,b,1sp,전독시,"보컬로이드,이착헌,괴담출근,케데헌",,,,,,,Bin_a1216,https://dongne.co/events/df2607/circles/168033,제34회 디. 페스타(토),Day1
동글동글,제이,D-13,D,13,,2sp,플레이브,내가 키운 S급들,,"예준,노아,밤비,은호,하민,한유현,한유진",한유현X한유진,"로맨틱,섹슈얼",,"만화,일러스트",j_yhyj,https://dongne.co/events/df2607/circles/166783,제34회 디. 페스타(토),Day1
동인실직,"가미, 도토리, 레이스칼",A-20,A,20,,2sp,프로젝트 세카이,,루이츠카 쁘띠존【 달을 향해 별을 쏘아라 】,"카미시로 루이,텐마 츠카사",카미시로 루이X텐마 츠카사,"로맨틱,섹슈얼",,,,https://dongne.co/events/df2607/circles/166757,제34회 디. 페스타(토),Day1
동코퇴근,"소동,쯔코",R-18,R,18,,2sp,괴담출근,,,김솔음,,,,,ppang0_z,https://dongne.co/events/df2607/circles/168126,제34회 디. 페스타(토),Day1
뒹굴뒹굴,돕돕돕,V-01,V,01,,2sp,던전밥,"장송의 프리렌,슈퍼맨",,,,,,,,https://dongne.co/events/df2607/circles/166666,제34회 디. 페스타(토),Day1
딸기빙수,eno,K-03b,K,03,b,1sp,귀멸의 칼날,,,,,,,,,https://dongne.co/events/df2607/circles/166716,제34회 디. 페스타(토),Day1
램엕외길,솟대,T-11b,T,11,b,1sp,이세계 착각 헌터,,기려창호 쁘띠존 : 함께 가요 2026 기창 엑스포,,,,,,sotdae_17,https://dongne.co/events/df2607/circles/166699,제34회 디. 페스타(토),Day1
럭키세븐,슈밍,U-06a,U,06,a,1sp,,,,,,,,,,https://dongne.co/events/df2607/circles/167974,제34회 디. 페스타(토),Day1
룰루월드,Honol,F-15b,F,15,b,1sp,해즈빈호텔,해즈빈호텔,✦ 웰컴 투 헬 ✦ - 헬라버스 쁘띠존,루시퍼,,로맨틱,루시퍼른,"일러스트,만화",dyadeudyal2299,https://dongne.co/events/df2607/circles/169265,제34회 디. 페스타(토),Day1
리무리무,리무무,S-10,S,10,,2sp,괴담출근,,,"김솔음,최요원,류재관,이자헌,백사헌 등",,,,일러스트,mu_r1r11,https://dongne.co/events/df2607/circles/166813,제34회 디. 페스타(토),Day1
망각소년,하이량,H-21,H,21,,2sp,망각소년,,,,,,,"음반,소설,만화",hiryang,https://dongne.co/events/df2607/circles/169237,제34회 디. 페스타(토),Day1
매끈매끈,csk0712,U-19a,U,19,a,1sp,이세계 착각 헌터,,,레밍,,,,,,https://dongne.co/events/df2607/circles/168170,제34회 디. 페스타(토),Day1
모몬가즈,모구토,S-08,S,08,,2sp,괴담에 떨어져도 출근을 해야 하는구나,내가 키운 S급들,,,,,현제유진,,,https://dongne.co/events/df2607/circles/166728,제34회 디. 페스타(토),Day1
무해무해,무해무해,H-05,H,05,,2sp,무해한 과일 친구들,지구고양이,,,,,,,muhae_muhae,https://dongne.co/events/df2607/circles/168076,제34회 디. 페스타(토),Day1
문어구이,문어구이,T-21,T,21,,2sp,"플레이브,데못죽",괴담출근,,,박문대,,남예준x한노아,,boseukkamgo,https://dongne.co/events/df2607/circles/167162,제34회 디. 페스타(토),Day1
문어동산,칩,J-15b,J,15,b,1sp,명탐정 코난,,2026 아카아무 쁘띠존: 10VE 10OP,"아카이 슈이치,아무로 토오루",,"로맨틱,섹슈얼",,"만화,일러스트",uneechip,https://dongne.co/events/df2607/circles/168120,제34회 디. 페스타(토),Day1
물방앗간,찹쌀,B-10,B,10,,2sp,히프노시스마이크,"블리치,주술회전,이세계 착각 헌터",,,아오히츠기 사마토키X누루데 사사라,로맨틱,"긴란, 고죠게토","소설,기타",sellingssal,https://dongne.co/events/df2607/circles/166856,제34회 디. 페스타(토),Day1
백색소음,노이즈,Y-14,Y,14,,2sp,"마법명가 차남으로 살아남는 법,명문고 EX급 조연의 리플레이","괴담출근,데뷔 못하면 죽는 병 걸림",,"레오나르드 비텔스바흐,루카스 아스카니엔,황호,조의신",레오나르드 비텔스바흐X루카스 아스카니엔,"로맨틱,섹슈얼",황호x의신,"소설,일러스트",,https://dongne.co/events/df2607/circles/166623,제34회 디. 페스타(토),Day1
별긍상점,별긍,G-03a,G,03,a,1sp,,,,"토곰이,곰돌이,긍냥이",,,,일러스트,byeol_geung,https://dongne.co/events/df2607/circles/168695,제34회 디. 페스타(토),Day1
복슬복슬,"말비당, 무개",A-05a,A,05,a,1sp,프로젝트 세카이,,루이츠카 쁘띠존【 달을 향해 별을 쏘아라 】,"카미시로 루이,텐마 츠카사",카미시로 루이X텐마 츠카사,,,,"dried_carrot, mu_dog0202",https://dongne.co/events/df2607/circles/168580,제34회 디. 페스타(토),Day1
복작복작,moraegorae,J-06,J,06,,2sp,명탐정코난,"나루토,혈계전선",,"타카기,사토",타카기와타루X사토미와코,,카카이루,"소설,공예,기타",,https://dongne.co/events/df2607/circles/167110,제34회 디. 페스타(토),Day1
부스부스,닷,M-02b,M,02,b,1sp,,,,,,,,,,https://dongne.co/events/df2607/circles/168448,제34회 디. 페스타(토),Day1
빌기시작,강렙,B-14b,B,14,b,1sp,히프노시스 마이크,,히프노시스 마이크 쁘띠존,,아오히츠기 사마토키X누루데 사사라,,,소설,Kang_rebin_,https://dongne.co/events/df2607/circles/168081,제34회 디. 페스타(토),Day1
쁘띠뽀짝,뽀짝쿵야,R-05,R,05,,2sp,"괴담출근,케데헌,오란고교,달빛천사,헌터헌터,원피스","이착헌,하이큐,플레이브,데못죽,전독시,내스급,코난,슬램덩크,쿠키런 킹덤,최애의 아이,스파이패밀리,뮤지컬 프랑켄슈타인,화산귀환",,,,,,,BBoJJaKKyu,https://dongne.co/events/df2607/circles/166834,제34회 디. 페스타(토),Day1
사우러스,saurus,H-04b,H,04,b,1sp,마태인,,,,,,,만화,saurus_trn,https://dongne.co/events/df2607/circles/169193,제34회 디. 페스타(토),Day1
산지직송,강원도감자,G-20b,G,20,b,1sp,,,,,,,,,,https://dongne.co/events/df2607/circles/166663,제34회 디. 페스타(토),Day1
순정열거,hop,M-10,M,10,,2sp,주술회전,,게토고죠 쁘띠존 「맛있어져라~♥︎ 스구사토큥♡」,,게토 스구루X고죠 사토루,"섹슈얼,로맨틱",,,,https://dongne.co/events/df2607/circles/166670,제34회 디. 페스타(토),Day1
숭이숭이,몽상화,M-06,M,06,,2sp,주술회전,,게토고죠 쁘띠존 「맛있어져라~♥︎ 스구사토큥♡」,게토 스구루x고죠 사토루,,"로맨틱,섹슈얼",,"만화,일러스트",mongsanghwa,https://dongne.co/events/df2607/circles/169141,제34회 디. 페스타(토),Day1
시쿠시쿠,농부,A-02,A,02,,2sp,프로젝트 세카이,,루이츠카 쁘띠존【 달을 향해 별을 쏘아라 】,,카미시로 루이X텐마 츠카사,로맨틱,,만화,,https://dongne.co/events/df2607/circles/166718,제34회 디. 페스타(토),Day1
쌍두마차,"천두, 화차",Y-18,Y,18,,2sp,화산귀환,,,,,,,,,https://dongne.co/events/df2607/circles/167663,제34회 디. 페스타(토),Day1
안경부점,가나쵸,Z-16,Z,16,,2sp,"너희들은 변호됐다,변호됨",,,"강민재,차주한",강민재X차주한,,,일러스트,_ghanacho,https://dongne.co/events/df2607/circles/167380,제34회 디. 페스타(토),Day1
엔젤코어,hazuyouyu,F-08a,F,08,a,1sp,해즈빈호텔,,✦ 웰컴 투 헬 ✦ - 헬라버스 쁘띠존,,허스크X엔젤,"로맨틱,섹슈얼",,,hazuyouyu,https://dongne.co/events/df2607/circles/166686,제34회 디. 페스타(토),Day1
연성술사,연성술사,P-16,P,16,,2sp,괴담에 떨어져도 출근을 해야하는 구나,"화산귀환,이세계 착각 헌터",,,,,,공예,alchemist_for,https://dongne.co/events/df2607/circles/167235,제34회 디. 페스타(토),Day1
열혈반점,소지,E-10,E,10,,2sp,앙상블 스타즈!! Music,앙상블 스타즈,,나구모 테토라,나구모 테토라X키류 쿠로,,테츠쿠로,,draca2na,https://dongne.co/events/df2607/circles/166729,제34회 디. 페스타(토),Day1
오리연못,오리연못,H-06,H,06,,2sp,,,,,,,,일러스트,Lemon_duck_pond,https://dongne.co/events/df2607/circles/168691,제34회 디. 페스타(토),Day1
올망졸망,깨갱,S-02b,S,02,b,1sp,가라오케 가자,"은혼,여학교의 별",,"사카타 긴토키,히지카타 토시로,오카 사토미,나리타 쿄지",,로맨틱,긴토키x히지카타,"일러스트,만화",Algamja__0927,https://dongne.co/events/df2607/circles/168510,제34회 디. 페스타(토),Day1
와플가게,"와플,호떡",S-22,S,22,,2sp,,,,,,,,,angelinwaffle,https://dongne.co/events/df2607/circles/167373,제34회 디. 페스타(토),Day1
우주유영,모민,A-23b,A,23,b,1sp,프로젝트 세카이,,루이츠카 쁘띠존【 달을 향해 별을 쏘아라 】,"카미시로 루이,텐마 츠카사",카미시로 루이X텐마 츠카사,,,만화,pleegf,https://dongne.co/events/df2607/circles/167053,제34회 디. 페스타(토),Day1
위법부스,일출남,B-15a,B,15,a,1sp,히프노시스 마이크,,히프노시스 마이크 쁘띠존,"츠츠지모리 로쇼,누루데 사사라",,"로맨틱,섹슈얼",,만화,,https://dongne.co/events/df2607/circles/167845,제34회 디. 페스타(토),Day1
으라차차,감자탕,K-21a,K,21,a,1sp,나루토,,,,,,,,kamsa_tang,https://dongne.co/events/df2607/circles/168067,제34회 디. 페스타(토),Day1
은민상점,은민,J-02a,J,02,a,1sp,,,,,,,,,em913em,https://dongne.co/events/df2607/circles/167817,제34회 디. 페스타(토),Day1
이상기후,장화,Z-11,Z,11,,2sp,화산귀환,,,"당보,청명",당보X청명,로맨틱,,소설,Amimo_acid224,https://dongne.co/events/df2607/circles/168940,제34회 디. 페스타(토),Day1
일거양득,삼득,Z-10b,Z,10,b,1sp,화산귀환,변호됨,,"당보,청명",당보X청명,,민재주한,"만화,일러스트",samsam_dc,https://dongne.co/events/df2607/circles/168607,제34회 디. 페스타(토),Day1
잠복근무,가토,J-03a,J,03,a,1sp,명탐정코난,,,"시라토리 닌자부로,코바야시 스미코",시라토리 닌자부로X코바야시 스미코,로맨틱,,,gateau_ch0,https://dongne.co/events/df2607/circles/168728,제34회 디. 페스타(토),Day1
잡탕찌개,미아,I-24,I,24,,2sp,괴수 8호,체인소맨,,호시나 소우시로,,로맨틱,덴레제,,saladjoaa__,https://dongne.co/events/df2607/circles/168112,제34회 디. 페스타(토),Day1
최솔글방,물망초,N-06,N,06,,2sp,괴담에 떨어져도 출근을 해야 하는구나,,,"최 요원,김솔음",최 요원X김솔음,"로맨틱,로맨틱",,소설,mardred0913,https://dongne.co/events/df2607/circles/168003,제34회 디. 페스타(토),Day1
쿠키오븐,간만의쿠키,G-06,G,06,,2sp,솜인형 의상,데못죽(데뷔 못하면 죽는 병 걸림),,,,,,공예,coo_TeSTAR_kies,https://dongne.co/events/df2607/circles/168521,제34회 디. 페스타(토),Day1
티비두밥,"테레비의 좌버튼, 소장, 나격, 도히, 키우","N-12, N-13",N,12,,4sp,"괴담에 떨어져도 출근을 해야 하는구나,괴담출근","카구라바치,마법명가 차남으로 살아남는 법,마차살,이착헌,이세계 착각 헌터",,브라운,,"로맨틱,섹슈얼",,"일러스트,소설","sojang_o, showbizmapsosa",https://dongne.co/events/df2607/circles/167551,제34회 디. 페스타(토),Day1
파삭바삭,"바림,버터",U-24,U,24,,2sp,,,,,,,,,,https://dongne.co/events/df2607/circles/167332,제34회 디. 페스타(토),Day1
푸데게롱,소요,N-11,N,11,,2sp,괴담출근,,,"이자헌,최 요원,J3",,,,일러스트,soyo__yoso,https://dongne.co/events/df2607/circles/168498,제34회 디. 페스타(토),Day1
하렘출근,사원 ,Q-16a,Q,16,a,1sp,괴담출근,,,,김솔음X백사헌,"로맨틱,섹슈얼","솔음요원,솔음유원",,hoesaone,https://dongne.co/events/df2607/circles/167941,제34회 디. 페스타(토),Day1
한오백년,"엠알, 송",Z-08,Z,08,,2sp,화산귀환,,,,백천X청명,"로맨틱,섹슈얼",,만화,,https://dongne.co/events/df2607/circles/167690,제34회 디. 페스타(토),Day1
해무가득,유냉,X-10b,X,10,b,1sp,어두운 바다의 등불이 되어,괴담에 떨어져도 출근을 해야하는구나,,박무현,신해량X박무현,,,,,https://dongne.co/events/df2607/circles/168179,제34회 디. 페스타(토),Day1
행성루츠,GreenT,A-21,A,21,,2sp,프로젝트세카이,,루이츠카 쁘띠존【 달을 향해 별을 쏘아라 】,"카미시로루이,텐마츠카사",,로맨틱,,,Greent_tn,https://dongne.co/events/df2607/circles/168881,제34회 디. 페스타(토),Day1
행운상점,뾰,K-02a,K,02,a,1sp,사카모토데이즈,,,아사쿠라 신,아사쿠라 신X아타리,"섹슈얼,로맨틱",나구모x리온,소설,nokillassassin,https://dongne.co/events/df2607/circles/167461,제34회 디. 페스타(토),Day1
호랑이굴,토라,A-08,A,08,,2sp,프로세카,명일방주,,토우아키,아오야기 토우야X시노노메 아키토,"섹슈얼,로맨틱,섹슈얼",마후카나,"만화,소설,일러스트",,https://dongne.co/events/df2607/circles/168117,제34회 디. 페스타(토),Day1
화산출근,솔티,Z-09b,Z,09,b,1sp,화산귀환,,,,,,,,,https://dongne.co/events/df2607/circles/168351,제34회 디. 페스타(토),Day1
화산출근,슬,Z-09a,Z,09,a,1sp,화산귀환,괴담출근,,"조걸 윤종 이자헌 김솔음,<괴담에 떨어져도 출근을 해야 하는구나> 작 중 캐릭터,'화산귀환' 등장 캐릭터,백천 청명",조걸X윤종,로맨틱,자헌솔음 백천청명,만화,sru0401,https://dongne.co/events/df2607/circles/167857,제34회 디. 페스타(토),Day1
롯데리아 ,wayter,S-12,S,12,,2sp,괴담출근,이착헌,,,,,,"일러스트,조형",wayter_0918,https://dongne.co/events/df2607/circles/167059,제34회 디. 페스타(토),Day1
동물농장 -최랑솔냐편-,은우,N-02,N,02,,2sp,괴담에 떨어져도 출근을 해야 하는구나,명문고 EX급 조연의 리플레이,최솔 쁘띠존 : 달달하고 달콤한 세레나데,"최 요원,김솔음",최 요원X김솔음,로맨틱,"황호의신, 제건신록","만화,일러스트",eunu_ham,https://dongne.co/events/df2607/circles/168087,제34회 디. 페스타(토),Day1
돌아오는 길,떠리,M-21a,M,21,a,1sp,주술회전,,게토고죠 쁘띠존 「맛있어져라~♥︎ 스구사토큥♡」,"게토스구루,고죠사토루",게토스구루X고죠사토루,로맨틱,,소설,parananhc,https://dongne.co/events/df2607/circles/166833,제34회 디. 페스타(토),Day1
디카페인 구원,빵술,X-08,X,08,,2sp,어두운 바다의 등불이 되어,,,김재희 박무현,김재희X박무현,로맨틱,,만화,cf_otaku,https://dongne.co/events/df2607/circles/167278,제34회 디. 페스타(토),Day1
용용이와 노루,머렝,P-19b,P,19,b,1sp,괴담에 떨어져도 출근을 해야 하는구나,,,김솔음,,,,,,https://dongne.co/events/df2607/circles/167643,제34회 디. 페스타(토),Day1
이케부의 망령,와코,C-23a,C,23,a,1sp,히프노시스마이크,,히프노시스 마이크 쁘띠존,야마다 이치로 / 아오히츠기 사마토키,아오히츠기 사마토키X야마다 이치로,"로맨틱,섹슈얼",,,punchline0_0,https://dongne.co/events/df2607/circles/169257,제34회 디. 페스타(토),Day1
작업실의 호담,호담,P-19a,P,19,a,1sp,괴담출근,,,,,,,,"Hodam_CC, Hodam_studio",https://dongne.co/events/df2607/circles/167285,제34회 디. 페스타(토),Day1
페건딱과 같이,__,K-17,K,17,,2sp,유희왕 Zexal,"페르소나5,페르소나4,건담 더블오,기동전사 건담 철혈의 오펀스,건담SEED,용과같이,유희왕 Arc-V,유희왕 ZEXAL,유희왕 VRAINS",,"건담,페르소나 시리즈 주인공들,용과같이(쵸우, 이치반),유희왕 캐릭터 다수",,로맨틱,카이미자(제알) 주아케(페5) 주하나(페4) 쵸우이치(용과같이),"기타,일러스트",gemgye195971,https://dongne.co/events/df2607/circles/169027,제34회 디. 페스타(토),Day1
호연이네 이모,"호연,이모",M-03,M,03,,2sp,주술회전,,게토고죠 쁘띠존 「맛있어져라~♥︎ 스구사토큥♡」,,,"로맨틱,섹슈얼",,,fegetiger,https://dongne.co/events/df2607/circles/168790,제34회 디. 페스타(토),Day1
히지카타 만세,엄지,Z-22a,Z,22,a,1sp,은혼,,,,,,,,umji_11,https://dongne.co/events/df2607/circles/168645,제34회 디. 페스타(토),Day1
혼자놀고 섬도 감 ,지미,H-11,H,11,,2sp,오리지널(1차),오오에,,,,로맨틱,,,dp1nks,https://dongne.co/events/df2607/circles/166978,제34회 디. 페스타(토),Day1
루리호를 걷는 시간,구이,B-01a,B,01,a,1sp,카리스마,,,,,,,,,https://dongne.co/events/df2607/circles/168933,제34회 디. 페스타(토),Day1
아카이가 저리 비키지 않은 탓일까,"담무, 이오",J-07,J,07,,2sp,,,2026 아카아무 쁘띠존: 10VE 10OP,"아카이 슈이치,아무로 토오루",아카이 슈이치X아무로 토오루,로맨틱,,"만화,일러스트","dum_muj, d725_",https://dongne.co/events/df2607/circles/169227,제34회 디. 페스타(토),Day1
아마구니 법률 사무소 디페스타 지점,루미,B-13,B,13,,2sp,히프노시스 마이크,,히프노시스 마이크 쁘띠존,아마구니 히토야,아이모노 쥬시X아마구니 히토야,"로맨틱,섹슈얼",진구지 쟈쿠라이x아마구니 히토야,소설,chaoslina,https://dongne.co/events/df2607/circles/166778,제34회 디. 페스타(토),Day1
국가공인 헌터 연어마켓,"서핑,판사",R-09,R,09,,2sp,괴담출근,이착헌,,,,,,,,https://dongne.co/events/df2607/circles/167427,제34회 디. 페스타(토),Day1
포근포근 원투 베이커리,"깅, 릥뽕",A-05b,A,05,b,1sp,프로젝트 세카이,,루이츠카 쁘띠존【 달을 향해 별을 쏘아라 】,"카미시로 루이,텐마 츠카사",카미시로 루이X텐마 츠카사,"로맨틱,섹슈얼",,"만화,일러스트",nel_kim_,https://dongne.co/events/df2607/circles/168824,제34회 디. 페스타(토),Day1
지옥으로 끌고 간다해도 따라갈 수 밖에,홍,V-11,V,11,,2sp,진혼기,,,"김자하,김설영",,"로맨틱,섹슈얼",,"만화,일러스트,기타",U44515895,https://dongne.co/events/df2607/circles/167273,제34회 디. 페스타(토),Day1
"기다리고 있어, 쎈쎄","EXCE-T, hamo",L-20,L,20,,2sp,주술회전,,,올 캐릭터,고죠 사토루X이타도리 유지,"로맨틱,섹슈얼",,"만화,일러스트","DprtpF_Tor5X2, hamo_art2",https://dongne.co/events/df2607/circles/167258,제34회 디. 페스타(토),Day1
"다음역은 지옥, 지옥입니다",조킬이,F-16,F,16,,2sp,해즈빈호텔,,✦ 웰컴 투 헬 ✦ - 헬라버스 쁘띠존,"알래스터,복스",알래스터X복스,"로맨틱,섹슈얼", ,"일러스트,기타,만화",Jokillkill,https://dongne.co/events/df2607/circles/169186,제34회 디. 페스타(토),Day1
곰동이의 요원님,솔설,Q-22,Q,22,,2sp,괴담에 떨어져도 출근을 해야 하는구나,,,"류재관,최요원,김솔음,브라운,백사헌",류재관X최요원,"로맨틱,섹슈얼",,"만화,일러스트,소설",pinesntg,https://dongne.co/events/df2607/circles/167188,제34회 디. 페스타(토),Day1
도마뱀의 보물함,해룡,G-12,G,12,,2sp,,,,,,,,"만화,공예",tlzn01,https://dongne.co/events/df2607/circles/166651,제34회 디. 페스타(토),Day1
멧돼지에 맞서다,"공무원이좋다, 게오오니",Q-20,Q,20,,2sp,괴담에 떨어져도 출근을 해야 하는구나,,,류재관 최요원,류재관X최요원,로맨틱,,만화,,https://dongne.co/events/df2607/circles/167138,제34회 디. 페스타(토),Day1
배구하는 명탐정,mesame,L-16,L,16,,2sp,하이큐,명탐정 코난,,,사쿠사 키요오미X우시지마 와카토시,로맨틱,야마토 칸스케x우에하라 유이,"만화,일러스트",mesame_HQ,https://dongne.co/events/df2607/circles/169064,제34회 디. 페스타(토),Day1
베이커가 디비전,서룡,B-11,B,11,,2sp,히프노시스 마이크,"코난,마차살",,,아오히츠기 사마토키X누루데 사사라,로맨틱,,만화,4amaisfunk,https://dongne.co/events/df2607/circles/168986,제34회 디. 페스타(토),Day1
보송보송 소미네,솜소미,P-06,P,06,,2sp,괴담에 떨어져도 출근을 해야 하는구나,헌터헌터,,"최요원,류재관,김솔음,D조",,,,,uncannysom,https://dongne.co/events/df2607/circles/168596,제34회 디. 페스타(토),Day1
사슴고기 전문점,"라가머핀 , 숭늉",F-22,F,22,,2sp,해즈빈 호텔,헬루바 보스,✦ 웰컴 투 헬 ✦ - 헬라버스 쁘띠존,알래스터 위주,,,,"만화,일러스트,소설,공예","Ragamuffin21, shungnung_tndsb",https://dongne.co/events/df2607/circles/169190,제34회 디. 페스타(토),Day1
신슈소바 연구회,깨알,I-13,I,13,,2sp,"명탐정 코난,하이큐-!!,가비지타임",,,,,,,소설,,https://dongne.co/events/df2607/circles/167539,제34회 디. 페스타(토),Day1
앧엜카페 루벤점,니엘,I-06,I,06,,2sp,엘소드,,엘소드 쁘띠존 :: 엘리오스 100년 살기,"엘소드,애드",애드X엘소드,,,"일러스트,소설",ImUrEl1227,https://dongne.co/events/df2607/circles/167131,제34회 디. 페스타(토),Day1
왕밤빵의 세카이,왕밤빵,A-03b,A,03,b,1sp,프로젝트 세카이,,루이츠카 쁘띠존【 달을 향해 별을 쏘아라 】,,카미시로 루이X텐마 츠카사,,,,,https://dongne.co/events/df2607/circles/167390,제34회 디. 페스타(토),Day1
우당탕탕 놀이터,뿌쑝,G-20a,G,20,a,1sp,디지몬,,,신테일,,,,,koozh1,https://dongne.co/events/df2607/circles/168393,제34회 디. 페스타(토),Day1
우마뾰이 란타로,닌담곰,D-21,D,21,,2sp,닌타마(닌자보이란타로),우마무스메,,"케마 토메사부로,젠포우지 이사쿠",케마 토메사부X젠포우지 이사쿠,"로맨틱,섹슈얼",,"만화,일러스트",ninzadamgom,https://dongne.co/events/df2607/circles/167582,제34회 디. 페스타(토),Day1
장도리와 외계인,사마,V-16,V,16,,2sp,이세계 착각 헌터,,,<이세계 착각 헌터> 작 중 캐릭터,정하성X김기려,"로맨틱,섹슈얼",찐려른,,sm5927602,https://dongne.co/events/df2607/circles/166661,제34회 디. 페스타(토),Day1
쫀득쫀득 유치원,빈제,Z-04a,Z,04,a,1sp,포켓몬스터,,,포켓몬,,,,"공예,조형",Bin_ze__,https://dongne.co/events/df2607/circles/168598,제34회 디. 페스타(토),Day1
퇴근하고 싶어요,결체,R-03b,R,03,b,1sp,괴담출근,"명탐정코난,엘소드",,,,,,,,https://dongne.co/events/df2607/circles/168140,제34회 디. 페스타(토),Day1
신랑부활 위원회 ,단지,D-19,D,19,,2sp,트라이건,,,,니콜라스 D. 울프우드X밧슈 더 스탬피드,"로맨틱,섹슈얼",,,Danji_tri,https://dongne.co/events/df2607/circles/168336,제34회 디. 페스타(토),Day1
보라빨강 나오는 부스,이노,I-22,I,22,,2sp,엘소드,,,,,,,,purplexred_,https://dongne.co/events/df2607/circles/167241,제34회 디. 페스타(토),Day1
자헌솔음 바이럴 부스,이삼,O-15a,O,15,a,1sp,"괴담출근,괴담에 떨어져도 출근을 해야 하는구나",,,"이자헌,김솔음",이자헌X김솔음,"로맨틱,로맨틱,섹슈얼",,"만화,소설,일러스트",oxe2oxe3,https://dongne.co/events/df2607/circles/168088,제34회 디. 페스타(토),Day1
해저기지 유실물 센터,리버,X-16,X,16,,2sp,어두운 바다의 등불이 되어,은행원도 용꿈을 꾸나요,,"박무현,신해량,서지혁,백애영,김재희",,,지혁해량,"만화,기타","NPIUS_r, anaksunam8n",https://dongne.co/events/df2607/circles/167522,제34회 디. 페스타(토),Day1
아이보가 여장한 건에 대하여,아샤,A-12,A,12,,2sp,프세카,,,,아키토X토우야,,,"일러스트,만화",Asha_prsk,https://dongne.co/events/df2607/circles/168155,제34회 디. 페스타(토),Day1
귀여워도 출근을 해야 하는구나,용사,"S-07, S-18",S,07,,4sp,괴담출근,,,,,,,,04_0IV,https://dongne.co/events/df2607/circles/167557,제34회 디. 페스타(토),Day1
너희들은 그뭐냐 그거다,랑고씨,Z-18,Z,18,,2sp,"너희들은 변호됐다,변호됨",,,,,,,,,https://dongne.co/events/df2607/circles/168386,제34회 디. 페스타(토),Day1
강원도의 여름은 덥나요 춥나요,"salmon, TAMANG",J-19,J,19,,2sp,명탐정 코난,,,,야마토 칸스케X우에하라 유이,로맨틱,"후루카자, 쥬고치하",소설,"periodic_salmom, tamang_FRKZ",https://dongne.co/events/df2607/circles/167459,제34회 디. 페스타(토),Day1
게토고죠 쁘띠존 주최부스,,M-13,M,13,,2sp,,,게토고죠 쁘띠존 「맛있어져라~♥︎ 스구사토큥♡」,,,,,,,https://dongne.co/events/df2607/circles/175395,제34회 디. 페스타(토),Day1
아무래도 마법을 써야겠지,비나리,W-11,W,11,,2sp,블랙배저,,블랙배저 NCP 쁘띠존: Mother tree's lullaby,,,,,,B_nary_,https://dongne.co/events/df2607/circles/169236,제34회 디. 페스타(토),Day1
즛토즛토 궁극… 프로듀싱,엠버,B-20a,B,20,a,1sp,아이돌마스터 사이드엠,,아이돌마스터 사이드엠 쁘띠존,"타이가 타케루,키자키 렌,엔죠지 미치루,사쿠라바 카오루,텐도 테루,카시와기 츠바사",타이가 타케루X키자키 렌,"로맨틱,해당없음,로맨틱",테루카오(텐도 테루 X 사쿠라바 카오루),"만화,일러스트",amberiiiiv,https://dongne.co/events/df2607/circles/168701,제34회 디. 페스타(토),Day1
프리파라 그곳은 여자들의 초원,만마,Y-26,Y,26,,2sp,천막의 자두가르,"프리티 시리즈,무기미도",,,,,,만화,mangajug,https://dongne.co/events/df2607/circles/167512,제34회 디. 페스타(토),Day1
광부들을 다양한 눈높이로 보고 있는 하이가드,네온,X-03b,X,03,b,1sp,트랜스포머,,,,,,,"만화,일러스트",Ne0nnie_,https://dongne.co/events/df2607/circles/168350,제34회 디. 페스타(토),Day1
엽사에게 잡혀온 외계인이 기창을 내두른다,찌게,T-18b,T,18,b,1sp,이착헌,,기려창호 쁘띠존 : 함께 가요 2026 기창 엑스포,"김기려,강창호",,"섹슈얼,로맨틱",,소설,tlfghksi__,https://dongne.co/events/df2607/circles/167031,제34회 디. 페스타(토),Day1
솔음돋는 연애는 사절입니다,최솔 앤솔로지,N-15,N,15,,2sp,괴담에 떨어져도 출근을 해야 하는구나,괴담출근,최솔 쁘띠존 : 달달하고 달콤한 세레나데,"최요원,김솔음",최요원X김솔음,"해당없음,로맨틱",최솔,"만화,소설",choisol_mp4,https://dongne.co/events/df2607/circles/169252,제34회 디. 페스타(토),Day1
미라이데 맛떼루!,캔모,D-09b,D,09,b,1sp,"니지산지,보컬로이드,나의 히어로 아카데미아",,,하츠네 미쿠,,로맨틱,,일러스트,canm0_3,https://dongne.co/events/df2607/circles/168533,제34회 디. 페스타(토),Day1
공항에서 기다릴게,"아원, 행",M-18,M,18,,2sp,주술회전,,게토고죠 쁘띠존 「맛있어져라~♥︎ 스구사토큥♡」,"게토 스구루,고죠 사토루",게토 스구루X고죠 사토루,로맨틱,,"만화,일러스트,기타","awon_nyam, lxng725",https://dongne.co/events/df2607/circles/169148,제34회 디. 페스타(토),Day1
너희들은 침수됐다,몽땅,"X-13, X-14",X,13,,4sp,어바등,"변호됨,괴담출근(괴출)",,,,,,,mongddang__1,https://dongne.co/events/df2607/circles/167918,제34회 디. 페스타(토),Day1
다칸마리 떡백마리,"인절미 박사, 9",K-04,K,04,,2sp,귀멸의칼날,게나조,,,,,,,,https://dongne.co/events/df2607/circles/166819,제34회 디. 페스타(토),Day1
동인지는 꿈이잖아,홍시 은디,V-10,V,10,,2sp,<진혼기>,"마차살,히카루의 바둑",,,자하X설영,로맨틱,"아키히카, 레오루카","만화,소설,사진,기타",persimmon613,https://dongne.co/events/df2607/circles/168274,제34회 디. 페스타(토),Day1
소탐대실 사필귀정,mukbab,R-19b,R,19,b,1sp,아이돌리쉬 세븐,히프노시스마이크,,,오사카 소고X요츠바 타마키,로맨틱,,,mukbab_,https://dongne.co/events/df2607/circles/166650,제34회 디. 페스타(토),Day1
쏘아올린 새우튀김,Lusy,X-23,X,23,,2sp,Nu:카니발,,,올 캐릭터,,,,기타,,https://dongne.co/events/df2607/circles/167307,제34회 디. 페스타(토),Day1
아기희야 행복하렴,빙구들,Y-15b,Y,15,b,1sp,의원 다시 살다,,,,,,,소설,RlLHel,https://dongne.co/events/df2607/circles/168337,제34회 디. 페스타(토),Day1
유영하는 우주에서,이지,X-19,X,19,,2sp,어두운 바다의 등불이 되어,화산귀환,,이지현 백애영,,로맨틱,,만화,Daisy27from,https://dongne.co/events/df2607/circles/167885,제34회 디. 페스타(토),Day1
이것저것 구매하라,U.K,W-02,W,02,,2sp,하이큐,이누야샤 괴8 등등 다수,,,,,,만화,,https://dongne.co/events/df2607/circles/169105,제34회 디. 페스타(토),Day1
펜타그램 전자상가,농민,F-21b,F,21,b,1sp,해즈빈 호텔,,✦ 웰컴 투 헬 ✦ - 헬라버스 쁘띠존,"알래스터,복스",복스X알래스터,"섹슈얼,로맨틱,로맨틱,섹슈얼",,만화,__nongmin__,https://dongne.co/events/df2607/circles/167102,제34회 디. 페스타(토),Day1
고릴라와 허접멸치~울트라로맨틱~,tbyys2,V-02,V,02,,2sp,흡혈귀는 툭하면 죽는다,흡툭죽,,로널드 드라루크,로널드X드라루크,"로맨틱,섹슈얼",,"만화,소설",himtroll,https://dongne.co/events/df2607/circles/166658,제34회 디. 페스타(토),Day1
블랙배저 팬아트북 ,나안,K-03a,K,03,a,1sp,블랙배저,,,힐데베르트,,해당없음,,,,https://dongne.co/events/df2607/circles/167934,제34회 디. 페스타(토),Day1
방청소를 슥샅슥샅 하자,"파산, 멸망",M-23,M,23,,2sp,주술회전,,게토고죠 쁘띠존 「맛있어져라~♥︎ 스구사토큥♡」,게토 스구루 / 고죠 사토루,,,,만화,"pasan_S5, byeol_lo",https://dongne.co/events/df2607/circles/167705,제34회 디. 페스타(토),Day1
수장님이 지켜보고 계셔,.,W-19b,W,19,b,1sp,천지해,,,,,,,만화,,https://dongne.co/events/df2607/circles/168689,제34회 디. 페스타(토),Day1
외계인을 사냥하는 모임,포필,T-15a,T,15,a,1sp,이세계 착각 헌터,,기려창호 쁘띠존 : 함께 가요 2026 기창 엑스포,"김기려,강창호",김기려X강창호,"섹슈얼,로맨틱",,만화,,https://dongne.co/events/df2607/circles/168458,제34회 디. 페스타(토),Day1
천사이자 악마이자 아빠,동주,R-03a,R,03,a,1sp,괴담에 떨어져도 출근을 해야 하는구나,해즈빈호텔,,곽제강,,"로맨틱,섹슈얼",,"만화,일러스트",lv21vor,https://dongne.co/events/df2607/circles/167923,제34회 디. 페스타(토),Day1
행복하면 레밍하고 울어,.,U-18a,U,18,a,1sp,이착헌,,,,,,,만화,,https://dongne.co/events/df2607/circles/168970,제34회 디. 페스타(토),Day1
루이츠카 쁘띠존【 달을 향해 별을 쏘아라 】 주최부스,,A-01,A,01,,2sp,프로젝트 세카이 컬러풀 스테이지 feat.하츠네미쿠,,루이츠카 쁘띠존【 달을 향해 별을 쏘아라 】,"카미시로 루이,텐마 츠카사",카미시로 루이X텐마 츠카사,로맨틱,,,ritk_petit,https://dongne.co/events/df2607/circles/175393,제34회 디. 페스타(토),Day1
이렇게나 사랑하게 될줄 몰랐어요 진짜로,치엘로,W-12b,W,12,b,1sp,블랙배저,,블랙배저 NCP 쁘띠존: Mother tree's lullaby,블랙배저,,,,소설,_Moon_Luna,https://dongne.co/events/df2607/circles/167509,제34회 디. 페스타(토),Day1
황무지에 떨어져서 개간함,세인,W-08,W,08,,2sp,"내 무협 주인공이 나를 싫어한다,주나싫",안정함,,,,"로맨틱,해당없음",,,myeonlyunjins4,https://dongne.co/events/df2607/circles/167530,제34회 디. 페스타(토),Day1
이세계에 떨어져도 출근을 해야 하는구나,만다린,P-17a,P,17,a,1sp,괴담에 떨어져도 출근을 해야 하는구나,"리제로부터 시작하는 이세계생활,리제로",,,,,,,110Mandarin,https://dongne.co/events/df2607/circles/167176,제34회 디. 페스타(토),Day1
아내들이 행복해야 가정이 화목하다,"공중에 뜸,아기",V-13,V,13,,2sp,이세계 착각 헌터,,,김기려 선우연 강창호,김기려X선우연X강창호,"로맨틱,섹슈얼","연김강,기려연","만화,일러스트,기타",cc_airborne,https://dongne.co/events/df2607/circles/168879,제34회 디. 페스타(토),Day1
제●나이 아카아무 부스명 추천해줘,"별깡, 치즈구멍",J-11a,J,11,a,1sp,명탐정 코난,,2026 아카아무 쁘띠존: 10VE 10OP,,아카이 슈이치X아무로 토오루,"로맨틱,섹슈얼",,"만화,일러스트",Mi2l2riso,https://dongne.co/events/df2607/circles/168278,제34회 디. 페스타(토),Day1
챗●피티 아카아무 부스명 추천해줘,"치즈구멍, 별깡",J-11b,J,11,b,1sp,"명탐정코난,명탐정 코난",닥터스톤,2026 아카아무 쁘띠존: 10VE 10OP,,아카이 슈이치X아무로 토오루,"로맨틱,섹슈얼,로맨틱,섹슈얼",스탠제노,,Cheesehole_desu,https://dongne.co/events/df2607/circles/169028,제34회 디. 페스타(토),Day1
눈내리는 할로윈의 고속도로,생활연구소,J-04,J,04,,2sp,명탐정코난,,,,,,,,da_life_conan,https://dongne.co/events/df2607/circles/167505,제34회 디. 페스타(토),Day1
김기려가 강창호를 사랑해서 죽었으면 좋겠어,제출하세요,T-11a,T,11,a,1sp,이세계 착각 헌터,,기려창호 쁘띠존 : 함께 가요 2026 기창 엑스포,"김기려,강창호",김기려X강창호,로맨틱,,소설,kzhn8107,https://dongne.co/events/df2607/circles/168045,제34회 디. 페스타(토),Day1
클라인에 떨어져도 출근해야하는구나…,토파랑기린,X-24,X,24,,2sp,누카니발,"괴담출근,어바등",,에이트,,,,"만화,일러스트",topa_manse,https://dongne.co/events/df2607/circles/168833,제34회 디. 페스타(토),Day1
고양이를 오른쪽으로,치이즈,N-24a,N,24,a,1sp,괴담에 떨어져도 출근을 해야 하는구나,,최솔 쁘띠존 : 달달하고 달콤한 세레나데,"최요원,김솔음",최요원X김솔음,"섹슈얼,로맨틱",,소설,pllilive,https://dongne.co/events/df2607/circles/169106,제34회 디. 페스타(토),Day1
상준나무 사랑걸렸네,리미림,J-17,J,17,,2sp,명탐정 코난,,2026 아카아무 쁘띠존: 10VE 10OP,아카이슈이치 아무로토오루,아카이슈이치X아무로토오루,"로맨틱,섹슈얼",,소설,limilim_otaku,https://dongne.co/events/df2607/circles/167337,제34회 디. 페스타(토),Day1
닌타마가 무로마치에 유통?,삶은계란(견닌),D-22b,D,22,b,1sp,닌타마란타로,,,,케마 토메사부로X젠포우지 이사쿠,로맨틱,,,1doware,https://dongne.co/events/df2607/circles/169072,제34회 디. 페스타(토),Day1
독일주종 한국에서도 연애해라,pepperrikka,V-23b,V,23,b,1sp,블루록,블리치,,,,"로맨틱,섹슈얼",,소설,rrikka_0909,https://dongne.co/events/df2607/circles/168532,제34회 디. 페스타(토),Day1
우리장르 정상영업합니다,삼사,N-18,N,18,,2sp,괴담출근,적왕사,,김솔음,최요원X김솔음,,,,tls1834,https://dongne.co/events/df2607/circles/167428,제34회 디. 페스타(토),Day1
변호됏나?,얼,Z-19b,Z,19,b,1sp,"너희들은 변호됐다,변호됨",,,,강민재X차주한,로맨틱,,소설,,https://dongne.co/events/df2607/circles/168951,제34회 디. 페스타(토),Day1
하롱살롱/겨울의꿈,하롱살롱,"H-16, H-17",H,16,,4sp,,,,,,,,,,https://dongne.co/events/df2607/circles/166829,제34회 디. 페스타(토),Day1
중얼중얼..,오지,L-12,L,12,,2sp,죠죠의 기묘한 모험,,,,,,,,OG__MAN,https://dongne.co/events/df2607/circles/166760,제34회 디. 페스타(토),Day1
마왕찌개(마라탕+감자탕+꿔바로우),실패작아빠,F-03,F,03,,2sp,"해즈빈호텔,오오에",lkyt,✦ 웰컴 투 헬 ✦ - 헬라버스 쁘띠존,,,,,,mydadisyours,https://dongne.co/events/df2607/circles/167358,제34회 디. 페스타(토),Day1
가내공수업,"감람, 무릇",V-17a,V,17,a,1sp,이세계 착각 헌터,"어두운 바다의 등불이 되어 (어바등),초심 잃은 아이돌을 위한 회귀 백서,기타",,"강창호,김기려,신해량,박무현",강창호X김기려,"로맨틱,섹슈얼,로맨틱",,,"floodcanarium, scillanus",https://dongne.co/events/df2607/circles/169159,제34회 디. 페스타(토),Day1
가족오락관,님만화가좋아요 ,F-18,F,18,,2sp,헬루바보스/해즈빈호텔,마도조사,✦ 웰컴 투 헬 ✦ - 헬라버스 쁘띠존,"스톨라스,블리츠 버크조,루시퍼 모닝스타,루시퍼,알래스터,섭회상,섭명결",,해당없음,,일러스트,newbie_zaptang,https://dongne.co/events/df2607/circles/167096,제34회 디. 페스타(토),Day1
강황잡탕밥,냊,U-16,U,16,,2sp,이세계 착각 헌터,포켓몬,,김기려,,,,일러스트,dpqmsow,https://dongne.co/events/df2607/circles/167531,제34회 디. 페스타(토),Day1
게임대충함,테랑,I-11b,I,11,b,1sp,엘소드,,엘소드 쁘띠존 :: 엘리오스 100년 살기,"엘소드노아,엘소드/NPC,엘소드(플레이어블 캐릭터)",,,,게임,jamppong237883,https://dongne.co/events/df2607/circles/168641,제34회 디. 페스타(토),Day1
기창아울렛,모다깃,T-09,T,09,,2sp,이세계착각헌터,,기려창호 쁘띠존 : 함께 가요 2026 기창 엑스포,"김기려,강창호,레밍",김기려X강창호,"로맨틱,로맨틱,섹슈얼",,"만화,소설,일러스트",voldagit,https://dongne.co/events/df2607/circles/167498,제34회 디. 페스타(토),Day1
낭만고양이,왹스바리,T-14a,T,14,a,1sp,이세계 착각 헌터,,기려창호 쁘띠존 : 함께 가요 2026 기창 엑스포,,김기려X강창호,,,"만화,일러스트",hskh117354,https://dongne.co/events/df2607/circles/168213,제34회 디. 페스타(토),Day1
닌자수집가,공마,D-23,D,23,,2sp,닌자보이 란타로,,,,케마 토메사부로X젠포우지 이사쿠,,,,,https://dongne.co/events/df2607/circles/166753,제34회 디. 페스타(토),Day1
도깨비상점,도깨비상점,G-16,G,16,,2sp,,,,,,,,공예,kkebistore,https://dongne.co/events/df2607/circles/167419,제34회 디. 페스타(토),Day1
뒷산한계점,쟈근곰,A-07,A,07,,2sp,프로젝트 세카이 컬러풀 스테이지 feat.하츠네미쿠,,,"아오야기 토우야,시노노메 아키토",아오야키 토우야X시노노메 아키토,"로맨틱,섹슈얼",토우아키,"만화,일러스트",,https://dongne.co/events/df2607/circles/166792,제34회 디. 페스타(토),Day1
딱지후라이,낼리,K-07,K,07,,2sp,"유희왕,유희왕GX",,,,,로맨틱,,,social_yona,https://dongne.co/events/df2607/circles/168319,제34회 디. 페스타(토),Day1
랩하면공짜,자히,B-17a,B,17,a,1sp,히프노시스마이크,,히프노시스 마이크 쁘띠존,"히프노시스마이크,히프노시스마이크 캐릭터",,,,"일러스트,조형,기타",zzzzahhhhi,https://dongne.co/events/df2607/circles/168775,제34회 디. 페스타(토),Day1
롬다롬다롬,도람,Z-26,Z,26,,2sp,포켓몬,앙스타 스플래툰 프리큐어,,,,,,"일러스트,만화",doramdarom,https://dongne.co/events/df2607/circles/166912,제34회 디. 페스타(토),Day1
먹다만우동,순두부우동,E-15b,E,15,b,1sp,붕괴 스타레일,,,,파이논 아낙사,,경원블레,만화,,https://dongne.co/events/df2607/circles/167397,제34회 디. 페스타(토),Day1
무히부락리,"속, 국밥걸",Y-11,Y,11,,2sp,어두운 바다의 등불이 되어,,,"박무현,김재희",,"로맨틱,섹슈얼",,"소설,만화,일러스트",alien1over,https://dongne.co/events/df2607/circles/168284,제34회 디. 페스타(토),Day1
뭐든나오는,티슈,K-21b,K,21,b,1sp,,,,,,,,,,https://dongne.co/events/df2607/circles/166758,제34회 디. 페스타(토),Day1
미어깻동굴,시오,J-14b,J,14,b,1sp,,,2026 아카아무 쁘띠존: 10VE 10OP,아카아무,,"로맨틱,섹슈얼",,만화,comet_xio,https://dongne.co/events/df2607/circles/168119,제34회 디. 페스타(토),Day1
바삭바삭고,"포틴, 카하리, 빈",F-12,F,12,,2sp,"헬루바보스,해즈빈호텔",어메이징 디지털 서커스,✦ 웰컴 투 헬 ✦ - 헬라버스 쁘띠존,,,,,"기타,공예","potin_is_adult, P_goods_factory, BIIN_Ri",https://dongne.co/events/df2607/circles/167341,제34회 디. 페스타(토),Day1
밖은위험해,.,E-18,E,18,,2sp,붕괴 스타레일,,,,,,,"일러스트,만화",,https://dongne.co/events/df2607/circles/169294,제34회 디. 페스타(토),Day1
복알주세요,히퍼,F-21a,F,21,a,1sp,해즈빈호텔,,✦ 웰컴 투 헬 ✦ - 헬라버스 쁘띠존,"복스,알래스터",복스X알래스터,해당없음,,일러스트,HazbinHipper,https://dongne.co/events/df2607/circles/169215,제34회 디. 페스타(토),Day1
사파리월드,덕팔,R-15b,R,15,b,1sp,괴담출근,붕괴:스타레일,,,최요원X류재관,로맨틱,단항x카일루스,일러스트,duckfari481,https://dongne.co/events/df2607/circles/168080,제34회 디. 페스타(토),Day1
새우튀김빵,괭지,"U-01, U-26",U,01,,4sp,,,,,,,,,,https://dongne.co/events/df2607/circles/166771,제34회 디. 페스타(토),Day1
소설다먹자,십리,R-21,R,21,,2sp,괴담에 떨어져도 출근을 해야 하는구나,"전지적 독자 시점,너희들은 변호됐다",,,유중혁X김독자,로맨틱,강차,일러스트,10n_nri,https://dongne.co/events/df2607/circles/167135,제34회 디. 페스타(토),Day1
순두부찌개,플,B-06,B,06,,2sp,프로젝트 세카이 컬러풀 스테이지 feat.하츠네미쿠,,,"프로젝트 세카이 비비드 베드 스쿼드,시노노메 아키토,아오야기 토우야,시라이시 안,아즈사와 코하네,Vivid BAD SQUAD,텐마 츠카사,카미시로 루이,쿠사나기 네네,아키야마 미즈키,KAITO",,,,,Pru_531,https://dongne.co/events/df2607/circles/167376,제34회 디. 페스타(토),Day1
스모크베리,뵤뵤,S-01,S,01,,2sp,가라오케 가자!,패밀리 레스토랑 가자,,"나리타 쿄지,오카 사토미",,해당없음,"메다니카, 에마하야, 고바호시",일러스트,smoke_berry_,https://dongne.co/events/df2607/circles/169037,제34회 디. 페스타(토),Day1
심해괴담회,끝살,X-09,X,09,,2sp,괴담에 떨어져도 출근을 해야 하는구나,어두운 바다의 등불이 되어,,,,,,,,https://dongne.co/events/df2607/circles/168575,제34회 디. 페스타(토),Day1
심해연구소,YUNAK,X-12,X,12,,2sp,어두운 바다의 등불이 되어,,,신해량 박무현,신해량X박무현,로맨틱,,만화,HQ_YUNAK,https://dongne.co/events/df2607/circles/168104,제34회 디. 페스타(토),Day1
아이스박스,빕어,H-07b,H,07,b,1sp,오리지널,"괴담출근,어바등,전독시,슬램덩크",,,,,,,,https://dongne.co/events/df2607/circles/166738,제34회 디. 페스타(토),Day1
악당입니다,게사,K-22a,K,22,a,1sp,블리치,,,,유그람 하쉬발트X버저드 블랙,"로맨틱,섹슈얼",아바라이 렌지 X 쿠치키 루키아,"만화,일러스트",DH_Ge4,https://dongne.co/events/df2607/circles/168726,제34회 디. 페스타(토),Day1
오염연구소,클론,H-18,H,18,,2sp,,,,,,,,,,https://dongne.co/events/df2607/circles/167150,제34회 디. 페스타(토),Day1
외계크로켓,카레크로켓맨,Y-06,Y,06,,2sp,위치즈 하트,혈계전선,,클레어 엘포드,,"로맨틱,섹슈얼","노엘클레, 윌라클레, 시리클레, 애시클레","기타,만화,일러스트",currycroqman,https://dongne.co/events/df2607/circles/168059,제34회 디. 페스타(토),Day1
저녁드라마,철새,P-21,P,21,,2sp,괴담에 떨어져도 출근을 해야 하는구나,,,,,,,,j3aaaaaaa,https://dongne.co/events/df2607/circles/166601,제34회 디. 페스타(토),Day1
지구달려。,완백,W-04,W,04,,2sp,"지.-지구의운동에대하여-,100미터.",,,,,,,,"herven_, crazysensei_, myatoga, TTgommi",https://dongne.co/events/df2607/circles/168597,제34회 디. 페스타(토),Day1
진티엔리밍,kje1213114,"H-09, H-10",H,09,,4sp,,,,,,,,,,https://dongne.co/events/df2607/circles/167694,제34회 디. 페스타(토),Day1
청춘주의보,열,M-11a,M,11,a,1sp,주술회전,,게토고죠 쁘띠존 「맛있어져라~♥︎ 스구사토큥♡」,"게토 스구루,고죠 사토루",게토 스구루X고죠 사토루,로맨틱,,소설,yeol_725,https://dongne.co/events/df2607/circles/168973,제34회 디. 페스타(토),Day1
팝콘팝니다,굿게,N-08,N,08,,2sp,괴담에떨어져도출근을해야하는구나,너희들은 변호됐다,,"김솔음,최요원,강민재,차주한",최요원X김솔음,"해당없음,해당없음",강차,일러스트,_ellllk,https://dongne.co/events/df2607/circles/166850,제34회 디. 페스타(토),Day1
한다문방구,HANDA,P-24,P,24,,2sp,괴담에 떨어져도 출근을 해야 하는구나,"데못죽,내스급",,김솔음,선아현X박문대,"로맨틱,로맨틱","최요원 김솔음, 성현제 한유진","만화,일러스트",tender_han,https://dongne.co/events/df2607/circles/167143,제34회 디. 페스타(토),Day1
형제사랑단,짜송,L-21a,L,21,a,1sp,주술회전,,,"이타도리 유지,쵸소우",,해당없음,,만화,q0_0pa,https://dongne.co/events/df2607/circles/168613,제34회 디. 페스타(토),Day1
하룻고냐니 범 무서운 줄 모른다,4444,O-01,O,01,,2sp,괴담에 떨어져도 출근을 해야 하는구나,,최솔 쁘띠존 : 달달하고 달콤한 세레나데,김솔음,최 요원X김솔음,로맨틱,"블솔,샇솔,재솔",소설,4444_6669,https://dongne.co/events/df2607/circles/167945,제34회 디. 페스타(토),Day1
냥카멍무의 시대,IO,J-15a,J,15,a,1sp,명탐정코난,,2026 아카아무 쁘띠존: 10VE 10OP,아카이 슈이치 아무로 토오루,아카이 슈이치X아무로 토오루,로맨틱,,만화,snchwr,https://dongne.co/events/df2607/circles/168392,제34회 디. 페스타(토),Day1
뿌잉뿌잉과 모순,멍선생Q,Y-15a,Y,15,a,1sp,마차살,,,루카스 아스카니엔,,,,"소설,공예",,https://dongne.co/events/df2607/circles/166701,제34회 디. 페스타(토),Day1
위법토끼의 부스,셀레스틴,B-12,B,12,,2sp,히프노시스마이크,,히프노시스 마이크 쁘띠존,,,,,"일러스트,만화",Celestine_Draw,https://dongne.co/events/df2607/circles/167815,제34회 디. 페스타(토),Day1
아드레날린 정키 모임,세알,W-16b,W,16,b,1sp,블랙배저,,블랙배저 NCP 쁘띠존: Mother tree's lullaby,"잭블랙(카이로스),최아미",,,,"일러스트,소설",3punch_,https://dongne.co/events/df2607/circles/168332,제34회 디. 페스타(토),Day1
아카아무를 심은 자리,올해는 풍년,J-09b,J,09,b,1sp,명탐정 코난,,2026 아카아무 쁘띠존: 10VE 10OP,"아카이 슈이치,아무로 토오루",아카이 슈이치X아무로 토오루,"로맨틱,섹슈얼",,만화,jari_dcmk,https://dongne.co/events/df2607/circles/167760,제34회 디. 페스타(토),Day1
요코하마와 랩의 교차점,구깜자,A-18a,A,18,a,1sp,re;quartz零度,파라독스라이브,,"파라독스라이브 일부,re;quartz零度 전원",마나X유니,"로맨틱,로맨틱",,"만화,일러스트",9_kkamkja,https://dongne.co/events/df2607/circles/169097,제34회 디. 페스타(토),Day1
페소나무에 사랑 걸렸네,신용가리,Y-21,Y,21,,2sp,페르소나3,,,"햄코,이오리 준페이",준페이X햄코,로맨틱,,만화,yongari_shin,https://dongne.co/events/df2607/circles/167761,제34회 디. 페스타(토),Day1
말랑고영과 티타임,나우,Z-07,Z,07,,2sp,"WIND BREAKER(WINBRE/윈브레),WINDBREAKER",,,"스오 하야토,사쿠라 하루카",스오 하야토X사쿠라 하루카,,,"만화,일러스트",varionau,https://dongne.co/events/df2607/circles/166741,제34회 디. 페스타(토),Day1
변두리코어 잡화점,청량,W-17a,W,17,a,1sp,,,블랙배저 NCP 쁘띠존: Mother tree's lullaby,"폼폼즈,힐데",,,,,blbd_green,https://dongne.co/events/df2607/circles/167572,제34회 디. 페스타(토),Day1
하이웨이의 포와로,모레,J-21b,J,21,b,1sp,명탐정 코난,,,"아무로 토오루,에노모토 아즈사",아무로 토오루X에노모토 아즈사,로맨틱,,"만화,일러스트",more_cn,https://dongne.co/events/df2607/circles/168673,제34회 디. 페스타(토),Day1
원더호이의 무서운 저주,"B, ^^",A-15,A,15,,2sp,프로젝트 세카이 컬러풀 스테이지 feat.하츠네미쿠,,,원더랜즈X쇼타임,텐마 츠카사X카미시로 루이,,,,,https://dongne.co/events/df2607/circles/166566,제34회 디. 페스타(토),Day1
책내겠다고 허세나 부리고 잇테 맛츄네,간장푸딩,C-21,C,21,,2sp,히프노시스 마이크,,히프노시스 마이크 쁘띠존,"아오히츠기 사마토키,야마다 이치로",아오히츠기 사마토키X야마다 이치로,로맨틱,아마야도 레이x야마다 이치로,"만화,일러스트",gj_puding,https://dongne.co/events/df2607/circles/166683,제34회 디. 페스타(토),Day1
히프노시스 마이크 쁘띠존 주최부스,@Hpmi_DF,C-12,C,12,,2sp,"히프노시스 마이크,히프노시스마이크",,히프노시스 마이크 쁘띠존,,,,,,Hpmi_DF,https://dongne.co/events/df2607/circles/175392,제34회 디. 페스타(토),Day1
그런데그때 기창이 나타낫다,"표, 자하",U-11,U,11,,2sp,이세계 착각 헌터,,기려창호 쁘띠존 : 함께 가요 2026 기창 엑스포,,,,,,"HwanT4L, zaha_814",https://dongne.co/events/df2607/circles/167194,제34회 디. 페스타(토),Day1
세카이에서 사랑을 노래하다,향,A-14a,A,14,a,1sp,프로젝트 세카이,"보컬로이드,명일방주",,,,로맨틱,,,,https://dongne.co/events/df2607/circles/166821,제34회 디. 페스타(토),Day1
"해즈빈호텔 바텐더 허스크씨의 대표메뉴, 특제엔젤퐁츄밀크딸기프라페입니다~♡",충전기,F-08b,F,08,b,1sp,해즈빈호텔,,✦ 웰컴 투 헬 ✦ - 헬라버스 쁘띠존,,,"로맨틱,섹슈얼",,,Charger_Rebel,https://dongne.co/events/df2607/circles/168847,제34회 디. 페스타(토),Day1
뭐가나올지 나도모름,방주,E-13,E,13,,2sp,붕괴 스타레일,명일방주,,,,,,,,https://dongne.co/events/df2607/circles/166802,제34회 디. 페스타(토),Day1
세광■별시 사건일지,따르릉,R-15a,R,15,a,1sp,"괴담에 떨어져도 출근을 해야 하는구나,괴담출근",,,"김솔음,이자헌,브라운,최 요원,류재관",최요원X류재관,"로맨틱,로맨틱",블솔,,66Rrrr99,https://dongne.co/events/df2607/circles/166733,제34회 디. 페스타(토),Day1
해피엔딩은 레고밭에,날Nal,X-05,X,05,,2sp,"스타워즈,트랜스포머",,,,,,,"소설,기타",null_naaall,https://dongne.co/events/df2607/circles/166641,제34회 디. 페스타(토),Day1
이세계에서 시작하는 괴담 변호 사무소 생활,"강예성, 팡이",R-24,R,24,,2sp,괴담출근,"변호됨,이착헌,연회생",,,,,,,L_S_A_0521,https://dongne.co/events/df2607/circles/167367,제34회 디. 페스타(토),Day1
안녕하세요 호됨하러 왔습니다,째범,E-21b,E,21,b,1sp,너희들은 변호됐다,"가비지타임,괴수8호",,,,,,,jjeab_bum,https://dongne.co/events/df2607/circles/169077,제34회 디. 페스타(토),Day1
아이보에서 전남친까지,청월,A-13,A,13,,2sp,프로세카,,,,아키토X토우야,로맨틱,,"소설,기타",zzinma__,https://dongne.co/events/df2607/circles/167206,제34회 디. 페스타(토),Day1
솔음이한테 공포영화를 보여주고 싶어,삼,O-19,O,19,,2sp,괴담출근,,최솔 쁘띠존 : 달달하고 달콤한 세레나데,김솔음,최요원X김솔음,로맨틱,,"소설,일러스트",sam3_913,https://dongne.co/events/df2607/circles/167289,제34회 디. 페스타(토),Day1
게고라라에 어서오세요!,120,M-02a,M,02,a,1sp,주술회전,,게토고죠 쁘띠존 「맛있어져라~♥︎ 스구사토큥♡」,"게토 스구루,고죠 사토루",게토 스구루X고죠 사토루,해당없음,,,one_two_zer0,https://dongne.co/events/df2607/circles/169004,제34회 디. 페스타(토),Day1
츈스찌개에 공원사리추가,cns,Z-20,Z,20,,2sp,은혼,닌자보이 란타로,,,,,"이사케마, 센아야, 쿠쿠타케",,,https://dongne.co/events/df2607/circles/167672,제34회 디. 페스타(토),Day1
어서오세요 잡동사니리조트에,"꼬알, 감새, 에베",N-19,N,19,,2sp,괴담에 떨어져도 출근을 해야 하는 구나,데못죽,,,최 요원X김솔음,,,,,https://dongne.co/events/df2607/circles/166731,제34회 디. 페스타(토),Day1
정답입니다! 상품으로 화요퀴즈쇼 참가권을 드리겠습니다!,RURU,"N-09, N-10",N,09,,4sp,괴담에 떨어져도 출근을 해야하는구나,,,"현무 1팀,경비팀",최요원X김솔음,"로맨틱,해당없음",그 외 NCP,소설,"RURU_MD, Loviewer_0224, epzkk_gw, papa8_8",https://dongne.co/events/df2607/circles/169228,제34회 디. 페스타(토),Day1
헤븐즈도어!! 너는 괴담에 떨어진다,적룡,S-05a,S,05,a,1sp,괴담에 떨어져도 출근을 해야 하는구나,죠죠의 기묘한 모험,,,,,,,RedPotatoDragon,https://dongne.co/events/df2607/circles/168187,제34회 디. 페스타(토),Day1
고죠게토모에,토모,L-01,L,01,,2sp,주술회전,,,"고죠사토루,게토스구루",고죠사토루X게토스구루,로맨틱,,만화,chamooo0,https://dongne.co/events/df2607/circles/167598,제34회 디. 페스타(토),Day1
괴수토벌일지,시우,I-02,I,02,,2sp,괴수 8호,"데뷔 못하면 죽는 병 걸림,괴담에 떨어져도 출근을 해야하는 구나",,,,,,,tldn1104,https://dongne.co/events/df2607/circles/168240,제34회 디. 페스타(토),Day1
기창야차사건,걔,T-19,T,19,,2sp,이세계 착각 헌터,,기려창호 쁘띠존 : 함께 가요 2026 기창 엑스포,김기려 강창호,김기려X강창호,,,,dlrjtdmsrhdrP,https://dongne.co/events/df2607/circles/169270,제34회 디. 페스타(토),Day1
나루탕탕후루,"레탕, 나루",O-05,O,05,,2sp,괴담에 떨어져도 출근을 해야 하는구나,회귀자 사용설명서,최솔 쁘띠존 : 달달하고 달콤한 세레나데,<괴담에 떨어져도 출근을 해야 하는구나> 작 중 캐릭터,최 요원X김솔음,"해당없음,로맨틱,섹슈얼",,"일러스트,만화","tang__o3o, olosalosa",https://dongne.co/events/df2607/circles/167946,제34회 디. 페스타(토),Day1
냥끼애호클럽,미서,E-04,E,04,,2sp,오오에(大穢),"아델타,슬로우데미지",,"오오사키,신바시,아리아케",오오사키X신바시,로맨틱,,,konyanyann,https://dongne.co/events/df2607/circles/167308,제34회 디. 페스타(토),Day1
도파민중독자,gyum,K-08a,K,08,a,1sp,유희왕,유희왕5D's,,유성,,,,만화,_cnzk12,https://dongne.co/events/df2607/circles/166875,제34회 디. 페스타(토),Day1
돌고래정거장,장지소,"J-01, J-24",J,01,,4sp,,"오리지널(1차),1차GL,슬로우 데미지",,,,,,만화,sarang1ove,https://dongne.co/events/df2607/circles/167226,제34회 디. 페스타(토),Day1
망자애호부스,새부리,Y-17,Y,17,,2sp,화산귀환,원피스,,"당보,에이스",,,,,,https://dongne.co/events/df2607/circles/166607,제34회 디. 페스타(토),Day1
메이릴리가든,하다월,G-02,G,02,,2sp,,,,,,,,,,https://dongne.co/events/df2607/circles/166921,제34회 디. 페스타(토),Day1
물끓이기장인,자루,I-15,I,15,,2sp,엘소드,,엘소드 쁘띠존 :: 엘리오스 100년 살기,엘소드/NPC,,,,"만화,일러스트",xaruri88,https://dongne.co/events/df2607/circles/167254,제34회 디. 페스타(토),Day1
발등튀김뷔페,김콩당,X-22b,X,22,b,1sp,누카니발,,,단테,,로맨틱,,,,https://dongne.co/events/df2607/circles/166587,제34회 디. 페스타(토),Day1
브라이드의춤,수박,D-05b,D,05,b,1sp,트라이건,,,,니콜라스 D 울프우드X밧슈 더 스탬피드,"로맨틱,섹슈얼",,,,https://dongne.co/events/df2607/circles/168716,제34회 디. 페스타(토),Day1
서니사이드업,오델,E-08b,E,08,b,1sp,"오오에,앙상블 스타즈",,,"오오사키,시오도메,이츠키슈,카게히라미카",이츠키 슈X카게히라 미카,,오오사키x시오도메,소설,luvablexreature,https://dongne.co/events/df2607/circles/168692,제34회 디. 페스타(토),Day1
세광프로덕션,차이,N-22,N,22,,2sp,괴담에 떨어져도 출근을 해야 하는구나,,최솔 쁘띠존 : 달달하고 달콤한 세레나데,"최 요원,김솔음",최 요원X김솔음,로맨틱,,,chai_cha_2,https://dongne.co/events/df2607/circles/167567,제34회 디. 페스타(토),Day1
수달보호구역,흑당,O-06b,O,06,b,1sp,괴담출근,,최솔 쁘띠존 : 달달하고 달콤한 세레나데,최요원 김솔음,최요원X김솔음,,,,hy830207,https://dongne.co/events/df2607/circles/167422,제34회 디. 페스타(토),Day1
슈가아일랜도,슦가,Y-02,Y,02,,2sp,팬스가 체인소맨 니케 캐릭캐릭체인지 캐캐체 포켓몬스터 마법소녀마도카마기카 던전밥,팬스가 체인소맨 니케 캐릭캐릭체인지 캐캐체 포켓몬스터 마법소녀마도카마기카 던전밥,,"팬스가(스타킹) 체인소맨 니케 캐릭캐릭체인지(아무,세라) 포켓몬스터 마법소녀마도카마기카(마도카,호무라) 던전밥",,,,"공예,일러스트",S2ugar_S2,https://dongne.co/events/df2607/circles/169081,제34회 디. 페스타(토),Day1
스기스기스기,삼나무,Z-05a,Z,05,a,1sp,"윈브레,주술회전",,,,,,,,,https://dongne.co/events/df2607/circles/168400,제34회 디. 페스타(토),Day1
스팀친추해요,하해,H-24,H,24,,2sp,,,,,,로맨틱,,만화,hahaebbang1,https://dongne.co/events/df2607/circles/169111,제34회 디. 페스타(토),Day1
아무생각없음,지옥이,P-15,P,15,,2sp,"괴담에 떨어져도 출근을 해야 하는구나,괴담출근","너희들은 변호됐다,변호됨",,,,,,,,https://dongne.co/events/df2607/circles/168727,제34회 디. 페스타(토),Day1
양재종합시장,기니,Y-20,Y,20,,2sp,페르소나,"미우404,호시노겐,회색도시",,,,,,"일러스트,기타,만화",p_u_____u_q,https://dongne.co/events/df2607/circles/169114,제34회 디. 페스타(토),Day1
어둠의자식들,듀부,A-14b,A,14,b,1sp,프로세카,,,25시나이트코드,,로맨틱,,,,https://dongne.co/events/df2607/circles/167087,제34회 디. 페스타(토),Day1
와플호떡가게,"와플,호떡",P-08,P,08,,2sp,"괴담에 떨어져도 출근을 해야 하는구나,데뷔 못 하면 죽는 병 걸림",,,"<괴담에 떨어져도 출근을 해야 하는구나> 작 중 캐릭터,<데뷔 못 하면 죽는 병 걸림> 작 중 캐릭터",,"로맨틱,섹슈얼","제이솔음, 요원솔음, 아현문대",,angelinwaffle,https://dongne.co/events/df2607/circles/167133,제34회 디. 페스타(토),Day1
외계인해물탕,찰리,K-12a,K,12,a,1sp,괴담에 떨어져도 출근을 해야 하는구나,이세계 착각 헌터,,,,,,,,https://dongne.co/events/df2607/circles/168055,제34회 디. 페스타(토),Day1
이세계오락실,퍼런고등어,"L-22, L-23",L,22,,4sp,주술회전,"장송의 프리렌,핀과 제이크의 어드벤쳐 타임,룬의 아이들,기동전사건담 지쿠악스,원피스,앙상블 스타즈,헌드레드라인,페르소나 5,히로아카,데뷔 못 하면 죽는 병 걸림,고스트바둑왕",,"게토 스구루,고죠 사토루,나나미 켄토,이타도리 유지,료멘스쿠나,이누마키 토게,후시구로 메구미,후시구로 토우지,히구루마 히로미,쿠기사키 노바라,오리모토 리카,옷코츠 유타,판다,옥문강,나오야,쵸소우,제이크,제이크 더 도그",,,,,,https://dongne.co/events/df2607/circles/169174,제34회 디. 페스타(토),Day1
장르충돌주의,사공,Y-22,Y,22,,2sp,포켓몬스터,"위치즈 하트,할로우나이트,실크송,닌타마 란타로",,"클레어 엘포드,가이,공허의 기사,오하마 칸에몽,타케야 하치자에몽,하치야 사부로,쿠쿠치 헤이스케,후와 라이조",,,,"만화,일러스트,기타",ninjago0932,https://dongne.co/events/df2607/circles/169110,제34회 디. 페스타(토),Day1
젹젼소비부스,탄빵,X-18a,X,18,a,1sp,어두운 바다의 등불이 되어,,,서지혁 이지현,서지혁X이지현,"로맨틱,로맨틱",NCP,만화,burnedorifice,https://dongne.co/events/df2607/circles/168576,제34회 디. 페스타(토),Day1
지구멸망상점,멸기,Z-17,Z,17,,2sp,변호됨,괴담출근,,,강민재X차주한,"로맨틱,로맨틱",,일러스트,myeolgi_bln,https://dongne.co/events/df2607/circles/166973,제34회 디. 페스타(토),Day1
퇴사하고싶다,똥응,I-16b,I,16,b,1sp,엘소드,,엘소드 쁘띠존 :: 엘리오스 100년 살기,,,로맨틱,,,HIMNESIO,https://dongne.co/events/df2607/circles/167554,제34회 디. 페스타(토),Day1
한국효도협회,103,V-14,V,14,,2sp,이세계 착각 헌터 (이착헌),모브사이코100,,,김기려X선우연,,,소설,103RKGK,https://dongne.co/events/df2607/circles/167224,제34회 디. 페스타(토),Day1
다섯번째여름 ,초록,L-03b,L,03,b,1sp,주술회전,,,"고죠 사토루,게토 스구루",고죠 사토루X게토 스구루,로맨틱,,,rrealgreen_,https://dongne.co/events/df2607/circles/168236,제34회 디. 페스타(토),Day1
당분먹음이의 헐랭한 하루,칵테일,Z-22b,Z,22,b,1sp,은혼,,,"사카타 긴토키,타카스기 신스케,히지카타 토시로",타카스기 신스케X사카타 긴토키,"로맨틱,섹슈얼",히지카타 토시로x사카타 긴토키,소설,peach999island,https://dongne.co/events/df2607/circles/167015,제34회 디. 페스타(토),Day1
원더호이하게 렛잇고 열창하는 수정공,리토,A-10,A,10,,2sp,프로젝트 세카이,"겨울왕국,파이널판타지14",,"츠카사,엘사,안나,수정공,그라하 티아",,,,일러스트,elrito_to,https://dongne.co/events/df2607/circles/168318,제34회 디. 페스타(토),Day1
나소드룰러의 구멍가게,러시,I-10,I,10,,2sp,엘소드,,엘소드 쁘띠존 :: 엘리오스 100년 살기,"엘소드,아인,애드,이브",,"로맨틱,해당없음",,"일러스트,소설",eavdedd,https://dongne.co/events/df2607/circles/169206,제34회 디. 페스타(토),Day1
해파리소녀와 여름바다,차소금,H-15,H,15,,2sp,해파리소녀,,,,,,,"일러스트,공예",cup_of_salty,https://dongne.co/events/df2607/circles/167825,제34회 디. 페스타(토),Day1
힐데베르트의 망신살을  응원합니다,백금,W-15,W,15,,2sp,블랙배저,,블랙배저 NCP 쁘띠존: Mother tree's lullaby,힐데베르트 탈레브,,,,,baekeum_,https://dongne.co/events/df2607/circles/169232,제34회 디. 페스타(토),Day1
알파우리에서 지구까지 웨딩마치,민초왹저,V-18,V,18,,2sp,이세계 착각 헌터,,,"강창호,김기려",강창호X김기려,"로맨틱,로맨틱",,"만화,소설",AtoZ_Wedding34,https://dongne.co/events/df2607/circles/166640,제34회 디. 페스타(토),Day1
소년만화에서 헤테로를 추구하면 안되는걸까,하피,K-02b,K,02,b,1sp,사카모토데이즈,"체인소맨,엘든링",,"나구모 요이치,아카오 리온,파워",나구모 요이치X아카오 리온,로맨틱,,만화,P9410709,https://dongne.co/events/df2607/circles/169055,제34회 디. 페스타(토),Day1
검은고양이와 파란돌고래,"BB, 로즈",D-12,D,12,,2sp,,,,,,,,,,https://dongne.co/events/df2607/circles/166839,제34회 디. 페스타(토),Day1
오오에할사람? ,분금,E-02b,E,02,b,1sp,오오에,,,오오사키,,,,,,https://dongne.co/events/df2607/circles/168954,제34회 디. 페스타(토),Day1
감자밭풍년펀치,망,I-16a,I,16,a,1sp,엘소드,,엘소드 쁘띠존 :: 엘리오스 100년 살기,"벨론드,라비,마스터즈",,,,,GHSM_gg,https://dongne.co/events/df2607/circles/169202,제34회 디. 페스타(토),Day1
강경해피엔딩파,이존버찌,D-18,D,18,,2sp,트라이건,,,밧슈 울프우드,,로맨틱,,,,https://dongne.co/events/df2607/circles/167028,제34회 디. 페스타(토),Day1
검은토끼사무소,첸체,P-09,P,09,,2sp,괴담출근,"앙상블 스타즈!! Music,쿠키런 킹덤 (쿠킹덤)",,,,해당없음,,,YR_simin,https://dongne.co/events/df2607/circles/166714,제34회 디. 페스타(토),Day1
귀신이보컬노릇,verse,C-02,C,02,,2sp,히프노시스마이크,,히프노시스 마이크 쁘띠존,,,,,"만화,소설,기타",verse_un_i,https://dongne.co/events/df2607/circles/167244,제34회 디. 페스타(토),Day1
글로벌돼지가게,츄뗌므,S-04,S,04,,2sp,"발더스게이트3,죠죠의 기묘한 모험(죠죠)","프랑켄슈타인,괴담에 떨어져도 출근을 해야 하는구나,프로젝트 헤일메리,이세계 착각 헌터",,고타쉬,카쿄인 노리아키X장 피에르 폴나레프,"로맨틱,해당없음",,"만화,일러스트",MUMUgamecumu777,https://dongne.co/events/df2607/circles/169249,제34회 디. 페스타(토),Day1
기니생태탐구회,B4,T-10,T,10,,2sp,이세계 착각 헌터,,기려창호 쁘띠존 : 함께 가요 2026 기창 엑스포,"김기려,강창호",김기려X강창호,"로맨틱,섹슈얼,로맨틱,섹슈얼",,"만화,일러스트,소설",b4__after,https://dongne.co/events/df2607/circles/166768,제34회 디. 페스타(토),Day1
난도데모라시사,도우진,W-03b,W,03,b,1sp,"100M.,지.-지구의 운동에 대하여-",,,,,,,,DJ_doujin,https://dongne.co/events/df2607/circles/167095,제34회 디. 페스타(토),Day1
다리디리다랏두,쿼카굿,Y-04b,Y,04,b,1sp,붕괴스타레일,케이온,,,,,,,,https://dongne.co/events/df2607/circles/169120,제34회 디. 페스타(토),Day1
달콤한일러스트,이윤지,G-23,G,23,,2sp,모모찌,,,모모찌,,,,일러스트,iamyunji,https://dongne.co/events/df2607/circles/167249,제34회 디. 페스타(토),Day1
데이코퍼레이션,홀ㄹ데이,S-13,S,13,,2sp,괴담출근,,,현무1팀,,,,소설,Holiyday__holy,https://dongne.co/events/df2607/circles/168468,제34회 디. 페스타(토),Day1
뜨거운오합지졸,각,D-01,D,01,,2sp,닌타마 란타로,"슬램덩크,괴담에 떨어져도 출근을 해야 하는구나,너희들은 변호됐다",,"닌타마 란타로 캐릭터,<괴담에 떨어져도 출근을 해야 하는구나> 작 중 캐릭터",야마다 리키치X도이 한스케,,민재주한,"만화,일러스트",gak_0,https://dongne.co/events/df2607/circles/166896,제34회 디. 페스타(토),Day1
뭐가나올지모름,테테 ,X-11,X,11,,2sp,어두운 바다의 등불이 되어,,,,신해량X박무현,"섹슈얼,로맨틱",,,kiwitete_i,https://dongne.co/events/df2607/circles/169136,제34회 디. 페스타(토),Day1
뭔가나오는부스,혁,M-15a,M,15,a,1sp,,,게토고죠 쁘띠존 「맛있어져라~♥︎ 스구사토큥♡」,,,,,,,https://dongne.co/events/df2607/circles/167782,제34회 디. 페스타(토),Day1
밧슈울프드가자,4B,D-15,D,15,,2sp,트라이건 맥시멈/트라이건,트라이건 스탬피드,,"밧슈,울프우드",밧슈 더 스탬피드X니콜라스 디 울프우드,"로맨틱,섹슈얼,로맨틱,섹슈얼,해당없음",나이브스x레가트(나이레가) 밀리x메릴(밀리메릴),"만화,일러스트",B4W8D,https://dongne.co/events/df2607/circles/168105,제34회 디. 페스타(토),Day1
손심당생귤시루,강동귤,S-19b,S,19,b,1sp,삼국지,,,"손책,주유",손책X주유,"로맨틱,섹슈얼",,소설,jiangdongjuzi,https://dongne.co/events/df2607/circles/168682,제34회 디. 페스타(토),Day1
수달펭귄도서관,설랑탕,B-22b,B,22,b,1sp,아이돌 마스터 SideM,,아이돌마스터 사이드엠 쁘띠존,"츠쿠모 카즈키,키타무라 소라",츠쿠모 카즈키X키타무라 소라,로맨틱,,"만화,일러스트",SSRang11_13,https://dongne.co/events/df2607/circles/167830,제34회 디. 페스타(토),Day1
수염사랑청년회,일원,B-21b,B,21,b,1sp,아이돌마스터 side M,,아이돌마스터 사이드엠 쁘띠존,"사쿠라바 카오루,텐도 테루,S.E.M",사쿠라바 카오루X텐도 테루,로맨틱,,소설,1One_P,https://dongne.co/events/df2607/circles/167783,제34회 디. 페스타(토),Day1
슈퍼달링애국노,사과사골국,T-14b,T,14,b,1sp,이세계 착각 헌터,,기려창호 쁘띠존 : 함께 가요 2026 기창 엑스포,"김기려,강창호",김기려X강창호,,,,appleinthepot,https://dongne.co/events/df2607/circles/166596,제34회 디. 페스타(토),Day1
아리아케애호단,흠마,E-06,E,06,,2sp,오오에,고서점가의 하시히메,,"오오사키,아리아케,박사,카와세,타마모리",오오사키X아리아케,"로맨틱,섹슈얼,로맨틱,섹슈얼","박사타마, 카와타마",일러스트,HhMmwow_,https://dongne.co/events/df2607/circles/168590,제34회 디. 페스타(토),Day1
엘남매엠버서더,힘들다,I-18,I,18,,2sp,엘소드,,엘소드 쁘띠존 :: 엘리오스 100년 살기,엘소드,,,,"기타,일러스트",Gemg_GH,https://dongne.co/events/df2607/circles/169175,제34회 디. 페스타(토),Day1
오니쨩좋아연합,쥐포,D-02a,D,02,a,1sp,닌자보이 란타로(닌타마),,,야마다 리키치/ 도이 한스케,야마다 리키치X도이 한스케,"로맨틱,섹슈얼,로맨틱",케마 토메사부로x젠포우지 이사쿠,만화,kill_gyosunnim,https://dongne.co/events/df2607/circles/167939,제34회 디. 페스타(토),Day1
이면세계담금질,패너,W-19a,W,19,a,1sp,연극성 회귀 생활,원피스,,,,,,"기타,일러스트,공예",pipe_370,https://dongne.co/events/df2607/circles/167744,제34회 디. 페스타(토),Day1
일반인잡식친구,일반인여자친구,E-07,E,07,,2sp,오오에,"블루록,하이큐,세포신곡",,"아토 하루키,오오사키,이사기 요이치,나기 세이시로",,로맨틱,,만화,169_EMi,https://dongne.co/events/df2607/circles/169029,제34회 디. 페스타(토),Day1
차남러버스클럽,토래,C-08b,C,08,b,1sp,히프노시스마이크,,히프노시스 마이크 쁘띠존,"야마다 이치로,야마다 지로,야마다 사부로",야마다 이치로X야마다 지로,"로맨틱,섹슈얼",야마다 사부로x야마다 지로,,tore_hpmi,https://dongne.co/events/df2607/circles/167786,제34회 디. 페스타(토),Day1
청춘이죽지않아,d3c4l,M-15b,M,15,b,1sp,주술회전,,게토고죠 쁘띠존 「맛있어져라~♥︎ 스구사토큥♡」,"게토스구루,고죠사토루",게토스구루X고죠사토루,"로맨틱,섹슈얼",,만화,12d3c4l5,https://dongne.co/events/df2607/circles/168612,제34회 디. 페스타(토),Day1
회지내고싶어요,윤백일,L-19,L,19,,2sp,주술회전,데못죽  쿠키런,,고죠사토루,,로맨틱,,,senru71111,https://dongne.co/events/df2607/circles/167083,제34회 디. 페스타(토),Day1
초고교급이여도 출근을 해야하는구나,애쁠,O-10a,O,10,a,1sp,괴담에떨어져도출근을해야하는구나,단간론파,,김솔음,,로맨틱,자헌솔음,"일러스트,만화",ello_322,https://dongne.co/events/df2607/circles/168994,제34회 디. 페스타(토),Day1
담배냄새나잖아 빌어먹을!,맴매,C-06,C,06,,2sp,히프노시스마이크,죠죠의 기묘한 모험 5부,히프노시스 마이크 쁘띠존,"이루마 쥬토,아오히츠기 사마토키,부스지마 메이슨 리오,아오히츠기 네무",이루마 쥬토X아오히츠기 사마토키,"로맨틱,섹슈얼,로맨틱,섹슈얼",레오네 아바키오 x 브루노 부차라티,"만화,일러스트",mam_mi_,https://dongne.co/events/df2607/circles/167496,제34회 디. 페스타(토),Day1
이케부쿠로에서 오구라토스트를 냠냠,하면해,C-22a,C,22,a,1sp,히프노시스 마이크,,히프노시스 마이크 쁘띠존,"하라이 쿠코,야마다 이치로",쿠코X이치로,해당없음,,만화,mc_ogura_toast,https://dongne.co/events/df2607/circles/169184,제34회 디. 페스타(토),Day1
김장너무힘들어!,치즈퐁듀,D-04a,D,04,a,1sp,닌타마,"순정만화,다이아몬드 에이스",,,아야베 키하치로X타이라노 타키야샤마루,,,"일러스트,만화",chiezpD,https://dongne.co/events/df2607/circles/167644,제34회 디. 페스타(토),Day1
남자금지걸즈토크,048,C-19a,C,19,a,1sp,히프노시스 마이크,,히프노시스 마이크 쁘띠존,"아오히츠기 네무,토호텐 오토메,카데노코지 이치지쿠,케이토인 호노보노",아오히츠기 네무X케이토인 호노보노,"로맨틱,로맨틱","오토호노, 호노지쿠, 츠쿠오보, 도다이, 히후겐, 히토쟈쿠",,gurimrkgk,https://dongne.co/events/df2607/circles/168725,제34회 디. 페스타(토),Day1
루이야결혼츠카해,"별, 나우",B-05,B,05,,2sp,프로젝트 세카이,,루이츠카 쁘띠존【 달을 향해 별을 쏘아라 】,"카미시로 루이,텐마 츠카사",,로맨틱,,만화,,https://dongne.co/events/df2607/circles/168483,제34회 디. 페스타(토),Day1
말랑뽀작우유식빵,아노센,E-17,E,17,,2sp,"붕괴: 스타레일,스터레일","원신,젠레스존제로,명조",,,,,,,dkshtps,https://dongne.co/events/df2607/circles/166598,제34회 디. 페스타(토),Day1
미래의나에게토스,milk,Y-24a,Y,24,a,1sp,명조,명일방주,,,,,,일러스트,yuu_less,https://dongne.co/events/df2607/circles/166988,제34회 디. 페스타(토),Day1
부스명못정한부스,34,I-17,I,17,,2sp,엘소드,,엘소드 쁘띠존 :: 엘리오스 100년 살기,,,,,"일러스트,게임",,https://dongne.co/events/df2607/circles/166891,제34회 디. 페스타(토),Day1
왐마야씨피전문점,개박하,E-03a,E,03,a,1sp,오오에,,,신바시,오오사키X신바시,로맨틱,,만화,Nuga_harae,https://dongne.co/events/df2607/circles/167168,제34회 디. 페스타(토),Day1
치미나라푸미공주,"개, 김장",M-12,M,12,,2sp,주술회전,,게토고죠 쁘띠존 「맛있어져라~♥︎ 스구사토큥♡」,"게토 스구루,고죠 사토루",게토 스구루X고죠 사토루,"로맨틱,섹슈얼,로맨틱",,"일러스트,소설","dogdog_22, kimjang_kc",https://dongne.co/events/df2607/circles/166742,제34회 디. 페스타(토),Day1
토마토계란바나나,S2,K-18,K,18,,2sp,유희왕,"코난,괴담출근",,,,,,만화,world_vs_you,https://dongne.co/events/df2607/circles/167201,제34회 디. 페스타(토),Day1
판소볶음부대찌개,"이구,유나아린,배스 부스도우미림츄",Z-13,Z,13,,2sp,"괴담출근,변호됨",,,,,,,,bombi_igu,https://dongne.co/events/df2607/circles/167892,제34회 디. 페스타(토),Day1
합해파부스있어요,lacuna,W-25,W,25,,2sp,합법해적 파르페,극락왕생,,파르페,,,,,,https://dongne.co/events/df2607/circles/168383,제34회 디. 페스타(토),Day1
해로동혈상열지사,지로,U-09,U,09,,2sp,이세계 착각 헌터,,기려창호 쁘띠존 : 함께 가요 2026 기창 엑스포,"김기려,강창호",김기려X강창호,"로맨틱,섹슈얼,로맨틱",,"만화,소설",43Anthology2026,https://dongne.co/events/df2607/circles/168676,제34회 디. 페스타(토),Day1
황호의신붐은온다,바삭,Y-13,Y,13,,2sp,"명급리,역전재판",괴담출근 데못죽,,,황지호X조의신,,,,,https://dongne.co/events/df2607/circles/166730,제34회 디. 페스타(토),Day1
히프노시스테이지,베타,C-01,C,01,,2sp,"히프노시스마이크,룰 더 스테이지",,히프노시스 마이크 쁘띠존,진구지 쟈쿠라이,진구지 쟈쿠라이X아마구니 히토야,로맨틱,,소설,s1r1us_Beta,https://dongne.co/events/df2607/circles/167859,제34회 디. 페스타(토),Day1
남녀연애자유선언 / 은전 한 닢,은여,O-18,O,18,,2sp,"괴담에 떨어져도 출근을 해야하는 구나,페이트 시리즈","유희왕,로드오브 히어로즈",,,,,,,,https://dongne.co/events/df2607/circles/166570,제34회 디. 페스타(토),Day1
라구파스타연구소 수성점,타루,X-26b,X,26,b,1sp,기동전사 건담 수성의 마녀,,,"라우더 닐,구엘 제타크",라우더 닐X구엘 제타크,로맨틱,,"소설,만화",GW_Taroo,https://dongne.co/events/df2607/circles/166980,제34회 디. 페스타(토),Day1
초자연재난관리국 화분관리팀,우니,R-23,R,23,,2sp,,,,,,,,,,https://dongne.co/events/df2607/circles/167436,제34회 디. 페스타(토),Day1
여친사러왔습니다!,KinG,I-20,I,20,,2sp,엘소드,,엘소드 쁘띠존 :: 엘리오스 100년 살기,아라 엘리시스 레나 로제 리티아 아이샤,아라X엘리시스,섹슈얼,,게임,dungking_els,https://dongne.co/events/df2607/circles/166993,제34회 디. 페스타(토),Day1
히프노시스마이크/적사,적사,C-16b,C,16,b,1sp,"무대 히프노시스마이크 rule the stage,히프노시스마이크",,히프노시스 마이크 쁘띠존,히프노시스마이크 캐릭터,야가사키 이부키X지쿠인 죠부,"섹슈얼,로맨틱,섹슈얼,로맨틱,해당없음","하야이부, 카즈이치",만화,Jueck_Sa_Sa,https://dongne.co/events/df2607/circles/167819,제34회 디. 페스타(토),Day1
극악무도메이드괴담,삼오,R-08,R,08,,2sp,괴담출근,,,,,,,,,https://dongne.co/events/df2607/circles/167713,제34회 디. 페스타(토),Day1
데못죽못하면죽는병,메리메무리,T-06b,T,06,b,1sp,데못죽,,,박문대,선아현X박문대,로맨틱,,일러스트,,https://dongne.co/events/df2607/circles/166867,제34회 디. 페스타(토),Day1
러브버그방역관리국,,R-16,R,16,,2sp,괴담출근,"이착헌,변호됨",,,최요원X류재관,,"하성기려, 강차, NCP","만화,일러스트,소설","hamco11ector, naelleumson",https://dongne.co/events/df2607/circles/167737,제34회 디. 페스타(토),Day1
로맨스드리밍나이트,만장,C-22b,C,22,b,1sp,히프노시스 마이크,,히프노시스 마이크 쁘띠존,,누루데 사사라X츠츠지모리 로쇼,로맨틱,,만화,mcdnjsrhg0,https://dongne.co/events/df2607/circles/169171,제34회 디. 페스타(토),Day1
마이언리틀텔레비전,타지,Q-09a,Q,09,a,1sp,괴담출근,,,김솔음 브라운,김솔음X브라운,로맨틱,,,baekilmong91,https://dongne.co/events/df2607/circles/166694,제34회 디. 페스타(토),Day1
마카롱말차부대찌개,벽달,X-25,X,25,,2sp,"누카니발,페이트/스트레인지 페이크",,,"리처드1세,아야카 사조,큐야 에이트",리처드1세X아야카 사조,로맨틱,큐야에이,"일러스트,만화,기타",paledawn_65,https://dongne.co/events/df2607/circles/168180,제34회 디. 페스타(토),Day1
시부야노숙자후원회,경남,C-03a,C,03,a,1sp,히프노시스 마이크,,히프노시스 마이크 쁘띠존,아리스가와 다이스,유메노 겐타로X아리스가와 다이스,해당없음,칸논자카 돗포×아리스가와 다이스,"만화,기타,일러스트",meganetodice,https://dongne.co/events/df2607/circles/169276,제34회 디. 페스타(토),Day1
아이보유통사업본부,딩,A-18b,A,18,b,1sp,프로젝트 세카이 컬러풀 스테이지 ft. 하츠네 미쿠(프로세카),,,프로세카 캐릭터,아오야기 토우야X시노노메 아키토,로맨틱,,"만화,일러스트",,https://dongne.co/events/df2607/circles/168419,제34회 디. 페스타(토),Day1
이딴건내가그려야돼,덩이,K-10b,K,10,b,1sp,죠죠의 기묘한 모험,,,"디오 브란도,레오네 아바키오",귀도 미스타X레오네 아바키오,"해당없음,해당없음","레오네 아바키오 드림, 弱 죠나디오",만화,G4RB4GE_B0X,https://dongne.co/events/df2607/circles/168804,제34회 디. 페스타(토),Day1
이상한나라의잡화점,ㅇㅇ,G-13,G,13,,2sp,,,,,,,,,JJB_D_,https://dongne.co/events/df2607/circles/167926,제34회 디. 페스타(토),Day1
이세계뽕빨종합예술,단철용,"U-13, U-14",U,13,,4sp,이세계 착각 헌터,,기려창호 쁘띠존 : 함께 가요 2026 기창 엑스포,"김기려,강창호",김기려X강창호,"로맨틱,섹슈얼",,"만화,기타",slow_0522,https://dongne.co/events/df2607/circles/167924,제34회 디. 페스타(토),Day1
소리지르는민달팽이 천막,소리지르는민달팽이조각상,Y-25a,Y,25,a,1sp,천막의 자두가르,신부 이야기,,"파티마(시타라),퇴레게네",,,,"만화,기타",qwerseoa1234,https://dongne.co/events/df2607/circles/169286,제34회 디. 페스타(토),Day1
나도내가이럴줄몰랐어,왹,H-07a,H,07,a,1sp,괴담에 떨어져도 출근을 해야 하는구나,,,,김솔음X최요원,로맨틱,,소설,no_moral_dot,https://dongne.co/events/df2607/circles/167009,제34회 디. 페스타(토),Day1
레몬나르고빚갚으리오,강보영,V-03,V,03,,2sp,힘내라 나카무라군,슬로우데미지,,"힘내라 나카무라군,나카히로",나카무라 오쿠토X히로세 아이키,로맨틱,,,Happy_nux_day,https://dongne.co/events/df2607/circles/167293,제34회 디. 페스타(토),Day1
부스명을입력해주세요,심마,X-10a,X,10,a,1sp,어두운바다의등불이되어,,,"김재희,박무현",재희X무현,"로맨틱,로맨틱",,만화,shimma_0531,https://dongne.co/events/df2607/circles/166976,제34회 디. 페스타(토),Day1
빵이의마지막발악부스,빵이,S-24,S,24,,2sp,,,,,,,,"일러스트,만화",bbang222e,https://dongne.co/events/df2607/circles/168408,제34회 디. 페스타(토),Day1
사이코프로덕션진흥회,깨소금,B-23,B,23,,2sp,아이돌마스터 사이드엠,,아이돌마스터 사이드엠 쁘띠존,,,,,,,https://dongne.co/events/df2607/circles/166556,제34회 디. 페스타(토),Day1
사축호스트야간근무실,"MI,눕",C-11,C,11,,2sp,히프노시스마이크,,히프노시스 마이크 쁘띠존,"칸논자카 돗포,이자나미 히후미,마천랑",칸논자카 돗포X이자나미 히후미,,,만화,"IhiYdjY, nub_n_",https://dongne.co/events/df2607/circles/168430,제34회 디. 페스타(토),Day1
전국마력자원운송연합,S4ze,T-08,T,08,,2sp,이세계 착각 헌터,,기려창호 쁘띠존 : 함께 가요 2026 기창 엑스포,김기려 강창호,기려X창호,로맨틱,,"일러스트,소설",24siganimozara,https://dongne.co/events/df2607/circles/168661,제34회 디. 페스타(토),Day1
중안부고속도로휴게소,세련된 공계,K-22b,K,22,b,1sp,블리치,,,"이시다 우류,유그람 하쉬발트,아스킨 나크 르 바르",,"로맨틱,섹슈얼",블리치 퀸시 드림 커플링,"만화,소설",wifeofD68,https://dongne.co/events/df2607/circles/166945,제34회 디. 페스타(토),Day1
최솔에게져서만든서클,원작에게지다,O-20a,O,20,a,1sp,괴담에 떨어져도 출근을 해야 하는구나,,최솔 쁘띠존 : 달달하고 달콤한 세레나데,김솔음,,로맨틱,,만화,WonjagE23490,https://dongne.co/events/df2607/circles/166837,제34회 디. 페스타(토),Day1
경찰청쇠창살은외철창살,나로,V-08,V,08,,2sp,서브남주가 파업하면 생기는 일,초심잃은 아이돌을 위한 회귀백서,,"세드리크,정예서,윤이든",세드리크 리에스테르X정예서,로맨틱,,"공예,기타,일러스트,만화",naro_akam,https://dongne.co/events/df2607/circles/167042,제34회 디. 페스타(토),Day1
그렇게고조선이건국됐다,"담, 체키",Q-21,Q,21,,2sp,괴담출근,,,"류재관,최 요원",류재관X최 요원,"로맨틱,섹슈얼",,"만화,소설",damq_pouo,https://dongne.co/events/df2607/circles/168584,제34회 디. 페스타(토),Day1
오늘하루하얗게불태운다,ddmd,B-22a,B,22,a,1sp,아이돌마스터 사이드엠,,아이돌마스터 사이드엠 쁘띠존,"와카자토 하루나,아카야마 하야토",와카자토 하루나X아키야마 하야토,"로맨틱,섹슈얼,로맨틱",,만화,dadamdiP0730,https://dongne.co/events/df2607/circles/166746,제34회 디. 페스타(토),Day1
능이풍미개복치산해진미탕,푸우,B-04,B,04,,2sp,프로세카,<프로젝트 세카이>,루이츠카 쁘띠존【 달을 향해 별을 쏘아라 】,프로젝트 세카이 캐릭터,카미시로 루이X텐마 츠카사,"로맨틱,로맨틱","토우아키, 네네에무","일러스트,소설,만화",puoou_u,https://dongne.co/events/df2607/circles/168398,제34회 디. 페스타(토),Day1
사랑보다먼우정보다는가까운,메탈전사Z,Q-05,Q,05,,2sp,괴담에 떨어져도 출근을 해야 하는구나,,,,J3X곽제강,로맨틱,곽제강 x j3,"만화,소설",MetalwarriorZ,https://dongne.co/events/df2607/circles/168490,제34회 디. 페스타(토),Day1
게토스구루고죠사토루공주님안기사건,congplay,M-21b,M,21,b,1sp,주술회전,,게토고죠 쁘띠존 「맛있어져라~♥︎ 스구사토큥♡」,"게토 스구루,고죠 사토루",게토스구루X고죠사토루,"로맨틱,섹슈얼",,,congplay,https://dongne.co/events/df2607/circles/168312,제34회 디. 페스타(토),Day1
일본산뱀굴에떨어져도정신차리면물린다,금수,U-15,U,15,,2sp,"이세계 착각 헌터,이세계 착각헌터",은혼,,"모리타케 이토,정하성",모리타케 이토,,,,,https://dongne.co/events/df2607/circles/166766,제34회 디. 페스타(토),Day1
김헌터힘든일있으면말해강창호헌터밖에없어요,마,U-12,U,12,,2sp,이세계 착각 헌터,,기려창호 쁘띠존 : 함께 가요 2026 기창 엑스포,기려창호,김기려X강창호,"로맨틱,섹슈얼",,"만화,일러스트",ma64068248,https://dongne.co/events/df2607/circles/167006,제34회 디. 페스타(토),Day1
팔만대장경만들고싶다고했지쓰고싶다고는안했다,GAM,F-10a,F,10,a,1sp,"헬루바보스,헬루바 보스",,✦ 웰컴 투 헬 ✦ - 헬라버스 쁘띠존,블리츠 버크조,블리츠 버크조X스톨라스,로맨틱,,소설,GAM_HELLA,https://dongne.co/events/df2607/circles/166915,제34회 디. 페스타(토),Day1
^0^)/,류소,T-03a,T,03,a,1sp,데뷔못하면죽는병걸림,괴담출근,,,,,,,,https://dongne.co/events/df2607/circles/167466,제34회 디. 페스타(토),Day1
0000,Kal,D-17,D,17,,2sp,"혈계전선,트라이건",,,,,,"크라스팁, 밧슈울프",,"Ms_Kal, bsky:mskal",https://dongne.co/events/df2607/circles/167008,제34회 디. 페스타(토),Day1
연구 1팀 파기문서,퇶,Q-04,Q,04,,2sp,괴담출근,,,"곽제강,강이학,J3,김솔음",J3X곽제강,"섹슈얼,로맨틱",김솔음x강이학,,nauigeaseki,https://dongne.co/events/df2607/circles/167801,제34회 디. 페스타(토),Day1
현무 1팀의 인조 선인장,미상,O-20b,O,20,b,1sp,괴담에 떨어져도 출근을 해야 하는구나,,최솔 쁘띠존 : 달달하고 달콤한 세레나데,"김솔음,최 요원,류재관",최 요원X김솔음,"로맨틱,로맨틱",,소설,Unknown_A_815,https://dongne.co/events/df2607/circles/168948,제34회 디. 페스타(토),Day1
쇼토다비1인시위,실행,L-17b,L,17,b,1sp,나의 히어로 아카데미아,,,"토도로키 쇼토,다비",,,,,,https://dongne.co/events/df2607/circles/167259,제34회 디. 페스타(토),Day1
제1회 닌자배 천관산 산악회 괴수 토벌 기념식,해왕성인,D-24,D,24,,2sp,닌타마 란타로,"포켓몬스터,괴수 8호",,,,,,일러스트,neptuneblue_01,https://dongne.co/events/df2607/circles/168672,제34회 디. 페스타(토),Day1
1종 특수 이세계 트럭 운전면허증,하뭇,O-13,O,13,,2sp,괴담출근,"변호됨,던그화,우호정,이착헌,연회생",,올캐러,,,,,Sale_HM13,https://dongne.co/events/df2607/circles/166689,제34회 디. 페스타(토),Day1
1권이 없어,"해뻐리, 🍇, 스노드롭",B-02,B,02,,2sp,프로젝트 세카이,,루이츠카 쁘띠존【 달을 향해 별을 쏘아라 】,"카미시로 루이,텐마 츠카사",카미시로 루이X텐마 츠카사,"로맨틱,로맨틱","이치호나, 시호사키",,"Sad_jellyfish_p, Podo_dodo_po, SnowD_rop__",https://dongne.co/events/df2607/circles/167776,제34회 디. 페스타(토),Day1
1차에 떨어져도 재판을 해야 하는 구나,마삐,O-09,O,09,,2sp,괴담출근,1차 창작,,김솔음,최요원X김솔음,"로맨틱,해당없음",1차,"만화,일러스트,기타",ma_ppi_gif,https://dongne.co/events/df2607/circles/168015,제34회 디. 페스타(토),Day1
어 이거 10년 전에 봤던거다,암굥,W-26a,W,26,a,1sp,탈(TAL),,,,,,,,,https://dongne.co/events/df2607/circles/166708,제34회 디. 페스타(토),Day1
10심히 살자,열,V-07b,V,07,b,1sp,헌터X헌터,"오오에,세포신곡",,,,,,일러스트,ssmm3r,https://dongne.co/events/df2607/circles/167981,제34회 디. 페스타(토),Day1
엘소드 쁘띠존 :: 엘리오스 100년 살기 주최부스,,I-12,I,12,,2sp,,,엘소드 쁘띠존 :: 엘리오스 100년 살기,,,,,,,https://dongne.co/events/df2607/circles/175396,제34회 디. 페스타(토),Day1
1004,망녕,U-23,U,23,,2sp,,,,,,,,,Boo_my_00,https://dongne.co/events/df2607/circles/167895,제34회 디. 페스타(토),Day1
1042thDEAL,"42, 디일 ",K-01,K,01,,2sp,소년 점프작품,"은혼,원피스,보컬로이드,슬램덩크,포켓몬",,,,,,"일러스트,만화",,https://dongne.co/events/df2607/circles/166619,제34회 디. 페스타(토),Day1
1가구 1예림 기원,"여빌, 수광",T-23,T,23,,2sp,"내스급,내가 키운 S급들",,,"성현제,한유진,피스",성현제X한유진,로맨틱,,"일러스트,만화,공예",myS_villain,https://dongne.co/events/df2607/circles/166774,제34회 디. 페스타(토),Day1
1차창작만화 10권만있는부스,1000D,H-04a,H,04,a,1sp,,,,,,,,만화,1000D_Comics,https://dongne.co/events/df2607/circles/168909,제34회 디. 페스타(토),Day1
1인시위(2인일수도있음),엘드,X-03a,X,03,a,1sp,트랜스포머,,,"사운드웨이브,스타스크림",,,,소설,eldtree,https://dongne.co/events/df2607/circles/168530,제34회 디. 페스타(토),Day1
1225년 연하공 전문점,"자렌, 레몽",T-26,T,26,,2sp,내가 키운 S급들,너희들은 변호됐다,,"한유현,한유진,강민재,차주한",한유현X한유진,"로맨틱,섹슈얼","민재주한, 강차","만화,소설,일러스트","JAL_fn, s_lemong",https://dongne.co/events/df2607/circles/167106,제34회 디. 페스타(토),Day1
13월의 정원,하말,J-23,J,23,,2sp,,,,,,,,,,https://dongne.co/events/df2607/circles/167051,제34회 디. 페스타(토),Day1
외계인 낚시 1회 400억,기개치,U-17b,U,17,b,1sp,이착헌,,,"김기려,강창호,선우연",,,,,gisim1ma,https://dongne.co/events/df2607/circles/167563,제34회 디. 페스타(토),Day1
16,얼큰한해물칼국수,L-13,L,13,,2sp,스티그마타,"주술회전,화산귀환,전지적 독자시점",,스티그마타,파르벨로네 데칸 키리모프-아사르X시온,"로맨틱,섹슈얼",,만화,10000dala,https://dongne.co/events/df2607/circles/166687,제34회 디. 페스타(토),Day1
16세고등학생 기만의진언 끌어치기,김리타,S-23b,S,23,b,1sp,"페르소나 시리즈,진여신전생,메타포 리판타지오,니어: 오토마타,니어 레플리칸트",,,,,,,,,https://dongne.co/events/df2607/circles/167511,제34회 디. 페스타(토),Day1
파이널리버스판타지1999,긔곰,Y-23,Y,23,,2sp,"파판14,리버스: 1999",창작,,,,,,게임,,https://dongne.co/events/df2607/circles/169142,제34회 디. 페스타(토),Day1
토마호크 스테이크 1호점 : AT센터점,명란바게트,"N-04, N-05",N,04,,4sp,괴담에 떨어져도 출근을 해야 하는구나,,최솔 쁘띠존 : 달달하고 달콤한 세레나데,"최요원,김솔음",최요원X김솔음,"로맨틱,섹슈얼,해당없음,로맨틱,섹슈얼,해당없음",,"만화,일러스트",Myeong_ba_0506,https://dongne.co/events/df2607/circles/166892,제34회 디. 페스타(토),Day1
공포의1짱CafeParade,행복한 거지,B-20b,B,20,b,1sp,아이돌마스터 sideM,,아이돌마스터 사이드엠 쁘띠존,카미야 시노노메 아스란 마키오 사키,,"로맨틱,해당없음",,만화,mozar2224,https://dongne.co/events/df2607/circles/167056,제34회 디. 페스타(토),Day1
2,왼,J-22,J,22,,2sp,명탐정 코난,,,,,,,,,https://dongne.co/events/df2607/circles/166586,제34회 디. 페스타(토),Day1
하멜2 엘리아노드 정제기,새흰,I-09,I,09,,2sp,엘소드,엘스타,엘소드 쁘띠존 :: 엘리오스 100년 살기,엘소드 장르 전체 캐릭터,,,,기타,msaehin,https://dongne.co/events/df2607/circles/169214,제34회 디. 페스타(토),Day1
[지식인] 아카이랑 아무로 다치는 편 전부 알려주세요 내공200,wani,J-08b,J,08,b,1sp,명탐정 코난,,2026 아카아무 쁘띠존: 10VE 10OP,,,,,,77_us_77,https://dongne.co/events/df2607/circles/167798,제34회 디. 페스타(토),Day1
[201호실],깅,D-02b,D,02,b,1sp,닌자보이 란타로,,,"셋츠노 키리마루,도이 한스케",키리마루X도이,"로맨틱,섹슈얼",,,lsf_21xxxx,https://dongne.co/events/df2607/circles/167077,제34회 디. 페스타(토),Day1
2026 힙합동아리 하계 사생대회&백일장,닥스훈트,B-14a,B,14,a,1sp,히프노시스마이크,,히프노시스 마이크 쁘띠존,츠츠지모리 로쇼,,로맨틱,,만화,dachshunddLT,https://dongne.co/events/df2607/circles/168183,제34회 디. 페스타(토),Day1
2026 아카아무 쁘띠존: 10VE 10OP 주최부스,,J-12,J,12,,2sp,,,2026 아카아무 쁘띠존: 10VE 10OP,,,,,,,https://dongne.co/events/df2607/circles/175397,제34회 디. 페스타(토),Day1
21세기 동인은 물물교환만 받습니다.,염,N-07,N,07,,2sp,괴담출근,,,최요원,,,,"소설,공예",,https://dongne.co/events/df2607/circles/167088,제34회 디. 페스타(토),Day1
공항24시,24,L-08b,L,08,b,1sp,주술회전,,,"고죠 사토루,게토.스구루",고죠 사토루X게토 스구루,"로맨틱,로맨틱",,,2424wk,https://dongne.co/events/df2607/circles/166985,제34회 디. 페스타(토),Day1
24시국밥,**,D-10b,D,10,b,1sp,니지산지,하이큐,,,,,,만화,onjjyang,https://dongne.co/events/df2607/circles/166919,제34회 디. 페스타(토),Day1
요코하마역 29번 플랫폼,"5호점, 텐시",J-21a,J,21,a,1sp,명탐정 코난,,,"하기와라 켄지,마츠다 진페이,하기와라 치하야",하기와라 켄지X마츠다 진페이,로맨틱,"쥬고치하, 치하시노, 레이히로","만화,일러스트","riverflowsin_, SR305E",https://dongne.co/events/df2607/circles/167165,제34회 디. 페스타(토),Day1
2d 이하 아이돌에게 통장을 잃음,유타페,T-02,T,02,,2sp,데뷔 못 하면 죽는 병 걸림,앙상블 스타즈,,"류청우,배세진",류청우X배세진,"로맨틱,섹슈얼",,,,https://dongne.co/events/df2607/circles/166655,제34회 디. 페스타(토),Day1
2m from the sky,츠여,W-22,W,22,,2sp,"슬램덩크,MCU",,,"송태섭,피터 파커",,,,,ch_evnfo,https://dongne.co/events/df2607/circles/168197,제34회 디. 페스타(토),Day1
:3,ㅁ,T-01a,T,01,a,1sp,전지적독자시점,,,,,,,소설,blacktea1315,https://dongne.co/events/df2607/circles/167433,제34회 디. 페스타(토),Day1
3학년 좋아,"엑스트라A, 승",E-02a,E,02,a,1sp,닌자보이 란타로,,,,,해당없음,,"만화,공예","extrarkrn, gustmd_50",https://dongne.co/events/df2607/circles/168952,제34회 디. 페스타(토),Day1
315프로덕션 천장 보수 협회,모토,B-24a,B,24,a,1sp,아이돌마스터 SideM,,아이돌마스터 사이드엠 쁘띠존,"신겐 세이지,엔죠지 미치루",신겐 세이지X엔죠지 미치루,,,만화,mtos9_,https://dongne.co/events/df2607/circles/169052,제34회 디. 페스타(토),Day1
(아카이)³ 더하기 (아무로)³ = ♡ x ∞,"님썰, 빈다",J-13,J,13,,2sp,명탐정코난,,2026 아카아무 쁘띠존: 10VE 10OP,"아카이 슈이치,아무로 토오루",아카이 슈이치X아무로 토오루,,,"만화,소설,일러스트","FuruseolAM, noanswwwer",https://dongne.co/events/df2607/circles/168006,제34회 디. 페스타(토),Day1
35세 이상 아저씨만 취급 ,하얀의사,C-16a,C,16,a,1sp,히프노시스마이크,,히프노시스 마이크 쁘띠존,,,"섹슈얼,섹슈얼","레이쟈쿠히토, 레이히토, 쟈쿠히토, 레이쟈쿠",기타,whitecoat808,https://dongne.co/events/df2607/circles/169179,제34회 디. 페스타(토),Day1
율 효 솜 팽 4인부스,우우,"N-16, N-17",N,16,,4sp,괴담출근,데못죽,,최요원,최요원X김솔음,로맨틱,,"만화,일러스트,소설",uu0310522,https://dongne.co/events/df2607/circles/167121,제34회 디. 페스타(토),Day1
인간의세포는4년으로체인지,하나,B-07,B,07,,2sp,파라라이,,,,,,,,stranger_2864,https://dongne.co/events/df2607/circles/168767,제34회 디. 페스타(토),Day1
40,닷,E-20b,E,20,b,1sp,,,,,,,,,,https://dongne.co/events/df2607/circles/166645,제34회 디. 페스타(토),Day1
404,재하,E-23,E,23,,2sp,닌자보이란타로(닌타마),,,,,,,,,https://dongne.co/events/df2607/circles/166964,제34회 디. 페스타(토),Day1
너 라인 4개라고? 난 인격이 5개다,퍼플,I-03,I,03,,2sp,"엘소드,제5인격,킹프리",,,,,,,,purple_1line,https://dongne.co/events/df2607/circles/167018,제34회 디. 페스타(토),Day1
이후는515화를 확인하시오,착공충,U-19b,U,19,b,1sp,이세계 착각 헌터,,기려창호 쁘띠존 : 함께 가요 2026 기창 엑스포,"김기려,강창호",김기려X강창호,"로맨틱,해당없음",,만화,chackgongchung,https://dongne.co/events/df2607/circles/169032,제34회 디. 페스타(토),Day1
도미노마을 54번지,ㄷㄹ,F-01,F,01,,2sp,아이돌리쉬세븐,유희왕,,"요츠바 타마키,오사카 소고,죠노우치,어둠의 유우기",오사카 소고X요츠바 타마키,"로맨틱,로맨틱,섹슈얼",어둠의 유우기 x 죠노우치,,,https://dongne.co/events/df2607/circles/167191,제34회 디. 페스타(토),Day1
572년째 고게중,에멍멍,L-09b,L,09,b,1sp,주술회전,,,고죠 게토,고죠사토루X게토스구루,로맨틱,,만화,,https://dongne.co/events/df2607/circles/168574,제34회 디. 페스타(토),Day1
666호실,Nidaria,F-09,F,09,,2sp,"해즈빈 호텔,헬루바 보스",,✦ 웰컴 투 헬 ✦ - 헬라버스 쁘띠존,,,,,공예,nidy1028,https://dongne.co/events/df2607/circles/169230,제34회 디. 페스타(토),Day1
이번 7월에 유학가기로 해가지고… 응원해주시면 ㄱㅅ하겟습니다 유명한 나라라 다들 잘 아실 것 같은데 이세계괴담나라예요,체체,Q-17,Q,17,,2sp,"괴담에 떨어져도 출근을 해야하는구나,괴출","이세계 착각 헌터,이세계 착각헌터,이착헌",,"<괴담에 떨어져도 출근을 해야 하는구나> 작 중 캐릭터,<이세계 착각 헌터> 작 중 캐릭터",강창호X레밍,"로맨틱,섹슈얼",,"만화,일러스트",K_che_sol_,https://dongne.co/events/df2607/circles/168721,제34회 디. 페스타(토),Day1
제형타코 7월호,tacc,T-25b,T,25,b,1sp,내가 키운 s급들,,,"한유현,한유진",한유현X한유진,"로맨틱,섹슈얼",,만화,hrdtaco,https://dongne.co/events/df2607/circles/167774,제34회 디. 페스타(토),Day1
7월너무더워잇,판다군,P-13,P,13,,2sp,괴담출근,데못죽,,김솔음,,,,,,https://dongne.co/events/df2607/circles/166744,제34회 디. 페스타(토),Day1
725,박,M-16a,M,16,a,1sp,주술회전,,게토고죠 쁘띠존 「맛있어져라~♥︎ 스구사토큥♡」,"게토 스구루,고죠 사토루",게토 스구루X고죠 사토루,로맨틱,,기타,satoruubabo,https://dongne.co/events/df2607/circles/168139,제34회 디. 페스타(토),Day1
어떤7월25일,릿지,M-16b,M,16,b,1sp,주술회전,,게토고죠 쁘띠존 「맛있어져라~♥︎ 스구사토큥♡」,"게토 스구루,고죠 사토루",게토 스구루X고죠 사토루,"해당없음,로맨틱",,"만화,사진",lzzzzzzzzsy,https://dongne.co/events/df2607/circles/168800,제34회 디. 페스타(토),Day1
725=게고날,청무,M-17,M,17,,2sp,주술회전,,게토고죠 쁘띠존 「맛있어져라~♥︎ 스구사토큥♡」,"게토,고죠",,로맨틱,,일러스트,99round,https://dongne.co/events/df2607/circles/168520,제34회 디. 페스타(토),Day1
725인데 게고를 해야지,D,M-04b,M,04,b,1sp,주술회전,,게토고죠 쁘띠존 「맛있어져라~♥︎ 스구사토큥♡」,"게토 스구루,고죠 사토루",게토 스구루X고죠 사토루,로맨틱,,만화,D_2cha,https://dongne.co/events/df2607/circles/167871,제34회 디. 페스타(토),Day1
7디페 토2sp,벨로,Y-16,Y,16,,2sp,화산귀환,,,,,,,,kurobina_win,https://dongne.co/events/df2607/circles/167361,제34회 디. 페스타(토),Day1
나태지옥753살악마들의마지막끌어치기,점비,F-14,F,14,,2sp,,,✦ 웰컴 투 헬 ✦ - 헬라버스 쁘띠존,알래스터,,,,기타,jeomb1,https://dongne.co/events/df2607/circles/168060,제34회 디. 페스타(토),Day1
8번 코어 블배로 30 뒷골목 잡화점,파람,W-10,W,10,,2sp,블랙배저,,블랙배저 NCP 쁘띠존: Mother tree's lullaby,힐데베르트 탈레브,,,,소설,panso_param,https://dongne.co/events/df2607/circles/167202,제34회 디. 페스타(토),Day1
9월 30일,오만,Z-04b,Z,04,b,1sp,뉴단간론파V3,,,사이하라 슈이치,오마 코키치X사이하라 슈이치,로맨틱,,만화,50K_V3,https://dongne.co/events/df2607/circles/167524,제34회 디. 페스타(토),Day1
창문을 넘어 재관국에 간 98세 노인,도링,Q-24,Q,24,,2sp,괴담출근,내가 키운 S급들,,"류재관,최요원",류재관X최요원,"섹슈얼,로맨틱,섹슈얼,로맨틱",,"소설,만화,기타",ehfld79,https://dongne.co/events/df2607/circles/169140,제34회 디. 페스타(토),Day1
Alchemy Lab.,JunE,X-02,X,02,,2sp,볼트론:전설의 수호자,괴담출근,,"키스,시로,알루라,랜스,피지,헝크",키스X시로,"로맨틱,섹슈얼",알루랜스,"일러스트,소설,기타",fennecjune,https://dongne.co/events/df2607/circles/167322,제34회 디. 페스타(토),Day1
AM01:00,한시,A-23a,A,23,a,1sp,프로젝트 세카이 컬러풀 스테이지 feat.하츠네미쿠,,루이츠카 쁘띠존【 달을 향해 별을 쏘아라 】,"카미시로 루이,텐마 츠카사",카미시로 루이X텐마 츠카사,로맨틱,,만화,hns_iiiii,https://dongne.co/events/df2607/circles/167298,제34회 디. 페스타(토),Day1
 (amado sasil...),임시,M-24,M,24,,2sp,주술회전,,게토고죠 쁘띠존 「맛있어져라~♥︎ 스구사토큥♡」,,,"로맨틱,섹슈얼",,만화,aoi_nami_koishi,https://dongne.co/events/df2607/circles/167756,제34회 디. 페스타(토),Day1
Apple pie Opera,씨소,L-18a,L,18,a,1sp,나의 히어로 아카데미아,,,캇데쿠,바쿠고 카츠키X미도리야 이즈쿠,로맨틱,,일러스트,ssiisaw,https://dongne.co/events/df2607/circles/166626,제34회 디. 페스타(토),Day1
Arch crown,시나스,J-20a,J,20,a,1sp,명탐정 코난,매직 카이토,,,쿠도 신이치X쿠로바 카이토,로맨틱,,,,https://dongne.co/events/df2607/circles/166997,제34회 디. 페스타(토),Day1
Badasstemple!!! 마천랑 녀석은 벌을 받아야 해,"04, 예비, 담치",C-13,C,13,,2sp,히프노시스 마이크,,히프노시스 마이크 쁘띠존,"진구지 쟈쿠라이,아마구니 히토야,누루데 사사라,츠츠지모리 로쇼",진구지 쟈쿠라이X아마구니 히토야,"로맨틱,해당없음","진구지쟈쿠라이x아마구니히토야 , 누루데사사라x츠츠지모리로쇼","만화,일러스트,기타","mutt075, reorkkaxxa, damchee_",https://dongne.co/events/df2607/circles/169196,제34회 디. 페스타(토),Day1
Black and white ,씨밀레,M-09b,M,09,b,1sp,주술회전,,게토고죠 쁘띠존 「맛있어져라~♥︎ 스구사토큥♡」,,,"로맨틱,섹슈얼",,,Simile725,https://dongne.co/events/df2607/circles/168044,제34회 디. 페스타(토),Day1
Blanc de Blanc,메타,J-05,J,05,,2sp,명탐정 코난,,,"후루야 레이,카자미 유우야",후루야 레이X카자미 유우야,"로맨틱,섹슈얼,로맨틱",,"만화,일러스트",prayer_meta,https://dongne.co/events/df2607/circles/166900,제34회 디. 페스타(토),Day1
BLUE MANIAC,NoN,S-06,S,06,,2sp,러브앤딥스페이스,괴담에 떨어져도 출근을 해야 하는구나,,"하우주,심성훈,호유원",,"섹슈얼,로맨틱",,,,https://dongne.co/events/df2607/circles/166615,제34회 디. 페스타(토),Day1
오리지늄 C세포,HYUN,E-19,E,19,,2sp,명일방주,"할로우나이트,사이퍼즈",,올캐릭터,,,,일러스트,KJ3R4G,https://dongne.co/events/df2607/circles/168334,제34회 디. 페스타(토),Day1
CMMN 한국 지부,윤수,F-11,F,11,,2sp,해즈빈 호텔,,✦ 웰컴 투 헬 ✦ - 헬라버스 쁘띠존,"알래스터,찰리 모닝스타",알래스터X찰리 모닝스타,"로맨틱,섹슈얼,로맨틱",,만화,y0unsu,https://dongne.co/events/df2607/circles/169153,제34회 디. 페스타(토),Day1
포탈탈출 code.H,화쵸,W-18,W,18,,2sp,블랙배저,,블랙배저 NCP 쁘띠존: Mother tree's lullaby,,,,,공예,bb_ri_isling,https://dongne.co/events/df2607/circles/168491,제34회 디. 페스타(토),Day1
코모리룸(Comori room),Comori room,H-23a,H,23,a,1sp,,,,,,,,일러스트,comori_room,https://dongne.co/events/df2607/circles/167958,제34회 디. 페스타(토),Day1
Crotti,kitami,K-19,K,19,,2sp,원피스,"아이실드21,킹덤",,,,,,만화,,https://dongne.co/events/df2607/circles/167039,제34회 디. 페스타(토),Day1
d,d,V-15,V,15,,2sp,,,,,,,,,,https://dongne.co/events/df2607/circles/166847,제34회 디. 페스타(토),Day1
Dear Ribbon,긴,A-11,A,11,,2sp,프로세카,,,니고,미즈키X에나,로맨틱,,"일러스트,소설",gin937,https://dongne.co/events/df2607/circles/167878,제34회 디. 페스타(토),Day1
DEER SEASON!,꾸비,F-15a,F,15,a,1sp,해즈빈호텔,헬루바보스,✦ 웰컴 투 헬 ✦ - 헬라버스 쁘띠존,,,,,"공예,기타",kkubi_HZ,https://dongne.co/events/df2607/circles/168838,제34회 디. 페스타(토),Day1
쿠사렌DIY해주는아저씨입니다,쿠독,B-21a,B,21,a,1sp,아이돌마스터 SideM,,아이돌마스터 사이드엠 쁘띠존,,,,카오테루,,,https://dongne.co/events/df2607/circles/168741,제34회 디. 페스타(토),Day1
DONUT UNIVERSE,"TN, 트라뭇",D-20b,D,20,b,1sp,트라이건,,,,울프우드X밧슈,,,,,https://dongne.co/events/df2607/circles/168193,제34회 디. 페스타(토),Day1
대격돌! DU편의점 vs 현무마트,9999,P-07,P,07,,2sp,괴담에 떨어져도 출근을 해야 하는구나,괴담출근,,<괴담에 떨어져도 출근을 해야 하는구나> 작 중 캐릭터,,,,,_9_999,https://dongne.co/events/df2607/circles/167004,제34회 디. 페스타(토),Day1
ECO-404,성찬,H-19,H,19,,2sp,,,,,,,,"일러스트,기타",,https://dongne.co/events/df2607/circles/168502,제34회 디. 페스타(토),Day1
Entry,둡댑,Z-01,Z,01,,2sp,"포켓몬스터,헌터 X 헌터",,,,,,,,,https://dongne.co/events/df2607/circles/167894,제34회 디. 페스타(토),Day1
가족애도 사랑(Eros)이다,마사,X-22a,X,22,a,1sp,A3!,,,"미카게 히소카,우츠키 치카게,후루이치 사쿄,이즈미다 아자미",미카게 히소카X우츠키 치카게,해당없음,후루이치 사쿄x이즈미다 아자미,만화,mashumasaa,https://dongne.co/events/df2607/circles/168693,제34회 디. 페스타(토),Day1
EVERBLUE,이온,W-05a,W,05,a,1sp,메달리스트,"크게휘두르며,가비지타임,오사카환상선,고스트바둑왕(히카루의바둑),히카루의바둑,고스트바둑왕",,,,"로맨틱,로맨틱,해당없음",NCP,"만화,일러스트",ionblue,https://dongne.co/events/df2607/circles/167688,제34회 디. 페스타(토),Day1
나야 나 Fate/strange Fake에 나오는 이시가미 빙하라고,"도캉, HOON",V-21,V,21,,2sp,닥터스톤,,,"이시가미 센쿠,아사기리 겐,낙빙하,심청추,아마미야 렌,아케치 고로",이시가미 센쿠X아사기리 겐,"로맨틱,섹슈얼","빙추, 주아케","만화,일러스트",Do_kang_,https://dongne.co/events/df2607/circles/168971,제34회 디. 페스타(토),Day1
박카스G,bibi,L-21b,L,21,b,1sp,어두운 바다의 등불이 되어 (어바등),앙상블 스타즈,,,,해당없음,,"만화,일러스트",,https://dongne.co/events/df2607/circles/166594,제34회 디. 페스타(토),Day1
게크크(GAYCREATORCREW),"우엉, 쨈누",V-26,V,26,,2sp,"블루록,전자오락수호대","죠죠의 기묘한 모험,페르소나 4",,,이사기 요이치X미하엘 카이저,"로맨틱,로맨틱",치트x패치,"일러스트,공예,만화",unformedgotvg,https://dongne.co/events/df2607/circles/169144,제34회 디. 페스타(토),Day1
GYURI,김규리,K-15a,K,15,a,1sp,하이큐!,,,,,,,,,https://dongne.co/events/df2607/circles/166732,제34회 디. 페스타(토),Day1
H력의 로미오와 줄리엣,두목,C-18,C,18,,2sp,히프노시스 마이크,"마법사의 약속(마호야쿠),다이에이",히프노시스 마이크 쁘띠존,"아리스가와 다이스,유메노 겐타로",아리스가와 다이스X유메노 겐타로,"로맨틱,섹슈얼",,"일러스트,소설,만화","No_1_KASHIRA, tomodachi7741",https://dongne.co/events/df2607/circles/167229,제34회 디. 페스타(토),Day1
HAZBNB,운피턴,F-17b,F,17,b,1sp,해즈빈 호텔,,✦ 웰컴 투 헬 ✦ - 헬라버스 쁘띠존,,,,,"일러스트,기타",oonpiturn_,https://dongne.co/events/df2607/circles/169235,제34회 디. 페스타(토),Day1
How deer you,유자폰즈,F-17a,F,17,a,1sp,해즈빈 호텔,,✦ 웰컴 투 헬 ✦ - 헬라버스 쁘띠존,알래스터,,,,,YuuYuzuponzu,https://dongne.co/events/df2607/circles/166944,제34회 디. 페스타(토),Day1
ignition,힌,E-14a,E,14,a,1sp,붕괴: 스타레일,,,"파이논,아낙사",파이논X아낙사,"로맨틱,로맨틱",,소설,heenhnn,https://dongne.co/events/df2607/circles/168724,제34회 디. 페스타(토),Day1
Imagination Store,츠히,V-09b,V,09,b,1sp,묵독,,,페이두,뤄원저우X페이두,섹슈얼,,소설,tzuhi,https://dongne.co/events/df2607/circles/167050,제34회 디. 페스타(토),Day1
‼️주in공른이라 주인공른하는 부스‼️,"은설, 소사",N-03,N,03,,2sp,괴담출근,,최솔 쁘띠존 : 달달하고 달콤한 세레나데,"최요원,김솔음",최요원X김솔음,"로맨틱,로맨틱",,"일러스트,만화","Eunsul_1109, SOSA3451",https://dongne.co/events/df2607/circles/167455,제34회 디. 페스타(토),Day1
잡덕is마이job,루,P-02,P,02,,2sp,괴담출근,"스타레일,프로세카",,,아키토X토우야,로맨틱,,일러스트,jungru1125,https://dongne.co/events/df2607/circles/168893,제34회 디. 페스타(토),Day1
KANIKANI,mana,C-14a,C,14,a,1sp,히프노시스마이크,,히프노시스 마이크 쁘띠존,"야마다 이치로,아오히츠기 사마토키",야마다 이치로X아오히츠기 사마토키,"섹슈얼,로맨틱",,만화,,https://dongne.co/events/df2607/circles/166590,제34회 디. 페스타(토),Day1
KOGEKOGE,탄빵,C-14b,C,14,b,1sp,히프노시스마이크,,히프노시스 마이크 쁘띠존,"야마다 이치로,아오히츠기 사마토키",야마다 이치로X아오히츠기 사마토키,"로맨틱,섹슈얼",,"소설,만화",str4wb3rryfi31d,https://dongne.co/events/df2607/circles/168101,제34회 디. 페스타(토),Day1
life hack: 변호사를 해킹하라,하스,C-15b,C,15,b,1sp,히프노시스마이크,블루록,히프노시스 마이크 쁘띠존,,야마다 사부로X아마구니 히토야,,,소설,HASDRBB,https://dongne.co/events/df2607/circles/168882,제34회 디. 페스타(토),Day1
Liquid Hydrogen,ENKI,V-05b,V,05,b,1sp,충사,"주술회전,하이큐",,"깅코,고죠 사토루,게토 스구루",,,,"만화,일러스트",,https://dongne.co/events/df2607/circles/166642,제34회 디. 페스타(토),Day1
Little Love,CHO,F-04,F,04,,2sp,해즈빈호텔,,✦ 웰컴 투 헬 ✦ - 헬라버스 쁘띠존,"루시퍼,릴리스",루시퍼X릴리스,로맨틱,,"만화,일러스트,기타",cho_BHD,https://dongne.co/events/df2607/circles/166660,제34회 디. 페스타(토),Day1
Loop,차차,U-06b,U,06,b,1sp,,,,,,,,소설,asterisk1ng,https://dongne.co/events/df2607/circles/167700,제34회 디. 페스타(토),Day1
Loot at the 기창,펠쟌,T-12,T,12,,2sp,이세계 착각 헌터,,기려창호 쁘띠존 : 함께 가요 2026 기창 엑스포,"김기려,강창호",,로맨틱,,"기타,만화",postpell_mobile,https://dongne.co/events/df2607/circles/167789,제34회 디. 페스타(토),Day1
Lovely Mix,Lovely Mix,O-11b,O,11,b,1sp,괴담출근,"화산귀환,내스급,전독시",,,,,,,LovelyMix_,https://dongne.co/events/df2607/circles/167041,제34회 디. 페스타(토),Day1
Lunabysskr,루나비스아뜰리에,G-09,G,09,,2sp,,,,,,,,,Lunabyss_kr,https://dongne.co/events/df2607/circles/167382,제34회 디. 페스타(토),Day1
Midnight Blue,세르웬,A-16,A,16,,2sp,프로젝트 세카이,,,,,,,,,https://dongne.co/events/df2607/circles/166836,제34회 디. 페스타(토),Day1
Midnight SIESTA,소금계란,C-05,C,05,,2sp,히프노시스 마이크,,히프노시스 마이크 쁘띠존,"이자나미 히후미,칸논자카 돗포",이자나미 히후미X칸논자카 돗포,"로맨틱,섹슈얼",,만화,,https://dongne.co/events/df2607/circles/166568,제34회 디. 페스타(토),Day1
mini:D,무앜,P-11,P,11,,2sp,괴담출근,데못죽,,김솔음,,,,일러스트,muac2482,https://dongne.co/events/df2607/circles/166808,제34회 디. 페스타(토),Day1
Miroh,다안,P-23a,P,23,a,1sp,괴담출근,도쿄리벤저스,,괴담출근,,,,,,https://dongne.co/events/df2607/circles/166737,제34회 디. 페스타(토),Day1
Mixed Nuts,이례,P-14,P,14,,2sp,괴담출근,,,,,,,,,https://dongne.co/events/df2607/circles/166649,제34회 디. 페스타(토),Day1
My☆Planet,행성지기,G-04,G,04,,2sp,"핸드메이드 봉제인형,솜인형 드레스",,,,,,,,My_Planet_Doll,https://dongne.co/events/df2607/circles/167537,제34회 디. 페스타(토),Day1
블랙배저 NCP 쁘띠존: Mother tree's lullaby 주최부스,,W-13,W,13,,2sp,,,블랙배저 NCP 쁘띠존: Mother tree's lullaby,,,,,,,https://dongne.co/events/df2607/circles/175394,제34회 디. 페스타(토),Day1
neimma,chop,E-15a,E,15,a,1sp,붕괴 스타레일,,,파이논 아낙사,파이논X아낙사,로맨틱,,,pprk1122,https://dongne.co/events/df2607/circles/167525,제34회 디. 페스타(토),Day1
                                                                                                                                                                                                      NF,안건,L-04,L,04,,2sp,주술회전,,,고죠 사토루 게토 스구루,고죠 사토루X게토 스구루,"로맨틱,섹슈얼",,"일러스트,만화",goodteethguys,https://dongne.co/events/df2607/circles/166776,제34회 디. 페스타(토),Day1
NoContextHuman,BOT,W-03a,W,03,a,1sp,100미터.,지. -지구의 운동에 대하여,,,,,,만화,,https://dongne.co/events/df2607/circles/167947,제34회 디. 페스타(토),Day1
OneStar,Kuuze,P-23b,P,23,b,1sp,괴담에 떨어져도 출근을 해야하는구나,,,,,,,,kuuze_101,https://dongne.co/events/df2607/circles/168222,제34회 디. 페스타(토),Day1
                                                                                                                                                                                               ONLY GOGE,사뿐,L-02,L,02,,2sp,주술회전,,,"고죠 사토루,게토 스구루",고죠 사토루X게토 스구루,"로맨틱,섹슈얼",,만화,,https://dongne.co/events/df2607/circles/168370,제34회 디. 페스타(토),Day1
P들의 부스,소비,G-11,G,11,,2sp,없음,없음,,,,,,공예,SOBI_J01,https://dongne.co/events/df2607/circles/167792,제34회 디. 페스타(토),Day1
Peachplumpear,부머기,S-23a,S,23,a,1sp,,,,,,,,,guineapig_papa,https://dongne.co/events/df2607/circles/166677,제34회 디. 페스타(토),Day1
Plus+ Ultra,꺼리,J-09a,J,09,a,1sp,명탐정 코난,,2026 아카아무 쁘띠존: 10VE 10OP,"아카이 슈이치,아무로 토오루",아카이 슈이치X아무로 토오루,"로맨틱,섹슈얼",,"소설,만화",livingkkury,https://dongne.co/events/df2607/circles/167003,제34회 디. 페스타(토),Day1
Puddinty MeroMero Beam,베리,B-15b,B,15,b,1sp,히프노시스마이크,,히프노시스 마이크 쁘띠존,"츠츠지모리 로쇼,누루데 사사라",츠츠지모리 로쇼X누루데 사사라,로맨틱,,"만화,기타",,https://dongne.co/events/df2607/circles/169082,제34회 디. 페스타(토),Day1
[Qterw-E-동인러들의 잔치],"Yoon, 까미","S-16, S-17",S,16,,4sp,"괴담에 떨어져도 출근을 해야 하는구나,데뷔 못 하면 죽는 병 걸림",X,,"김솔음/ J3 / 백일몽 주식회사 캐릭터/ 재난관리국 캐릭터,박문대 선아현",박문대X선아현,로맨틱,,"만화,일러스트","0yo_on0, kingkami1",https://dongne.co/events/df2607/circles/167189,제34회 디. 페스타(토),Day1
SEA QUEST,사구리,V-07a,V,07,a,1sp,골든카무이,,,전캐릭.,,,,일러스트,,https://dongne.co/events/df2607/circles/166672,제34회 디. 페스타(토),Day1
SHOCK!#,Syunn,D-08a,D,08,a,1sp,도검난무,,,,쇼쿠다이키리 미츠타다X헤시키리 하세베,,,일러스트,lady_may_ladys,https://dongne.co/events/df2607/circles/166825,제34회 디. 페스타(토),Day1
Sidework,"도담 ,초코보, 노루궁뎅이",P-10,P,10,,2sp,괴담에 떨어져도 출근을 해야 하는구나,,,,,"로맨틱,섹슈얼,해당없음",,,"Dodaam_, Scottish_Fold12, noru_axxpolice",https://dongne.co/events/df2607/circles/167762,제34회 디. 페스타(토),Day1
SNBR,시나브로,S-19a,S,19,a,1sp,마법사의약속,월야환담,,,,,,,,https://dongne.co/events/df2607/circles/166815,제34회 디. 페스타(토),Day1
space cowboy,,D-14a,D,14,a,1sp,트라이건,,,"리비오,라즐로",리비오X라즐로,해당없음,,"만화,기타",,https://dongne.co/events/df2607/circles/167868,제34회 디. 페스타(토),Day1
Sugarbox,각설,C-15a,C,15,a,1sp,히프노시스마이크,,히프노시스 마이크 쁘띠존,야마다 이치로,야마다 이치로X아오히츠기 사마토키,섹슈얼,,만화,Mcmtcmc,https://dongne.co/events/df2607/circles/167251,제34회 디. 페스타(토),Day1
sweet doing nothing,HD,K-05,K,05,,2sp,귀멸의 칼날,"슬램덩크,주술회전",,"토미오카 기유,카마도 탄지로",토미오카 기유X카마도 탄지로,"로맨틱,로맨틱",대만태섭,"만화,소설",,https://dongne.co/events/df2607/circles/166657,제34회 디. 페스타(토),Day1
TTT,TOR,S-20,S,20,,2sp,,,,,,,,"만화,기타",softyor_tor,https://dongne.co/events/df2607/circles/166664,제34회 디. 페스타(토),Day1
Two rabbits&자몽공방,Rabbits,G-18,G,18,,2sp,,,,,,,,공예,,https://dongne.co/events/df2607/circles/168248,제34회 디. 페스타(토),Day1
잡탕찌개 ver2.,이샤,T-24,T,24,,2sp,"룬의아이들,내가 키운 S급들,파이널 판타지 7","카드캡터 사쿠라,이누야샤,센과치히로의 행방불명",,"보리스 진네만,유에,셋쇼마루,제로스,하쿠,성현제,피스,한유진,세피로스,클라우드",,,,"만화,일러스트",MandHeesha,https://dongne.co/events/df2607/circles/168210,제34회 디. 페스타(토),Day1
사기업을 믿기 vs 공공기관을 믿기,해백,O-17,O,17,,2sp,괴담에 떨어져도 출근을 해야 하는구나,,,<괴담에 떨어져도 출근을 해야 하는구나> 작 중 캐릭터,류재관X김솔음,"로맨틱,로맨틱",,"만화,일러스트",hundredsof_,https://dongne.co/events/df2607/circles/168980,제34회 디. 페스타(토),Day1
무스메vs머스마 3,ㅁㅁ,E-21a,E,21,a,1sp,앙상블 스타즈,우마무스메,,,,,,만화,,https://dongne.co/events/df2607/circles/168289,제34회 디. 페스타(토),Day1
VWxyz,북,D-14b,D,14,b,1sp,트라이건,,,,밧슈X울프우드,,,,,https://dongne.co/events/df2607/circles/167870,제34회 디. 페스타(토),Day1
warm&happy,므옹,H-22,H,22,,2sp,,아이돌리쉬 세븐,,,,,,,mong6681,https://dongne.co/events/df2607/circles/166904,제34회 디. 페스타(토),Day1
"When nothing goes right, go left",冬松,K-20a,K,20,a,1sp,원피스,,,롤로노아 조로,롤로노아 조로X몽키 D. 루피,로맨틱,,만화,dongsong_1111,https://dongne.co/events/df2607/circles/167891,제34회 디. 페스타(토),Day1
수달의작업실x폼폼파레,꽁,G-21,G,21,,2sp,,,,,,,,,,https://dongne.co/events/df2607/circles/168234,제34회 디. 페스타(토),Day1
좋아하는 애한테 송X이로보 줘야지,"띠띠, 적장",A-06,A,06,,2sp,프로젝트 세카이,,루이츠카 쁘띠존【 달을 향해 별을 쏘아라 】,"카미시로 루이,텐마 츠카사",카미시로 루이X텐마 츠카사,로맨틱,,만화,"TTeeX2_prsk, JJ_goodjob",https://dongne.co/events/df2607/circles/168730,제34회 디. 페스타(토),Day1
강창호X김기려,피리아,V-17b,V,17,b,1sp,이세계 착각 헌터,,,"강창호,김기려",강창호X김기려,로맨틱,,,my_moist_alien,https://dongne.co/events/df2607/circles/167187,제34회 디. 페스타(토),Day1
xoxo_xoxo,구남,Z-25,Z,25,,2sp,은혼,"괴수8호,헌터헌터,사카모토데이즈",,,,,,일러스트,qnamxoxo,https://dongne.co/events/df2607/circles/166632,제34회 디. 페스타(토),Day1
신주쿠xx사건,두술,L-03a,L,03,a,1sp,주술회전,,,고죠 사토루 게토 스구루,고죠 사토루X게토 스구루,로맨틱,,,,https://dongne.co/events/df2607/circles/167069,제34회 디. 페스타(토),Day1
푸른봄XXL세트,"뭔버거, 뭔튀김",L-11,L,11,,2sp,주술회전,,,"고죠 사토루,게토 스구루",고죠 사토루X게토 스구루,로맨틱,,"만화,일러스트","3vnqha, What_Fried",https://dongne.co/events/df2607/circles/167963,제34회 디. 페스타(토),Day1
yaoi vs yuri,"N, nyab",U-04,U,04,,2sp,"마왕의 고백,헌드레드 라인 -최종방위학원-",,,"스미노 타쿠미,스미노G",라피스X카라,로맨틱,스미노 타쿠미×스미노G,"만화,일러스트",,https://dongne.co/events/df2607/circles/168437,제34회 디. 페스타(토),Day1
울트라맨엑스 youtube에서 공식무료공개중,사성구,W-05b,W,05,b,1sp,울트라맨 엑스,특촬,,,,,,,4sung9,https://dongne.co/events/df2607/circles/167302,제34회 디. 페스타(토),Day1
俺は Gangster お前は HYPSTER,流輝 叶,B-17b,B,17,b,1sp,히프노시스 마이크,,히프노시스 마이크 쁘띠존,"아오히츠기 사마토키,누루데 사사라",,해당없음,,기타,SEKAI_PO,https://dongne.co/events/df2607/circles/168981,제34회 디. 페스타(토),Day1
☆彡,유히,A-09,A,09,,2sp,프로젝트 세카이 컬러풀 스테이지! feat.하츠네 미쿠,,,"텐마 츠카사,시노노메 아키토,아키야마 미즈키",,,,일러스트,,https://dongne.co/events/df2607/circles/167488,제34회 디. 페스타(토),Day1
최륮 앤솔로지 【 無名戀人 무명연인 】,무명연인,R-14,R,14,,2sp,괴담출근,,,,최요원X류재관,로맨틱,,"소설,만화",ChoiRyu_anthol,https://dongne.co/events/df2607/circles/167048,제34회 디. 페스타(토),Day1
無明,겨울,L-24,L,24,,2sp,주술회전,,,,,"로맨틱,섹슈얼",,소설,wintersea1029,https://dongne.co/events/df2607/circles/167538,제34회 디. 페스타(토),Day1
사장님이 美쳤어요,해모,F-20,F,20,,2sp,해즈빈호텔,헬루바보스,✦ 웰컴 투 헬 ✦ - 헬라버스 쁘띠존,"복스,알래스터",복스X알래스터,해당없음,,"만화,일러스트",hazmo777,https://dongne.co/events/df2607/circles/169149,제34회 디. 페스타(토),Day1
 첫사랑강탈범심판위원회,"피롯이, 장맨",D-14,D,14,,2sp,슬램덩크,,태섭대만 쁘띠존 : LOVE SIGNAL 714%,"송태섭,정대만",송태섭X정대만,"해당없음,섹슈얼,로맨틱",,소설,plote96_,https://dongne.co/events/sports11/circles/169917,제11회 대운동회,Day2
.,마요,A-21a,A,21,a,1sp,슬램덩크,,우성명헌 쁘띠존 | 우연일까? 운명이야!,,,,,,ppyongmh,https://dongne.co/events/sports11/circles/169960,제11회 대운동회,Day2
.,.,L-19,L,19,,2sp,,,,,,,,"만화,소설",,https://dongne.co/events/sports11/circles/169930,제11회 대운동회,Day2
.,룡,K-13b,K,13,b,1sp,미정,,,미정,,,,,,https://dongne.co/events/sports11/circles/169976,제11회 대운동회,Day2
'진'심 '주'접러 부스,진주,I-17,I,17,,2sp,하이큐,,다이스가 쁘띠존: 마을을 지키는 공무원 부부,"사와무라 다이치,스가와라 코시",,"로맨틱,섹슈얼",,소설,in_clam,https://dongne.co/events/sports11/circles/169811,제11회 대운동회,Day2
ㅇ,맴매,E-01b,E,01,b,1sp,이나즈마일레븐,,,,키야마 히로토X미도리카와 류지,해당없음,,일러스트,,https://dongne.co/events/sports11/circles/169943,제11회 대운동회,Day2
자~ 다 축구하자,.,E-24b,E,24,b,1sp,"이나즈마 일레븐,이나즈마일레븐,이나이레",,,,엔도 마모루X카제마루 이치로타,"로맨틱,해당없음",,만화,,https://dongne.co/events/sports11/circles/173909,제11회 대운동회,Day2
싸 카 를 공 평 하 게 분 배 하 자,"개리날다, 적날",E-22a,E,22,a,1sp,이나즈마일레븐,,,"츠루기쿄스케,후부키시로",,,,"일러스트,만화",dogreefly22,https://dongne.co/events/sports11/circles/170149,제11회 대운동회,Day2
얘 여름 호백이 참 맛있단다,퓨미,B-18,B,18,,2sp,슬램덩크,,호열백호 ∞ 여름! 양키! : 熱戰,양호열 강백호,양호열X강백호,로맨틱,,소설,10_100_yamyam,https://dongne.co/events/sports11/circles/170006,제11회 대운동회,Day2
그 영원의 타이브레이크 어쩌고,톳,L-09a,L,09,a,1sp,테니스의 왕자,,테니스의 왕자 쁘띠존 ~우리 테니프리 정상영업 합니다~,"아토베케이고,데즈카쿠니미츠",아토베케이고X데즈카쿠니미츠,"로맨틱,섹슈얼,로맨틱,섹슈얼",,만화,,https://dongne.co/events/sports11/circles/169856,제11회 대운동회,Day2
ㄴㄷ,ㄴㄷ,"E-08, E-09",E,08,,4sp,아이실드21,,폐품 쿼터백 리사이클shop,하루마요이치,,"로맨틱,섹슈얼",,,,https://dongne.co/events/sports11/circles/169689,제11회 대운동회,Day2
ㅎㅂ,잡떡,A-11,A,11,,2sp,슬램덩크,가비지타임,호열백호 ∞ 여름! 양키! : 熱戰,,,,,,,https://dongne.co/events/sports11/circles/169880,제11회 대운동회,Day2
꼬옥,꼬옥,B-14,B,14,,2sp,슬램덩크,,,정대만,,로맨틱,호열백호,"만화,일러스트",kkoog_TT,https://dongne.co/events/sports11/circles/169539,제11회 대운동회,Day2
또또,Dou,F-09b,F,09,b,1sp,,,,"슬램덩크,대만",,,,,handai05,https://dongne.co/events/sports11/circles/169914,제11회 대운동회,Day2
빡구,빡뿅,A-24a,A,24,a,1sp,슬램덩크,,우성명헌 쁘띠존 | 우연일까? 운명이야!,우성명헌,정우성X이명헌,로맨틱,,,gonggusa,https://dongne.co/events/sports11/circles/173525,제11회 대운동회,Day2
앗갱,"아우, 누갱",C-03,C,03,,2sp,슬램덩크,,,"정대만,송태섭",정대만X송태섭,,,"만화,소설,일러스트","awoo_sd, Jung14xSong7",https://dongne.co/events/sports11/circles/169987,제11회 대운동회,Day2
에츄,878,B-12b,B,12,b,1sp,슬램덩크,,호열백호 ∞ 여름! 양키! : 熱戰,호열백호,양호열X강백호,"섹슈얼,로맨틱",,소설,selling878,https://dongne.co/events/sports11/circles/170056,제11회 대운동회,Day2
임시,mos,F-08b,F,08,b,1sp,블루록,,,"이사기 요이치,미하엘 카이저",,"로맨틱,섹슈얼",,만화,mcrcmos,https://dongne.co/events/sports11/circles/169672,제11회 대운동회,Day2
진티,kje1213114,B-17,B,17,,2sp,,,,,,,,,,https://dongne.co/events/sports11/circles/169764,제11회 대운동회,Day2
페어,Ho,B-15a,B,15,a,1sp,슬램덩크,,,,정대만,,,,,https://dongne.co/events/sports11/circles/169643,제11회 대운동회,Day2
있는 거 빼고 다 없는 호백종합선물세트,"강태공, 박끼덩, 란",A-16,A,16,,2sp,슬램덩크,,호열백호 ∞ 여름! 양키! : 熱戰,"양호열,강백호",양호열X강백호,로맨틱,,"일러스트,소설",,https://dongne.co/events/sports11/circles/169803,제11회 대운동회,Day2
벚꽃 맛 박치기,"게롱, 피마, 멋파",A-09,A,09,,2sp,슬램덩크,,호열백호 ∞ 여름! 양키! : 熱戰,,,,,,hipi_bb,https://dongne.co/events/sports11/circles/169668,제11회 대운동회,Day2
일단 땀 흘리고 보죠...,몰라요,K-18b,K,18,b,1sp,프로야구 생존기,"100미터.(ひゃくえむ。),다이아몬드 에이스",,,,해당없음,,만화,17171771_u,https://dongne.co/events/sports11/circles/169630,제11회 대운동회,Day2
농놀 타임,집4,L-24a,L,24,a,1sp,가비지타임,18TRIP,,"최종수,기상호",최종수X기상호,로맨틱,,소설,HouseX4_,https://dongne.co/events/sports11/circles/173975,제11회 대운동회,Day2
온리 대태,금사빠,C-02b,C,02,b,1sp,슬램덩크,,,,,"로맨틱,섹슈얼",,소설,,https://dongne.co/events/sports11/circles/169596,제11회 대운동회,Day2
펭귄 스톰,꾹꾹이,E-06,E,06,,2sp,이나즈마 일레븐,,,"엔도 마모루,고엔지 슈야,키도 유우토",키도 유우토X고엔지 슈야,"로맨틱,로맨틱",,"만화,일러스트",ggugguming7,https://dongne.co/events/sports11/circles/169617,제11회 대운동회,Day2
깜고 복지 및 행복권 보장 범국민 운동본부,"ビ, 크나",H-18a,H,18,a,1sp,100미터,,,"카바키,토가시",카바키X토가시,,,,biBIBeeB,https://dongne.co/events/sports11/circles/169872,제11회 대운동회,Day2
돈이 되는 나무,3286,K-11b,K,11,b,1sp,다이아몬드에이스,,,,,,,,siyum_,https://dongne.co/events/sports11/circles/169905,제11회 대운동회,Day2
한일 농구 연합,오이리,C-20a,C,20,a,1sp,슬램덩크,가비지타임,,"정대만,송태섭,정우성,이명헌,기상호,최종수,박병찬,성준수,전영중",,"로맨틱,섹슈얼","우성명헌, 우성태섭, 명헌태섭, 종수상호, 상호병찬, 영중준수","만화,일러스트,소설",Oiri_0706,https://dongne.co/events/sports11/circles/169584,제11회 대운동회,Day2
여름 맞이 제철 우명,고조,B-03a,B,03,a,1sp,슬램덩크,,우성명헌 쁘띠존 | 우연일까? 운명이야!,"정우성,이명헌",정우성X이명헌,로맨틱,,,HI_t1de,https://dongne.co/events/sports11/circles/170039,제11회 대운동회,Day2
그래 일단 태대를 하자,"혼놀, 아망, 도톨",C-10,C,10,,2sp,슬램덩크,,태섭대만 쁘띠존 : LOVE SIGNAL 714%,송태섭 정대만,,로맨틱,,만화,honjanol,https://dongne.co/events/sports11/circles/169708,제11회 대운동회,Day2
누가 계속 농구하래?,선빵,M-24a,M,24,a,1sp,가비지타임,"디그잇,하이큐,하이큐!!",,전영중성준수,전영중X성준수,로맨틱,,"일러스트,만화",sibaru_0506,https://dongne.co/events/sports11/circles/173235,제11회 대운동회,Day2
폐하 저희 달리개들이 참 예쁘죠,ㅅㄴ,I-07b,I,07,b,1sp,"100M.,100미터.",,,,,,,만화,,https://dongne.co/events/sports11/circles/174913,제11회 대운동회,Day2
제가 뭔갈 보여드리겠습니다,이부,L-04,L,04,,2sp,가비지타임,,,<가비지타임>작 중 캐릭터,,,,,_2BOOOO_,https://dongne.co/events/sports11/circles/170046,제11회 대운동회,Day2
그깟 공놀이,맛소굼,K-07a,K,07,a,1sp,"프로야구생존기(프야생),위닝샷,슬램덩크",가비지타임,,"노영웅,안준민,오환,은건율",,로맨틱,환건율 수겸정환,소설,_pepper_powder,https://dongne.co/events/sports11/circles/169857,제11회 대운동회,Day2
물을 마시자,모래두더지,B-09b,B,09,b,1sp,슬램덩크,100m,호열백호 ∞ 여름! 양키! : 熱戰,,,해당없음,,,molaedu02,https://dongne.co/events/sports11/circles/169995,제11회 대운동회,Day2
우명 피까소,까소,B-03b,B,03,b,1sp,슬램덩크,,우성명헌 쁘띠존 | 우연일까? 운명이야!,"정우성,이명헌",정우성X이명헌,로맨틱,,,gga_soo,https://dongne.co/events/sports11/circles/170103,제11회 대운동회,Day2
일단 복식은 했다,"강농, 후슈",K-16,K,16,,2sp,테니스의 왕자,,테니스의 왕자 쁘띠존 ~우리 테니프리 정상영업 합니다~,"에치젠 료마,모모시로 타케시,자이젠 히카루,치토세 센리",에치젠 료마X모모시로 타케시,"로맨틱,섹슈얼","자이치토, 단아쿠","만화,일러스트,소설","ryoma_left, Hushew_PoT",https://dongne.co/events/sports11/circles/169848,제11회 대운동회,Day2
왕도 야구가 추구미,계란묵사발,K-09b,K,09,b,1sp,다이아몬드에이스,하이큐,,"사와무라 에이쥰,코즈메켄마",,,,만화,59room_,https://dongne.co/events/sports11/circles/169813,제11회 대운동회,Day2
아아 이것이 야구란 것이다,솔잎,K-10,K,10,,2sp,다이아몬드에이스,,,,,,,,,https://dongne.co/events/sports11/circles/169550,제11회 대운동회,Day2
너는 여전히 오타쿠야?,난영 눙누,A-14b,A,14,b,1sp,슬램덩크,,호열백호 ∞ 여름! 양키! : 熱戰,,,,,,,https://dongne.co/events/sports11/circles/169738,제11회 대운동회,Day2
에고 천악전...을! 곁들인,"꺔,케베",F-04,F,04,,2sp,블루록,,,"이사기,린,나기,레오,사에,카이저",,,,"일러스트,기타","kkokka0401, ke_bebe_",https://dongne.co/events/sports11/circles/169833,제11회 대운동회,Day2
명태 하실래요,덩,C-21a,C,21,a,1sp,슬램덩크,,,"이명헌,송태섭",이명헌X송태섭,로맨틱,,"만화,기타",dunk_desu47,https://dongne.co/events/sports11/circles/173514,제11회 대운동회,Day2
탱댐 한상차림,비빔밥,B-15b,B,15,b,1sp,슬램덩크,,,"서태웅,정대만",서태웅X정대만,로맨틱,,만화,mikkssbowl,https://dongne.co/events/sports11/circles/175212,제11회 대운동회,Day2
서머 페스티벌 뿅,Silver,B-05b,B,05,b,1sp,"SLAM DUNK(슬램덩크),THE FIRST SLAM DUNK",,우성명헌 쁘띠존 | 우연일까? 운명이야!,"정우성,우성명헌,이명헌",정우성X이명헌,로맨틱,,소설,Silver_hoshi94,https://dongne.co/events/sports11/circles/173519,제11회 대운동회,Day2
녹은 에이스를 주워 담는 비법,"뺀찌, hari ini",B-04,B,04,,2sp,슬램덩크,,우성명헌 쁘띠존 | 우연일까? 운명이야!,"정우성,이명헌",정우성X이명헌,,,"만화,일러스트","pppjjj000jjjppp, evaheaven",https://dongne.co/events/sports11/circles/170027,제11회 대운동회,Day2
다들 죽을때까지 농놀하자,농놀러버,C-19,C,19,,2sp,슬램덩크,,,,,,,,shdshfzmdh,https://dongne.co/events/sports11/circles/169732,제11회 대운동회,Day2
손님? 주문 안 하신 태대 나왔습니다,호게,C-07a,C,07,a,1sp,슬램덩크,,태섭대만 쁘띠존 : LOVE SIGNAL 714%,정대만,,로맨틱,,,hoge23_,https://dongne.co/events/sports11/circles/169695,제11회 대운동회,Day2
우명?! 허겁지겁,무료,B-02a,B,02,a,1sp,슬램덩크,,우성명헌 쁘띠존 | 우연일까? 운명이야!,"정우성,이명헌",정우성X이명헌,"로맨틱,섹슈얼",,만화,muryoogon,https://dongne.co/events/sports11/circles/170028,제11회 대운동회,Day2
봤어?요다츠카 해봐,가현,G-14a,G,14,a,1sp,메달리스트,,메달리스트 쁘띠존: 딸기케이크붕어빵 트럭,"요다카쥰 ,아케우라지 츠카사",요다카 쥰X아케우라지 츠카사,"로맨틱,섹슈얼,로맨틱,섹슈얼",,만화,juegettanim,https://dongne.co/events/sports11/circles/170097,제11회 대운동회,Day2
가능.,싹,H-16,H,16,,2sp,100m(백미터),,,,카바키X토가시,,,,,https://dongne.co/events/sports11/circles/173529,제11회 대운동회,Day2
절대. 기백으로. 승부,기백,C-07b,C,07,b,1sp,슬램덩크,,태섭대만 쁘띠존 : LOVE SIGNAL 714%,슬램덩크,송태섭X정대만,로맨틱,,소설,vRLQORv,https://dongne.co/events/sports11/circles/169957,제11회 대운동회,Day2
북산..조아하세요?,도피자,B-19a,B,19,a,1sp,슬램덩크,,,"강백호,서태웅,송태섭",,,,"일러스트,공예",dopizzaclub,https://dongne.co/events/sports11/circles/170052,제11회 대운동회,Day2
공놀이,공,A-07b,A,07,b,1sp,슬램덩크,,호열백호 ∞ 여름! 양키! : 熱戰,,양호열X강백호,,,만화,,https://dongne.co/events/sports11/circles/170048,제11회 대운동회,Day2
냉장고,PiCA,"J-08, J-09",J,08,,4sp,하이큐,,,,,,,,gmlwls2612,https://dongne.co/events/sports11/circles/169538,제11회 대운동회,Day2
냐냐냥,iru,K-11a,K,11,a,1sp,다이아몬드 에이스,,,,,,,,uxxuxxkl,https://dongne.co/events/sports11/circles/170211,제11회 대운동회,Day2
사밀육,콜,L-05a,L,05,a,1sp,가비지타임,,,"성준수,기상호",,,,만화,jamcola33,https://dongne.co/events/sports11/circles/170205,제11회 대운동회,Day2
축놀팟,"귀뚤, 샨, 삭발, 왕자",E-21,E,21,,2sp,이나즈마일레븐,,,눈보라,,,,,,https://dongne.co/events/sports11/circles/170099,제11회 대운동회,Day2
티포투,이트,C-01,C,01,,2sp,슬램덩크,,,"강백호,양호열",강백호X양호열,로맨틱,,"만화,일러스트,기타",iiiiiite1,https://dongne.co/events/sports11/circles/170023,제11회 대운동회,Day2
풋사과,댑싸리,F-09a,F,09,a,1sp,블루록,다이아몬드의공죄,,,,,,만화,,https://dongne.co/events/sports11/circles/169496,제11회 대운동회,Day2
하무상,yyang,E-03b,E,03,b,1sp,(이나즈마)썬더일레븐,,,,,,,,yyang,https://dongne.co/events/sports11/circles/173633,제11회 대운동회,Day2
형제짱,낭비,F-18a,F,18,a,1sp,블루록,,,,,"로맨틱,섹슈얼,로맨틱",,,nangbi77,https://dongne.co/events/sports11/circles/170029,제11회 대운동회,Day2
흑사회,구화,A-13,A,13,,2sp,슬램덩크,,호열백호 ∞ 여름! 양키! : 熱戰,"양호열,강백호",양호열X강백호,"로맨틱,섹슈얼",,"만화,일러스트",guhwa0215,https://dongne.co/events/sports11/circles/170018,제11회 대운동회,Day2
카무개 ,"아무개, Ka. ",A-03b,A,03,b,1sp,슬램덩크,,우성명헌 쁘띠존 | 우연일까? 운명이야!,,정우성X이명헌,,,"만화,소설",karitz35,https://dongne.co/events/sports11/circles/174702,제11회 대운동회,Day2
달리는 게 좋다면 일단 달리는 거야!,전동,H-09a,H,09,a,1sp,100m(햐쿠엠),,,"토가시,코미야",코미야X토가시,로맨틱,,"만화,일러스트,기타","nioc0_, bsky:nioc0",https://dongne.co/events/sports11/circles/169731,제11회 대운동회,Day2
지상고 앞 짜글이가게,뽀글,M-02a,M,02,a,1sp,가비지타임,,,조형석 이현성,조형석X이현성,,,,gabtapigboss,https://dongne.co/events/sports11/circles/169911,제11회 대운동회,Day2
넘치는 사랑,사랑해 ,J-13b,J,13,b,1sp,"하이큐,슬램덩크",,,,쿠로오 테츠로X코즈메 켄마,"섹슈얼,로맨틱",성현준X김수겸,소설,lovelovepowerS2,https://dongne.co/events/sports11/circles/170198,제11회 대운동회,Day2
다람쥐 공방,원,B-21,B,21,,2sp,슬램덩크,,,송태섭,,로맨틱,우성태섭,소설,won_the_4,https://dongne.co/events/sports11/circles/169935,제11회 대운동회,Day2
풀때기 쉼터,겨우살이풀,D-21b,D,21,b,1sp,슬램덩크,,센루 쁘띠존 711의 여름,센루,윤대협X서태웅,해당없음,,소설,ydhxstw_only,https://dongne.co/events/sports11/circles/169533,제11회 대운동회,Day2
피겨를 하자 ,헤마,G-14b,G,14,b,1sp,메달리스트,,메달리스트 쁘띠존: 딸기케이크붕어빵 트럭,"요다카 쥰,아케우라지 츠카사",요다카 쥰X아케우라지 츠카사,로맨틱,,소설,9HnM0,https://dongne.co/events/sports11/circles/170187,제11회 대운동회,Day2
안되면 되게 하라,클레어,D-22b,D,22,b,1sp,슬램덩크,,센루 쁘띠존 711의 여름,센루,,,,소설,Kaede___RE,https://dongne.co/events/sports11/circles/169951,제11회 대운동회,Day2
테니스 복식 치료 캠프,LBB,L-16b,L,16,b,1sp,테니스의 왕자,,테니스의 왕자 쁘띠존 ~우리 테니프리 정상영업 합니다~,"G10,릿카이",오치 츠키미츠X모리 쥬사부로,로맨틱,키미지마 이쿠토 × 토노 아츠쿄,만화,4donnammar,https://dongne.co/events/sports11/circles/169660,제11회 대운동회,Day2
부스를 내지 않으면 우리는 함께 굶어죽습니다,총장,D-15,D,15,,2sp,슬램덩크,,,"박철,김용,안한수,정대만",박철(테츠오)X김용(류),"로맨틱,섹슈얼",안한수(안자이 미쓰요시)x정대만(미쓰이 히사시),"만화,소설",bubujollajoa_19,https://dongne.co/events/sports11/circles/169790,제11회 대운동회,Day2
부부가 산에 올라가면 쁏,"주량, 참덩이",I-08b,I,08,b,1sp,겁쟁이페달,,겁쟁이 페달 완결 안 났어요?,"토도 진파치,마키시마 유스케",토도 진파치X마키시마 유스케,로맨틱,마나오노,"만화,일러스트",alcoholJJR,https://dongne.co/events/sports11/circles/169788,제11회 대운동회,Day2
미허가 링크장,이사레,G-13a,G,13,a,1sp,메달리스트,파이널판타지14,메달리스트 쁘띠존: 딸기케이크붕어빵 트럭,"요다카 쥰,아케우라지 츠카사,카미사키 히카루,유이츠카 이노리,딥블루,레드핫",딥블루X레드핫,"섹슈얼,로맨틱,로맨틱","히카이노, 요다츠카","만화,일러스트",isare130,https://dongne.co/events/sports11/circles/170136,제11회 대운동회,Day2
사랑을 튀겨요,초록,I-15,I,15,,2sp,하이큐,,다이스가 쁘띠존: 마을을 지키는 공무원 부부,"사와무라 다이치,스가와라 코시",사와무라 다이치X스가와라 코시,"로맨틱,섹슈얼",,"소설,기타",green_dsq,https://dongne.co/events/sports11/circles/169810,제11회 대운동회,Day2
심해어 락밴드,심해어,J-14b,J,14,b,1sp,하이큐,,,"츠키시마 케이,쿠로오 테츠로",쿠로오 테츠로X츠키시마 케이,,,,deepdownsee_ome,https://dongne.co/events/sports11/circles/174582,제11회 대운동회,Day2
어쩌고 잡화점,담요,L-01,L,01,,2sp,가비지타임,"슬램덩크,하이큐-!!,히카루의 바둑",,,,,,일러스트,Damyo_812,https://dongne.co/events/sports11/circles/169733,제11회 대운동회,Day2
이토시 모음집,펑펑,F-13a,F,13,a,1sp,블루록,,사에린 쁘띠존 2 - SEReNdipity,"이토시 사에,이토시 린",,해당없음,,일러스트,PuNgx2E,https://dongne.co/events/sports11/circles/175193,제11회 대운동회,Day2
이파리 파라요,군,J-16b,J,16,b,1sp,하이큐,,,,,,,,9damuun,https://dongne.co/events/sports11/circles/174278,제11회 대운동회,Day2
지상고 향우회,서누,L-03,L,03,,2sp,가비지타임,,,기상호,성준수X기상호,,,기타,sunus_c,https://dongne.co/events/sports11/circles/169965,제11회 대운동회,Day2
청바지 제작소,데,D-09b,D,09,b,1sp,슬램덩크,,태섭대만 쁘띠존 : LOVE SIGNAL 714%,"송태섭,정대만",,로맨틱,,"만화,일러스트,소설",dedendededelete,https://dongne.co/events/sports11/circles/169559,제11회 대운동회,Day2
영원히 태대를 해,tama,D-09a,D,09,a,1sp,슬램덩크,,태섭대만 쁘띠존 : LOVE SIGNAL 714%,"송태섭,정대만",송태섭X정대만,"로맨틱,섹슈얼",,"소설,만화",tama14run,https://dongne.co/events/sports11/circles/169640,제11회 대운동회,Day2
농놀은 끝나지 않아,아소,B-09a,B,09,a,1sp,슬램덩크,,호열백호 ∞ 여름! 양키! : 熱戰,"양호열,강백호",,로맨틱,,소설,,https://dongne.co/events/sports11/circles/169641,제11회 대운동회,Day2
보게가 끌리는 이유,도라,K-09a,K,09,a,1sp,하이큐,,,"카게야마 토비오,히나타 쇼요",카게야마 토비오X히나타 쇼요,"섹슈얼,로맨틱",,소설,dr__HQ,https://dongne.co/events/sports11/circles/169747,제11회 대운동회,Day2
악마도 천사도 내게 복종해라,파란,L-15b,L,15,b,1sp,테니스의 왕자,,테니스의 왕자 쁘띠존 ~우리 테니프리 정상영업 합니다~,릿카이대학부속중학교,키리하라 아카야X야나기 렌지,로맨틱,,기타,paranagain,https://dongne.co/events/sports11/circles/175042,제11회 대운동회,Day2
축구로 하트를 뿌쎠!,구구,F-21a,F,21,a,1sp,블루록,,,미하엘 카이저,,로맨틱,,만화,mngmy_9b1,https://dongne.co/events/sports11/circles/170148,제11회 대운동회,Day2
미녀는 적류를 좋아해,남타,L-16a,L,16,a,1sp,테니스의 왕자,,테니스의 왕자 쁘띠존 ~우리 테니프리 정상영업 합니다~,,키리하라 아카야X야나기 렌지,"로맨틱,섹슈얼,로맨틱",,,NAMTA_land,https://dongne.co/events/sports11/circles/170007,제11회 대운동회,Day2
바다는 벚꽃을 꿈꾼다,"해우, 웽",B-07b,B,07,b,1sp,슬램덩크,,호열백호 ∞ 여름! 양키! : 熱戰,"양호열,강백호",양호열X강백호,해당없음,,"소설,기타",haewoo_hb,https://dongne.co/events/sports11/circles/169916,제11회 대운동회,Day2
신사는 단발을 좋아해,미지,L-13,L,13,,2sp,테니스의 왕자,,테니스의 왕자 쁘띠존 ~우리 테니프리 정상영업 합니다~,"오시타리 유시,무카히 가쿠토,데즈카 쿠니미츠,후지 슈스케",,"로맨틱,섹슈얼",즈카후지,"소설,만화",F1GW4SP,https://dongne.co/events/sports11/circles/169845,제11회 대운동회,Day2
블루록 없이는 살아갈 수 없는 바보같은 녀석들,라커,F-05a,F,05,a,1sp,블루록,,,,,로맨틱,,만화,,https://dongne.co/events/sports11/circles/169562,제11회 대운동회,Day2
영중아 준수가 그렇게 좋아?,"한결, 고요",M-22,M,22,,2sp,가비지타임,,,"전영중,성준수",전영중X성준수,"로맨틱,섹슈얼",,"만화,소설","0431_moomoo, jyjxsjs_S2",https://dongne.co/events/sports11/circles/169749,제11회 대운동회,Day2
여름은 청춘과 닮아있다,"뮹,22,산뾰",A-06,A,06,,2sp,슬램덩크,,우성명헌 쁘띠존 | 우연일까? 운명이야!,이명헌. 정우성,정우성X이명헌,해당없음,,"공예,기타,소설,게임",kimnarbi,https://dongne.co/events/sports11/circles/169853,제11회 대운동회,Day2
우째도 여름에 야구하네,익명,K-07b,K,07,b,1sp,"GM,클로저이상용,프로야구생존기,GM시리즈,GM시리즈(최훈)",,,,,로맨틱,,,,https://dongne.co/events/sports11/circles/173173,제11회 대운동회,Day2
악마는 신에게 의존하지 않는다,입부지원서 ,"E-12, E-13",E,12,,4sp,아이실드21,,폐품 쿼터백 리사이클shop,히루마 요이치,,,,,otakudesu_0,https://dongne.co/events/sports11/circles/169636,제11회 대운동회,Day2
달팽이 달립니다,팽달,H-07b,H,07,b,1sp,"100미터.,100미터.(ひゃくえむ。)",,,"코미야,토가시",,로맨틱,,"소설,기타",2ca_saeu,https://dongne.co/events/sports11/circles/175183,제11회 대운동회,Day2
만두와 초코라떼,반달비,M-23b,M,23,b,1sp,가비지타임,하이큐,,,전영중X성준수,로맨틱,"빵준, 아츠키타","소설,만화",bandalbi_431,https://dongne.co/events/sports11/circles/169887,제11회 대운동회,Day2
영원히 농놀하자,숑,M-20a,M,20,a,1sp,가비지타임,,,"전영중,성준수",전영중X성준수,,,"만화,일러스트",syong636,https://dongne.co/events/sports11/circles/170111,제11회 대운동회,Day2
오하요 카바키군,무무,H-14b,H,14,b,1sp,100미터,블루록,,"토가시,카바키",카바키X토가시,"로맨틱,로맨틱","히소카x마치, 나기x레오","일러스트,만화",TANG180513,https://dongne.co/events/sports11/circles/170208,제11회 대운동회,Day2
축구도 살인이다,밐미,F-20,F,20,,2sp,블루록,,,이사기 요이치,미하엘 카이저X이사기 요이치,해당없음,,,alzalz025,https://dongne.co/events/sports11/circles/169730,제11회 대운동회,Day2
지로가 혈스오는 날,뿅,L-07b,L,07,b,1sp,테니스의 왕자,테니스의 왕자 뮤지컬,테니스의 왕자 쁘띠존 ~우리 테니프리 정상영업 합니다~,아쿠타가와 지로,마루이 분타X아쿠타가와 지로,해당없음,아토베 케이고× 아쿠타가와 지로,"만화,일러스트",40wls,https://dongne.co/events/sports11/circles/169769,제11회 대운동회,Day2
우명에 저당잡힌 인생,유냉,A-19a,A,19,a,1sp,슬램덩크,,우성명헌 쁘띠존 | 우연일까? 운명이야!,이명헌,정우성X이명헌,,,소설,SextaXQuince,https://dongne.co/events/sports11/circles/169903,제11회 대운동회,Day2
왼오는 다르지만 친구입니다,"맨땅개척자, 타망",G-16,G,16,,2sp,메달리스트,,메달리스트 쁘띠존: 딸기케이크붕어빵 트럭,,요다카 쥰X아케우라지 츠카사,로맨틱,"쥰츠카, 츠카쥰",소설,,https://dongne.co/events/sports11/circles/169714,제11회 대운동회,Day2
미야기 공무원부부,시노,I-16a,I,16,a,1sp,하이큐,,다이스가 쁘띠존: 마을을 지키는 공무원 부부,"사와무라 다이치,스가와라 코시",사와무라 다이치X스가와라 코시,"로맨틱,섹슈얼",,소설,shino_HQ,https://dongne.co/events/sports11/circles/169553,제11회 대운동회,Day2
사랑의 패자부활전,새인생,K-17,K,17,,2sp,가비지타임,,,"성준수,기상호",성준수X기상호,로맨틱,,소설,BLue_310631,https://dongne.co/events/sports11/circles/170008,제11회 대운동회,Day2
안녕히 호백하세요,"북직, 쉐프 ",B-13,B,13,,2sp,슬램덩크,,호열백호 ∞ 여름! 양키! : 熱戰,"양호열,강백호",양호열X강백호,로맨틱,,일러스트,sportsmanyesyes,https://dongne.co/events/sports11/circles/169847,제11회 대운동회,Day2
주문은 형제입니까?,뒤죽,F-15a,F,15,a,1sp,블루록,,사에린 쁘띠존 2 - SEReNdipity,"이토시 사에,이토시 린",이토시 사에X이토시 린,"해당없음,로맨틱,로맨틱",,,rnchinchung,https://dongne.co/events/sports11/circles/169693,제11회 대운동회,Day2
어둠의 녹색어머니회,미스틱,C-24a,C,24,a,1sp,슬램덩크,,,김수겸,성현준X김수겸,로맨틱,,,noye_mystic,https://dongne.co/events/sports11/circles/169866,제11회 대운동회,Day2
데이터...아니 데이트다!!,"돼지잉,도굴",L-11,L,11,,2sp,테니스의 왕자,,테니스의 왕자 쁘띠존 ~우리 테니프리 정상영업 합니다~,"이누이사다하루,카이도카오루",이누이사다하루X카이도카오루,"로맨틱,섹슈얼",,만화,"piggggy9, dogulbaka",https://dongne.co/events/sports11/circles/169881,제11회 대운동회,Day2
요게정(요즘게이정신나갔네),사마,F-08a,F,08,a,1sp,블루록,,,"이사기 요이치,이토시 린",이사기 요이치X이토시 린,로맨틱,,만화,samabltv,https://dongne.co/events/sports11/circles/170193,제11회 대운동회,Day2
관찰일기,"정원, 다시다디포리",C-17,C,17,,2sp,슬램덩크,다이아몬드 에이스,태섭대만 쁘띠존 : LOVE SIGNAL 714%,,송태섭X정대만,"로맨틱,섹슈얼",후루미유,"만화,일러스트,소설",Over_714,https://dongne.co/events/sports11/circles/169498,제11회 대운동회,Day2
내리사랑,기러김,A-21b,A,21,b,1sp,슬램덩크,,우성명헌 쁘띠존 | 우연일까? 운명이야!,,정우성X이명헌,"로맨틱,섹슈얼",,소설,gileogim,https://dongne.co/events/sports11/circles/173942,제11회 대운동회,Day2
농구놀이,월야,C-24b,C,24,b,1sp,슬램덩크,,,,,,,,,https://dongne.co/events/sports11/circles/169850,제11회 대운동회,Day2
돼지카페,딩이,K-18a,K,18,a,1sp,프로야구생존기,,,,,,,"만화,기타",ding2pu,https://dongne.co/events/sports11/circles/170042,제11회 대운동회,Day2
되면한다,무짝,F-01a,F,01,a,1sp,블루록,,,"나기 세이시로,미카게 레오",나기 세이시로X미카게 레오,로맨틱,,만화,zzaktv,https://dongne.co/events/sports11/circles/175241,제11회 대운동회,Day2
만쥬가게,만쥬,D-19,D,19,,2sp,슬램덩크,,센루 쁘띠존 711의 여름,"윤대협,서태웅",윤대협X서태웅,"로맨틱,섹슈얼",,"만화,일러스트",br_0522_,https://dongne.co/events/sports11/circles/169688,제11회 대운동회,Day2
바리공방,yuri1501,G-08b,G,08,b,1sp,,,,,,,,공예,varibari_,https://dongne.co/events/sports11/circles/169812,제11회 대운동회,Day2
빵준상회,올논,M-20b,M,20,b,1sp,가비지타임,,,"전영중,성준수",전영중X성준수,로맨틱,,"만화,소설",,https://dongne.co/events/sports11/circles/169913,제11회 대운동회,Day2
생일축하,징어,J-14a,J,14,a,1sp,"하이큐,메달리스트",가비지타임,,스가와라 코시,,,,"일러스트,만화",jingo1412_,https://dongne.co/events/sports11/circles/169863,제11회 대운동회,Day2
생존신고,"맘마, 춘식",B-16,B,16,,2sp,슬램덩크,,,"박철,정대만",박철X정대만,"로맨틱,섹슈얼","현철명헌, 호열백호","소설,일러스트","momumma_, dd_sj_",https://dongne.co/events/sports11/circles/169859,제11회 대운동회,Day2
설우톡명,"빡미, 프쵸",B-24,B,24,,2sp,슬램덩크,,우성명헌 쁘띠존 | 우연일까? 운명이야!,"정우성,이명헌",정우성X이명헌,로맨틱,,"만화,소설",bbakmakemecrazy,https://dongne.co/events/sports11/circles/170015,제11회 대운동회,Day2
섭섭하댐,"만월, 이은간, 덴탈, 시엘 ",D-07,D,07,,2sp,슬램덩크,,태섭대만 쁘띠존 : LOVE SIGNAL 714%,"송태섭,정대만",송태섭X정대만,,,"공예,만화,소설,기타",full_moon_714,https://dongne.co/events/sports11/circles/170096,제11회 대운동회,Day2
센루백반,우택,D-06,D,06,,2sp,슬램덩크,,센루 쁘띠존 711의 여름,"윤대협,서태웅",,로맨틱,,소설,wootaek00,https://dongne.co/events/sports11/circles/169568,제11회 대운동회,Day2
센루회관,차차웅,D-22a,D,22,a,1sp,슬램덩크,,센루 쁘띠존 711의 여름,윤대협 서태웅,,"섹슈얼,로맨틱",,소설,maplespirit30,https://dongne.co/events/sports11/circles/169763,제11회 대운동회,Day2
우명고치,델만,A-05a,A,05,a,1sp,슬램덩크,,우성명헌 쁘띠존 | 우연일까? 운명이야!,"정우성,이명헌",정우성X이명헌,"섹슈얼,로맨틱",,만화,ihlcty,https://dongne.co/events/sports11/circles/169963,제11회 대운동회,Day2
우명찌개,종팔,C-06,C,06,,2sp,슬램덩크,,우성명헌 쁘띠존 | 우연일까? 운명이야!,"정우성,이명헌",,"로맨틱,섹슈얼",,만화,whdvkf9x4,https://dongne.co/events/sports11/circles/170035,제11회 대운동회,Day2
인삼낙지,히유,F-22,F,22,,2sp,블루록,윈브레,,이사기,,로맨틱,이사른,일러스트,,https://dongne.co/events/sports11/circles/170013,제11회 대운동회,Day2
콩심콩난,청현,F-02,F,02,,2sp,블루록,,,이토시 린,이토시 사에X이토시 린,,,만화,sscnxw,https://dongne.co/events/sports11/circles/169910,제11회 대운동회,Day2
페이드인,D,G-15b,G,15,b,1sp,메달리스트,,메달리스트 쁘띠존: 딸기케이크붕어빵 트럭,"요다카 쥰,아케우라지 츠카사",요다카 쥰X아케우라지 츠카사,"로맨틱,섹슈얼",,소설,,https://dongne.co/events/sports11/circles/170132,제11회 대운동회,Day2
힌힌탑꾸,"힌, 몰리",G-07,G,07,,2sp,,,,,,,,"공예,조형,기타",hindhind_craft,https://dongne.co/events/sports11/circles/169986,제11회 대운동회,Day2
뇌내체험 ,참내,F-07,F,07,,2sp,블루록,,,"이사기 요이치,이토시 린",이사기 요이치X이토시 린,로맨틱,,"만화,일러스트",chamna404,https://dongne.co/events/sports11/circles/173659,제11회 대운동회,Day2
배구경기 중 동성애 교란작전은 반칙입니다,sㅏk,J-12,J,12,,2sp,하이큐,,,"쿠로오 테츠로,코즈메 켄마,보쿠토 코타로,아카아시 케이지",쿠로오 테츠로X코즈메 켄마,로맨틱,보쿠아카,"만화,소설",hqkksak,https://dongne.co/events/sports11/circles/170150,제11회 대운동회,Day2
도서출판 선류,생활체육인,D-24a,D,24,a,1sp,슬램덩크,,센루 쁘띠존 711의 여름,,윤대협X서태웅,,,소설,,https://dongne.co/events/sports11/circles/169554,제11회 대운동회,Day2
순애하는 우명,민달,A-24b,A,24,b,1sp,슬램덩크,,우성명헌 쁘띠존 | 우연일까? 운명이야!,우성명헌,정우성X이명헌,로맨틱,,소설,slug__904,https://dongne.co/events/sports11/circles/173540,제11회 대운동회,Day2
얼렁뚱땅 ⚽️,아오,E-24a,E,24,a,1sp,"이나즈마 일레븐,썬더일레븐",,,"카제마루 이치로타,사쿠마 지로,키도 유우토,엔도 마모루",엔도 마모루X카제마루 이치로타,해당없음,,,Ao_jiyang_2_21,https://dongne.co/events/sports11/circles/173857,제11회 대운동회,Day2
정대만은 헉헉,우하핫,D-12,D,12,,2sp,슬램덩크,,태섭대만 쁘띠존 : LOVE SIGNAL 714%,"송태섭,정대만",송태섭X정대만,로맨틱,,만화,_suisuimit314,https://dongne.co/events/sports11/circles/170033,제11회 대운동회,Day2
무언가의 반죽 상태,금식,I-13,I,13,,2sp,,,,,,,,,Go_d_eater,https://dongne.co/events/sports11/circles/169613,제11회 대운동회,Day2
빡빡이와 함께 춤을,뿅팔계,A-23,A,23,,2sp,슬램덩크,,우성명헌 쁘띠존 | 우연일까? 운명이야!,"이명헌,정우성",,"로맨틱,섹슈얼",,만화,ppyongmon_ster,https://dongne.co/events/sports11/circles/169560,제11회 대운동회,Day2
히나타의 남편 찾기 프로젝트,"치파,히썬",J-17,J,17,,2sp,하이큐,,,히나타쇼요,,해당없음,카게야마-히나타,일러스트,"chipaching_, hissun819",https://dongne.co/events/sports11/circles/169743,제11회 대운동회,Day2
빡빡이와 함께 영원을,뿅팔계,C-02a,C,02,a,1sp,슬램덩크,,,"이명헌,정우성,신현철",,"로맨틱,섹슈얼",ncp,만화,ppyongmon_ster,https://dongne.co/events/sports11/circles/169561,제11회 대운동회,Day2
테니스의 왕자 쁘띠존 ~우리 테니프리 정상영업 합니다~ 주최부스,,L-14,L,14,,2sp,,,테니스의 왕자 쁘띠존 ~우리 테니프리 정상영업 합니다~,,,,,,,https://dongne.co/events/sports11/circles/175403,제11회 대운동회,Day2
아히루가 토할 정도로 붙어 있었다잖냐,날실,"E-14, E-15",E,14,,4sp,아이실드21,,폐품 쿼터백 리사이클shop,"콘고 아곤,히루마 요이치",콘고 아곤X히루마 요이치,"로맨틱,섹슈얼",,소설,nalsil21,https://dongne.co/events/sports11/circles/169639,제11회 대운동회,Day2
오타쿠의 슬픈 사랑이아기...(가제),하리보,L-07a,L,07,a,1sp,테니스의 왕자,,테니스의 왕자 쁘띠존 ~우리 테니프리 정상영업 합니다~,"아토베 케이고,후지 슈스테",,,,소설,,https://dongne.co/events/sports11/circles/169670,제11회 대운동회,Day2
배틀호모 시조새,슈비,B-20a,B,20,a,1sp,슬램덩크,,,,서태웅X강백호,"로맨틱,섹슈얼",,"만화,일러스트",1110_shubi,https://dongne.co/events/sports11/circles/173289,제11회 대운동회,Day2
붕노자와 외노자,"찹쌀붕어빵, 물주,이새",B-23,B,23,,2sp,,,우성명헌 쁘띠존 | 우연일까? 운명이야!,,,,,,"chabboong, __MULJU, uushea",https://dongne.co/events/sports11/circles/170031,제11회 대운동회,Day2
브로꼬리 잡화점,티크밀,C-22a,C,22,a,1sp,슬램덩크,,,"이명헌,송태섭,슬램덩크",이명헌X송태섭,로맨틱,"우성태섭,대만태섭,태섭른 ","만화,기타",tikeumil_0,https://dongne.co/events/sports11/circles/173444,제11회 대운동회,Day2
사이쿄대 문예부,사라사,"E-07, E-18",E,07,,4sp,아이실드21,,폐품 쿼터백 리사이클shop,히루마요이치,콘고아곤X히루마요이치,"로맨틱,섹슈얼",무사히루,만화,salasa075,https://dongne.co/events/sports11/circles/169515,제11회 대운동회,Day2
오프라인 사골솥,뮤앙,A-14a,A,14,a,1sp,슬램덩크,,호열백호 ∞ 여름! 양키! : 熱戰,양호열 강백호,양호열X강백호,"섹슈얼,로맨틱",,소설,myuwang,https://dongne.co/events/sports11/circles/169661,제11회 대운동회,Day2
우성명헌 쁘띠존 | 우연일까? 운명이야! 주최부스,,A-01,A,01,,2sp,,,우성명헌 쁘띠존 | 우연일까? 운명이야!,,,,,,,https://dongne.co/events/sports11/circles/175402,제11회 대운동회,Day2
내남친과 남친의 남친,스텔라,L-12a,L,12,a,1sp,테니스의 왕자,,테니스의 왕자 쁘띠존 ~우리 테니프리 정상영업 합니다~,토노아츠쿄,키미지마X토노,로맨틱,,소설,Matina2930_,https://dongne.co/events/sports11/circles/169980,제11회 대운동회,Day2
브로콜리 불꽃에 구우면 맛있다,브렠 / 엘이 / . / 대팬,C-08,C,08,,2sp,슬램덩크,,태섭대만 쁘띠존 : LOVE SIGNAL 714%,송태섭 정대만,송태섭X정대만,로맨틱,,"소설,만화",redmountainq,https://dongne.co/events/sports11/circles/169944,제11회 대운동회,Day2
고양이도 배구를 한다는데,ITEN,J-11,J,11,,2sp,하이큐,,,"쿠로오 테츠로,코즈메 켄마",,,,일러스트,8ten_9,https://dongne.co/events/sports11/circles/170166,제11회 대운동회,Day2
테니스의 왕자의 공주님이 바로 나야,Lina,L-17,L,17,,2sp,테니스의 왕자,,테니스의 왕자 쁘띠존 ~우리 테니프리 정상영업 합니다~,테니스의 왕자 드림,,로맨틱,,"소설,기타",linajeain731,https://dongne.co/events/sports11/circles/169504,제11회 대운동회,Day2
호열이가 백호를 사랑하는거 같다,주앵,A-10b,A,10,b,1sp,슬램덩크,,호열백호 ∞ 여름! 양키! : 熱戰,"강백호,강백호(사쿠라기 하나미치),양호열,양호열(미토 요헤이)",양호열(미토 요헤이)X강백호(사쿠라기 하나미치),로맨틱,,,hSz4NukVPp32,https://dongne.co/events/sports11/circles/173187,제11회 대운동회,Day2
다이스가 쁘띠존: 마을을 지키는 공무원 부부 주최부스,,I-14,I,14,,2sp,,,다이스가 쁘띠존: 마을을 지키는 공무원 부부,,,,,,,https://dongne.co/events/sports11/circles/175400,제11회 대운동회,Day2
구제불능 사고방식,"람사, 서불망",B-06,B,06,,2sp,슬램덩크,,우성명헌 쁘띠존 | 우연일까? 운명이야!,우성명헌,정우성X이명헌,로맨틱,,소설,"ramsasaram, seobul_net",https://dongne.co/events/sports11/circles/170069,제11회 대운동회,Day2
농구잔치 빵야빵야,"뜨또, ISeaU",D-13,D,13,,2sp,슬램덩크,,태섭대만 쁘띠존 : LOVE SIGNAL 714%,,송태섭X정대만,로맨틱,,"일러스트,소설","beomtu2443, magamimback",https://dongne.co/events/sports11/circles/169591,제11회 대운동회,Day2
브로콜리 대파구이,"이아, 헤헹",D-18,D,18,,2sp,슬램덩크,,태섭대만 쁘띠존 : LOVE SIGNAL 714%,"송태섭,정대만",,,,"만화,소설,기타",nongja9713621,https://dongne.co/events/sports11/circles/170121,제11회 대운동회,Day2
신장개업 우띵호와,구찌,B-22b,B,22,b,1sp,슬램덩크,,우성명헌 쁘띠존 | 우연일까? 운명이야!,"정우성,이명헌",정우성X이명헌,"로맨틱,로맨틱",,"일러스트,만화",gongzzi____,https://dongne.co/events/sports11/circles/169884,제11회 대운동회,Day2
영중이의 규칙준수,사벽,M-21,M,21,,2sp,가비지타임,,,"전영중,성준수",전영중X성준수,"섹슈얼,로맨틱",,소설,daisa_waaaalll,https://dongne.co/events/sports11/circles/170169,제11회 대운동회,Day2
왕크니까 왕귀엽다,샤샤,F-15b,F,15,b,1sp,블루 록,,사에린 쁘띠존 2 - SEReNdipity,"이토시 사에,이토시 린",이토시 사에X이토시 린,"섹슈얼,로맨틱",,소설,sya2533,https://dongne.co/events/sports11/circles/169690,제11회 대운동회,Day2
우성이는 명헌이랑,양산,A-19b,A,19,b,1sp,,,우성명헌 쁘띠존 | 우연일까? 운명이야!,,정우성X이명헌,,,,fire_cookies_,https://dongne.co/events/sports11/circles/173468,제11회 대운동회,Day2
긍정주의 속도제한 위반,F,G-11b,G,11,b,1sp,메달리스트,,메달리스트 쁘띠존: 딸기케이크붕어빵 트럭,,,,,"일러스트,만화",plzfill_blank,https://dongne.co/events/sports11/circles/169583,제11회 대운동회,Day2
테니프리 미션스쿨 연합,"사미, 모기",K-14b,K,14,b,1sp,테니스의 왕자,,테니스의 왕자 쁘띠존 ~우리 테니프리 정상영업 합니다~,"성루돌프중학교,릿카이대학부속중학교",,,,"일러스트,소설","Guarana_32, mygga78",https://dongne.co/events/sports11/circles/170157,제11회 대운동회,Day2
토가시가 귀여워서 어쩔 수 없어!,귤락,H-13,H,13,,2sp,100m(햐쿠엠),,,"토가시,코미야,카이도",카이도X토가시,"로맨틱,섹슈얼",미야토가,소설,x_empty_name,https://dongne.co/events/sports11/circles/173465,제11회 대운동회,Day2
태섭이랑 대만이가 사랑을 하네,"곽두8, 초록홍합",C-14,C,14,,2sp,슬램덩크,,태섭대만 쁘띠존 : LOVE SIGNAL 714%,송태섭 정대만,송태섭X정대만,"로맨틱,섹슈얼,로맨틱,섹슈얼",,소설,gwakdoopaal,https://dongne.co/events/sports11/circles/169909,제11회 대운동회,Day2
언제까지 좋아질지 궁금해요,닷,M-03a,M,03,a,1sp,가비지타임,,,,,,,소설,,https://dongne.co/events/sports11/circles/173878,제11회 대운동회,Day2
코마미도 부흥위원회,세훈,I-12b,I,12,b,1sp,겁쟁이페달,,겁쟁이 페달 완결 안 났어요?,,키시가미 코마리X미도스지 아키라,"로맨틱,섹슈얼",,,sehun_0316_OwO,https://dongne.co/events/sports11/circles/169835,제11회 대운동회,Day2
테니스로 삼바카니발,릿매,L-09b,L,09,b,1sp,테니스의 왕자,,테니스의 왕자 쁘띠존 ~우리 테니프리 정상영업 합니다~,,,,,"공예,소설",seiichikunno1,https://dongne.co/events/sports11/circles/169770,제11회 대운동회,Day2
플라스틱 미츠료밴드,고로,"C-04, C-05",C,04,,4sp,슬램덩크,,,정대만 송태섭,,"로맨틱,섹슈얼",,만화,goro114477,https://dongne.co/events/sports11/circles/170057,제11회 대운동회,Day2
독일주종 한국에서도 연애해라,pepperrikka,F-23b,F,23,b,1sp,블루록,,,,,"로맨틱,섹슈얼",,소설,rrikka_0909,https://dongne.co/events/sports11/circles/170036,제11회 대운동회,Day2
여름날의 보리꼬리를 좋아하세요?,아이로,C-21b,C,21,b,1sp,슬램덩크,,,송태섭,이명헌X송태섭,"로맨틱,섹슈얼","존프레스조, 명헌태섭, 우성태섭, 대만태섭",소설,Airo_SlamDunk,https://dongne.co/events/sports11/circles/169969,제11회 대운동회,Day2
어쩌다가 순애양키한테 치여서,샤블랑,B-07a,B,07,a,1sp,슬램덩크,,호열백호 ∞ 여름! 양키! : 熱戰,"양호열,강백호,백호군단",양호열X강백호,"로맨틱,섹슈얼",,"소설,공예",moll_ga,https://dongne.co/events/sports11/circles/170160,제11회 대운동회,Day2
축구하자!,해찌,E-03a,E,03,a,1sp,이나즈마 일레븐,,,,,해당없음,,"사진,기타",haejji0420,https://dongne.co/events/sports11/circles/170196,제11회 대운동회,Day2
청춘유대..그리고 사랑!!,와코,I-10,I,10,,2sp,다이아몬드에이스/겁쟁이페달,쿠로코의농구,겁쟁이 페달 완결 안 났어요?,,,,,,,https://dongne.co/events/sports11/circles/169789,제11회 대운동회,Day2
가보자타임,"상해, 차",M-06,M,06,,2sp,가비지타임,다이아몬드 에이스,,,병찬X종수,,재유X승대,"만화,소설",nigerungdayo,https://dongne.co/events/sports11/circles/169551,제11회 대운동회,Day2
농놀특이점,기뮤1,L-21,L,21,,2sp,가비지타임,슬램덩크,,진재유 성준수,성준수X진재유,해당없음,센루,"일러스트,만화",orange_d_podo,https://dongne.co/events/sports11/circles/169624,제11회 대운동회,Day2
도토리왕자,"눈멍, 지옥",B-01,B,01,,2sp,슬램덩크,,우성명헌 쁘띠존 | 우연일까? 운명이야!,"정우성,이명헌",정우성X이명헌,"로맨틱,섹슈얼,로맨틱,섹슈얼",우성명헌,"소설,만화",taptapt4p,https://dongne.co/events/sports11/circles/169804,제11회 대운동회,Day2
뭐든나오는,티슈,J-07a,J,07,a,1sp,,,,,,,,,,https://dongne.co/events/sports11/circles/169552,제11회 대운동회,Day2
빅토리펭귄,"붉은 달, 가재",E-20a,E,20,a,1sp,이나즈마일레븐,이나즈마 일레븐,,"키도 유우토,사쿠마 지로,겐다 코지로,후도 아키오,엔도 하루,아프로디",,,,,megane_Akatsuki,https://dongne.co/events/sports11/circles/170203,제11회 대운동회,Day2
아이스박스,빕어,C-23a,C,23,a,1sp,슬램덩크,,,,정우성X송태섭,로맨틱,"명헌태섭, ncp",,97wsts97,https://dongne.co/events/sports11/circles/169543,제11회 대운동회,Day2
아침드라마,놜,A-07a,A,07,a,1sp,슬램덩크,,호열백호 ∞ 여름! 양키! : 熱戰,"양호열,강백호",,"섹슈얼,로맨틱",,만화,_nongnoir,https://dongne.co/events/sports11/circles/169870,제11회 대운동회,Day2
여름밤센루,시계,D-20a,D,20,a,1sp,슬램덩크,,센루 쁘띠존 711의 여름,,윤대협X서태웅,,,,nvmg0,https://dongne.co/events/sports11/circles/169939,제11회 대운동회,Day2
우명경로당,농노,B-02b,B,02,b,1sp,슬램덩크,,우성명헌 쁘띠존 | 우연일까? 운명이야!,우성명헌,정우성X이명헌,로맨틱,,,look_at_yours,https://dongne.co/events/sports11/circles/173578,제11회 대운동회,Day2
우명대학교,36,A-05b,A,05,b,1sp,슬램덩크,,우성명헌 쁘띠존 | 우연일까? 운명이야!,,정우성X이명헌,"섹슈얼,로맨틱",,만화,9x49x49x49x4,https://dongne.co/events/sports11/circles/170209,제11회 대운동회,Day2
운명공동체,nana,K-12,K,12,,2sp,망각 배터리,"다이아몬드 에이스,다이아몬드의 공죄",,,키리시마X마키타,,,소설,loveonloop88,https://dongne.co/events/sports11/circles/170072,제11회 대운동회,Day2
육식햄스터,IPR,L-23a,L,23,a,1sp,가비지타임,,,"성준수,진재유",성준수X진재유,"로맨틱,섹슈얼,로맨틱",,만화,omolipguataku,https://dongne.co/events/sports11/circles/169500,제11회 대운동회,Day2
종상보급소,멘사,L-24b,L,24,b,1sp,"가비지타임,슬램덩크",,,,최종수X기상호,"섹슈얼,로맨틱",,,,https://dongne.co/events/sports11/circles/173204,제11회 대운동회,Day2
지나갑니다,지일,G-17a,G,17,a,1sp,메달리스트,,메달리스트 쁘띠존: 딸기케이크붕어빵 트럭,,요다카 쥰X아케우라지 츠카사,"로맨틱,로맨틱",,만화,,https://dongne.co/events/sports11/circles/169620,제11회 대운동회,Day2
채식고양이,티토,L-22,L,22,,2sp,가비지타임,,,"성준수,진재유",,로맨틱,,소설,teethoti,https://dongne.co/events/sports11/circles/169906,제11회 대운동회,Day2
첫사랑클럽,"DOONAA, eho",C-09,C,09,,2sp,슬램덩크,,태섭대만 쁘띠존 : LOVE SIGNAL 714%,"송태섭,정대만",,로맨틱,,"만화,기타","leedoonaa7, eh_0o0",https://dongne.co/events/sports11/circles/169618,제11회 대운동회,Day2
태대합니다,만농이,C-13a,C,13,a,1sp,슬램덩크,,태섭대만 쁘띠존 : LOVE SIGNAL 714%,태섭대만,송태섭X정대만,해당없음,,기타,tae5e0p,https://dongne.co/events/sports11/circles/170002,제11회 대운동회,Day2
호백합쉬다,아자젤,A-10a,A,10,a,1sp,슬램덩크,,호열백호 ∞ 여름! 양키! : 熱戰,양호열,양호열X강백호,로맨틱,,소설,azazelNJ,https://dongne.co/events/sports11/circles/169586,제11회 대운동회,Day2
망상빳데리 (하루케이 붐은 온다!!!),마두부,K-13a,K,13,a,1sp,망각배터리,,,,,로맨틱,,,tofuootk,https://dongne.co/events/sports11/circles/169922,제11회 대운동회,Day2
신류지에는 용이 산다,굼밤,D-17a,D,17,a,1sp,아아실드21,,,,운스이X아곤,"섹슈얼,로맨틱",잇큐아곤,,gumbam_0_0,https://dongne.co/events/sports11/circles/169610,제11회 대운동회,Day2
브로콜리는 여름이 제철,브콜티비,F-10,F,10,,2sp,슬램덩크,,,"송준섭,송태섭",,로맨틱,,만화,,https://dongne.co/events/sports11/circles/170093,제11회 대운동회,Day2
자연스럽게 케이크 추가!,민이,L-15a,L,15,a,1sp,테니스의 왕자님,,테니스의 왕자 쁘띠존 ~우리 테니프리 정상영업 합니다~,릿카이,,,,"만화,일러스트",youfacerepubIic,https://dongne.co/events/sports11/circles/170155,제11회 대운동회,Day2
천둥중학교 가능성 연구부,쿠야,E-23,E,23,,2sp,"이나즈마일레븐,이나즈마일레븐GO",,,"카제마루 이치로타,후도 아키오,츠루기 쿄스케,마츠카제 텐마",츠루기 쿄스케X마츠카제 텐마,로맨틱,후카제,"만화,사진,일러스트",dokoo_y6,https://dongne.co/events/sports11/circles/174204,제11회 대운동회,Day2
도파민클럽 스포츠지부,elizo,I-18,I,18,,2sp,100미터,,,,토가시X코미야,,,만화,,https://dongne.co/events/sports11/circles/169653,제11회 대운동회,Day2
릿카이대학 사회과학대학 졸업논문위원회,오분,L-12b,L,12,b,1sp,테니스의 왕자,,테니스의 왕자 쁘띠존 ~우리 테니프리 정상영업 합니다~,"야규 히로시,니오 마사하루",야규 히로시X니오 마사하루,로맨틱,"즈카후지(미정), 오오키쿠(미정), 사나유키(미정) 의 가능성 있음",소설,5min_tennis,https://dongne.co/events/sports11/circles/174660,제11회 대운동회,Day2
"어서오세요, 태대 책방에","농놀벨,농키,당스땀스,쇼니핑",C-12,C,12,,2sp,슬램덩크,,태섭대만 쁘띠존 : LOVE SIGNAL 714%,"송태섭,정대만",송태섭X정대만,"로맨틱,섹슈얼",,"소설,만화,기타",bell_basket,https://dongne.co/events/sports11/circles/170026,제11회 대운동회,Day2
공부하다말고,진짜,M-23a,M,23,a,1sp,가비지타임,진격의 거인,,,전영중X성준수,"로맨틱,섹슈얼",에루리,,,https://dongne.co/events/sports11/circles/169799,제11회 대운동회,Day2
남친간수잘해,똥,L-02,L,02,,2sp,가비지타임,,,,성준수X기상호,로맨틱,최종수X박병찬,만화,"ttong39387, junkkou_999",https://dongne.co/events/sports11/circles/174764,제11회 대운동회,Day2
마지막빡빡이,정우,B-05a,B,05,a,1sp,슬램덩크,,우성명헌 쁘띠존 | 우연일까? 운명이야!,슬램덩크,정우성X이명헌,로맨틱,,소설,,https://dongne.co/events/sports11/circles/173919,제11회 대운동회,Day2
북실애호클럽,감일,F-24,F,24,,2sp,블루록,,,"블루록 나기와 레오,블루록 카이저,블루록 네스",미하엘카이저X알렉시스 네스,로맨틱,나기레오,,chuckseng,https://dongne.co/events/sports11/circles/175243,제11회 대운동회,Day2
빙상위랑데뷰,내작은피앙세,G-15a,G,15,a,1sp,메달리스트,,메달리스트 쁘띠존: 딸기케이크붕어빵 트럭,아케우라지 츠카사,요다카 쥰X아케우라지 츠카사,"섹슈얼,섹슈얼,로맨틱",,"만화,일러스트",t5uk13,https://dongne.co/events/sports11/circles/170204,제11회 대운동회,Day2
양키양키해★,이은간,B-12a,B,12,a,1sp,슬램덩크,,호열백호 ∞ 여름! 양키! : 熱戰,양호열x강백호,,로맨틱,,"만화,공예,기타",0O46310100,https://dongne.co/events/sports11/circles/169918,제11회 대운동회,Day2
우명지역축제,미,A-04,A,04,,2sp,슬램덩크,,우성명헌 쁘띠존 | 우연일까? 운명이야!,"정우성,이명헌",정우성X이명헌,"해당없음,로맨틱",,"만화,일러스트,공예",n_nn_nnn11,https://dongne.co/events/sports11/circles/170038,제11회 대운동회,Day2
적먹적먹적먹,창구,L-20,L,20,,2sp,쿠로코의 농구,,,,아카시 세이쥬로X마유즈미 치히로,,,만화,,https://dongne.co/events/sports11/circles/170055,제11회 대운동회,Day2
좌절금지구역,EstellaK,G-11a,G,11,a,1sp,히카루의 바둑,,,"신도우히카루,후지와라노 사이,토우야 아키라,올캐러",,,,"만화,영상",EstellaK47,https://dongne.co/events/sports11/circles/170114,제11회 대운동회,Day2
챠우챠우챠우,"muda, i",L-08,L,08,,2sp,테니스의 왕자,,테니스의 왕자 쁘띠존 ~우리 테니프리 정상영업 합니다~,시텐호지,,,,"만화,일러스트,기타","koorarin, i28425005",https://dongne.co/events/sports11/circles/169927,제11회 대운동회,Day2
친근한세카이,셋삼사,F-14,F,14,,2sp,블루록,보컬로이드,사에린 쁘띠존 2 - SEReNdipity,,이토시사에X이토시린,,,일러스트,3set34,https://dongne.co/events/sports11/circles/170118,제11회 대운동회,Day2
카치니게클럽,유공,L-06,L,06,,2sp,"우마무스메,우마무스메 프리티 더비",,,"아그네스 타키온,정글 포켓,심볼리 크리스 에스,타니노 김렛",심볼리 크리스 에스X타니노 김렛,로맨틱,정글 포켓 x 아그네스 타키온,"만화,소설,일러스트,기타",Yuridino_0504,https://dongne.co/events/sports11/circles/174946,제11회 대운동회,Day2
현생말고빵준,삼세,M-01,M,01,,2sp,가비지타임,,,"전영중,성준수",전영중X성준수,로맨틱,,만화,3M43T_,https://dongne.co/events/sports11/circles/174599,제11회 대운동회,Day2
흑발공위원회,올드탕,G-12,G,12,,2sp,메달리스트,,메달리스트 쁘띠존: 딸기케이크붕어빵 트럭,"쥰,츠카사,히카루,이노리",카미사키 히카루X유이츠카 이노리,,히카이노 요다츠카,"만화,일러스트",Old_chicksoup,https://dongne.co/events/sports11/circles/169802,제11회 대운동회,Day2
지금부터라도 빨라질 수 있을까?,10초,I-07a,I,07,a,1sp,100미터.(ひゃくえむ。),,,"토가시,코미야",,,,소설,5OM_10,https://dongne.co/events/sports11/circles/169564,제11회 대운동회,Day2
동인녀필살기 부스내기,망고펭귄,F-01b,F,01,b,1sp,썬더일레븐,,,,,,,,,https://dongne.co/events/sports11/circles/169662,제11회 대운동회,Day2
미하엘카이저 전라대기하는 그날까지,유성애자,F-23a,F,23,a,1sp,블루록,,,"미하엘 카이저,알렉시스 네스",카이저X네스X카이저,"로맨틱,섹슈얼,로맨틱,섹슈얼",,만화,yuusei_bll,https://dongne.co/events/sports11/circles/169585,제11회 대운동회,Day2
더블초코비스킷,힠,C-15,C,15,,2sp,슬램덩크,,태섭대만 쁘띠존 : LOVE SIGNAL 714%,"송태섭,정대만",송태섭X정대만,"로맨틱,섹슈얼",,만화,hickhick04,https://dongne.co/events/sports11/circles/169978,제11회 대운동회,Day2
부부운명공동체,"밍토, 속",I-09,I,09,,2sp,겁쟁이페달,,겁쟁이 페달 완결 안 났어요?,"아오야기 하지메 X 테시마 준타,토도 진파치 X 마키시마 유스케,올캐릭터",아오야기 하지메X테시마 준타,"로맨틱,섹슈얼",토도 진파치x마키시마 유스케,"만화,일러스트",mingto_T2,https://dongne.co/events/sports11/circles/169821,제11회 대운동회,Day2
송가생일축하해,논산딸기,C-22b,C,22,b,1sp,슬램덩크,,,송태섭,,로맨틱,우성태섭,만화,,https://dongne.co/events/sports11/circles/170073,제11회 대운동회,Day2
양평사립유치원,"농부, 🥦",B-11,B,11,,2sp,슬램덩크,,호열백호 ∞ 여름! 양키! : 熱戰,"양호열,강백호",양호열X강백호,"로맨틱,섹슈얼",,,"1_a137, chqkq7748",https://dongne.co/events/sports11/circles/169760,제11회 대운동회,Day2
여름보양식센루,RUKA,D-20b,D,20,b,1sp,슬램덩크,,센루 쁘띠존 711의 여름,서태웅,윤대협X서태웅,로맨틱,,만화,ruka_autumn,https://dongne.co/events/sports11/circles/169545,제11회 대운동회,Day2
일반인축구친구,일반인여자친구,F-03,F,03,,2sp,블루록,"하이큐,메달리스트",,"이사기 요이치,미하엘 카이저",이사기 요이치X미하엘 카이저,로맨틱,나기레오,만화,169_EMi,https://dongne.co/events/sports11/circles/170144,제11회 대운동회,Day2
적폐비빔밥본점,송라부,C-23b,C,23,b,1sp,슬램덩크,,,"정우성,송태섭",정우성X송태섭,"로맨틱,섹슈얼",,,,https://dongne.co/events/sports11/circles/173547,제11회 대운동회,Day2
파트너를사랑해,모과,J-16a,J,16,a,1sp,하이큐,,,하이큐,보쿠토 코타로X아카아시 케이지,"로맨틱,섹슈얼,로맨틱,섹슈얼",,만화,mogua_4789,https://dongne.co/events/sports11/circles/169794,제11회 대운동회,Day2
핫썸머페스티벌,야키니쿠,F-13b,F,13,b,1sp,블루록,,사에린 쁘띠존 2 - SEReNdipity,이토시 사에 이토시 린,이토시 사에X이토시 린,해당없음,,만화,yakiniku524,https://dongne.co/events/sports11/circles/170110,제11회 대운동회,Day2
황제펭귄잡화점,갈치조림,E-20b,E,20,b,1sp,이나즈마일레븐,,,"키도 유우토,사쿠마 지로,겐다 코지로,후도 아키오",,로맨틱,,"일러스트,만화",m_arijuan__a,https://dongne.co/events/sports11/circles/170102,제11회 대운동회,Day2
사내축구동호회 ,"키위새2호, 10, 사태, 망사",E-19,E,19,,2sp,이나즈마 일레븐,,,이부키 무네마사,키야마 히로토(손현민)X미도리카와 류지,해당없음,,"만화,일러스트",SCBKCKR,https://dongne.co/events/sports11/circles/169975,제11회 대운동회,Day2
도미노시티에는 백룡이 산다,이일,D-16,D,16,,2sp,슬램덩크,,,,,,,,atthe0to1,https://dongne.co/events/sports11/circles/174838,제11회 대운동회,Day2
스트라이커라면 누구보다 빠르게,LOTY,F-21b,F,21,b,1sp,블루록,100미터.(백미터/100M),,"이사기 요이치,이토시 린,토가시,카바키",이토시 린X이사기 요이치,,"린이사,카바토가","만화,일러스트","blueloty, looMloty",https://dongne.co/events/sports11/circles/174856,제11회 대운동회,Day2
부스주인고질병:입덕부정,Arian,J-15,J,15,,2sp,하이큐,,,,,,,,,https://dongne.co/events/sports11/circles/169502,제11회 대운동회,Day2
귤먹는여우의부스,먐뮤,J-10,J,10,,2sp,하이큐!!,,,미야 아츠무,미야 아츠무X히나타 쇼요,"로맨틱,로맨틱,섹슈얼",,"만화,일러스트",miyu___miya,https://dongne.co/events/sports11/circles/169758,제11회 대운동회,Day2
내가그린호백그림,"눈기린, Sawa",A-17,A,17,,2sp,슬램덩크,,호열백호 ∞ 여름! 양키! : 熱戰,,양호열X강백호,로맨틱,,"만화,기타",final_arthur,https://dongne.co/events/sports11/circles/169565,제11회 대운동회,Day2
능남레몬영농조합,방방,D-03b,D,03,b,1sp,슬램덩크,,센루 쁘띠존 711의 여름,,,로맨틱,,일러스트,"se7en, _e11even_",https://dongne.co/events/sports11/circles/169725,제11회 대운동회,Day2
두부과자시식코너,"토푸, 까까",J-18,J,18,,2sp,하이큐!!,블루록,,,,,"리에야쿠, 카게히나, 츠키야마","만화,소설","ssamanko030, KKAX2__",https://dongne.co/events/sports11/circles/169756,제11회 대운동회,Day2
뚜벅뚜벅호열백호,모요,B-10,B,10,,2sp,슬램덩크,,호열백호 ∞ 여름! 양키! : 熱戰,"양호열,강백호",양호열X강백호,"섹슈얼,로맨틱",,만화,mashdunk,https://dongne.co/events/sports11/circles/169663,제11회 대운동회,Day2
러브러브파워태대,"35, Boss",C-18,C,18,,2sp,슬램덩크,,태섭대만 쁘띠존 : LOVE SIGNAL 714%,송태섭 정대만,송태섭X정대만,"로맨틱,로맨틱",,,35_drdr,https://dongne.co/events/sports11/circles/169540,제11회 대운동회,Day2
김치찌개단일메뉴집,승칠,C-16,C,16,,2sp,슬램덩크,,태섭대만 쁘띠존 : LOVE SIGNAL 714%,정대만,송태섭X정대만,로맨틱,,만화,seungchil_sldk,https://dongne.co/events/sports11/circles/169625,제11회 대운동회,Day2
반박시에고이스트슛,집사,F-19b,F,19,b,1sp,블루록,,,,,,,,,https://dongne.co/events/sports11/circles/169897,제11회 대운동회,Day2
외냐가만든와냐세상,왕자,E-02a,E,02,a,1sp,이나즈마 일레븐,,,,,,,,,https://dongne.co/events/sports11/circles/173920,제11회 대운동회,Day2
우리애가발이빨라요,모지,H-12b,H,12,b,1sp,100m,,,"토가시,카이도",카이도X토가시,,,기타,moooojiiiiiiii,https://dongne.co/events/sports11/circles/174912,제11회 대운동회,Day2
카나가와하코네망령,"88, 주길경",I-11,I,11,,2sp,겁쟁이페달,,겁쟁이 페달 완결 안 났어요?,이즈미다토이치로 아시키바타쿠토,아시키바 타쿠토X오리지널 드림주,로맨틱,쿠로이즈,,,https://dongne.co/events/sports11/circles/169599,제11회 대운동회,Day2
매직아이하면여자보임,무우,E-04,E,04,,2sp,아이실드21,,,콘고 아곤,콘고 운스이X콘고 아곤,로맨틱,,만화,ghO11229,https://dongne.co/events/sports11/circles/169607,제11회 대운동회,Day2
사람의욕심은끝이없고,,E-01a,E,01,a,1sp,이나즈마일레븐,이나즈마 일레븐 빅토리로드,,"고엔지 슈야,키도 유우토,사사나미 운메이,사쿠라자키 조지",고엔지 슈야X키도 유우토,,"사쿠사사, 파드 등등",,,https://dongne.co/events/sports11/circles/173502,제11회 대운동회,Day2
농구다람쥐생태보호구역,비스켓볼,B-20b,B,20,b,1sp,슬램덩크,,,송태섭 중심 올캐러,,,,"만화,일러스트",biscuitttball,https://dongne.co/events/sports11/circles/169752,제11회 대운동회,Day2
다울었으면달리기를하자,힘껏,H-11b,H,11,b,1sp,100미터,,,코미야 토가시,,"로맨틱,섹슈얼",,"만화,영상",,https://dongne.co/events/sports11/circles/169581,제11회 대운동회,Day2
스페이스마카롱김치찌게,카트리나,B-08,B,08,,2sp,,,호열백호 ∞ 여름! 양키! : 熱戰,,양호열X강백호,"로맨틱,섹슈얼",,소설,,https://dongne.co/events/sports11/circles/169627,제11회 대운동회,Day2
카게히나가너무좋다고말해,연어쵸밥,K-08,K,08,,2sp,하이큐,,,"카게야마 토비오,히나타 쇼요",,"섹슈얼,로맨틱",,"소설,일러스트",Salmonsushi_910,https://dongne.co/events/sports11/circles/169774,제11회 대운동회,Day2
포르자페라리하시겠습니까,SIGN,G-09,G,09,,2sp,F1,,,,,,,기타,sig_of,https://dongne.co/events/sports11/circles/170191,제11회 대운동회,Day2
어려서부터공놀이를좋아했다,FB짱,E-02b,E,02,b,1sp,이나즈마 일레븐(썬더 일레븐),,,,사쿠마 지로X키도 유우토,,,만화,FBchan11,https://dongne.co/events/sports11/circles/173872,제11회 대운동회,Day2
좌우상대고정전문중고등학교,"수진, 푸딩",F-16,F,16,,2sp,블루록,,사에린 쁘띠존 2 - SEReNdipity,"이토시 사에,이토시 린",이토시 사에X이토시 린,로맨틱,이사카이가 있을지도,"만화,일러스트","ifekusa, yeobojagiaegi",https://dongne.co/events/sports11/circles/169809,제11회 대운동회,Day2
집에토끼같은마누라가있어요,토끼잡이,F-05b,F,05,b,1sp,"블루록,블루 록","단간론파 어나더,단간론파 어나더 시리즈 (단나더)",,"이토시 사에,버니 이글레시아스",사에x버니X사에,"로맨틱,섹슈얼",,만화,tokijabi,https://dongne.co/events/sports11/circles/169919,제11회 대운동회,Day2
아히루가사귀는걸나보고어쩌라고,맥,"E-16, E-17",E,16,,4sp,아이실드21,,폐품 쿼터백 리사이클shop,"콘고 아곤,히루마 요이치",,"로맨틱,섹슈얼",야마히루아곤,소설,ahi21fixer,https://dongne.co/events/sports11/circles/170141,제11회 대운동회,Day2
언네서서리앵거보더라인바이올런스,미상,G-10,G,10,,2sp,F1,,,,,"섹슈얼,로맨틱",,만화,p0licel1ne_,https://dongne.co/events/sports11/circles/169759,제11회 대운동회,Day2
다다다단나한테명령하지마하극상일구입혼,"473,プザ",K-15,K,15,,2sp,,테니스의 왕자,테니스의 왕자 쁘띠존 ~우리 테니프리 정상영업 합니다~,"단타이치,아쿠츠진,히요시와카시,오오토리쵸타로",,"로맨틱,섹슈얼",단아쿠,"만화,일러스트","yeongnam02, osumoudosukooi",https://dongne.co/events/sports11/circles/170030,제11회 대운동회,Day2
아무리테니스로세계를씹어먹었다고해도역시햄버거와고양이를좋아하는평범한남자아이구나,감튀,K-14a,K,14,a,1sp,테니스의 왕자,,테니스의 왕자 쁘띠존 ~우리 테니프리 정상영업 합니다~,에치젠 료마,,,,"공예,일러스트",,https://dongne.co/events/sports11/circles/170095,제11회 대운동회,Day2
0,아나바다 ,E-05a,E,05,a,1sp,아이실드21,,,히루마요이치,히루마요이치X아네자키 마모리,,,,,https://dongne.co/events/sports11/circles/175083,제11회 대운동회,Day2
10년째 배구중,틸스틸,J-07b,J,07,b,1sp,하이큐,,,,,,,"일러스트,공예,조형",until_stil,https://dongne.co/events/sports11/circles/170113,제11회 대운동회,Day2
10년넘게신혼일수있나,복숭아감별사,I-16b,I,16,b,1sp,하이큐!!,,다이스가 쁘띠존: 마을을 지키는 공무원 부부,"사와무라 다이치,스가와라 코시",사와무라 다이치X스가와라 코시,로맨틱,,만화,0pl3on9mbIIa,https://dongne.co/events/sports11/circles/174000,제11회 대운동회,Day2
너만큼은 100% 사랑해주겠어,"먕,소금",F-06,F,06,,2sp,블루록,,,"카이저,이사기",,해당없음,,"만화,일러스트",,https://dongne.co/events/sports11/circles/169771,제11회 대운동회,Day2
100미터를 달려서,두만,H-10,H,10,,2sp,100미터,,,,코미야X토가시,"로맨틱,섹슈얼",카이자이,,,https://dongne.co/events/sports11/circles/169614,제11회 대운동회,Day2
100미터만 빠르면 어떻게든 해결돼,심마,H-18b,H,18,b,1sp,100미터.,,,토가시,,,,"소설,만화",shimma_0531,https://dongne.co/events/sports11/circles/169605,제11회 대운동회,Day2
100미터세계선수권,모나카,H-07a,H,07,a,1sp,100m(백미터),,,"토가시,테라카와,코미야,카바키",테라카와X토가시,"로맨틱,섹슈얼","미야토가, 카바토가",소설,mnaka0770,https://dongne.co/events/sports11/circles/174129,제11회 대운동회,Day2
100미터 10분 컷,KANG,H-17,H,17,,2sp,100미터,,,"니가미x아사쿠사,카바키x토가시",카바키X토가시,로맨틱,"니가미,아사쿠사",만화,_kang1412,https://dongne.co/events/sports11/circles/174350,제11회 대운동회,Day2
넌 100m 보고 아무 느낌 안 들어?,토란,H-14a,H,14,a,1sp,100미터,,,토가시,,"로맨틱,섹슈얼,해당없음",,"일러스트,소설,기타",altoran666,https://dongne.co/events/sports11/circles/170044,제11회 대운동회,Day2
100m 걷기메타,"로토리, 상츄, (푸키)",H-08,H,08,,2sp,100m,,,"자이츠,카이도,토가시,코미야 등등",,,,"만화,일러스트,기타",,https://dongne.co/events/sports11/circles/169686,제11회 대운동회,Day2
100m만 빠르면 청혼도 성공할 수 있어.,낚,H-09b,H,09,b,1sp,100M,,,코미야 토가시,코미야X토가시,"로맨틱,섹슈얼",,소설,GBh_85,https://dongne.co/events/sports11/circles/174239,제11회 대운동회,Day2
갯민숭달팽이가100M기어가는데얼마나걸릴까,"뽁뽀기, 제",H-15,H,15,,2sp,"100M,우마무스메",,,올캐릭터,카바키X토가시,,후지마사 마치x오구리 캡,"일러스트,소설,기타",,https://dongne.co/events/sports11/circles/170050,제11회 대운동회,Day2
10100,MN,A-18,A,18,,2sp,슬램덩크,,호열백호 ∞ 여름! 양키! : 熱戰,,양호열X강백호,,,,,https://dongne.co/events/sports11/circles/169633,제11회 대운동회,Day2
10100 파도꽃이 피었습니다,"보나, 상호, 자코",A-15,A,15,,2sp,슬램덩크,,호열백호 ∞ 여름! 양키! : 熱戰,"양호열,강백호",양호열X강백호,로맨틱,,"소설,기타",sdkvl_bona,https://dongne.co/events/sports11/circles/169949,제11회 대운동회,Day2
복복약국의 먀오비정(1일 2회 711시 복용,복복,D-01,D,01,,2sp,슬램덩크,,센루 쁘띠존 711의 여름,"윤대협,서태웅",,"로맨틱,섹슈얼",,일러스트,bogbog10714,https://dongne.co/events/sports11/circles/169938,제11회 대운동회,Day2
19세 미도스지군 최후의 티배깅 끌어치기,"키망, 매도",I-12a,I,12,a,1sp,겁쟁이 페달,,겁쟁이 페달 완결 안 났어요?,미도스지 아키라,,,,,,https://dongne.co/events/sports11/circles/169874,제11회 대운동회,Day2
'2026년에 테니프리 부스가?' 발언 금지 구역,할리갈리챔피언,L-18,L,18,,2sp,테니스의 왕자,,테니스의 왕자 쁘띠존 ~우리 테니프리 정상영업 합니다~,,,,,"일러스트,만화","unta_tnpr, l10070229",https://dongne.co/events/sports11/circles/169855,제11회 대운동회,Day2
농구를누가2026년에입덕해요,탓,C-20b,C,20,b,1sp,,,,,,,,,,https://dongne.co/events/sports11/circles/170021,제11회 대운동회,Day2
2026 란마사 심포지엄,밍,E-22b,E,22,b,1sp,이나즈마 일레븐 GO,"이나즈마 일레븐,이나크로",,"키리노 란마루,카리야 마사키",,로맨틱,"마사란, 키리신도",소설,ming2cha,https://dongne.co/events/sports11/circles/169664,제11회 대운동회,Day2
2026년에도 우명하는 부스,"순장고추장, 마로프",A-20,A,20,,2sp,슬램덩크,,우성명헌 쁘띠존 | 우연일까? 운명이야!,우성명헌,,"로맨틱,섹슈얼",,"소설,기타","sunjang_chujang, pre_c_h_n",https://dongne.co/events/sports11/circles/169637,제11회 대운동회,Day2
207호,멜,D-08,D,08,,2sp,슬램덩크,,태섭대만 쁘띠존 : LOVE SIGNAL 714%,"송태섭,정대만",,로맨틱,,기타,mell3pt,https://dongne.co/events/sports11/circles/169815,제11회 대운동회,Day2
2와 1사이,NK,F-11,F,11,,2sp,아이실드21,,폐품 쿼터백 리사이클shop,,콘고 아곤X히루마 요이치,해당없음,"마르히무, 아카코타, 곤히소",,,https://dongne.co/events/sports11/circles/169745,제11회 대운동회,Day2
한정 정어리 고로케 빵 250엔,병만,H-11a,H,11,a,1sp,100미터.,,,,코미야X토가시,,,만화,,https://dongne.co/events/sports11/circles/169727,제11회 대운동회,Day2
타치바나씨 은혜꼭갚을게요로 무장한 시꺼먼 검둥개 278271명,간장이,L-10,L,10,,2sp,테니스의왕자,겁쟁이페달,테니스의 왕자 쁘띠존 ~우리 테니프리 정상영업 합니다~,,,"로맨틱,섹슈얼",,"만화,일러스트",_GANZANG,https://dongne.co/events/sports11/circles/169871,제11회 대운동회,Day2
레몬깜고연합시즌3,해람,D-24b,D,24,b,1sp,슬램덩크,,센루 쁘띠존 711의 여름,"윤대협,서태웅",윤대협X서태웅,로맨틱,,소설,RK711SA,https://dongne.co/events/sports11/circles/169679,제11회 대운동회,Day2
30년전통도없고비법도없지만뭔가하는부스,단조,F-18b,F,18,b,1sp,블루 록,,,,,"로맨틱,해당없음",,"만화,일러스트",asharfminor,https://dongne.co/events/sports11/circles/170068,제11회 대운동회,Day2
카고 가는 4인 가족이다,네로,G-13b,G,13,b,1sp,메달리스트,,메달리스트 쁘띠존: 딸기케이크붕어빵 트럭,,,,,소설,ner0u0,https://dongne.co/events/sports11/circles/170199,제11회 대운동회,Day2
오이오이농놀을좋아하며농구지식만으로53만ksh를능가하는수준의농구력을가지고있는농놀오타쿠당신대퇴이두흉쇄유돌척추기립삼두괄약근은멀쩡한거냐.,뚱쿼,M-02b,M,02,b,1sp,가비지타임,,,<가비지타임>작 중 캐릭터,최종수X박병찬,"해당없음,로맨틱",준수영중,"소설,만화,일러스트",happy7quokka,https://dongne.co/events/sports11/circles/170100,제11회 대운동회,Day2
별사탕 키우기 613일차,낑깡,M-05b,M,05,b,1sp,가비지타임,,,"기상호,정희찬",,"로맨틱,섹슈얼",태성은재,만화,sandokkang,https://dongne.co/events/sports11/circles/169558,제11회 대운동회,Day2
7번사랑단,웃쓰,C-13b,C,13,b,1sp,슬램덩크,,태섭대만 쁘띠존 : LOVE SIGNAL 714%,"송태섭,정대만",,로맨틱,,"소설,일러스트,공예",UchetongU,https://dongne.co/events/sports11/circles/169950,제11회 대운동회,Day2
비밀번호711,뀨,D-23,D,23,,2sp,슬램덩크,주술회전,센루 쁘띠존 711의 여름,"윤대협,서태웅,고죠,게토",,로맨틱,,,mangmu_lover,https://dongne.co/events/sports11/circles/169748,제11회 대운동회,Day2
714년 전통 사골 복비리탕,"비오는날개구리, 복복",D-11,D,11,,2sp,슬램덩크,,태섭대만 쁘띠존 : LOVE SIGNAL 714%,,송태섭X정대만,로맨틱,,"만화,공예,소설",BIRI_TSDM,https://dongne.co/events/sports11/circles/169631,제11회 대운동회,Day2
714호 키링은 화난 브로콜리 키링,시롱토,D-10,D,10,,2sp,슬램덩크,,태섭대만 쁘띠존 : LOVE SIGNAL 714%,송태섭 정대만,송태섭X정대만,"로맨틱,섹슈얼",료미츠,"만화,일러스트,소설,기타",qltn_ga,https://dongne.co/events/sports11/circles/170034,제11회 대운동회,Day2
에노시마 풋볼필드역 8번출구,홈리스,"E-10, E-11",E,10,,4sp,아이실드21,,폐품 쿼터백 리사이클shop,히루마 요이치,,로맨틱,없음,"소설,만화",nowimhomeless,https://dongne.co/events/sports11/circles/169832,제11회 대운동회,Day2
9499,"지유,여리",A-22,A,22,,2sp,슬램덩크,,우성명헌 쁘띠존 | 우연일까? 운명이야!,정우성X이명헌,,,,,Bam__ppy,https://dongne.co/events/sports11/circles/169902,제11회 대운동회,Day2
99세김춘배씨의최후진심100끌어치기,뽈보,M-03b,M,03,b,1sp,,,,,,,,,,https://dongne.co/events/sports11/circles/173246,제11회 대운동회,Day2
Cerulean+Blue,Sipir,M-04,M,04,,2sp,가비지타임,하이큐,,,,,,,sipir02,https://dongne.co/events/sports11/circles/169571,제11회 대운동회,Day2
COOL PLAYERS NEVER DIE,,F-19a,F,19,a,1sp,블루록,,,,,,,,,https://dongne.co/events/sports11/circles/174854,제11회 대운동회,Day2
D-Esper,케링,D-05,D,05,,2sp,슬램덩크,쿠로코의농구,센루 쁘띠존 711의 여름,서태웅,윤대협X서태웅,"로맨틱,섹슈얼",키카사,"만화,일러스트",d_esper_,https://dongne.co/events/sports11/circles/169492,제11회 대운동회,Day2
GYURI,김규리,J-13a,J,13,a,1sp,하이큐!!,,,,,,,,,https://dongne.co/events/sports11/circles/169541,제11회 대운동회,Day2
http://www.613.com,,M-05a,M,05,a,1sp,가비지타임,,,"기상호,정희찬",기상호X정희찬,"로맨틱,섹슈얼",,만화,cluxxing,https://dongne.co/events/sports11/circles/174781,제11회 대운동회,Day2
옥천HUB,람람,D-21a,D,21,a,1sp,슬램덩크,,센루 쁘띠존 711의 여름,"센루,대협태웅",센루X센루X루카와 카에데X서태웅,,,소설,flatb201,https://dongne.co/events/sports11/circles/169968,제11회 대운동회,Day2
승재승 is 달콤달콤,VT,M-19,M,19,,2sp,가비지타임,,,"진재유,임승대",진재유X임승대,로맨틱,재유승대 승대재유 승재승,,otimku,https://dongne.co/events/sports11/circles/175065,제11회 대운동회,Day2
마지 LOVE 4500%,풀빡,I-08a,I,08,a,1sp,겁쟁이페달,,,"아오야기 하지메,테시마 준타",아오야기 하지메X테시마 준타,로맨틱,,"만화,일러스트",banilrapipi,https://dongne.co/events/sports11/circles/173556,제11회 대운동회,Day2
Merry Blue,한혜지,G-08a,G,08,a,1sp,"케이팝데몬헌터스,머메이드 멜로디 피치피치핏치,약사의 혼잣말",,,,,해당없음,,,merry_blue_,https://dongne.co/events/sports11/circles/174782,제11회 대운동회,Day2
Mr.Princess,"火星,  구구계",A-02,A,02,,2sp,슬램덩크,,우성명헌 쁘띠존 | 우연일까? 운명이야!,"정우성,이명헌,우성명헌",정우성X이명헌,로맨틱,,만화,"tora94tora1114, or77rb1",https://dongne.co/events/sports11/circles/173469,제11회 대운동회,Day2
Not too cold,이도,D-04,D,04,,2sp,슬램덩크,,센루 쁘띠존 711의 여름,윤대협 서태웅,,"섹슈얼,로맨틱",,"소설,만화,일러스트",ido_sendoh,https://dongne.co/events/sports11/circles/169967,제11회 대운동회,Day2
Pastel Orange,heidi,D-03a,D,03,a,1sp,슬램덩크,,센루 쁘띠존 711의 여름,"윤대협,서태웅",,"로맨틱,섹슈얼",,,tpqmsxdlffpqms,https://dongne.co/events/sports11/circles/169549,제11회 대운동회,Day2
Puppy's Hair Salon,"LaTortilla,TOMATOGEGGS,joyghost",C-11,C,11,,2sp,슬램덩크,,태섭대만 쁘띠존 : LOVE SIGNAL 714%,송태섭 정대만,송태섭X정대만,로맨틱,,"일러스트,만화",LaTortilla714,https://dongne.co/events/sports11/circles/173194,제11회 대운동회,Day2
Red camel,스눕,G-17b,G,17,b,1sp,메달리스트,,메달리스트 쁘띠존: 딸기케이크붕어빵 트럭,요다카 쥰,요다카 쥰X아케우라지 츠카사,로맨틱,,소설,noop_kee,https://dongne.co/events/sports11/circles/169494,제11회 대운동회,Day2
Sourplace,사워,D-02,D,02,,2sp,슬램덩크,,센루 쁘띠존 711의 여름,"윤대협,서태웅",,"로맨틱,섹슈얼",,"만화,소설",sourcream0314,https://dongne.co/events/sports11/circles/169941,제11회 대운동회,Day2
Two Rabbits & 자몽공방,Rabbits,G-18,G,18,,2sp,하이큐,,,,,,,"공예,기타",,https://dongne.co/events/sports11/circles/169544,제11회 대운동회,Day2
카이도를 믿기 vs 코미야를 믿기,스파게티,H-12a,H,12,a,1sp,100m,,,,카이도X토가시,"로맨틱,섹슈얼",미야토가,만화,,https://dongne.co/events/sports11/circles/174787,제11회 대운동회,Day2
YOHANA BOOKS,"역, 딩구공",A-08,A,08,,2sp,슬램덩크,,호열백호 ∞ 여름! 양키! : 熱戰,,양호열X강백호,,,,rksd1dur,https://dongne.co/events/sports11/circles/169868,제11회 대운동회,Day2
쾅 =͟͟͞͞ ●))’ω・)､;’.･,3월파도,M-24b,M,24,b,1sp,가비지타임,하이큐,,,전영중X성준수,,하이큐 스가와라,,,https://dongne.co/events/sports11/circles/169728,제11회 대운동회,Day2
탐조(探鳥)동인협회,리트,F-12,F,12,,2sp,더 화이팅,,,,타카무라 마모루X카모가와 겐지,,,,,https://dongne.co/events/sports11/circles/169982,제11회 대운동회,Day2
深海食堂,모즈쿠,A-03a,A,03,a,1sp,SLAMDUNK,,우성명헌 쁘띠존 | 우연일까? 운명이야!,정우성 이명헌,정우성X이명헌,로맨틱,,만화,pinyong36,https://dongne.co/events/sports11/circles/170009,제11회 대운동회,Day2
호열백호 ∞ 여름! 양키! : 熱戰 주최부스,,A-12,A,12,,2sp,,,호열백호 ∞ 여름! 양키! : 熱戰,,,,,,,https://dongne.co/events/sports11/circles/175401,제11회 대운동회,Day2
:),거베라,S-10,S,10,,2sp,"명문고 EX급 조연의 리플레이,명급리","반월당의 기묘한 이야기,엘소드",,,,,,,g_rbera_,https://dongne.co/events/df260702/circles/170702,제34회 디. 페스타(일),Day2
.,.,J-20b,J,20,b,1sp,.,,,,,,,소설,,https://dongne.co/events/df260702/circles/170334,제34회 디. 페스타(일),Day2
.,7029honey,T-22,T,22,,2sp,,,,,,,,,,https://dongne.co/events/df260702/circles/171197,제34회 디. 페스타(일),Day2
ㄹ,식혜,U-16a,U,16,a,1sp,블리치,,,,,,,,,https://dongne.co/events/df260702/circles/171097,제34회 디. 페스타(일),Day2
ㅡ,아시,U-20a,U,20,a,1sp,,,,,,,,,,https://dongne.co/events/df260702/circles/170579,제34회 디. 페스타(일),Day2
훤,squirrel2389,J-19,J,19,,2sp,,,,,,,,,G_hywon,https://dongne.co/events/df260702/circles/170846,제34회 디. 페스타(일),Day2
더 실,신한나,V-10b,V,10,b,1sp,"이누야샤,세일러문,원피스",,,,,,,,the_sil_,https://dongne.co/events/df260702/circles/174950,제34회 디. 페스타(일),Day2
숲 공방,야엉,I-21,I,21,,2sp,,,,,,,,,aong_illust,https://dongne.co/events/df260702/circles/175208,제34회 디. 페스타(일),Day2
흙 속의 인디고,인디고,H-01b,H,01,b,1sp,,,,,,,,공예,digogo5220,https://dongne.co/events/df260702/circles/170358,제34회 디. 페스타(일),Day2
아 오지마 그림체 옮잖아!,페일,Y-02,Y,02,,2sp,월드 다이 스타,"마법소녀의 마녀재판,코난 등",,시리우스&에덴 중심,오오토리 코코나X시즈카,"로맨틱,로맨틱","(월드 다이 스타) 다이니카, (마법소녀의 마녀재판) 에마유키, 안미리, (코난) 레이히로","만화,일러스트",kkot_pipi,https://dongne.co/events/df260702/circles/171322,제34회 디. 페스타(일),Day2
네 기분은상관없다 슈마이를먹어라,도박꾼,X-02a,X,02,a,1sp,18TRIP,앙상블 스타즈,,,,,,일러스트,dobakkkun,https://dongne.co/events/df260702/circles/171334,제34회 디. 페스타(일),Day2
"네, 재관국입니다. 네? 시민님이 괴담에 빠지셨다고요??!! 지금 당장 출동하겠습니다.","댕댕이, 하트대가리",N-04,N,04,,2sp,"괴담에 떨어져도 출근을 해야 하는구나,괴담출근",,,"최요원,김솔음,J3,이자헌,이성해,류재관,백사헌",,"로맨틱,해당없음",,일러스트,heart_daegari,https://dongne.co/events/df260702/circles/170598,제34회 디. 페스타(일),Day2
희:삐아체레 사천당가에디션,삐아체레,S-16,S,16,,2sp,화산귀환,,,,,,,,,https://dongne.co/events/df260702/circles/170506,제34회 디. 페스타(일),Day2
적.폐.상.점. 네? 니 부스명.,뇨끼,P-06b,P,06,b,1sp,"괴담출근,괴담에 떨어져도 출근을 해야 하는구나",,,<괴담에 떨어져도 출근을 해야 하는구나> 작 중 캐릭터,,해당없음,,만화,gnoccchi_99,https://dongne.co/events/df260702/circles/170284,제34회 디. 페스타(일),Day2
괴큐,영큐,N-10,N,10,,2sp,"괴담출근,변호됨",,,,강민재X차주한,,,,Zero_Q_0q,https://dongne.co/events/df260702/circles/170783,제34회 디. 페스타(일),Day2
달야,달야,P-24,P,24,,2sp,괴담에 떨어져도 출근을 해야 하는구나,"데뷔 못 하면 죽는 병 걸림,마법명가 차남으로 살아남는 법",,ALL,,,,일러스트,Dalya_png,https://dongne.co/events/df260702/circles/170709,제34회 디. 페스타(일),Day2
듀듀,므얌,T-02,T,02,,2sp,포켓몬스터,다이아몬드 에이스,,"포켓몬스터,<다이아몬드 에이스> 세이도 고교",,,,,"gyulja_, comuevery",https://dongne.co/events/df260702/circles/171184,제34회 디. 페스타(일),Day2
메론,메론,Y-13,Y,13,,2sp,헌터x헌터,,,,,,,,,https://dongne.co/events/df260702/circles/171329,제34회 디. 페스타(일),Day2
미정,밀론,V-18a,V,18,a,1sp,사이키쿠스오의 재난,"오오에,죠죠의 기묘한 모험",,"사이키 쿠스오 (대표),사이키 쿠스오의 재난 모든 캐릭터들",사이키 쿠스오 (대표)X테루하시 코코미,"로맨틱,섹슈얼",,"만화,공예,조형",,https://dongne.co/events/df260702/circles/174932,제34회 디. 페스타(일),Day2
미정,빼앰,O-19,O,19,,2sp,괴담에 떨어져도 출근을 해야 하는구나,,,"솔음,최요원,류재관,이자헌,브라운",,해당없음,"브라운X김솔음, 이자헌X김솔음",,kkwaek_duck,https://dongne.co/events/df260702/circles/170402,제34회 디. 페스타(일),Day2
뿅뿅,삐용삐용,O-13b,O,13,b,1sp,괴담에 떨어져도 출근을 해야하는구나,고깔모자의 아틀리에,,최요원,김솔음X최 요원,"섹슈얼,로맨틱,로맨틱,섹슈얼",키오르,만화,p0_book,https://dongne.co/events/df260702/circles/170595,제34회 디. 페스타(일),Day2
왼뜨,왼뜨,Q-18b,Q,18,b,1sp,괴담출근,"데못죽,약사의혼잣말 등",,김솔음,,,,"일러스트,기타,공예",JD_CLOSET,https://dongne.co/events/df260702/circles/171118,제34회 디. 페스타(일),Day2
이사,이사,X-18,X,18,,2sp,주술회전,,,,,,,,,https://dongne.co/events/df260702/circles/170434,제34회 디. 페스타(일),Day2
크림,챠비별,J-23,J,23,,2sp,,,,,,,,,,https://dongne.co/events/df260702/circles/170587,제34회 디. 페스타(일),Day2
하지,하지,X-13,X,13,,2sp,가라오케가자,,,쿄사토,,,,만화,hajikara_iko,https://dongne.co/events/df260702/circles/171010,제34회 디. 페스타(일),Day2
취향 안 맞음,파솜,V-15,V,15,,2sp,골든 카무이,,,,,,,만화,gabojagowww,https://dongne.co/events/df260702/circles/171049,제34회 디. 페스타(일),Day2
니별 내별,미료,Q-14a,Q,14,a,1sp,데못죽,괴담출근.데못죽.플레이브,,,,,,"일러스트,기타,공예",miryo_33,https://dongne.co/events/df260702/circles/170496,제34회 디. 페스타(일),Day2
제일 난제,호미,J-03,J,03,,2sp,,,,,,,,,,https://dongne.co/events/df260702/circles/170322,제34회 디. 페스타(일),Day2
이번 역은 [페나코니] 입니다!,교,V-22b,V,22,b,1sp,붕괴: 스타레일,페르소나 시리즈,,,,,,영상,T4o3p,https://dongne.co/events/df260702/circles/173675,제34회 디. 페스타(일),Day2
진짜 이걸 다 판다고? 그래.,듀랑,Q-05,Q,05,,2sp,문과라도 안 죄송한 이세계로 감,"진혼기,문호 스트레이독스,마법명가 차남으로 살아남는 법",,,,,,,jabtang_yong__,https://dongne.co/events/df260702/circles/170918,제34회 디. 페스타(일),Day2
복합 문화 공간,이딴말처음봄,J-22,J,22,,2sp,"우마무스메 PRETTY DERBY,붕괴: 스타레일",오오에,,,,,,,,https://dongne.co/events/df260702/circles/174601,제34회 디. 페스타(일),Day2
이거 조아 저거 도라,"조아,도라",T-04,T,04,,2sp,"포켓몬스터,핸드메이드,플레이브",,,포켓몬스터 포켓몬,,,,"일러스트,공예",everythingjoa,https://dongne.co/events/df260702/circles/171285,제34회 디. 페스타(일),Day2
볕이 드는 언덕길,쿠렌,T-16b,T,16,b,1sp,,,,,,,,,,https://dongne.co/events/df260702/circles/170663,제34회 디. 페스타(일),Day2
나도 부스 내보고 싶다,퍼엉,J-04a,J,04,a,1sp,,,,,,,,사진,temperature,https://dongne.co/events/df260702/circles/170865,제34회 디. 페스타(일),Day2
나는 이제 심해를 안다.,하내,Q-03,Q,03,,2sp,어두운 바다의 등불이 되어,,,ncp,,,,,Light1nth3Dark,https://dongne.co/events/df260702/circles/170459,제34회 디. 페스타(일),Day2
서로 파는 장르는 달라도 우리는 모두 친구,룽,V-05a,V,05,a,1sp,"명일방주,마법명가 차남으로 살아남는 법,포켓몬스터","괴담에 떨어져도 출근을 해야 하는구나,어두운 바다의 등불이 되어,슬램덩크,주술회전,뱅드림 잇츠 마이고!!!!!,뱅드림 아베무지카",,,,,호열백호(요하나),일러스트,madeinroong,https://dongne.co/events/df260702/circles/175332,제34회 디. 페스타(일),Day2
최솔 팔아 룩키마트,응응,N-20,N,20,,2sp,괴담에 떨어져도 출근을 해야 하는구나(웹소설),,,"최요원,김솔음",최요원X김솔음,로맨틱,,"만화,일러스트",eung20022,https://dongne.co/events/df260702/circles/170757,제34회 디. 페스타(일),Day2
고개 숙인 제트기의 자존심,김기절,U-11a,U,11,a,1sp,트랜스포머,트랜스포머 애니메이티드,,트랜스포머 올캐러,,"섹슈얼,해당없음",,"만화,일러스트",fafodoco11,https://dongne.co/events/df260702/circles/171227,제34회 디. 페스타(일),Day2
사실 제가 진짜입니다,쟈가비루,Y-05,Y,05,,2sp,"림버스 컴퍼니,아인",보컬로이드,,,,,,,0xs362834,https://dongne.co/events/df260702/circles/170618,제34회 디. 페스타(일),Day2
저와 함께 최솔하세요,HARI,N-21a,N,21,a,1sp,괴담출근,,,,최요원X김솔음,로맨틱,,만화,hr_rhlcnf,https://dongne.co/events/df260702/circles/170307,제34회 디. 페스타(일),Day2
감자 팔아요,감자계,W-06b,W,06,b,1sp,사우스파크,,,,스탠 마시X카일 브로플로브스키,로맨틱,,,,https://dongne.co/events/df260702/circles/170704,제34회 디. 페스타(일),Day2
공방 프리즘,리즈,G-03a,G,03,a,1sp,,,,,,,,,,https://dongne.co/events/df260702/circles/170760,제34회 디. 페스타(일),Day2
영역 사이의 영역,민아,W-22a,W,22,a,1sp,갓오브워 시리즈 (게임),,,,,,,"만화,소설",hamofwar36,https://dongne.co/events/df260702/circles/170834,제34회 디. 페스타(일),Day2
나쁜 늑대가 끌리는 이유,룬,X-24b,X,24,b,1sp,18TRIP,,,니시조노 렌가,키바X니시조노 렌가,해당없음,,"만화,일러스트",ruu_fa_,https://dongne.co/events/df260702/circles/171366,제34회 디. 페스타(일),Day2
봄봄 스튜디오,아사,Q-09,Q,09,,2sp,괴담출근,,,,,,,,,https://dongne.co/events/df260702/circles/170925,제34회 디. 페스타(일),Day2
제발 다시한번 기회를 ,냐스피린,U-05,U,05,,2sp,"오오에,앙상블 스타즈 (앙스타),괴담출근,만달로리안",,,,,,,"일러스트,만화,소설",,https://dongne.co/events/df260702/circles/173488,제34회 디. 페스타(일),Day2
다들 마음속에 옛날에 봤었던 「청의 엑소시스트」하나씩 있으시죠?,sesu,U-16b,U,16,b,1sp,청의 엑소시스트,,,,오쿠무라 유키오X오쿠무라 린,로맨틱,,,sesu_u,https://dongne.co/events/df260702/circles/170275,제34회 디. 페스타(일),Day2
도쿄 가정교사 히트맨 리벤져스,오포,"X-10, X-11",X,10,,4sp,"도리벤(도쿄리벤저스),가정교사 히트맨 리본 가히리",,,,야마모토 타케시X사와다 츠나요시,,타케른,,,https://dongne.co/events/df260702/circles/170736,제34회 디. 페스타(일),Day2
곤과 키르아의 사랑을 응원합니다,김규뉴,Y-12,Y,12,,2sp,Hunter X Hunter,,,곤 키르아,곤X키르아,해당없음,키르아 x 곤,"기타,일러스트,만화",KimGyunyu,https://dongne.co/events/df260702/circles/171229,제34회 디. 페스타(일),Day2
유자 에이드와 페스츄리,큐화,X-07b,X,07,b,1sp,천지창조 디자인부,창작,,,,,,"만화,일러스트",,https://dongne.co/events/df260702/circles/170960,제34회 디. 페스타(일),Day2
사립 플레이어 니지산지 고교,도치,X-06a,X,06,a,1sp,"명문고 EX급 조연의 리플레이(명급리),버츄얼 유튜버(니지산지)","단간론파,파이널 판타지 14,세포신곡",,"황지호(황호),켄모치 토우야",,,,,,https://dongne.co/events/df260702/circles/170930,제34회 디. 페스타(일),Day2
아아 미안하다 해적질을 하러 가야만 한다,"네아툰, 과도, 화",V-13,V,13,,2sp,원피스,회색도시,,"마르코,그 외 원피스 캐릭터들,회색도시 올캐러",샹크스X마르코,로맨틱,,"소설,공예,일러스트,만화","neatun_1, gwado336470, hwa_the_flower",https://dongne.co/events/df260702/circles/171252,제34회 디. 페스타(일),Day2
이런 애들이여도 부스를 내는구나,믱,S-09,S,09,,2sp,"명문고 EX급 조연의 리플레이,화산귀환,트라이건","이번 생은 우주 대스타(이생우),마법학교 마법사로 살아가는 법(마마살),백작가의 망나니가 되었다(백망되)",,"당보,청명,밧슈 더 스탬피드",,"로맨틱,로맨틱","당보청명, 울프밧슈","일러스트,기타",muingn1m,https://dongne.co/events/df260702/circles/171185,제34회 디. 페스타(일),Day2
뭐든 해보겠습니다,에러,P-22,P,22,,2sp,괴담출근,데못죽 전독시 이착헌,,,,,,기타,cookielike21,https://dongne.co/events/df260702/circles/171093,제34회 디. 페스타(일),Day2
분노! 우울··· 배신감!!,패트와매트,Q-18a,Q,18,a,1sp,괴담출근,"은혼,젤다의전설",,,,,,일러스트,gigigoeg,https://dongne.co/events/df260702/circles/170263,제34회 디. 페스타(일),Day2
잠깐!!만달그로보고가세요,하지만,T-06a,T,06,a,1sp,만달로리안,만달로리안,,"만달로리안,딘자린,그로구",,해당없음,,만화,however1but,https://dongne.co/events/df260702/circles/175308,제34회 디. 페스타(일),Day2
ㅁㅇㅅ,포실,R-24,R,24,,2sp,망아살,블배 데못죽,,,,,,일러스트,bposil,https://dongne.co/events/df260702/circles/170843,제34회 디. 페스타(일),Day2
ㅈㄷㄹ,세계,S-02,S,02,,2sp,,,,,,,,,,https://dongne.co/events/df260702/circles/170556,제34회 디. 페스타(일),Day2
강아지,지렁이,Y-17,Y,17,,2sp,"젤다의 전설,작혼 : 리치마작",,,,,,,"만화,게임,기타",,https://dongne.co/events/df260702/circles/171349,제34회 디. 페스타(일),Day2
기름솥,93847,R-07,R,07,,2sp,인사반파자구계통,,,,,,,,,https://dongne.co/events/df260702/circles/170982,제34회 디. 페스타(일),Day2
기름솥,파혠,T-13b,T,13,b,1sp,장송의 프리렌,,,프리렌,힘멜X프리렌,로맨틱,슈타페른,일러스트,veilchenn_,https://dongne.co/events/df260702/circles/170876,제34회 디. 페스타(일),Day2
기름솥,통모짜핫도그,R-18b,R,18,b,1sp,이합화타적백묘사존,"병안본,인사반파자구계통",,"연만,위칭,빙추",,,,소설,wjwx_1154,https://dongne.co/events/df260702/circles/170833,제34회 디. 페스타(일),Day2
나수집,나수,G-02b,G,02,b,1sp,니지산지,,,,,,,,nasu_taku,https://dongne.co/events/df260702/circles/170325,제34회 디. 페스타(일),Day2
난장판,피달이,R-02,R,02,,2sp,마법명가 차남으로 살아남는 법,,,,루카스 아스카니엔X나르케 파르네세,"로맨틱,섹슈얼",,"만화,소설,일러스트",,https://dongne.co/events/df260702/circles/175198,제34회 디. 페스타(일),Day2
냐냐냥,개누니,V-14b,V,14,b,1sp,골든카무이,"죽지 않으려면,니지산지",,,우사미X오가타,해당없음,"임다준×푸딩,켄모치토우야×츠키노미토","만화,일러스트",isdallar,https://dongne.co/events/df260702/circles/171084,제34회 디. 페스타(일),Day2
다이소,펭귄,S-12,S,12,,2sp,"명급리,원피스,프리파라","요괴학교 선생님이 되었습니다!,오오에,우우울트라C",,,,로맨틱,,일러스트,BHa_103,https://dongne.co/events/df260702/circles/171264,제34회 디. 페스타(일),Day2
닭강정,입이강정,O-12,O,12,,2sp,괴담에 떨어져도 출근을 해야 하는구나,"너희들은 변호됐다,이세계 착각헌터",,,김기려X강창호,,"류재관×최요원, 강민재×차주한",만화,Wonsaeng_e,https://dongne.co/events/df260702/circles/170792,제34회 디. 페스타(일),Day2
돌나라,"앙, 치",T-08,T,08,,2sp,닥터스톤,,,,,,,,"stone_ang, subjectxeno",https://dongne.co/events/df260702/circles/173215,제34회 디. 페스타(일),Day2
리그렛,루리,Z-05,Z,05,,2sp,"홀로라이브,보컬로이드","도검난무,아이돌리쉬 세븐(아이나나)",,"하츠네미쿠,시라카미 후부키,히메모리 루나,주우후테이라덴,카가미네 린렌,카이토",,해당없음,,,,https://dongne.co/events/df260702/circles/173217,제34회 디. 페스타(일),Day2
맞서다,게오오니,O-09b,O,09,b,1sp,괴담출근,,,류재관 최요원,,로맨틱,,만화,dangerousgayoni,https://dongne.co/events/df260702/circles/170936,제34회 디. 페스타(일),Day2
메아리,메야리,I-19b,I,19,b,1sp,1차창작,"1차 창작,소닉",,,,,,"만화,일러스트",me_ya_ri,https://dongne.co/events/df260702/circles/170896,제34회 디. 페스타(일),Day2
밥찵여,asdf,V-21,V,21,,2sp,붕괴 스타레일,,,"파이논,마이데이",파이논X마이데이,,,만화,chu_asdf,https://dongne.co/events/df260702/circles/170412,제34회 디. 페스타(일),Day2
섬가자,덤덤,U-01,U,01,,2sp,오오에,,,"오오사키,후네노,탐정사무소",오오사키X후네노,로맨틱,,만화,dansidumper,https://dongne.co/events/df260702/circles/174528,제34회 디. 페스타(일),Day2
소고별,유하나,H-01a,H,01,a,1sp,,,,,,,,공예,sogoplanet,https://dongne.co/events/df260702/circles/171091,제34회 디. 페스타(일),Day2
소요당,소요,H-21,H,21,,2sp,,,,,,,,"일러스트,공예,기타",soyodang_works,https://dongne.co/events/df260702/circles/170216,제34회 디. 페스타(일),Day2
손부림,라야,G-20,G,20,,2sp,태팅레이스,,,,,,,공예,sonbulim,https://dongne.co/events/df260702/circles/170515,제34회 디. 페스타(일),Day2
수박밭,수박,T-16a,T,16,a,1sp,"윈브레,괴수8호",,,"나루미 겐,호시나 소우시로,사쿠라 하루카 외 윈드브레이커 캐릭터 여러명",,,,"일러스트,기타",supark_naru,https://dongne.co/events/df260702/circles/171233,제34회 디. 페스타(일),Day2
아멜로,공쥬,G-19,G,19,,2sp,요술봉키링,레진키링 탑로더 레진스마트톡,,,,,,,amello_art,https://dongne.co/events/df260702/circles/170590,제34회 디. 페스타(일),Day2
아지트,Azt,W-13,W,13,,2sp,"닌자보이 란타로,고깔모자의 아틀리에",,,,,,,,"ZTZTZT___, _a_zt_",https://dongne.co/events/df260702/circles/171196,제34회 디. 페스타(일),Day2
안경충,49,Y-11a,Y,11,a,1sp,한터헌터,마마마,,,,,,,49_sedeju,https://dongne.co/events/df260702/circles/170596,제34회 디. 페스타(일),Day2
안좋아,SanYang,Y-03b,Y,03,b,1sp,프리파라,"페르소나,단간론파",,,,,,"만화,일러스트",CKM_18oz,https://dongne.co/events/df260702/circles/170968,제34회 디. 페스타(일),Day2
야광충,앵,Y-10,Y,10,,2sp,히카루의 바둑,,,,,,,,eln9au_pic,https://dongne.co/events/df260702/circles/170243,제34회 디. 페스타(일),Day2
웰피스,웰브,W-03b,W,03,b,1sp,사우스파크 메달리스트 던전밥,보컬로이드,,,,,,,,https://dongne.co/events/df260702/circles/171051,제34회 디. 페스타(일),Day2
은빛길,심은하,J-24a,J,24,a,1sp,[하늘연달],* 카드캡터사쿠라,,,,,,,,https://dongne.co/events/df260702/circles/175214,제34회 디. 페스타(일),Day2
자뿌스,zinsorry,V-24b,V,24,b,1sp,호요버스,지옥락,,,케리드라X히실렌스,"섹슈얼,로맨틱",,"만화,소설",beeeqr,https://dongne.co/events/df260702/circles/170884,제34회 디. 페스타(일),Day2
작두탐,하라,N-21b,N,21,b,1sp,괴담에 떨어져도 출근을 해야 하는구나,,,"최 요원,김솔음",최 요원X김솔음,해당없음,,만화,,https://dongne.co/events/df260702/circles/175250,제34회 디. 페스타(일),Day2
콘시티,"나나참, 기꾼, 제빵",T-09,T,09,,2sp,닥터스톤,,,"스탠리 스나이더,제노 H. 윙필드",스탠리 스나이더X제노 H. 윙필드,"로맨틱,섹슈얼",,"만화,일러스트","OvO___VV7, fivegiggun, Lechate1ier",https://dongne.co/events/df260702/circles/171133,제34회 디. 페스타(일),Day2
털찐이,털찐이,G-21,G,21,,2sp,바람분댕,,,,,,,공예,tulzzini,https://dongne.co/events/df260702/circles/171057,제34회 디. 페스타(일),Day2
핀코네,미리,G-02a,G,02,a,1sp,,,,,,,,,S2PINCONE,https://dongne.co/events/df260702/circles/173763,제34회 디. 페스타(일),Day2
하급생,자라,W-09,W,09,,2sp,닌자보이 란타로,,,,,,,,jinjara126,https://dongne.co/events/df260702/circles/175264,제34회 디. 페스타(일),Day2
더쿠단 ,Dd,N-09,N,09,,2sp,,,,,,,,일러스트,ddolddo8_8,https://dongne.co/events/df260702/circles/171293,제34회 디. 페스타(일),Day2
이착주 ~이상한 나라의 착한 주댕려~,비스킷,R-20a,R,20,a,1sp,이착헌,,,정하성 김기려,정하성X김기려,"섹슈얼,로맨틱,로맨틱,섹슈얼",,만화,,https://dongne.co/events/df260702/circles/170539,제34회 디. 페스타(일),Day2
남기는 건 용서하지 않아,학센,W-10,W,10,,2sp,닌타마,,,도이 한스케 오하마 칸에몽 젠포우지 이사쿠,,,,,ohohkawa1133,https://dongne.co/events/df260702/circles/171122,제34회 디. 페스타(일),Day2
고양이 캔디,서민정,Y-07,Y,07,,2sp,"귀멸의칼날,체인소맨","카드캡터사쿠라,하이큐,포켓몬스터,페이트/그랜드 오더",,,,,,,lojetet,https://dongne.co/events/df260702/circles/174266,제34회 디. 페스타(일),Day2
굶지마 트친,,R-17,R,17,,2sp,"잔차품,슬램덩크,천추,군유질부,야요타야에야와디,야요타야아이야와디","괴담에 떨어져도 출근을 해야 하는구나,러브앤딥스페이스",,,,로맨틱,,일러스트,,https://dongne.co/events/df260702/circles/173990,제34회 디. 페스타(일),Day2
무리한 덕질,무리,Q-15,Q,15,,2sp,데뷔 못하면 죽는 병 걸림,,,신재현,,"로맨틱,섹슈얼",,소설,M_u_L_i_Y_a,https://dongne.co/events/df260702/circles/170504,제34회 디. 페스타(일),Day2
뭐라도 내자,일름쿤,P-03a,P,03,a,1sp,괴담출근,괴담출근,,김솔음,,,,"만화,기타",,https://dongne.co/events/df260702/circles/170233,제34회 디. 페스타(일),Day2
이세계 뜬다,찌야,R-20b,R,20,b,1sp,이세계 착각 헌터,어두운 바다의 등불이 되어,,레밍,,,,공예,,https://dongne.co/events/df260702/circles/175080,제34회 디. 페스타(일),Day2
어째서 이런 일이,어째서,O-13a,O,13,a,1sp,괴담출근,,,,,로맨틱,,만화,,https://dongne.co/events/df260702/circles/170786,제34회 디. 페스타(일),Day2
오리가 얼면 언덕,미롱,O-02,O,02,,2sp,괴담에 떨어져도 출근을 해야하는구나,"하이큐,앙상블스타즈,오늘부터 신령님,붕괴 스타레일,전지적 독자 시점",,,이자헌X김솔음,,,"만화,소설,게임",,https://dongne.co/events/df260702/circles/170868,제34회 디. 페스타(일),Day2
이래야 내가 살아,NM,S-19,S,19,,2sp,역전재판,파이널판타지14,,,나루호도X미츠루기,"로맨틱,로맨틱",,"소설,만화",181X161_,https://dongne.co/events/df260702/circles/170648,제34회 디. 페스타(일),Day2
이세계 축구 닌자,도해,W-18,W,18,,2sp,"나루토,블루록,이세계 착각 헌터",,,,,,,소설,yess__c,https://dongne.co/events/df260702/circles/170276,제34회 디. 페스타(일),Day2
세상에 나쁜 개는 없다,핌폼,X-04b,X,04,b,1sp,누카니발,,,,,,,,pimpompampomm,https://dongne.co/events/df260702/circles/171092,제34회 디. 페스타(일),Day2
백일몽 사택 사찰단,박사,N-16,N,16,,2sp,괴담출근,,,"김솔음,백사헌",김솔음X백사헌,"로맨틱,섹슈얼",,"만화,기타",baksasla_,https://dongne.co/events/df260702/circles/170701,제34회 디. 페스타(일),Day2
그런데 그때 몽골에 닌자가 나타났다,쭈돌,W-14,W,14,,2sp,"닌타마,천막의 자두가르",,,,,,,,Chudoll_917,https://dongne.co/events/df260702/circles/171273,제34회 디. 페스타(일),Day2
차라리 개랑 결혼하는 게 낫겠어,삐,X-01b,X,01,b,1sp,18TRIP,,,니시조노 렌가,,,,,,https://dongne.co/events/df260702/circles/173591,제34회 디. 페스타(일),Day2
그런데 그때 외계인이 나타났다,매미,R-22a,R,22,a,1sp,이세계 착각 헌터,,,김기려,,,,기타,cicada1231,https://dongne.co/events/df260702/circles/170437,제34회 디. 페스타(일),Day2
극락도 락이다,붓다,Q-20a,Q,20,a,1sp,<극락왕생>,오리지널(1차),,<극락왕생> 작 중 캐릭터,<극락왕생> 관음X<극락왕생> 문수,"로맨틱,섹슈얼",,"만화,소설",,https://dongne.co/events/df260702/circles/175131,제34회 디. 페스타(일),Day2
보스를 지켜라,힛츠,Y-11b,Y,11,b,1sp,헌터X헌터,은혼,,,,,,,,https://dongne.co/events/df260702/circles/171281,제34회 디. 페스타(일),Day2
세기말 오타쿠,로푸닝,U-07,U,07,,2sp,"신세기 에반게리온,소닉 더 헤지혹 시리즈,포켓몬스터,페르소나 시리즈",,,,,,,,,https://dongne.co/events/df260702/circles/175236,제34회 디. 페스타(일),Day2
솔이랑 샇이랑,옹씨,N-15b,N,15,b,1sp,괴담에 떨어져도 출근을 해야 하는구나,,,"김솔음,백사헌",김솔음X백사헌,로맨틱,,"일러스트,만화",ong6ik__999,https://dongne.co/events/df260702/circles/170808,제34회 디. 페스타(일),Day2
술탄의 냐스퍼,쌀토끼,T-01a,T,01,a,1sp,포켓몬스터,"원피스,술탄의 게임",,카라스바,공준X카라스바,"로맨틱,섹슈얼",,소설,dreamtokki,https://dongne.co/events/df260702/circles/170291,제34회 디. 페스타(일),Day2
애기공 보육원,"고줄망태, 제행무상",S-04,S,04,,2sp,"아이돌리쉬 세븐,용과 같이",,,,미네 요시타카X도지마 다이고,로맨틱,하루토우,"소설,만화","soolanZOOL, nnnthtrial",https://dongne.co/events/df260702/circles/170698,제34회 디. 페스타(일),Day2
프릴리 데이즈,플plz,G-03b,G,03,b,1sp,,,,,,,,공예,frillydayz,https://dongne.co/events/df260702/circles/170526,제34회 디. 페스타(일),Day2
흑염소 킷사텐,히메쨩,N-01a,N,01,a,1sp,괴담출근,,,,,,,,littlehime02,https://dongne.co/events/df260702/circles/170829,제34회 디. 페스타(일),Day2
이상한 나라의  잡화점,피치,G-23,G,23,,2sp,,,,,,,,,Twinkle_knoT,https://dongne.co/events/df260702/circles/169754,제34회 디. 페스타(일),Day2
하급생 오시의 단!,남현정,W-08,W,08,,2sp,닌자보이 란타로,,,"닌타마 학생,닌타마 올캐러",,,,"만화,소설",gugg_l,https://dongne.co/events/df260702/circles/174221,제34회 디. 페스타(일),Day2
정도를 모르는 부스,랑달,P-21,P,21,,2sp,괴담출근,마차살,,,,,,,Roman_jagi,https://dongne.co/events/df260702/circles/171198,제34회 디. 페스타(일),Day2
편지는 모르는 부스,편지,R-11b,R,11,b,1sp,너희들은 변호됐다,오오에,,,,,,,,https://dongne.co/events/df260702/circles/170469,제34회 디. 페스타(일),Day2
어두운 바다에 괴이 출몰,무까살,Q-13,Q,13,,2sp,괴출,어바등,,,,,,만화,deepsea_3000m,https://dongne.co/events/df260702/circles/170439,제34회 디. 페스타(일),Day2
스승의 은혜는 하늘 같아서,K,S-24b,S,24,b,1sp,역전재판,,,"카르마 고우,미츠루기 레이지",카르마 고우X미츠루기 레이지,,,만화,kahlerspace,https://dongne.co/events/df260702/circles/174872,제34회 디. 페스타(일),Day2
무서운 남자와 그의 강아지 남편,지존,R-18a,R,18,a,1sp,잔차품,"병안본,너희들은 변호됐다",,"루비싱,린징헝",루비싱X린징헝,로맨틱,강민재차주한,,zlzonegege,https://dongne.co/events/df260702/circles/170901,제34회 디. 페스타(일),Day2
방과후 단나더 동아리,양,Y-04a,Y,04,a,1sp,단간론파 어나더,,,,,,,기타,,https://dongne.co/events/df260702/circles/170625,제34회 디. 페스타(일),Day2
청동일 청동이 청동삼,gabae,S-03,S,03,,2sp,,,,,,,,,,https://dongne.co/events/df260702/circles/170814,제34회 디. 페스타(일),Day2
괴담에 빠져도 끝나지 않는 연회는 있구나,리리 /무명,N-19a,N,19,a,1sp,괴담출근,천관사복,,"최 요원,김솔음,은하제,화성,사련",최요원X김솔음,,"화성,사련","소설,일러스트","liliagrim, mumin1789",https://dongne.co/events/df260702/circles/171234,제34회 디. 페스타(일),Day2
괴담에 빠지면 덕질을 할수밖에 없구나 ,인디,P-17,P,17,,2sp,괴담에 떨어져도 출근을 해야 하는구나,,,"김솔음,최요원,류재관",,,,일러스트,InDiGo_LYN,https://dongne.co/events/df260702/circles/170862,제34회 디. 페스타(일),Day2
아가씨 송충이 줄겁니다,얼죽,T-23b,T,23,b,1sp,무기미도,,,"애들레이드,히파티아,시넥스,코히,크로우,야오,엔젤,캐슬로",애들레이드X히파티아,"로맨틱,섹슈얼",시넥히파시넥,만화,eoltto,https://dongne.co/events/df260702/circles/173456,제34회 디. 페스타(일),Day2
최애는 최애고 선아현은 선아현이다,코아,Q-17a,Q,17,a,1sp,데뷔 못 하면 죽는 병 걸림,,,"테스타,브이틱",,,,,koa06181111,https://dongne.co/events/df260702/circles/170533,제34회 디. 페스타(일),Day2
산타는 귀신이 아니라니까!,A2,S-23a,S,23,a,1sp,역전재판 시리즈,,,,나루호도류이치X미츠루기레이지,"로맨틱,섹슈얼",,만화,A298400_2,https://dongne.co/events/df260702/circles/173821,제34회 디. 페스타(일),Day2
디페에 떨어진 바보들이여도 마감을 해야 하는구나,루아,P-03b,P,03,b,1sp,괴담에 떨어져도 출근을 해야 하는구나,,,,,,,"기타,일러스트","rua_iyi, cava_owo, ichoesam",https://dongne.co/events/df260702/circles/170985,제34회 디. 페스타(일),Day2
우리가 사랑한...,이종,P-20,P,20,,2sp,"괴담출근,플레이브",핸드메이드 제품,,,,,,"기타,소설",51874wwii,https://dongne.co/events/df260702/circles/170993,제34회 디. 페스타(일),Day2
강철의 괴담영웅,BEMMUN,U-09,U,09,,2sp,"메탈카드봇,약한영웅(드라마),괴담에 떨어져도 출근을 해야 하는구나",,,"메탈카드봇,약한영웅,괴담출근",,,,"만화,소설","BEMMUN, Do_gakk0, jeojooseyo_p",https://dongne.co/events/df260702/circles/171187,제34회 디. 페스타(일),Day2
미야오 스튜디오,미야오 스튜디오,H-02,H,02,,2sp,,,,,,,,"공예,사진,기타",,https://dongne.co/events/df260702/circles/171171,제34회 디. 페스타(일),Day2
바도도 팝콘세트,이영,Z-01,Z,01,,2sp,프로젝트 세카이 컬러풀스테이지(feat. 하츠네 미쿠),,,"아오야기 토우야,시노노메 아키토",아오야기 토우야X시노노메 아키토,"로맨틱,섹슈얼",,"소설,일러스트,만화",kamihigh1112,https://dongne.co/events/df260702/circles/170674,제34회 디. 페스타(일),Day2
영혼의 만찐두빵,PIYO,U-15,U,15,,2sp,소울이터,,,"마카,소울,키드",,,,만화,poyoo_y9,https://dongne.co/events/df260702/circles/171083,제34회 디. 페스타(일),Day2
오타쿠 부대찌개,이끼풀,W-19,W,19,,2sp,닌타마 란타로,,,"도이 한스케,잣토 콘나몬",도이 한스케X드림주,로맨틱,잣토 드림,소설,,https://dongne.co/events/df260702/circles/170552,제34회 디. 페스타(일),Day2
외계인 드리프트,질주,U-10,U,10,,2sp,이니셜 D,"프레데터,에일리언,청의 엑소시스트",,"타카하시 케이스케,타카하시 료스케,후지와라 타쿠미,에일리언",,,,일러스트,speedjilju,https://dongne.co/events/df260702/circles/171288,제34회 디. 페스타(일),Day2
평범한 로후마오,산,Z-06b,Z,06,b,1sp,니지산지(로후마오),,,"카가미 하야토,켄모치 토우야,후와 미나토,카이다 하루",,,,영상,NJ_Ksan,https://dongne.co/events/df260702/circles/170705,제34회 디. 페스타(일),Day2
출근이 계속되는 괴담,곰고미,P-11,P,11,,2sp,괴담출근,,,김솔음,,,,,,https://dongne.co/events/df260702/circles/170510,제34회 디. 페스타(일),Day2
출근은 하더라도 덕질을 해야 하는구나,하인,O-10,O,10,,2sp,괴담에 떨어져도 출근을 해야 하는구나,"데뷔 못 하면 죽는 병 걸림,별의 커비",,"현장탐사 D조,현무1팀",류재관X최 요원,로맨틱,유진래빈,"만화,일러스트",hahinnom,https://dongne.co/events/df260702/circles/170288,제34회 디. 페스타(일),Day2
우리집 고양이는 두발로 걸어요,"삐², 수면안대",N-23a,N,23,a,1sp,괴담출근,데못죽,,김솔음,최 요원X김솔음,,,"만화,일러스트",Y_bbibbi,https://dongne.co/events/df260702/circles/170759,제34회 디. 페스타(일),Day2
괴담에 떨어져도 데뷔해서 살아남는 법,실에기,N-19b,N,19,b,1sp,괴담에 떨어져도 출근을 해야 하는구나,"데뷔 못 하면 죽는 병 걸림,마법명가 차남으로 살아남는 법",,김솔음,최요원X김솔음,해당없음,"이세진 × 박문대, 박문대 × 신재현, 레오나르드 × 루카스","일러스트,소설",_har_hare_,https://dongne.co/events/df260702/circles/170981,제34회 디. 페스타(일),Day2
노엘로 시작한자 홀리데이로 끝나리,고래엠,W-23,W,23,,2sp,델타룬,디시코믹스,,델타룬,델타룬 수지X델타룬 노엘,로맨틱,,"게임,만화","mmmmmmrmn, gorae443",https://dongne.co/events/df260702/circles/173980,제34회 디. 페스타(일),Day2
뮤이네 쌍둥이반찬,뮤이,X-24a,X,24,a,1sp,18TRIP,,,"시라미츠 류이,시라미츠 토이,요와 네타로",시라미츠 류이X시라미츠 토이,"로맨틱,로맨틱",,"만화,일러스트",meow2ya,https://dongne.co/events/df260702/circles/171365,제34회 디. 페스타(일),Day2
유기농 괴담미식회,경력사원,Q-11b,Q,11,b,1sp,괴담에 떨어져도 출근을 해야하는구나,,,"백일몽 주식회사 직원,초자연재난관리국 요원",,,,일러스트,organicindanger,https://dongne.co/events/df260702/circles/170447,제34회 디. 페스타(일),Day2
방위대 엑스트라에 빙의했다가 스불재,miro1412,S-01b,S,01,b,1sp,,,,,,,,,dlrdmsrka08,https://dongne.co/events/df260702/circles/171251,제34회 디. 페스타(일),Day2
요원은 공공재인가요,성화,O-07b,O,07,b,1sp,괴담에 떨어져도 출근을 해야 하는구나,,,최요원,,로맨틱,류재관 x 최요원,,noameyescar,https://dongne.co/events/df260702/circles/171235,제34회 디. 페스타(일),Day2
"무사히 돌아가십시오, 시민님.",시럽,O-05b,O,05,b,1sp,괴담에 떨어져도 출근을 해야 하는구나,,,,류재관X김솔음,"로맨틱,섹슈얼",,"만화,일러스트",,https://dongne.co/events/df260702/circles/174561,제34회 디. 페스타(일),Day2
위미각 정상영업합니다,"뇽구, 돌망, 아빠, SINiA2006",V-04,V,04,,2sp,명일방주,,,,,,,,Nyong9U,https://dongne.co/events/df260702/circles/170866,제34회 디. 페스타(일),Day2
오우예!,"파도, 다재, 살청, 소규모, 냠므","U-02, U-03",U,02,,4sp,"고서점가의 하시히메,괴담에 떨어져도 출근을 해야 하는구나","잃어버린정신머리를찾아서,데뷔 못 하면 죽는 병 걸림,오오에,보컬로이드,마법소녀 마도카★마기카(마마마)",,,,로맨틱,,,"b__mdks, DAJAE_public, hitman88887, sogyumo38, Mu_Nyammm",https://dongne.co/events/df260702/circles/173750,제34회 디. 페스타(일),Day2
갈레말?레애매하긴해,흑장,U-21b,U,21,b,1sp,파이널판타지14,,,제노스 예 갈부스 / 빛의 전사(자캐),제노스 예 갈부스X빛의 전사,로맨틱,,만화,KUR0__BARA,https://dongne.co/events/df260702/circles/173259,제34회 디. 페스타(일),Day2
흠냐뤼...,오,K-01a,K,01,a,1sp,가비지타임,,,,기상호X박병찬,"로맨틱,해당없음,로맨틱,해당없음",NCP,"만화,일러스트",_S2__21_,https://dongne.co/events/df260702/circles/170627,제34회 디. 페스타(일),Day2
여미계(여자에 미쳐 계약한 사람들),출근싫어 / 큐라,Q-07,Q,07,,2sp,괴담출근,없음,,아무거나,,,,,"chulgeunsiru, ssew7777",https://dongne.co/events/df260702/circles/170730,제34회 디. 페스타(일),Day2
디도스(디지도올스까스라는뜻),잘래,W-02,W,02,,2sp,"어메이징 디지털 서커스,디지털서커스",쿠키런 킹덤,,쿠키런 킹덤,사일런트 솔트X쉐도우 밀크,해당없음,,기타,I231010,https://dongne.co/events/df260702/circles/173957,제34회 디. 페스타(일),Day2
사바나&밀루,dasana,I-02,I,02,,2sp,,,,,,,,일러스트,,https://dongne.co/events/df260702/circles/170421,제34회 디. 페스타(일),Day2
가보자고,빈칸,T-14,T,14,,2sp,괴수8호,윈브레,,"나루미 겐,호시나 소우시로,스오 하야토,사쿠라 하루카",나루미 겐X호시나 소우시로,"해당없음,로맨틱",윈브레 스오사쿠,,_will_o_wisp__,https://dongne.co/events/df260702/circles/173664,제34회 디. 페스타(일),Day2
감자튀김,빌라누스,W-11a,W,11,a,1sp,"닌타마,오버워치",헌터 헌터,,,,,,"만화,일러스트,게임",nono_with7,https://dongne.co/events/df260702/circles/171087,제34회 디. 페스타(일),Day2
고깔라라,양사,X-12a,X,12,a,1sp,고깔모자의 아틀리에,,,"키프리,오르기오,코코,테티아,애거트,리체",키프리X오르기오,해당없음,,"만화,일러스트",wauwa33,https://dongne.co/events/df260702/circles/174816,제34회 디. 페스타(일),Day2
괴담야근,BN,P-18,P,18,,2sp,괴담출근,,,,,,,,,https://dongne.co/events/df260702/circles/170269,제34회 디. 페스타(일),Day2
괴척임무,뭉구,P-15,P,15,,2sp,괴담에 떨어져도 출근을 해야 하는구나,붕괴 스타레일,,"김솔음,최요원,류재관. J3",,,,,moongguyam,https://dongne.co/events/df260702/circles/171004,제34회 디. 페스타(일),Day2
꿀꿀이죽,먕이,O-20,O,20,,2sp,괴담출근,그외 등등 잡탕으로 나옵니다.,,,착한친구X솔음,해당없음,있을 수도 있습니다.,"만화,일러스트,공예,기타",,https://dongne.co/events/df260702/circles/171305,제34회 디. 페스타(일),Day2
나나니상,멘야,W-17,W,17,,2sp,나루토,,,"사스케,이타치",우치하 사스케X우치하 이타치,"로맨틱,섹슈얼",,"만화,일러스트",manya_012606,https://dongne.co/events/df260702/circles/170827,제34회 디. 페스타(일),Day2
다른아이,장상금,H-03,H,03,,2sp,,,,,,,,공예,,https://dongne.co/events/df260702/circles/175301,제34회 디. 페스타(일),Day2
댄싱래빗,댄싱래빗,G-05,G,05,,2sp,,,,,,,,,,https://dongne.co/events/df260702/circles/170463,제34회 디. 페스타(일),Day2
도트도트,빈아,Q-21a,Q,21,a,1sp,전독시,보컬로이드,,,,,,,Bin_a1216,https://dongne.co/events/df260702/circles/170768,제34회 디. 페스타(일),Day2
돼지감자,달려라김질풍,Z-20,Z,20,,2sp,"니지산지,콜 오브 듀티,DC코믹스","던전밥,좀비고,좀비고등학교,오버워치",,,,,,,ddudadu44,https://dongne.co/events/df260702/circles/171274,제34회 디. 페스타(일),Day2
되면한다,ㅎㅅ,P-23,P,23,,2sp,괴담출근,데못죽,,,,로맨틱,,만화,,https://dongne.co/events/df260702/circles/170254,제34회 디. 페스타(일),Day2
라모라모,모까,U-20b,U,20,b,1sp,"캐릭캐릭체인지,젤다의전설,슈가슈가룬",,,,,,,,"0617raon, mokamoka_illust",https://dongne.co/events/df260702/circles/170563,제34회 디. 페스타(일),Day2
말달리자,유자,V-18b,V,18,b,1sp,죠죠의 기묘한 모험,,,,,,,,,https://dongne.co/events/df260702/circles/170527,제34회 디. 페스타(일),Day2
멍롼최끌,곽다영,W-15,W,15,,2sp,천막의 자두가르,13장의 카드,,"파티마(시타라),오고타이,차가타이,마이리틀포니 캐릭터,13장의 카드 캐릭터",,해당없음,,,next_meganekun,https://dongne.co/events/df260702/circles/175356,제34회 디. 페스타(일),Day2
멧돼지에,공무원이좋다,O-09a,O,09,a,1sp,괴담에 떨어져도 출근을 해야 하는구나,,,,류재관X최요원,,,만화,,https://dongne.co/events/df260702/circles/170419,제34회 디. 페스타(일),Day2
무기버스,새집,V-20a,V,20,a,1sp,리버스: 1999,무기미도,,,,로맨틱,,만화,,https://dongne.co/events/df260702/circles/174765,제34회 디. 페스타(일),Day2
바질치즈,논산치즈,T-24b,T,24,b,1sp,산나비,,,산나비 캐릭터들,,,,,walkincheese_sn,https://dongne.co/events/df260702/circles/175364,제34회 디. 페스타(일),Day2
밤식빵집,밤식,"N-12, N-13",N,12,,4sp,괴담에 떨어져도 출근을 해야하는구나,데뷔 못하면 죽는 병 걸림,,,,,,일러스트,bambread_,https://dongne.co/events/df260702/circles/170776,제34회 디. 페스타(일),Day2
부릉부릉,균일,K-01b,K,01,b,1sp,"가비지타임,주술회전,F1",,,"성준수,전영중,젠인 마키,젠인 마이,막스 베르스타펜",성준수X전영중,"로맨틱,섹슈얼",마키마이 3363 +a (미정),소설,uuinnil,https://dongne.co/events/df260702/circles/174553,제34회 디. 페스타(일),Day2
쁘띠뽀짝,뽀짝쿵야,Q-12,Q,12,,2sp,"괴담출근,케데헌,오란고교,달빛천사,헌터헌터,원피스","이착헌,하이큐,플레이브,데못죽,전독시,내스급,코난,슬램덩크,쿠키런 킹덤,최애의 아이,스파이패밀리,뮤지컬 프랑켄슈타인,화산귀환",,,,,,,BBoJJaKKyu,https://dongne.co/events/df260702/circles/170299,제34회 디. 페스타(일),Day2
산지직송,강원도연어,J-21,J,21,,2sp,,,,,,,,,,https://dongne.co/events/df260702/circles/174768,제34회 디. 페스타(일),Day2
산큐마트,산큐,Q-08,Q,08,,2sp,괴담에 떨어져도 출근을 해야 하는구나,,,김솔음,,,,일러스트,_sanfont_,https://dongne.co/events/df260702/circles/170892,제34회 디. 페스타(일),Day2
상추돌돌,상추,Q-16,Q,16,,2sp,데못죽,괴담출근,,,,,,,sangchoodoldol,https://dongne.co/events/df260702/circles/171060,제34회 디. 페스타(일),Day2
소년현상,少年現象,X-23a,X,23,a,1sp,앙상블 스타즈!! Music,,,"아야세 마요이,카제하야 타츠미,사카사키 나츠메,아오바 츠무기,하루카와 소라",사카사키 나츠메X아오바 츠무기,로맨틱,,"만화,일러스트",5_145c,https://dongne.co/events/df260702/circles/170809,제34회 디. 페스타(일),Day2
시도상점,"이도, 시로",Y-14,Y,14,,2sp,스파이패밀리,헌터헌터,,"다미안,아냐,로이드,요르",다미안X아냐,로맨틱,로이요르,만화,"roido_00, SIRO666b",https://dongne.co/events/df260702/circles/171075,제34회 디. 페스타(일),Day2
아서부스,정당구리,"K-02, K-03",K,02,,4sp,,,,,,,,,,https://dongne.co/events/df260702/circles/170747,제34회 디. 페스타(일),Day2
안경부점,가나쵸,H-24,H,24,,2sp,"너희들은 변호됐다,변호됨",,,"강민재,차주한",강민재X차주한,,,일러스트,nisan24n,https://dongne.co/events/df260702/circles/170259,제34회 디. 페스타(일),Day2
업보팔이,업보,H-06,H,06,,2sp,,,,,,,,,,https://dongne.co/events/df260702/circles/170878,제34회 디. 페스타(일),Day2
오리연못,솔개,H-23,H,23,,2sp,,,,,,,,"일러스트,공예",Lemon_duck_pond,https://dongne.co/events/df260702/circles/171020,제34회 디. 페스타(일),Day2
유메유리,법법 ,Y-06,Y,06,,2sp,"마법소녀 마도카★마기카(마마마),보컬로이드,케이온,닥터스톤",,,"유니,시유,아케미 호무라,미키 사야카,타이나카 리츠,아키야마 미오,이시가미 센쿠,아사기리 겐",아케미 호무라X미키 사야카,로맨틱,"유니시유, 미오리츠, 센겐","만화,기타",bub_bub20,https://dongne.co/events/df260702/circles/170311,제34회 디. 페스타(일),Day2
은민상점,은민,I-01a,I,01,a,1sp,,,,,,,,일러스트,em913em,https://dongne.co/events/df260702/circles/170671,제34회 디. 페스타(일),Day2
이것저것,럽피,W-16a,W,16,a,1sp,나루토,나루토 헌터헌터 디지캐럿 오란고교 은혼 캐캐체,,나루토,,,,,luvpyclub,https://dongne.co/events/df260702/circles/170260,제34회 디. 페스타(일),Day2
조네책방,,J-04b,J,04,b,1sp,(창작),(창작),,,,,,,,https://dongne.co/events/df260702/circles/173335,제34회 디. 페스타(일),Day2
쪼물이들,요껑,I-06,I,06,,2sp,테일즈런너,진격거 단간론파 보보보,,,,,,"만화,일러스트,소설",yokong_bean,https://dongne.co/events/df260702/circles/170779,제34회 디. 페스타(일),Day2
천진무구,무구,Q-04b,Q,04,b,1sp,문과라도 안 죄송한 이세계로 감,,,,,,,,,https://dongne.co/events/df260702/circles/171044,제34회 디. 페스타(일),Day2
출근출근,록키,N-15a,N,15,a,1sp,괴담출근,디지몬,,,,,,,,https://dongne.co/events/df260702/circles/170274,제34회 디. 페스타(일),Day2
캬옹캬옹,카오 ,P-04,P,04,,2sp,괴담출근,,,괴출 캐릭터 올,,,,일러스트,KaO__0oo,https://dongne.co/events/df260702/circles/170626,제34회 디. 페스타(일),Day2
킬더실버,더실버,G-06,G,06,,2sp,,,,,,,,공예,kil_the_silver,https://dongne.co/events/df260702/circles/170567,제34회 디. 페스타(일),Day2
펠트모리,feltmori,G-22,G,22,,2sp,,,,폼앵폼앵,,,,공예,,https://dongne.co/events/df260702/circles/171351,제34회 디. 페스타(일),Day2
풍성빡빡,치카,V-16a,V,16,a,1sp,골든카무이,,,"시라이시,보타로",,로맨틱,,"만화,일러스트",chicken_kamui,https://dongne.co/events/df260702/circles/171015,제34회 디. 페스타(일),Day2
한왼난른,삠,Z-24,Z,24,,2sp,프로젝트세카이,누카니발,,,아오야기 토우야X시노노메 아키토,,,,yamS2pim,https://dongne.co/events/df260702/circles/171038,제34회 디. 페스타(일),Day2
화산이여,레또,S-17,S,17,,2sp,화산귀환,,,,,,,,letto9163,https://dongne.co/events/df260702/circles/170750,제34회 디. 페스타(일),Day2
환상뜨락,환상뜨락,G-04,G,04,,2sp,"탑꾸,탑로더","키링,볼꾸",,,,,,공예,Dreamy_garden,https://dongne.co/events/df260702/circles/173682,제34회 디. 페스타(일),Day2
희망해요,H,Q-01,Q,01,,2sp,어두운 바다의 등불이 되어,"괴담출근,진혼기,세포신곡,나루토,명탐정 코난,헌터 X 헌터",,,,,,"공예,조형",,https://dongne.co/events/df260702/circles/173135,제34회 디. 페스타(일),Day2
체리치즈 & 링고멘션,피링,I-05,I,05,,2sp,오리지널,"캐릭캐릭체인지,로젠메이든",,,,,,,101piring,https://dongne.co/events/df260702/circles/170492,제34회 디. 페스타(일),Day2
덕질힐링 좀 할게요!,히아,Y-21,Y,21,,2sp,"프로젝트 세카이 컬러풀 스테이지 ft. 하츠네 미쿠(프로세카),프로젝트 세카이 컬러풀 스테이지 feat.하츠네미쿠,프로젝트 세카이",,,프로젝트 세카이 원더랜즈 쇼타임,카미시로 루이X텐마 츠카사,로맨틱,,,PD_0616,https://dongne.co/events/df260702/circles/173877,제34회 디. 페스타(일),Day2
일련탁생 • 무재칠시,"W3, 32",H-22,H,22,,2sp,"광마회귀 드림,화산귀환 드림,히프노시스 마이크 드림,골든 카무이 드림",,,,,해당없음,,"일러스트,에세이",,https://dongne.co/events/df260702/circles/170992,제34회 디. 페스타(일),Day2
괴담출근 부스,소울,N-17,N,17,,2sp,"괴담출근,괴담에 떨어져도 출근을 해야 하는구나,괴출",,,김솔음,,해당없음,,"만화,일러스트",so_rrrch,https://dongne.co/events/df260702/circles/170425,제34회 디. 페스타(일),Day2
쇼방님이 자야 나도 자요,니나,U-04b,U,04,b,1sp,오오에,,,"오오사키 히이로,오오사키",오오사키X다이바 시즈마,,,,Ninagashine,https://dongne.co/events/df260702/circles/171111,제34회 디. 페스타(일),Day2
지옥가서 남의 장르 비벼먹기,솜랑랑,Z-03,Z,03,,2sp,보컬로이드 등,"포켓몬스터,니지산지,명일방주,코드기어스,우마무스메,스타더스트",,카가미네 린렌,카가미네렌X카가미네린,"로맨틱,해당없음"," 미틈님프, 유우스타",,somlang12688,https://dongne.co/events/df260702/circles/173116,제34회 디. 페스타(일),Day2
과장님이 너무 좋아요,아로,P-08b,P,08,b,1sp,괴담출근,,,,,,,,A_ro_1021,https://dongne.co/events/df260702/circles/170939,제34회 디. 페스타(일),Day2
뭐든파는 출장 사풀말,현제,H-19,H,19,,2sp,,,,,,,,"일러스트,공예",ZE12__,https://dongne.co/events/df260702/circles/170904,제34회 디. 페스타(일),Day2
고양이랑 꽃도 석화가 되나요,"뇨마, 구현",T-11,T,11,,2sp,닥터스톤,X,,"이시가미 센쿠,아사기리 겐,스탠리 스나이더,제노 휴스턴 윙필드,나나미 류스이,나나미 SAI,사이온지 우쿄,코하쿠,스이카,크롬,아카츠키 효가,시시오 츠카사,오오키 타이주,오가와 유즈리하",이시가미 센쿠X아사기리 겐,"로맨틱,로맨틱","스탠리 스나이더 x 제노 휴스턴 윙필드, 코하쿠 x 스이카","만화,소설,일러스트,기타","nyoma6666, _KuH_K_",https://dongne.co/events/df260702/circles/170963,제34회 디. 페스타(일),Day2
사이퍼즈 하는 괴도는 괴담도 간다,콘조림,W-20,W,20,,2sp,"사이퍼즈,페르소나 5,괴담에 떨어져도 출근을 해야 하는구나",,,,,로맨틱,,,carnstraw,https://dongne.co/events/df260702/circles/170500,제34회 디. 페스타(일),Day2
엄마아빠 요즘 살만한가 봄,배추도사,X-19b,X,19,b,1sp,앙상블스타즈,,,"앙상블스타즈,홍월",키류 쿠로X하스미 케이토,"로맨틱,해당없음",,"만화,일러스트,기타",cabbagesmaster,https://dongne.co/events/df260702/circles/173907,제34회 디. 페스타(일),Day2
예술충들 보고 연애하라고 닥달하는 부스,망상,X-20,X,20,,2sp,앙상블 스타즈,,,"카게히라 미카,이츠키 슈",카게히라 미카X이츠키 슈,로맨틱,,만화,Whomangsang,https://dongne.co/events/df260702/circles/170991,제34회 디. 페스타(일),Day2
혼인신고 가자!,쑥인,X-12b,X,12,b,1sp,가라오케 가자,패밀리레스토랑 가자,,,쿄지X사토미,로맨틱,,사진,ssug_in,https://dongne.co/events/df260702/circles/171255,제34회 디. 페스타(일),Day2
곰동이의 요원님,회록,O-08,O,08,,2sp,괴담에 떨어져도 출근을 해야 하는구나,,,"류재관,최요원",류재관X최요원,로맨틱,,"만화,일러스트,소설",vgragon,https://dongne.co/events/df260702/circles/170297,제34회 디. 페스타(일),Day2
도마뱀의 보물함,해룡,H-05,H,05,,2sp,,,,,,,,"만화,공예",,https://dongne.co/events/df260702/circles/170241,제34회 디. 페스타(일),Day2
밥심으로 운영중,tjsdn653,Q-10,Q,10,,2sp,괴담출근,,,,,로맨틱,,,yy_411125,https://dongne.co/events/df260702/circles/171016,제34회 디. 페스타(일),Day2
스튜디오 곤공괴,곤공괴,J-01a,J,01,a,1sp,,,,,,,,,,https://dongne.co/events/df260702/circles/175014,제34회 디. 페스타(일),Day2
시간신전 캠핑족,하,W-21b,W,21,b,1sp,페이트/그랜드 오더,,,,,,,만화,,https://dongne.co/events/df260702/circles/171272,제34회 디. 페스타(일),Day2
우파우파 유치원,선혜빈,T-01b,T,01,b,1sp,포켓몬스터,,,,,해당없음,,,,https://dongne.co/events/df260702/circles/174945,제34회 디. 페스타(일),Day2
정예직원 알페서,기씨,N-23b,N,23,b,1sp,괴담에 떨어져도 출근을 해야 하는구나,어두운 바다의 등불이 되어,,진나솔 이성해 은하제 백애영,,,,,Dasul0404,https://dongne.co/events/df260702/circles/170613,제34회 디. 페스타(일),Day2
배놀이는 여름에 한다,라타(딩),V-12,V,12,,2sp,원피스,,,,,,,"일러스트,공예",rata_heartP,https://dongne.co/events/df260702/circles/171271,제34회 디. 페스타(일),Day2
자헌솔음 바이럴 부스,이삼,O-01,O,01,,2sp,괴담에 떨어져도 출근을 해야 하는구나,,,이자헌 김솔음,이자헌X김솔음,"로맨틱,섹슈얼,로맨틱,섹슈얼",,"만화,소설,일러스트",oxe2oxe3,https://dongne.co/events/df260702/circles/170715,제34회 디. 페스타(일),Day2
스티커가 나오는 부스 ,보부,T-18,T,18,,2sp,월드트리거,"포켓몬,헌터X헌터",,,,,,,nowletmeg0,https://dongne.co/events/df260702/circles/170319,제34회 디. 페스타(일),Day2
"마차살은 면역력 강화, 혈당 감소, 수분 보충 효과가 있습니다(아마)",우드세이지,R-05a,R,05,a,1sp,"마법명가 차남으로 살아남는 법,마차살",,,,,해당없음,,,iminbayern,https://dongne.co/events/df260702/circles/174857,제34회 디. 페스타(일),Day2
시장앞이 시장에 유통?!,마파두부,U-04a,U,04,a,1sp,오오에,변호됨,,,오오사키X시죠마에,"섹슈얼,로맨틱",,만화,,https://dongne.co/events/df260702/circles/170592,제34회 디. 페스타(일),Day2
꾸꺠비의 청녹빛 과수원,유레,G-01,G,01,,2sp,,,,,,,,공예,lai_lucky_,https://dongne.co/events/df260702/circles/171082,제34회 디. 페스타(일),Day2
니시조노 렌가를 부탁해,타비,X-01a,X,01,a,1sp,18TRIP,,,,키바X니시조노 렌가,,,"만화,일러스트",tabixkql,https://dongne.co/events/df260702/circles/174127,제34회 디. 페스타(일),Day2
부처님의 위대한 가르침,병장,Q-06a,Q,06,a,1sp,진혼기,,,"설영,자하",설영X자하,로맨틱,,소설,job_0408,https://dongne.co/events/df260702/circles/171119,제34회 디. 페스타(일),Day2
솔음이의 오염된 먀먀먀,먀냐,N-11,N,11,,2sp,괴담출근,괴담에 떨어져도 출근을 해야하는구나,,김솔음 j3 최요원 브라운,,,,,Myanya_0,https://dongne.co/events/df260702/circles/170643,제34회 디. 페스타(일),Day2
브라운의 재력이 부럽다 ,ramdot,P-10,P,10,,2sp,괴담출근,,,,,,,,,https://dongne.co/events/df260702/circles/170458,제34회 디. 페스타(일),Day2
련주님은 돼지가 싫다고하셨어,김이끼,S-08,S,08,,2sp,화산귀환,괴담출근,,"청명,당보,장일소,임소병,이송백,진금룡,백천,백아",이송백X진금룡,로맨틱,청명소병,"일러스트,소설",277i_huashan,https://dongne.co/events/df260702/circles/170945,제34회 디. 페스타(일),Day2
국산장르 잡탕찌개,스바스바죠스바,R-23,R,23,,2sp,"이서계착각헌터,가비지타임",문송안함,,"김기려,선우연,최종수,기상호",,로맨틱,"최종수,기상호","만화,소설",jawsbar_00,https://dongne.co/events/df260702/circles/170874,제34회 디. 페스타(일),Day2
모닝이와 도란도란,조카,T-19b,T,19,b,1sp,보컬로이드,"우마무스메,사채꾼 우시지마,re:제로부터시작하는이세계생활",,,,,,"만화,일러스트",eollugkodudeoj1,https://dongne.co/events/df260702/circles/170959,제34회 디. 페스타(일),Day2
무언가의 역전재판,준,S-01a,S,01,a,1sp,역전재판,,,"반 고조,유가미 진,나루호도 류이치,미츠루기 레이지",나루호도류이치X미츠루기레이지,로맨틱,유가반,기타,Din_Din_circly,https://dongne.co/events/df260702/circles/171342,제34회 디. 페스타(일),Day2
역재하고 날및하고,아히,S-23b,S,23,b,1sp,역전재판,하데스,,"나루호도 류이치,미츠루기 레이지",,로맨틱,자그탄,,AAHI_12,https://dongne.co/events/df260702/circles/171034,제34회 디. 페스타(일),Day2
이것저것 구매하라,U.K,K-19,K,19,,2sp,하이큐,이누야샤 은혼 괴8 등등,,,,,,만화,,https://dongne.co/events/df260702/circles/171200,제34회 디. 페스타(일),Day2
힘순찐을 나데나데,라엘,Q-23,Q,23,,2sp,블랙배저,,,힐데베르트,,,,일러스트,BB_RAEL,https://dongne.co/events/df260702/circles/171290,제34회 디. 페스타(일),Day2
꿋꿋하게 좋아하는 걸 하자,용용,U-17a,U,17,a,1sp,가정교사 히트맨 리본,적국의 왕자로 사는 법,,,사와다 츠나요시X히바리 쿄야,로맨틱,"지오아라, 칼리플란",소설,yon9ydr,https://dongne.co/events/df260702/circles/170509,제34회 디. 페스타(일),Day2
외계인도 퇴근하고 싶어,.,R-22b,R,22,b,1sp,이착헌,,,김기려,,로맨틱,,만화,,https://dongne.co/events/df260702/circles/171137,제34회 디. 페스타(일),Day2
김독자와 레이겐이 바둑 두는 부스,레화,Y-09,Y,09,,2sp,"모브사이코100,고스트바둑왕(히카루의바둑),전독시",,,,카게야마 리츠X레이겐 아라타카,"로맨틱,로맨틱",,만화,,https://dongne.co/events/df260702/circles/170652,제34회 디. 페스타(일),Day2
아이바쿠 심폐소생 대작전,"푸른, 홀랑",X-08,X,08,,2sp,나의 히어로 아카데미아,,,"아이자와 쇼타,바쿠고 카츠키",아이자와 쇼타X바쿠고 카츠키,"로맨틱,섹슈얼,로맨틱",,소설,"aibakuCPR, Hollang6600",https://dongne.co/events/df260702/circles/171217,제34회 디. 페스타(일),Day2
사랑하는 동생이름 외치고 하강,haegeung,X-17a,X,17,a,1sp,"주술회전,귀멸의 칼날",,,,이타도리 유지X료멘스쿠나,,시나즈가와 형제,,hg635228,https://dongne.co/events/df260702/circles/171011,제34회 디. 페스타(일),Day2
히어로도 동인지가 되나요? 메챠츠에도?,꼬물,Z-19b,Z,19,b,1sp,니지산지,,,호시루베 쇼,,,,,,https://dongne.co/events/df260702/circles/170818,제34회 디. 페스타(일),Day2
괴담에서 포켓몬과 함께하는 마라톤,이빨,O-18,O,18,,2sp,괴담에 떨어져도 출근을 해야 하는 구나,"포켓몬스터,마라톤",,<괴담에 떨어져도 출근을 해야 하는구나> 작 중 캐릭터,J3X곽제강,"로맨틱,로맨틱",솔블(솔음x브라운) / 공준x카라바스 / 파괴자x암살자 / 파괴자x구조사,,_DD_deep,https://dongne.co/events/df260702/circles/170664,제34회 디. 페스타(일),Day2
프로젝트 너희들은 가정교사 원피스 타임이 되어,무야,R-13,R,13,,2sp,너희들은 변호됐다,"가비지타임,가히리,어바등,프로젝트 헤일메리,원피스",,"강민재,차주한,나미삼,라일랜드 그레이스,성준수기상호",강민재X차주한,"로맨틱,해당없음",,일러스트,muya_say,https://dongne.co/events/df260702/circles/170795,제34회 디. 페스타(일),Day2
듀얼명가 차남으로 버튜버하는 법,11,R-03,R,03,,2sp,"마법명가 차남으로 살아남는 법,니지산지 호시루베,유희왕,고서점가의 하시히메",,,,,,,일러스트,sibil011,https://dongne.co/events/df260702/circles/170742,제34회 디. 페스타(일),Day2
케일님은 신이십니다,천랑,Q-22b,Q,22,b,1sp,백작가의 망나니가 되었다,"괴담에 떨어져도 출근을 해야하는 구나,블랙배저",,,,,,"기타,공예",skywolf_som,https://dongne.co/events/df260702/circles/171286,제34회 디. 페스타(일),Day2
너희들은 더위먹었다 ,뽀,R-11a,R,11,a,1sp,변호됨,"오오에,이착헌,괴담출근",,,강민재X차주한,로맨틱,,,,https://dongne.co/events/df260702/circles/170387,제34회 디. 페스타(일),Day2
주술회전 썬더일레븐 나히아 예쁘고 아름다운 무언가 암튼 다 있어요,이환희 손유송 차서연 김채이 ,T-20,T,20,,2sp,,,,,,,,일러스트,,https://dongne.co/events/df260702/circles/170732,제34회 디. 페스타(일),Day2
심연에서 누가돌아왔게,"벌굿만, 티백, 미온, 순잠, 거미","I-22, I-23",I,22,,4sp,"할로우나이트,실크송",,,"공허의 기사,호넷",,,,,iwant_tm_merch,https://dongne.co/events/df260702/circles/175340,제34회 디. 페스타(일),Day2
테라에서 성배전쟁이요??,츄츄,V-06,V,06,,2sp,"명일방주,드림,페이트 스트레인지 페이크",,,"쉐이,대황성조,좌락드림 / 페스페",리처드 1세X아야카 사조,로맨틱,완칭소만,"만화,일러스트",O_chu_Pen,https://dongne.co/events/df260702/circles/171125,제34회 디. 페스타(일),Day2
너희들은 인사반파백묘사존 됐다," 무림합기도9단묵희, 삐리리불어봐리리짱!, 밥묵자",R-10,R,10,,2sp,"인사반파자구계통,이합화타적백묘사존,너희들은 변호됐다,병안본",연운,,"낙빙하 심청추,묵연 초만녕,허위 셰칭청,강민재 차주한",묵연X초만녕,"로맨틱,섹슈얼","빙추, 강차, 위칭","만화,일러스트",yum_ssalbab,https://dongne.co/events/df260702/circles/170502,제34회 디. 페스타(일),Day2
하나둘셋 무츠소요앤솔로지파이팅!!,쮸,Y-20,Y,20,,2sp,뱅드림 아베무지카,뱅드림 잇츠 마이고!!!!!,,"와카바 무츠미,나가사키 소요",와카바 무츠미X나가사키 소요,해당없음,,"만화,기타",barking_tree_,https://dongne.co/events/df260702/circles/171346,제34회 디. 페스타(일),Day2
"슬램덩크, 와야마야마, 그리고 괴담출근 ",노른자,Y-08,Y,08,,2sp,"슬램덩크,더 퍼스트 슬램덩크,가라오케 가자!,패밀리 레스토랑 가자.,괴담에 떨어져도 출근을 해야 하는구나","가라오케가자!,가라오케 가자,가라오케가자,패밀리 레스토랑 가자,패밀리레스토랑가자.,패밀리레스토랑 가자,패밀리레스토랑가자,파미레스,파미레스가자",,"이명헌,정우성,송태섭,강백호,권준호,정대만,나리타 쿄지,오카 사토미,고바야시 케이지,호시 미쓰히코,니카이도 아키라,메다카 유이치,서태웅",정우성X이명헌,"로맨틱,로맨틱,섹슈얼,해당없음","NCP, 명헌태섭, 명헌우성, 우성명헌우성, 우성태섭","만화,일러스트,소설",noreunza_,https://dongne.co/events/df260702/circles/170615,제34회 디. 페스타(일),Day2
바보구미!,바보호듀,Z-19a,Z,19,a,1sp,니지산지,,,"츠키노미토,로후마오,멧챠츠에,칠차원학생회",,,,,babohodu,https://dongne.co/events/df260702/circles/170660,제34회 디. 페스타(일),Day2
보입니까?,"코모도왕도마뱀, 꼼랑",O-03,O,03,,2sp,괴담출근,,,"이자헌,김솔음",이자헌X김솔음,로맨틱,최솔,"만화,일러스트","1dragon890, nkgomS2_700",https://dongne.co/events/df260702/circles/170703,제34회 디. 페스타(일),Day2
주술찌개&닌자말이,얍삽한검잡이,W-16b,W,16,b,1sp,나루토,주술회전,,"우치하 사스케,우치하 이타치,젠인 마키,옷콧츠 유타",우치하 사스케X우치하 이타치,,유타마키,,,https://dongne.co/events/df260702/circles/171030,제34회 디. 페스타(일),Day2
잼얘북스&알파카보부상,잼얘북스,J-05,J,05,,2sp,,,,,,,,소설,,https://dongne.co/events/df260702/circles/170612,제34회 디. 페스타(일),Day2
괴담여행사,강유진,P-14b,P,14,b,1sp,괴담에 떨어져도 출근을 해야 하는구나,18TRIP,,,,,,,cent_s_sirius,https://dongne.co/events/df260702/circles/175321,제34회 디. 페스타(일),Day2
꼬로뷰뜌띠,"난진, 레버",Z-21,Z,21,,2sp,콜오브듀티,시고미세,,,,,,,"NANJ1N, whatever1q2e",https://dongne.co/events/df260702/circles/170452,제34회 디. 페스타(일),Day2
냥이분양소,햄스터가되자,P-16,P,16,,2sp,괴담출근,,,,,,,,Su_in_gg,https://dongne.co/events/df260702/circles/170493,제34회 디. 페스타(일),Day2
도깨비상점,도깨비상점,G-24,G,24,,2sp,,,,,,,,공예,kkebistore,https://dongne.co/events/df260702/circles/170519,제34회 디. 페스타(일),Day2
독버섯재배,아니,R-14b,R,14,b,1sp,"의다살,의원 다시 살다(의다살)",,,"진천희,제갈린,유호",,,,소설,4774alice,https://dongne.co/events/df260702/circles/170949,제34회 디. 페스타(일),Day2
롬다롬다롬,도람,T-05,T,05,,2sp,포켓몬,앙스타 스플래툰 프리큐어,,,,,,"만화,일러스트",doramdarom,https://dongne.co/events/df260702/circles/170330,제34회 디. 페스타(일),Day2
먼지다듬이,nonon,T-24a,T,24,a,1sp,"고서점가의 하시히메,우우울트라C",,,,,,,,,https://dongne.co/events/df260702/circles/174672,제34회 디. 페스타(일),Day2
바다색공방,녹시,Q-11a,Q,11,a,1sp,괴담출근,괴수8호,,,,,,,,https://dongne.co/events/df260702/circles/170381,제34회 디. 페스타(일),Day2
사파리월드,덕팔,P-06a,P,06,a,1sp,괴담출근,붕괴:스타레일,,,최요원X류재관,,,만화,duckfari481,https://dongne.co/events/df260702/circles/170780,제34회 디. 페스타(일),Day2
생카이신분,cogj,V-08,V,08,,2sp,명탐정 코난,매직카이토,,"쿠로바 카이토,쿠도 신이치",쿠로바 카이토X쿠도 신이치,로맨틱,,,cogj11,https://dongne.co/events/df260702/circles/170605,제34회 디. 페스타(일),Day2
송구합니다,미눌구불,Q-06b,Q,06,b,1sp,"기동전사 건담,기동전사 건담:역습의 샤아,기동전사 건담 시리즈",,,아무로 레이,아무로 레이X샤아 아즈나블,해당없음,,"만화,기타,일러스트",muamaupyo,https://dongne.co/events/df260702/circles/171149,제34회 디. 페스타(일),Day2
여름안에서,필진,U-17b,U,17,b,1sp,디지몬 어드벤쳐,,,"야가미 타이치,이즈미 코시로",야가미 타이치X이즈미 코시로,"로맨틱,섹슈얼",,,junpiljin,https://dongne.co/events/df260702/circles/175276,제34회 디. 페스타(일),Day2
우르르쾅쾅,천벌,T-15,T,15,,2sp,괴수8호,"괴담출근,명탐정코난",,"나루미 겐,호시나 소우시로",나루미 겐X호시나 소우시로,로맨틱,,,010203_401,https://dongne.co/events/df260702/circles/170651,제34회 디. 페스타(일),Day2
잡다한부스,명수,K-23,K,23,,2sp,가비지타임,닌타마,,,,,,,SkIvtt9zP8Fyyu2,https://dongne.co/events/df260702/circles/170676,제34회 디. 페스타(일),Day2
주말드라마,깜빠뉴,U-08a,U,08,a,1sp,건담,,,,,로맨틱,,만화,,https://dongne.co/events/df260702/circles/170279,제34회 디. 페스타(일),Day2
천연기념물,천연,U-14,U,14,,2sp,"유희왕 (DM,우마무스메 등",블리치,,무토 유우기,야미 유우기X무토 유우기(진유우기),로맨틱,,,,https://dongne.co/events/df260702/circles/173413,제34회 디. 페스타(일),Day2
최랑솔냐집,김테야,P-02,P,02,,2sp,괴담에떨어져도출근을해야하는구나,,,최요원 김솔음 류재관,,,,일러스트,ty9385,https://dongne.co/events/df260702/circles/171224,제34회 디. 페스타(일),Day2
포리포리칩,Kiwiiii,J-24b,J,24,b,1sp,,,,,,,,,,https://dongne.co/events/df260702/circles/170286,제34회 디. 페스타(일),Day2
하누떡보키,,H-04,H,04,,2sp,,,,,,,,공예,,https://dongne.co/events/df260702/circles/170409,제34회 디. 페스타(일),Day2
흑금요리사,무제,X-14,X,14,,2sp,사카모토 데이즈,,,"아사쿠라 신,세바 나츠키,나구모 요이치",세바 나츠키X아사쿠라 신,,"나구모 요이치, 아사쿠라 신","만화,일러스트,공예",Untitled_49943,https://dongne.co/events/df260702/circles/170404,제34회 디. 페스타(일),Day2
짬뽕밥타쿠 (특:짬뽕밥안먹어봄),곰곰,K-06b,K,06,b,1sp,프로야구생존기,"영화,fkmt,텐 천화거리의 쾌남아",,,,,,"만화,일러스트",,https://dongne.co/events/df260702/circles/173175,제34회 디. 페스타(일),Day2
감자공작소 냠냠,얌독,W-04,W,04,,2sp,사우스파크,,,"스탠 마쉬,카일 브로플로브스키",스탠X카일,로맨틱,"크릭(spcreek), 버니(spbunny)","만화,일러스트",just_yamyam,https://dongne.co/events/df260702/circles/171302,제34회 디. 페스타(일),Day2
어쩌다보니 티김,세세,P-19a,P,19,a,1sp,괴담에 떨어져도 출근을 해야 하는구나,"어두운 바다의 등불이 되어,가비지타임",,,,,,일러스트,Ks5wx,https://dongne.co/events/df260702/circles/170512,제34회 디. 페스타(일),Day2
함정이라도 좋아 ,거세,K-21,K,21,,2sp,"우마무스메,닌자보이 란타로,아다치레이",,,"슈발그랑,비블로스",슈발그랑X비블로스,"로맨틱,섹슈얼,로맨틱,섹슈얼",타키야샤마루x아야베 ,만화,rjtprjtp,https://dongne.co/events/df260702/circles/171263,제34회 디. 페스타(일),Day2
운기브런치 하실 분,"콩콩, 시프",S-07,S,07,,2sp,화산귀환,,,,,,,,,https://dongne.co/events/df260702/circles/171226,제34회 디. 페스타(일),Day2
핑크공주가 되는 마법,멜트,O-23b,O,23,b,1sp,괴담에 떨어져도 출근을 해야 하는구나,가비지타임,,"J3,솔음,전영준,성준수",,해당없음,,일러스트,melt_666,https://dongne.co/events/df260702/circles/170937,제34회 디. 페스타(일),Day2
텔레비전에 내가 나온다면 정말 좋겠네,정어리,Y-03a,Y,03,a,1sp,프리티 시리즈,프리큐어,,,,,,"만화,공예",sayhello3times,https://dongne.co/events/df260702/circles/171356,제34회 디. 페스타(일),Day2
공허신곡의 세카이,BG,Y-19,Y,19,,2sp,"할로우나이트,세포신곡,캐릭캐릭체인지,캐캐체,프로젝트 세카이 컬러풀 스테이지 feat.하츠네미쿠,테일즈런너,미쿠,장송의프리렌",,,,,,,,"BG__CM, wuo_307",https://dongne.co/events/df260702/circles/174055,제34회 디. 페스타(일),Day2
주토피아로 떠나게 되,강포롱,W-03a,W,03,a,1sp,주토피아,,,,,로맨틱,,만화,YNoo526252,https://dongne.co/events/df260702/circles/170309,제34회 디. 페스타(일),Day2
디페스타가 아니면 안될 것 같아,망덕,T-12,T,12,,2sp,월간순정 노자키군,,,"호리 마사유키,카시마 유우,노자키 우메타로,사쿠라 치요,미코시바 미코토,세오 유즈키,와카마츠 히로타카,카시마 레이,노자키 마유",호리 마사유키X카시마 유우,로맨틱,,"소설,일러스트",,https://dongne.co/events/df260702/circles/171204,제34회 디. 페스타(일),Day2
괴담라라의 스타일기,명성이,P-07,P,07,,2sp,괴담에 떨어져도 출근을 해야하는구나,"하이큐,주술회전",,,,,,기타,dearnamelesss,https://dongne.co/events/df260702/circles/171340,제34회 디. 페스타(일),Day2
구럴만두한 떼굴이들,이삼,Q-02,Q,02,,2sp,"어바등,어두운바다의 등불이 되어(어바등),어두운바다의등불이되어(어바등),어바등(어두운 바다의 등불이 되어)","1차 창작,1차창작,창작,오리지널 창작",,,,해당없음,,"일러스트,만화,공예,기타",6_e_sam,https://dongne.co/events/df260702/circles/170467,제34회 디. 페스타(일),Day2
마리포사의 보물상자,마리포사,J-06,J,06,,2sp,,,,,,,,,,https://dongne.co/events/df260702/circles/170594,제34회 디. 페스타(일),Day2
서방님공을 지지하는 부스,스리루,W-07b,W,07,b,1sp,닌자보이 란타로,"메달리스트,평범한 경음부",,"타키야샤마루,아야베 키하치로",타키야샤마루X아야베,"로맨틱,섹슈얼","사쿠미아,쇼히코,이노히카, 린하토린","만화,소설",seulilu193680,https://dongne.co/events/df260702/circles/171023,제34회 디. 페스타(일),Day2
전체이용가 온리팬스 개설,오모동,S-06,S,06,,2sp,역전재판,대역전재판,,"나루호도 류이치,미츠루기 레이지,이토노코기리 케이스케",나루호도 류이치X미츠루기 레이지,로맨틱,노코미츠,게임,omodong_ace,https://dongne.co/events/df260702/circles/170545,제34회 디. 페스타(일),Day2
다된화산에 종남뿌리기,글라스,S-15,S,15,,2sp,화산귀환,,,"청명,이송백,진금룡,화산귀환캐릭터",,"로맨틱,섹슈얼","금룡x송백,ncp","만화,일러스트",ISaebal78254,https://dongne.co/events/df260702/circles/171048,제34회 디. 페스타(일),Day2
피규어깎는 혈우탐화와 해씨깎는 햄전하,"혼세마왕 탐지기, 물휴지",R-15,R,15,,2sp,천관사복,,,"화성,사련",화성X사련,"로맨틱,로맨틱",지풍,"만화,일러스트,기타","Eterna1Faith, MultissueUrn",https://dongne.co/events/df260702/circles/171183,제34회 디. 페스타(일),Day2
"고양이구름,토리냥",gogos,P-08a,P,08,a,1sp,괴담출근,프리렌,,"김솔음,이자헌,최요원,류재관,j3,게롱,브라운,착한친구,용용이,이성해,백사헌,프리렌,페른,슈타르크",,,,"일러스트,기타",qtcat_cc,https://dongne.co/events/df260702/circles/170794,제34회 디. 페스타(일),Day2
원산지표기: 백일멍주식회사,파무깅,J-20a,J,20,a,1sp,"괴담에 떨어져도 출근을 해야 하는구나,괴출",,,"김솔음,백사헌,최 요원,J3,B조장,이성해",,,,일러스트,_525310,https://dongne.co/events/df260702/circles/175178,제34회 디. 페스타(일),Day2
그만죽어—!!,향,U-06,U,06,,2sp,오오에,"위치즈 하트,네가 죽어(키미가시네),단간론파 시리즈",,"오오에 전편조,오오타케",오오사키X타케시바,"로맨틱,해당없음",,"만화,기타,소설",Hyang_tt,https://dongne.co/events/df260702/circles/174049,제34회 디. 페스타(일),Day2
냥멍애호가들,식사,Q-24,Q,24,,2sp,초심 잃은 아이돌을 위한 회귀 백서,데뷔 못 하면 죽는 병 걸림,,윤이든/견하준,,로맨틱,차유진/류청우,,wkrmqwkwhrwnd,https://dongne.co/events/df260702/circles/170790,제34회 디. 페스타(일),Day2
듀듀듀바바바,밥이,K-04,K,04,,2sp,,,,,,,,,babbie_0423,https://dongne.co/events/df260702/circles/170417,제34회 디. 페스타(일),Day2
리퀘하는사람,리사 ,V-09,V,09,,2sp,명탐정 코난,"천관사복,인사반파자구계통,마도조사,젠레스제로",,쿠도신이치,쿠로바카이토X쿠도신이치,로맨틱,"후루신, 화련, 아카신, 비색신, 카이신,빙추,망무 ",일러스트,iyu3353,https://dongne.co/events/df260702/circles/171299,제34회 디. 페스타(일),Day2
뭔가나오려나,판부,N-18b,N,18,b,1sp,괴담출근,,,착한친구,,,,"만화,기타",,https://dongne.co/events/df260702/circles/171318,제34회 디. 페스타(일),Day2
뭔가나옵니다,메린,K-22,K,22,,2sp,,더 퍼스트 슬램덩크,,"루카와 카에데(서태웅),강백호(사쿠라기 하나미치)",루카와 카에데(서태웅)X강백호(사쿠라기 하나미치),로맨틱,,,merinme99,https://dongne.co/events/df260702/circles/175334,제34회 디. 페스타(일),Day2
방앗간친구들,이희나,I-20a,I,20,a,1sp,,"창작디자인문구,1차 창작 일러스트 문구(스티커,1차 창작 문구 (카드,창작문구,<랭커를 위한 바른 생활 안내서>",,,,,,일러스트,mill_kongtteock,https://dongne.co/events/df260702/circles/174874,제34회 디. 페스타(일),Day2
부관참시구역,Ksn,W-07a,W,07,a,1sp,진격의 거인,나루토,,,,,,,,https://dongne.co/events/df260702/circles/170975,제34회 디. 페스타(일),Day2
부스하셨스타,낙수,T-03a,T,03,a,1sp,"포켓몬스터,포켓몬",,,스타단,,해당없음,,소설,teamstarisgajok,https://dongne.co/events/df260702/circles/175324,제34회 디. 페스타(일),Day2
오라오라오라,이론시데,V-07,V,07,,2sp,죠죠의 기묘한 모험,,,,,,,"만화,소설",,https://dongne.co/events/df260702/circles/170428,제34회 디. 페스타(일),Day2
잇츠쇼타임☆,"유성, 햇",P-05,P,05,,2sp,괴담에 떨어져도 출근을 해야 하는구나,,,"김솔음,백사헌,최요원",,로맨틱,,소설,"UUUNEWO, hap_p___y",https://dongne.co/events/df260702/circles/170864,제34회 디. 페스타(일),Day2
자캐깎는부스,illi884,I-04,I,04,,2sp,,,,,,,,"만화,일러스트,기타","illi884, iren_lovel",https://dongne.co/events/df260702/circles/171148,제34회 디. 페스타(일),Day2
종교체험센터,콩밭,O-05a,O,05,a,1sp,괴담출근,갓갓갓,,,,,,,congbat_,https://dongne.co/events/df260702/circles/170220,제34회 디. 페스타(일),Day2
천연과하남자,허소금,I-01b,I,01,b,1sp,오리지널 캐릭터,,,오리지널 캐릭터,,,,"일러스트,만화",salt4265879,https://dongne.co/events/df260702/circles/170820,제34회 디. 페스타(일),Day2
친구모아연성,별찌,O-23a,O,23,a,1sp,잔차품,메달리스트,,루린,,"로맨틱,섹슈얼",,"일러스트,소설",niga__cherry,https://dongne.co/events/df260702/circles/170465,제34회 디. 페스타(일),Day2
햄버거드세요,AK,U-24,U,24,,2sp,오오에,,,오오에 - 아리아케,오오사키X아리아케,"로맨틱,로맨틱",오오타케 ,게임,0o0e0A,https://dongne.co/events/df260702/circles/170482,제34회 디. 페스타(일),Day2
현판소동아리,솔베,O-24a,O,24,a,1sp,괴담출근,이세계착각헌터,,,,해당없음,,일러스트,solvay0515,https://dongne.co/events/df260702/circles/171146,제34회 디. 페스타(일),Day2
사우스파크는 변호됐다,이오,W-05,W,05,,2sp,사우스파크,변호됨(너희들은 변호됐다),,스탠 마쉬,스탠 마쉬X카일 브로플로브스키,"로맨틱,섹슈얼",주한민재,만화,2spst5,https://dongne.co/events/df260702/circles/171313,제34회 디. 페스타(일),Day2
해파리소녀와 여름바다,차소금,H-20,H,20,,2sp,해파리소녀,,,해파리소녀,,,,"일러스트,공예",cup_of_salty,https://dongne.co/events/df260702/circles/170675,제34회 디. 페스타(일),Day2
검은토끼사무소,첸체,P-01,P,01,,2sp,"괴담에 떨어져도 출근을 해야 하는구나,괴담출근","앙상블 스타즈 (앙스타),쿠키런 킹덤 (쿠킹덤)",,괴담출근,,해당없음,,일러스트,YR_simin,https://dongne.co/events/df260702/circles/173847,제34회 디. 페스타(일),Day2
공주들의티파티,두완,Y-04b,Y,04,b,1sp,단간론파,"키미가시네,하츠네미쿠,포켓몬",,"나나미 치아키,하츠네 미쿠",,,,"일러스트,기타",duwan1044834,https://dongne.co/events/df260702/circles/171324,제34회 디. 페스타(일),Day2
그럼사람들밥은,요리왕위룡,T-07b,T,07,b,1sp,명일방주,만달로리안,,,,,,만화,Sbornmaker,https://dongne.co/events/df260702/circles/171168,제34회 디. 페스타(일),Day2
그렇게되버렸다,"차화랑, 러프",S-13b,S,13,b,1sp,"천관사복,붕괴 스타레일",진혼기,,"화성,사련,레이시오,어벤츄린,자하,설영",화성X사련,"로맨틱,해당없음","레이츄린, 자하설영","만화,소설,일러스트,게임","chahua017, _rough_0",https://dongne.co/events/df260702/circles/170996,제34회 디. 페스타(일),Day2
달콤한일러스트,iamyunji,I-24,I,24,,2sp,모모찌,,,모모찌,,,,일러스트,iamyunji,https://dongne.co/events/df260702/circles/170453,제34회 디. 페스타(일),Day2
레전드광석병원,로최,V-19a,V,19,a,1sp,명일방주,,,"켈시,박사",,로맨틱,,만화,poor_Doc_tor,https://dongne.co/events/df260702/circles/170823,제34회 디. 페스타(일),Day2
소녀무대연구회,체셔,Y-24,Y,24,,2sp,소녀가극 레뷰 스타라이트,"러브라이브,디즈니 트위스티드 원더랜드,초카구야공주",,,,,,,cheshire_lls,https://dongne.co/events/df260702/circles/174892,제34회 디. 페스타(일),Day2
아는고양이산책,Pockycat,J-02,J,02,,2sp,,,,,,,,,PockyPockycat,https://dongne.co/events/df260702/circles/170758,제34회 디. 페스타(일),Day2
에무마후파이팅,봇대,Z-02b,Z,02,b,1sp,프로젝트 세카이 컬러풀 스테이지 feat.하츠네미쿠,,,"오오토리 에무,아사히나 마후유",오오토리 에무X아사히나 마후유,"로맨틱,섹슈얼",,"만화,일러스트",cm_4040,https://dongne.co/events/df260702/circles/174273,제34회 디. 페스타(일),Day2
오리지늄퍼리빔,방하윤,V-03a,V,03,a,1sp,명일방주,,,명일방주,,해당없음,,만화,"ndfrskr, ndaknt",https://dongne.co/events/df260702/circles/174746,제34회 디. 페스타(일),Day2
유희하자유우기,능이,U-12b,U,12,b,1sp,유희왕,,,유우기,얌유X진유,"로맨틱,섹슈얼","얌진, 템진, 카이죠",,wnlgfldl,https://dongne.co/events/df260702/circles/170483,제34회 디. 페스타(일),Day2
짝사랑응원부스,남,X-06b,X,06,b,1sp,앙상블 스타즈,원신,,,마도카 노조미X코지카 쥬이스,로맨틱,"치토마슈, 로엔바르",만화,giyaropi,https://dongne.co/events/df260702/circles/175336,제34회 디. 페스타(일),Day2
치아카나온리전,사비,X-23b,X,23,b,1sp,앙상블스타즈,,,"모리사와 치아키,신카이 카나타",모리사와 치아키X신카이 카나타,로맨틱,,"소설,만화",miserywithakira,https://dongne.co/events/df260702/circles/173700,제34회 디. 페스타(일),Day2
친구모아동인지,,O-22,O,22,,2sp,"괴담에 떨어져도 출근을 해야 하는구나,괴담출근(괴출)",,,,,,,"공예,일러스트",,https://dongne.co/events/df260702/circles/170478,제34회 디. 페스타(일),Day2
투명도혼합공간,나해일,N-22,N,22,,2sp,괴담에 떨어져도 출근을 해야 하는구나,,,"최 요원,김솔음,류재관",최 요원X김솔음,"로맨틱,로맨틱",재관솔음,소설,,https://dongne.co/events/df260702/circles/171276,제34회 디. 페스타(일),Day2
부대찌개잡탕죽 ,네코,Y-23,Y,23,,2sp,프로젝트세카이(프로세카),"보컬로이드,버츄얼 유튜버(니지산지)",,"원더랜드쇼타임,아다치레이,하츠네미쿠",,해당없음,,일러스트,,https://dongne.co/events/df260702/circles/174863,제34회 디. 페스타(일),Day2
걍좋아서만든부스,익명의미소녀,P-09,P,09,,2sp,괴담출근,"스타레일,명일방주",,"김솔음,수르트,헤르타 등",,,,일러스트,2o_mi_,https://dongne.co/events/df260702/circles/171325,제34회 디. 페스타(일),Day2
고영형제보호협회,아기자기,Q-22a,Q,22,a,1sp,내가 키운 S급들,,,"한유현,한유진",한유현X한유진,"로맨틱,섹슈얼",,"만화,일러스트",,https://dongne.co/events/df260702/circles/170370,제34회 디. 페스타(일),Day2
돌사세요돌사세요,무휘,T-07a,T,07,a,1sp,닥터스톤,,,"이시가미 센쿠 X 아사기리 겐,제노 휴스턴 윙필드,스탠리 스나이더",이시가미 센쿠X아사기리 겐,로맨틱,,"일러스트,만화",muhwi555,https://dongne.co/events/df260702/circles/174923,제34회 디. 페스타(일),Day2
마카롱게장만두집,케모냥등병,W-21a,W,21,a,1sp,페이트,"단간론파,골든카무이,괴담출근,(미정)",,,,,,,kemo_nya,https://dongne.co/events/df260702/circles/170744,제34회 디. 페스타(일),Day2
말랑뽀작우유식빵,아노센,V-23,V,23,,2sp,스타레일,원신 젠레스존제로,,,,,,,,https://dongne.co/events/df260702/circles/170227,제34회 디. 페스타(일),Day2
야르한중남대작전,불자,R-09,R,09,,2sp,이합화타적백묘사존,,,,묵연(답선군)X초만녕,로맨틱,,"만화,일러스트",bull_za,https://dongne.co/events/df260702/circles/171059,제34회 디. 페스타(일),Day2
이번에도개취자랑,용요,V-01,V,01,,2sp,명일방주,"리버스1999,우타프리",,,,,,,Crayon_ATM,https://dongne.co/events/df260702/circles/170787,제34회 디. 페스타(일),Day2
피자만두민트찌개,"Mono, 먹군, 흰",Y-18,Y,18,,2sp,"체인소맨,뱅드림 아베무지카,프로젝트 세카이",,,"<체인소맨> 하야카와 아키, 히메노,<프로세카> 아키야마 미즈키, 카미시로 루이,<뱅드림 Ave Mujica> 미스미 우이카, 토가와 사키코",,"로맨틱,로맨틱","사키우이, 아키히메","만화,소설","mono_prsk, mkun606, teatime_white",https://dongne.co/events/df260702/circles/170913,제34회 디. 페스타(일),Day2
글그림수공예러의 모임팟,파람,S-11,S,11,,2sp,급리,,,조의신,,,,"공예,일러스트",whdmltls_111,https://dongne.co/events/df260702/circles/171063,제34회 디. 페스타(일),Day2
초자연재난관리국 홍보팀,강체,O-17,O,17,,2sp,괴담출근,,,"최요원,류재관,김솔음",,,,"만화,일러스트",gangche_,https://dongne.co/events/df260702/circles/170336,제34회 디. 페스타(일),Day2
갑타로이드휘두르며,부녀유 & 이온,K-24,K,24,,2sp,가비지타임,"보컬로이드,크게휘두르며,오사카환상선,고스트바둑왕,고스트바둑왕(히카루의바둑),히카루의바둑",,,,"로맨틱,해당없음",NCP,"만화,일러스트","yelimi2026, iwaejin6, ionblue",https://dongne.co/events/df260702/circles/175337,제34회 디. 페스타(일),Day2
범자친구애호위원회,elulit,U-21a,U,21,a,1sp,그노시아,,,,렘난X라키오,"로맨틱,섹슈얼","유리세츠, 스큐지나",만화,elulit2,https://dongne.co/events/df260702/circles/173193,제34회 디. 페스타(일),Day2
세이도힌나에브리띵,토메토,V-14a,V,14,a,1sp,"골든 카무이,다이아몬드 에이스",,,"골든 카무이(오가타 햐쿠노스케,우사미 토키시게,츠키시마 하지메,코이토 오토노신) 다이아몬드 에이스(사와무라 에이준,코미나토 하루이치,후루야 사토루)",,"로맨틱,섹슈얼",,"만화,일러스트",ogatamanura,https://dongne.co/events/df260702/circles/171228,제34회 디. 페스타(일),Day2
슈뢰딩거의라면가게,어서,U-18,U,18,,2sp,"데스노트,베리드 스타즈(베스타),인사반파자구계통,호시노겐","에반게리온,체인소맨",,,,,,,eoseo88,https://dongne.co/events/df260702/circles/170586,제34회 디. 페스타(일),Day2
시마이부정상영업중,"마요네즈, 김볶밥, 공룡","X-15, X-16",X,15,,4sp,MIU 404,,,,,,,,mayonezu_404,https://dongne.co/events/df260702/circles/170707,제34회 디. 페스타(일),Day2
일단부스를신청하자,유리판,Q-04a,Q,04,a,1sp,문송안함,변호됨,,"클레이오,차주한",,,,소설,Glasss_Plate,https://dongne.co/events/df260702/circles/171018,제34회 디. 페스타(일),Day2
최애섞어찌게마카롱,여래,Y-01b,Y,01,b,1sp,"아이카츠 스타즈,아이카츠 아카데미",,,"니지노 유메,엘자 포르테,린도 타이무,와오 파린",,,,일러스트,paritamu_kawa,https://dongne.co/events/df260702/circles/170436,제34회 디. 페스타(일),Day2
김치찌개마카롱사탕집,숮이,V-03b,V,03,b,1sp,"명일방주,죠죠의 기묘한 모험",,,,,,,,xu0_3_0,https://dongne.co/events/df260702/circles/171237,제34회 디. 페스타(일),Day2
이키즈라이부영업부서,혼우,Y-01a,Y,01,a,1sp,"러브라이브! 시리즈,러브라이브! 블루버드",,,,,,,,,https://dongne.co/events/df260702/circles/173176,제34회 디. 페스타(일),Day2
좌우상대고정충의말로,낙지,X-02b,X,02,b,1sp,18trip(에이트리),"음합엔,팝픈뮤직",,,나나메기 나나키X키누가와 키로쿠,로맨틱,"테토테토(SVUT), 하테카미",만화,,https://dongne.co/events/df260702/circles/171067,제34회 디. 페스타(일),Day2
그렇게고조선이건국됐다,"담, 체키",O-11,O,11,,2sp,괴담출근,,,"류재관,최요원",류재관X최 요원,"로맨틱,섹슈얼",,"만화,소설",damq_pouo,https://dongne.co/events/df260702/circles/170965,제34회 디. 페스타(일),Day2
호요버스남캐가너무좋아,차미슬,V-22a,V,22,a,1sp,스타레일,원신,,"파이논,마이데이,그 외",파이논X마이데이,로맨틱,,"일러스트,만화",charm2222sul,https://dongne.co/events/df260702/circles/171353,제34회 디. 페스타(일),Day2
나의주술고전아카데미아!!,난나,X-17b,X,17,b,1sp,주술회전,"하이큐!!,히로아카(MHA)",,고죠 사토루,고죠X게토,로맨틱,"오이이와, 캇데쿠","만화,기타",2my1stlov3,https://dongne.co/events/df260702/circles/170119,제34회 디. 페스타(일),Day2
등촌칼국수먹고볶음밥파티,서진,R-08,R,08,,2sp,인사반파자구계통,,,,,로맨틱,,만화,deungchonhunter,https://dongne.co/events/df260702/circles/171124,제34회 디. 페스타(일),Day2
족제비핵불닭마라탕디럭스,DL,R-16,R,16,,2sp,천관사복,인사반파,,,화성X사련,로맨틱,빙추,,Deulle_Mm,https://dongne.co/events/df260702/circles/170222,제34회 디. 페스타(일),Day2
스스로불러온재앙의저지먼트,,X-19a,X,19,a,1sp,앙상블 스타즈!! Music,,,"앙상블스타즈 나이츠,이사라 마오",사쿠마 리츠X이사라 마오,로맨틱,,"만화,소설",xpsxpsqhf,https://dongne.co/events/df260702/circles/173629,제34회 디. 페스타(일),Day2
나는야최솔빵명장모두나를따르라,끼옹,N-06,N,06,,2sp,괴담에 떨어져도 출근을 해야하는구나,,,"최요원,김솔음",최요원X김솔음,로맨틱,,만화,a_yo1_13,https://dongne.co/events/df260702/circles/170337,제34회 디. 페스타(일),Day2
주문안하신아메리카노나왔습니다,라떼전문점,U-23b,U,23,b,1sp,오오에,,,,오오사키X아오미,로맨틱,,,sunlatte_ooe,https://dongne.co/events/df260702/circles/170354,제34회 디. 페스타(일),Day2
암고잉다운투사우스팍거너햅어굿굿타임,성게,W-06a,W,06,a,1sp,사우스파크,,,"사우스파크 올케릭,스탠 마쉬,카일 브로플로브스키",스탠 마쉬X카일 브로플로브스키,로맨틱,크레이그 터커 × 트윅트윅,"만화,일러스트,기타",yaru_132,https://dongne.co/events/df260702/circles/171246,제34회 디. 페스타(일),Day2
그럼나부스컷에천사악마이미지넣어도됨?,감농,X-04a,X,04,a,1sp,18TRIP (에이트리),,,,루 리광X키바,,"텐렌, 키나쿠구",,,https://dongne.co/events/df260702/circles/173485,제34회 디. 페스타(일),Day2
팔만대장경만들고싶다고했지쓰고싶다고는안했다,종이,W-01,W,01,,2sp,헬루바 보스,원룸조교님,,블리츠,블리츠X스톨라스,"로맨틱,섹슈얼","승혁은오, 은오승혁",,M_PN_G,https://dongne.co/events/df260702/circles/170479,제34회 디. 페스타(일),Day2
둥가교환이다내장르의절반을줄테니까네장르의절반을줘,금유은,T-17,T,17,,2sp,빨강머리 백설공주,"오오에,강철의 연금술사,프로젝트 세카이 컬러풀 스테이지 feat.하츠네미쿠",,,,,,만화,"kikislovealways, yuyu_eun126",https://dongne.co/events/df260702/circles/171056,제34회 디. 페스타(일),Day2
1,1,R-06b,R,06,b,1sp,이세계 착각 헌터(이착헌),,,"강창호,김기려",강창호X김기려,로맨틱,,,,https://dongne.co/events/df260702/circles/173216,제34회 디. 페스타(일),Day2
자헌솔음 결혼기원 정권지르기 1년차,"hamu, 먹",O-04,O,04,,2sp,괴담출근,헌터X헌터,,이자헌,이자헌X김솔음,"로맨틱,섹슈얼",크라단,"만화,일러스트",kenikth21,https://dongne.co/events/df260702/circles/171294,제34회 디. 페스타(일),Day2
짝사랑하는 형님의 친구는 10살 연상의 외국인 유부남,윤펭귄,S-24a,S,24,a,1sp,대역전재판,,,"바로크 반직스,아소기 겐신",,,,소설,,https://dongne.co/events/df260702/circles/170315,제34회 디. 페스타(일),Day2
세상을 빛내는 100가지 놀이,"닙, 콜라비",R-01,R,01,,2sp,"공조살,갓갓갓,아이카츠! (아이엠스타),명탐점 코난","단간론파 어나더,포스터가 36번지에는 괴물이 산다 (포삼괴),발더스게이트3",,,,,,,,https://dongne.co/events/df260702/circles/170898,제34회 디. 페스타(일),Day2
토마토를 먹으면 좋은 100가지 이유,아침햇사과,X-05b,X,05,b,1sp,HUNDRED LINE -최종방위학원-,,,"아오츠키 에이토,스미노 타쿠미",아오츠키 에이토X스미노 타쿠미,로맨틱,,"만화,일러스트",asari_n_go,https://dongne.co/events/df260702/circles/171319,제34회 디. 페스타(일),Day2
10년지기 NO겹장르,NADO,R-21,R,21,,2sp,이세계 착각 헌터,"나의 히어로아카데미아,붕괴 스타레일,괴담에 떨어져도 출근을 해야 하는구나,젠레스존제로,니지산지",,,파이논X마이데이,해당없음,,일러스트,Nado2cha,https://dongne.co/events/df260702/circles/171220,제34회 디. 페스타(일),Day2
1햄1케이지,시나,Q-14b,Q,14,b,1sp,데뷔 못 하면 죽는 병 걸림,,,,,,,,_X1NA_owx,https://dongne.co/events/df260702/circles/171213,제34회 디. 페스타(일),Day2
119120-320396,포오앙팡,O-06a,O,06,a,1sp,괴담에 떨어져도 출근을 해야 하는구나,마법사의 약속,,"브라운,김솔음,백사헌",브라운X김솔음,,샇솔,"일러스트,소설,만화","PP_8808a, boripatcha0",https://dongne.co/events/df260702/circles/170735,제34회 디. 페스타(일),Day2
아그작 1/2,박신희,Y-16,Y,16,,2sp,"은혼,사이키 쿠스오의 재난,코난,마마마,소울이터,체인소맨",,,,,,,,san_nnn_light,https://dongne.co/events/df260702/circles/174016,제34회 디. 페스타(일),Day2
허접들여기까지오느라수고했고내가재밌는거보여줄게책쾅!120만딜,오항,V-19b,V,19,b,1sp,리버스1999,,,,,,,,,https://dongne.co/events/df260702/circles/170804,제34회 디. 페스타(일),Day2
그랜드 파이널 오오에 체이스 판타지 14,가갸,U-23a,U,23,a,1sp,FF14,오오에,,,,,,,,https://dongne.co/events/df260702/circles/170357,제34회 디. 페스타(일),Day2
17년째유희왕하는사람부스,고뎅,U-13,U,13,,2sp,유희왕,,,,야미 유우기X무토 유우기(진유우기),,,만화,freakin773h,https://dongne.co/events/df260702/circles/174277,제34회 디. 페스타(일),Day2
인도주의적 휴가(부제:1971년 트립),느티,V-20b,V,20,b,1sp,리버스1999,,,,,,,일러스트,Nti_Retasu,https://dongne.co/events/df260702/circles/171076,제34회 디. 페스타(일),Day2
비타 2차 마켓 (은혼 외),비타,Y-15,Y,15,,2sp,은혼,"헌터헌터,나루토,사이키 쿠스오의 재난 등",,긴토키,,,,,banbaji5,https://dongne.co/events/df260702/circles/170689,제34회 디. 페스타(일),Day2
2026년에도 날및함,사과,S-22,S,22,,2sp,역전재판,,,"나루호도 류이치,미츠루기 레이지",나루호도 류이치X미츠루기 레이지,"로맨틱,섹슈얼,로맨틱,섹슈얼",,소설,ringogyakuten,https://dongne.co/events/df260702/circles/171032,제34회 디. 페스타(일),Day2
2090,마늘닭,W-11b,W,11,b,1sp,닌타마 란타로,,,야마다 리키치 도이 한스케,,"섹슈얼,로맨틱",,소설,ninninnindoi,https://dongne.co/events/df260702/circles/170546,제34회 디. 페스타(일),Day2
21세기 동인은 물물교환만 받습니다,빨간단추,N-07,N,07,,2sp,괴담출근,,,최요원,,,,"소설,공예",,https://dongne.co/events/df260702/circles/170401,제34회 디. 페스타(일),Day2
:3,ㅁ,Q-21b,Q,21,b,1sp,전지적 독자시점,,,,,,,,blacktea1315,https://dongne.co/events/df260702/circles/169706,제34회 디. 페스타(일),Day2
3학년 좋아,엑스트라A,W-12,W,12,,2sp,닌자보이 란타로,,,,,,,,extrarkrn,https://dongne.co/events/df260702/circles/174738,제34회 디. 페스타(일),Day2
3n세작두아저씨의연하애인을위한293일정권지르기,이공,N-24,N,24,,2sp,괴담에 떨어져도 출근을 해야 하는구나,,,"최 요원,김솔음",,로맨틱,,,twozzeroo,https://dongne.co/events/df260702/circles/171131,제34회 디. 페스타(일),Day2
5월의 장미,메챠코,T-23a,T,23,a,1sp,악마집사와 검은고양이,도키메키메모리얼GS,,,,,,,,https://dongne.co/events/df260702/circles/171050,제34회 디. 페스타(일),Day2
이번 7월에 유학가기로 해가지고… 응원해주시면 ㄱㅅ하겟습니다 유명한 나라라 다들 잘 아실 것 같은데 이세계괴담나라예요,체솔,O-21a,O,21,a,1sp,"괴담에 떨어져도 출근을 해야 하는구나,괴출","이세계 착각 헌터,이세계 착각헌터,이착헌",,"<괴담에 떨어져도 출근을 해야 하는구나> 작 중 캐릭터,<이세계 착각 헌터> 작 중 캐릭터",강창호X레밍,"로맨틱,섹슈얼",,"만화,일러스트",K_CHE_SOL_,https://dongne.co/events/df260702/circles/174571,제34회 디. 페스타(일),Day2
역전재판 7 희 망 합 니 다,p2d,S-20,S,20,,2sp,역전재판,,,,,,,,,https://dongne.co/events/df260702/circles/170231,제34회 디. 페스타(일),Day2
7월에도 나루미츠 정상 영업합니다,명이,S-21,S,21,,2sp,역전재판,,,"나루호도 류이치,미츠루기 레이지",나루호도 류이치X미츠루기 레이지,"로맨틱,섹슈얼",,,Myeong7632,https://dongne.co/events/df260702/circles/170540,제34회 디. 페스타(일),Day2
72세토우안할아버지인생최후의끌어치기,72,Y-22,Y,22,,2sp,프로젝트 세카이 컬러풀 스테이지 feat. 하츠네 미쿠,,,"시라이시 안,아오야기 토우야",아오야기 토우야X시라이시 안,,,소설,only_do_an,https://dongne.co/events/df260702/circles/170837,제34회 디. 페스타(일),Day2
7디페일2sp,벨로,S-14,S,14,,2sp,화산귀환,헌터헌터,,,,,,기타,Kurobina_win,https://dongne.co/events/df260702/circles/170497,제34회 디. 페스타(일),Day2
7월디페안덥길g,루,K-06a,K,06,a,1sp,,,,,,,,,,https://dongne.co/events/df260702/circles/170714,제34회 디. 페스타(일),Day2
8톤트럭,호,N-05,N,05,,2sp,괴담출근,,,최요원x김솔음,최요원X김솔음,로맨틱,,"만화,일러스트,기타",p78_ll,https://dongne.co/events/df260702/circles/171192,제34회 디. 페스타(일),Day2
86-나의 변호식스못죽아,"이교, 에긍",R-12,R,12,,2sp,"데뷔 못 하면 죽는 병 걸림,너희들은 변호됐다",86 -에이티식스-,,"<데뷔 못 하면 죽는 병 걸림> 작 중 캐릭터,강민재차주한,에이티식스",강민재X차주한,로맨틱,신에이 노우젠*블라디레나 밀리제,일러스트,"u_gauqa, egeung_work",https://dongne.co/events/df260702/circles/170990,제34회 디. 페스타(일),Day2
제 89초상기록부,할롯,"Z-22, Z-23",Z,22,,4sp,ABYSSOS,"콜오브듀티,마라톤",,이겔,,해당없음,,"만화,일러스트,사진",Watch_Condition,https://dongne.co/events/df260702/circles/170455,제34회 디. 페스타(일),Day2
도합 90세 ES 신인 아이돌 그룹 부흥 위원회,문곰,X-21b,X,21,b,1sp,"앙상블 스타즈,앙상블 스타즈!! Music",18TRIP,,앙상블 스타즈 캐릭터,쿠온 마슈X츠즈라 치토세,로맨틱,,"만화,일러스트",Pr2lov_Dear2,https://dongne.co/events/df260702/circles/174773,제34회 디. 페스타(일),Day2
999MALL,오레,I-03b,I,03,b,1sp,"오리지널,창작디자인문구",백룸,,,,,,,999_MALL,https://dongne.co/events/df260702/circles/170900,제34회 디. 페스타(일),Day2
abyss별관,무이소울킹,I-19a,I,19,a,1sp,tiger&bunny,여신전생3,,"타이거,바나비,인수라,단테,오리지날",바나비X코테츠,"섹슈얼,로맨틱",단테x인수라,"만화,일러스트,소설",kimsoulstudio,https://dongne.co/events/df260702/circles/170214,제34회 디. 페스타(일),Day2
프로메어 정비공AU,소란,X-09,X,09,,2sp,프로메어,,,프로메어,리오 포티아X갈로 티모스,"섹슈얼,로맨틱",,"일러스트,만화",cimrann_,https://dongne.co/events/df260702/circles/175082,제34회 디. 페스타(일),Day2
오리지늄 C세포,HYUN,V-02,V,02,,2sp,명일방주,할로우나이트,,,,,,일러스트,KJ3R4G,https://dongne.co/events/df260702/circles/170877,제34회 디. 페스타(일),Day2
Cosmic Communications,ShiQi,T-13a,T,13,a,1sp,에일리언스테이지,에일리언스테이지,,"이반 X 틸,에일리언스테이지",이반X틸,섹슈얼,,,capybara_roll,https://dongne.co/events/df260702/circles/173691,제34회 디. 페스타(일),Day2
창호기려는우주가점지해준cp다,강현,R-06a,R,06,a,1sp,이세계 착각 헌터,,,"강창호,김기려",강창호X김기려,로맨틱,,소설,_blue_milky_way,https://dongne.co/events/df260702/circles/170536,제34회 디. 페스타(일),Day2
위탁(CP명),하레,X-05a,X,05,a,1sp,HUNDRED LINE -최종방위학원-,,,"아오츠키 에이토,스미노 타쿠미",아오츠키 에이토X스미노 타쿠미,로맨틱,,"만화,일러스트",ttk4086,https://dongne.co/events/df260702/circles/171053,제34회 디. 페스타(일),Day2
Dream Planet,Hung Hui Ting,P-19b,P,19,b,1sp,,,,<괴담에 떨어져도 출근을 해야 하는구나> 작 중 캐릭터,,,,,imme_111,https://dongne.co/events/df260702/circles/173807,제34회 디. 페스타(일),Day2
더블E,무라이,I-20b,I,20,b,1sp,,,,,,,,,,https://dongne.co/events/df260702/circles/170363,제34회 디. 페스타(일),Day2
Entry,둡댑,U-22,U,22,,2sp,"포켓몬스터,헌터 X 헌터",,,,,,,,,https://dongne.co/events/df260702/circles/170708,제34회 디. 페스타(일),Day2
ES에멜로우디어스의등장이라니,둣,X-21a,X,21,a,1sp,앙상블 스타즈,,,"코지카 쥬이스,나이스 아르네브 선더,마도카 노조미,쿠온 마슈,츠즈라 치토세",나이스 아르네브 선더X코지카 쥬이스,해당없음,노조쥬,"만화,일러스트",dus256,https://dongne.co/events/df260702/circles/175127,제34회 디. 페스타(일),Day2
feat. 망신살관리국,RURU,"P-12, P-13",P,12,,4sp,괴담에 떨어져도 출근을 해야 하는구나,,,,,,,소설,RURU_MD,https://dongne.co/events/df260702/circles/171231,제34회 디. 페스타(일),Day2
GGG 한국지부,,U-08b,U,08,b,1sp,용자왕 가오가이가,,,,,해당없음,,"만화,일러스트",rvngofmackerel,https://dongne.co/events/df260702/circles/175076,제34회 디. 페스타(일),Day2
HAMA 환경미화원,가위,X-03a,X,03,a,1sp,18TRIP,,,"무라쿠모 텐,니시조노 렌가",무라쿠모 텐X니시조노 렌가,로맨틱,,만화,scissors_pic,https://dongne.co/events/df260702/circles/174030,제34회 디. 페스타(일),Day2
빠빨간약! 궁금해 Honey♡,Eon,S-05,S,05,,2sp,월야환담,명탐정 코난,,,,,,,e_on_123,https://dongne.co/events/df260702/circles/170942,제34회 디. 페스타(일),Day2
KOTOHANABI,KOTOHA,K-20,K,20,,2sp,우마무스메,데뷔 못 하면 죽는 병 걸림,,,,,,,,https://dongne.co/events/df260702/circles/170271,제34회 디. 페스타(일),Day2
Lovely Mix,Lovely Mix,O-24b,O,24,b,1sp,괴담출근,"화산귀환,내스급,데못죽,전독시",,,,,,,LovelyMix_,https://dongne.co/events/df260702/circles/170375,제34회 디. 페스타(일),Day2
LUTO,루토,I-03a,I,03,a,1sp,,,,,,,,"만화,일러스트",9luto00,https://dongne.co/events/df260702/circles/171303,제34회 디. 페스타(일),Day2
군필미시집사 L♡VE,리리,X-22,X,22,,2sp,앙상블스타즈!!,,,"텐쇼인 에이치,후시미 유즈루",텐쇼인 에이치X후시미 유즈루,로맨틱,,"만화,일러스트,공예",ririri_2121,https://dongne.co/events/df260702/circles/173687,제34회 디. 페스타(일),Day2
MB.Y,우애란,U-12a,U,12,a,1sp,"유희왕 고러시!!,유희왕 고 러시!!",,,콰이두르,창조주X콰이두르,"로맨틱,섹슈얼",,만화,,https://dongne.co/events/df260702/circles/175275,제34회 디. 페스타(일),Day2
Mixed Nuts,Nenjyu,N-14,N,14,,2sp,괴담출근,,,,,,,,,https://dongne.co/events/df260702/circles/170240,제34회 디. 페스타(일),Day2
mmm51909/inst27909544,mmm,T-19a,T,19,a,1sp,케이팝 아이돌 몬스타엑스,세븐틴 에이티즈,,셔누 형원,형원X셔누,로맨틱,,,inst27909544,https://dongne.co/events/df260702/circles/170281,제34회 디. 페스타(일),Day2
Moby Dick Cruise,YAL,V-11,V,11,,2sp,원피스,슬램덩크,,"마르코,로브 루치",,로맨틱,우성명헌,만화,telagente,https://dongne.co/events/df260702/circles/170835,제34회 디. 페스타(일),Day2
N잡뛰는 오타쿠,메이,K-05,K,05,,2sp,,,,,,,,,,https://dongne.co/events/df260702/circles/170639,제34회 디. 페스타(일),Day2
N26년 윌라르브 출판소,옴뇸뇸,Q-19,Q,19,,2sp,쿠베라,,,,,,,,,https://dongne.co/events/df260702/circles/170718,제34회 디. 페스타(일),Day2
nair,nair,N-08,N,08,,2sp,괴담출근,데못죽,,김솔음,,,,일러스트,nair_rf,https://dongne.co/events/df260702/circles/170988,제34회 디. 페스타(일),Day2
마차살무료나눔해주는부스(NCP),"시, 마치, 갈래",R-04,R,04,,2sp,마법명가 차남으로 살아남는 법,,,,,해당없음,,"소설,만화,기타","likemarch_p, SilentMoment_0",https://dongne.co/events/df260702/circles/171238,제34회 디. 페스타(일),Day2
Near the piece,니에즈피,T-10,T,10,,2sp,닥터스톤,,,아사기리 겐,이시가미 센쿠X아사기리 겐,로맨틱,"아사기리 겐×이시가미 센쿠, 스탠리 스나이더×제노 윙필드",소설,pg_od_n1ght,https://dongne.co/events/df260702/circles/173241,제34회 디. 페스타(일),Day2
Neutral Switch,Syueii,J-01b,J,01,b,1sp,,"트라이건,블레이블루",,,,,,,_syueii,https://dongne.co/events/df260702/circles/173432,제34회 디. 페스타(일),Day2
Qterw-■-■■,도시호,O-16,O,16,,2sp,괴담에 떨어져도 출근을 해야 하는구나,화산귀환,,"김솔음,이자헌,최요원,J3,호유원,백사헌,등",,,,소설,Deneb_BG,https://dongne.co/events/df260702/circles/171214,제34회 디. 페스타(일),Day2
Qterw-■-■■,도시호,"O-14, O-15",O,14,,4sp,괴담에 떨어져도 출근을 해야 하는구나,화산귀환,,"김솔음,최요원,이자헌,백사헌,J3 등",,,,일러스트,Deneb_BG,https://dongne.co/events/df260702/circles/171215,제34회 디. 페스타(일),Day2
외계인 상점의 RGB는 '우리'가 책임진다.,녹차,"N-02, N-03",N,02,,4sp,괴담출근,,,김솔음,,로맨틱,,"만화,일러스트",Oc2a_,https://dongne.co/events/df260702/circles/171300,제34회 디. 페스타(일),Day2
SCP 재단,사람,T-21,T,21,,2sp,SCP 재단,,,"아이스버그 박사,기어스 박사",,"로맨틱,섹슈얼",,"소설,만화",Lord__person,https://dongne.co/events/df260702/circles/170550,제34회 디. 페스타(일),Day2
Second Chance,만월,W-24b,W,24,b,1sp,"DC코믹스,히티드라이벌리",히티드 라이벌리 등,,제이슨 토드,,,,"만화,일러스트",,https://dongne.co/events/df260702/circles/170390,제34회 디. 페스타(일),Day2
sidewalk,mino,T-03b,T,03,b,1sp,포켓몬스터 스칼렛·바이올렛,,,"테사,청목",청목X테사,"로맨틱,로맨틱",,만화,dorong_mino,https://dongne.co/events/df260702/circles/170244,제34회 디. 페스타(일),Day2
sksk,얌,V-10a,V,10,a,1sp,,,,,,,,,,https://dongne.co/events/df260702/circles/170300,제34회 디. 페스타(일),Day2
stay gold,람,V-17,V,17,,2sp,골든카무이,,,"츠키시마 하지메,코이토 오토노신",츠키시마 하지메X코이토 오토노신,"로맨틱,섹슈얼",,소설,ramkamuy,https://dongne.co/events/df260702/circles/170557,제34회 디. 페스타(일),Day2
@trip,봄님,X-03b,X,03,b,1sp,"18TRIP,18트립",아이돌마스터 사이드엠,,"니시조노렌가(18trip),무라쿠모텐(18trip)",무라쿠모텐X니시조노렌가,"로맨틱,섹슈얼",키바렌,,bom_4520,https://dongne.co/events/df260702/circles/173269,제34회 디. 페스타(일),Day2
안수호를믿기vs금성제를믿기,"팔비, 이망철",T-06b,T,06,b,1sp,약한영웅,,,"안수호,연시은,고현탁,금성제",,해당없음,고현탁x금성제,일러스트,"Ooh_coco, mangccx",https://dongne.co/events/df260702/circles/170561,제34회 디. 페스타(일),Day2
하이랄 호랑이 출몰 주의보: 중원VS한반도,칼브,S-13a,S,13,a,1sp,명급리,"의다살,젤다의 전설",,,,,,일러스트,CALB_booooook,https://dongne.co/events/df260702/circles/170503,제34회 디. 페스타(일),Day2
VVeoV,01,V-24a,V,24,a,1sp,붕괴:스타레일,도검난무,,,Dr.레이시오X어벤츄린,로맨틱,,만화,,https://dongne.co/events/df260702/circles/170249,제34회 디. 페스타(일),Day2
WELCOME,FIC,X-07a,X,07,a,1sp,주술회전,,,,고죠사토루X이타도리유지,"로맨틱,섹슈얼",,"만화,일러스트",FIC__KLE,https://dongne.co/events/df260702/circles/171161,제34회 디. 페스타(일),Day2
오오~yeah,개구리프사,U-19,U,19,,2sp,"오오에,천관사복","고서점가의 하시히메,마도조사,우마무스메,포켓몬스터",,"<오오에>오오사키,<오오에>타케시바",오오사키X타케시바,"로맨틱,해당없음","아키히카, 오오아리, 오오신","일러스트,만화",most_brightest,https://dongne.co/events/df260702/circles/170681,제34회 디. 페스타(일),Day2
Yuaria,정나은,Z-04,Z,04,,2sp,보컬로이드,,,,,해당없음,,,,https://dongne.co/events/df260702/circles/174349,제34회 디. 페스타(일),Day2
ZIZZANG,zizzang,Z-02a,Z,02,a,1sp,"프로젝트 세카이,마법소녀마도카마기카,케이온",,,"히라사와 유이,아키야마 미오,타이나카 리츠,나카노 아즈사,코토부키 츠무기,텐마 츠카사,오오토리 에무,쿠사나기 네네,카미시로 루이,카나메 마도카,아케미 호무라,토모에 마미,미키 사야카",카미시로 루이X텐마 츠카사,"해당없음,로맨틱,섹슈얼",,일러스트,,https://dongne.co/events/df260702/circles/171296,제34회 디. 페스타(일),Day2
갈(喝)! 사매들을 위해 화산이 돌아왔거늘.,"해오, 초핀",S-18,S,18,,2sp,화산귀환,,,"청명,당보",당보X청명,로맨틱,,"소설,만화",haeo_207,https://dongne.co/events/df260702/circles/171270,제34회 디. 페스타(일),Day2
"보도 내용 : 김기려 日, 디페스타도 없는 국가에서는 오래 머물고 싶지 않다고 밝혀",외계인사냥꾼,R-19,R,19,,2sp,이세계 착각 헌터,,,"김기려,강창호",강창호X김기려,"로맨틱,섹슈얼",,"소설,만화,공예",Saint_kiryeo,https://dongne.co/events/df260702/circles/170871,제34회 디. 페스타(일),Day2
츠키코이 앤솔로지 :: 淸夏月鯉,"챤,  84号機",V-16b,V,16,b,1sp,골든카무이,,,츠키시마 하지메 / 코이토 오토노신,츠키시마 하지메X코이토 오토노신,"로맨틱,섹슈얼",,만화,cmzzhdosthf,https://dongne.co/events/df260702/circles/170413,제34회 디. 페스타(일),Day2
