부스명,대표자,위치,위치(열),위치(번호),반부스,부스,대표 작품(원작),그 외 다루는 작품,쁘띠존,캐릭터,커플링,커플링 성향,그 외 커플링,매체,트위터,링크,행사명,개최일
 요도 [별 뽀개기],차슈,A-13b,A,13,b,1sp,은혼,"모브사이코100,주술회전,패밀리 레스토랑 가자",,"사카타 긴토키,카게야마 시게오 외 다수",,,,일러스트,,https://dongne.co/events/df2610/circles/172355,제35회 디. 페스타(토),Day1
.,모나,D-25a,D,25,a,1sp,,,,,,,,,,https://dongne.co/events/df2610/circles/172257,제35회 디. 페스타(토),Day1
.,커피,E-19,E,19,,2sp,주술회전,히카루의 바둑,,"고죠 사토루,게토 스구루",고죠 사토루X게토 스구루,로맨틱,히카사이,만화,@coffee_3330,https://dongne.co/events/df2610/circles/172342,제35회 디. 페스타(토),Day1
.,왼,E-22b,E,22,b,1sp,명탐정 코난,캐릭캐릭체인지,,후루야 레이,,,,,,https://dongne.co/events/df2610/circles/173737,제35회 디. 페스타(토),Day1
.,냥,I-13b,I,13,b,1sp,블리치,,"블리치 쁘띠존 - 어서와라, 나의 블리치 쁘띠존에",,아바라이 렌지X쿠치키 루키아,,,,,https://dongne.co/events/df2610/circles/173531,제35회 디. 페스타(토),Day1
.,이온,A-30,A,30,,2sp,"히카루의 바둑,크게 휘두르며,메달리스트","오오에,가비지타임",,,,"로맨틱,섹슈얼,해당없음",ncp,일러스트,@ionblue,https://dongne.co/events/df2610/circles/171761,제35회 디. 페스타(토),Day1
.,락의효능,M-22,M,22,,2sp,아이돌랜드 프리파라,,,,마리오X카타스미 아마리,,,,@666_S2S2,https://dongne.co/events/df2610/circles/172651,제35회 디. 페스타(토),Day1
.,,P-11a,P,11,a,1sp,괴담출근 등,"오란고교 호스트부,이누야샤",,,,,,,,https://dongne.co/events/df2610/circles/173339,제35회 디. 페스타(토),Day1
.,옌,E-12a,E,12,a,1sp,주술회전,,,"고죠 사토루,게토 스구루",고죠 사토루X게토 스구루,로맨틱,,"만화,소설",@yen_9507,https://dongne.co/events/df2610/circles/173162,제35회 디. 페스타(토),Day1
.,롱,D-29b,D,29,b,1sp,미정,,,미정,,,,소설,.,https://dongne.co/events/df2610/circles/172300,제35회 디. 페스타(토),Day1
.,머렝,C-19a,C,19,a,1sp,,,,,,,,,,https://dongne.co/events/df2610/circles/171964,제35회 디. 페스타(토),Day1
(( 곽과장님 침 닦으세요! )),싟4,R-13a,R,13,a,1sp,괴담에 떨어져도 출근을 해야 하는구나,,,"J3,곽제강",,,,일러스트,,https://dongne.co/events/df2610/circles/173293,제35회 디. 페스타(토),Day1
(주) 무림미식회,단팥빵,U-08b,U,08,b,1sp,무림제일폐: 월한강천록,,,유소월,홍륜X소월,"로맨틱,섹슈얼",소월른,"만화,일러스트",Annbbang,https://dongne.co/events/df2610/circles/171746,제35회 디. 페스타(토),Day1
(호)모로마치,라탕,F-09,F,09,,2sp,닌자보이 란타로,,,,케마 토메사부로X시오에 몬지로,"섹슈얼,로맨틱","리도이,센몬,이사케마",,,https://dongne.co/events/df2610/circles/171586,제35회 디. 페스타(토),Day1
(네가)하면 해,야찬,P-09,P,09,,2sp,괴담에 떨어져도 출근을 해야 하는구나,"데뷔 못 하면 죽는 병 걸림,망나니 PD 아이돌로 살아남기",,,,,,,@ya_chan0303,https://dongne.co/events/df2610/circles/171901,제35회 디. 페스타(토),Day1
←마법사를 믿기/아이돌을 믿기→,"날치, 나철",L-04,L,04,,2sp,"아이돌리쉬 세븐,마법명가 차남으로 살아남는 법",,,,,,,,"@narke1eft, @kwaknanacheol",https://dongne.co/events/df2610/circles/172128,제35회 디. 페스타(토),Day1
♡,"제쯔보, 댕강",R-26,R,26,,2sp,"괴담에 떨어져도 출근을 해야 하는구나,블루록","헌터물 흑막에 빙의했는데 적성에 너무 잘 맞음,가정교사 히트맨 리본",,,,,,"일러스트,만화","@cpcp_in, @yunsi07",https://dongne.co/events/df2610/circles/171929,제35회 디. 페스타(토),Day1
ㅇ,studio._.choi,D-09,D,09,,2sp,,,,,,,,,,https://dongne.co/events/df2610/circles/172110,제35회 디. 페스타(토),Day1
냥,N,J-03a,J,03,a,1sp,,,,,,,,,,https://dongne.co/events/df2610/circles/172362,제35회 디. 페스타(토),Day1
뿅,뿅,E-11,E,11,,2sp,,,,,,,,,@qazwsx1493,https://dongne.co/events/df2610/circles/171384,제35회 디. 페스타(토),Day1
왜 제 장르 같이 안해주시는데요,13,J-24,J,24,,2sp,"디즈니 트위스티드 원더랜드,앙상블 스타즈!! Music,명탐정 코난",,,,야마토 칸스케X우에하라 유이,해당없음,,일러스트,@13th_1st,https://dongne.co/events/df2610/circles/172847,제35회 디. 페스타(토),Day1
한 살 차이는 친구지,"nong, 체온",G-24,G,24,,2sp,"닌자보이 란타로,단간론파",,,"5학년,4학년",,,,,"  @O83ON, @cH_eck0620",https://dongne.co/events/df2610/circles/173384,제35회 디. 페스타(토),Day1
나 낸다 부스,페이지,Q-23b,Q,23,b,1sp,괴담에 떨어져도 출근을 해야 하는구나,,,,,,,,nooo_eezee,https://dongne.co/events/df2610/circles/171701,제35회 디. 페스타(토),Day1
봄 바다 벚꽃,반닌반개,G-10a,G,10,a,1sp,닌자보이 란타로,,,"케마 토메사부로,젠포우지 이사쿠,사스가 오지,사이온지 코운",케마 토메사부로X젠포우지 이사쿠,로맨틱,오지코운,"소설,공예",@_ntki_rh @pureun_ninnin,https://dongne.co/events/df2610/circles/171791,제35회 디. 페스타(토),Day1
콜 오브 쁘띠,사슴,M-12,M,12,,2sp,콜 오브 듀티,,Call of Duty :: 10월 디페 쁘띠존,"고스트,쾨니히,닉토,크루거,호랑이",,,,"조형,공예",@sake_daze,https://dongne.co/events/df2610/circles/171673,제35회 디. 페스타(토),Day1
아 그냥 따로 할 걸,레이드,"A-08, A-09",A,08,,4sp,포켓몬스터,"적왕사,오버워치,해즈빈호텔,괴담에 떨어져도 출근을 해야 하는구나,나루토,적국의 왕자로 사는 법",,,,,,,@riilll_89537,https://dongne.co/events/df2610/circles/172374,제35회 디. 페스타(토),Day1
이 세상 모든 히어로분들 힘내십쇼,이장,U-01b,U,01,b,1sp,"니지산지,버츄얼 유튜버(니지산지),메챠츠에",히카고,,"디티카,메챠츠에",,,,,@2z4444ng,https://dongne.co/events/df2610/circles/172215,제35회 디. 페스타(토),Day1
흙 속의 인디고,인디고,A-06,A,06,,2sp,,,,,,,,,@digogo5220,https://dongne.co/events/df2610/circles/171608,제35회 디. 페스타(토),Day1
난 가족 아니면 안 돼!,엔뿌,T-04,T,04,,2sp,망나니 PD 아이돌로 살아남기,"공조살(공포소설 속 조연은 사람으로 살고 싶다),잔불의 기사,마법명가 차남으로 살아남는 법",,,,해당없음,,,NF_vn_nv,https://dongne.co/events/df2610/circles/171926,제35회 디. 페스타(토),Day1
"난 그저 만화를 읽고 있었을 뿐인데 이치루키가 먼저,",이블릿,J-12,J,12,,2sp,블리치,,"블리치 쁘띠존 - 어서와라, 나의 블리치 쁘띠존에","쿠로사키 이치고,쿠치키 루키아",쿠로사키 이치고X쿠치키 루키아,로맨틱,,소설,@ruki_eve_lit,https://dongne.co/events/df2610/circles/173343,제35회 디. 페스타(토),Day1
얘 요즘 딸기가 달고 맛있단다,Eggcat,J-09a,J,09,a,1sp,BLEACH,,"블리치 쁘띠존 - 어서와라, 나의 블리치 쁘띠존에",쿠로사키 이치고,참월X이치고,"로맨틱,섹슈얼",이치고른,"만화,일러스트",@terionip,https://dongne.co/events/df2610/circles/172647,제35회 디. 페스타(토),Day1
ㅇ ㅣ런 기가차는 게이들 첨봄,"장벅, 뿜키, Ho9","P-01, P-34",P,01,,4sp,괴담에 떨어져도 출근을 해야 하는구나,변호됨,,,,,,"만화,일러스트",,https://dongne.co/events/df2610/circles/171819,제35회 디. 페스타(토),Day1
손 들어! 신센구미다!!!,"강 파베 , 뇨마",A-13a,A,13,a,1sp,"은혼,종말의 발키리",,,,,,,"소설,일러스트","@_PBe_K_ , @nyoma6666",https://dongne.co/events/df2610/circles/172178,제35회 디. 페스타(토),Day1
내 컴퓨터 누가 해킹했어 로그인도 안 되지롱,슼,K-03,K,03,,2sp,"소년기의 끝,페르소나 3",,,,캄파넬라X조반니,"로맨틱,섹슈얼",,만화,Li5rim,https://dongne.co/events/df2610/circles/171940,제35회 디. 페스타(토),Day1
이 부스가 세상에 나올쯤엔 너희 이름이 나왔을까?,삿,R-22a,R,22,a,1sp,괴담에 떨어져도 출근을 해야 하는구나,,,"최 요원,김솔음",최요원X김솔음,로맨틱,,,@SSO_YYO,https://dongne.co/events/df2610/circles/172582,제35회 디. 페스타(토),Day1
저 됐어요! 괴담됐어요! 그런데 그때. 괴담 담당 변호사가 나타났다?!,"강예성, 팡이",S-18,S,18,,2sp,괴담출근 등,"변호됨,우호정,던그화,연회생",,,,,,,@L_S_A_0521,https://dongne.co/events/df2610/circles/171843,제35회 디. 페스타(토),Day1
덜 낡은이들,,P-24b,P,24,b,1sp,"괴담에 떨어져도 출근을 해야 하는구나,블랙배저",,,,,,,,@TFfnxC37VYVUZQN,https://dongne.co/events/df2610/circles/173292,제35회 디. 페스타(토),Day1
쿤 몽환기록,쿤,V-29a,V,29,a,1sp,,,,,,,,,@kun_draw,https://dongne.co/events/df2610/circles/171660,제35회 디. 페스타(토),Day1
내 사숙질이 중원 애나벨 부부라니 ,화련,T-23,T,23,,2sp,화산귀환,"진혼기,몰락세가의 시한부 영약,천관사복",,청명,백천X청명,로맨틱,"화륜련, 화성사련, 자하설영",소설,@4PR1C0T_R ,https://dongne.co/events/df2610/circles/171829,제35회 디. 페스타(토),Day1
두 콜옵남만 내면 안되나요,연못,M-11a,M,11,a,1sp,Call of duty,,Call of Duty :: 10월 디페 쁘띠존,"크루거,오니",,해당없음,,일러스트,@Sleep_dreamzz,https://dongne.co/events/df2610/circles/172720,제35회 디. 페스타(토),Day1
내 사과까지 갈변 되었겠군요,별담,T-06b,T,06,b,1sp,마차살,진혼기,,,아드리안 아스카니엔X알버트 메클렌부르크,로맨틱,자하설영,소설,@byeoldam374567 @05odd,https://dongne.co/events/df2610/circles/171792,제35회 디. 페스타(토),Day1
내 사숙질이 털뭉치라니,동우,T-12b,T,12,b,1sp,화산귀환,,,'화산귀환' 등장 캐릭터,백천X청명,"로맨틱,섹슈얼",,"만화,소설",,https://dongne.co/events/df2610/circles/173667,제35회 디. 페스타(토),Day1
이 살인축구에서 이사린,참내,U-29b,U,29,b,1sp,블루록,,,"이사기 요이치,이토시 린",이사기 요이치X이토시 린,로맨틱,,"만화,일러스트",chamna404,https://dongne.co/events/df2610/circles/172126,제35회 디. 페스타(토),Day1
희:삐아체레 사천당가에디션,김보경,T-26,T,26,,2sp,화산귀환,,,,,,,"공예,일러스트",,https://dongne.co/events/df2610/circles/173312,제35회 디. 페스타(토),Day1
와!델타룬아시는구나,데이,L-07,L,07,,2sp,명일방주,델타룬,,,,,,"일러스트,기타",@mocoN_14,https://dongne.co/events/df2610/circles/171438,제35회 디. 페스타(토),Day1
닌/닌니오,참치,E-06,E,06,,2sp,,,,,,,,,,https://dongne.co/events/df2610/circles/171997,제35회 디. 페스타(토),Day1
ㄱㄱ,삼삼오오징어,E-22a,E,22,a,1sp,,,,,,,,,,https://dongne.co/events/df2610/circles/172154,제35회 디. 페스타(토),Day1
ㄱㄴ,yaming,V-15,V,15,,2sp,"이세계 착각 헌터(이착헌) 등,이세계 착각 헌터",이세계 착각 헌터,,"이착헌,이착헌 김기려,이착헌 강창호,레밍",,,,"만화,일러스트,공예",@kimnarbi,https://dongne.co/events/df2610/circles/172157,제35회 디. 페스타(토),Day1
가자,가자,I-12b,I,12,b,1sp,블리치,,"블리치 쁘띠존 - 어서와라, 나의 블리치 쁘띠존에",,,,,,,https://dongne.co/events/df2610/circles/172820,제35회 디. 페스타(토),Day1
가자,모짜,V-34,V,34,,2sp,,,,,,,,,@azzzomm,https://dongne.co/events/df2610/circles/172511,제35회 디. 페스타(토),Day1
냠냠,혁,Q-23a,Q,23,a,1sp,,,,,,,,,,https://dongne.co/events/df2610/circles/172030,제35회 디. 페스타(토),Day1
노챠,노챠,F-20,F,20,,2sp,주술회전,,,주술회전,쵸소우X이타도리 유지,로맨틱,,일러스트,@iamhodu,https://dongne.co/events/df2610/circles/173438,제35회 디. 페스타(토),Day1
녹체,녹체,R-19a,R,19,a,1sp,"괴담에 떨어져도 출근을 해야 하는구나,전지적 독자 시점",,,,,,,,@Noche_official_,https://dongne.co/events/df2610/circles/173298,제35회 디. 페스타(토),Day1
달야,달야,P-18,P,18,,2sp,괴담에 떨어져도 출근을 해야 하는구나,"데뷔 못 하면 죽는 병 걸림,마법명가 차남으로 살아남는 법",,,,,,일러스트,dalya_png,https://dongne.co/events/df2610/circles/172084,제35회 디. 페스타(토),Day1
또토,또토,E-01,E,01,,2sp,"보컬로이드,슬램덩크",,,,,,,일러스트,https://x.com/ddoto_o,https://dongne.co/events/df2610/circles/172230,제35회 디. 페스타(토),Day1
레샤,레샤,Q-08,Q,08,,2sp,괴담에 떨어져도 출근을 해야 하는구나,,,,,,제강제이제강,,@Resha_082,https://dongne.co/events/df2610/circles/172534,제35회 디. 페스타(토),Day1
마뱜,구마뱜,U-06,U,06,,2sp,블루록,괴담에 떨어져도 출근을 해야 하는구나,,카이저 이사기,미하엘 카이저X이사기 요이치,"섹슈얼,로맨틱",자헌솔음,,https://x.com/gumabyam,https://dongne.co/events/df2610/circles/171650,제35회 디. 페스타(토),Day1
미정,,D-26,D,26,,2sp,,,,,,,,,,https://dongne.co/events/df2610/circles/173350,제35회 디. 페스타(토),Day1
배놀,리다,H-16b,H,16,b,1sp,원피스,,,,몽키 D 루피X빈스모크 상디,로맨틱,,,@lukkikki,https://dongne.co/events/df2610/circles/172273,제35회 디. 페스타(토),Day1
부슥,"혀니,삥찌",S-02,S,02,,2sp,데뷔 못 하면 죽는 병 걸림,"괴담에 떨어져도 출근을 해야 하는구나,어두운 바다의 등불이 되어",,,선아현X박문대,,,,,https://dongne.co/events/df2610/circles/171966,제35회 디. 페스타(토),Day1
소록,소록,V-29b,V,29,b,1sp,,,,,,,,,,https://dongne.co/events/df2610/circles/171633,제35회 디. 페스타(토),Day1
어흥,재택,O-09,O,09,,2sp,괴담에 떨어져도 출근을 해야 하는구나,가비지타임,,김솔음,,,,"만화,일러스트",,https://dongne.co/events/df2610/circles/172270,제35회 디. 페스타(토),Day1
왼뜨,왼뜨,Q-19b,Q,19,b,1sp,괴담에 떨어져도 출근을 해야 하는구나,,괴담출근 쁘띠존 : 룩키마트에 어서오세요!,김솔음,,,,"일러스트,기타",jd_closet,https://dongne.co/events/df2610/circles/172566,제35회 디. 페스타(토),Day1
움파,aa,C-25,C,25,,2sp,,,,,,,,,,https://dongne.co/events/df2610/circles/171536,제35회 디. 페스타(토),Day1
이리,이리,R-23,R,23,,2sp,괴담에 떨어져도 출근을 해야 하는구나,,,,,해당없음,,소설,,https://dongne.co/events/df2610/circles/173528,제35회 디. 페스타(토),Day1
임시,김스팸,B-31,B,31,,2sp,,,,,,,,,,https://dongne.co/events/df2610/circles/171498,제35회 디. 페스타(토),Day1
임시,.,V-31a,V,31,a,1sp,,,,,,,,,,https://dongne.co/events/df2610/circles/172013,제35회 디. 페스타(토),Day1
조류,초코보,P-23,P,23,,2sp,괴담에 떨어져도 출근을 해야 하는구나,,,"김솔음,쵸파",,로맨틱,김솔음,만화,@Scottish_Fold12,https://dongne.co/events/df2610/circles/172262,제35회 디. 페스타(토),Day1
코야,코야,F-16,F,16,,2sp,케로로,나루토 헌터헌터 은혼,,,,,,"일러스트,공예",koya_kita,https://dongne.co/events/df2610/circles/172619,제35회 디. 페스타(토),Day1
크림,,B-02,B,02,,2sp,,,,,,,,,,https://dongne.co/events/df2610/circles/173632,제35회 디. 페스타(토),Day1
하루,Ha5eAn1ceday,M-03b,M,03,b,1sp,프로젝트 세카이 컬러풀 스테이지! feat.하츠네 미쿠,,,"카미시로 루이,쿠사나기 네네",카미시로 루이X쿠사나기 네네,"로맨틱,해당없음",,만화,@ha5eAn1ceday,https://dongne.co/events/df2610/circles/171814,제35회 디. 페스타(토),Day1
후후,심마,U-16a,U,16,a,1sp,어바등,,,,,,,,@shimma_0531,https://dongne.co/events/df2610/circles/171604,제35회 디. 페스타(토),Day1
☆야~호☆,B,"P-32, P-33",P,32,,4sp,괴담에 떨어져도 출근을 해야 하는구나,"괴수8호,너희들은 변호됐다",,"김솔음,백사헌,나루미,호시나",김솔음X백사헌,로맨틱,나루호시,"만화,일러스트",B_vivic,https://dongne.co/events/df2610/circles/171952,제35회 디. 페스타(토),Day1
민나~오이데 괴출 메이드카페 다요-☆,연화.삼화.두부콩.다로,"O-12, O-23",O,12,,4sp,괴담에 떨어져도 출근을 해야 하는구나,,,김솔음,브라운X김솔음,"로맨틱,섹슈얼",,"일러스트,공예,기타",@lotus_flower432,https://dongne.co/events/df2610/circles/172111,제35회 디. 페스타(토),Day1
푸딩 한 스푼 가득,쿠쿠,Q-06b,Q,06,b,1sp,괴담에 떨어져도 출근을 해야 하는구나,보컬로이드,,"미쿠,테토",,,,,@kukukuku0000_,https://dongne.co/events/df2610/circles/172138,제35회 디. 페스타(토),Day1
주문 안 하신 비바렌 나왔습니다,귤,J-05b,J,05,b,1sp,"vs ambivalenz 비바렌,비바렌",,,,,,,,3kan_S2,https://dongne.co/events/df2610/circles/173504,제35회 디. 페스타(토),Day1
딸기 한 바구니,WDBerry,J-08,J,08,,2sp,블리치,,"블리치 쁘띠존 - 어서와라, 나의 블리치 쁘띠존에",,시로 이치고X쿠로사키 이치고,,,만화,WDBerry0715,https://dongne.co/events/df2610/circles/171476,제35회 디. 페스타(토),Day1
십리 밖 얌묘마트,"십리, 얌묘",S-17,S,17,,2sp,"괴담에 떨어져도 출근을 해야 하는구나,너희들은 변호됐다,전지적 독자 시점",붕괴: 스타레일,,,,,,,,https://dongne.co/events/df2610/circles/171699,제35회 디. 페스타(토),Day1
어이 군! 기초교양이 없는데 이 자리에 오는 게 아니야!,"철판야끼, 밀몽, 소리",D-22,D,22,,2sp,"명탐정 코난,헌터x헌터",,,,,,,,,https://dongne.co/events/df2610/circles/173136,제35회 디. 페스타(토),Day1
검은 새벽,김래곤,D-28b,D,28,b,1sp,,,,,,,,,,https://dongne.co/events/df2610/circles/173436,제35회 디. 페스타(토),Day1
빵의 하렘,파앙,G-14,G,14,,2sp,명탐정 코난,,,,쿠도 신이치X모리 란,,"다카사, 카이신, 아유아이, 레이히로, 히로타카, 이것저것 기타등등...",,@pocapoca_pang,https://dongne.co/events/df2610/circles/172630,제35회 디. 페스타(토),Day1
영영 위빙,영영위빙,A-31,A,31,,2sp,,,,,,,,공예,,https://dongne.co/events/df2610/circles/172241,제35회 디. 페스타(토),Day1
이름 없음,이사,P-28,P,28,,2sp,괴담에 떨어져도 출근을 해야 하는구나,변호안함 등,,김솔음 등등,,,,"일러스트,공예",hihi_ingasila,https://dongne.co/events/df2610/circles/172502,제35회 디. 페스타(토),Day1
히쥐 타임,몬쥐,E-30,E,30,,2sp,마마마,우마무스메,,,,,,,@meonGEE_G,https://dongne.co/events/df2610/circles/173756,제35회 디. 페스타(토),Day1
닌자 먹자 아~,쎄니,E-26a,E,26,a,1sp,,,,,,,,,,https://dongne.co/events/df2610/circles/172593,제35회 디. 페스타(토),Day1
작전 중립 구역,이름 미정,M-10,M,10,,2sp,Call of duty,,Call of Duty :: 10월 디페 쁘띠존,"소프,고스트,가즈,프라이스,라스웰,알레한드로,루디,발레리아,파라,하디르,알렉스,그레이브스,크루거,골렘,쾨니히,닉토,호랑이,오니",콜오브듀티 캐릭터XY/N (드림캐릭터),로맨틱,,"만화,일러스트,기타,소설",@HongJe_H,https://dongne.co/events/df2610/circles/171756,제35회 디. 페스타(토),Day1
밥을 너무 빨리 먹지 마라,엄숙한청,K-17a,K,17,a,1sp,명일방주,,,,,,,만화,@D8G3S_X0D,https://dongne.co/events/df2610/circles/171486,제35회 디. 페스타(토),Day1
나는 강한 놈이 좋다. 강할수록 좋다.,PN,F-21,F,21,,2sp,주술회전,,,"고죠 사토루,옷코츠 유타,료멘 스쿠나",료멘 스쿠나X고죠 사토루,"섹슈얼,로맨틱",,"일러스트,소설",@gojokko,https://dongne.co/events/df2610/circles/171433,제35회 디. 페스타(토),Day1
일단 부스 한번 내보죠,튜닝,P-10a,P,10,a,1sp,괴담에 떨어져도 출근을 해야 하는구나,,,류재관 김솔음,류재관X김솔음,로맨틱,,소설,,https://dongne.co/events/df2610/circles/172059,제35회 디. 페스타(토),Day1
자나 깨나 잊지 못하고,오매불,S-01,S,01,,2sp,진혼기,,,,,,,,,https://dongne.co/events/df2610/circles/172113,제35회 디. 페스타(토),Day1
이번 역은 괴담. 괴담라라역 입니다.,너울,P-17a,P,17,a,1sp,괴담에 떨어져도 출근을 해야 하는구나,,,<괴담에 떨어져도 출근을 해야 하는구나> 작 중 캐릭터,최 요원X김솔음,해당없음,,,@Neoeul_00,https://dongne.co/events/df2610/circles/172333,제35회 디. 페스타(토),Day1
볕이 드는 언덕길,쿠렌,S-15,S,15,,2sp,괴담에 떨어져도 출근을 해야 하는구나,"은혼,가치아쿠타,사이쿠스,블리치,소울이터",,,,,,,,https://dongne.co/events/df2610/circles/172040,제35회 디. 페스타(토),Day1
손목 핏줄 탐방기,선댄스,P-16,P,16,,2sp,괴담에 떨어져도 출근을 해야 하는구나,,,,최요원X김솔음,"로맨틱,섹슈얼",,,,https://dongne.co/events/df2610/circles/173489,제35회 디. 페스타(토),Day1
죠죠 부스 여깄음,젠티,G-04b,G,04,b,1sp,죠죠의 기묘한 모험,,,"죠타로,DIO",,,,"일러스트,만화",@genti4747,https://dongne.co/events/df2610/circles/172776,제35회 디. 페스타(토),Day1
네가 찾는 히메가 어떤 히메냐,물수,J-18,J,18,,2sp,블리치,체인소맨,,"우르키오라,오리히메,하야카와 아키,히메노",우르키오라X오리히메,로맨틱,하야카와 아키 x 히메노,"만화,일러스트",@Mulsu_ww,https://dongne.co/events/df2610/circles/172757,제35회 디. 페스타(토),Day1
초심 잃은 서브남주를 위한 파업 백서,봉구밭,S-29,S,29,,2sp,초심 잃은 아이돌을 위한 회귀 백서,서브 남주가 파업하면 생기는 일,,"윤이든,정예서",견하준X윤이든,"로맨틱,섹슈얼","세드예서, 지브예서",,@gbg_2727,https://dongne.co/events/df2610/circles/171416,제35회 디. 페스타(토),Day1
가을 큐에이,aran,D-07,D,07,,2sp,,,,,,,,,,https://dongne.co/events/df2610/circles/171889,제35회 디. 페스타(토),Day1
공방 프리즘,리즈,R-27a,R,27,a,1sp,"괴담에 떨어져도 출근을 해야 하는구나,블랙배저","플레이브,어메이징 디지털 서커스,보석의 나라",,,,,,,,https://dongne.co/events/df2610/circles/172135,제35회 디. 페스타(토),Day1
구라 같은데,"왕투, C7(진공파)",M-24b,M,24,b,1sp,프로젝트 세카이 컬러풀 스테이지! feat.하츠네 미쿠,,,"텐마 츠카사,카미시로 루이",텐마 츠카사X카미시로 루이,로맨틱,,소설,"@tks__rui,@te4bw6",https://dongne.co/events/df2610/circles/172484,제35회 디. 페스타(토),Day1
국산 오타쿠,피나토,Q-20a,Q,20,a,1sp,괴담에 떨어져도 출근을 해야 하는구나,"데못죽,전독시",괴담출근 쁘띠존 : 룩키마트에 어서오세요!,김솔음,,,,,@pinytus,https://dongne.co/events/df2610/circles/172005,제35회 디. 페스타(토),Day1
그래 강차해,살,T-17,T,17,,2sp,너희들은 변호됐다,,,,강민재X차주한,로맨틱,,"만화,기타",,https://dongne.co/events/df2610/circles/171749,제35회 디. 페스타(토),Day1
단풍 혼마루,디리고,E-24,E,24,,2sp,도검난무,,,"도검남사,도검남사X창작 사니와,코기츠네마루,이치몬지 노리무네",도검남사X창작 사니와,로맨틱,,"만화,일러스트",@Dirigo_kk,https://dongne.co/events/df2610/circles/173648,제35회 디. 페스타(토),Day1
웹소 마라탕,맥계,P-25,P,25,,2sp,괴담에 떨어져도 출근을 해야 하는구나,"어두운 바다의 등불이 되어,누카니발,포켓몬",,김솔음,,,,,@pink_kim,https://dongne.co/events/df2610/circles/171738,제35회 디. 페스타(토),Day1
지구 돌리자,타라뮬,C-22b,C,22,b,1sp,"지구의 운동에 대하여,지. -지구의 운동에 대하여",,,"오크지,바데니",오크지X바데니,"로맨틱,섹슈얼,해당없음",,"소설,만화",@taramon_222,https://dongne.co/events/df2610/circles/171925,제35회 디. 페스타(토),Day1
하나 스티치,nazo,A-29,A,29,,2sp,,,,,,,,,,https://dongne.co/events/df2610/circles/171577,제35회 디. 페스타(토),Day1
수성 내행성 지점,W3,R-05,R,05,,2sp,괴담에 떨어져도 출근을 해야 하는구나,"어바등,이착헌,웹소설",,,,,,"일러스트,기타",,https://dongne.co/events/df2610/circles/172015,제35회 디. 페스타(토),Day1
과연 부스에 뭐가 있을까?,닷,T-21a,T,21,a,1sp,어두운 바다의 등불이 되어,가비지타임,,,신해량X박무현,로맨틱,,소설,,https://dongne.co/events/df2610/circles/172363,제35회 디. 페스타(토),Day1
지금 너희가 처먹는 볶음김치도 선배님이 볶아주신 거라고,"세로, 여름 ",T-01,T,01,,2sp,마법명가 차남으로 살아남는 법,,,,알버트 메클렌부르크X아드리안 아스카니엔,로맨틱,레오루카,"만화,소설,일러스트","@Ssideline_, @1_000kilometers",https://dongne.co/events/df2610/circles/171767,제35회 디. 페스타(토),Day1
내가 부스에 서겠다. ,허리,V-33a,V,33,a,1sp,블리치,,,"그림죠 재거잭,아이젠 소스케",,,,,@Mc_COL3,https://dongne.co/events/df2610/circles/172636,제35회 디. 페스타(토),Day1
한번 다녀온 여자라서 더 관심이 있습니다,saga,G-19a,G,19,a,1sp,명탐정 코난,,"칸유이 쁘띠존: 바람처럼 빠르게, 불꽃처럼 강렬하게!","야마토 칸스케,우에하라 유이,모로후시 타카아키",야마토 칸스케X우에하라 유이,"로맨틱,섹슈얼",,소설,ngn7682,https://dongne.co/events/df2610/circles/172806,제35회 디. 페스타(토),Day1
너는 여전히 오타쿠야?,이야압,Q-16b,Q,16,b,1sp,괴담에 떨어져도 출근을 해야 하는구나,데못죽,괴담출근 쁘띠존 : 룩키마트에 어서오세요!,,,,,,,https://dongne.co/events/df2610/circles/171934,제35회 디. 페스타(토),Day1
우리 장르를 소개합니다,펙토,E-25,E,25,,2sp,"도검난무 뮤지컬,닌자보이 란타로,LIVE A HERO,Rain world",,,"하치스카,나가소네,이사쿠",,로맨틱,케마이사,"소설,일러스트,공예",https://x.com/pectolite_NT,https://dongne.co/events/df2610/circles/172104,제35회 디. 페스타(토),Day1
이게 부슨지 잡탕가겐지,.,D-10a,D,10,a,1sp,,,,,,로맨틱,,,,https://dongne.co/events/df2610/circles/172594,제35회 디. 페스타(토),Day1
피는 물보다 히프노시스 마이크,타네,K-01,K,01,,2sp,히프노시스마이크,,,유메노 겐타로,,,,"만화,소설",@mina0493,https://dongne.co/events/df2610/circles/172427,제35회 디. 페스타(토),Day1
괴담 푸드코트,공룡,R-02a,R,02,a,1sp,괴담에 떨어져도 출근을 해야 하는구나,,,"현무1팀,백일몽",,,,"공예,조형,일러스트",@Scared_dino,https://dongne.co/events/df2610/circles/171834,제35회 디. 페스타(토),Day1
청홍 꽁지상점,냥라,J-16,J,16,,2sp,체인소맨,보컬로이드,,"하야카와 아키,천사의 악마,히메노,카이토 KAITO",,,,"기타,일러스트",@nyangra_,https://dongne.co/events/df2610/circles/172235,제35회 디. 페스타(토),Day1
일단 잡아두면 미래의 내가 뭐라도 내겠지 부스,참치,M-08,M,08,,2sp,콜 오브 듀티,,Call of Duty :: 10월 디페 쁘띠존,,고스트X소프,로맨틱,,,Ariel0537,https://dongne.co/events/df2610/circles/171559,제35회 디. 페스타(토),Day1
신의 기사여도 출근을 해야 하는구나,다루,P-30,P,30,,2sp,괴담에 떨어져도 출근을 해야 하는구나,가즈나이트,,,김솔음X백사헌,"섹슈얼,로맨틱",리오바이칼,,@coba4551_gsgw,https://dongne.co/events/df2610/circles/172839,제35회 디. 페스타(토),Day1
좁은 괴담으로 들어가라,로맨,R-03,R,03,,2sp,괴담에 떨어져도 출근을 해야 하는구나,마차살,,,,,,,@Roman_jagi ,https://dongne.co/events/df2610/circles/172666,제35회 디. 페스타(토),Day1
내가 후회할지 청명이가 후회할지,빤도,U-11a,U,11,a,1sp,화산귀환,,,청명,,로맨틱,,"일러스트,기타",hwaP0,https://dongne.co/events/df2610/circles/172153,제35회 디. 페스타(토),Day1
아아 미안하다 지금부터 런던으로 가야 한다,달안개,I-02,I,02,,2sp,대역전재판,,,"아소기 카즈마,바로크 반직스",아소기 카즈마X바로크 반직스,"로맨틱,섹슈얼",,소설,@Dalfog_,https://dongne.co/events/df2610/circles/172448,제35회 디. 페스타(토),Day1
전통 순애국밥 아바시리점,김서림,C-09b,C,09,b,1sp,골든카무이,슬램덩크,,,,,,만화,@far_from_refuge,https://dongne.co/events/df2610/circles/172269,제35회 디. 페스타(토),Day1
아빠 눈치챙겨;;,"종이, 왁ON",G-28,G,28,,2sp,스파이패밀리,,스파패 쁘띠존 - MISSION: 오퍼레이션 <쁘띠존>을 완수하라 2,스파이패밀리,로이드포저X요르포저,로맨틱,,만화,"paper_28, wak_on_spy",https://dongne.co/events/df2610/circles/172434,제35회 디. 페스타(토),Day1
전혀 트윙클하고 있지 않아..,계촌,I-24a,I,24,a,1sp,우마무스메,,,,정글포켓X후지키세키,로맨틱,,만화,,https://dongne.co/events/df2610/circles/172774,제35회 디. 페스타(토),Day1
괴수 토벌하다가 괴담 마주침,빵,H-02a,H,02,a,1sp,괴수8호,괴담에 떨어져도 출근을 해야 하는구나,,,,,,기타,@bread_k8,https://dongne.co/events/df2610/circles/172289,제35회 디. 페스타(토),Day1
그럼 유키모모는 사람들 유키모모 봐야지,웅냔냐,L-23a,L,23,a,1sp,아이돌리쉬 세븐,,,유키모모,유키X모모,"섹슈얼,로맨틱",,"만화,소설,기타",@nininini1100 ,https://dongne.co/events/df2610/circles/172367,제35회 디. 페스타(토),Day1
우리 최강이랬잖아,"KaNn, DAY",E-18,E,18,,2sp,주술회전,,,"고죠 사토루,게토 스구루",고죠사토루X게토스구루,로맨틱,,,All_in_day,https://dongne.co/events/df2610/circles/171623,제35회 디. 페스타(토),Day1
분노! 우울··· 배신감!!,패트와매트,R-27b,R,27,b,1sp,괴담에 떨어져도 출근을 해야 하는구나,"젤다의 전설,은혼,어바등",,,,,,일러스트,@gigigoeg,https://dongne.co/events/df2610/circles/171463,제35회 디. 페스타(토),Day1
록키/밤식,"록키, 밤식","O-07, O-28",O,07,,4sp,"괴담에 떨어져도 출근을 해야 하는구나,변호됨",,,,강민재X차주한,,,,,https://dongne.co/events/df2610/circles/173186,제35회 디. 페스타(토),Day1
ㄵㄵㄵ,전단지,F-08,F,08,,2sp,,,,,,,,,,https://dongne.co/events/df2610/circles/173262,제35회 디. 페스타(토),Day1
개말코,빡빡,S-25,S,25,,2sp,,,당보청명 쁘띠존 : 깊디깊은 어둠 속에서 매화의 향은 더 깊어지는 법,,당보X청명,,,만화,@bakbak__2,https://dongne.co/events/df2610/circles/171999,제35회 디. 페스타(토),Day1
까막북,유진,D-06,D,06,,2sp,,,,,,,,,,https://dongne.co/events/df2610/circles/173844,제35회 디. 페스타(토),Day1
나쭈배,나모쿠,E-04,E,04,,2sp,"앙상블 스타즈,오리지널(1차)",세포신곡,,,,,,일러스트,,https://dongne.co/events/df2610/circles/171687,제35회 디. 페스타(토),Day1
냐냐냥,크오,O-08,O,08,,2sp,괴담에 떨어져도 출근을 해야 하는구나,,,,,,,,,https://dongne.co/events/df2610/circles/173492,제35회 디. 페스타(토),Day1
냠냐미,루,A-15,A,15,,2sp,은혼,,,,,,,,@ruuuu_ho,https://dongne.co/events/df2610/circles/172197,제35회 디. 페스타(토),Day1
당가밥,밥,T-09,T,09,,2sp,화산귀환,,당보청명 쁘띠존 : 깊디깊은 어둠 속에서 매화의 향은 더 깊어지는 법,"당보,청명",당보X청명,로맨틱,,소설,@xxangzon,https://dongne.co/events/df2610/circles/172824,제35회 디. 페스타(토),Day1
당덕기,마감노예,L-13,L,13,,2sp,"리버스: 1999,LOL","라이엇 게임즈,할로우나이트,괴담에 떨어져도 출근을 해야 하는구나,스플래툰3,별의 커비,파이널판타지14",,,,,,"일러스트,기타",,https://dongne.co/events/df2610/circles/171923,제35회 디. 페스타(토),Day1
도원정,"선도, 향",V-07b,V,07,b,1sp,"만달로리안,진혼기",,,"딘자린,그로구,자하,설영",,"로맨틱,해당없음",,"공예,기타,사진","@seondo1309, @chdh1301",https://dongne.co/events/df2610/circles/171652,제35회 디. 페스타(토),Day1
듀듀듀,나격,"Q-07, Q-28",Q,07,,4sp,괴담에 떨어져도 출근을 해야 하는구나,"이세계 착각 헌터(이착헌),전지적 독자 시점,화산귀환",,,,,,,@fallin_nagyuk,https://dongne.co/events/df2610/circles/173342,제35회 디. 페스타(토),Day1
리필집,"리, 선필",V-01a,V,01,a,1sp,원신,,,,로엔X바르카,로맨틱,,,,https://dongne.co/events/df2610/circles/173613,제35회 디. 페스타(토),Day1
매브릭,단아,D-02a,D,02,a,1sp,,,,,,,,일러스트,@__maverick_life  ,https://dongne.co/events/df2610/circles/172622,제35회 디. 페스타(토),Day1
메밀밭,밀123,Q-22,Q,22,,2sp,괴담에 떨어져도 출근을 해야 하는구나,플레이브,괴담출근 쁘띠존 : 룩키마트에 어서오세요!,,,,,일러스트,@momil0801,https://dongne.co/events/df2610/circles/171554,제35회 디. 페스타(토),Day1
물음표,?,R-12,R,12,,2sp,괴담에 떨어져도 출근을 해야 하는구나,,,,,,,,,https://dongne.co/events/df2610/circles/172428,제35회 디. 페스타(토),Day1
밀키트,hi1zzZ,S-22,S,22,,2sp,괴담에 떨어져도 출근을 해야 하는구나,애니 웹소,,,,,,,hi1zzZ,https://dongne.co/events/df2610/circles/172439,제35회 디. 페스타(토),Day1
별가루,별빛,G-15a,G,15,a,1sp,명탐정 코난,은혼,,,마츠다 진페이X하기와라 켄지,"로맨틱,섹슈얼",타카스기 신스케x카츠라 코타로 ,소설,@Milkyway_U,https://dongne.co/events/df2610/circles/171629,제35회 디. 페스타(토),Day1
새문서,정연,K-14,K,14,,2sp,명일방주,,,,,,,,@jung9401,https://dongne.co/events/df2610/circles/173351,제35회 디. 페스타(토),Day1
소요당,소요,F-30,F,30,,2sp,,,,,,,,"일러스트,공예,기타",@soyodang_works,https://dongne.co/events/df2610/circles/171371,제35회 디. 페스타(토),Day1
손부림,라야,A-04,A,04,,2sp,태팅레이스,,,,,,,,@sonbulim,https://dongne.co/events/df2610/circles/171879,제35회 디. 페스타(토),Day1
순무밭,chii,C-11b,C,11,b,1sp,"지. -지구의 운동에 대하여,지운대,지구의 운동에 대하여",,,"오크지,바데니",오크지X바데니,로맨틱,,,@chiiqwe,https://dongne.co/events/df2610/circles/171685,제35회 디. 페스타(토),Day1
아멜로,공쥬,C-31,C,31,,2sp,탑로더,키링,,,,,,,amello_art,https://dongne.co/events/df2610/circles/171954,제35회 디. 페스타(토),Day1
아지트,Azt,G-11,G,11,,2sp,닌자보이 란타로,고깔모자의 아틀리에,,,,,,"만화,일러스트,영상,조형",,https://dongne.co/events/df2610/circles/172659,제35회 디. 페스타(토),Day1
양기존,염,R-34b,R,34,b,1sp,괴담에 떨어져도 출근을 해야 하는구나,,,<괴담에 떨어져도 출근을 해야 하는구나> 작 중 캐릭터,,,,일러스트,@YUM_606,https://dongne.co/events/df2610/circles/173155,제35회 디. 페스타(토),Day1
열정부,소라,F-28b,F,28,b,1sp,"오리지널(1차),붕괴: 스타레일,프로젝트 세카이 컬러풀 스테이지! feat.하츠네 미쿠",,,,,,,,@kaistpassion,https://dongne.co/events/df2610/circles/173166,제35회 디. 페스타(토),Day1
우엥잉,민/밍,S-33a,S,33,a,1sp,진혼기,,,자하 설영,,,,,,https://dongne.co/events/df2610/circles/172050,제35회 디. 페스타(토),Day1
유브티,소이류,T-22a,T,22,a,1sp,니지산지,,,니지산지 라이버,,해당없음,,,@dbfan_slwl,https://dongne.co/events/df2610/circles/172171,제35회 디. 페스타(토),Day1
음기존,염,R-01,R,01,,2sp,괴담에 떨어져도 출근을 해야 하는구나,,,<괴담에 떨어져도 출근을 해야 하는구나> 작 중 캐릭터,,,,일러스트,@YUM_606,https://dongne.co/events/df2610/circles/173420,제35회 디. 페스타(토),Day1
일공일,얀,E-08,E,08,,2sp,,,,,,,,,,https://dongne.co/events/df2610/circles/171420,제35회 디. 페스타(토),Day1
일이공,얀,V-30a,V,30,a,1sp,,,,,,,,,,https://dongne.co/events/df2610/circles/171419,제35회 디. 페스타(토),Day1
작두탐,하레,P-21b,P,21,b,1sp,괴담에 떨어져도 출근을 해야 하는구나,,,"최 요원,김솔음,이성해",최 요원X김솔음,로맨틱,,만화,@ha_ra_ra_ra_,https://dongne.co/events/df2610/circles/172479,제35회 디. 페스타(토),Day1
재판소,ㅁh국no,I-21,I,21,,2sp,종원의 뷔르슈,,,"시안 브로피워즈,세레스",시안 브로피워즈X세레스,"로맨틱,섹슈얼",오오유즈,"만화,소설",@tkanfkdlfjqm,https://dongne.co/events/df2610/circles/171470,제35회 디. 페스타(토),Day1
초가네,호시,S-34,S,34,,2sp,진혼기,,,,,,,,,https://dongne.co/events/df2610/circles/171724,제35회 디. 페스타(토),Day1
춘앤개,우산,E-28,E,28,,2sp,히스토리에,,,,,,,"만화,일러스트,기타",wusangeu,https://dongne.co/events/df2610/circles/172032,제35회 디. 페스타(토),Day1
취조실,도둑놈,F-19a,F,19,a,1sp,명탐정 코난,,,"후루야 레이,카자미 유우야",후루야 레이X카자미 유우야,로맨틱,치하아사,"만화,소설",@DODOOK,https://dongne.co/events/df2610/circles/173316,제35회 디. 페스타(토),Day1
쿠로냥,쿠로냥,U-33b,U,33,b,1sp,플레이브,,,"플레이브,플레이브 은호 밤비",,,,"기타,일러스트",@kuroiro_o,https://dongne.co/events/df2610/circles/172537,제35회 디. 페스타(토),Day1
털찐이,털찐이,B-06,B,06,,2sp,,,,바람분댕,,,,,tulzzini,https://dongne.co/events/df2610/circles/172489,제35회 디. 페스타(토),Day1
포죠들,미슐랭 사냥꾼,K-24,K,24,,2sp,히프노시스마이크,,,"아메무라 라무다,유메노 겐타로,아리스가와 다이스",,,,일러스트,Oh_delicious02,https://dongne.co/events/df2610/circles/172730,제35회 디. 페스타(토),Day1
풋사과,댑싸리,B-22b,B,22,b,1sp,정킷뱅크,,,,,,,만화,unripe_gg,https://dongne.co/events/df2610/circles/173333,제35회 디. 페스타(토),Day1
한입점,dosa,U-03a,U,03,a,1sp,"니지산지,메챠츠에",,,,,,,"만화,일러스트",,https://dongne.co/events/df2610/circles/171543,제35회 디. 페스타(토),Day1
호도햇,HODO,E-07a,E,07,a,1sp,,,,,,,,,,https://dongne.co/events/df2610/circles/172194,제35회 디. 페스타(토),Day1
흐느적,룽,Q-34,Q,34,,2sp,괴담에 떨어져도 출근을 해야 하는구나,,,,,,,,,https://dongne.co/events/df2610/circles/171426,제35회 디. 페스타(토),Day1
히라미,히라미,P-24a,P,24,a,1sp,괴담에 떨어져도 출근을 해야 하는구나,,,김솔음,,,,일러스트,@hirami04,https://dongne.co/events/df2610/circles/171535,제35회 디. 페스타(토),Day1
마메쿤 !,mame,U-03b,U,03,b,1sp,페르소나 시리즈,,,"페르소나5 주인공,페르소나5 유스케",아마미야 렌(주인공)X키타가와 유스케,,,,@mame__kunn,https://dongne.co/events/df2610/circles/172036,제35회 디. 페스타(토),Day1
그렇게 된 듯?,꾸,J-09b,J,09,b,1sp,블리치,,"블리치 쁘띠존 - 어서와라, 나의 블리치 쁘띠존에",x,,,,소설,@k_kuk_kuri,https://dongne.co/events/df2610/circles/172293,제35회 디. 페스타(토),Day1
드림이 한 아름 피었습니다,르나,R-16b,R,16,b,1sp,괴담에 떨어져도 출근을 해야 하는구나,"괴담출근 등,화산귀환(위탁)",,"<괴담에 떨어져도 출근을 해야 하는구나> 작 중 캐릭터,화산귀환 캐릭터",,,,소설,@rna_dream_,https://dongne.co/events/df2610/circles/173551,제35회 디. 페스타(토),Day1
코코넛 속 고먕이,Ar.in,V-27,V,27,,2sp,스타트렉,,,,,,,"공예,만화",,https://dongne.co/events/df2610/circles/171439,제35회 디. 페스타(토),Day1
나에게 뭘 먹인거지,H,T-02,T,02,,2sp,마법명가 차남으로 살아남는 법,,,레오 루카스 엘리아스 나르케,,로맨틱,,"일러스트,기타",,https://dongne.co/events/df2610/circles/172624,제35회 디. 페스타(토),Day1
싫어요 난 콜옵남도 이렇게 그릴꺼야,H,M-13,M,13,,2sp,,,Call of Duty :: 10월 디페 쁘띠존,"고스트,호랑이,닉토,쾨니히,크루거",,,,일러스트,,https://dongne.co/events/df2610/circles/171672,제35회 디. 페스타(토),Day1
돌멩이 박사,OIOO,B-25,B,25,,2sp,닥터스톤,가비지타임,,센쿠 / 겐 / 스탠 / 제노 / 류스이,센쿠X겐,,스탠제노,,@_Dr_0100,https://dongne.co/events/df2610/circles/171618,제35회 디. 페스타(토),Day1
무리한 덕질,무리,S-03,S,03,,2sp,데못죽,,,신재현,,"로맨틱,섹슈얼",,소설,,https://dongne.co/events/df2610/circles/171860,제35회 디. 페스타(토),Day1
부부의 시간,광인,G-30b,G,30,b,1sp,스파이패밀리,,스파패 쁘띠존 - MISSION: 오퍼레이션 <쁘띠존>을 완수하라 2,,로이드X요르,"로맨틱,섹슈얼",,,@mad_trapped,https://dongne.co/events/df2610/circles/171507,제35회 디. 페스타(토),Day1
사고의 개찬,폭스,B-07a,B,07,a,1sp,"고전 미소녀 장르,사카모토데이즈",,,,,,,"일러스트,기타",@foxda25,https://dongne.co/events/df2610/circles/173461,제35회 디. 페스타(토),Day1
아델의 화랑,아델,C-02b,C,02,b,1sp,"창작,데뷔 못 하면 죽는 병 걸림,PLAVE (아이돌)",,,,,,,공예,@shop_adele07,https://dongne.co/events/df2610/circles/173559,제35회 디. 페스타(토),Day1
어허이 부스,부리또,F-29,F,29,,2sp,오리지널,,,,,,,일러스트,@,https://dongne.co/events/df2610/circles/171768,제35회 디. 페스타(토),Day1
와인에 치즈,"우설, 서하",I-04,I,04,,2sp,기동전사건담 지쿠악스,,,샤리아 불,,"섹슈얼,로맨틱","이그샤리, 샤아샤리","소설,만화","@_ussul_gqx, @viridian47",https://dongne.co/events/df2610/circles/171557,제35회 디. 페스타(토),Day1
집으로 가자,비올란테,T-21b,T,21,b,1sp,어바등,공회주 문송안함 블랙배저,,,,로맨틱,"해량무현, 멜키레이, 세르시온",소설,,https://dongne.co/events/df2610/circles/171552,제35회 디. 페스타(토),Day1
콜오브 짬밥,임시,M-07,M,07,,2sp,콜 오브 듀티,,Call of Duty :: 10월 디페 쁘띠존,올캐릭터,,,,,,https://dongne.co/events/df2610/circles/180112,제35회 디. 페스타(토),Day1
서클명 바꿀 수 있으니까 아무렇게나,Z,J-01a,J,01,a,1sp,"앙상블 스타즈,앙상블 스타즈!! Music,도리벤,도쿄리벤져스,도쿄리벤저스",,,,,,,,,https://dongne.co/events/df2610/circles/173360,제35회 디. 페스타(토),Day1
부스가 네게 간다,,R-08,R,08,,2sp,괴담에 떨어져도 출근을 해야 하는구나,,,,,,,"일러스트,만화,소설",,https://dongne.co/events/df2610/circles/172371,제35회 디. 페스타(토),Day1
왹개가 왹개 좋아,하제,V-21a,V,21,a,1sp,이세계 착각 헌터,,기려하성 쁘띠존,"김기려,정하성",,로맨틱,,소설,@bijulyuotakuda,https://dongne.co/events/df2610/circles/171963,제35회 디. 페스타(토),Day1
잡덕의 덕질 로그,제하,R-24,R,24,,2sp,괴담에 떨어져도 출근을 해야 하는구나,"에이스테,주술회전,체인소맨",,,,,,,exxovery,https://dongne.co/events/df2610/circles/172250,제35회 디. 페스타(토),Day1
털밭에 내린 윤슬,해현,H-10,H,10,,2sp,원피스,귀멸의 칼날,,몽키.D.가프,,"로맨틱,섹슈얼,해당없음",논커플 올캐릭,"만화,공예,일러스트",@Law_S2__,https://dongne.co/events/df2610/circles/171386,제35회 디. 페스타(토),Day1
스카치 우측 보행 공장 출장판,혼자놀아영원히,G-12b,G,12,b,1sp,명탐정 코난,,,,후루야 레이X모로후시 히로미츠,,타카히로,만화,@7i5dthumnrs,https://dongne.co/events/df2610/circles/172170,제35회 디. 페스타(토),Day1
지구는 계속 돌고 사랑도 계속 돈다,이단숭배자,C-11a,C,11,a,1sp,지구의 운동에 대하여,,,,,,,만화,@orbcrazy_,https://dongne.co/events/df2610/circles/172277,제35회 디. 페스타(토),Day1
외계인 취급 전문점,플밈,Q-30a,Q,30,a,1sp,괴담에 떨어져도 출근을 해야 하는구나,,,"김솔음,이자헌,은하제,박민성",김솔음X이자헌,"로맨틱,섹슈얼,해당없음",,만화,@P1_P2_P3_P4,https://dongne.co/events/df2610/circles/171778,제35회 디. 페스타(토),Day1
포틴의 굿즈 팩토리,포틴,D-12,D,12,,2sp,"헬루바보스,해즈빈호텔,할로우나이트,실크송","앰피비아,스티븐 유니버스,아울하우스,피오나와 케이크",,,,,,기타,@P_goods_factory,https://dongne.co/events/df2610/circles/171830,제35회 디. 페스타(토),Day1
강아지 강씨 허스키 허씨,표목,S-19,S,19,,2sp,변호됨,붕괴: 스타레일,,차주한,강민재X차주한,"로맨틱,섹슈얼","진우민우, 파이낙사, 마데카스","일러스트,소설,공예",,https://dongne.co/events/df2610/circles/171828,제35회 디. 페스타(토),Day1
무해와 몽달 그리고 매실,무해,A-11,A,11,,2sp,포켓몬스터,"아따맘마,스킵과로퍼,테일즈런너",,,,,,일러스트,"@muhae_muhae, @monglevxv, @maesil_leaf",https://dongne.co/events/df2610/circles/172177,제35회 디. 페스타(토),Day1
자기의 밥은 스스로 하자,하래,G-23b,G,23,b,1sp,닌타마 란타로 (닌자보이 란타로),,,"나카자이케 쵸지,나나마츠 코헤이타,후와 라이조,하치야 사부로",,,,만화,@maracrab3,https://dongne.co/events/df2610/circles/172399,제35회 디. 페스타(토),Day1
천사를 믿기 악마를 믿기 ,천사,G-32,G,32,,2sp,"죠죠의 기묘한 모험,헌터x헌터,닌자보이 란타로,마법사의 약속",,,,,,,일러스트,@love__ppi,https://dongne.co/events/df2610/circles/171796,제35회 디. 페스타(토),Day1
우리가 소리 지르면 기하하학,뇌,V-17,V,17,,2sp,이세계 착각 헌터,,기려하성 쁘띠존,"김기려,정하성",,로맨틱,,"만화,소설",Ba5vT1,https://dongne.co/events/df2610/circles/172848,제35회 디. 페스타(토),Day1
어바등 괴출 변호됨...? 그리고 트라이건,배추,P-07,P,07,,2sp,괴담에 떨어져도 출근을 해야 하는구나,"어두운바다의등불이되어(어바등),너희들은 변호됐다 (변호됨),트라이건,이누야샤,장송의 프리렌,은행원도 용꿈을 꾸나요(은용꿈)",,올캐러,,,,일러스트,@Cabbage001_,https://dongne.co/events/df2610/circles/172795,제35회 디. 페스타(토),Day1
괴담에 빠진 털뭉치들,"코모리룸,티라미",Q-13a,Q,13,a,1sp,괴담에 떨어져도 출근을 해야 하는구나,,,,,,,,@comori_room,https://dongne.co/events/df2610/circles/172112,제35회 디. 페스타(토),Day1
이사는 역시 케마이사,야참,G-09b,G,09,b,1sp,"닌자보이 란타로,낙제닌자 란타로",,,,케마 토메사부로X젠포우지 이사쿠,,,만화,@ya__cham,https://dongne.co/events/df2610/circles/171410,제35회 디. 페스타(토),Day1
괴수가 되어 원더호이!!,사청란,H-05,H,05,,2sp,괴수8호 프세카,,,나루미겐 호시나소우시로 카미시로루이 텐마츠카사,나루미 겐X호시나 소우시로,로맨틱,루이츠카,"일러스트,소설,기타",sachunglan3737,https://dongne.co/events/df2610/circles/172595,제35회 디. 페스타(토),Day1
역경을 헤쳐 지고천으로 ,SB,L-15b,L,15,b,1sp,세포신곡,그노시아,,,,,,만화,,https://dongne.co/events/df2610/circles/172159,제35회 디. 페스타(토),Day1
도토리 팝니다,요망,F-31,F,31,,2sp,,,,,,,,만화,@yomang___,https://dongne.co/events/df2610/circles/172220,제35회 디. 페스타(토),Day1
말페스 전문점,마테,I-24b,I,24,b,1sp,우마무스메,,,"정글 포켓,후지 키세키",정글 포켓X후지 키세키,로맨틱,,,ma_te_umm,https://dongne.co/events/df2610/circles/172301,제35회 디. 페스타(토),Day1
맛있는 파스타,모라,"R-10, R-11",R,10,,4sp,괴담에 떨어져도 출근을 해야 하는구나,,,,,,,,,https://dongne.co/events/df2610/circles/171471,제35회 디. 페스타(토),Day1
망나니 팔아요,뱜,T-05,T,05,,2sp,망나니 PD 아이돌로 살아남기,,,,,,,,@byabbn,https://dongne.co/events/df2610/circles/172282,제35회 디. 페스타(토),Day1
문화의 하수구,tosss,K-06b,K,06,b,1sp,"페르소나 4,어메이징 디지털 서커스,페스페",,,,,,,,tosssqqq,https://dongne.co/events/df2610/circles/172535,제35회 디. 페스타(토),Day1
심해어 락밴드,장슬기,U-27b,U,27,b,1sp,하이큐!!,,,,,,,,,https://dongne.co/events/df2610/circles/173888,제35회 디. 페스타(토),Day1
어쨌든 한줌단,온율,I-05,I,05,,2sp,다크소울,"다키스트 던전,엘든링",,,,해당없음,,,@onewl_0,https://dongne.co/events/df2610/circles/173834,제35회 디. 페스타(토),Day1
올무네 다락방,Mare,S-05b,S,05,b,1sp,명문고 EX급 조연의 리플레이(명급리),,,"조의신,올무,백호군,황호,은호",,,,"일러스트,만화,기타",,https://dongne.co/events/df2610/circles/172703,제35회 디. 페스타(토),Day1
이웃집 동물원,"온제, 온이",P-06,P,06,,2sp,괴담에 떨어져도 출근을 해야 하는구나,,,,,,,일러스트,"@on_yourhom3, @ui__062123",https://dongne.co/events/df2610/circles/173115,제35회 디. 페스타(토),Day1
인생이 아저씨,에버릿,J-10b,J,10,b,1sp,블리치,,"블리치 쁘띠존 - 어서와라, 나의 블리치 쁘띠존에",쿄라쿠,쿄라쿠X우키타케,,,"소설,일러스트",@everett_ns,https://dongne.co/events/df2610/circles/172393,제35회 디. 페스타(토),Day1
지붕위 다락방,지다,L-18,L,18,,2sp,델타룬,,,스팸테나,스팸톤X테나,로맨틱,,"만화,기타",@JIDAlike,https://dongne.co/events/df2610/circles/171579,제35회 디. 페스타(토),Day1
탈고를 합시다,키와,E-05,E,05,,2sp,오리지널,나루토,,,,,,,@KI__WA__,https://dongne.co/events/df2610/circles/172410,제35회 디. 페스타(토),Day1
프릴리 데이즈,플plz,A-05a,A,05,a,1sp,,,,,,,,공예,frillydayz,https://dongne.co/events/df2610/circles/171894,제35회 디. 페스타(토),Day1
행복한 비둘기,ㄹㅇ,P-22a,P,22,a,1sp,괴담에 떨어져도 출근을 해야 하는구나,,,"최 요원,김솔음,류재관,백사헌",,"로맨틱,섹슈얼","최솔, 재솔, 샇솔 등 솔음른",,,https://dongne.co/events/df2610/circles/171503,제35회 디. 페스타(토),Day1
화음현 팥차집,나선,S-26,S,26,,2sp,화산귀환,,당보청명 쁘띠존 : 깊디깊은 어둠 속에서 매화의 향은 더 깊어지는 법,"당보,청명",당보X청명,"로맨틱,섹슈얼",,"소설,만화",spiralnaseon,https://dongne.co/events/df2610/circles/172579,제35회 디. 페스타(토),Day1
기려연 쁘띠존 | 기묘한 착각 연애 주최부스,,U-21,U,21,,2sp,이세계 착각 헌터,,기려연 쁘띠존 | 기묘한 착각 연애,,김기려X선우연,,,일러스트,@GiryeonPetit,https://dongne.co/events/df2610/circles/180109,제35회 디. 페스타(토),Day1
이상한 나라의  잡화점,김피즈,B-28,B,28,,2sp,,,,,,,,,,https://dongne.co/events/df2610/circles/173535,제35회 디. 페스타(토),Day1
선법사 약수터 : 수질 적합,"삶은계란, 갱",F-23,F,23,,2sp,닌자보이 란타로,,,,,로맨틱,,"만화,소설",@1doware,https://dongne.co/events/df2610/circles/172654,제35회 디. 페스타(토),Day1
마법의 돌멩이 스프,니트륨,S-23,S,23,,2sp,화산귀환,,당보청명 쁘띠존 : 깊디깊은 어둠 속에서 매화의 향은 더 깊어지는 법,,,"로맨틱,섹슈얼",,소설,@NitRium00,https://dongne.co/events/df2610/circles/172468,제35회 디. 페스타(토),Day1
발등이 불타는 괴담,FF,R-16a,R,16,a,1sp,괴담에 떨어져도 출근을 해야 하는구나,,,류재관,,해당없음,,만화,@fofp08291209,https://dongne.co/events/df2610/circles/172735,제35회 디. 페스타(토),Day1
애증은 바람을 타고,연사,T-32,T,32,,2sp,천관사복,,,"명의,사청현",명의X사청현,로맨틱,,"소설,일러스트",@leafandwinds,https://dongne.co/events/df2610/circles/172717,제35회 디. 페스타(토),Day1
이토록 선명한 환각,람,G-21,G,21,,2sp,명탐정 코난,포켓몬스터,,"모로후시 타카아키,우에하라 유이,야마토 칸스케",,로맨틱,칸유이,"소설,일러스트",,https://dongne.co/events/df2610/circles/171776,제35회 디. 페스타(토),Day1
적폐와 날조의 닌자,우즈,G-07a,G,07,a,1sp,닌자보이 란타로,닌자보이 란타로,,"케마 토메사부로,젠포우지 이사쿠,사사야마 헤이다유,쿠로카도 덴시치",,로맨틱,헤이다유*덴시치,"만화,기타,일러스트",@ntm_uze,https://dongne.co/events/df2610/circles/171822,제35회 디. 페스타(토),Day1
목마른 사람이 우물 판 부스,YOUDUK,G-26a,G,26,a,1sp,"유희왕 DM,유희왕",,,"아템(어둠의 유우기),카이바 세토,무토 유우기(진유우기)",카이바 세토X아템(어둠의 유우기),,,일러스트,@gugueehomi,https://dongne.co/events/df2610/circles/171864,제35회 디. 페스타(토),Day1
덕질에 빠져도 마감은 해야 하는 구나,괴도팡,P-17b,P,17,b,1sp,괴담에 떨어져도 출근을 해야 하는구나,,,<괴담에 떨어져도 출근을 해야 하는구나> 작 중 캐릭터,최 요원X김솔음,해당없음,,,LUKAPANG__45,https://dongne.co/events/df2610/circles/171521,제35회 디. 페스타(토),Day1
그런데 갑자기 닌자가 나타났다,닌태,G-10b,G,10,b,1sp,닌자보이 란타로,,,닌자보이 란타로 올캐릭터,케마 토메사부로X젠포우지 이사쿠,로맨틱,하치야 사부로×후와 라이조,만화,@N1NT4E,https://dongne.co/events/df2610/circles/172407,제35회 디. 페스타(토),Day1
지고천 리탄트 연구소 학여울점,홍동,L-15a,L,15,a,1sp,"세포신곡,카모카테(관을 가진 신의 손),카모카테",,,,,,,,,https://dongne.co/events/df2610/circles/172042,제35회 디. 페스타(토),Day1
과학과 주술의 역학관계,"Sado,센서",U-08a,U,08,a,1sp,"닥터스톤,주술회전",,,"시시오 츠카사,이시가미 센쿠,료멘 스쿠나,이타도리 유지",시시오 츠카사X이시가미 센쿠,"섹슈얼,로맨틱",스쿠이타,소설,@Tsukas2n_love,https://dongne.co/events/df2610/circles/172323,제35회 디. 페스타(토),Day1
렌루키 첫날밤 기념부스,식혜,I-14b,I,14,b,1sp,블리치,,"블리치 쁘띠존 - 어서와라, 나의 블리치 쁘띠존에",,아바라이 렌지X쿠치키 루키아,,,,@sic_yeah,https://dongne.co/events/df2610/circles/172547,제35회 디. 페스타(토),Day1
블리치 쁘띠존 주최부스,,I-11,I,11,,2sp,블리치,,"블리치 쁘띠존 - 어서와라, 나의 블리치 쁘띠존에",,,,,,@BleachFesta,https://dongne.co/events/df2610/circles/180236,제35회 디. 페스타(토),Day1
그래서 극의랑 비스트랑 붙으면 누가 이김?,리빙,B-17a,B,17,a,1sp,"드래곤볼,유희왕",,,,,해당없음,,만화,@Nsiring,https://dongne.co/events/df2610/circles/173250,제35회 디. 페스타(토),Day1
공항에 사람이 갇혔어요.,태성,E-21a,E,21,a,1sp,주술회전,,,"고죠 사토루,게토 스구루",고죠 사토루X게토 스구루,로맨틱,,소설,@taeseon63877,https://dongne.co/events/df2610/circles/172268,제35회 디. 페스타(토),Day1
멈추는 법따위 모른다고요,명훈,G-03,G,03,,2sp,"죠죠의 기묘한 모험 5부,죠죠",,,,프로슈토X펫시,로맨틱,,,@crernebrulee,https://dongne.co/events/df2610/circles/173522,제35회 디. 페스타(토),Day1
밧슈는 유명한 개냥이입니다,그냥,B-21,B,21,,2sp,트라이건,,,,니콜라스 D 울프우드X밧슈 더 스탬피드,"로맨틱,섹슈얼",나이브스x밧슈,,,https://dongne.co/events/df2610/circles/172298,제35회 디. 페스타(토),Day1
"칸유이 쁘띠존: 바람처럼 빠르게, 불꽃처럼 강렬하게! 주최부스",,G-18,G,18,,2sp,,,"칸유이 쁘띠존: 바람처럼 빠르게, 불꽃처럼 강렬하게!",,,,,,,https://dongne.co/events/df2610/circles/180113,제35회 디. 페스타(토),Day1
곶감과 카페오레,노다지,I-17,I,17,,2sp,블리치,,"블리치 쁘띠존 - 어서와라, 나의 블리치 쁘띠존에","이치마루 긴,마츠모토 란기쿠,아스킨 나크 르 바르,드림주(OC)",이치마루 긴X마츠모토 란기쿠,"로맨틱,섹슈얼",아스킨 나크 르 바르 X 드림주(OC),"만화,소설",nothinkingirl,https://dongne.co/events/df2610/circles/173656,제35회 디. 페스타(토),Day1
괴출과 해저사이,진휘,T-13a,T,13,a,1sp,괴출/ 어바등,,,,,해당없음,,,@jei_j_p,https://dongne.co/events/df2610/circles/171663,제35회 디. 페스타(토),Day1
농구는 인생이다,뽈,U-26b,U,26,b,1sp,슬램덩크,,,송태섭,서태웅X송태섭,"로맨틱,섹슈얼",,"만화,일러스트,소설",,https://dongne.co/events/df2610/circles/173398,제35회 디. 페스타(토),Day1
당보랑 청명이랑,맹,S-12b,S,12,b,1sp,화산귀환,,당보청명 쁘띠존 : 깊디깊은 어둠 속에서 매화의 향은 더 깊어지는 법,,당보X청명,,,,@huamountain,https://dongne.co/events/df2610/circles/171930,제35회 디. 페스타(토),Day1
레전드 잡덕찌개,NADO,V-16,V,16,,2sp,이착헌,"괴담에 떨어져도 출근을 해야 하는구나,붕괴: 스타레일,히로아카,젠레스 존 제로",,"김기려,파이논,마이데이,바쿠고",파이논X마이데이,해당없음,,일러스트,Nado2cha,https://dongne.co/events/df2610/circles/172690,제35회 디. 페스타(토),Day1
매화는 돌아오고,매검,C-02a,C,02,a,1sp,,,,"청명 외,청명",,,,,,https://dongne.co/events/df2610/circles/173818,제35회 디. 페스타(토),Day1
소소한 메이릴리,파린,"C-01, C-32",C,01,,4sp,"수공예,솜인형","인형 귀걸이,안경",,,,,,공예,"@sosohan611004, @Ma_Li_garden",https://dongne.co/events/df2610/circles/171530,제35회 디. 페스타(토),Day1
얼가남 낙농업자,무쭉,M-18a,M,18,a,1sp,콜 오브 듀티,,Call of Duty :: 10월 디페 쁘띠존,고스트,고스트X네임리스 드림주,"로맨틱,섹슈얼",,소설,,https://dongne.co/events/df2610/circles/172072,제35회 디. 페스타(토),Day1
영혼의 만찐두빵,PIYO,C-12,C,12,,2sp,소울이터,,,"소울,마카,키드 등등 그외",,,,만화,@piyo_main,https://dongne.co/events/df2610/circles/172524,제35회 디. 페스타(토),Day1
해외산 부대찌개,Cooga,C-07b,C,07,b,1sp,키타로 탄생 : 게게게의 수수께끼,"닌자보이 란타로,100미터.",,"미즈키,토가시,6닌",,,,,Cooga_01,https://dongne.co/events/df2610/circles/171695,제35회 디. 페스타(토),Day1
출근이 계속되는 괴담,곰고미,Q-33,Q,33,,2sp,괴담에 떨어져도 출근을 해야 하는구나,은혼,,"김솔음,D조,보안팀,현무1팀",,,,,,https://dongne.co/events/df2610/circles/171868,제35회 디. 페스타(토),Day1
눈달린 교통수단 연구회,세르케,V-26b,V,26,b,1sp,트랜스포머,또봇,,,,로맨틱,또봇 RC,소설,@seruke333,https://dongne.co/events/df2610/circles/172305,제35회 디. 페스타(토),Day1
추억을 겹쳐가는 리바레 타임,온도,L-24a,L,24,a,1sp,아이돌리쉬 세븐,,,"유키,모모",유키X모모,로맨틱,,,@0ndo_S2,https://dongne.co/events/df2610/circles/172590,제35회 디. 페스타(토),Day1
괴담에 떨어져도 변호를 해야하는구나.,은비,S-20,S,20,,2sp,"괴담에 떨어져도 출근을 해야 하는구나,너희들은 변호됐다",명문고 EX급 조연의 리플레이(명급리),,,강민재X차주한,해당없음,,,@nv_woo,https://dongne.co/events/df2610/circles/173508,제35회 디. 페스타(토),Day1
최애왼 고정충의 피땀눈물,호끼,T-15,T,15,,2sp,너희들은 변호됐다,"어두운 바다의 등불이 되어,괴담에 떨어져도 출근을 해야 하는구나",,"강민재,차주한,서지혁,신해량,이자헌,최 요원,류재관",강민재X차주한,"로맨틱,섹슈얼","최륮, 지혁해량","일러스트,소설",@h_okki,https://dongne.co/events/df2610/circles/172382,제35회 디. 페스타(토),Day1
아이돌 사무라이 대마법사 버튜버,핌폼,L-21b,L,21,b,1sp,"누카니발,아이돌리쉬 세븐,페이트/사무라이 렘넌트,버튜버",,,"큐야,에이트",큐야X에이트,,,,,https://dongne.co/events/df2610/circles/172542,제35회 디. 페스타(토),Day1
불타는 열차에서 탈출하면서 스피드듀얼하지마세요,황도금,K-17b,K,17,b,1sp,붕괴: 스타레일,"쿠키런,유희왕",,,어벤츄린X레이시오,"해당없음,섹슈얼",,게임,@BRL0217_Art,https://dongne.co/events/df2610/circles/171774,제35회 디. 페스타(토),Day1
퇴근은 없습니다.,에이버,Q-29,Q,29,,2sp,괴담에 떨어져도 출근을 해야 하는구나,괴담에 떨어져도 출근을 해야 하는구나,,"김솔음,브라운,백사헌,최 요원,류재관 등",,,,일러스트,@thL_YopB_viser,https://dongne.co/events/df2610/circles/172583,제35회 디. 페스타(토),Day1
뭐라도 해볼게요..!,람,H-03b,H,03,b,1sp,괴수8호,,,,나루미 겐X호시나 소우시로,로맨틱,,일러스트,rammmm_01,https://dongne.co/events/df2610/circles/171742,제35회 디. 페스타(토),Day1
깜고와 파랑돌고래,BB,U-34,U,34,,2sp,플레이브,,,,,,,,BB_CND,https://dongne.co/events/df2610/circles/171534,제35회 디. 페스타(토),Day1
단장애 에어비앤비,청매,S-10,S,10,,2sp,화산귀환,,당보청명 쁘띠존 : 깊디깊은 어둠 속에서 매화의 향은 더 깊어지는 법,"당보,청명",당보X청명,"로맨틱,섹슈얼",,"소설,기타",_walkbluebright,https://dongne.co/events/df2610/circles/172438,제35회 디. 페스타(토),Day1
유기농 괴담미식회,경력사원,R-22b,R,22,b,1sp,괴담에 떨어져도 출근을 해야 하는구나,,,"백일몽 주식회사,초자연재난관리국",,,,일러스트,organicindanger,https://dongne.co/events/df2610/circles/171762,제35회 디. 페스타(토),Day1
화음현 도떼기시장,미미광어,U-09,U,09,,2sp,"화산귀환,진혼기",,,,,,,"일러스트,공예",,https://dongne.co/events/df2610/circles/173710,제35회 디. 페스타(토),Day1
수리검 받아준다는 건 청혼도 받아준다는 거잖아,나낭,F-24b,F,24,b,1sp,닌자보이 란타로,,,"야마다 리키치,도이 한스케",야마다 리키치X도이 한스케,,,만화,,https://dongne.co/events/df2610/circles/171683,제35회 디. 페스타(토),Day1
일단은 신청해보는 부스,Myacc,J-04,J,04,,2sp,THE IDOLM@STER SideM(아이돌 마스터 사이드엠),월드 트리거(월트리),,,,,,"만화,공예,일러스트",,https://dongne.co/events/df2610/circles/173835,제35회 디. 페스타(토),Day1
살면서 에일리언을 패고 싶다고 생각한 적이 있던가,지구인A,U-20,U,20,,2sp,이세계 착각 헌터,,기려연 쁘띠존 | 기묘한 착각 연애,,김기려X선우연,,,,,https://dongne.co/events/df2610/circles/171511,제35회 디. 페스타(토),Day1
동경은 이해로부터 가장 떨어진 감정이 맞다니까?,허흨,I-08b,I,08,b,1sp,블리치,,"블리치 쁘띠존 - 어서와라, 나의 블리치 쁘띠존에","쿠로사키 이치고,내면조,아이젠 소스케",,로맨틱,,"일러스트,기타,만화",@LeeLayNa25,https://dongne.co/events/df2610/circles/172295,제35회 디. 페스타(토),Day1
은하를 가로지르는 그리움,사슴,K-08,K,08,,2sp,붕괴: 스타레일,,,,경원X단항,로맨틱,,,,https://dongne.co/events/df2610/circles/171566,제35회 디. 페스타(토),Day1
딸기에 나방가루가 닿잖아?,TUNE,I-10,I,10,,2sp,블리치,,"블리치 쁘띠존 - 어서와라, 나의 블리치 쁘띠존에","쿠로사키 이치고,아이젠 소스케",쿠로사키 이치고X아이젠 소스케,섹슈얼,,만화,N_ep_tune2,https://dongne.co/events/df2610/circles/172256,제35회 디. 페스타(토),Day1
칠리맛 두부찌개가게 ~형현 정상영업합니다~,디귿,U-12,U,12,,2sp,가비지타임,,,,조형석X이현성,"로맨틱,섹슈얼",,"만화,일러스트,소설",@mimnim_hshs,https://dongne.co/events/df2610/circles/171501,제35회 디. 페스타(토),Day1
파이야 집을지을때는 입주조건을 잘 고려해야해,한오,T-03,T,03,,2sp,마차살,"공조살,망아살,변호됨",,"루카스,레오나르드,유예성,유릭,메클렌부르크,아드리안",메클렌부르크X아드리안,로맨틱,,일러스트,@___HAN5,https://dongne.co/events/df2610/circles/171750,제35회 디. 페스타(토),Day1
디페는 운칠기삼이야!!!! 오오키나 운메이가 칠!!! 기미토 츠무구 테누토가 삼!!!!,한지수,L-03,L,03,,2sp,아이돌리쉬 세븐,,,,,,,,@hanjisu2ga2,https://dongne.co/events/df2610/circles/172027,제35회 디. 페스타(토),Day1
흡혈귀 징수대책위원회,미납,T-31a,T,31,a,1sp,월야환담,,,,,,,만화,me_nanab,https://dongne.co/events/df2610/circles/173313,제35회 디. 페스타(토),Day1
"아이돌, 래퍼…… 모두가 노래를 한다.",찻,K-20,K,20,,2sp,"히프노시스마이크,아이돌리쉬 세븐",,,"ZOOL,버스터브로즈",아오히츠기 사마토키X야마다 이치로,"로맨틱,해당없음","주르아모리, 지로사부","만화,소설",@teabag_xox,https://dongne.co/events/df2610/circles/171988,제35회 디. 페스타(토),Day1
듀듀듀?뱌뱌뱌?,소다비,A-03,A,03,,2sp,"수공예,레진공예,뜨개소품,탑로더",,,,,,,,@sodabubbly_,https://dongne.co/events/df2610/circles/172133,제35회 디. 페스타(토),Day1
레이와/헤이세이/쇼와 돗치노 쇼타가스키,삥빵쭝,J-06,J,06,,2sp,비바렌,"도쿄바빌론,엑스,오오에",,,,로맨틱,"타이스바,오오히노,카무스바","만화,일러스트",@riu_zz00,https://dongne.co/events/df2610/circles/172573,제35회 디. 페스타(토),Day1
원나블(옵),김덕배,C-17,C,17,,2sp,오버워치,"원피스,나루토,블리치",,,,,,"만화,기타,공예","@yong_fal1863, @muhan012",https://dongne.co/events/df2610/circles/171967,제35회 디. 페스타(토),Day1
시엘로&마레,akisage,C-06a,C,06,a,1sp,,,,,,,,,,https://dongne.co/events/df2610/circles/171753,제35회 디. 페스타(토),Day1
아이돌&마스터,유타페,A-24,A,24,,2sp,데뷔 못 하면 죽는 병 걸림,,,,,,,,,https://dongne.co/events/df2610/circles/171425,제35회 디. 페스타(토),Day1
가보자고,갸옹,O-17,O,17,,2sp,괴담에 떨어져도 출근을 해야 하는구나,,,김솔음,최요원X김솔음,"로맨틱,섹슈얼",사헌솔음,"만화,일러스트",masitdaghost_77,https://dongne.co/events/df2610/circles/171871,제35회 디. 페스타(토),Day1
각자닌생,찵밥,F-11,F,11,,2sp,닌자보이 란타로,,,"사이토 타카마루,나나마츠 코헤이타,나카자이케 쵸지",코우사카 진나이자에몬X잣토 콘나몬,로맨틱,,만화,,https://dongne.co/events/df2610/circles/172271,제35회 디. 페스타(토),Day1
감자깎이,티,C-20b,C,20,b,1sp,사우스파크,,,크릭,,로맨틱,,,zmflrtea,https://dongne.co/events/df2610/circles/171654,제35회 디. 페스타(토),Day1
고게랜드,"오탑, 라라",E-20,E,20,,2sp,주술회전,,,"고죠 사토루,게토 스구루",고죠 사토루X게토 스구루,로맨틱,,"만화,일러스트","@otav_572, @goge_lara572",https://dongne.co/events/df2610/circles/171728,제35회 디. 페스타(토),Day1
곰돌실업,곰돌실업 뜨개사업부,A-05b,A,05,b,1sp,,,,,,,,공예,GDSU_Crochet,https://dongne.co/events/df2610/circles/171915,제35회 디. 페스타(토),Day1
관찰일기,정원,D-27a,D,27,a,1sp,,,,,,,,,,https://dongne.co/events/df2610/circles/171380,제35회 디. 페스타(토),Day1
괴담쏭쏭,쏭쏭,P-27,P,27,,2sp,괴담에 떨어져도 출근을 해야 하는구나,,,김솔음,,,,,@ssongmanga,https://dongne.co/events/df2610/circles/172073,제35회 디. 페스타(토),Day1
괴담회지,오이리,Q-12a,Q,12,a,1sp,괴담에 떨어져도 출근을 해야 하는구나,,,"최 요원,김솔음",,"로맨틱,섹슈얼",,소설,@Oiri_0706,https://dongne.co/events/df2610/circles/171578,제35회 디. 페스타(토),Day1
괴출트립,코노,Q-16a,Q,16,a,1sp,괴담에 떨어져도 출근을 해야 하는구나,18TRIP,괴담출근 쁘띠존 : 룩키마트에 어서오세요!,,,,,,,https://dongne.co/events/df2610/circles/173704,제35회 디. 페스타(토),Day1
구멍가게,유채,I-09,I,09,,2sp,블리치,,"블리치 쁘띠존 - 어서와라, 나의 블리치 쁘띠존에",쿠로사키 이치고,쿠로사키 이치고X아이젠 소스케,해당없음,기타 등등..,"기타,공예,일러스트",@xxipoer,https://dongne.co/events/df2610/circles/172833,제35회 디. 페스타(토),Day1
구몽가게,구모,U-24,U,24,,2sp,"가비지타임,마비노기 모바일,러브앤딥스페이스",,,,,,,,gumoarchive,https://dongne.co/events/df2610/circles/171712,제35회 디. 페스타(토),Day1
꾸메드림,지벨,V-07a,V,07,a,1sp,만달로리안(스타워즈),,,,,,,소설,@04070303,https://dongne.co/events/df2610/circles/171388,제35회 디. 페스타(토),Day1
남녀국밥,밥,V-30b,V,30,b,1sp,,,,,,,,"소설,기타",,https://dongne.co/events/df2610/circles/172495,제35회 디. 페스타(토),Day1
네가그려,현,O-13,O,13,,2sp,괴담에 떨어져도 출근을 해야 하는구나,"가비지타임,메달리스트,제5인격,프로젝트 세카이 컬러풀 스테이지! feat.하츠네 미쿠,앙상블 스타즈,명일방주,할로우나이트,네가죽어,이런 영웅은 싫어,던전밥,사이키 쿠스오의 재난",,"김솔음,최 요원,류재관",최요원X김솔음,"로맨틱,섹슈얼",류재관X김솔음 ,일러스트,,https://dongne.co/events/df2610/circles/173358,제35회 디. 페스타(토),Day1
네코마마,레이카,"R-30, R-31",R,30,,4sp,"괴담에 떨어져도 출근을 해야 하는구나,괴담출근(괴출),괴담출근 데못죽","데뷔 못 하면 죽는 병 걸림,데못죽",,,,,,,@rayca01 @makisi17 @sye51244kk,https://dongne.co/events/df2610/circles/171394,제35회 디. 페스타(토),Day1
당당마켓,지지,B-15,B,15,,2sp,"헌터×헌터,봇치더락","케이온,밴드물,마작물(아카기)",,헌터헌터 봇치더락,,,,,,https://dongne.co/events/df2610/circles/172556,제35회 디. 페스타(토),Day1
댄싱래빗,댄싱래빗,B-32,B,32,,2sp,,,,,,,,공예,,https://dongne.co/events/df2610/circles/171794,제35회 디. 페스타(토),Day1
동인실직,스칼,M-21,M,21,,2sp,프로젝트 세카이 컬러풀 스테이지! feat.하츠네 미쿠,"악마에 입문했습니다! 이루마군,마계학교 이루마군",,,카미시로 루이X텐마 츠카사,"로맨틱,섹슈얼",,,,https://dongne.co/events/df2610/circles/171452,제35회 디. 페스타(토),Day1
동코퇴근,소동,R-33,R,33,,2sp,괴담에 떨어져도 출근을 해야 하는구나,,,김솔음,,,,,@ppang0_z,https://dongne.co/events/df2610/circles/172201,제35회 디. 페스타(토),Day1
뒹굴뒹굴,돕돕돕,C-10,C,10,,2sp,던전밥,슈퍼맨,,,,,,,,https://dongne.co/events/df2610/circles/171432,제35회 디. 페스타(토),Day1
러브앤문,러브앤문,B-05,B,05,,2sp,"인형,인형옷",,,,,,,공예,,https://dongne.co/events/df2610/circles/171943,제35회 디. 페스타(토),Day1
레위네집,레위,F-04b,F,04,b,1sp,주술회전,1차 창작,,쵸소이타,쵸소우X이타도리 유지,로맨틱,,일러스트,@rewee_90 ,https://dongne.co/events/df2610/circles/172390,제35회 디. 페스타(토),Day1
루팡탑꾸,루팡탑꾸,C-28,C,28,,2sp,"탑꾸,헤도레","탑꾸,레이스탑꾸,크리스마스탑꾸,할로윈탑꾸,헤도레,수공예품,수공예",,,,,,,,https://dongne.co/events/df2610/circles/173229,제35회 디. 페스타(토),Day1
리무리무,리무무,V-32,V,32,,2sp,,,,,,,,,,https://dongne.co/events/df2610/circles/171518,제35회 디. 페스타(토),Day1
마요공방,Roro,B-27,B,27,,2sp,,,,,,,,,,https://dongne.co/events/df2610/circles/172075,제35회 디. 페스타(토),Day1
메이드집,"망쿠,듀",O-22,O,22,,2sp,괴담에 떨어져도 출근을 해야 하는구나,주술회전,,"고죠 사토루,게토 스구루,최 요원,김솔음",최 요원X김솔음,로맨틱,고죠 사토루x게토 스구루,"만화,소설",@mangtaku96 / MP572d,https://dongne.co/events/df2610/circles/171744,제35회 디. 페스타(토),Day1
모몬가즈,모구토,O-21,O,21,,2sp,괴담에 떨어져도 출근을 해야 하는구나,내가 키운 S급들,,,,,현제유진,,,https://dongne.co/events/df2610/circles/171465,제35회 디. 페스타(토),Day1
모짜오리,모짜오리,O-27,O,27,,2sp,,"데뷔 못 하면 죽는 병 걸림,괴담에 떨어져도 출근을 해야 하는구나,가비지타임",,,,,,,,https://dongne.co/events/df2610/circles/171455,제35회 디. 페스타(토),Day1
문어구이,문어구이,R-32,R,32,,2sp,괴담에 떨어져도 출근을 해야 하는구나,"플레이브,데뷔 못 하면 죽는 병 걸림",,,,해당없음,"예준x노아(플레이브), 아현x문대(데못죽)","일러스트,기타",@boseukkamgo,https://dongne.co/events/df2610/circles/171711,제35회 디. 페스타(토),Day1
밀크만쥬,MILK,K-15,K,15,,2sp,명일방주,"우마무스메,괴담에 떨어져도 출근을 해야 하는구나,명조,시광대리인",,,,,,,YUU_LESS,https://dongne.co/events/df2610/circles/171614,제35회 디. 페스타(토),Day1
반죽가게,낮잠,A-25,A,25,,2sp,"도로헤도로,천막의 자두가르,쿠키런: 킹덤,고깔모자의 아틀리에",,,,,해당없음,,일러스트,,https://dongne.co/events/df2610/circles/172321,제35회 디. 페스타(토),Day1
백곰공방,백곰공방,A-28a,A,28,a,1sp,오리지널,붕괴: 스타레일,,,,,,공예,@polarbear_c_w,https://dongne.co/events/df2610/circles/171648,제35회 디. 페스타(토),Day1
벽돌공장,"X, 마렁",A-16,A,16,,2sp,은혼,,,,사카타 긴토키X히지카타 토시로,,,일러스트,"@despmorning, @maleong_",https://dongne.co/events/df2610/circles/173582,제35회 디. 페스타(토),Day1
별과들개,별들,I-15b,I,15,b,1sp,블리치,,"블리치 쁘띠존 - 어서와라, 나의 블리치 쁘띠존에",,아바라이 렌지X쿠치키 루키아,,,,,https://dongne.co/events/df2610/circles/172818,제35회 디. 페스타(토),Day1
복작복작,moraegorae,G-16,G,16,,2sp,명탐정 코난,나루토,,타카기 와타루. 사토 미와코,타카기 와타루X사토 미와코,,칸유. 카카이루. ,"소설,일러스트,공예",,https://dongne.co/events/df2610/circles/171684,제35회 디. 페스타(토),Day1
부스하자,오레오,F-06b,F,06,b,1sp,닌자보이 란타로,"페르소나 4,윈드브레이커,모브사이코100",,,,,,,,https://dongne.co/events/df2610/circles/172510,제35회 디. 페스타(토),Day1
쁘띠뽀짝,뽀짝쿵야,S-13,S,13,,2sp,"괴담에 떨어져도 출근을 해야 하는구나,케데헌,헌터×헌터,원피스","오란고교,달빛천사,이착헌,하이큐!!,플레이브,데못죽,전독시,코난,슬램덩크,쿠키런: 킹덤,최애의 아이,스파이패밀리,뮤지컬 프랑켄슈타인,화산귀환,내스급",,,,,,,,https://dongne.co/events/df2610/circles/171529,제35회 디. 페스타(토),Day1
산지직송,강원도감자,L-10b,L,10,b,1sp,명일방주,파판14,,,,,,,,https://dongne.co/events/df2610/circles/171429,제35회 디. 페스타(토),Day1
서부웨이,"꼬리,내포탑",C-16,C,16,,2sp,오버워치,,,"캐서디,디바",미즈키X키리코,"로맨틱,섹슈얼",논커플링,"만화,일러스트",,https://dongne.co/events/df2610/circles/173380,제35회 디. 페스타(토),Day1
솔티코브,솔솔이,D-28a,D,28,a,1sp,,,,,,,,,,https://dongne.co/events/df2610/circles/171957,제35회 디. 페스타(토),Day1
쓰레기통,세인,D-23a,D,23,a,1sp,,,,,,로맨틱,,만화,@myeonglyunjins4,https://dongne.co/events/df2610/circles/171920,제35회 디. 페스타(토),Day1
아빠부스,게사,I-16a,I,16,a,1sp,블리치,,"블리치 쁘띠존 - 어서와라, 나의 블리치 쁘띠존에",,아바라이 렌지X쿠치키 루키아,"로맨틱,섹슈얼",유그람 하쉬발트 X 버저드 블랙,"만화,일러스트",@DH_Ge4,https://dongne.co/events/df2610/circles/172473,제35회 디. 페스타(토),Day1
안경본점,가나쵸,T-18,T,18,,2sp,변호됨 너희들은 변호됐다,,,"강민재,차주한",강민재X차주한,,,,@_ghanacho,https://dongne.co/events/df2610/circles/171859,제35회 디. 페스타(토),Day1
애니워니,연꽁,R-15,R,15,,2sp,괴담에 떨어져도 출근을 해야 하는구나,"보컬로이드,82메이저,페르소나 시리즈,나루토",,,,,,일러스트,@juyxxn_11,https://dongne.co/events/df2610/circles/172123,제35회 디. 페스타(토),Day1
양갱창고,pong,D-30,D,30,,2sp,,,,,,,,,p0ng90ng,https://dongne.co/events/df2610/circles/173499,제35회 디. 페스타(토),Day1
엄마부스,현식,I-16b,I,16,b,1sp,블리치,,"블리치 쁘띠존 - 어서와라, 나의 블리치 쁘띠존에",,,로맨틱,,"일러스트,만화",@mine0ryours,https://dongne.co/events/df2610/circles/171857,제35회 디. 페스타(토),Day1
엔젤코어,햄이,D-15b,D,15,b,1sp,해즈빈호텔,"포켓몬스터,할로우나이트",,,,,,,,https://dongne.co/events/df2610/circles/171440,제35회 디. 페스타(토),Day1
오리연못,솔개,F-03,F,03,,2sp,,포켓몬스터,,,,,,"일러스트,공예",,https://dongne.co/events/df2610/circles/172459,제35회 디. 페스타(토),Day1
온도주의,열상,G-23a,G,23,a,1sp,닌자보이 란타로,,,잣토 콘나몬 젠포우지 이사쿠,잣토 콘나몬X젠포우지 이사쿠,로맨틱,아야센,소설,Thermogram_NR,https://dongne.co/events/df2610/circles/172679,제35회 디. 페스타(토),Day1
은민상점,은민,C-06b,C,06,b,1sp,,,,,,,,,em913em,https://dongne.co/events/df2610/circles/172046,제35회 디. 페스타(토),Day1
이것저것,럽피,Q-01a,Q,01,a,1sp,괴담에 떨어져도 출근을 해야 하는구나,"꿈빛파티시엘,보컬로이드,나루토,은혼,캐릭캐릭체인지",,,,,,,luvpyclub,https://dongne.co/events/df2610/circles/171456,제35회 디. 페스타(토),Day1
이도시로,"SIRO, 이도",G-29,G,29,,2sp,스파이패밀리,,스파패 쁘띠존 - MISSION: 오퍼레이션 <쁘띠존>을 완수하라 2,로이드 포저,,로맨틱,,"만화,일러스트","SIRO666b, @roido_0",https://dongne.co/events/df2610/circles/171752,제35회 디. 페스타(토),Day1
이럴수가,어쩌나,H-09,H,09,,2sp,원피스,은혼,,"트라팔가 로우,로시난테(코라손),오키타 소고,히지카타 토시로,카구라",트라팔가 로우X로시난테(코라손),,,,onezzona / ozzonna,https://dongne.co/events/df2610/circles/172504,제35회 디. 페스타(토),Day1
이모저모,라노,J-23,J,23,,2sp,"오오에, 어신키",,,오오사키 아리아케 곽한묵,오오사키X아리아케,"로맨틱,섹슈얼",,만화,i_nwing,https://dongne.co/events/df2610/circles/172218,제35회 디. 페스타(토),Day1
일단도전,Yl,S-30b,S,30,b,1sp,"전독시,블랙배저",,,김독자,,,,,MoonRackSeo,https://dongne.co/events/df2610/circles/171833,제35회 디. 페스타(토),Day1
자급자족,무뿔,F-15,F,15,,2sp,"자이언트로보,블랙잭",,,,,,,"만화,기타",gr_moose,https://dongne.co/events/df2610/circles/172388,제35회 디. 페스타(토),Day1
자히카이,SEkai,K-23,K,23,,2sp,히프노시스마이크,,,"아오히츠기 사마토키,누루데 사사라",,,,"만화,기타",SEKAI_PO,https://dongne.co/events/df2610/circles/172601,제35회 디. 페스타(토),Day1
작당모의,모히,J-13,J,13,,2sp,붕괴: 스타레일,"할로우나이트,은혼,봇치더락,니지산지",,,,해당없음,,일러스트,@haem_da_,https://dongne.co/events/df2610/circles/173437,제35회 디. 페스타(토),Day1
잡동사니,소해,S-32b,S,32,b,1sp,"젠레스 존 제로,진혼기",,,"자하,설영",자하X설영,로맨틱,,일러스트,sohae777,https://dongne.co/events/df2610/circles/171550,제35회 디. 페스타(토),Day1
쪼랭귀환,백암,T-28,T,28,,2sp,화산귀환,,,당보,,,,,@hwasandog1010,https://dongne.co/events/df2610/circles/172372,제35회 디. 페스타(토),Day1
차달리자,우,V-08b,V,08,b,1sp,이니셜d,,,,후지와라 타쿠미X타카하시 료스케,,,만화,@RedS_sunsFc,https://dongne.co/events/df2610/circles/172047,제35회 디. 페스타(토),Day1
차차탑꾸,차차,C-29,C,29,,2sp,,,,,,,,공예,chachatoploader,https://dongne.co/events/df2610/circles/172514,제35회 디. 페스타(토),Day1
청산가리,룽,T-29,T,29,,2sp,마차살,,,,,,,,@retioru,https://dongne.co/events/df2610/circles/173826,제35회 디. 페스타(토),Day1
최솔글방,물망초,O-16,O,16,,2sp,괴담에 떨어져도 출근을 해야 하는구나,,,"최 요원,김솔음",최 요원X김솔음,로맨틱,,소설,@mardred0913,https://dongne.co/events/df2610/circles/172129,제35회 디. 페스타(토),Day1
최솔라라,오이,P-13,P,13,,2sp,"괴담에 떨어져도 출근을 해야 하는구나,괴담출근(괴출)",,,<괴담에 떨어져도 출근을 해야 하는구나> 작 중 캐릭터,최 요원X김솔음,로맨틱,,"일러스트,소설",@hamszzihelp,https://dongne.co/events/df2610/circles/173726,제35회 디. 페스타(토),Day1
칼리시아,#90ee90,E-02b,E,02,b,1sp,음성합성엔진,,,,,,,일러스트,@hash90ee90,https://dongne.co/events/df2610/circles/172738,제35회 디. 페스타(토),Day1
쿠스쿠스,mu,P-14,P,14,,2sp,괴담에 떨어져도 출근을 해야 하는구나,"포켓몬,보컬로이드,페르소나 시리즈,블리치",,최요원 김솔음,최요원X김솔음,로맨틱,,,@20sasa0,https://dongne.co/events/df2610/circles/172822,제35회 디. 페스타(토),Day1
킬더실버,킬더실버,A-32,A,32,,2sp,,,,,,,,공예,@kil_the_silver,https://dongne.co/events/df2610/circles/171935,제35회 디. 페스타(토),Day1
튀김라라,파도,R-09a,R,09,a,1sp,괴담에 떨어져도 출근을 해야 하는구나,,,"<괴담에 떨어져도 출근을 해야 하는구나> 작 중 캐릭터,최솔,괴담출근",최 요원X김솔음,,,기타,@e_ospwe,https://dongne.co/events/df2610/circles/173571,제35회 디. 페스타(토),Day1
폐급부대,5,I-07,I,07,,2sp,블리치,,"블리치 쁘띠존 - 어서와라, 나의 블리치 쁘띠존에","히라코 신지,아이젠 소스케",히라코 신지X아이젠 소스케,섹슈얼,,만화,@F029078,https://dongne.co/events/df2610/circles/172083,제35회 디. 페스타(토),Day1
피토리카,pica,"V-09, V-10",V,09,,4sp,하이큐!!,"이영싫,살천,쿠키런,괴출 등등",,,,,,,@gmlwls2612,https://dongne.co/events/df2610/circles/171464,제35회 디. 페스타(토),Day1
하누인수,한유진,K-10,K,10,,2sp,"붕괴: 스타레일,리그오브레전드","가정교사 히트맨 리본,원신",,,,해당없음,,,@hanu_draw,https://dongne.co/events/df2610/circles/173487,제35회 디. 페스타(토),Day1
한오백명,"엠알, 송",T-24,T,24,,2sp,화산귀환,,,,백천X청명,"로맨틱,섹슈얼",,만화,@mrmrmremaru,https://dongne.co/events/df2610/circles/171983,제35회 디. 페스타(토),Day1
해저탐사,케이,T-20,T,20,,2sp,어바등,괴담에 떨어져도 출근을 해야 하는구나,,,신해량X박무현,"로맨틱,섹슈얼",,,swagggkei,https://dongne.co/events/df2610/circles/172500,제35회 디. 페스타(토),Day1
호남평야,박녀,J-07b,J,07,b,1sp,블리치,,"블리치 쁘띠존 - 어서와라, 나의 블리치 쁘띠존에","우르키오라,오리히메",,,,만화,jagijudocat,https://dongne.co/events/df2610/circles/172264,제35회 디. 페스타(토),Day1
화산출근,슬,T-25,T,25,,2sp,화산귀환,괴담에 떨어져도 출근을 해야 하는구나,,"조걸,윤종,백천,청명,이자헌,김솔음",조걸X윤종,"로맨틱,섹슈얼","백천청명, 자헌솔음","만화,소설",@sru0401,https://dongne.co/events/df2610/circles/172069,제35회 디. 페스타(토),Day1
환상뜨락,환상뜨락,C-30,C,30,,2sp,"탑꾸,탑로더",키링,,,,,,공예,@Dreamy_garden,https://dongne.co/events/df2610/circles/173683,제35회 디. 페스타(토),Day1
벨로이루 ,벨로이루 ,D-05,D,05,,2sp,,,,멸종위기동물,,,,"공예,조형",@beloiro_bjd ,https://dongne.co/events/df2610/circles/172357,제35회 디. 페스타(토),Day1
체리치즈 & 링고멘션,피링,E-03,E,03,,2sp,오리지널,"캐릭캐릭체인지,로젠메이든,프로젝트 세카이 컬러풀 스테이지! feat.하츠네 미쿠",,,,,,,https://dongne.co/event/df2610/applications/write,https://dongne.co/events/df2610/circles/171835,제35회 디. 페스타(토),Day1
덕질힐링 좀 할게요!,히아,M-20,M,20,,2sp,프로젝트 세카이 컬러풀 스테이지! feat.하츠네 미쿠,앙상블 스타즈!! Music,,,카미시로 루이X텐마 츠카사,로맨틱,스오우 츠카사x츠키나가 레오,,@PD_0616 & @tk04060505,https://dongne.co/events/df2610/circles/173848,제35회 디. 페스타(토),Day1
공무원이 좋다,"공무원이좋다,게오오니,허니콤보메이커",C-26,C,26,,2sp,괴담에 떨어져도 출근을 해야 하는구나,,,,류재관X최 요원,,,만화,,https://dongne.co/events/df2610/circles/171700,제35회 디. 페스타(토),Day1
구황작물 농장,까마귀 입에 독버섯,E-14a,E,14,a,1sp,윈브레,가치아쿠타,,,,,,,kkawa_21,https://dongne.co/events/df2610/circles/172607,제35회 디. 페스타(토),Day1
그녀석은 나의,단지,"C-13, C-14",C,13,,4sp,트라이건,,,,니콜라스 D. 울프우드X밧슈 더 스탬피드,"로맨틱,섹슈얼",,,@Danji_tri,https://dongne.co/events/df2610/circles/172309,제35회 디. 페스타(토),Day1
독버섯과 광대,"아니, 버퍼링",R-34a,R,34,a,1sp,"의원, 다시 살다","데못죽,데뷔못하면죽는병걸림(데못죽)",,진천희,,,,"일러스트,만화",@AHNI_no,https://dongne.co/events/df2610/circles/172132,제35회 디. 페스타(토),Day1
돌고래가 좋아,라일,Q-10,Q,10,,2sp,괴담에 떨어져도 출근을 해야 하는구나,데뷔 못 하면 죽는 병 걸림,,괴담출근,,,,,@Lyle_02028,https://dongne.co/events/df2610/circles/173232,제35회 디. 페스타(토),Day1
루이츠카 쉼터,적장,M-02,M,02,,2sp,프로젝트 세카이 컬러풀 스테이지! feat.하츠네 미쿠,,,"카미시로 루이,텐마 츠카사",카미시로 루이X텐마 츠카사,"로맨틱,섹슈얼",,,,https://dongne.co/events/df2610/circles/171587,제35회 디. 페스타(토),Day1
말랑말랑 데이,마냐냐,E-32,E,32,,2sp,너희들은 변호됐다,"가히리,원피스,이착헌,어바등",,"강민재,차주한,나미삼 등",강민재X차주한,로맨틱,,일러스트,@0NFU_,https://dongne.co/events/df2610/circles/172191,제35회 디. 페스타(토),Day1
센쓰있는 부스,엘드,V-26a,V,26,a,1sp,트랜스포머,,,"센티넬,스타스크림",센티넬 프라임X스타스크림,로맨틱,,소설,eldtree,https://dongne.co/events/df2610/circles/172387,제35회 디. 페스타(토),Day1
스튜디오 묘니,김미현,D-04,D,04,,2sp,스튜디오 묘니 (포밍이와 친구들),,,,,,,,@studio_myoni,https://dongne.co/events/df2610/circles/173260,제35회 디. 페스타(토),Day1
이이요의 망령,타리,L-02b,L,02,b,1sp,아이돌리쉬 세븐,,,Re:vale,츠쿠모 료X모모,해당없음,,,@inakunattari,https://dongne.co/events/df2610/circles/172413,제35회 디. 페스타(토),Day1
작업실의 호담,호담,Q-20b,Q,20,b,1sp,괴담출근 등,,괴담출근 쁘띠존 : 룩키마트에 어서오세요!,,,,,,,https://dongne.co/events/df2610/circles/171795,제35회 디. 페스타(토),Day1
청산가리 딸기,"설탕, 결",P-29a,P,29,a,1sp,"프라가리아 메모리즈,괴담에 떨어져도 출근을 해야 하는구나",아이돌리쉬 세븐,,"김솔음,김솔음 백사헌,백사헌",메롤드X할릿,해당없음,솔음사헌,,@nrtmk_310 @_wave2you,https://dongne.co/events/df2610/circles/172058,제35회 디. 페스타(토),Day1
청포도가 제철,"고해림, 네오",P-10b,P,10,b,1sp,괴담에 떨어져도 출근을 해야 하는구나,,,"류재관,김솔음",류재관X김솔음,로맨틱,,만화,,https://dongne.co/events/df2610/circles/172155,제35회 디. 페스타(토),Day1
사천당가 비급 서고,사춘,T-10,T,10,,2sp,화산귀환,,당보청명 쁘띠존 : 깊디깊은 어둠 속에서 매화의 향은 더 깊어지는 법,,,로맨틱,,,@Sachun_nobi,https://dongne.co/events/df2610/circles/172482,제35회 디. 페스타(토),Day1
우연이군 마침 내가 아빠가 되고 싶었다.,비냥,"K-12, K-13",K,12,,4sp,붕괴: 스타레일,,,"Dr. 레이시오,어벤츄린,레이시오 어벤츄린",Dr. 레이시오X어벤츄린,"로맨틱,섹슈얼",,,@nn8cre66 @turine_CHU @sseung_hs @literally1me,https://dongne.co/events/df2610/circles/173271,제35회 디. 페스타(토),Day1
엘리시움 이격 진짜나옴,순봉식,"L-08, L-09",L,08,,4sp,명일방주,,,,엘리시움X쏜즈,,,,@ANSUSANG,https://dongne.co/events/df2610/circles/171736,제35회 디. 페스타(토),Day1
글러브도 러브다,구앙,B-08,B,08,,2sp,사카모토데이즈,,,"세바 나츠키,아사쿠라 신",세바나츠키X아사쿠라신,"로맨틱,섹슈얼",우즈리온 ,"만화,일러스트",@1inenumber1,https://dongne.co/events/df2610/circles/172340,제35회 디. 페스타(토),Day1
김치찌개 마카롱,,J-20,J,20,,2sp,닌자보이 란타로,페이트 스트레인지 페이크,,"케마 토메사부로,젠포우지 이사쿠",케마 토메사부로X젠포우지 이사쿠,로맨틱,리처아야,,,https://dongne.co/events/df2610/circles/171786,제35회 디. 페스타(토),Day1
데한민국 외계인,나기,S-14,S,14,,2sp,"괴담출근 이착헌 전독시,너희들은 변호됐다",,,,,,,,,https://dongne.co/events/df2610/circles/171899,제35회 디. 페스타(토),Day1
도마뱀의 보물함,해룡,B-30,B,30,,2sp,,,,,,,,"만화,공예,일러스트",@tlzn01,https://dongne.co/events/df2610/circles/171423,제35회 디. 페스타(토),Day1
레샄줍는 여인들,び,J-05a,J,05,a,1sp,"vs ambivalenz 비바렌,비바렌",,,"나루미 잇세이,키노시타 미오,후지다테 사쿠야,키스미 레이",나루미 잇세이X키노시타 미오,,키스미 레이×후지다테 사쿠야,,Bi_m0310,https://dongne.co/events/df2610/circles/173172,제35회 디. 페스타(토),Day1
멧돼지와 맞서다,삼순,Q-04,Q,04,,2sp,괴담에 떨어져도 출근을 해야 하는구나,,,"류재관,최 요원",류재관X최요원,"로맨틱,섹슈얼",,"만화,소설",@bbaiddei,https://dongne.co/events/df2610/circles/172825,제35회 디. 페스타(토),Day1
밀양박씨 박당보,우물,T-11,T,11,,2sp,화산귀환,,당보청명 쁘띠존 : 깊디깊은 어둠 속에서 매화의 향은 더 깊어지는 법,당보 청명,당보X청명,"로맨틱,섹슈얼",,소설,woomool_1010,https://dongne.co/events/df2610/circles/173406,제35회 디. 페스타(토),Day1
밥심으로 운영중,tjsdn653,V-02,V,02,,2sp,,,,,,,,,,https://dongne.co/events/df2610/circles/173416,제35회 디. 페스타(토),Day1
사이쿄대 문예부,사라사,"U-07, U-28",U,07,,4sp,아이실드21,,,히루마 요이치,콘고아곤X히루마요이치,"로맨틱,섹슈얼","무사히루, 모브히루",만화,@salasa075,https://dongne.co/events/df2610/circles/171421,제35회 디. 페스타(토),Day1
스불재의 도화선,이런,M-18b,M,18,b,1sp,콜 오브 듀티,,Call of Duty :: 10월 디페 쁘띠존,"고스트,호랑이,쾨니히,닉토 등",,,,일러스트,@il_jj91,https://dongne.co/events/df2610/circles/172430,제35회 디. 페스타(토),Day1
신슈소바 연구회,깨알,F-18,F,18,,2sp,"명탐정 코난,하이큐!!,가비지타임",,,,,,,,,https://dongne.co/events/df2610/circles/171924,제35회 디. 페스타(토),Day1
우파우파 유치원,빈제,E-09a,E,09,a,1sp,,,,,,,,,,https://dongne.co/events/df2610/circles/172426,제35회 디. 페스타(토),Day1
기려하성 쁘띠존 : 영원한 사랑,,V-18,V,18,,2sp,이세계 착각 헌터,,기려하성 쁘띠존,김기려 정하성,김기려X정하성,로맨틱,,기타,grhs_event_,https://dongne.co/events/df2610/circles/180108,제35회 디. 페스타(토),Day1
가이카카 쁘띠존 : 영원의 라이벌 코드 그린 주최부스,,D-17,D,17,,2sp,,,가이카카 쁘띠존 : 영원의 라이벌 코드 그린,,,,,,,https://dongne.co/events/df2610/circles/180111,제35회 디. 페스타(토),Day1
당보청명 쁘띠존 : 깊디깊은 어둠 속에서 매화의 향은 더 깊어지는 법 주최부스,,S-28,S,28,,2sp,,,당보청명 쁘띠존 : 깊디깊은 어둠 속에서 매화의 향은 더 깊어지는 법,,,,,,,https://dongne.co/events/df2610/circles/180107,제35회 디. 페스타(토),Day1
괴담출근 쁘띠존 : 룩키마트에 어서오세요! 주최부스,,Q-18,Q,18,,2sp,,,괴담출근 쁘띠존 : 룩키마트에 어서오세요!,,,,,,,https://dongne.co/events/df2610/circles/180232,제35회 디. 페스타(토),Day1
자제분께 자제가 안 되세요?,식,H-14,H,14,,2sp,블랙배저,,,"힐데베르트 탈레브,이예현",힐데베르트 탈레브X이예현,"로맨틱,섹슈얼",,소설,gladjq,https://dongne.co/events/df2610/circles/171647,제35회 디. 페스타(토),Day1
올캐러의 긍지를 걸고,마야,I-12a,I,12,a,1sp,블리치,,"블리치 쁘띠존 - 어서와라, 나의 블리치 쁘띠존에",,,,,"만화,일러스트",@Maya_Maillard,https://dongne.co/events/df2610/circles/172148,제35회 디. 페스타(토),Day1
캐터피의 실뿜기 공장,KTP,A-23a,A,23,a,1sp,포켓몬스터,,,"각종 포켓몬,나무열매",,,,공예,@itowohaku_ktp,https://dongne.co/events/df2610/circles/172721,제35회 디. 페스타(토),Day1
사랑하는 장르가 많은 부스,크오,J-17,J,17,,2sp,블리치,"귀멸의 칼날,원피스,슬램덩크,데스노트",,"자라키 켄파치,야치루",,로맨틱,,"만화,소설,조형",@qmfflclzmdh,https://dongne.co/events/df2610/circles/171919,제35회 디. 페스타(토),Day1
소름이의 오염된 먀먀먀,먀냐,O-11,O,11,,2sp,괴담에 떨어져도 출근을 해야 하는구나,괴담에 떨어져도 출근을 해야 하는구나,,"김솔음,최 요원,J3",,,,,Myanya_sub,https://dongne.co/events/df2610/circles/172006,제35회 디. 페스타(토),Day1
신월야는 오메가 세건의 꿈을 꾸는가,파인더,T-31b,T,31,b,1sp,월야환담,,,"서현(이사카),한세건",서현(이사카)X한세건,로맨틱,,소설,,https://dongne.co/events/df2610/circles/171867,제35회 디. 페스타(토),Day1
도쿠타케 최약의 하급닌자,하급닌자,G-07b,G,07,b,1sp,닌자보이 란타로,젤다의 전설,,"도이 한스케,셋츠노 키리마루,텐키",,,,일러스트,@ddddokutake,https://dongne.co/events/df2610/circles/173237,제35회 디. 페스타(토),Day1
그러니까 괴담에 떨어져도 출근해야한다고? ㄴ 그래,긴,O-10,O,10,,2sp,괴담에 떨어져도 출근을 해야 하는구나,,,,,,,소설,@ggggin_r,https://dongne.co/events/df2610/circles/171850,제35회 디. 페스타(토),Day1
호랑이가 고양이 잡아먹어도 되나요?,39°,O-19,O,19,,2sp,괴담에 떨어져도 출근을 해야 하는구나,,,"김솔음,최 요원",최 요원X김솔음,,,,"_39_xd, ty9385",https://dongne.co/events/df2610/circles/172719,제35회 디. 페스타(토),Day1
뇌절하는 곰별바닥,쿠지,B-12,B,12,,2sp,나루토,"보컬로이드,숲속의 작은 마녀",,"하타케 카카시,하츠네 미쿠,카사네 테토,숲 속의 작은 마녀 캐릭터",하타케 카카시X우미노 이루카,로맨틱,,일러스트,@KUZY_C,https://dongne.co/events/df2610/circles/171813,제35회 디. 페스타(토),Day1
델리만쥬 포장마차,델리언,F-14,F,14,,2sp,주술회전,전장르 드림,,후시구로 토우지,후시구로 토우지X게토 스구루,"로맨틱,섹슈얼","드림주x나나미, 드림주x히구루마",소설,Delriun_JJ,https://dongne.co/events/df2610/circles/173261,제35회 디. 페스타(토),Day1
멱살잡고 사랑한다,미친백,S-30a,S,30,a,1sp,회귀자 멱살 잡고 데뷔합니다,,,"강하진 정시우 이도하 서태현 이유건 주은찬 단하루,강하진,이유건",이유건X강하진,로맨틱,,"소설,일러스트",@michinBack,https://dongne.co/events/df2610/circles/173165,제35회 디. 페스타(토),Day1
신코우미 도넛가게,토끼간,J-02,J,02,,2sp,슬로우데미지,괴담에 떨어져도 출근을 해야 하는구나,,"토와,J3,제삼이",후지에다X토와,로맨틱,,만화,@tokkigan,https://dongne.co/events/df2610/circles/171799,제35회 디. 페스타(토),Day1
쏘아올린 새우튀김,Lusy,L-20,L,20,,2sp,Nu:carnival,,,"에이트,야쿠모,큐야",,,,,,https://dongne.co/events/df2610/circles/171806,제35회 디. 페스타(토),Day1
디아볼로 파스타집 ,노두,G-02,G,02,,2sp,"죠죠의 기묘한 모험,죠죠의 기묘한 모험 5부,우마무스메 프리티 더비",,,"리조토 네로,비네거 도피오,윈 바리아시옹,오르페브르",리조토 네로X비네거 도피오,"로맨틱,섹슈얼",,"만화,일러스트",@noduqud,https://dongne.co/events/df2610/circles/173762,제35회 디. 페스타(토),Day1
수장님이 지켜보고 계셔,.,U-11b,U,11,b,1sp,천지해,,,,,,,만화,,https://dongne.co/events/df2610/circles/173275,제35회 디. 페스타(토),Day1
우리마트 정상영업 합니다,도비,Q-19a,Q,19,a,1sp,괴담에 떨어져도 출근을 해야 하는구나,,괴담출근 쁘띠존 : 룩키마트에 어서오세요!,,,,,,,https://dongne.co/events/df2610/circles/172605,제35회 디. 페스타(토),Day1
이세계에 떨어져도 닌자를 해야 하는구나,택,Q-31a,Q,31,a,1sp,"괴담에 떨어져도 출근을 해야 하는구나,닌자보이 란타로,이세계 착각 헌터",,,"김솔음,고영은,야마다 리키치,도이 한스케",김솔음X고영은,,야마다 리키치 x 도이 한스케,"만화,일러스트",@attttttttttack,https://dongne.co/events/df2610/circles/172709,제35회 디. 페스타(토),Day1
쁘스냐와 빠슈냐의 눈물젖은 공명스토리,식물지기,C-15b,C,15,b,1sp,트라이건,,,밧슈 더 스탬피드,,"섹슈얼,로맨틱",,,@_plantlover,https://dongne.co/events/df2610/circles/171757,제35회 디. 페스타(토),Day1
아카기와 와시즈는 지옥에서 백년해로합니다,"레인유리, 파브",B-22a,B,22,a,1sp,"아카기,fkmt",,,,,,,"만화,소설","@RainYuri_fkmt, @pav_jee",https://dongne.co/events/df2610/circles/171585,제35회 디. 페스타(토),Day1
마누라를 위해서라면 애도 낳아줄 수 있어야 한다,공주,S-12a,S,12,a,1sp,화산귀환,,당보청명 쁘띠존 : 깊디깊은 어둠 속에서 매화의 향은 더 깊어지는 법,"당보,청명",당보X청명,로맨틱,,일러스트,@sibalgonju77,https://dongne.co/events/df2610/circles/172431,제35회 디. 페스타(토),Day1
키타가와 유스케에게 밥을 사주기 위한 부스,란가,K-04,K,04,,2sp,페르소나 시리즈,"죠죠,역전재판",,,,,,"일러스트,만화",@coroin_dgx ,https://dongne.co/events/df2610/circles/171574,제35회 디. 페스타(토),Day1
게오르크 리스펙한다고,"공갈빵, 곰귤",T-34,T,34,,2sp,마법명가 차남으로 살아남는 법,,,레오 루카스 메클렌부르크 아드리안,메클렌부르크X아드리안,로맨틱,레오루카,"만화,소설,기타",6_633_3,https://dongne.co/events/df2610/circles/171561,제35회 디. 페스타(토),Day1
괴담에게 습격받는다면,"른밥, 쾡",R-29b,R,29,b,1sp,"괴담에 떨어져도 출근을 해야 하는구나,데뷔 못 하면 죽는 병 걸림",,,"박문대 이세진 배세진 선아현 류청우 차유진 김래빈 류건우 청려 주단 채율 신오 큰달 김솔음 백사헌 이자헌 은하제 박민성 진나솔 이성해 장허운 고영은 J3 곽제강 호유원 청달래 브라운,김솔음외 여러명",차유진X김래빈,해당없음,류청우×배세진,일러스트,@kwaeng718,https://dongne.co/events/df2610/circles/172751,제35회 디. 페스타(토),Day1
국가공인 연어헌터마켓,"서핑,판사",S-16,S,16,,2sp,"괴담에 떨어져도 출근을 해야 하는구나,이세계 착각 헌터",데뷔 못 하면 죽는 병 걸림,,,,,,일러스트,,https://dongne.co/events/df2610/circles/171887,제35회 디. 페스타(토),Day1
"웨웨파리, 죽다 ",딱지연구부,G-06b,G,06,b,1sp,"유희왕,죠죠의 기묘한 모험",,,바쿠라 료,어둠의 유우기X무토 유우기,,,,@DUELGINI,https://dongne.co/events/df2610/circles/173167,제35회 디. 페스타(토),Day1
"창호기려, 짱려, 그리고… ""케이든""",왹왹,U-14,U,14,,2sp,이세계 착각 헌터,,,"강창호,김기려,케이든",강창호X김기려,로맨틱,,"만화,소설",0304rpser,https://dongne.co/events/df2610/circles/171446,제35회 디. 페스타(토),Day1
모카모카&김아무개,모카모카,R-07,R,07,,2sp,"괴담에 떨어져도 출근을 해야 하는구나,캐릭캐릭체인지",,,,,,,일러스트,mokamoka_illust,https://dongne.co/events/df2610/circles/171513,제35회 디. 페스타(토),Day1
사과파이#,Sapphire,A-02,A,02,,2sp,데코덴,,,,,,,,,https://dongne.co/events/df2610/circles/171870,제35회 디. 페스타(토),Day1
가정통신문,깡쥐,R-29a,R,29,a,1sp,"괴담에 떨어져도 출근을 해야 하는구나,캐릭캐릭체인지,데못죽",,,김솔음,,,,일러스트,@nangman_go,https://dongne.co/events/df2610/circles/172026,제35회 디. 페스타(토),Day1
간이음식점,곰밥,C-22a,C,22,a,1sp,"지운대,지. -지구의 운동에 대하여",,,,오크지X바데니,로맨틱,,소설,,https://dongne.co/events/df2610/circles/173276,제35회 디. 페스타(토),Day1
개잡덕부스,넝,L-17,L,17,,2sp,원신,"가라오케 가자!,나루토,닌자보이 란타로,엔드필드,죠죠의 기묘한 모험 7부 스틸볼런",,,,,"사토쿄지, 올로이파, 일루플린, 하쿠자부, 죠자, 이타사스",,@nnnn_g_ng ,https://dongne.co/events/df2610/circles/171844,제35회 디. 페스타(토),Day1
거믕거힝거,"우영, 지영랑",S-33b,S,33,b,1sp,진혼기,천관사복,,"자하,설영,지사,풍사",자하X설영,로맨틱,지사풍사,소설,"@uyeong2198, @jiyeonglang",https://dongne.co/events/df2610/circles/172365,제35회 디. 페스타(토),Day1
경단보급소,휴,K-07,K,07,,2sp,붕괴: 스타레일,,,"경원,단항",경원X단항,로맨틱,,만화,hue_hsr,https://dongne.co/events/df2610/circles/171884,제35회 디. 페스타(토),Day1
경단제작소,류논,K-18,K,18,,2sp,붕괴: 스타레일,,,"경원,단항",경원X단항,로맨틱,,,,https://dongne.co/events/df2610/circles/171392,제35회 디. 페스타(토),Day1
나나서커스,나나,P-26,P,26,,2sp,괴담에 떨어져도 출근을 해야 하는구나,,,김솔음,,,,"만화,일러스트",@banana172172,https://dongne.co/events/df2610/circles/173369,제35회 디. 페스타(토),Day1
내고싶어요,고감조,U-23b,U,23,b,1sp,가비지타임,"페이트/그랜드 오더,포켓몬스터SV",,,,해당없음,,기타,gogamujo,https://dongne.co/events/df2610/circles/171697,제35회 디. 페스타(토),Day1
도깨비상점,도깨비상점,A-27,A,27,,2sp,,,,,,,,,kkebistore,https://dongne.co/events/df2610/circles/171882,제35회 디. 페스타(토),Day1
동실마니아,주주,F-22,F,22,,2sp,닌자보이 란타로,,,"케마 토메사부로,젠포우지 이사쿠",케마 토메사부로X젠포우지 이사쿠,"로맨틱,섹슈얼",,만화,@ju_saa4,https://dongne.co/events/df2610/circles/173211,제35회 디. 페스타(토),Day1
둠물르소나,둠,K-05,K,05,,2sp,"페르소나 4,페르소나 3 포터블",,,"나루카미 유우,아다치 토오루",나루카미유우X아다치토오루,"로맨틱,섹슈얼,해당없음",,,,https://dongne.co/events/df2610/circles/172574,제35회 디. 페스타(토),Day1
똘이네곳간,김믁,C-08,C,08,,2sp,,,,,,,,,,https://dongne.co/events/df2610/circles/173309,제35회 디. 페스타(토),Day1
로맨스국밥,국밥,A-07,A,07,,2sp,이누야샤,"데못죽,진격의 거인",,,이누야샤 반코츠X이누야샤 카고메,"로맨틱,섹슈얼","문대청려문대,리바이총수",만화,,https://dongne.co/events/df2610/circles/172732,제35회 디. 페스타(토),Day1
롬다롬다롬,도람,A-10,A,10,,2sp,포켓몬,,,,,,,"만화,일러스트",@doramdarom,https://dongne.co/events/df2610/circles/171569,제35회 디. 페스타(토),Day1
료터리클럽,다온,V-08a,V,08,a,1sp,이니셜d,,,"타카하시 료스케,스도 쿄이치,후지와라 타쿠미,타카하시 케이스케",후지와라 타쿠미X타카하시 료스케,"로맨틱,섹슈얼","케이료, 쿄료",소설,on_jih30,https://dongne.co/events/df2610/circles/173378,제35회 디. 페스타(토),Day1
방사능구역,누누,J-21,J,21,,2sp,"오오에,고서점가의 하시히메,우우울트라C",,,,오오사키X신바시,,,,@Medjed_sa_ma,https://dongne.co/events/df2610/circles/171370,제35회 디. 페스타(토),Day1
봄여름겨울,유마,D-25b,D,25,b,1sp,데뷔 못 하면 죽는 병 걸림,,,,류청우X배세진,,,,,https://dongne.co/events/df2610/circles/171620,제35회 디. 페스타(토),Day1
비닐하우스,이고운,P-11b,P,11,b,1sp,괴담에 떨어져도 출근을 해야 하는구나,,,"김솔음,이자헌",이자헌X김솔음,,,"만화,기타",,https://dongne.co/events/df2610/circles/173555,제35회 디. 페스타(토),Day1
비비메이드,비비새,F-04a,F,04,a,1sp,내가 키운 S급들,,,"괴담출근 주요 캐릭터,한유진 외 내가 키운 S급 캐릭터 다수",성현제X한유진,해당없음,솔음른,일러스트,@HQ_MBibisaeM,https://dongne.co/events/df2610/circles/173427,제35회 디. 페스타(토),Day1
사신이되자,블지,I-15a,I,15,a,1sp,블리치,,"블리치 쁘띠존 - 어서와라, 나의 블리치 쁘띠존에","쿠치키 뱌쿠야,쿠치키 루키아,아바라이 렌지",아바라이 렌지X쿠치키 루키아,로맨틱,쿠치키남매(논컾),소설,@beulji,https://dongne.co/events/df2610/circles/172842,제35회 디. 페스타(토),Day1
사육이데스,사사육,R-13b,R,13,b,1sp,괴담에 떨어져도 출근을 해야 하는구나,"포켓몬스터,러브앤딥스페이스",,"김솔음,브라운",,,,,446_desune,https://dongne.co/events/df2610/circles/171808,제35회 디. 페스타(토),Day1
수확바구니,실차,S-09,S,09,,2sp,화산귀환,,당보청명 쁘띠존 : 깊디깊은 어둠 속에서 매화의 향은 더 깊어지는 법,"당보,청명",당보X청명,로맨틱,,"만화,일러스트,공예,기타",notcaryestea,https://dongne.co/events/df2610/circles/172099,제35회 디. 페스타(토),Day1
쉐이비빔밥,BBSB,L-11,L,11,,2sp,명일방주,,,총웨,왕X총웨,"섹슈얼,로맨틱",,만화,@BBSBri_ML,https://dongne.co/events/df2610/circles/172366,제35회 디. 페스타(토),Day1
아마아마야,휘비 / 낙서장,K-02b,K,02,b,1sp,"용과같이,페르소나 시리즈",,,"키류 카즈마,니시키야마 아키라,용과같이 주요 인물들,페르소나4",,,,만화,@hyvahyva_899 / @myhellody_,https://dongne.co/events/df2610/circles/172490,제35회 디. 페스타(토),Day1
아이스박스,뉴뉴,Q-31b,Q,31,b,1sp,괴담출근 등,"괴담에 떨어져도 출근을 해야 하는구나,데못죽,어두운바다의등불이되어(어바등),변호됨",,,,,,,,https://dongne.co/events/df2610/circles/173291,제35회 디. 페스타(토),Day1
알파카화방,,C-27,C,27,,2sp,,,,,,,,,,https://dongne.co/events/df2610/circles/173475,제35회 디. 페스타(토),Day1
오염연구소,클론,R-14,R,14,,2sp,괴담에 떨어져도 출근을 해야 하는구나,,,,,,,,,https://dongne.co/events/df2610/circles/171705,제35회 디. 페스타(토),Day1
오타쿠모임,해달,D-08,D,08,,2sp,,"괴담에 떨어져도 출근을 해야 하는구나,어바등",,,,,,,,https://dongne.co/events/df2610/circles/172662,제35회 디. 페스타(토),Day1
우리무리얌,밍,"V-04, V-05",V,04,,4sp,"은혼,킹오파,지운대,코난,가비지타임,유희왕",,,,,"로맨틱,섹슈얼,해당없음",,,,https://dongne.co/events/df2610/circles/172240,제35회 디. 페스타(토),Day1
윶랩처하자,안개,S-04,S,04,,2sp,데뷔 못 하면 죽는 병 걸림,,,차유진 김래빈,차유진X김래빈,"섹슈얼,로맨틱",,"만화,일러스트,소설",@daeaeaeb,https://dongne.co/events/df2610/circles/172561,제35회 디. 페스타(토),Day1
이카레시피,aina,U-02,U,02,,2sp,니지산지,페이트/그랜드 오더,,,,,,,,https://dongne.co/events/df2610/circles/173586,제35회 디. 페스타(토),Day1
적토마펀치,창식이,D-11,D,11,,2sp,우마무스메,페르소나 시리즈,,,,,,,,https://dongne.co/events/df2610/circles/172575,제35회 디. 페스타(토),Day1
진티엔리밍,kje1213114,"B-03, B-04",B,03,,4sp,,,,,,,,,,https://dongne.co/events/df2610/circles/171984,제35회 디. 페스타(토),Day1
짬통전문가,"만땅, 머핀",A-19,A,19,,2sp,"헌터×헌터,요츠바랑,아이돌리쉬 세븐,나루토","은혼,오란고교 호스트부,도로헤도로,페르소나 5 더 로열,오오에,사이키 쿠스오의 재난,괴담에 떨어져도 출근을 해야 하는구나,소울이터",,,,,,,@ogolgye @eeebzzz,https://dongne.co/events/df2610/circles/172412,제35회 디. 페스타(토),Day1
짱려온앤온,피리아,U-15,U,15,,2sp,이세계 착각 헌터,,,"강창호,김기려",강창호X김기려,로맨틱,,"소설,만화",my_moist_alien ,https://dongne.co/events/df2610/circles/171730,제35회 디. 페스타(토),Day1
초호기헌터,바새,A-18,A,18,,2sp,"헌터x헌터,포켓몬스터,에반게리온",,,,,,,"게임,만화",sya95059,https://dongne.co/events/df2610/circles/172559,제35회 디. 페스타(토),Day1
최솔웅냠냠,해아,P-22b,P,22,b,1sp,괴담에 떨어져도 출근을 해야 하는구나,,,,,,,,lllbadgelll,https://dongne.co/events/df2610/circles/172124,제35회 디. 페스타(토),Day1
취두부과자,"토푸, 까까, sㅏk",V-11,V,11,,2sp,하이큐!!,,,"코즈메 켄마,쿠로오 테츠로,히나타 쇼요,카게야마 토비오,하이바 리에프,야쿠 모리스케",,,"카게히나, 쿠로켄, 리에야쿠",,"@ssamanko030, @KKAX2__ , @hqkksak",https://dongne.co/events/df2610/circles/171975,제35회 디. 페스타(토),Day1
치킨왔소요,"소요,치킨",H-13,H,13,,2sp,블랙배저,"괴담에 떨어져도 출근을 해야 하는구나,어두운 바다의 등불이 되어,어바등,어린 신인데 키워주시죠,어신키",,,,,,일러스트,"@soyo__yoso, @letseat_chicken",https://dongne.co/events/df2610/circles/172423,제35회 디. 페스타(토),Day1
크랩하우스,crab D,B-26b,B,26,b,1sp,마법소녀 마도카☆마기카,"던전밥,프리렌",,,,,,,,https://dongne.co/events/df2610/circles/171865,제35회 디. 페스타(토),Day1
포리포리칩,Kiwiiii,V-03a,V,03,a,1sp,,,,,,,,,,https://dongne.co/events/df2610/circles/171514,제35회 디. 페스타(토),Day1
하품고양이,하품고양이,F-28a,F,28,a,1sp,"BEMANI,팝픈뮤직",,,,,,,만화,@YawningCat03,https://dongne.co/events/df2610/circles/172103,제35회 디. 페스타(토),Day1
한거같은데,망,P-21a,P,21,a,1sp,괴담에 떨어져도 출근을 해야 하는구나,,,,최 요원X김솔음,,,,,https://dongne.co/events/df2610/circles/172715,제35회 디. 페스타(토),Day1
형제잡상인,NAG,B-11,B,11,,2sp,사카모토데이즈,히프노시스마이크,,아사쿠라 신 위주 cp(나구신/나츠신/마후신등 신른),,로맨틱,"세바마후유x아사쿠라신, ","만화,일러스트",,https://dongne.co/events/df2610/circles/173345,제35회 디. 페스타(토),Day1
미어깻동굴 ,시오,F-17a,F,17,a,1sp,진격의 거인,명탐정 코난,,,엘빈 스미스X리바이 아커만,"로맨틱,섹슈얼","아카아무,",만화,bongjunAOT,https://dongne.co/events/df2610/circles/171449,제35회 디. 페스타(토),Day1
슈뢰딩거의 부스,Naf,F-13b,F,13,b,1sp,주술회전,,,"고죠 사토루,게토 스구루",,"로맨틱,섹슈얼",,,,https://dongne.co/events/df2610/circles/172278,제35회 디. 페스타(토),Day1
요코하마역 서쪽 대합실,"5호점, 관식, 텐시",G-13,G,13,,2sp,명탐정 코난,,,,하기와라 켄지X마츠다 진페이,로맨틱,레이히로,"만화,일러스트,소설","@riverflowsin_, @m__ulti, @SR305E ",https://dongne.co/events/df2610/circles/171716,제35회 디. 페스타(토),Day1
나뭇잎마을 안경점,안경,D-21,D,21,,2sp,나루토,,가이카카 쁘띠존 : 영원의 라이벌 코드 그린,"마이트 가이,하타케 카카시",마이트 가이X하타케 카카시,로맨틱,,"일러스트,기타",Glasses_Ninja_,https://dongne.co/events/df2610/circles/172796,제35회 디. 페스타(토),Day1
연어초밥과 주먹밥,연초핑,L-16,L,16,,2sp,단간론파,모노가타리 등등,,,,,,,"yeonchoping, meoppap",https://dongne.co/events/df2610/circles/171763,제35회 디. 페스타(토),Day1
원더호이의 무서운 저주,"^^, B",M-01,M,01,,2sp,프로젝트 세카이 컬러풀 스테이지! feat.하츠네 미쿠,,,,텐마 츠카사X카미시로 루이,,,,,https://dongne.co/events/df2610/circles/171688,제35회 디. 페스타(토),Day1
장르통합에 성공한 부스,BP,T-14,T,14,,2sp,너희들은 변호됐다,괴담에 떨어져도 출근을 해야 하는구나,,,강민재X차주한,"로맨틱,섹슈얼",최솔,,@bipum0001,https://dongne.co/events/df2610/circles/171599,제35회 디. 페스타(토),Day1
기려하성에 인생베팅,려하,V-21b,V,21,b,1sp,이세계 착각 헌터,,기려하성 쁘띠존,"김기려,정하성",김기려X정하성,"로맨틱,섹슈얼",,만화,@only_ryeoha,https://dongne.co/events/df2610/circles/172281,제35회 디. 페스타(토),Day1
마리포사의 보물상자,마리포사,A-01,A,01,,2sp,,,,,,,,공예,,https://dongne.co/events/df2610/circles/171375,제35회 디. 페스타(토),Day1
시드스넷타 구멍가게,호밀,G-12a,G,12,a,1sp,마비노기,,,"로시네,밀레시안",로시네X밀레시안,로맨틱,,"소설,공예",,https://dongne.co/events/df2610/circles/172523,제35회 디. 페스타(토),Day1
최륮■별시 사건일지,따르릉,O-25,O,25,,2sp,괴담에 떨어져도 출근을 해야 하는구나,,,"최 요원,류재관",최 요원X류재관,"로맨틱,섹슈얼",,,66Rrrr99,https://dongne.co/events/df2610/circles/171469,제35회 디. 페스타(토),Day1
가이카카가 메이저가 되면 좋겠어요,MO,D-20,D,20,,2sp,나루토,,가이카카 쁘띠존 : 영원의 라이벌 코드 그린,"마이트 가이,하타케 카카시",마이트 가이X하타케 카카시,로맨틱,,"일러스트,만화",@M0_MO_momo,https://dongne.co/events/df2610/circles/172780,제35회 디. 페스타(토),Day1
해저기지에 떨어져도 출근을 해야 하는구나,만성,Q-30b,Q,30,b,1sp,괴담에 떨어져도 출근을 해야 하는구나,어두운 바다의 등불이 되어,,,,,,만화,,https://dongne.co/events/df2610/circles/171632,제35회 디. 페스타(토),Day1
마이너라서 다행이야(?),강민정,D-14,D,14,,2sp,"헤즈빈호텔,헬루바보스,어메이징 디지털 서커스",,,,,해당없음,,"공예,일러스트,사진",@dropthehome,https://dongne.co/events/df2610/circles/173758,제35회 디. 페스타(토),Day1
돼지너구리 우동가게(였던 것),"우메보시, 럿닌",F-27,F,27,,2sp,닌자보이 란타로,,,"닌타마 올캐러,닌타마 란타로 등장인물",,,"하치칸, 아야타키, 리테루","기타,만화,공예",@Cheri_sang2,https://dongne.co/events/df2610/circles/171692,제35회 디. 페스타(토),Day1
망상홈쇼핑 팝업스토어,"9999, 하랑",Q-17,Q,17,,2sp,괴담에 떨어져도 출근을 해야 하는구나,괴담에 떨어져도 출근을 해야 하는구나,,,,,,,,https://dongne.co/events/df2610/circles/171630,제35회 디. 페스타(토),Day1
사랑보다먼 우정보다는 가까운,메탈전사Z,Q-09,Q,09,,2sp,괴담에 떨어져도 출근을 해야 하는구나,,,곽제강,J3X곽제강,"섹슈얼,로맨틱",,만화,@MetalwarriorZ,https://dongne.co/events/df2610/circles/172375,제35회 디. 페스타(토),Day1
계천절에는 단군신화씨피를 해야 하는구나,솔설,Q-05,Q,05,,2sp,괴담에 떨어져도 출근을 해야 하는구나,,,"류재관,최 요원",류재관X최요원,"로맨틱,섹슈얼",,"만화,일러스트,소설",@pinesntg,https://dongne.co/events/df2610/circles/171732,제35회 디. 페스타(토),Day1
"어서오세요, 잡동사니 리조트에",꽐,P-15,P,15,,2sp,괴담에 떨어져도 출근을 해야 하는구나,,,"최 요원,김솔음",최 요원X김솔음,,,,,https://dongne.co/events/df2610/circles/171480,제35회 디. 페스타(토),Day1
"안녕하세요,여러분,안녕하세요",수산시장,G-01,G,01,,2sp,죠죠의 기묘한 모험,,,,,,,,,https://dongne.co/events/df2610/circles/173472,제35회 디. 페스타(토),Day1
불타올라라! 동인!동인! 초동인!!!!!!,몽디,B-16,B,16,,2sp,드래곤볼,,,피콜로,,,,,,https://dongne.co/events/df2610/circles/173251,제35회 디. 페스타(토),Day1
두부크림전골,나무,M-06,M,06,,2sp,누카니발,플레이브,,,야쿠모X에이트,로맨틱,,"일러스트,만화",,https://dongne.co/events/df2610/circles/171544,제35회 디. 페스타(토),Day1
레트로판타지,오마롱,V-12b,V,12,b,1sp,해리포터 시리즈,,,,,,,,,https://dongne.co/events/df2610/circles/173435,제35회 디. 페스타(토),Day1
맥반석밀렵단,ㅇㅅㅇ,V-19,V,19,,2sp,이세계 착각 헌터,,기려하성 쁘띠존,,김기려X정하성,,,,@dtd102840,https://dongne.co/events/df2610/circles/172471,제35회 디. 페스타(토),Day1
발등튀김뷔페,플레인요거트,T-30a,T,30,a,1sp,"마법학교 마법사로 살아가는 법,마법학교 마법사로 살아가는 법(마마살)",뉴카니발,,,오수 고나달테스X이한 워다나즈,로맨틱,단테에이,만화,@HJ_Raam,https://dongne.co/events/df2610/circles/171680,제35회 디. 페스타(토),Day1
베리베리통통,도루사,J-11,J,11,,2sp,블리치,,"블리치 쁘띠존 - 어서와라, 나의 블리치 쁘띠존에","쿠로사키 이치고,쿠치키 루키아",,로맨틱,,"소설,기타",@ekdmsqmdl0715,https://dongne.co/events/df2610/circles/171849,제35회 디. 페스타(토),Day1
벼락치기만렙,아뵤,P-31,P,31,,2sp,괴담에 떨어져도 출근을 해야 하는구나,"괴출,괴담에 떨어져도 출근을 해야 하는구나,디지몬,디지몬 시리즈,디지몬 어드벤처",,,김솔음X백사헌,,,"소설,기타",@aaaaaigobyoya,https://dongne.co/events/df2610/circles/171760,제35회 디. 페스타(토),Day1
복합문화공간,92,J-22a,J,22,a,1sp,"오오에,하시히메",페르소나 3,,,,,,일러스트,@92_18xx,https://dongne.co/events/df2610/circles/172649,제35회 디. 페스타(토),Day1
사랑한도초과,묘이,J-22b,J,22,b,1sp,보컬로이드,오오에,,보컬로이드 미쿠,오오사키X아리아케,로맨틱,,일러스트,@myoeei_,https://dongne.co/events/df2610/circles/173626,제35회 디. 페스타(토),Day1
수달보호구역,흑당,Q-13b,Q,13,b,1sp,괴담에 떨어져도 출근을 해야 하는구나,,괴담출근 쁘띠존 : 룩키마트에 어서오세요!,"최 요원,김솔음",최요원X김솔음,,,,@hy830207,https://dongne.co/events/df2610/circles/171886,제35회 디. 페스타(토),Day1
쌍둥이밥먹자,듀마,E-15,E,15,,2sp,트라이건,,,"밧슈,나이브스",밧슈X나이브스,로맨틱,,"만화,일러스트",@dyuma17520,https://dongne.co/events/df2610/circles/172402,제35회 디. 페스타(토),Day1
어떻게든된다,66666666,E-23,E,23,,2sp,닌자보이 란타로,"명탐정 코난,포켓몬스터,오란고교 호스트부",,닌타마 학생,,해당없음,,일러스트,@66666666nin,https://dongne.co/events/df2610/circles/173906,제35회 디. 페스타(토),Day1
왹져는지구인,피쓰,U-19a,U,19,a,1sp,이세계 착각 헌터,,기려연 쁘띠존 | 기묘한 착각 연애,,,,,,,https://dongne.co/events/df2610/circles/171748,제35회 디. 페스타(토),Day1
일단가보자고,"시온, 모리",S-31,S,31,,2sp,전지적 독자 시점,"괴담에 떨어져도 출근을 해야 하는구나,어두운 바다의 등불이 되어,너희들은 변호됐다",,,,"로맨틱,섹슈얼",,,@SION_428,https://dongne.co/events/df2610/circles/171807,제35회 디. 페스타(토),Day1
자린고비클럽,고비,D-02b,D,02,b,1sp,,,,,,,,"소설,일러스트",lying_expert,https://dongne.co/events/df2610/circles/172790,제35회 디. 페스타(토),Day1
전절대엘프를,김서현,I-22,I,22,,2sp,젤다의 전설,"포켓몬스터,장송의 프리렌",,"링크,젤다,프리렌",링크X젤다,"로맨틱,섹슈얼","힘멜프리, 사토세레",,@Big_egg526 ,https://dongne.co/events/df2610/circles/173698,제35회 디. 페스타(토),Day1
착친나오려나,메프,Q-15,Q,15,,2sp,괴담에 떨어져도 출근을 해야 하는구나,,,,,,,만화,판부15,https://dongne.co/events/df2610/circles/172754,제35회 디. 페스타(토),Day1
체리문데이지,뚜루루,D-29a,D,29,a,1sp,,,,,,,,,,https://dongne.co/events/df2610/circles/173426,제35회 디. 페스타(토),Day1
하바네로푸딩,ㄷㄹ,L-02a,L,02,a,1sp,아이돌리쉬 세븐,,,"요츠바 타마키,오사카 소고",오사카 소고X요츠바 타마키,로맨틱,,만화,,https://dongne.co/events/df2610/circles/171733,제35회 디. 페스타(토),Day1
학내연애괴담,ast,Q-32a,Q,32,a,1sp,"괴담에 떨어져도 출근을 해야 하는구나,괴출",,,"김솔음,호유원,백사헌",김솔음X호유원,,김솔음X백사헌,소설,,https://dongne.co/events/df2610/circles/171417,제35회 디. 페스타(토),Day1
한국효도협회,103,U-19b,U,19,b,1sp,이세계 착각 헌터,,기려연 쁘띠존 | 기묘한 착각 연애,"김기려,선우연",김기려X선우연,로맨틱,,만화,103RKGK,https://dongne.co/events/df2610/circles/171754,제35회 디. 페스타(토),Day1
형제영역전개,하울림,F-19b,F,19,b,1sp,주술회전,,,"쵸소우,이타도리 유지",,해당없음,,만화,@keek03081,https://dongne.co/events/df2610/circles/172306,제35회 디. 페스타(토),Day1
호요사랑해요,goyo,J-14a,J,14,a,1sp,"붕괴: 스타레일,젠레스 존 제로",,,"파이논,마치세븐,니콜",,,,,@goyobluu,https://dongne.co/events/df2610/circles/172506,제35회 디. 페스타(토),Day1
후와후와타임,,B-13b,B,13,b,1sp,케이온,"프로젝트세카이(프로세카),데스노트,마법소녀 마도카★마기카(마마마),학원베이비시터즈,나루토,걸즈밴드크라이(ガルクラ)",,,,,,,saetiio,https://dongne.co/events/df2610/circles/173431,제35회 디. 페스타(토),Day1
미타카라다케 원정대,"고도, 연화",G-17,G,17,,2sp,명탐정 코난,,,"타카아키,칸스케,유이",,,,소설,@kakt4wo,https://dongne.co/events/df2610/circles/172633,제35회 디. 페스타(토),Day1
가비지타임에 부스내기,이헤,U-23a,U,23,a,1sp,가비지타임,,,,최종수X기상호,로맨틱,,만화,,https://dongne.co/events/df2610/circles/171600,제35회 디. 페스타(토),Day1
천도복숭아도 유키모모다,휘엔,L-22b,L,22,b,1sp,아이돌리쉬 세븐,,,"유키,모모",유키X모모,"로맨틱,섹슈얼",,소설,@1100logical,https://dongne.co/events/df2610/circles/172212,제35회 디. 페스타(토),Day1
이종족결혼은 합법인가요 ,참기름,V-13,V,13,,2sp,이세계 착각 헌터,,기려하성 쁘띠존,김기려 정하성,김기려X정하성,로맨틱,,"만화,기타",@true_oil4,https://dongne.co/events/df2610/circles/172714,제35회 디. 페스타(토),Day1
오퍼레이터는 국산이지만 원료는 수입입니다,잡상인,M-09,M,09,,2sp,Call of duty,,Call of Duty :: 10월 디페 쁘띠존,"호랑이,쾨니히,고스트,소프,닉토,크루거",,,,"일러스트,공예",@peddl_er,https://dongne.co/events/df2610/circles/172718,제35회 디. 페스타(토),Day1
괴담속에서도 양치합시다..,H,U-16b,U,16,b,1sp,어두운 바다의 등불이 되어,"진혼기,세포신곡,괴담에 떨어져도 출근을 해야 하는구나,명일방주,골든카무이",,,,,,공예,,https://dongne.co/events/df2610/circles/171842,제35회 디. 페스타(토),Day1
아이나나하자!,조부단,L-23b,L,23,b,1sp,아이돌리쉬 세븐,,,모모,유키X모모,로맨틱,,만화,@oasis525200,https://dongne.co/events/df2610/circles/171460,제35회 디. 페스타(토),Day1
가짜가족위원회,하지,I-03b,I,03,b,1sp,기동전사 건담,,,,,,,만화,,https://dongne.co/events/df2610/circles/171611,제35회 디. 페스타(토),Day1
검은토끼사무소,첸체,P-08,P,08,,2sp,괴담에 떨어져도 출근을 해야 하는구나,"하이가쿠라,앙상블 스타즈,명일방주",,,,,,,YR_simin,https://dongne.co/events/df2610/circles/171458,제35회 디. 페스타(토),Day1
귀신이보컬노릇,verse,K-21,K,21,,2sp,히프노시스마이크,도검난무,,,,,,"소설,기타,만화",@verse_un_i,https://dongne.co/events/df2610/circles/171766,제35회 디. 페스타(토),Day1
김치찌개마카롱,낙수,I-23,I,23,,2sp,젤다의전설 야숨왕눈,,,"링크,젤다",,로맨틱,,"만화,게임",@narksuhaza,https://dongne.co/events/df2610/circles/172419,제35회 디. 페스타(토),Day1
닌자버튜버연합,코로마루,G-09a,G,09,a,1sp,닌자보이 란타로,니지산지,,"도이 한스케,야마다 리키치,텐키,민수하",야마다 리키치X도이 한스케,,,,,https://dongne.co/events/df2610/circles/171516,제35회 디. 페스타(토),Day1
달콤한일러스트,iamyunji,D-31,D,31,,2sp,,,,모모찌,,,,일러스트,iamyunji,https://dongne.co/events/df2610/circles/171772,제35회 디. 페스타(토),Day1
당보청명화이팅,시유리,T-07,T,07,,2sp,화산귀환,,당보청명 쁘띠존 : 깊디깊은 어둠 속에서 매화의 향은 더 깊어지는 법,청명,당보X청명,"섹슈얼,로맨틱",,만화,@tlabfl_2d,https://dongne.co/events/df2610/circles/172063,제35회 디. 페스타(토),Day1
댕냥씨피가좋음,겤,T-16b,T,16,b,1sp,너희들은 변호됐다,,,강민재 차주한,강민재X차주한,로맨틱,,일러스트,@jokka_love2,https://dongne.co/events/df2610/circles/173544,제35회 디. 페스타(토),Day1
리틀캣스튜디오,memmoom,D-03,D,03,,2sp,,,,,,,,일러스트,,https://dongne.co/events/df2610/circles/171727,제35회 디. 페스타(토),Day1
모르는냥이산책,nyz,D-24,D,24,,2sp,"단간론파,케이온","마법소녀 마도카★마기카(마마마),괴담에 떨어져도 출근을 해야 하는구나",,,,,,,,https://dongne.co/events/df2610/circles/172350,제35회 디. 페스타(토),Day1
백일멍주식회사,파무깅,P-29b,P,29,b,1sp,괴담에 떨어져도 출근을 해야 하는구나,,,김솔음 백사헌 최요원 이자헌 J3 이성해,괴담출근 김솔음X백사헌,,,,_525310,https://dongne.co/events/df2610/circles/172065,제35회 디. 페스타(토),Day1
부스이름뭐하지,.,G-27,G,27,,2sp,"유희왕 5’ds,진 삼국무쌍 오리진",,,,,"로맨틱,섹슈얼,해당없음",,만화,@sabbat_00,https://dongne.co/events/df2610/circles/171597,제35회 디. 페스타(토),Day1
비도인애호부스,새부리,T-27,T,27,,2sp,화산귀환,원피스,,당보,,해당없음,,일러스트,asebury,https://dongne.co/events/df2610/circles/171399,제35회 디. 페스타(토),Day1
빗자루썰매창고,썰매,F-17b,F,17,b,1sp,명탐정 코난,,,,,,,,@furuseolam,https://dongne.co/events/df2610/circles/172131,제35회 디. 페스타(토),Day1
사백안점눈연합,,G-08,G,08,,2sp,닌자보이 란타로,모브사이코100,,"쌍닌,레이겐 아라타카",,"로맨틱,섹슈얼",,,@L0VEAUTOMATIC,https://dongne.co/events/df2610/circles/173538,제35회 디. 페스타(토),Day1
삼시세끼오타쿠,김밥,M-24a,M,24,a,1sp,페이트/그랜드 오더,프로젝트 세카이 컬러풀 스테이지! feat.하츠네 미쿠,,"Fate/Grand Order: 알트리아,아르주나,카르나,카마,BB / 프로젝트 세카이: 카미시로 루이,텐마 츠카사,오오토리 에무,쿠사나기 네네",,로맨틱,"(아르주나,카르나)",게임,@seokogejeong1,https://dongne.co/events/df2610/circles/172773,제35회 디. 페스타(토),Day1
스미쥐미화이팅,냐브,J-03b,J,03,b,1sp,헌드레드 라인 -최종방위학원-,,,"스미노 타쿠미,스미노G",스미노 타쿠미X스미노G,해당없음,,"만화,일러스트",@nyab_OO,https://dongne.co/events/df2610/circles/172747,제35회 디. 페스타(토),Day1
아무것도몰라요,뚭,B-10,B,10,,2sp,사카모토데이즈,,,"세바 나츠키,아사쿠라 신",세바나츠키X아사쿠라신,"로맨틱,해당없음",,,@SKMTO3O,https://dongne.co/events/df2610/circles/171390,제35회 디. 페스타(토),Day1
출근시켜주세요,뮹,Q-32b,Q,32,b,1sp,괴담에 떨어져도 출근을 해야 하는구나,"닌자보이 란타로,화산귀환",,"이성해,김솔음,최 요원,당보,청명,백천",야마다 리키치X도이 한스케,,최솔,일러스트,,https://dongne.co/events/df2610/circles/172642,제35회 디. 페스타(토),Day1
큥큥여우연구소,채소솟,L-21a,L,21,a,1sp,누카니발,"럭키독1,배드에그",,"큐야 에이트,큐야,에이트,박쟝",큐야X에이트,"로맨틱,섹슈얼",박쟝,"일러스트,만화,기타",@not_vegetable99,https://dongne.co/events/df2610/circles/172403,제35회 디. 페스타(토),Day1
하고싶은걸한다,은짱,M-05a,M,05,a,1sp,프로젝트세카이,"역전재판,듀라라라!!,페르소나 4,MIU404",,,,"로맨틱,섹슈얼",,,,https://dongne.co/events/df2610/circles/173470,제35회 디. 페스타(토),Day1
당보청명쁘띠존<깊디깊은 어둠 속에서 매화의 향은 더 깊어지는 법>,,S-07,S,07,,2sp,화산귀환,,당보청명 쁘띠존 : 깊디깊은 어둠 속에서 매화의 향은 더 깊어지는 법,,당보X청명,로맨틱,,,@dbcm_petit,https://dongne.co/events/df2610/circles/173421,제35회 디. 페스타(토),Day1
레이시오교수님 두잇두잇 츄,방구,K-09b,K,09,b,1sp,붕괴: 스타레일,,레이츄린 쁘띠존,,Dr. 레이시오X어벤츄린,로맨틱,,,@metalscone,https://dongne.co/events/df2610/circles/173448,제35회 디. 페스타(토),Day1
오오에지마에서 닌자축구를,무로마치 여자친구,E-27,E,27,,2sp,,,,,,,,,,https://dongne.co/events/df2610/circles/173746,제35회 디. 페스타(토),Day1
뭐라도나오겠죠?부스,퓰,U-01a,U,01,a,1sp,플레이브,월드 트리거,,,,,,"만화,일러스트",Fewll_i,https://dongne.co/events/df2610/circles/171533,제35회 디. 페스타(토),Day1
귀여운거만팔아요,밥이우,E-31,E,31,,2sp,오리지널 1차창작(자체상품),오리지널 1차창작(자체상품),,오리지널 1차창작(자체상품),,,,"일러스트,사진,기타",KL_782,https://dongne.co/events/df2610/circles/172453,제35회 디. 페스타(토),Day1
마운트화네버다이,부찌,U-10,U,10,,2sp,화산귀환,,,,,,,,,https://dongne.co/events/df2610/circles/171481,제35회 디. 페스타(토),Day1
뭐든해보겠습니다,에러,Q-11,Q,11,,2sp,괴담에 떨어져도 출근을 해야 하는구나,,,,,,,기타,@cookielike21,https://dongne.co/events/df2610/circles/172543,제35회 디. 페스타(토),Day1
미인미남공수집가,hana,"R-17, R-18",R,17,,4sp,괴담에 떨어져도 출근을 해야 하는구나,"변호됨(너희들은 변호됐다),러브앤딥스페이스,마지중지",,김솔음,,로맨틱,,일러스트,@han_A01,https://dongne.co/events/df2610/circles/172317,제35회 디. 페스타(토),Day1
솔냐니오므라이스,랴,P-19,P,19,,2sp,괴담에 떨어져도 출근을 해야 하는구나,,,"<괴담에 떨어져도 출근을 해야 하는구나> 작 중 캐릭터,최솔,김솔음,최 요원",<괴담에 떨어져도 출근을 해야 하는구나> 작 중 캐릭터,로맨틱,,일러스트,looky1717,https://dongne.co/events/df2610/circles/172071,제35회 디. 페스타(토),Day1
아이나시스마이크,야체,K-19b,K,19,b,1sp,"히프노시스마이크,아이돌리쉬 세븐",,,플링폿세,,해당없음,,,@zarajaebalzom,https://dongne.co/events/df2610/circles/171603,제35회 디. 페스타(토),Day1
얼가남｜벽｜백합,쥑쥑,C-04,C,04,,2sp,콜오브듀티:모던워페어,"사이퍼즈,수성의 마녀,무기미도",,"크루거,고스트",,,,"일러스트,공예,기타,만화",ff_J_alo,https://dongne.co/events/df2610/circles/172480,제35회 디. 페스타(토),Day1
여기도사람있어요,h,E-10a,E,10,a,1sp,앙상블 스타즈,,,"아오이 히나타,안즈,안즈(프로듀서)",아오이 히나타X안즈,로맨틱,,,,https://dongne.co/events/df2610/circles/171528,제35회 디. 페스타(토),Day1
위보고시작한명방,은비,L-10a,L,10,a,1sp,명일방주,오리지널(1차),,,,,,일러스트,@silverbee_ov,https://dongne.co/events/df2610/circles/171714,제35회 디. 페스타(토),Day1
종생평생태웅백호,탭탭,U-25,U,25,,2sp,슬램덩크,,,"서태웅,강백호",서태웅X강백호,로맨틱,,만화,tb1141_lifeall,https://dongne.co/events/df2610/circles/172455,제35회 디. 페스타(토),Day1
피자나라장미공주,"곽수, 메레",M-23,M,23,,2sp,"페르소나 시리즈 (3/4/5/Q),프리파라,페이트/그랜드 오더",,,카르나/아르주나,카르나X아르주나,로맨틱,,"만화,일러스트","@gvvaksu, @rosarian666",https://dongne.co/events/df2610/circles/172379,제35회 디. 페스타(토),Day1
남녀연애자유선언 | 은전 한 닢,"은여, 연두부",R-28,R,28,,2sp,괴담에 떨어져도 출근을 해야 하는구나,,,,,,,,"@eunyu0, @herteaboxread",https://dongne.co/events/df2610/circles/171373,제35회 디. 페스타(토),Day1
초자연재난관리국 홍보팀,강체,R-04,R,04,,2sp,괴담에 떨어져도 출근을 해야 하는구나,,,최요원 류재관 김솔음,,,,"만화,일러스트",gangche_,https://dongne.co/events/df2610/circles/171583,제35회 디. 페스타(토),Day1
나롯이리와힘들었지,미아,H-01,H,01,,2sp,괴수8호,데못죽,,나루미,,섹슈얼,,"일러스트,만화",saladjoa__,https://dongne.co/events/df2610/circles/172192,제35회 디. 페스타(토),Day1
레인보우오무라이스,포피,C-18a,C,18,a,1sp,오버워치,,,,,,,기타,,https://dongne.co/events/df2610/circles/172258,제35회 디. 페스타(토),Day1
블랙기업알페스사단,wchnk,R-06,R,06,,2sp,괴담에 떨어져도 출근을 해야 하는구나,어두운 바다의 등불이 되어,,,,,,"소설,만화,일러스트",@pupurdii @childudoong77,https://dongne.co/events/df2610/circles/173114,제35회 디. 페스타(토),Day1
소프트아이스크림부,도담,I-19a,I,19,a,1sp,테일즈 오브 제스티리아,,,"미쿠리오,스레이",,로맨틱,,만화,,https://dongne.co/events/df2610/circles/171827,제35회 디. 페스타(토),Day1
쑥떡파인애플갈비탕,쑥떡파인애플갈비탕,K-19a,K,19,a,1sp,"페르소나 시리즈,보컬로이드",,,,아라가키 신지로X햄코,,,,@ggang8282,https://dongne.co/events/df2610/circles/172182,제35회 디. 페스타(토),Day1
검은머리파뿌리되도록,윰,K-02a,K,02,a,1sp,"오오에,페르소나 5",앙상블 스타즈,,,,,,,,https://dongne.co/events/df2610/circles/173550,제35회 디. 페스타(토),Day1
낫토콩나물까르보나라,닌만,F-06a,F,06,a,1sp,닌자보이 란타로,,,,,,,기타,@ninmanforest,https://dongne.co/events/df2610/circles/171491,제35회 디. 페스타(토),Day1
대머리도마뱀의불장난,쩝쩝,F-32,F,32,,2sp,,,,,,,,"만화,일러스트",,https://dongne.co/events/df2610/circles/171649,제35회 디. 페스타(토),Day1
부스입장하러왔습니다,니모,F-12,F,12,,2sp,주술회전,,,"고죠 사토루,나나미 켄토,켄자쿠,옷코츠 유타,료멘 스쿠나",,"섹슈얼,로맨틱",,소설,@lwonhoo,https://dongne.co/events/df2610/circles/171411,제35회 디. 페스타(토),Day1
연운그만하고당청해라,형님햄,S-27a,S,27,a,1sp,화산귀환,,당보청명 쁘띠존 : 깊디깊은 어둠 속에서 매화의 향은 더 깊어지는 법,당보 청명,,섹슈얼,,"일러스트,만화",@00gg_22,https://dongne.co/events/df2610/circles/172095,제35회 디. 페스타(토),Day1
황금레스토랑한국지점,배탁,E-07b,E,07,b,1sp,,,,,,,,,,https://dongne.co/events/df2610/circles/171572,제35회 디. 페스타(토),Day1
간장게장마카롱김치찌개,"란규, 란계, 휴지",F-07,F,07,,2sp,"트위스티드 원더랜드,다이아몬드 에이스,닌자보이 란타로","명탐정 코난,괴담에 떨어져도 출근을 해야 하는구나",,,,,,"기타,일러스트","@rangyuuu99, @egg_bread9, @gakhuge",https://dongne.co/events/df2610/circles/172137,제35회 디. 페스타(토),Day1
그렇게고조선이건국됐다,"담, 체키",Q-03,Q,03,,2sp,괴담에 떨어져도 출근을 해야 하는구나,,,"류재관,최 요원",류재관X최요원,"로맨틱,섹슈얼",,"만화,소설",damq_pouo,https://dongne.co/events/df2610/circles/172414,제35회 디. 페스타(토),Day1
낫망인생최후의끌어치기,Natmang,T-16a,T,16,a,1sp,"데드 바이 데이라이트,데드 바이 데이라이트 (데바데",,,,,,,"만화,일러스트",@null404fail,https://dongne.co/events/df2610/circles/172378,제35회 디. 페스타(토),Day1
러브앤타임으로살아남기,samo,B-20,B,20,,2sp,트라이건,"가비지타임,망나니 PD 아이돌로 살아남기",,,울프우드X밧슈,로맨틱,"종뱅(종수x병찬), 호진호윤, 황흑",,,https://dongne.co/events/df2610/circles/172409,제35회 디. 페스타(토),Day1
안경백합무한지지연합회,N,K-22,K,22,,2sp,히프노시스마이크,도쿄디벙커,,,,,,만화,@N940343,https://dongne.co/events/df2610/circles/171770,제35회 디. 페스타(토),Day1
나도내가뭘팔지모른다네.,팔보채교수,M-11b,M,11,b,1sp,콜 오브 듀티,"오리지널(1차),원피스",Call of Duty :: 10월 디페 쁘띠존,"쾨니히,ASL(에이스/사보/루피)",,,,"일러스트,만화",Prof_8B,https://dongne.co/events/df2610/circles/172167,제35회 디. 페스타(토),Day1
오사나나무한제공참말사건,aa,M-03a,M,03,a,1sp,프로젝트 세카이 컬러풀 스테이지! feat.하츠네 미쿠,,,"쿠사나기 네네,카미시로 루이",카미시로 루이X쿠사나기 네네,"로맨틱,해당없음",,"만화,일러스트",aa1010aa110,https://dongne.co/events/df2610/circles/172376,제35회 디. 페스타(토),Day1
일단등록하면뭐라도쪄오겠지,쏘야,S-27b,S,27,b,1sp,화산귀환,,당보청명 쁘띠존 : 깊디깊은 어둠 속에서 매화의 향은 더 깊어지는 법,당보/청명,당보X청명,"로맨틱,섹슈얼",,소설,,https://dongne.co/events/df2610/circles/172279,제35회 디. 페스타(토),Day1
부스이름짓는게가장어렵더라 ,카로,H-08,H,08,,2sp,"원피스,니지산지","화산귀환,포켓몬",,,,,,,karo_pic,https://dongne.co/events/df2610/circles/171504,제35회 디. 페스타(토),Day1
선배가문제일까후배가문제일까,dd_ninnin,F-25,F,25,,2sp,닌자보이 란타로,,,,아야베 키하치로X타치바나 센조,,나나마츠 코헤이타 x 타이라노 타키야샤마루,,dd_ninnin,https://dongne.co/events/df2610/circles/171998,제35회 디. 페스타(토),Day1
뭘낼지모르겠어서아무거나내봄 ,MN,K-16,K,16,,2sp,"명일방주,붕괴: 스타레일",,,,,로맨틱,,,,https://dongne.co/events/df2610/circles/173809,제35회 디. 페스타(토),Day1
절대적신뢰야말로진정한순애다 ,리엘,T-08,T,08,,2sp,화산귀환,,당보청명 쁘띠존 : 깊디깊은 어둠 속에서 매화의 향은 더 깊어지는 법,당보,,"로맨틱,섹슈얼",,,@hwachinnyeo ,https://dongne.co/events/df2610/circles/171668,제35회 디. 페스타(토),Day1
⋆귀여워도출근을해야하는구나⋆,용사,P-05,P,05,,2sp,괴담에 떨어져도 출근을 해야 하는구나,,,,,,,,@04_0IV,https://dongne.co/events/df2610/circles/171932,제35회 디. 페스타(토),Day1
중혁아우리는부스할수잇다아마도,욜로,"U-04, U-05",U,04,,4sp,,,,,,,,,,https://dongne.co/events/df2610/circles/171883,제35회 디. 페스타(토),Day1
황혼의순간웃음짓는게나일까스즈키일까,킬마,B-07b,B,07,b,1sp,사카모토데이즈,,,,세바 나츠키X아사쿠라 신,로맨틱,우즈키 케이X아카오 리온,소설,zlfak_,https://dongne.co/events/df2610/circles/172861,제35회 디. 페스타(토),Day1
암고잉다운투사우스파크거너햅마셃어타임,buixel222,F-05,F,05,,2sp,사우스파크,,,올캐릭터,,,,"만화,일러스트,기타",@yaru_132,https://dongne.co/events/df2610/circles/172716,제35회 디. 페스타(토),Day1
어두운괴담의나루토가되어버츄얼프로젝트,해별,"U-17, U-18",U,17,,4sp,어두운 바다의 등불이 되어,"나루토,괴담에 떨어져도 출근을 해야 하는구나,프로젝트 세카이 컬러풀 스테이지! feat.하츠네 미쿠,스텔라이브,명일방주",,,,,,일러스트,"@Sae_un0, @cha_201_",https://dongne.co/events/df2610/circles/172035,제35회 디. 페스타(토),Day1
오늘모이라고한건다름아닌자금이부족해서다,파렴치전사,G-04a,G,04,a,1sp,죠죠의 기묘한 모험,,,,,로맨틱,,,@brokenpolnareff,https://dongne.co/events/df2610/circles/171447,제35회 디. 페스타(토),Day1
팔만대장경만들고싶다고했지쓰고싶다고는안했다,종이,D-13,D,13,,2sp,헬루바보스,,,"블리츠 버크조,스톨라스",블리츠 버크조X스톨라스,"섹슈얼,로맨틱",오지피즈 바사안드 ,소설,@GAM_HELLA,https://dongne.co/events/df2610/circles/171824,제35회 디. 페스타(토),Day1
열차안에서판떼기를씌우며살인축구를하는게게게의아카데미아에나오는바데니(프로듀서),냥꾼,U-29a,U,29,a,1sp,블루록,"앙상블 스타즈!! Music,프로젝트 세카이 컬러풀 스테이지! feat.하츠네 미쿠,지. -지구의 운동에 대하여,나의 히어로 아카데미아,사이하테역,게게게의 키타로",,,시노노메 아키토X아오야기 토우야,"섹슈얼,로맨틱",,"만화,기타",@pants_seconds,https://dongne.co/events/df2610/circles/172791,제35회 디. 페스타(토),Day1
제 1부대 아리아케 임해기지,체리와 1부대,H-18,H,18,,2sp,"怪獣8号,괴수8호",나의 히어로 아카데미아,,,나루미 겐X호시나 소우시로,"로맨틱,섹슈얼","나루호시, 날홋, 데쿠캇",,@naru_umii,https://dongne.co/events/df2610/circles/173481,제35회 디. 페스타(토),Day1
동방사단 제 1부대,제로,"H-06, H-17",H,06,,4sp,"怪獣8号,괴수8호",,,"나루미 겐,호시나 소우시로",나루미 겐X호시나 소우시로,로맨틱,,소설,@dpz_kn8,https://dongne.co/events/df2610/circles/172526,제35회 디. 페스타(토),Day1
토마호크 스테이크 1호점,명란바게트,"O-14, O-15",O,14,,4sp,괴담에 떨어져도 출근을 해야 하는구나,,,김솔음,최 요원X김솔음,"로맨틱,섹슈얼,해당없음",,"만화,일러스트",@Myeong_ba_0506,https://dongne.co/events/df2610/circles/171560,제35회 디. 페스타(토),Day1
1. 말랑 솜 마을 입양 보호소 :  폭신폭신 새솜 쉼터,률아,"M-16, M-17",M,16,,4sp,,,Call of Duty :: 10월 디페 쁘띠존,,,,,,@ParangNero_Arc,https://dongne.co/events/df2610/circles/171675,제35회 디. 페스타(토),Day1
1종 특수 이세계 트럭 운전면허증,하뭇,S-21,S,21,,2sp,괴담에 떨어져도 출근을 해야 하는구나,"던그화,연회생,변호됨,우호정,이착헌",,올캐러,,,,,Sale_HM13,https://dongne.co/events/df2610/circles/171444,제35회 디. 페스타(토),Day1
1부대로 와라. / 거절하겠습니다.,매실,H-04,H,04,,2sp,괴수8호,,,"나루미 겐,호시나 소우시로",나루미 겐X호시나 소우시로,,,,@sweetblue1122,https://dongne.co/events/df2610/circles/171974,제35회 디. 페스타(토),Day1
10,H,F-13a,F,13,a,1sp,주술회전,,,,,로맨틱,,,,https://dongne.co/events/df2610/circles/172091,제35회 디. 페스타(토),Day1
렌루키 10주년 기념부스,인,I-14a,I,14,a,1sp,블리치,,"블리치 쁘띠존 - 어서와라, 나의 블리치 쁘띠존에",,아바라이 렌지X쿠치키 루키아,,,,,https://dongne.co/events/df2610/circles/171590,제35회 디. 페스타(토),Day1
10디페,밀재,I-20,I,20,,2sp,"패솔로직,은과 금,술탄의 게임",,,,,,,,,https://dongne.co/events/df2610/circles/171936,제35회 디. 페스타(토),Day1
10심히 살자,열,L-14b,L,14,b,1sp,세포신곡,"헌터x헌터,오오에",,,아토 하루키X이소이 레이지,로맨틱,,"만화,일러스트",ssmm3r,https://dongne.co/events/df2610/circles/172119,제35회 디. 페스타(토),Day1
10디페 참가 후 하려카페 가는 일정이 가능할까요?,택시 타,U-13b,U,13,b,1sp,이세계 착각 헌터,,,,정하성X김기려,,,소설,,https://dongne.co/events/df2610/circles/172238,제35회 디. 페스타(토),Day1
10월에 잡은 장르에 따라 부스가 달라집니다,빵감자,J-14b,J,14,b,1sp,붕괴: 스타레일,너희들은 변호됐다,,"어벤츄린,파이논",,로맨틱,,일러스트,@nokchaa_03,https://dongne.co/events/df2610/circles/172053,제35회 디. 페스타(토),Day1
10디페 한부스,2510,U-22,U,22,,2sp,"이세계 착각 헌터,괴담에 떨어져도 출근을 해야 하는구나","어두운 바다의 등불이 되어,너희들은 변호됐다",,,,,,,,https://dongne.co/events/df2610/circles/171495,제35회 디. 페스타(토),Day1
10월의봄,김자태,I-13a,I,13,a,1sp,블리치,,"블리치 쁘띠존 - 어서와라, 나의 블리치 쁘띠존에","쿠치키 뱌쿠야,쿠치키 히사나",,로맨틱,,"소설,공예",@__JATAE_,https://dongne.co/events/df2610/circles/172832,제35회 디. 페스타(토),Day1
10년지기랑 10년째,.,M-19a,M,19,a,1sp,,,,,,,,,,https://dongne.co/events/df2610/circles/172023,제35회 디. 페스타(토),Day1
10디페 토2sp,벨로,P-04,P,04,,2sp,괴담에 떨어져도 출근을 해야 하는구나,,,,,,,만화,@kurobina_bello,https://dongne.co/events/df2610/circles/171838,제35회 디. 페스타(토),Day1
1042thDEAL,"42, 디일",D-16,D,16,,2sp,원피스,"보카로,포켓몬,죠죠,은혼",,,,,,"일러스트,만화",,https://dongne.co/events/df2610/circles/171404,제35회 디. 페스타(토),Day1
10디페g,sh,V-01b,V,01,b,1sp,,,,,,,,,,https://dongne.co/events/df2610/circles/172094,제35회 디. 페스타(토),Day1
1햄1케이지,시나,S-05a,S,05,a,1sp,데뷔 못 하면 죽는 병 걸림,,,,,,,,@_X1NA_owx,https://dongne.co/events/df2610/circles/172678,제35회 디. 페스타(토),Day1
13월의 정원,가든,O-26,O,26,,2sp,"괴담에 떨어져도 출근을 해야 하는구나,해리포터",,,,,,,"공예,소설",,https://dongne.co/events/df2610/circles/171653,제35회 디. 페스타(토),Day1
16,"청사과,곽종필",D-32,D,32,,2sp,,,,,,,,만화,@gjp___,https://dongne.co/events/df2610/circles/171443,제35회 디. 페스타(토),Day1
1755 둥지 ,녹황,S-11,S,11,,2sp,화산귀환,,당보청명 쁘띠존 : 깊디깊은 어둠 속에서 매화의 향은 더 깊어지는 법,당보 청명,,로맨틱,,"소설,공예,조형",@nokhwang_read,https://dongne.co/events/df2610/circles/171669,제35회 디. 페스타(토),Day1
이런 기가차는 게2들 첨봄,뿜키,"Q-24, Q-25",Q,24,,4sp,괴담에 떨어져도 출근을 해야 하는구나,"너희들은 변호됐다,괴수8호",,김솔음,,,,,bboomkey,https://dongne.co/events/df2610/circles/172380,제35회 디. 페스타(토),Day1
비타 2차 비공굿 마켓 (은혼 외),비타,A-17,A,17,,2sp,은혼,헌터헌터 나루토 사이키 쿠스오,,긴토키,,,,일러스트,@banbaji5,https://dongne.co/events/df2610/circles/172062,제35회 디. 페스타(토),Day1
해외산 부대찌개2,Cooga,C-07a,C,07,a,1sp,,,,,,,,,,https://dongne.co/events/df2610/circles/173618,제35회 디. 페스타(토),Day1
동방사단 구멍가게 2호점,가령,H-02b,H,02,b,1sp,괴수8호,,,"호시나 소우시로,나루미 겐,아시로 미나,호시나 소우이치로",,,,,@garueong,https://dongne.co/events/df2610/circles/172615,제35회 디. 페스타(토),Day1
와플가게 2마트점,"2, 와플",R-25,R,25,,2sp,괴담에 떨어져도 출근을 해야 하는구나,"전지적 독자 시점,명문고 EX급 조연의 리플레이,니지산지,붕괴: 스타레일",,"유중혁,김독자,브라운,김솔음,민수하,카이세이,네스",,해당없음,,일러스트,@charon_22,https://dongne.co/events/df2610/circles/171798,제35회 디. 페스타(토),Day1
크랩하우스2,crab D,B-26a,B,26,a,1sp,마법소녀 마도카★마기카(마마마),"던전밥,장송의 프리렌",,,,,,,,https://dongne.co/events/df2610/circles/171863,제35회 디. 페스타(토),Day1
2. 말랑 솜 마을 입양 보호소 :  폭신폭신 새솜 쉼터,률아,"M-14, M-15",M,14,,4sp,,,Call of Duty :: 10월 디페 쁘띠존,,,,,,@ParangNero_Arc,https://dongne.co/events/df2610/circles/171674,제35회 디. 페스타(토),Day1
카이토 20주년 아직 안 끝났다고 해줘요,힝구,M-05b,M,05,b,1sp,보컬로이드(음성합성엔진),,,"카이토,미쿠,린,렌,루카,메이코",,,,일러스트,,https://dongne.co/events/df2610/circles/172016,제35회 디. 페스타(토),Day1
[201호실],깅,F-26,F,26,,2sp,닌자보이 란타로,100미터.,,"셋츠노 키리마루,도이 한스케",셋츠노 키리마루X도이 한스케,로맨틱,,"만화,소설",,https://dongne.co/events/df2610/circles/173449,제35회 디. 페스타(토),Day1
21세기 동인은 물물교환만 받습니다,빨간단추,Q-14,Q,14,,2sp,괴담에 떨어져도 출근을 해야 하는구나,,,최 요원,,,,소설,,https://dongne.co/events/df2610/circles/171667,제35회 디. 페스타(토),Day1
노맨즈랜드 24시간 불가마찜질방,인간식물,B-17b,B,17,b,1sp,"트라이건,트라이건 맥시멈",,,밧슈 더 스탬피드,울프우드X밧슈,로맨틱,,만화,,https://dongne.co/events/df2610/circles/172386,제35회 디. 페스타(토),Day1
공항24시,24,E-21b,E,21,b,1sp,주술회전,,,"고죠 사토루,게토 스구루",고죠 사토루X게토 스구루,로맨틱,,,@2424wk,https://dongne.co/events/df2610/circles/171613,제35회 디. 페스타(토),Day1
초자연재난 25시 출동 대기조,25,O-18,O,18,,2sp,괴담에 떨어져도 출근을 해야 하는구나,,,"최 요원,김솔음,이성해 등 괴담출근(대표작품)의 등장인물들",최 요원X김솔음,로맨틱,,,@53_iib,https://dongne.co/events/df2610/circles/172568,제35회 디. 페스타(토),Day1
25x19 경찰대생 최대 위기 사건,웼잉잉,G-19b,G,19,b,1sp,명탐정 코난,,"칸유이 쁘띠존: 바람처럼 빠르게, 불꽃처럼 강렬하게!",,야마토 칸스케X우에하라 유이,"로맨틱,섹슈얼",,만화,＠weting_cn,https://dongne.co/events/df2610/circles/172623,제35회 디. 페스타(토),Day1
잘지냈어? 293일만이네?,9988,P-20,P,20,,2sp,괴담에 떨어져도 출근을 해야 하는구나,,,김솔음,최요원X김솔음,로맨틱,,,@3rub71,https://dongne.co/events/df2610/circles/171562,제35회 디. 페스타(토),Day1
2m from the sky,츠여,U-27a,U,27,a,1sp,"슬램덩크,MCU",,,"송태섭,스파이더맨",,,,,@ch_evnfo,https://dongne.co/events/df2610/circles/172229,제35회 디. 페스타(토),Day1
제 3부대 타치카와 기지,삐아,H-22,H,22,,2sp,"怪獣8号,괴수8호",,,"나루미 겐,호시나 소우시로",나루미 겐X호시나 소우시로,"섹슈얼,로맨틱",,"일러스트,소설,만화",@PIA_YJ320,https://dongne.co/events/df2610/circles/173568,제35회 디. 페스타(토),Day1
동방사단 제 3부대,곰,"H-20, H-21",H,20,,4sp,"怪獣8号,괴수8호",,,"나루미 겐,호시나 소우시로",나루미 겐X호시나 소우시로,"로맨틱,섹슈얼",,"소설,일러스트,공예,기타,만화",websoboneugom,https://dongne.co/events/df2610/circles/171656,제35회 디. 페스타(토),Day1
그래서 30일 동안 뭐 했는데?,熊,G-05,G,05,,2sp,죠죠의 기묘한 모험,,,,시저 체페리X죠셉 죠스타,"로맨틱,섹슈얼",,"만화,소설",@CJ19390128,https://dongne.co/events/df2610/circles/171442,제35회 디. 페스타(토),Day1
30년 전통 헤테로 맛집의 연상연하 잡숴봐,salmon,G-20,G,20,,2sp,명탐정 코난,,"칸유이 쁘띠존: 바람처럼 빠르게, 불꽃처럼 강렬하게!",,야마토 칸스케X우에하라 유이,로맨틱,,소설,@periodic_salmom,https://dongne.co/events/df2610/circles/171904,제35회 디. 페스타(토),Day1
스승님 결혼해도 시급은 300엔인가요?,난살거야,A-12,A,12,,2sp,모브사이코100,,,"카게야마 시게오,레이겐 아라타카",모브레이,"로맨틱,섹슈얼",,"만화,일러스트",@nansalgguyaaa,https://dongne.co/events/df2610/circles/172724,제35회 디. 페스타(토),Day1
34살 섹시오지상이 내 인생과 지갑을 망친 건에 관하여,윤펭귄,I-03a,I,03,a,1sp,기동전사건담 지쿠악스,대역전재판,,"샤리아 불,샤아 아즈나블",샤아 아즈나블X샤리아 불,"로맨틱,섹슈얼",종자바로,소설,,https://dongne.co/events/df2610/circles/173663,제35회 디. 페스타(토),Day1
지4,지지,B-14,B,14,,2sp,,봇치더 록! / 케이온 / 아카기 / 단간론파 / 코드기어스,,,,,,,@kkuma4779,https://dongne.co/events/df2610/circles/172845,제35회 디. 페스타(토),Day1
룩키마트 4번 매대는 존재하지 않습니다,Wayter,Q-21,Q,21,,2sp,괴담에 떨어져도 출근을 해야 하는구나,이세계 착각 헌터(이착헌),괴담출근 쁘띠존 : 룩키마트에 어서오세요!,"괴담출근,괴담출근 등장인물",김솔음X백사헌,,,"일러스트,소설,조형",@Wayter_0918,https://dongne.co/events/df2610/circles/173214,제35회 디. 페스타(토),Day1
마○류관리에대한법 4조2항위반 1년이상유기징역,김철수,V-25,V,25,,2sp,"트랜스포머 프라임,고향최고",,,,,,,,gotohellnodont,https://dongne.co/events/df2610/circles/171626,제35회 디. 페스타(토),Day1
우리 5번대 정상영업 합니다,let,I-08a,I,08,a,1sp,블리치,,"블리치 쁘띠존 - 어서와라, 나의 블리치 쁘띠존에","아이젠 소스케,히라코 신지,이치마루 긴",히라코 신지X아이젠 소스케,"로맨틱,해당없음",구5번대,"만화,일러스트",@viole_nt,https://dongne.co/events/df2610/circles/171383,제35회 디. 페스타(토),Day1
소우타마가 있는 집 5 ,니니,L-01,L,01,,2sp,아이돌리쉬 세븐,,,,오오사카 소고X요츠바 타마키,로맨틱,,,,https://dongne.co/events/df2610/circles/172020,제35회 디. 페스타(토),Day1
버튜버튜버 5인조 좋아하세요?,앵두,U-32,U,32,,2sp,스코시즘(버튜버),"데드 바이 데이라이트,플레이브,보컬로이드",,,,로맨틱,,일러스트,@DBD_Jiwoon_wife,https://dongne.co/events/df2610/circles/173370,제35회 디. 페스타(토),Day1
5인의 곡소리 ,X08 ,"L-06, L-19",L,06,,4sp,"러브앤딥스페이스,프로젝트 세카이 컬러풀 스테이지! feat.하츠네 미쿠,보컬로이드,괴담출근(괴출),역전재판,페르소나 5,페르소나 시리즈,스플래툰","동물의 숲,피크민",,,,로맨틱,나루아야,"만화,일러스트,기타",@x08_lllx,https://dongne.co/events/df2610/circles/173400,제35회 디. 페스타(토),Day1
6이 주력 부스를 내고 싶었어요,보록화시,F-24a,F,24,a,1sp,닌자보이 란타로,,,타치바나 센조 / 시오에 몬지로 / 그외 인술학원 인물들,,해당없음,조합 위주,"일러스트,기타",@qfgt_rkrn,https://dongne.co/events/df2610/circles/172488,제35회 디. 페스타(토),Day1
6닌을 믿기 외간닌자를 믿기,도동,G-22,G,22,,2sp,닌자보이 란타로,,,"잣토 콘나몬,젠포우지 이사쿠,타치바나 센조,시오에 몬지로,나나마츠 코헤이타,나카자이케 쵸지,케마 토메사부로",잣토 콘나몬X젠포우지 이사쿠,로맨틱,센몬,만화,"@p_w4v, @tansan62094, @kki_77i",https://dongne.co/events/df2610/circles/172632,제35회 디. 페스타(토),Day1
6V와 V6,긗,A-22,A,22,,2sp,포켓몬스터,"보컬로이드,페르소나 시리즈,수공예(1차)",,카사네 테토,,,,일러스트,@g487210,https://dongne.co/events/df2610/circles/172838,제35회 디. 페스타(토),Day1
7,77,E-09b,E,09,b,1sp,,,,,,,,,,https://dongne.co/events/df2610/circles/172254,제35회 디. 페스타(토),Day1
사카모토상점 724호점,뿔여우,B-09,B,09,,2sp,사카모토데이즈,,,아사쿠라 신,세바 나츠키X아사쿠라 신,로맨틱,,소설,xd0cr8ghdz,https://dongne.co/events/df2610/circles/172760,제35회 디. 페스타(토),Day1
80년 전통 원조 가이카카 국밥 전문점,계피맛사탕,D-19,D,19,,2sp,나루토,,가이카카 쁘띠존 : 영원의 라이벌 코드 그린,카카시,가이X카카시,"로맨틱,섹슈얼",,소설,@xxRyu_Bo,https://dongne.co/events/df2610/circles/171910,제35회 디. 페스타(토),Day1
80세노인의 인생끌어치기,메밀,T-12a,T,12,a,1sp,화산귀환,,,,,"해당없음,로맨틱",,,lHUgTFK4e0YpIvo,https://dongne.co/events/df2610/circles/171878,제35회 디. 페스타(토),Day1
9회말 2아웃에 역전해야함 ,낙9,"P-02, P-03",P,02,,4sp,괴담에 떨어져도 출근을 해야 하는구나,어두운 바다의 등불이 되어,,,,,,,sonakBe_33,https://dongne.co/events/df2610/circles/171877,제35회 디. 페스타(토),Day1
창문을 넘어 재관국에 간 98세 노인,도링,Q-02,Q,02,,2sp,괴담에 떨어져도 출근을 해야 하는구나,,,현무1팀,류재관X최 요원,"섹슈얼,로맨틱",,"소설,기타,만화",@ehfld79,https://dongne.co/events/df2610/circles/172685,제35회 디. 페스타(토),Day1
99,김현서,Q-26a,Q,26,a,1sp,괴담에 떨어져도 출근을 해야 하는구나,주술회전,,,,,,,@99oods,https://dongne.co/events/df2610/circles/172217,제35회 디. 페스타(토),Day1
Alchemy Lab.,JunE,V-28,V,28,,2sp,볼트론:전설의 수호자,괴담에 떨어져도 출근을 해야 하는구나,,볼트론 전 시즌 등장인물,키스 코가네X시로가네 타카시,"로맨틱,섹슈얼",,"일러스트,소설",@fennecjune,https://dongne.co/events/df2610/circles/173471,제35회 디. 페스타(토),Day1
Apple pie Opera,씨소,C-18b,C,18,b,1sp,나의 히어로 아카데미아,"슬램덩크,닌타마 란타로 (닌자보이 란타로),전지적 독자 시점",,"바쿠고 카츠키,미도리야 이즈쿠,서태웅,강백호",바쿠고 카츠키X미도리야 이즈쿠,로맨틱,"태웅백호, 잣이사",일러스트,@ssiisaw,https://dongne.co/events/df2610/circles/171406,제35회 디. 페스타(토),Day1
복작복작 뷰(B)티풀 라(L)이프,셀로판지,S-32a,S,32,a,1sp,패션(PASSION),,,정태의,,해당없음,,기타,panjinaleu4574,https://dongne.co/events/df2610/circles/172098,제35회 디. 페스타(토),Day1
Blanc de Blanc,메타,G-15b,G,15,b,1sp,명탐정 코난,,,"후루야 레이,카자미 유우야,하기와라 치하야",후루야 레이X카자미 유우야,로맨틱,치하야 백합,"만화,일러스트",prayer_meta,https://dongne.co/events/df2610/circles/173655,제35회 디. 페스타(토),Day1
리버스: BOND (yes 장르 no 오타쿠),"화천, N",L-14a,L,14,a,1sp,"버디미션 BOND,리버스: 1999",,,"체슬리 니콜스,모쿠마 엔도,제멜바이스,로렐라이,발렌티나,호프만,마커스",,"로맨틱,섹슈얼","체슬모쿠, 황혼조, 호프마커",소설,"@HWA_1000, @sshlls",https://dongne.co/events/df2610/circles/171902,제35회 디. 페스타(토),Day1
오리지늄 C세포,HYUN,L-12,L,12,,2sp,명일방주,할로우나이트,,올캐릭터,,,,,,https://dongne.co/events/df2610/circles/172308,제35회 디. 페스타(토),Day1
Carmine red 닌자점,Carmine*,D-18,D,18,,2sp,나루토,,가이카카 쁘띠존 : 영원의 라이벌 코드 그린,하타케 카카시,마이트 가이X하타케 카카시,"로맨틱,섹슈얼",,"소설,기타",@syromire,https://dongne.co/events/df2610/circles/171853,제35회 디. 페스타(토),Day1
cerealBox,신월,S-24,S,24,,2sp,화산귀환,,당보청명 쁘띠존 : 깊디깊은 어둠 속에서 매화의 향은 더 깊어지는 법,청명,,,,,,https://dongne.co/events/df2610/circles/171450,제35회 디. 페스타(토),Day1
Cosmic Communications,SHIQI,E-12b,E,12,b,1sp,에일리언스테이지,,,이반x틸,이반X틸,섹슈얼,,"만화,기타",@capybara_roll,https://dongne.co/events/df2610/circles/173226,제35회 디. 페스타(토),Day1
외계인과 강아지cp 지지단체,왹띠,V-20,V,20,,2sp,이세계 착각 헌터,,기려하성 쁘띠존,"김기려,정하성",,로맨틱,,만화,@alien_ddi,https://dongne.co/events/df2610/circles/172565,제35회 디. 페스타(토),Day1
같은 CP 잡고 있습니다,.,M-19b,M,19,b,1sp,프로젝트 세카이 컬러풀 스테이지! feat.하츠네 미쿠,,,"카미시로 루이,텐마 츠카사",,로맨틱,,만화,,https://dongne.co/events/df2610/circles/172025,제35회 디. 페스타(토),Day1
Crotti,kitami,H-07,H,07,,2sp,원피스,아이실드21,,,,,,,,https://dongne.co/events/df2610/circles/171645,제35회 디. 페스타(토),Day1
마블&DC 코믹스,WE,V-23,V,23,,2sp,DC코믹스,마블,,제이슨 토드,,,,일러스트,@WE_5104,https://dongne.co/events/df2610/circles/172405,제35회 디. 페스타(토),Day1
명조와 DC코믹스 그리고 미소녀 덕후,"수진, MJ, 죠",C-05,C,05,,2sp,"명조,DC코믹스,오리지널(1차),피타텐",,,,,로맨틱,방랑자왼,"공예,일러스트",@ifekusa @my_northstar @jiyo1205,https://dongne.co/events/df2610/circles/173608,제35회 디. 페스타(토),Day1
Dddd,1231,I-19b,I,19,b,1sp,사이버펑크,,,브이,,,,,ddccddccddccdd,https://dongne.co/events/df2610/circles/172276,제35회 디. 페스타(토),Day1
D-Esper,케링,U-26a,U,26,a,1sp,슬램덩크,주술회전,,서태웅,,"로맨틱,섹슈얼","고죠후시,하치리드",,d_esper_,https://dongne.co/events/df2610/circles/171369,제35회 디. 페스타(토),Day1
Donguri_milk,라일리,C-03,C,03,,2sp,데뷔 못 하면 죽는 병 걸림,,,,,,,공예,,https://dongne.co/events/df2610/circles/172130,제35회 디. 페스타(토),Day1
DONUT UNIVERSE,TN,B-18,B,18,,2sp,트라이건,,,,울프우드X밧슈,,,,,https://dongne.co/events/df2610/circles/172222,제35회 디. 페스타(토),Day1
더블E,무라이,T-33,T,33,,2sp,천관사복,"란마1/2,천관사복,묵독",,"사련,화성,란마,아카네,러원저우,페이두",,로맨틱,"러원저우x페이두, 란마x아카네, 화성x사련",,@Murai_ok,https://dongne.co/events/df2610/circles/171624,제35회 디. 페스타(토),Day1
Endless Dream,루다,O-24,O,24,,2sp,괴담에 떨어져도 출근을 해야 하는구나,,,"최 요원,류재관",최요원X류재관,,,,luda_urbanmyth ,https://dongne.co/events/df2610/circles/171651,제35회 디. 페스타(토),Day1
"닌타마, 뱅드림, 그리고 명문고 EX급 조연의 리플레이",서리,S-06,S,06,,2sp,명문고 EX급 조연의 리플레이,"뱅드림!,닌자보이 란타로",,"황호,조의신",황호X조의신,,,소설,vesperi004,https://dongne.co/events/df2610/circles/172606,제35회 디. 페스타(토),Day1
박카스F,bibi,T-22b,T,22,b,1sp,어두운바다의등불이되어(어바등),"앙상블 스타즈,괴담에 떨어져도 출근을 해야 하는구나",,,,해당없음,,만화,,https://dongne.co/events/df2610/circles/171389,제35회 디. 페스타(토),Day1
Filament way,α,B-23b,B,23,b,1sp,"닥터스톤,Dr.stone",,,"이시가미 센쿠,아사기리 겐",이시가미 센쿠X아사기리 겐,"로맨틱,섹슈얼",,만화,,https://dongne.co/events/df2610/circles/172814,제35회 디. 페스타(토),Day1
FUB not free,사츠,J-10a,J,10,a,1sp,블리치,역전재판,"블리치 쁘띠존 - 어서와라, 나의 블리치 쁘띠존에",,이시다 우류X쿠로사키 이치고,,,"만화,일러스트",watashixore,https://dongne.co/events/df2610/circles/172785,제35회 디. 페스타(토),Day1
Girl's angelic chocol@te,qpd,E-29,E,29,,2sp,"포켓몬스터,마법소녀 마도카★마기카(마마마)",,,,,,,,@qpdnet,https://dongne.co/events/df2610/circles/173452,제35회 디. 페스타(토),Day1
Glitch,Glitch,E-02a,E,02,a,1sp,창작,"오리지널,미쿠,하츠네미쿠,보컬로이드",,미쿠,,,,"일러스트,공예",인스타: zon9lu / 트위터: GlitchD99,https://dongne.co/events/df2610/circles/172766,제35회 디. 페스타(토),Day1
Guns N’ Roses,보,G-30a,G,30,a,1sp,스파이패밀리,,스파패 쁘띠존 - MISSION: 오퍼레이션 <쁘띠존>을 완수하라 2,,,,,,@bo_oo0o,https://dongne.co/events/df2610/circles/172408,제35회 디. 페스타(토),Day1
GYURI,김규리,V-12a,V,12,a,1sp,하이큐!!,,,,,,,,,https://dongne.co/events/df2610/circles/171467,제35회 디. 페스타(토),Day1
HAMA에선 주임인 내가 에오르제아에선 빛의 전사라고?!,바,J-19,J,19,,2sp,"18TRIP,18TRIP (에이트리),18TRIP (エイトリ)",파이널판타지14 (FF14. 파판14),,,,해당없음,,"일러스트,기타,게임,만화",HalBab_404,https://dongne.co/events/df2610/circles/172614,제35회 디. 페스타(토),Day1
hyeongababy,철퇴,L-24b,L,24,b,1sp,아이돌리쉬 세븐,,,"이즈미 이오리,요츠바 타마키,고딩조,이스미 하루카",요츠바 타마키X이즈미 이오리,"섹슈얼,로맨틱",,,@hyeongababy,https://dongne.co/events/df2610/circles/172033,제35회 디. 페스타(토),Day1
IAGO,IAGO(이아고),D-01,D,01,,2sp,,,,,,,,만화,postiago,https://dongne.co/events/df2610/circles/171531,제35회 디. 페스타(토),Day1
in the forest,침낭,C-20a,C,20,a,1sp,원펀맨,"슬램덩크,마블,쿠로코의 농구",,,제노스X사이타마,로맨틱,"적먹, 태웅백호, 스토니",만화,@_bedclothes,https://dongne.co/events/df2610/circles/173850,제35회 디. 페스타(토),Day1
it's 도박타임(not gamble),동차,K-06a,K,06,a,1sp,페르소나 4,,,"아다치 토오루,도지마 료타로",아다치 토오루X도지마 료타로,로맨틱,,"일러스트,만화",car_10001,https://dongne.co/events/df2610/circles/172401,제35회 디. 페스타(토),Day1
KIRING,KIRING,J-15,J,15,,2sp,"체인소맨,붕괴: 스타레일,림버스 컴퍼니",장송의 프리렌,,"아키,천사의 악마",아키X천사의 악마,"해당없음,로맨틱",,,@kiring_xox,https://dongne.co/events/df2610/circles/172699,제35회 디. 페스타(토),Day1
kiwiland,ini,Q-26b,Q,26,b,1sp,괴담에 떨어져도 출근을 해야 하는구나,전독시,,,,,,일러스트,,https://dongne.co/events/df2610/circles/171393,제35회 디. 페스타(토),Day1
KOTOHANABI,KOTOHA,I-01,I,01,,2sp,우마무스메,"괴담에 떨어져도 출근을 해야 하는구나,데뷔 못 하면 죽는 병 걸림",,,,해당없음,,,@kotohanabi,https://dongne.co/events/df2610/circles/171482,제35회 디. 페스타(토),Day1
Life=GAME,hsgz,K-11,K,11,,2sp,"붕괴: 스타레일,마비노기",1차창작품,,"마이데이,파이논,로완,미히엘",파이논X마이데이,해당없음,,"일러스트,기타",@hsgz_bbsi,https://dongne.co/events/df2610/circles/172513,제35회 디. 페스타(토),Day1
Liquid Hydrogen,ENKI,C-19b,C,19,b,1sp,충사,"주술회전,하이큐!!",,"깅코,고죠 사토루,게토 스구루",,,,"만화,일러스트",,https://dongne.co/events/df2610/circles/171414,제35회 디. 페스타(토),Day1
Lovely Mix,Lovely Mix,Q-27b,Q,27,b,1sp,괴담에 떨어져도 출근을 해야 하는구나,"화산귀환,전독시,내스급",,,,,,,@LovelyMix_,https://dongne.co/events/df2610/circles/171646,제35회 디. 페스타(토),Day1
Midnight Blue,세르웬,M-04,M,04,,2sp,프로젝트 세카이 컬러풀 스테이지! feat.하츠네 미쿠,,,,텐마 츠카사X오오토리 에무,"섹슈얼,로맨틱",루이네네,"일러스트,만화",@serrewen,https://dongne.co/events/df2610/circles/173177,제35회 디. 페스타(토),Day1
미미유(MimiU),최보미,V-33b,V,33,b,1sp,,,,,,해당없음,,"일러스트,기타",인스타 @_mi_mi_u_,https://dongne.co/events/df2610/circles/173484,제35회 디. 페스타(토),Day1
스파패 쁘띠존 - MISSION: 오퍼레이션 <쁘띠존>을 완수하라 2 주최부스,,G-31,G,31,,2sp,,,스파패 쁘띠존 - MISSION: 오퍼레이션 <쁘띠존>을 완수하라 2,,,,,,,https://dongne.co/events/df2610/circles/180114,제35회 디. 페스타(토),Day1
Mystic Forest,미스틱,O-20b,O,20,b,1sp,괴담에 떨어져도 출근을 해야 하는구나,,,"김솔음,최 요원",최 요원X김솔음,로맨틱,,만화,@mystic_locked,https://dongne.co/events/df2610/circles/172199,제35회 디. 페스타(토),Day1
개천절n,물,V-31b,V,31,b,1sp,,,,,,,,,,https://dongne.co/events/df2610/circles/171892,제35회 디. 페스타(토),Day1
Near the piece,즈피,B-24,B,24,,2sp,Dr.stone,,,아사기리 겐,이시가미 센쿠X아사기리 겐,로맨틱,"아사기리 겐×이시가미 센쿠, 스탠리 스나이더×제노 윙필드",소설,pg_od_n1ght,https://dongne.co/events/df2610/circles/171638,제35회 디. 페스타(토),Day1
NO弱者尊,율무,S-08,S,08,,2sp,화산귀환,,당보청명 쁘띠존 : 깊디깊은 어둠 속에서 매화의 향은 더 깊어지는 법,"당보,청명",,로맨틱,,"일러스트,만화",@yulmu_0131,https://dongne.co/events/df2610/circles/172312,제35회 디. 페스타(토),Day1
아무튼 행복하면 ok입니다,관,Q-06a,Q,06,a,1sp,괴담에 떨어져도 출근을 해야 하는구나,,,"류재관,최 요원",류재관X최 요원,로맨틱,,소설,@anjgktpagent,https://dongne.co/events/df2610/circles/172713,제35회 디. 페스타(토),Day1
미친 그림러 모드 on,구마린,L-05,L,05,,2sp,파이널판타지14,"1차 창작,무기미도,관을 가진 신의 손",,,,,,,@Coumarinnn,https://dongne.co/events/df2610/circles/172081,제35회 디. 페스타(토),Day1
OneStar ,Kuuze,Q-27a,Q,27,a,1sp,괴담에 떨어져도 출근을 해야 하는구나,,,,,,,,@kuuze_101,https://dongne.co/events/df2610/circles/172243,제35회 디. 페스타(토),Day1
                                                                                                                                                                                               ONLY GOGE,사뿐,E-17,E,17,,2sp,주술회전,,,"고죠 사토루,게토 스구루",고죠 사토루X게토 스구루,"로맨틱,섹슈얼",,만화,only_death_only,https://dongne.co/events/df2610/circles/172322,제35회 디. 페스타(토),Day1
oO(상상중),해사백,O-20a,O,20,a,1sp,괴담에 떨어져도 출근을 해야 하는구나,,,"최 요원,김솔음",최요원X김솔음,"섹슈얼,로맨틱",재관솔음,,,https://dongne.co/events/df2610/circles/173661,제35회 디. 페스타(토),Day1
p들의 부스,진,B-29,B,29,,2sp,,,,,,,,공예,@jin_fierce,https://dongne.co/events/df2610/circles/172381,제35회 디. 페스타(토),Day1
P13으로 살아남기,리셰,K-09a,K,09,a,1sp,붕괴: 스타레일,,레이츄린 쁘띠존,"Dr. 레이시오,어벤츄린",Dr. 레이시오X어벤츄린,로맨틱,,"만화,일러스트",ritblackstar_24,https://dongne.co/events/df2610/circles/172550,제35회 디. 페스타(토),Day1
Qterw-■-■■,도시호,"R-20, R-21",R,20,,4sp,괴담에 떨어져도 출근을 해야 하는구나,화산귀환,,"김솔음,최 요원,이자헌,백사헌,호유원,J3,등",,,,소설,@Deneb_BG,https://dongne.co/events/df2610/circles/172683,제35회 디. 페스타(토),Day1
Rabbit Hole☆,hooneu,G-06a,G,06,a,1sp,유희왕 DM,,,"어둠의 유우기(아템),무토 유우기",어둠의 유우기(아템)X무토 유우기,"로맨틱,섹슈얼",,만화,@hooneu777,https://dongne.co/events/df2610/circles/173678,제35회 디. 페스타(토),Day1
RAKUEN,raku,C-15a,C,15,a,1sp,트라이건,,,"밧슈,나이브스",나이브스X밧슈,"로맨틱,섹슈얼",,"만화,일러스트",@raku7560,https://dongne.co/events/df2610/circles/172260,제35회 디. 페스타(토),Day1
어두운 바다의 S급이 되,라낙,T-19,T,19,,2sp,어두운 바다의 등불이 되어,내가 키운 S급들,,"박무현 신해량 서지혁 등,한유진 한유현 성현제 등",신해량X박무현,"로맨틱,섹슈얼",,일러스트,rkgk_monolog,https://dongne.co/events/df2610/circles/171412,제35회 디. 페스타(토),Day1
SCP 재단,사람,V-24,V,24,,2sp,SCP 재단,,,"아이스버그,기어스",,"로맨틱,섹슈얼",,소설,Lord__person,https://dongne.co/events/df2610/circles/171914,제35회 디. 페스타(토),Day1
sidewalk,mino,A-23b,A,23,b,1sp,포켓몬스터 스칼렛·바이올렛,,,"테사,청목",청목X테사,로맨틱,,만화,dorong_mino,https://dongne.co/events/df2610/circles/173749,제35회 디. 페스타(토),Day1
Sidework,도담,P-12,P,12,,2sp,괴담에 떨어져도 출근을 해야 하는구나,치이카와,,,이자헌X김솔음,"로맨틱,섹슈얼",,"만화,일러스트",@Dodaam_,https://dongne.co/events/df2610/circles/172018,제35회 디. 페스타(토),Day1
Summer Never Dies,"BAECCI(배찌), ISeaU",F-02,F,02,,2sp,더 퍼스트 슬램덩크,주술회전,,,송태섭X정대만,,고죠x후시,"일러스트,소설",@bae_cci1209 @magamimback,https://dongne.co/events/df2610/circles/171584,제35회 디. 페스타(토),Day1
T,TOR,U-31,U,31,,2sp,,,,,,,,,softyor_tor,https://dongne.co/events/df2610/circles/171431,제35회 디. 페스타(토),Day1
Tea Party!,Tea,T-06a,T,06,a,1sp,백작가의 망나니가 되었다,,,"케일 헤니투스,최한",최한X케일 헤니투스,"로맨틱,섹슈얼",,만화,_Tea_Thyme,https://dongne.co/events/df2610/circles/172517,제35회 디. 페스타(토),Day1
tk,tk,E-13,E,13,,2sp,"윈드 브레이커 (윈브레),에일리언스테이지",,,,,,,,,https://dongne.co/events/df2610/circles/173248,제35회 디. 페스타(토),Day1
TURN BACK THE FRIEND,정명,I-18,I,18,,2sp,블리치,,"블리치 쁘띠존 - 어서와라, 나의 블리치 쁘띠존에","아이젠,이치마루,히라코,유그람 하쉬발트,버즈비",유그람 하쉬발트X버즈비,섹슈얼,,"만화,일러스트",7tt77t,https://dongne.co/events/df2610/circles/171591,제35회 디. 페스타(토),Day1
Two Rabbits & 자몽공방 ,Rabbits,B-01,B,01,,2sp,,,,,,,,"공예,기타",,https://dongne.co/events/df2610/circles/171477,제35회 디. 페스타(토),Day1
다음 개척지는 UNHRDO-061029,해왕성인,F-10,F,10,,2sp,붕괴: 스타레일,패션(PASSION),,,,,,일러스트,@Asss_314,https://dongne.co/events/df2610/circles/172452,제35회 디. 페스타(토),Day1
해적을 믿기 vs 해저기지를 믿기,"이소, 몽땅","H-11, H-12",H,11,,4sp,"원피스,어두운 바다의 등불이 되어",,,,,,,일러스트,,https://dongne.co/events/df2610/circles/172089,제35회 디. 페스타(토),Day1
모브사이코를 믿기 vs 모터사이클을 믿기,가토,A-21,A,21,,2sp,"모브사이코100,몹싸","명탐정 코난,코난,우마무스메",,,카게야마 시게오X타카네 츠보미,로맨틱,"타케토메, 세리레이, 포케후지, 치하아사","만화,소설",,https://dongne.co/events/df2610/circles/173355,제35회 디. 페스타(토),Day1
warm&happy,므옹,F-01,F,01,,2sp,,아이돌리쉬 세븐,,,,,,,@mong6681,https://dongne.co/events/df2610/circles/171567,제35회 디. 페스타(토),Day1
귤미 친구 별미 with보리 ~닌자가 되기VS듀얼리스트가 되기~,"귤미, 별미",G-25,G,25,,2sp,"닌자보이 란타로,유희왕",,,,,해당없음,,,,https://dongne.co/events/df2610/circles/172563,제35회 디. 페스타(토),Day1
wv집,LOCS,B-19,B,19,,2sp,트라이건,,,"니콜라스 D 울프우드,밧슈 더 스탬피드",울프우드X밧슈,"로맨틱,섹슈얼",,,@locco0126,https://dongne.co/events/df2610/circles/172532,제35회 디. 페스타(토),Day1
xoxo_xoxo,구남,A-14,A,14,,2sp,은혼 헌터x헌터,사카모토데이즈 괴수8호,,,,,,일러스트,@qnamxoxo,https://dongne.co/events/df2610/circles/171409,제35회 디. 페스타(토),Day1
zw,JC,E-14b,E,14,b,1sp,도쿄리벤저스,,,,,,,"만화,일러스트",,https://dongne.co/events/df2610/circles/171610,제35회 디. 페스타(토),Day1
超新星,현,V-14a,V,14,a,1sp,이세계 착각 헌터,,기려하성 쁘띠존,"김기려,정하성",,"로맨틱,섹슈얼",,소설,@hyun_2d,https://dongne.co/events/df2610/circles/171912,제35회 디. 페스타(토),Day1
~웨딩섬에서 생긴일~,햄햄,Q-28b,Q,28,b,1sp,오오에,,,,,,,게임,@0HAM1HAM0,https://dongne.co/events/df261002/circles/179487,제35회 디. 페스타(일),Day2
-,SIGN,T-11,T,11,,2sp,,,,,,,,"기타,일러스트",@sig_of,https://dongne.co/events/df261002/circles/179410,제35회 디. 페스타(일),Day2
-,ssu,T-30,T,30,,2sp,,,,,,해당없음,,,@sb1oo4,https://dongne.co/events/df261002/circles/174426,제35회 디. 페스타(일),Day2
-,"마낙, 임사",P-30,P,30,,2sp,오오에,페르소나 5 더 로열,,,,해당없음,,,"manakk_9,  sasa_sda_2",https://dongne.co/events/df261002/circles/176131,제35회 디. 페스타(일),Day2
???아니 그냥 아무이유없이 부스 해야지 하고 하신거란건가요??,외지인,Q-06a,Q,06,a,1sp,오오에,고서점가의 하시히메,,,,,,,@out1and,https://dongne.co/events/df261002/circles/180210,제35회 디. 페스타(일),Day2
??아니 그냥 아무이유없이 차강 해야지,박봉길,C-15b,C,15,b,1sp,너희들은 변호됐다,,,"차주한,강민재",차주한X강민재,,,소설,0O0OlIlI99,https://dongne.co/events/df261002/circles/174274,제35회 디. 페스타(일),Day2
.,.,C-09,C,09,,2sp,트랜스포머,,,,,,,,,https://dongne.co/events/df261002/circles/179387,제35회 디. 페스타(일),Day2
.,,U-12,U,12,,2sp,,,,,,,,일러스트,,https://dongne.co/events/df261002/circles/174979,제35회 디. 페스타(일),Day2
지,지,Q-08b,Q,08,b,1sp,오오에,,,"오오사키,타케시바",오오사키X타케시바,,,,jii9254,https://dongne.co/events/df261002/circles/174345,제35회 디. 페스타(일),Day2
숲 공방,야엉,F-28,F,28,,2sp,,,,,,,,,@aong_illust,https://dongne.co/events/df261002/circles/175206,제35회 디. 페스타(일),Day2
흙 속의 인디고,김민정,B-01a,B,01,a,1sp,,,,,,,,,,https://dongne.co/events/df261002/circles/174304,제35회 디. 페스타(일),Day2
난 내거야,wo,F-20,F,20,,2sp,포켓몬스터,슬램덩크,,,,,,,,https://dongne.co/events/df261002/circles/174306,제35회 디. 페스타(일),Day2
단 스토어,나나연,B-09,B,09,,2sp,괴담에 떨어져도 출근을 해야 하는구나,리그오브레전드,,,,,,,danillust_,https://dongne.co/events/df261002/circles/179150,제35회 디. 페스타(일),Day2
안 가리고 다 하는 게임중독자,"이노, 꿈자",P-28,P,28,,2sp,"오오에,고서점가의 하시히메,명일방주,포켓몬스터,할로우나이트,실크송",,,,,,,,@kiminoxie @dolbanclub,https://dongne.co/events/df261002/circles/174596,제35회 디. 페스타(일),Day2
왜 갑자기 멜디를 처담아,보나,S-05,S,05,,2sp,앙상블 스타즈,,,츠즈라 치토세,쿠온 마슈X츠즈라 치토세,"로맨틱,섹슈얼","노조쥬,린니키",,,https://dongne.co/events/df261002/circles/179681,제35회 디. 페스타(일),Day2
이 아버지가 네 아버지냐,갱생,P-12a,P,12,a,1sp,오오에,,,,오오사키X다이바 시즈마,,,,,https://dongne.co/events/df261002/circles/174822,제35회 디. 페스타(일),Day2
와 프리파라다,SanYang,D-07,D,07,,2sp,프리파라,"단간론파,페르소나 시리즈,프리티 시리즈,단간론파 어나더",,,,,,"만화,일러스트",CKM_18oz,https://dongne.co/events/df261002/circles/173713,제35회 디. 페스타(일),Day2
희:삐아체레,김보경,C-21,C,21,,2sp,화산귀환,,,,,,,공예,,https://dongne.co/events/df261002/circles/174281,제35회 디. 페스타(일),Day2
오!오래오래 오!롯이 동인력 하나로! 에!에필로그까지 말아 드리겠습니다!,공공팔,P-09,P,09,,2sp,오오에,"배드 애플,사카모토데이즈",,"오오사키 히이로,다이바 시즈마,오오사키,시즈마",오오사키 히이로X다이바 시즈마,"로맨틱,섹슈얼","로렌우노, 로렌리안","소설,만화,일러스트",@zerrrrrr8,https://dongne.co/events/df261002/circles/174333,제35회 디. 페스타(일),Day2
오. 안대썼네,섬진,P-34b,P,34,b,1sp,오오에,,,"오오사키,신바시",오오사키X신바시,로맨틱,,,@sobose_jin,https://dongne.co/events/df261002/circles/174409,제35회 디. 페스타(일),Day2
챠&루,Ru,F-14b,F,14,b,1sp,포켓몬,수공예,,포켓몬,,,,,letsgoRuRu,https://dongne.co/events/df261002/circles/179506,제35회 디. 페스타(일),Day2
고게,무루,D-19a,D,19,a,1sp,주술회전,,,"고죠 사토루,게토 스구루",고죠 사토루X게토 스구루,,,만화,572and572,https://dongne.co/events/df261002/circles/175478,제35회 디. 페스타(일),Day2
고고,롱이,F-27,F,27,,2sp,히카루의 바둑(이하 고스트 바둑왕),은혼,,,,,,,,https://dongne.co/events/df261002/circles/179295,제35회 디. 페스타(일),Day2
냐냐,나나,T-21,T,21,,2sp,,,,,,,,일러스트,,https://dongne.co/events/df261002/circles/175189,제35회 디. 페스타(일),Day2
은은,포실 ,F-06,F,06,,2sp,은혼,"망나니 PD 아이돌로 살아남기,데뷔 못 하면 죽는 병 걸림",,,,,,,@bposil,https://dongne.co/events/df261002/circles/179246,제35회 디. 페스타(일),Day2
젤리,젤리,D-12,D,12,,2sp,주술회전,,,,,,,,,https://dongne.co/events/df261002/circles/175180,제35회 디. 페스타(일),Day2
천사,나팔 부는 천사,F-09b,F,09,b,1sp,"헌터x헌터,케이온,페르소나 시리즈",,,,,,,,ppuppuangel,https://dongne.co/events/df261002/circles/181184,제35회 디. 페스타(일),Day2
콤보,3콤보,Q-08a,Q,08,a,1sp,오오에,,,"오오사키,타케시바,오오타케",오오사키X타케시바,"로맨틱,섹슈얼",,"만화,기타",@Ooehand,https://dongne.co/events/df261002/circles/174942,제35회 디. 페스타(일),Day2
텐니~~♡♡♡♡♡♡♡ 모오... 리쿳따라,치케,D-06a,D,06,a,1sp,아이돌리쉬 세븐,"가쿠마스,반짝이는 프리채널",,,나나세 리쿠X쿠죠 텐,로맨틱,,만화,@chike_i7,https://dongne.co/events/df261002/circles/174299,제35회 디. 페스타(일),Day2
쭈욱~♡쭉♡쭉♡♡,민섬이,Q-24a,Q,24,a,1sp,오오에,,,오오사키,오오사키X아리아케,"로맨틱,섹슈얼",,,@ooe_muing,https://dongne.co/events/df261002/circles/174446,제35회 디. 페스타(일),Day2
안냉 ,랭 ,C-15a,C,15,a,1sp,,,,,,,,,,https://dongne.co/events/df261002/circles/174641,제35회 디. 페스타(일),Day2
돌은 락,찌락 벽돌,Q-11,Q,11,,2sp,"오오에,고스트 바둑왕,집이 없어,히카루의 바둑",,,"오오사키,타케시바,고해준,백은영,고영하,홍수영,안태선",오오사키X타케시바,"로맨틱,섹슈얼","태선영하, 수영영하, 해준은영, 대빈민조(NCP)","만화,소설,일러스트","@JJL_otaku, @My_CP_is_right ",https://dongne.co/events/df261002/circles/174132,제35회 디. 페스타(일),Day2
깊은 산 속 옹달샘,총당,D-22b,D,22,b,1sp,아이돌리쉬 세븐,"잭잔느,페르소나 3/4/5",,,,,,일러스트,@i7_chongD,https://dongne.co/events/df261002/circles/174059,제35회 디. 페스타(일),Day2
돼지 두 마리,여빌,D-28,D,28,,2sp,,,,,,,,일러스트,@yeovillain,https://dongne.co/events/df261002/circles/175505,제35회 디. 페스타(일),Day2
건빵 한 봉지 ,이건영,D-01b,D,01,b,1sp,"오리지널 창작 SF,오리지널 창작",앙상블 스타즈,,이츠키 슈 카게히라 미카,카게히라 미카X이츠키 슈,로맨틱,,일러스트,@drybread44,https://dongne.co/events/df261002/circles/174225,제35회 디. 페스타(일),Day2
—는 늘 밥을 해줬어,"세알, 사천",C-14a,C,14,a,1sp,"던전을 그리는 화가,명일방주",,,,,,,일러스트,,https://dongne.co/events/df261002/circles/179787,제35회 디. 페스타(일),Day2
돈이 안 돼도 주종하는 걸 보여주겠다,쿠쿠,T-24a,T,24,a,1sp,브레이크 마이 케이스(ブレマイ),,,"온다 토모세,니이나 유우,카미야,마나미 우라라",온다 토모세X니이나 유우,로맨틱,카미야X마나미 우라라,"소설,일러스트",@brmy_cockoo,https://dongne.co/events/df261002/circles/174809,제35회 디. 페스타(일),Day2
규격 외 로맨스 취급소,이삼,C-29a,C,29,a,1sp,"1차 창작,창작,오리지널 창작",,,,,,,"만화,일러스트,소설",6_e_sam,https://dongne.co/events/df261002/circles/175338,제35회 디. 페스타(일),Day2
어이 군! 기초 교양이 없는데 이 부스에 오는 게 아니야!,금갈치,E-21,E,21,,2sp,"포켓몬,용과같이,오오에,신도림,테일즈런너,만달로리안과 그로구,더 라스트 오브 어스,왕좌의게임,킹스맨",,,,,,미정(추가예정),일러스트,GOLDGALCHI,https://dongne.co/events/df261002/circles/174027,제35회 디. 페스타(일),Day2
검은 새벽,,E-04b,E,04,b,1sp,,,,,,,,일러스트,,https://dongne.co/events/df261002/circles/174850,제35회 디. 페스타(일),Day2
나는 백합,opi,C-11,C,11,,2sp,뱅드림! 걸즈 밴드 파티,"히프노시스마이크(히프마이),아가씨",,,오쿠사와 미사키X마츠바라 카논,로맨틱,"아오히츠키 네무x케이토인 호노보노, 남숙희x이즈미 히데코",만화,@kumajelly_1512,https://dongne.co/events/df261002/circles/173932,제35회 디. 페스타(일),Day2
이름 미정,소왁왱,G-02a,G,02,a,1sp,혈계전선,,,,재프 렌프로X레오나르도 워치,로맨틱,,만화,@yu5Vt_,https://dongne.co/events/df261002/circles/178966,제35회 디. 페스타(일),Day2
레디 오알 낫,만듀,P-14,P,14,,2sp,오오에,,,,오오사키X아리아케,"로맨틱,섹슈얼",,,,https://dongne.co/events/df261002/circles/175152,제35회 디. 페스타(일),Day2
제가 회지 낼 시간이 없지 가오가 없겠습니까,시오,C-14b,C,14,b,1sp,던전을 그리는 화가 (던그화),블랙배저,,"힐데베르트,지오",,"로맨틱,섹슈얼",,"만화,소설,일러스트",dankixio,https://dongne.co/events/df261002/circles/179114,제35회 디. 페스타(일),Day2
상자 속의 상자,Lidaniel ,C-28a,C,28,a,1sp,니지산지,수공예,,,,,,,,https://dongne.co/events/df261002/circles/174293,제35회 디. 페스타(일),Day2
우리 악마 사냥 사무소 정상 영업 합니다,피자,T-27,T,27,,2sp,데빌 메이 크라이,,,"버질(DMC),단테(DMC),네로(DMC)",네로(DMC)X단테(DMC),"로맨틱,해당없음",,"만화,기타",@pizzaaschoolll @AKWO_DMC,https://dongne.co/events/df261002/circles/174341,제35회 디. 페스타(일),Day2
볕이 드는 언덕길,쿠렌,A-08a,A,08,a,1sp,괴담에 떨어져도 출근을 해야 하는구나,"은혼,가치아쿠타",,,,,,,,https://dongne.co/events/df261002/circles/174545,제35회 디. 페스타(일),Day2
돈은 없고 굿즈는 있다,화랑,B-07,B,07,,2sp,괴담출근 보컬로이드,"단간론파,전지적 독자 시점",,"<괴담에 떨어져도 출근을 해야 하는구나> 작 중 캐릭터,프로젝트 내 캐릭터 전원,보컬로이드,아이카츠",,해당없음,,,@Hwa1an9,https://dongne.co/events/df261002/circles/175422,제35회 디. 페스타(일),Day2
아니 내가 마이너를 잡은게 아니라 쟤네가 먼저,삼나무,C-23a,C,23,a,1sp,"윈드브레이커,주술회전",,,,,,,,,https://dongne.co/events/df261002/circles/175474,제35회 디. 페스타(일),Day2
우리 부스 영업합니다,주히,T-08,T,08,,2sp,"러브앤딥스페이스,하이큐!!",,,"심성훈,텐도 사토리",,"로맨틱,섹슈얼",,"소설,일러스트",,https://dongne.co/events/df261002/circles/174576,제35회 디. 페스타(일),Day2
"좋은 부스, 나쁜 부스, 이상한 부스",거니/따자,U-34a,U,34,a,1sp,좋은놈 나쁜놈 이상한놈,"한국영화,호프",,"박창이,쌍칼",쌍칼X박창이,로맨틱,,"만화,일러스트",,https://dongne.co/events/df261002/circles/179294,제35회 디. 페스타(일),Day2
국산 오타쿠,피나토,A-22b,A,22,b,1sp,"괴담출근 등,괴담출근 데못죽",전지적 독자 시점,,,,,,,,https://dongne.co/events/df261002/circles/174826,제35회 디. 페스타(일),Day2
미니 르블랑,아에,R-13,R,13,,2sp,페르소나 5 더 로열,,,"주인공(페르소나5),아케치 고로,마음의 괴도단",주인공(페르소나5)X아케치 고로,"로맨틱,섹슈얼",,"만화,일러스트,소설,공예",khktrain,https://dongne.co/events/df261002/circles/174098,제35회 디. 페스타(일),Day2
관측 가능한 우주,ZHR100,S-11,S,11,,2sp,리버스: 1999,,,"버틴,소네트",버틴X소네트,로맨틱,"이졸카, 윈빌",만화,,https://dongne.co/events/df261002/circles/175119,제35회 디. 페스타(일),Day2
작은 아이와 돈까스,콰당,R-23,R,23,,2sp,원신,,,,로엔X바르카,로맨틱,,만화,,https://dongne.co/events/df261002/circles/174756,제35회 디. 페스타(일),Day2
삶은 고해다 하지만 우린 언제나,이일,E-09,E,09,,2sp,거침없이 하이킥!,유희왕 DM,,"이민용,서민정,이윤호",,로맨틱,,"만화,일러스트",atthe0to1,https://dongne.co/events/df261002/circles/174881,제35회 디. 페스타(일),Day2
곰신 커뮤니티,민간인,S-07a,S,07,a,1sp,"콜 오브 듀티,Call of duty",,,"고스트,크루거,호랑이(김홍진)",,해당없음,,게임,@gaemichinn__,https://dongne.co/events/df261002/circles/175272,제35회 디. 페스타(일),Day2
아주 가능하지,독독,Q-29a,Q,29,a,1sp,오오에,오리지널,,,,,,만화,dokdok_sumnol ,https://dongne.co/events/df261002/circles/174577,제35회 디. 페스타(일),Day2
슬뎀 재밌으니 해보세요,,R-30a,R,30,a,1sp,슬로우데미지,오오에,,,,,,,,https://dongne.co/events/df261002/circles/174247,제35회 디. 페스타(일),Day2
"박사, 내가 그리웠어?",S,T-17a,T,17,a,1sp,명일방주,,,미즈키,,,,,,https://dongne.co/events/df261002/circles/177391,제35회 디. 페스타(일),Day2
분노! 우울··· 배신감!!,패트와 매트,A-08b,A,08,b,1sp,괴담에 떨어져도 출근을 해야 하는구나,"젤다의 전설,은혼,디지캐럿,어바등,은행원도 용꿈을 꾸나요",,,,,,"기타,일러스트",gigigoeg,https://dongne.co/events/df261002/circles/174258,제35회 디. 페스타(일),Day2
철썩... 철썩... 철썩...,abr,Q-01b,Q,01,b,1sp,오오에,파이어 엠블렘 풍화설월,,"오오사키,아오미,오오에 올캐",,,,"소설,기타",,https://dongne.co/events/df261002/circles/174292,제35회 디. 페스타(일),Day2
국바(국내바둑),곽진우,G-06,G,06,,2sp,히카루의 바둑,,,,홍수영X고영하,로맨틱,,"만화,소설",jinwoo42459,https://dongne.co/events/df261002/circles/181169,제35회 디. 페스타(일),Day2
밀루&어?새다.,밀루,D-04,D,04,,2sp,,,,,,,,,,https://dongne.co/events/df261002/circles/179633,제35회 디. 페스타(일),Day2
고요한,고요한,T-19a,T,19,a,1sp,,,,,,,,만화,goyohan2752,https://dongne.co/events/df261002/circles/176278,제35회 디. 페스타(일),Day2
괴담밥,,A-15,A,15,,2sp,괴담에 떨어져도 출근을 해야 하는구나,던전밥,,,,해당없음,,공예,@baeyuno20,https://dongne.co/events/df261002/circles/174708,제35회 디. 페스타(일),Day2
굿만동,전혜은,F-17,F,17,,2sp,"스플래툰 시리즈,붕괴: 스타레일","프로젝트 세카이 컬러풀 스테이지! feat.하츠네 미쿠,홀로라이브 리글로스,쿠키런,델타룬",,,,,,,,https://dongne.co/events/df261002/circles/175156,제35회 디. 페스타(일),Day2
굿만동,정혜원,G-22,G,22,,2sp,"닌자보이 란타로,앙상블 스타즈,히카고",,,,,해당없음,,일러스트,,https://dongne.co/events/df261002/circles/181134,제35회 디. 페스타(일),Day2
기린닭,,B-28b,B,28,b,1sp,잔불의 기사,,,"지우스,와론",지우스X와론,,,소설,@goodstuff101011,https://dongne.co/events/df261002/circles/179849,제35회 디. 페스타(일),Day2
냐냐냥,심마,C-13a,C,13,a,1sp,어두운바다의등불이되어(어바등),오오에,,,,로맨틱,,,,https://dongne.co/events/df261002/circles/174986,제35회 디. 페스타(일),Day2
냥왕성,오처,P-05b,P,05,b,1sp,오오에,,,,오오사키X신바시,,,소설,,https://dongne.co/events/df261002/circles/173730,제35회 디. 페스타(일),Day2
딸기밭,,T-04a,T,04,a,1sp,히프노시스마이크,,,"츠츠지모리 로쇼,누루데 사사라",츠츠지모리 로쇼X누루데 사사라,로맨틱,,,,https://dongne.co/events/df261002/circles/174286,제35회 디. 페스타(일),Day2
라라교,권하경,E-12b,E,12,b,1sp,"트라이건,지. -지구의 운동에 대하여",,,"라파우,밧슈 나이브스",라파우선생X라파우군,로맨틱,나이밧슈,,@dudtlfgrP,https://dongne.co/events/df261002/circles/179895,제35회 디. 페스타(일),Day2
못나타,나팔이,A-18,A,18,,2sp,"괴담에 떨어져도 출근을 해야 하는구나,괴담출근(괴출)",,,,,,,,vuvuze11y,https://dongne.co/events/df261002/circles/180074,제35회 디. 페스타(일),Day2
바둑집,사이,F-11,F,11,,2sp,히카루의 바둑,,,히카루의 바둑,후지와라노 사이X신도우 히카루,로맨틱,,,,https://dongne.co/events/df261002/circles/174094,제35회 디. 페스타(일),Day2
새문서,문지선,U-09,U,09,,2sp,,,,,,,,,,https://dongne.co/events/df261002/circles/174211,제35회 디. 페스타(일),Day2
섬가자,덤덤,Q-24b,Q,24,b,1sp,오오에,,,오오사키 히이로,오오사키 히이로X후네노,로맨틱,,만화,@dansidumper,https://dongne.co/events/df261002/circles/174817,제35회 디. 페스타(일),Day2
소다삐,소다비,G-27,G,27,,2sp,수공예,,,,,,,,@sodabubbly_,https://dongne.co/events/df261002/circles/181041,제35회 디. 페스타(일),Day2
소요당,소요,E-02,E,02,,2sp,,,,,,,,"일러스트,공예,기타",,https://dongne.co/events/df261002/circles/174381,제35회 디. 페스타(일),Day2
순무밭,chii,E-16a,E,16,a,1sp,"지구의 운동에 대하여,지. -지구의 운동에 대하여,지운대",,,"오크바데,오크지,바데니",오크지X바데니,,,만화,@chiiqwe,https://dongne.co/events/df261002/circles/180088,제35회 디. 페스타(일),Day2
슬부생,,T-16,T,16,,2sp,단간론파,,,,,,,,,https://dongne.co/events/df261002/circles/174579,제35회 디. 페스타(일),Day2
아멜로,임새봄,E-32,E,32,,2sp,"수공예품,창작 공예,레진공예",,,,,해당없음,,공예,amello_art,https://dongne.co/events/df261002/circles/179891,제35회 디. 페스타(일),Day2
안경충,파도,F-24a,F,24,a,1sp,"헌터×헌터,고스트 바둑왕,고스트바둑왕(히카루의바둑)",,,,,,,,,https://dongne.co/events/df261002/circles/174534,제35회 디. 페스타(일),Day2
야광충,앵,F-23,F,23,,2sp,히카루의 바둑,,,,,,,,,https://dongne.co/events/df261002/circles/173926,제35회 디. 페스타(일),Day2
은빛길,심은하,B-01b,B,01,b,1sp,,,,,,,,,,https://dongne.co/events/df261002/circles/175216,제35회 디. 페스타(일),Day2
지운돼,깽깽이,E-13,E,13,,2sp,"지. -지구의 운동에 대하여,지운대,우오토",,,"바데니,오크지",바데니X오크지,"로맨틱,섹슈얼",,만화,@doracat_99,https://dongne.co/events/df261002/circles/174482,제35회 디. 페스타(일),Day2
지하실,지하,F-26a,F,26,a,1sp,헌터x헌터,"오오후리(크게 휘두르며),히카루의 바둑(이하 고스트 바둑왕)",,,,해당없음,,"만화,일러스트,기타",@basement009,https://dongne.co/events/df261002/circles/174488,제35회 디. 페스타(일),Day2
쿠쿠콜,Kol,S-12,S,12,,2sp,"페이트/그랜드 오더,리버스: 1999",문과라도 안 죄송한 이세계로 감,,"오베론(FGO),알트리아 캐스터,오베캐스",,,,"만화,소설",@QooKol__,https://dongne.co/events/df261002/circles/179084,제35회 디. 페스타(일),Day2
토끼굴,HEUKSIM,P-18a,P,18,a,1sp,오오에,,,,오오사키X아리아케,"로맨틱,섹슈얼",오오아오,"만화,일러스트",@HEUKSIM_IBBAI,https://dongne.co/events/df261002/circles/174619,제35회 디. 페스타(일),Day2
토미토,토미,F-08a,F,08,a,1sp,고스트바둑왕(히카루의바둑),"잔불의 기사,흑집사,강철의 연금술사",,"신도우 히카루,토우야 아키라,시엘팬텀하이브,에드워드 엘릭,나견",토우야 아키라X신도우 히카루,로맨틱,,"일러스트,만화,공예",,https://dongne.co/events/df261002/circles/179790,제35회 디. 페스타(일),Day2
포괴게,포괴게,R-21b,R,21,b,1sp,호프,"페르소나5 외,군체,반도,복수는 나의 것",,,,,,,@Wvm5c,https://dongne.co/events/df261002/circles/179547,제35회 디. 페스타(일),Day2
픜서황,"미미, 랴교",C-07,C,07,,2sp,프로젝트 세카이 컬러풀 스테이지! feat.하츠네 미쿠,"변경백 서자는 황제였다(변서황),슈퍼 단간론파",,,아키야마 미즈키X시노노메 에나,로맨틱,,,"@superficiaLover, @lyagyo",https://dongne.co/events/df261002/circles/174443,제35회 디. 페스타(일),Day2
하무상,yyang,Q-18a,Q,18,a,1sp,페르소나 시리즈,"오오에,우마무스메",,,,,,,gniognam,https://dongne.co/events/df261002/circles/174637,제35회 디. 페스타(일),Day2
하트네,유민지,Q-18b,Q,18,b,1sp,페르소나 5 더 로열,포켓몬스터,,,,,,일러스트,@sendheart_,https://dongne.co/events/df261002/circles/174661,제35회 디. 페스타(일),Day2
스즈쨩~~♡♡♡♡♡♡♡ 모오... 마리아떼바!,,D-06b,D,06,b,1sp,반짝이는 프리채널,비밀의 아이프리,,,카나모리 마리아X쿠로카와 스즈,로맨틱,"시노미야 린린, 미츠바 아이리",만화,w4t3r_b,https://dongne.co/events/df261002/circles/174294,제35회 디. 페스타(일),Day2
추구미 : 헌터이고 해적왕이기까지함,뇨마,F-24b,F,24,b,1sp,"헌터x헌터,원피스",,,ALL캐릭터,,해당없음,,"일러스트,만화",@nyoma6666,https://dongne.co/events/df261002/circles/174375,제35회 디. 페스타(일),Day2
이제는 더 이상 물러날 곳이 없다,손님,E-19b,E,19,b,1sp,"명탐정 코난,드림","오오에,명탐정 코난,카모카테(관을 가진 신의 손),리버스: 1999,포켓몬스터",,드림,,"로맨틱,섹슈얼",,"만화,소설",,https://dongne.co/events/df261002/circles/180205,제35회 디. 페스타(일),Day2
대리님 잘 지내시죠 저는 스티커가 되었습니다,.,A-13b,A,13,b,1sp,괴담에 떨어져도 출근을 해야 하는구나,"너희들은 변호됐다 (변호됨),데뷔 못 하면 죽는 병 걸림",,"김솔음,백사헌,고영은,박문대,선아현,이세진,배세진,류청우,차유진,김래빈,강민재,차주한",김솔음X백사헌,,"강민재,차주한",,.,https://dongne.co/events/df261002/circles/179450,제35회 디. 페스타(일),Day2
검검검 저 사니완데요,깡통계,T-34b,T,34,b,1sp,도검난무,,,,아타기기리X헤시키리 하세베,,검사니,소설,@CCNWGO,https://dongne.co/events/df261002/circles/175153,제35회 디. 페스타(일),Day2
깃털과 비즈,티백,U-08b,U,08,b,1sp,할로우나이트,수공예,,,,,,"게임,공예",@teebug010,https://dongne.co/events/df261002/circles/180122,제35회 디. 페스타(일),Day2
꿈속의 소영,윤소영,T-19b,T,19,b,1sp,,,,,,,,일러스트,@sy_inthedream,https://dongne.co/events/df261002/circles/176286,제35회 디. 페스타(일),Day2
도토래 공방,도토래 공방,C-30,C,30,,2sp,,"18TRIP,18TRIP (에이트리),마법명가 차남으로 살아남는 법",,,,,,,@dotorae_ @_133_7,https://dongne.co/events/df261002/circles/174852,제35회 디. 페스타(일),Day2
상대적 감정,고요비,D-03a,D,03,a,1sp,,,,,,,,만화,@goyobi261,https://dongne.co/events/df261002/circles/179826,제35회 디. 페스타(일),Day2
생크림 머핀,레민,B-20a,B,20,a,1sp,"괴담에 떨어져도 출근을 해야 하는구나,악마에 입문했습니다! 이루마군,악입문",,,,최 요원X김솔음,,,만화,@jakka992,https://dongne.co/events/df261002/circles/179984,제35회 디. 페스타(일),Day2
섬으로 가자,.,P-20a,P,20,a,1sp,오오에,,,,,,,,,https://dongne.co/events/df261002/circles/175032,제35회 디. 페스타(일),Day2
아델타 신사,만수,P-17b,P,17,b,1sp,오오에,"고서점가의 하시히메,우우울트라C",,오오에,오오사키X아리아케,,,게임,@kimmansick @catsc1ub,https://dongne.co/events/df261002/circles/175182,제35회 디. 페스타(일),Day2
지하실 옆방,아버,F-26b,F,26,b,1sp,,,,,,,,,,https://dongne.co/events/df261002/circles/174710,제35회 디. 페스타(일),Day2
집으로 가자,,C-13b,C,13,b,1sp,어바등,"문송안함,공회주,블랙배저",,,,로맨틱,"해량무현, 멜키레이, 윤예힐",소설,,https://dongne.co/events/df261002/circles/173722,제35회 디. 페스타(일),Day2
잡덕의 덕질 로그,제하,A-07,A,07,,2sp,괴담에 떨어져도 출근을 해야 하는구나,"주술회전,체인소맨,에이스테",,,,,,,exxovery,https://dongne.co/events/df261002/circles/179382,제35회 디. 페스타(일),Day2
은하제 대리 특별 외근 이벤트 발생!,플밈,A-21,A,21,,2sp,괴담에 떨어져도 출근을 해야 하는구나,,,"은하제,박민성,김솔음,이자헌",,,,"만화,소설",@P1_P2_P3_P4,https://dongne.co/events/df261002/circles/175256,제35회 디. 페스타(일),Day2
지구는 계속 돌고 사랑도 계속 돈다,이단숭배자,E-16b,E,16,b,1sp,"지구의 운동에 대하여,지. -지구의 운동에 대하여,지운대",,,,,,,만화,@orbcrazy_,https://dongne.co/events/df261002/circles/180087,제35회 디. 페스타(일),Day2
나뭇잎 마을 근교 오리지늄 광산 옆 곰굴,DMWM,R-11b,R,11,b,1sp,"명일방주,나루토",1차 창작,,,,,드림,소설,,https://dongne.co/events/df261002/circles/174089,제35회 디. 페스타(일),Day2
고양이 집은 위험해,상렬,P-07a,P,07,a,1sp,오오에,,,,오오사키X신바시,,,,@juksanggggg,https://dongne.co/events/df261002/circles/174552,제35회 디. 페스타(일),Day2
영크크 말고 늙크크,박지원,D-14,D,14,,2sp,"도박묵시록 카이지,도박묵시룩 카이지,카이지 외전(카이지없음)","닌자보이 란타로,나루토",,"이토 카이지,토네가와,자작 캐릭터",토네가와 유키오X효도 카즈타카,"로맨틱,섹슈얼",,"만화,공예",S2_S2_S2I,https://dongne.co/events/df261002/circles/179379,제35회 디. 페스타(일),Day2
포틴의 굿즈 팩토리,포틴,F-05,F,05,,2sp,"헬루바보스,해즈빈호텔,할로우나이트,실크송","스티븐 유니버스,앰피비아,피오나와 케이크,아울하우스",,,,,,,@P_goods_factory,https://dongne.co/events/df261002/circles/173768,제35회 디. 페스타(일),Day2
세상에 나쁜 괴도는 없다,K,R-22a,R,22,a,1sp,페르소나 5,,,페르소나 5,주인공(아마미아 렌)X키타가와 유스케,,,,@405_684,https://dongne.co/events/df261002/circles/175000,제35회 디. 페스타(일),Day2
어떻게 장르 이름이 백덕수?!,송짐,B-11,B,11,,2sp,"데뷔 못 하면 죽는 병 걸림,괴담에 떨어져도 출근을 해야 하는구나",,,"테스타+청려,김솔음,최 요원",선아현X박문대,로맨틱,최요원x김솔음,일러스트,@Pine_rejim02,https://dongne.co/events/df261002/circles/178802,제35회 디. 페스타(일),Day2
원산지 표기 백일멍 주식회사,파무깅,G-10a,G,10,a,1sp,괴담에 떨어져도 출근을 해야 하는구나,,,"김솔음,김솔음 백사헌",김솔음X백사헌,로맨틱,,,@_525310,https://dongne.co/events/df261002/circles/181190,제35회 디. 페스타(일),Day2
아직도 섬에 사람이 잡혀있다고,펲,P-26,P,26,,2sp,오오에,,,,오오사키X시즈마,,,만화,@bub_action,https://dongne.co/events/df261002/circles/174045,제35회 디. 페스타(일),Day2
오오에 제일 플래티넘 섬,일삼,P-29b,P,29,b,1sp,"드라마티컬 머더,dmmd,오오에",오오에,,세라가키 아오바,올캐러X세라가키 아오바,,오오타케,만화,1913xhfn,https://dongne.co/events/df261002/circles/175168,제35회 디. 페스타(일),Day2
친구의 형을 덕질하면 곤란한가요,실공 / 야므,D-25,D,25,,2sp,아이돌리쉬 세븐,,,"유키,모모",유키X모모,로맨틱,,"소설,만화",@SGnichya,https://dongne.co/events/df261002/circles/174137,제35회 디. 페스타(일),Day2
바깥은 혼자 돌아다니기엔 위험하단다! 이 아이들 중 하나를 데려가렴.,용성,F-13,F,13,,2sp,"포켓몬스터,포켓몬",,,,,,,공예,@SurfPikachu,https://dongne.co/events/df261002/circles/179867,제35회 디. 페스타(일),Day2
츠카사 님을 믿으시겠습니까? -츸.,"돌멩이, 꿀빵",S-33,S,33,,2sp,앙상블 스타즈!! Music,,,"스오우 츠카사,츠키나가 레오",스오우 츠카사X츠키나가 레오,"섹슈얼,로맨틱",,"만화,소설","@mae_ngtl, @Honeybread_827 ",https://dongne.co/events/df261002/circles/174378,제35회 디. 페스타(일),Day2
갸루와 오타쿠,포피,F-19,F,19,,2sp,포켓몬,"페르소나 시리즈,오버워치",,,,,,"일러스트,공예",,https://dongne.co/events/df261002/circles/175382,제35회 디. 페스타(일),Day2
노빠꾸 킵고잉,오비,D-13,D,13,,2sp,도쿄리벤저스,,,사노 만지로(마이키),산즈 하루치요X사노 만지로(마이키),해당없음,"드라마이, 이자마이, 토라마이, 바지마이, 신마이",소설,@d_ovo_b__,https://dongne.co/events/df261002/circles/179724,제35회 디. 페스타(일),Day2
늑대가 나타나,마맥,B-19a,B,19,a,1sp,괴담에 떨어져도 출근을 해야 하는구나,,,"J3,박민성,김솔음",,,,,@MAMAC_9601,https://dongne.co/events/df261002/circles/175607,제35회 디. 페스타(일),Day2
미허가 대국장,이사레,G-04b,G,04,b,1sp,메달리스트,고스트바둑왕(히카루의바둑),,,카미사키 히카루X유이츠카 이노리,해당없음,,,,https://dongne.co/events/df261002/circles/180165,제35회 디. 페스타(일),Day2
세기말 오타쿠,로푸닝,"S-17, S-18",S,17,,4sp,"페르소나 3,페르소나 5,페르소나 시리즈 (3/4/5/Q),페르소나 4/5,에반게리온",,,,,해당없음,,에세이,@Ropuning,https://dongne.co/events/df261002/circles/179614,제35회 디. 페스타(일),Day2
아마도 영업함,RD,U-10,U,10,,2sp,사이퍼즈,"파이널판타지14,빛과 밤의 사랑",,,,,,,,https://dongne.co/events/df261002/circles/175381,제35회 디. 페스타(일),Day2
아멘도 락이다,만보기,S-03b,S,03,b,1sp,앙상블 스타즈,,,"HiMERU,카제하야 타츠미,사쿠마 레이,오오가미 코가",HiMERUX카제하야 타츠미,로맨틱,레이코가,"소설,만화,일러스트",@manbok0707,https://dongne.co/events/df261002/circles/174307,제35회 디. 페스타(일),Day2
여자가 미쳤다,opo,R-05a,R,05,a,1sp,DRAMAtical murder,,,"코우자쿠,세라가키 아오바",코우자쿠X세라가키 아오바,로맨틱,,만화,opo95ln,https://dongne.co/events/df261002/circles/175521,제35회 디. 페스타(일),Day2
일양현 국수집,"W3, NS",U-25,U,25,,2sp,,광마회귀,,,,,,일러스트,,https://dongne.co/events/df261002/circles/179504,제35회 디. 페스타(일),Day2
태서네 김밥집,태서,T-33,T,33,,2sp,,,,,,,,,@seo123te,https://dongne.co/events/df261002/circles/181150,제35회 디. 페스타(일),Day2
프릴리 데이즈,,C-31b,C,31,b,1sp,,,,,,,,공예,frillydayz,https://dongne.co/events/df261002/circles/175389,제35회 디. 페스타(일),Day2
하급생 오시의 단!의 재림,남현정,F-03,F,03,,2sp,닌자보이 란타로,,,"닌타마 학생,닌타마 캐릭터",,해당없음,,"만화,소설,음반",@gugg_l,https://dongne.co/events/df261002/circles/174719,제35회 디. 페스타(일),Day2
아기공 오빠수 붐은 온다,"영수, 뽀",D-17,D,17,,2sp,귀멸의 칼날,,,,카마도 탄지로X토미오카 기유,로맨틱,,"만화,소설",@f1ym3toth3m00n,https://dongne.co/events/df261002/circles/179494,제35회 디. 페스타(일),Day2
스승의 은혜는 하늘 같아서,K,S-21b,S,21,b,1sp,역전재판,역전검사,,"카르마 고우,미츠루기 레이지",카르마 고우X미츠루기 레이지,,,"만화,기타",@kahlerspace,https://dongne.co/events/df261002/circles/174870,제35회 디. 페스타(일),Day2
비둘기 만지기 동호회,고기파이,U-11a,U,11,a,1sp,"블랙스타 시어터 스타레스,블랙스타",,,NCP,,해당없음,,만화,deriyaki_pie,https://dongne.co/events/df261002/circles/179458,제35회 디. 페스타(일),Day2
킷사텐 세이브 포인트,CURE,R-18,R,18,,2sp,페르소나 5,페르소나 4,,아마미야 렌(주인공),,,,일러스트,FogMilk_MOSS,https://dongne.co/events/df261002/circles/176384,제35회 디. 페스타(일),Day2
괴담에 빠져도 덕질을 할 수 밖에 없구나,InD,A-12,A,12,,2sp,괴담에 떨어져도 출근을 해야 하는구나,MIU404,,,,,,,InDiGo_LYN,https://dongne.co/events/df261002/circles/179932,제35회 디. 페스타(일),Day2
레이튼 교수와 최후의 빠요엔 ~틀딱과 같이~,"蓚酸(수산), 물고기",U-26,U,26,,2sp,"레이튼 교수와 최후의 시간여행,뿌요뿌요,마도물어,용과같이","데스노트,이터널리턴,죠죠의 기묘한 모험(5부)",,,크라우스 알바트로X아란 디미트리,,"미네 요시타카 X 도지마 다이고, 셰죠 위그이 X 아르르 나쟈, 판나코타 푸고 X 나란챠 길가","소설,일러스트,기타",@H00C_C00H,https://dongne.co/events/df261002/circles/173693,제35회 디. 페스타(일),Day2
탐정님 화랑도 고소가 되나요?,견하,E-12a,E,12,a,1sp,명탐정 코난,"진혼기,너희들은 변호됐다,변호됨",,,아카이 슈이치X아무로 토오루,해당없음,"강차(민재주한), 자설(자하설영)","만화,일러스트",@h0xqw,https://dongne.co/events/df261002/circles/181178,제35회 디. 페스타(일),Day2
닥터의 마지막 야오이 끌어치기,흑장,E-07a,E,07,a,1sp,닥터스톤,,,"스탠리 스나이더,제노 휴스턴 윙필드",스탠리 스나이더X제노 휴스턴 윙필드,로맨틱,,만화,@KUR0__BARA,https://dongne.co/events/df261002/circles/179313,제35회 디. 페스타(일),Day2
시대를 잘못탄 비운의 오타쿠들(마이너만 취급합니다 구경이라도 오세요),갈맥,U-08a,U,08,a,1sp,"록맨에그제,원아웃,하네배드,퍼펙트 서비스,록맨","록맨에그제,원아웃,하네배드,퍼펙트 서비스",,록맨에그제,,해당없음,,기타,@buysell_bird,https://dongne.co/events/df261002/circles/173788,제35회 디. 페스타(일),Day2
나에게 부스는 살인이다,조환희,B-23b,B,23,b,1sp,"보컬로이드,블루록","코드기어스,수공예,오모리",,"카가미네 린,카가미네 렌,이사기 요이치",,,,일러스트,@gwasabi1987,https://dongne.co/events/df261002/circles/181159,제35회 디. 페스타(일),Day2
여자가 모이면 백합향이 나요,이지원,S-09b,S,09,b,1sp,리버스: 1999,,,"이졸카카,이졸데,카카니아",이졸데X카카니아,"로맨틱,섹슈얼",오리지널GL,만화,@jeoleochi_gn,https://dongne.co/events/df261002/circles/175309,제35회 디. 페스타(일),Day2
치토와 마슈가 키스하는 만화 주세요,물까치,S-02,S,02,,2sp,앙상블 스타즈,,,"츠즈라 치토세,쿠온 마슈",츠즈라 치토세X쿠온 마슈,"로맨틱,섹슈얼",,만화,@Ybellouwe,https://dongne.co/events/df261002/circles/175540,제35회 디. 페스타(일),Day2
오지콤 소녀콤 얼가콤이 친구라니,"양파, 장국, 노우",C-06,C,06,,2sp,"보카로,용과같이,스타워즈 등 2.5D,케이온","퇴마록,만달로리안(스타워즈),중이코이,하츠네미쿠",,용과같이,키류X이치반,로맨틱,"(파즈비즐라임,딘자린)",,"@onyon318, @YooJu_O_O, @kiryu_mukbang",https://dongne.co/events/df261002/circles/175465,제35회 디. 페스타(일),Day2
산타는 귀신이 아니라니까!,A2,S-19b,S,19,b,1sp,"역전재판 시리즈,역전재판",,,"나루호도 류이치,미츠루기 레이지",나루호도류이치X미츠루기레이지,"로맨틱,섹슈얼",,"만화,일러스트",@A298400_2,https://dongne.co/events/df261002/circles/175476,제35회 디. 페스타(일),Day2
뭐든지 타로로 만들어버리겠다,신혜진,G-31b,G,31,b,1sp,오리지널(1차),"원신,붕괴: 스타레일,캐릭캐릭체인지,카드캡터체리",,,,,,"일러스트,기타",jin_liah0,https://dongne.co/events/df261002/circles/179290,제35회 디. 페스타(일),Day2
그래도 살았죠?,김현아,A-17,A,17,,2sp,괴담에 떨어져도 출근을 해야 하는구나,"이세계 착각 헌터,어린 신인데 키워주시죠,어두운 바다의 등불이 되어,세포신곡",,,,,,,@mgae_xxx,https://dongne.co/events/df261002/circles/179897,제35회 디. 페스타(일),Day2
오늘만 팔아요(아마도),송수형,R-17,R,17,,2sp,"페르소나 4/5,괴담에 떨어져도 출근을 해야 하는구나,오오에","호요버스게임,니지산지JP,페르소나 3,프로젝트 세카이 컬러풀 스테이지! feat.하츠네 미쿠",,"니지산지jp,오오에 - 아리아케,원신,비비드 배드 스쿼드,페르소나 시리즈 주인공들,괴담출근",오오사키X아리아케,로맨틱,페르소나4주인공x하나무라 요스케,일러스트,"@skatn_ , @owozip",https://dongne.co/events/df261002/circles/179463,제35회 디. 페스타(일),Day2
달콤한 일러스트,이윤지,F-32,F,32,,2sp,,"모모찌,모모찌 일러스트 문구류,모모찌 일러스트를 활용한 제품들",,,,해당없음,,일러스트,iamyunji,https://dongne.co/events/df261002/circles/174436,제35회 디. 페스타(일),Day2
방과후 퇴마활동,RU2 ,D-05b,D,05,b,1sp,,,,,,,,"만화,일러스트",@380Qii @2ru2te,https://dongne.co/events/df261002/circles/175508,제35회 디. 페스타(일),Day2
백흑의 고깔전선,J,G-02b,G,02,b,1sp,혈계전선,고깔모자의 아틀리에,,혈계전선 등장 캐릭터,재프 렌프로X레오나르도 워치,로맨틱,,만화,,https://dongne.co/events/df261002/circles/178898,제35회 디. 페스타(일),Day2
아가는 왼쪽으로,허삼,E-23,E,23,,2sp,"죠죠의 기묘한 모험,헌터x헌터,마이 케미컬 로맨스","유희왕,위니언 바이러스,마기,이런 영웅은 싫어",,,죠니 죠스타X쟈이로 체페리,로맨틱,,,@huh636,https://dongne.co/events/df261002/circles/180139,제35회 디. 페스타(일),Day2
이끼가 꼈는데요,2KK2,Q-01a,Q,01,a,1sp,오오에,"아이돌리쉬 세븐,프로세카(프로젝트 세카이 with 하츠네 미쿠)",,,,,,,@2KK2_77r,https://dongne.co/events/df261002/circles/180184,제35회 디. 페스타(일),Day2
파르페 부대찌개,츠루비,S-30,S,30,,2sp,앙상블 스타즈,,,"스오우 츠카사,츠키나가 레오",스오우 츠카사X츠키나가 레오,로맨틱,,,@tsurubi_v,https://dongne.co/events/df261002/circles/174390,제35회 디. 페스타(일),Day2
파이널 마이애미 ,,Q-19b,Q,19,b,1sp,"파이널판타지14,핫라인 마이애미",풍경사진,,"자켓,바이커,파이널판타지14캐릭터",,,,"소설,사진,만화",,https://dongne.co/events/df261002/circles/175411,제35회 디. 페스타(일),Day2
포플레 샌드위치 ,리붜,G-10b,G,10,b,1sp,"포켓몬스터,포켓몬",,,,,,,게임,@ReVer_res,https://dongne.co/events/df261002/circles/181059,제35회 디. 페스타(일),Day2
최애를 주머니에 담쟈,담쟈,"B-12, B-21",B,12,,4sp,괴담에 떨어져도 출근을 해야 하는구나,,,<괴담에 떨어져도 출근을 해야 하는구나> 작 중 캐릭터,최 요원X김솔음,로맨틱,,"일러스트,만화,소설",@dam_jya__,https://dongne.co/events/df261002/circles/179749,제35회 디. 페스타(일),Day2
출근에 떨어져도 괴담 해야 하는구나,파랑떡국,B-20b,B,20,b,1sp,괴담에 떨어져도 출근을 해야 하는구나,,,"김솔음,최 요원,류재관",최 요원x김솔음,"해당없음,로맨틱",,일러스트,,https://dongne.co/events/df261002/circles/179217,제35회 디. 페스타(일),Day2
파이널 스코시즘 판타지,연강,Q-20,Q,20,,2sp,"파이널판타지,스코시즘(버튜버)",가비지타임,,드림,,해당없음,,만화,@yeongang__,https://dongne.co/events/df261002/circles/174849,제35회 디. 페스타(일),Day2
식욕의 사계절엔 밤밥을 먹으러 가자,주기,S-32a,S,32,a,1sp,"앙상블 스타즈,앙상블",,,,스오우 츠카사X츠키나가 레오,로맨틱,,만화,,https://dongne.co/events/df261002/circles/174464,제35회 디. 페스타(일),Day2
괴담에 떨어져도 제령은 해야하는구나,뭉치,B-08,B,08,,2sp,"괴담에 떨어져도 출근을 해야 하는구나,주술회전",,,,,해당없음,,,"@tjdus005s, @RiCHi_0__0",https://dongne.co/events/df261002/circles/175555,제35회 디. 페스타(일),Day2
"완전히 변해버린, 타케시바씨의 모습이었다",우마,Q-10b,Q,10,b,1sp,오오에,,,오오에캐릭터,오오사키 히이로X타케시바 요조,"섹슈얼,로맨틱",,"일러스트,만화",@119_fire_119,https://dongne.co/events/df261002/circles/174506,제35회 디. 페스타(일),Day2
굶지마 오오에섬!,네넹,Q-23,Q,23,,2sp,오오에,괴담에 떨어져도 출근을 해야 하는구나,,,,,,만화,,https://dongne.co/events/df261002/circles/180070,제35회 디. 페스타(일),Day2
무엇이 불가한가…,안시,Q-29b,Q,29,b,1sp,불가해론,,,,,,,,@ansi_sianwha,https://dongne.co/events/df261002/circles/174705,제35회 디. 페스타(일),Day2
천사를 사랑합니다,세흐,B-10,B,10,,2sp,데뷔 못 하면 죽는 병 걸림,괴담에 떨어져도 출근을 해야 하는구나,,"<데뷔 못 하면 죽는 병 걸림> 작 중 캐릭터,<괴담에 떨어져도 출근을 해야 하는구나> 작 중 캐릭터",,,,"기타,일러스트,만화",@Cerf_006,https://dongne.co/events/df261002/circles/174240,제35회 디. 페스타(일),Day2
디페에 떨어져서도 부스이름을 정해야하는걸까,"성좌, 선동과 날조",B-18a,B,18,a,1sp,괴담출근(괴출),전지적 독자 시점,,,브라운 등X김솔음,로맨틱,"최솔, 중독","소설,기타",@ss_sd_nj_,https://dongne.co/events/df261002/circles/179911,제35회 디. 페스타(일),Day2
야쿠자 좋아하세요?,밥팅,U-28,U,28,,2sp,용과같이,,,"용과같이 주요 인물들,용과같이 일부캐릭터",미네 요시타카X도지마 다이고,로맨틱,키류 카즈마×니시키야마 아키라,만화,@Bt_18782,https://dongne.co/events/df261002/circles/175319,제35회 디. 페스타(일),Day2
할머니: 내 코라소닉스가 어디갔지?,아드,R-08a,R,08,a,1sp,명일방주,"개구리중사케로로,젤다의 전설",,"쏜즈,엘리시움",쏜즈X엘리시움,로맨틱,"왕총(명일방주왕, 총웨) 링젤(젤다의전설링크, 젤다) 등등",일러스트,manurabapjwo,https://dongne.co/events/df261002/circles/180105,제35회 디. 페스타(일),Day2
아자잣!!,적두,C-27,C,27,,2sp,"니디걸,프세카,디지캐럿 등 고전만화",,,,,,,,@green_nerdshirt,https://dongne.co/events/df261002/circles/175351,제35회 디. 페스타(일),Day2
오야르(오염을야르하게라는뜻),명성이,A-25,A,25,,2sp,괴담에 떨어져도 출근을 해야 하는구나,,,,,,,,,https://dongne.co/events/df261002/circles/179740,제35회 디. 페스타(일),Day2
どうとも,원소,T-02,T,02,,2sp,18TRIP,오오에,,"무라쿠모 텐,니시조노 렌가,오오사키x시즈마",,,오오사키x시즈마,,"@kitsuneyubu, @souch_n, @BlameOnion_",https://dongne.co/events/df261002/circles/179763,제35회 디. 페스타(일),Day2
견사우리,견사,T-18,T,18,,2sp,,,,,,,,만화,@angel_area17,https://dongne.co/events/df261002/circles/175611,제35회 디. 페스타(일),Day2
고테월드,고눈,D-29b,D,29,b,1sp,,,,,,,,,,https://dongne.co/events/df261002/circles/175532,제35회 디. 페스타(일),Day2
괴담야근,BN,A-14,A,14,,2sp,괴담에 떨어져도 출근을 해야 하는구나,,,,,,,,,https://dongne.co/events/df261002/circles/173719,제35회 디. 페스타(일),Day2
괴척임무,뭉구,G-07,G,07,,2sp,괴담에 떨어져도 출근을 해야 하는구나,,,괴담출근 주요 캐릭터,,,,,@moongguyam,https://dongne.co/events/df261002/circles/181122,제35회 디. 페스타(일),Day2
길티명빵,초보운전,R-11a,R,11,a,1sp,"명일방주,길티기어",,,"로보카이,무에나 니어,길티기어 베놈,명일방주 왕,헬라그",,,,,,https://dongne.co/events/df261002/circles/179903,제35회 디. 페스타(일),Day2
까치주막,까치,G-09,G,09,,2sp,괴담에 떨어져도 출근을 해야 하는구나,가비지타임,,"괴담출근 주요 캐릭터,괴담출근",,,빵준,,@ggachi_mag,https://dongne.co/events/df261002/circles/181438,제35회 디. 페스타(일),Day2
꿀풀증롱,🥟,Q-04a,Q,04,a,1sp,오오에,브리저튼,,,오오사키X신바시,로맨틱,베노피,소설,@lejosysiempre,https://dongne.co/events/df261002/circles/173970,제35회 디. 페스타(일),Day2
나쵸치즈,나즈,S-29b,S,29,b,1sp,앙상블 스타즈,,,"아마기 린네,HiMERU",아마기 린네XHiMERU,"섹슈얼,로맨틱",,만화,naz_for_RHM,https://dongne.co/events/df261002/circles/175599,제35회 디. 페스타(일),Day2
남도북만,도치,U-32a,U,32,a,1sp,,,,,,,,만화,,https://dongne.co/events/df261002/circles/174685,제35회 디. 페스타(일),Day2
댄싱래빗,댄싱래빗,B-32,B,32,,2sp,,,,,,해당없음,,공예,,https://dongne.co/events/df261002/circles/174885,제35회 디. 페스타(일),Day2
돌철마음,닷도,F-08b,F,08,b,1sp,"고스트바둑왕(히카루의바둑),강철의 연금술사",페르소나5 외,,,,,,,@dotdo1cook ,https://dongne.co/events/df261002/circles/174982,제35회 디. 페스타(일),Day2
뚜뚠따라,댁수,B-13,B,13,,2sp,괴담에 떨어져도 출근을 해야 하는구나,진혼기,,,,,,,,https://dongne.co/events/df261002/circles/174120,제35회 디. 페스타(일),Day2
무쿠무나,무쿠무나,T-22,T,22,,2sp,,,,,,,,,@mucu_muna,https://dongne.co/events/df261002/circles/175449,제35회 디. 페스타(일),Day2
반지내놔,구수아,E-11a,E,11,a,1sp,가정교사 히트맨 REBORN!,,,"사와다 츠나요시,고쿠데라 하야토",사와다 츠나요시X고쿠데라 하야토,해당없음,,"만화,기타",,https://dongne.co/events/df261002/circles/174901,제35회 디. 페스타(일),Day2
밤비부스,밤비,T-12,T,12,,2sp,,,,,,해당없음,,"만화,일러스트,기타",vamvi_,https://dongne.co/events/df261002/circles/180154,제35회 디. 페스타(일),Day2
밥만들자,,R-21a,R,21,a,1sp,페르소나 5,,,,주인공(아마미아 렌)X키타가와 유스케,로맨틱,,,@herven_,https://dongne.co/events/df261002/circles/180063,제35회 디. 페스타(일),Day2
백곰공방,김온유,C-04a,C,04,a,1sp,오리지널,붕괴: 스타레일,,,,,,,@polarbear_c_w,https://dongne.co/events/df261002/circles/174393,제35회 디. 페스타(일),Day2
쁘띠뽀짝,이지민,A-26b,A,26,b,1sp,"괴담에 떨어져도 출근을 해야 하는구나,이세계 착각 헌터,데뷔 못 하면 죽는 병 걸림,화산귀환,전지적 독자 시점,내가 키운 S급들","케이팝데몬헌터스,헌터x헌터,원피스,오란고교 호스트부,달빛천사,하이큐!!,플레이브,명탐정 코난,슬램덩크,최애의 아이,쿠키런: 킹덤,스파이패밀리,뮤지컬 프랑켄슈타인",,,,,,,,https://dongne.co/events/df261002/circles/174367,제35회 디. 페스타(일),Day2
사시사철,쿠운우니,E-28a,E,28,a,1sp,,,,,,,,,@sssc_book,https://dongne.co/events/df261002/circles/180052,제35회 디. 페스타(일),Day2
삼류출동,도피,Q-12a,Q,12,a,1sp,오오에,,,"오오사키 타케시바,오오타케",오오사키X타케시바,"로맨틱,섹슈얼",,,@utuhmtumq_q,https://dongne.co/events/df261002/circles/174539,제35회 디. 페스타(일),Day2
생각해봄,허부기,R-03a,R,03,a,1sp,귀멸의 칼날,,,,카마도 탄지로X아가츠마 젠이츠,"로맨틱,섹슈얼",,만화,@heobugi3,https://dongne.co/events/df261002/circles/175240,제35회 디. 페스타(일),Day2
소년현상,少年現象,S-03a,S,03,a,1sp,앙상블 스타즈,,,"아야세 마요이,카제하야 타츠미,사카사키 나츠메,아오바 츠무기,하루카와 소라",아야세 마요이X카제하야 타츠미,로맨틱,사카사키 나츠메 X 아오바 츠무기,만화,,https://dongne.co/events/df261002/circles/180146,제35회 디. 페스타(일),Day2
업보팔이,업보,B-31,B,31,,2sp,,,,,,,,공예,,https://dongne.co/events/df261002/circles/174940,제35회 디. 페스타(일),Day2
에스텔라,Estella.K,F-09a,F,09,a,1sp,"히카루의 바둑,고스트바둑왕(히카루의바둑)","프로젝트 헤일메리,염신전대 고온쟈,사이키 쿠스오의 재난",,,,,,,EstellaK47,https://dongne.co/events/df261002/circles/174590,제35회 디. 페스타(일),Day2
오리연못,김서연,D-09,D,09,,2sp,,,,,,,,일러스트,@Lemonduckpond,https://dongne.co/events/df261002/circles/179902,제35회 디. 페스타(일),Day2
오프데이,홎,G-05,G,05,,2sp,"하이큐!!,앙상블 스타즈",,,,,,드림,만화,,https://dongne.co/events/df261002/circles/176023,제35회 디. 페스타(일),Day2
옹기종기,폭스,G-32a,G,32,a,1sp,"사카모토데이즈,고전 미소녀 장르",,,,,,,"일러스트,기타",@foxda25,https://dongne.co/events/df261002/circles/174808,제35회 디. 페스타(일),Day2
외눈박이,발주,P-03,P,03,,2sp,오오에,,,"오오사키,신바시",오오사키X신바시,"로맨틱,섹슈얼",,만화,,https://dongne.co/events/df261002/circles/174593,제35회 디. 페스타(일),Day2
원엔원깡,N,R-20,R,20,,2sp,페르소나 시리즈,,,,,,,,,https://dongne.co/events/df261002/circles/174332,제35회 디. 페스타(일),Day2
은민상점,김은민,F-30b,F,30,b,1sp,,,,,,,,일러스트,@em913em,https://dongne.co/events/df261002/circles/175499,제35회 디. 페스타(일),Day2
이것저것,럽피,A-10,A,10,,2sp,괴담에 떨어져도 출근을 해야 하는구나,"꿈빛파티시엘,캐릭캐릭체인지,은혼,케로로,나루토,디지몬",,,,해당없음,,,,https://dongne.co/events/df261002/circles/176511,제35회 디. 페스타(일),Day2
이것저것,막창,C-24,C,24,,2sp,버츄얼 유튜버(니지산지),"셜록홈즈,셜록홈즈(미드",,"셜록 홈즈,셜록홈즈 존왓슨,존 왓슨,하나바타케 챠이카",셜록 홈즈X존왓슨,"로맨틱,섹슈얼",야시로 키즈쿠 × 하나바타케 챠이카,만화,@fv19824,https://dongne.co/events/df261002/circles/174567,제35회 디. 페스타(일),Day2
일단신청,조세인,E-10,E,10,,2sp,유희왕,,,카이바 세토,,해당없음,,,@ksj1025_,https://dongne.co/events/df261002/circles/175217,제35회 디. 페스타(일),Day2
전대미문,붐비,P-06,P,06,,2sp,"오오에,페이트(fate),괴담에 떨어져도 출근을 해야 하는구나","히프노시스마이크,사카모토데이즈,니지산지,보컬로이드 (카이토 위주)",,"오오신,오오에 전편조",오오사키X신바시,해당없음,,"기타,일러스트",dhdndpO_B,https://dongne.co/events/df261002/circles/174830,제35회 디. 페스타(일),Day2
지향하다,"지평, 향",Q-09,Q,09,,2sp,오오에,,,"오오사키,타케시바",오오사키X타케시바,로맨틱,,,@tlrpzh / @Hyang_tt ,https://dongne.co/events/df261002/circles/174229,제35회 디. 페스타(일),Day2
춘풍화류,"프오, 하루",Q-14,Q,14,,2sp,오오에,,,"오오사키,아오미,오오아오,시즈마,오오시즈",오오사키X아오미,"로맨틱,섹슈얼",오오시즈,"소설,만화,기타",@Popopoooea,https://dongne.co/events/df261002/circles/174217,제35회 디. 페스타(일),Day2
칼리시아,#90ee90,T-32a,T,32,a,1sp,,,,,,,,일러스트,hash90ee90,https://dongne.co/events/df261002/circles/174236,제35회 디. 페스타(일),Day2
코만큰개,이서우,R-05b,R,05,b,1sp,"DRAMAtical murder,dmmd,괴출,괴담에 떨어져도 출근을 해야 하는구나",,,,,,,,@jellyppoo ,https://dongne.co/events/df261002/circles/175461,제35회 디. 페스타(일),Day2
킬더실버,킬더실버,C-02,C,02,,2sp,,,,,,,,공예,@kil_the_silver,https://dongne.co/events/df261002/circles/173711,제35회 디. 페스타(일),Day2
털보야지,털보야지,D-29a,D,29,a,1sp,,,,,,,,"만화,조형,에세이",@furvoyage,https://dongne.co/events/df261002/circles/175444,제35회 디. 페스타(일),Day2
투이케케,장강,C-26,C,26,,2sp,킹 오브 프리즘,건담,,타이가/카케루,코우가미 타이가X쥬오인 카케루,로맨틱,,,@Yangtze7_,https://dongne.co/events/df261002/circles/176251,제35회 디. 페스타(일),Day2
팟쥐풀냥,"이농, 0w0",R-16,R,16,,2sp,"포켓몬스터,포켓몬스터 스칼렛 바이올렛,포켓몬스터 스칼렛/바이올렛","뱅드림!,뱅드림(Bang Dream)",,,,,치사카논,일러스트,@e__nong @oooooo0________,https://dongne.co/events/df261002/circles/177348,제35회 디. 페스타(일),Day2
피코피코,피코,D-23b,D,23,b,1sp,아이돌리쉬 세븐,,,소우타마,오오사카 소고X요츠바 타마키,로맨틱,,"일러스트,만화",@CHOIPICO,https://dongne.co/events/df261002/circles/174595,제35회 디. 페스타(일),Day2
하얀마을,PIMPI,E-19a,E,19,a,1sp,원피스,콜 오브 듀티,,"트라팔가 로우,돈키호테 로시난테,쾨니히,고스트",,,,,p1mpp1,https://dongne.co/events/df261002/circles/179767,제35회 디. 페스타(일),Day2
호잇호잇,물물,T-32b,T,32,b,1sp,,,,,,,,,,https://dongne.co/events/df261002/circles/175045,제35회 디. 페스타(일),Day2
런치메뉴 ,payoyo,"D-30, D-31",D,30,,4sp,,,,,,,,,,https://dongne.co/events/df261002/circles/174689,제35회 디. 페스타(일),Day2
이번역은 (-),교,R-27a,R,27,a,1sp,붕괴: 스타레일,"페르소나 시리즈,파이널판타지14",,"파이논,마이데이,레이시오,어벤츄린,주인공(페르소나5),아케치 고로",파이논X마이데이,해당없음,"레이츄린, 주아케",,@T4o3p,https://dongne.co/events/df261002/circles/174792,제35회 디. 페스타(일),Day2
에이유즈 냄,토기,B-22b,B,22,b,1sp,앙상블 스타즈,,,"텐쇼인 에이치,후시미 유즈루",텐쇼인 에이치X후시미 유즈루,로맨틱,,소설,thfinehh,https://dongne.co/events/df261002/circles/176081,제35회 디. 페스타(일),Day2
마따따비 클럽,모뜨,P-02a,P,02,a,1sp,오오에,,,"오오사키,신바시",오오사키X신바시,해당없음,,"만화,일러스트,공예",@_graveyard444,https://dongne.co/events/df261002/circles/173729,제35회 디. 페스타(일),Day2
세카이의 종점,애처가,P-16,P,16,,2sp,"오오에,오오에(大穢)",,,오오에캐릭터,오오사키X아리아케,로맨틱,,,@nantene_uso,https://dongne.co/events/df261002/circles/174607,제35회 디. 페스타(일),Day2
싸이보그 토끼,Zizo,C-10a,C,10,a,1sp,프로젝트 세카이 컬러풀 스테이지! feat.하츠네 미쿠,,,"시노노메 에나,아사히나 마후유",시노노메 에나X아사히나 마후유,로맨틱,,만화,R0BE7,https://dongne.co/events/df261002/circles/176305,제35회 디. 페스타(일),Day2
얼렁뚱땅 상점,장희진,F-14a,F,14,a,1sp,포켓몬,"리그오브레전드,수공예품",,,,해당없음,,,@aldlfk_030,https://dongne.co/events/df261002/circles/174804,제35회 디. 페스타(일),Day2
오오타케 부스,찬,Q-07b,Q,07,b,1sp,오오에,,,"오오사키,타케시바",오오사키X타케시바,"로맨틱,섹슈얼",,소설,,https://dongne.co/events/df261002/circles/179636,제35회 디. 페스타(일),Day2
원덩이랑 뽕츄,김원더,B-24a,B,24,a,1sp,프로젝트 세카이 컬러풀 스테이지! feat.하츠네 미쿠,,,"카미시로 루이,텐마 츠카사,쿠사나기 네네,오오토리 에무",카미시로 루이X텐마 츠카사,"로맨틱,섹슈얼",쿠사나기 네네× 오오토리 에무,"만화,일러스트",won__prsk,https://dongne.co/events/df261002/circles/174315,제35회 디. 페스타(일),Day2
칼라미티 없음,각기,D-01a,D,01,a,1sp,,,,,,,,만화,@calamityfree,https://dongne.co/events/df261002/circles/173962,제35회 디. 페스타(일),Day2
카모카테 하실 분,댄,U-23a,U,23,a,1sp,"카모카테(관을 가진 신의 손),압화 이야기",,,<카모카테> 루죤,,,,만화,@daenjell,https://dongne.co/events/df261002/circles/179048,제35회 디. 페스타(일),Day2
펑크내면 죽는 피의 혈맹,NM,S-20,S,20,,2sp,"역전재판,역전재판 시리즈",진격의 거인,,,나루호도류이치X미츠루기레이지,로맨틱,에루리,"만화,소설",181X161_,https://dongne.co/events/df261002/circles/174620,제35회 디. 페스타(일),Day2
서방님이 자야 나도 자요♥,ㅇ,R-06,R,06,,2sp,"dmmd,DRAMAtical murder",,,,클리어X세라가키 아오바,,,만화,@y_our_my_angel,https://dongne.co/events/df261002/circles/174118,제35회 디. 페스타(일),Day2
라기씨의 대충 이런거,차예빈,G-31a,G,31,a,1sp,,"닌타마 (닌자보이 란타로),미쿠,캐캐체",,,,,,만화,@ragissi_9,https://dongne.co/events/df261002/circles/179293,제35회 디. 페스타(일),Day2
비둘기의 애완 과장님,에바,A-13a,A,13,a,1sp,괴담에 떨어져도 출근을 해야 하는구나,"엘소드,오오에",,,김솔음X백사헌,로맨틱,오오히노,,,https://dongne.co/events/df261002/circles/174627,제35회 디. 페스타(일),Day2
스타레일 남캐 사랑단,가메스,R-27b,R,27,b,1sp,,,,"붕괴:스타레일,스타레일,붕괴 스타레일 파이논,블레이드(스타레일),은하제등등등..) + 스타레일 캐릭터 전반(어벤츄린",,,,,,https://dongne.co/events/df261002/circles/179406,제35회 디. 페스타(일),Day2
미국에서 누가 돌아왔게,이헤,B-04b,B,04,b,1sp,가비지타임,,,,최종수X기상호,로맨틱,,,,https://dongne.co/events/df261002/circles/179132,제35회 디. 페스타(일),Day2
축복해라 그냥 필요하다,rerorerorella,E-24b,E,24,b,1sp,죠죠의 기묘한 모험,용과같이,,스타크루,,,바바사에,,"rerorerorella, taigaisright",https://dongne.co/events/df261002/circles/174008,제35회 디. 페스타(일),Day2
도원결의 실패.,하나빈,B-06,B,06,,2sp,"보컬로이드 등,괴담에 떨어져도 출근을 해야 하는구나,가라오케 가자!,세포신곡","명일방주,천관사복,패션",,"최 요원,김솔음,아토 하루키,나리타 쿄지 / 오카 사토미,큐야 에이트,카가미네 린렌,하츠네 미쿠,한쵸,이누카이 유토",최요원 등X김솔음 등,해당없음,"한쵸유토, 린렌, 쿄사토, 큐에이","만화,일러스트","@hanabean2918, @OTO_GG_RI",https://dongne.co/events/df261002/circles/179575,제35회 디. 페스타(일),Day2
검은토끼 사무소,첸체,A-23,A,23,,2sp,,"앙상블 스타즈,하이가쿠라,명일방주",,,,해당없음,,일러스트,YR_simin,https://dongne.co/events/df261002/circles/174103,제35회 디. 페스타(일),Day2
귀난가지 보호소,코만,F-21,F,21,,2sp,포켓몬스터,"스플래툰,데드 바이 데이라이트,오오에",,포켓몬,제빈X카지,,,기타,@tturi_C,https://dongne.co/events/df261002/circles/175344,제35회 디. 페스타(일),Day2
누군가의 사랑니,이빨,A-11,A,11,,2sp,괴담에 떨어져도 출근을 해야 하는구나,"포켓몬스터,포켓몬,마라톤",,,J3X곽제강,로맨틱,솔음x브라운/ 공준x카라바스,,,https://dongne.co/events/df261002/circles/174743,제35회 디. 페스타(일),Day2
데한민국 외계인,나기,G-08,G,08,,2sp,"괴담출근 이착헌 전독시,너희들은 변호됐다,어두운바다의등불이되어(어바등)",,,,,,,,,https://dongne.co/events/df261002/circles/181158,제35회 디. 페스타(일),Day2
도마뱀의 보물함,임연주,B-30,B,30,,2sp,오리지널(1차),,,,,,,,,https://dongne.co/events/df261002/circles/174057,제35회 디. 페스타(일),Day2
메탈리카 철물점,초그,E-26a,E,26,a,1sp,,죠죠의 기묘한 모험,,,,"로맨틱,섹슈얼",,,,https://dongne.co/events/df261002/circles/174417,제35회 디. 페스타(일),Day2
밥심으로 운영중,스팸버거,U-05a,U,05,a,1sp,,,,,,,,,,https://dongne.co/events/df261002/circles/174401,제35회 디. 페스타(일),Day2
블리치와 친구들,66,E-17,E,17,,2sp,블리치,팬텀버스터즈,,"이노우에 오리히메,우루키오라,우루히메",우루키오라X이노우에 오리히메,로맨틱,,"만화,일러스트",@BKG0303,https://dongne.co/events/df261002/circles/175036,제35회 디. 페스타(일),Day2
우파우파 유치원,선혜빈,F-15a,F,15,a,1sp,"포켓몬스터,포켓몬스터 소드.실드,포켓몬스터 스칼렛·바이올렛,포켓몬스터 스칼렛 바이올렛,포켓몬스터 스페셜,포켓몬스터 레전드 za,포켓몬스터 ZA",,,,,,,,,https://dongne.co/events/df261002/circles/175383,제35회 디. 페스타(일),Day2
이규후의 보석함,에밋,B-05,B,05,,2sp,가비지타임,,,,,,,,,https://dongne.co/events/df261002/circles/174532,제35회 디. 페스타(일),Day2
무지개도 빨주로 뜨는 세상,"한결, 마츄",S-01,S,01,,2sp,앙상블 스타즈!! Music,,,"스오우 츠카사,츠키나가 레오",스오우 츠카사X츠키나가 레오,,,소설,,https://dongne.co/events/df261002/circles/174431,제35회 디. 페스타(일),Day2
왕돈까스 챌린지 시작!! 헙헙헙ㅜㅜ,「マスター👍」,P-10,P,10,,2sp,오오에,,,,오오사키X시즈마,,,,,https://dongne.co/events/df261002/circles/174648,제35회 디. 페스타(일),Day2
시장앞이 시장에 유통?!,마파두부,Q-03,Q,03,,2sp,오오에,,,,오오사키X시죠마에,로맨틱,,,,https://dongne.co/events/df261002/circles/174889,제35회 디. 페스타(일),Day2
주문하신 미소녀 미소년 나왔습니다!,냐고,B-26,B,26,,2sp,"보컬로이드 (미쿠,보컬로이드 등,이나즈마 일레븐",마법소녀 마도카★마기카(마마마),,,,,,"일러스트,기타",@nyagocircle,https://dongne.co/events/df261002/circles/174085,제35회 디. 페스타(일),Day2
아이돌이 되어도 팰리스에 들어가야하는구나,하이,D-23a,D,23,a,1sp,"아이돌리쉬 세븐,페르소나 5,괴담에 떨어져도 출근을 해야 하는구나",,,,나나세 리쿠X이즈미 이오리,로맨틱,"리쿠이오, 주아케, 솔음사헌",만화,nya1535375,https://dongne.co/events/df261002/circles/175005,제35회 디. 페스타(일),Day2
너희들은 괴담됐다,공쓰,B-18b,B,18,b,1sp,"괴담에 떨어져도 출근을 해야 하는구나,너희들은 변호됐다",,,강민재 차주한,,해당없음,,,khieke149599,https://dongne.co/events/df261002/circles/176415,제35회 디. 페스타(일),Day2
도르마무 테니프리,바랑,G-03b,G,03,b,1sp,"테니스의 왕자(테니프리),페르소나 등등",,,"주아케,후지료",,해당없음,,기타,dori,https://dongne.co/events/df261002/circles/176687,제35회 디. 페스타(일),Day2
두근두근 근친클럽,,D-27a,D,27,a,1sp,아이돌리쉬 세븐,,,"나나세 리쿠,쿠죠 텐",나나세 리쿠X쿠죠 텐,로맨틱,가쿠츠무,소설,meime2mewmew,https://dongne.co/events/df261002/circles/174462,제35회 디. 페스타(일),Day2
디아볼로 파스타집,노두,E-25,E,25,,2sp,"죠죠의 기묘한 모험,우마무스메 프리티 더비",,,"리조토 네로,비네거 도피오,윈 바리아시옹,오르페브르",리조토 네로X비네거 도피오,"로맨틱,섹슈얼",,만화,noduqud,https://dongne.co/events/df261002/circles/174156,제35회 디. 페스타(일),Day2
백일몽을 박박문대,착 한 곰,B-19b,B,19,b,1sp,괴담출근 데못죽,,,"<데뷔 못 하면 죽는 병 걸림> 작 중 캐릭터,<괴담에 떨어져도 출근을 해야 하는구나> 작 중 캐릭터",,,,,goldeirirj,https://dongne.co/events/df261002/circles/174724,제35회 디. 페스타(일),Day2
뱃삯으로 파산직전,,Q-13,Q,13,,2sp,오오에,,,"오오사키,아오미",오오사키X아오미,로맨틱,,기타,ich__g0,https://dongne.co/events/df261002/circles/174183,제35회 디. 페스타(일),Day2
벌레놈들 관찰일지,토끼군,F-30a,F,30,a,1sp,오리지널(1차),,,,,,,"만화,일러스트",Tokki_Kun,https://dongne.co/events/df261002/circles/175278,제35회 디. 페스타(일),Day2
우이사키 앤솔로지,,C-22,C,22,,2sp,뱅드림 아베무지카,,,뱅드림,미스미 우이카X토가와 사키코,로맨틱,,만화,@UISK_anthology,https://dongne.co/events/df261002/circles/174886,제35회 디. 페스타(일),Day2
할배모아 아일랜드,"마야, 인후",Q-02a,Q,02,a,1sp,오오에,지. -지구의 운동에 대하여,,"오오사키,시죠마에,토요스,바데니,오크지",오오사키X토요스,"로맨틱,섹슈얼","오오시죠, 오크바데","만화,일러스트",@grandfaisgood @onagajimaya1229 @Orb_Orp,https://dongne.co/events/df261002/circles/175015,제35회 디. 페스타(일),Day2
우리도시 정상영업 합니다,이진영,S-07b,S,07,b,1sp,"DC코믹스,DC엔터테인먼트 관련 컨텐츠(코믹스",,,제이슨 토드/딕그레이슨/배트맨/등등,,해당없음,,"만화,일러스트",,https://dongne.co/events/df261002/circles/175576,제35회 디. 페스타(일),Day2
최애타컾 지크토니 재등장,손비,D-05a,D,05,a,1sp,,페이트/그랜드 오더,,"지크프리트,파에톤",지크프리트X파에톤,로맨틱,로마빌(로마마리),소설,zziiz_,https://dongne.co/events/df261002/circles/176372,제35회 디. 페스타(일),Day2
타쿠이치 부관참시 위원회,KCPCRNKHA,Q-16b,Q,16,b,1sp,오오에(大穢),,,"오오에,오오아오",오오사키 히이로X아오미 카에데,,,만화,,https://dongne.co/events/df261002/circles/174626,제35회 디. 페스타(일),Day2
산조로가 너무너무 좋다고 말해,,E-18,E,18,,2sp,원피스,,,,상디X롤로노아 조로,,,,,https://dongne.co/events/df261002/circles/174466,제35회 디. 페스타(일),Day2
우주인이 미친섬에 떨어져도 아이돌을 해야하는구나,냐스피린,Q-30,Q,30,,2sp,"오오에,스타워즈,괴담에 떨어져도 출근을 해야 하는구나,앙상블 스타즈",,,,,,,,@nyaspirin,https://dongne.co/events/df261002/circles/174642,제35회 디. 페스타(일),Day2
지동설을 아십니까?,pomlink,E-14,E,14,,2sp,지. -지구의 운동에 대하여,"체인소맨,고스트바둑왕(히카루의바둑)",,,,,,만화,,https://dongne.co/events/df261002/circles/177655,제35회 디. 페스타(일),Day2
고양이는 말랑한가요,용용,C-12a,C,12,a,1sp,적국의 왕자로 사는 법,가정교사 히트맨 리본,,,칼리안X플란츠,로맨틱,"베른플란, 츠나히바",소설,@Peru_kp,https://dongne.co/events/df261002/circles/174531,제35회 디. 페스타(일),Day2
누군가는 해야하잖아,.,C-12b,C,12,b,1sp,전지적 독자 시점,"괴담에 떨어져도 출근을 해야 하는구나,오오에",,,,,,,,https://dongne.co/events/df261002/circles/179727,제35회 디. 페스타(일),Day2
서클명을 적어주세요,하인,Q-12b,Q,12,b,1sp,오오에,,,,오오사키X타케시바,,,,hahinnom,https://dongne.co/events/df261002/circles/175374,제35회 디. 페스타(일),Day2
오오에섬 캣파이트존,지카,P-21,P,21,,2sp,"오오에,오오에(大穢)",,,"오오에(오오사키,오오에 - 아리아케,오오사키 / 신바시",오오에(오오사키X오오에 - 아리아케,해당없음,"아리아케,신바시","음반,게임,기타",@US__J,https://dongne.co/events/df261002/circles/174853,제35회 디. 페스타(일),Day2
이번역은 하치조지마 ,융,Q-25,Q,25,,2sp,오오에,,,"오오사키,후네노,신바시",오오사키X후네노,로맨틱,오오신,"만화,일러스트",@YKO_456,https://dongne.co/events/df261002/circles/174053,제35회 디. 페스타(일),Day2
이고맥스 열애설폭로 도모회,김윤하,D-08a,D,08,a,1sp,"프리파라,프리파라 (프리채널),프리파라 시리즈",프리파라,,프리파라작중캐릭터,프리파라작중캐릭터X프리파라작중캐릭터,해당없음,,"만화,일러스트,소설",@cosoha0_0,https://dongne.co/events/df261002/circles/175184,제35회 디. 페스타(일),Day2
페르소나 소환했는데 안녕하세요 뮤지컬 배우 강찬입니다,,S-22,S,22,,2sp,,,,,,,,,,https://dongne.co/events/df261002/circles/174644,제35회 디. 페스타(일),Day2
육아천재 공동육아구역,미운,D-27b,D,27,b,1sp,아이돌리쉬 세븐,,,"나나세 리쿠,쿠죠 텐",나나세 리쿠X쿠죠 텐,"로맨틱,섹슈얼",,만화,@_miunmiun,https://dongne.co/events/df261002/circles/174309,제35회 디. 페스타(일),Day2
오크지군 명란바게트도 사오게,세로시럽,E-15b,E,15,b,1sp,지. -지구의 운동에 대하여,,,,오크지X바데니,로맨틱,,만화,syyyyrupup,https://dongne.co/events/df261002/circles/174279,제35회 디. 페스타(일),Day2
우리장르 정상영업합니다,동구,D-16a,D,16,a,1sp,fkmt,,,"히라이 긴지,모리타 테츠오",,로맨틱,,만화,@_donggu_9,https://dongne.co/events/df261002/circles/174376,제35회 디. 페스타(일),Day2
링고멘션&체리치즈 ,피링 ,D-02,D,02,,2sp,"오리지널 창작,오리지널","캐릭캐릭체인지,로젠메이든",,,,,,,,https://dongne.co/events/df261002/circles/179641,제35회 디. 페스타(일),Day2
곰돌이부스,팝곰,F-22a,F,22,a,1sp,고스트바둑왕(히카루의바둑),버츄얼 유튜버(니지산지),,히카루의 바둑,후지와라노 사이X신도 히카루,로맨틱,,"만화,일러스트,기타",@popgomdori01,https://dongne.co/events/df261002/circles/174336,제35회 디. 페스타(일),Day2
나나작업실,나나몽,G-26,G,26,,2sp,주술회전,"해즈빈호텔,헬루바보스,원피스,마법소녀들,짱구는 못말려",,"고죠 사토루,게토 스구루,이타도리 유지,료멘 스쿠나,알래스터,복스",,해당없음,,일러스트,,https://dongne.co/events/df261002/circles/181063,제35회 디. 페스타(일),Day2
도깨비상점,이지연,C-03,C,03,,2sp,,,,,,해당없음,,공예,kkebistore,https://dongne.co/events/df261002/circles/173717,제35회 디. 페스타(일),Day2
드래곤펀치,우미네꼬,U-27,U,27,,2sp,용과같이,주술회전,,"카스가 이치반,아오키 료,이타도리 유지,후시구로 메구미",카스가 이치반X아오키 료,로맨틱,이타후시,만화,@umineko0101,https://dongne.co/events/df261002/circles/176524,제35회 디. 페스타(일),Day2
로바리필집,"리, 선필",R-24,R,24,,2sp,원신,,,,로엔X바르카,"로맨틱,해당없음",,,,https://dongne.co/events/df261002/circles/175345,제35회 디. 페스타(일),Day2
롬다롬다롬,도람,F-18,F,18,,2sp,포켓몬,"스플래툰,프리큐어,앙상블 스타즈",,,,,,,@doramdarom,https://dongne.co/events/df261002/circles/174516,제35회 디. 페스타(일),Day2
먼지다듬이,nonon,E-28b,E,28,b,1sp,"고서점가의 하시히메,우우울트라C",,,,,,,,,https://dongne.co/events/df261002/circles/174671,제35회 디. 페스타(일),Day2
무지개반사,토푸,D-18a,D,18,a,1sp,"기동전사 건담:역습의 샤아,퍼스트 건담,우주세기 건담",,,"샤아 아즈나블,아무로 레이",샤아 아즈나블X아무로 레이,"섹슈얼,로맨틱",,"만화,소설",@tofu260513,https://dongne.co/events/df261002/circles/175507,제35회 디. 페스타(일),Day2
뭔가나온다,호미,T-07,T,07,,2sp,화산귀환 외 다,"콜오브듀티(콜옵),앙상블 스타즈,원피스",,,,,,"만화,일러스트",,https://dongne.co/events/df261002/circles/179437,제35회 디. 페스타(일),Day2
바둑강아지,이실,F-10b,F,10,b,1sp,히카루의 바둑,,,"후지와라노 사이,신도우 히카루,쿠와바라 혼인보,오가타 9단",,해당없음,,"일러스트,소설",@isilith_otona,https://dongne.co/events/df261002/circles/180002,제35회 디. 페스타(일),Day2
방사능구역,메제드,Q-34,Q,34,,2sp,"오오에,우우울트라C",오오에,,"히바리노 요미,사야시 쥬로,오오사키,신바시",히바리노 요미X사야시 쥬로,"로맨틱,섹슈얼","오오신,벨시로",만화,@Medjed_sa_ma,https://dongne.co/events/df261002/circles/174697,제35회 디. 페스타(일),Day2
봄날의들판,버거섬,P-02b,P,02,b,1sp,오오에,,,신바시,오오사키X신바시,,,,@burgershima,https://dongne.co/events/df261002/circles/174699,제35회 디. 페스타(일),Day2
비정상영업,88,B-22a,B,22,a,1sp,데뷔 못 하면 죽는 병 걸림,,,,차유진X김래빈,,채율청려,소설,@9UzFp8,https://dongne.co/events/df261002/circles/174686,제35회 디. 페스타(일),Day2
사파리월드,덕팔,R-25b,R,25,b,1sp,붕괴: 스타레일,괴담에 떨어져도 출근을 해야 하는구나,,,단항X카일루스,,,"만화,일러스트",duckfari481,https://dongne.co/events/df261002/circles/175436,제35회 디. 페스타(일),Day2
송송작업실,송원석,G-25,G,25,,2sp,"주술회전,원피스,가정교사 히트맨 리본,나루토,헌터x헌터,헌터×헌터,마법소녀들,세일러문 마법소녀들,스파패,포켓몬",,,,,,,일러스트,,https://dongne.co/events/df261002/circles/181064,제35회 디. 페스타(일),Day2
아이스박스,뉴뉴,E-04a,E,04,a,1sp,어바등,괴담출근 등,,,,,,,beavererer,https://dongne.co/events/df261002/circles/174408,제35회 디. 페스타(일),Day2
안냐냐세요,우나기,P-19,P,19,,2sp,오오에,"파이널판타지14,니트로 키랄 플러스",,,,,,,,https://dongne.co/events/df261002/circles/174617,제35회 디. 페스타(일),Day2
애니뜨개방,김,C-31a,C,31,a,1sp,"하이큐!!,나의 히어로 아카데미아,주술회전",,,,,,,"만화,공예",@sejin_room,https://dongne.co/events/df261002/circles/180183,제35회 디. 페스타(일),Day2
어서오세요,이오,S-29a,S,29,a,1sp,앙상블 스타즈,,,"츠키나가 레오,Knights",,,,만화,,https://dongne.co/events/df261002/circles/175605,제35회 디. 페스타(일),Day2
여름안에서,필진,E-11b,E,11,b,1sp,디지몬 어드벤쳐,,,"야가미 타이치,이즈미 코시로",야가미 타이치X이즈미 코시로,"로맨틱,섹슈얼",,만화,@junpiljin,https://dongne.co/events/df261002/circles/175273,제35회 디. 페스타(일),Day2
여자일진석,공추맨,P-22a,P,22,a,1sp,오오에,,,"오오사키,신바시,아리아케",오오사키X아리아케,해당없음,오오신,만화,@30822877_,https://dongne.co/events/df261002/circles/174631,제35회 디. 페스타(일),Day2
오타쿠모임,빵이,F-25,F,25,,2sp,헌터x헌터,죠죠의 기묘한 모험,,,,,,,,https://dongne.co/events/df261002/circles/174504,제35회 디. 페스타(일),Day2
웃츄피렌체,오타쿠,R-02,R,02,,2sp,앙상블 스타즈,,,츠키나가 레오,츠키나가 레오X세나 이즈미,"로맨틱,섹슈얼",,"만화,일러스트",,https://dongne.co/events/df261002/circles/175288,제35회 디. 페스타(일),Day2
이스미핸섬,쌈장,F-07a,F,07,a,1sp,"버츄얼 유튜버(니지산지),니지산지,메챠츠에","히카루의 바둑,고스트 바둑왕,히카고",,,,,,,isumi_handsome,https://dongne.co/events/df261002/circles/174402,제35회 디. 페스타(일),Day2
임의부스명,비어,D-18b,D,18,b,1sp,기타 등등,,,,,,,,,https://dongne.co/events/df261002/circles/177216,제35회 디. 페스타(일),Day2
장르비빔밥,우주먼지,"C-19, C-20",C,19,,4sp,화산귀환,"에일리언스테이지,괴출,혈계전선,힢마,단간론파",,"화산귀환,에일리언스테이지,괴담출근 주요 캐릭터,혈계전선 등장 캐릭터,단간론파는 올캐릭),힢마",화산귀환 청명X화산귀환 당보,로맨틱,이반틸,"만화,소설,공예,기타",@ujugaemi88819,https://dongne.co/events/df261002/circles/175125,제35회 디. 페스타(일),Day2
지주크로스,순띠,S-14,S,14,,2sp,페르소나 3,,,,,,,,sooon787,https://dongne.co/events/df261002/circles/175471,제35회 디. 페스타(일),Day2
진티엔리밍,김정은,"C-01, C-32",C,01,,4sp,,,,,,,,,,https://dongne.co/events/df261002/circles/179451,제35회 디. 페스타(일),Day2
천악콜라보,개암,C-29b,C,29,b,1sp,"오리지널등 기타,오리지널 문구류",,,,,,,,@hazeltreefairy,https://dongne.co/events/df261002/circles/175434,제35회 디. 페스타(일),Day2
페소머스마,향메,S-16,S,16,,2sp,"페르소나 3,페르소나 4,우마무스메",,,"햄코 (여주),이오리 준페이,나루카미 유우,시로가네 나오토",나루카미유우X시로가네 나오토,로맨틱,준햄,만화,@NGZA_HM ,https://dongne.co/events/df261002/circles/179542,제35회 디. 페스타(일),Day2
푸른다락방,미미광어,B-29b,B,29,b,1sp,,,,,,,,,,https://dongne.co/events/df261002/circles/181038,제35회 디. 페스타(일),Day2
호요판타지,박소정,R-25a,R,25,a,1sp,"붕괴3rd,원신",1차 창작 팬시,,,,해당없음,,,@Po_chirin,https://dongne.co/events/df261002/circles/174288,제35회 디. 페스타(일),Day2
나사쌜러드 ,로메인,E-22,E,22,,2sp,"죠죠의 기묘한 모험,페르소나 4",포켓몬스터 스칼렛·바이올렛,,"쿠죠 죠타로,죠셉 죠스타,사토나카 치에,아마기 유키코",쿠죠 죠타로X죠셉 죠스타,"섹슈얼,로맨틱","아마기 유키코x사토나카 치에, 카지x제빈, 죠르노 죠바나x판나코타 후고","일러스트,만화",@Romaine_salad_,https://dongne.co/events/df261002/circles/175595,제35회 디. 페스타(일),Day2
슈뢰딩거의 부스,ᆞ,B-23a,B,23,a,1sp,데뷔 못 하면 죽는 병 걸림,괴담에 떨어져도 출근을 해야 하는구나,,,,,,,ᆞ,https://dongne.co/events/df261002/circles/173997,제35회 디. 페스타(일),Day2
미도리지마 관광청,"XXX,볶음밥파이터",Q-05,Q,05,,2sp,"dmmd,오오에,뉴 단간론파 V3,슬로우데미지,Lkyt.",,,,클리어X세라가키 아오바,로맨틱,"코우아오, 오마사이",,@o5e482055,https://dongne.co/events/df261002/circles/174064,제35회 디. 페스타(일),Day2
살아남아라 공주님,컨,D-08b,D,08,b,1sp,,,,,,,,,,https://dongne.co/events/df261002/circles/175496,제35회 디. 페스타(일),Day2
생카이신분 리부트,쪠,E-20,E,20,,2sp,명탐정 코난,,,"쿠로바 카이토,쿠도 신이치",쿠로바 카이토X쿠도 신이치,로맨틱,,"소설,만화",jjye1412,https://dongne.co/events/df261002/circles/179625,제35회 디. 페스타(일),Day2
연어초밥과 주먹밥,연초핑,G-11,G,11,,2sp,"포켓몬스터,슈퍼 단간론파,반도리(뱅드림),마법소녀 마도카★마기카(마마마)","케로로,개구리중사케로로",,,,,,,,https://dongne.co/events/df261002/circles/181044,제35회 디. 페스타(일),Day2
오오에지마 좀도둑,나살려,P-12b,P,12,b,1sp,오오에,,,"오오사키,신바시,아리아케,시즈마",오오사키X시즈마,"로맨틱,섹슈얼",오오신 등,"소설,공예",@dasukete_T_T,https://dongne.co/events/df261002/circles/174508,제35회 디. 페스타(일),Day2
타르타로스 등반회,예쓰스트레스,R-15a,R,15,a,1sp,페르소나 시리즈,,,,사나다아키히코X키리조미츠루X아라가키신지로,"로맨틱,섹슈얼",쿠지카와리세x타츠미칸지x시로가네나오토,만화,@YessStress,https://dongne.co/events/df261002/circles/179997,제35회 디. 페스타(일),Day2
안녕하세요 한입만 주세요,머루,E-27a,E,27,a,1sp,은혼,니지산지,,,오키타 소고X카구라,해당없음,,,tokkiisgood / rnrurum,https://dongne.co/events/df261002/circles/179124,제35회 디. 페스타(일),Day2
놀러오세요 쉐이의 기묘한 계원카페,"뇽구, 돌망",R-09,R,09,,2sp,명일방주,,,,,,,,,https://dongne.co/events/df261002/circles/179631,제35회 디. 페스타(일),Day2
자신없어요 하지만! 해야지어떡합니까,,T-03,T,03,,2sp,트위스티드 원더랜드,,,,제이드 리치X아즐 아셴그롯토,로맨틱,,,,https://dongne.co/events/df261002/circles/176436,제35회 디. 페스타(일),Day2
메멘토스행 은하열차,부찌,R-19,R,19,,2sp,"페르소나 시리즈,붕괴: 스타레일",,,"붕괴:스타레일,페르소나3,페르소나4,페르소나 5,주인공(페르소나5),페르소나5 아케치,어벤츄린,토파즈",주인공(페르소나5)X페르소나5 아케치,"로맨틱,섹슈얼",붕괴: 스타레일(어벤토파),"일러스트,만화","@boooooozzi, @euunng, @dopaminechuguja",https://dongne.co/events/df261002/circles/174287,제35회 디. 페스타(일),Day2
파죽지세의 하시히메,"파도, 개죽이",E-29,E,29,,2sp,고서점가의 하시히메,오오에,,"타마모리,카와세,박사,오오사키,아리아케,히노데",카와세X타마모리,"로맨틱,섹슈얼","오오아리, 오오아리히노, 오오히노, 박사타마",,"@B__MDKS, @i4te2ru",https://dongne.co/events/df261002/circles/174624,제35회 디. 페스타(일),Day2
해피브레인_랑데부,돌래,D-21a,D,21,a,1sp,주술회전,,,"고죠 사토루,이타도리 유지",고죠 사토루X이타도리 유지,"로맨틱,섹슈얼",,"소설,공예",@goyu23_k,https://dongne.co/events/df261002/circles/174423,제35회 디. 페스타(일),Day2
좋아하는거!!!!,제비는왜석화했을까?,E-27b,E,27,b,1sp,닥터스톤,,,이시가미 센쿠,,,,,@whytsubame,https://dongne.co/events/df261002/circles/176607,제35회 디. 페스타(일),Day2
돗치가스키? 아가씨와 메이드,"샤 크림,와플",Q-22,Q,22,,2sp,오오에,,,오오에 전편조 위주,오오사키X아오미,로맨틱,"오오아리, 오오신, ","기타,일러스트",@syakeulim001 @waffle_ooe,https://dongne.co/events/df261002/circles/174088,제35회 디. 페스타(일),Day2
도데모이이. 아바이떼야루. 맞팔해주시면 감사하겠습니다!,꽁나 / 채널 / 뚜모,R-14,R,14,,2sp,페르소나 3/4/5,,,"페르소나 시리즈 주인공들,아케치 고로,아다치 토오루",페르소나5 주인공X아케치 고로,"해당없음,로맨틱","주아다, 주아이","만화,일러스트",@ggongna777 / @CHANNEL_0513 / @ddumo_,https://dongne.co/events/df261002/circles/180003,제35회 디. 페스타(일),Day2
다회용충전기,피케,F-12a,F,12,a,1sp,"포켓몬스터,앙상블 스타즈,페르소나 5",,,"사에구사 이바라,후시미 유즈루",사에구사 이바라X후시미 유즈루,해당없음,,만화,@ES_Picke,https://dongne.co/events/df261002/circles/174643,제35회 디. 페스타(일),Day2
데즈카오사우,정하은,U-30,U,30,,2sp,,,,,,,,,@webnovel_lover,https://dongne.co/events/df261002/circles/174356,제35회 디. 페스타(일),Day2
모르는개산책,먹군,D-10,D,10,,2sp,"뱅드림 아베무지카,뱅드림!",,,"<뱅드림 Ave Mujica> 미스미 우이카, 토가와 사키코",미스미 우이카X토가와 사키코,"로맨틱,섹슈얼",,만화,"@mkun606, @AT_09098",https://dongne.co/events/df261002/circles/179792,제35회 디. 페스타(일),Day2
무명중소기업,콩,A-09,A,09,,2sp,괴담에 떨어져도 출근을 해야 하는구나,"어두운 바다의 등불이 되어,붕괴: 스타레일",,,,,,일러스트,@beanjjang_,https://dongne.co/events/df261002/circles/179828,제35회 디. 페스타(일),Day2
뭔가나옵니다,메린,T-10,T,10,,2sp,,,,,,,,,merinme99,https://dongne.co/events/df261002/circles/175574,제35회 디. 페스타(일),Day2
사랑한도초과,묘이,P-18b,P,18,b,1sp,보컬로이드,오오에,,보컬로이드 미쿠,오오사키X아리아케,로맨틱,,일러스트,@myoeei_,https://dongne.co/events/df261002/circles/180182,제35회 디. 페스타(일),Day2
산양보호협회,모토,A-19,A,19,,2sp,괴담에 떨어져도 출근을 해야 하는구나,,,"김솔음,고영은,백사헌,최 요원",김솔음X고영은,로맨틱,"사헌영은, 솔영샇, 솔최",소설,@sweetn0thing,https://dongne.co/events/df261002/circles/177836,제35회 디. 페스타(일),Day2
새나비교류회,슬,S-10,S,10,,2sp,리버스: 1999,,,"<리버스 : 1999> 실버윙 이글,<리버스 : 1999> 로렌츠 버터플라이",<리버스 : 1999> 실버윙 이글X<리버스 : 1999> 로렌츠 버터플라이,"로맨틱,해당없음",,"만화,일러스트",@r1999tmf,https://dongne.co/events/df261002/circles/175492,제35회 디. 페스타(일),Day2
세나를위해서,행개,R-34,R,34,,2sp,앙상블 스타즈,,,"츠키나가 레오,세나 이즈미",츠키나가 레오X세나 이즈미,"로맨틱,섹슈얼",,만화,@stupidyk_dog,https://dongne.co/events/df261002/circles/175290,제35회 디. 페스타(일),Day2
소녀돼지파티,개돼지,T-13,T,13,,2sp,미정,골든카무이,,,,,,,,https://dongne.co/events/df261002/circles/174802,제35회 디. 페스타(일),Day2
아기식빵곤룡,김가현,S-21a,S,21,a,1sp,"역전재판 시리즈,역전재판,역전검사","젤다의 전설,바이오하자드",,나루미츠,나루호도류이치X미츠루기레이지,"로맨틱,섹슈얼","긴히지, 쿠로츠키 등","일러스트,만화,공예,기타",@Capricorn4x,https://dongne.co/events/df261002/circles/176557,제35회 디. 페스타(일),Day2
연림교회닫힘,김아림,A-24,A,24,,2sp,괴담에 떨어져도 출근을 해야 하는구나,"어두운 바다의 등불이 되어,사카모토데이즈,가비지타임",,,,,,,@_T43JU,https://dongne.co/events/df261002/circles/175440,제35회 디. 페스타(일),Day2
연하남연상녀,영희,U-07b,U,07,b,1sp,용과같이,,,용과같이 주요 인물들,한준기/선희(용같),로맨틱,,"만화,일러스트",,https://dongne.co/events/df261002/circles/174310,제35회 디. 페스타(일),Day2
오레니시나요,어푸,R-32,R,32,,2sp,앙상블 스타즈,,,,츠키나가 레오X세나 이즈미,"로맨틱,섹슈얼",,"만화,기타",,https://dongne.co/events/df261002/circles/175289,제35회 디. 페스타(일),Day2
오시마랑데부,관엽식물,Q-17a,Q,17,a,1sp,오오에,,,"오오사키,아오미",오오사키X아오미 카에데,로맨틱,,만화,@Houseplant_2,https://dongne.co/events/df261002/circles/173993,제35회 디. 페스타(일),Day2
오시마섬여관,클,Q-16a,Q,16,a,1sp,오오에,,,"오오사키 히이로,아오미 카에데",오오사키 히이로X아오미 카에데,"로맨틱,섹슈얼",,만화,76bde4,https://dongne.co/events/df261002/circles/174815,제35회 디. 페스타(일),Day2
이거저거그거,이주연,U-01,U,01,,2sp,"스타워즈 만달로리안,천관사복",리버스: 1999,,,화성X사련,,,,@Deulle_M,https://dongne.co/events/df261002/circles/179380,제35회 디. 페스타(일),Day2
이반틸처하자,삽,C-18b,C,18,b,1sp,에일리언스테이지,,,"이반,틸,미지,수아",이반X틸,"로맨틱,섹슈얼",미지수아,만화,@mojong_sap,https://dongne.co/events/df261002/circles/175128,제35회 디. 페스타(일),Day2
일단내는부스,꽈,A-26a,A,26,a,1sp,괴담에 떨어져도 출근을 해야 하는구나,"리버스: 1999,오오에",,,,,,,,https://dongne.co/events/df261002/circles/174894,제35회 디. 페스타(일),Day2
장르짬뽕반점,꽝새,U-24,U,24,,2sp,연운십육성,"술탄의 게임,그노시아",,,,,,,@ggangsae1_1,https://dongne.co/events/df261002/circles/174268,제35회 디. 페스타(일),Day2
주루이비빔밥,74,S-13a,S,13,a,1sp,메타포: 리판타지오,바이오하자드,,루이 귀아베른,주인공X루이 귀아베른,"섹슈얼,로맨틱",,만화,@eFZcKCpSDT95362,https://dongne.co/events/df261002/circles/179884,제35회 디. 페스타(일),Day2
파이팅해야지,이은지,B-25b,B,25,b,1sp,힘내라 나카무라군!!,,,힘내라 나카무라군,나카무라X히로세,로맨틱,,"만화,기타,일러스트",@bbaby087,https://dongne.co/events/df261002/circles/174241,제35회 디. 페스타(일),Day2
판소김치찌개,백채원,A-06a,A,06,a,1sp,"괴담에 떨어져도 출근을 해야 하는구나,이착헌","마차살,진혼기,변호됨",,,,,,"소설,일러스트",@zzigay @iche0n @jodeongbo55,https://dongne.co/events/df261002/circles/174264,제35회 디. 페스타(일),Day2
후와후와타임,,G-32b,G,32,b,1sp,"마법소녀 마도카★마기카(마마마),케이온,캐캐체,오란고교 사교클럽,사이키 쿠스오의 재난,오란고교 호스트부","쵸비츠 마마마 캐캐체 디지캐럿,추억의 Y2k 장르(쵸비츠 디지캐럿 등),나루토",,,,,,,saetiio,https://dongne.co/events/df261002/circles/174651,제35회 디. 페스타(일),Day2
휘핑얹은크림,휘핑,C-23b,C,23,b,1sp,WIND BREAKER(WINBRE/윈브레),,,사쿠라 하루카 외 윈드브레이커 캐릭터 여러명,,해당없음,,,creammu_wib,https://dongne.co/events/df261002/circles/174742,제35회 디. 페스타(일),Day2
위아원처하자  ㄴ 위아원이뭔데,랩실,T-06,T,06,,2sp,우마무스메,"포켓몬스터,페르소나 5,앙상블 스타즈,명문고 EX급 조연의 리플레이",,,,로맨틱,,"만화,소설,일러스트",@GBIeventnotice,https://dongne.co/events/df261002/circles/174554,제35회 디. 페스타(일),Day2
말랑말랑해질 수 있는 거임?바둑도?,김거북이,F-22b,F,22,b,1sp,"히카루의 바둑,고스트바둑왕(히카루의바둑),히카루의 바둑(이하 고스트 바둑왕)",,,"신도우 히카루,후지와라노 사이,토우야 아키라,고영하,홍수영",,,,,@byuljubu_,https://dongne.co/events/df261002/circles/174160,제35회 디. 페스타(일),Day2
츠카레오만이 인생이야,먕냠,S-32b,S,32,b,1sp,"앙상블 스타즈,앙살블스타즈",,,"스오우 츠카사,츠키나가 레오",스오우 츠카사X츠키나가 레오,로맨틱,,,@myangnyam60,https://dongne.co/events/df261002/circles/174679,제35회 디. 페스타(일),Day2
미도리지마로 헤엄쳐가자,"갈치조림, 쫀득",R-04,R,04,,2sp,"드라마티컬 머더,dmmd",,,세라가키 아오바,,,,일러스트,"@m_arijuan__a, @lovefudokido",https://dongne.co/events/df261002/circles/175481,제35회 디. 페스타(일),Day2
부스하셨스타(재고털이의 모습),낙수,F-15b,F,15,b,1sp,"포켓몬스터,포켓몬",,,"모란,시유,푸름,비파,멜로코",시유X푸름,로맨틱,"모란x멜로코, 모란x비파, 멜로코x모란, 비파x모란, 멜로코x비파, 비파x멜로코, 푸름x시유",소설,@teamstarisgajok,https://dongne.co/events/df261002/circles/180034,제35회 디. 페스타(일),Day2
가나다라마바사,아자스,T-20,T,20,,2sp,,,,,,,,,,https://dongne.co/events/df261002/circles/174633,제35회 디. 페스타(일),Day2
귀신이보컬노릇,verse,T-05,T,05,,2sp,히프노시스마이크,,,,,해당없음,,,@verse_un_i,https://dongne.co/events/df261002/circles/174285,제35회 디. 페스타(일),Day2
김치찌개마카롱,감튀,F-10a,F,10,a,1sp,히카루의 바둑,,,,,,,,,https://dongne.co/events/df261002/circles/180168,제35회 디. 페스타(일),Day2
두번섭종한게이,히히,T-29a,T,29,a,1sp,,장갑기병 보톰즈,,"'카트라이더' 렉스,'카트라이더' 네오",'카트라이더' 렉스X'카트라이더' 네오,"로맨틱,섹슈얼",,"만화,일러스트,기타",@11_hihi_,https://dongne.co/events/df261002/circles/179554,제35회 디. 페스타(일),Day2
듀듀듀듀바바바,바비,E-31,E,31,,2sp,"나루토,닌자보이 란타로",,,,,,,,,https://dongne.co/events/df261002/circles/179675,제35회 디. 페스타(일),Day2
립서비스옆카페,"와자뵤, 쉼표",P-13,P,13,,2sp,오오에,,,오오사키 아리아케,오오사키X아리아케,"로맨틱,섹슈얼",,,,https://dongne.co/events/df261002/circles/174966,제35회 디. 페스타(일),Day2
마카롱형제찌개,ROKA2,R-10,R,10,,2sp,명일방주,블루록,,"총웨,명일방주 왕",총웨X명일방주 왕,"로맨틱,섹슈얼",린사에,"만화,일러스트,소설",@roka10072,https://dongne.co/events/df261002/circles/179868,제35회 디. 페스타(일),Day2
만화연구동아리,수산시장,"U-06, U-29",U,06,,4sp,,,,,,,,,,https://dongne.co/events/df261002/circles/174483,제35회 디. 페스타(일),Day2
망고샤벗파르페,제리,G-01,G,01,,2sp,"스킵과로퍼,던전밥,오리지널(1차)",,,,,해당없음,,"일러스트,기타",@jjerrying,https://dongne.co/events/df261002/circles/175312,제35회 디. 페스타(일),Day2
매지컬유니버스,매유,G-23,G,23,,2sp,,,,,,,,공예,magical_univers,https://dongne.co/events/df261002/circles/181267,제35회 디. 페스타(일),Day2
뭐라도내는부스,고장,D-11,D,11,,2sp,"테일즈런너,아이돌리쉬 세븐",헌터x헌터,,,,해당없음,,,,https://dongne.co/events/df261002/circles/176311,제35회 디. 페스타(일),Day2
사회의어두운면,김석환,R-26,R,26,,2sp,붕괴: 스타레일,명일방주:엔드필드,,,파이논X마이데이,로맨틱,,일러스트,,https://dongne.co/events/df261002/circles/174414,제35회 디. 페스타(일),Day2
신라라라로가자,연든,Q-32a,Q,32,a,1sp,진혼기,,,"김설영,자하,설영랑,<진혼기>설영,<진혼기>자하",,해당없음,,,@CSYlili,https://dongne.co/events/df261002/circles/174891,제35회 디. 페스타(일),Day2
아리아케애호단,흠뫄,P-20b,P,20,b,1sp,오오에,,,"오오사키,아리아케",오오사키X아리아케,"로맨틱,섹슈얼",,일러스트,@hhmmwow_,https://dongne.co/events/df261002/circles/179543,제35회 디. 페스타(일),Day2
예스빡키킵고잉,노을,P-32a,P,32,a,1sp,"오오에,죠죠의 기묘한 모험",,,,오오사키X신바시,,죠나디오,,,https://dongne.co/events/df261002/circles/174828,제35회 디. 페스타(일),Day2
왕관조룩백존버,촐랑,S-06,S,06,,2sp,앙상블 스타즈,,,"스오우 츠카사,히메미야 토리,카게히라 미카,이츠키 슈,카제하야 타츠미,아야세 마요이,츠키나가 레오,세나 이즈미,에스프리",스오우 츠카사X히메미야 토리,로맨틱,"미카슈, 타츠마요, 레오이즈",,X_CHAREE_X,https://dongne.co/events/df261002/circles/175367,제35회 디. 페스타(일),Day2
유기농망상농장,무당벌레,G-30a,G,30,a,1sp,악마에 입문했습니다! 이루마군,,,"아스모데우스 아리스,스즈키 이루마",,로맨틱,,"만화,일러스트",mirm_nofacem,https://dongne.co/events/df261002/circles/174407,제35회 디. 페스타(일),Day2
익명의빛의전사,란,Q-19a,Q,19,a,1sp,파이널판타지14,,,올라운더,,,,만화,@tw_egg_2,https://dongne.co/events/df261002/circles/175598,제35회 디. 페스타(일),Day2
인도커리전문점,103,S-23a,S,23,a,1sp,페이트/그랜드 오더,,,"인드라,아르주나",인드라X아르주나,,,,@103_fgo,https://dongne.co/events/df261002/circles/174981,제35회 디. 페스타(일),Day2
종합배놀이부스,비조,R-07,R,07,,2sp,명일방주,원피스,,,,,,,bijobj4,https://dongne.co/events/df261002/circles/174514,제35회 디. 페스타(일),Day2
카페옆립서비스,AK,P-22b,P,22,b,1sp,오오에,단간론파,,,오오사키X아리아케,로맨틱,"오오신, 사이아카 ",만화,0o0e0A,https://dongne.co/events/df261002/circles/174961,제35회 디. 페스타(일),Day2
하시마다하시죠,야차,E-30b,E,30,b,1sp,나루토,,,센쥬하시라마 우치하마다라,센쥬 하시라마X우치하 마다라,로맨틱,타카긴,만화,,https://dongne.co/events/df261002/circles/180159,제35회 디. 페스타(일),Day2
아기서방이라는 말은 참 좋은것 같아요 아기서방이라는 뜻이잖아요,,F-02,F,02,,2sp,오오에,황천의 츠가이,,,오오사키X시즈마,,,만화,,https://dongne.co/events/df261002/circles/174405,제35회 디. 페스타(일),Day2
오오에지마에서 닌자축구를,무로마치 여자친구,Q-33,Q,33,,2sp,,,,,,,,,,https://dongne.co/events/df261002/circles/179642,제35회 디. 페스타(일),Day2
가갸거겨고교그기,갸,Q-21a,Q,21,a,1sp,파이널판타지14 (FF14. 파판14),오오에,,,,,,,,https://dongne.co/events/df261002/circles/175179,제35회 디. 페스타(일),Day2
개집이제일안전해,고추개,P-07b,P,07,b,1sp,오오에,,,"오오사키,시즈마",오오사키X시즈마,,,,@gochugae,https://dongne.co/events/df261002/circles/174840,제35회 디. 페스타(일),Day2
도자기굽는고양이,한성미,B-16,B,16,,2sp,괴담에 떨어져도 출근을 해야 하는구나,창작 공예,,"괴담출근,괴담출근 주요 캐릭터,괴담에 떨어져도 출근을 해야 하는구나",,,,공예,@nyangcraft,https://dongne.co/events/df261002/circles/180211,제35회 디. 페스타(일),Day2
멘탈갱생프로젝트,연기,R-33b,R,33,b,1sp,앙상블 스타즈,,,"츠키나가 레오,세나 이즈미",츠키나가 레오X세나 이즈미,"로맨틱,섹슈얼",,만화,ysrd52,https://dongne.co/events/df261002/circles/176316,제35회 디. 페스타(일),Day2
뭐라도나오는부스,도로롱,C-16,C,16,,2sp,이세계 착각 헌터,,,,,,,"소설,만화",@dororong01,https://dongne.co/events/df261002/circles/175501,제35회 디. 페스타(일),Day2
버러지도시로가자,외계인,G-03a,G,03,a,1sp,혈계전선,,,,,,,,,https://dongne.co/events/df261002/circles/179645,제35회 디. 페스타(일),Day2
사이어디갔섬ㅠㅠ,더수상한놈,F-07b,F,07,b,1sp,"히카루의 바둑,고스트바둑왕(히카루의바둑)","봄이 오면 꽃이 피고,하토풀,인캬라브코메",,,,,,,@the_susang,https://dongne.co/events/df261002/circles/174096,제35회 디. 페스타(일),Day2
아무생각이없어요,"뭐든, 코우",P-33,P,33,,2sp,오오에,,,"오오사키,신바시,아오미",오오사키X신바시 아오미,해당없음,,기타,"@_mo_ddd, @KO_U_221",https://dongne.co/events/df261002/circles/173951,제35회 디. 페스타(일),Day2
아직가버리면안돼,"날조, 딩쨩",P-24,P,24,,2sp,오오에,,,"오오사키,시즈마",오오사키X시즈마,"로맨틱,섹슈얼",,"만화,소설",@blgyebal,https://dongne.co/events/df261002/circles/174017,제35회 디. 페스타(일),Day2
왐마야씨피전문점,개박하,P-34a,P,34,a,1sp,오오에,,,신바시,오오사키X신바시,로맨틱,,,,https://dongne.co/events/df261002/circles/174492,제35회 디. 페스타(일),Day2
은교먹는은교벌레,AIMEN,P-17a,P,17,a,1sp,오오에,고서점가의 하시히메,,아리아케,오오사키X아리아케,"섹슈얼,로맨틱",,"만화,일러스트",AIMENEMIA,https://dongne.co/events/df261002/circles/174638,제35회 디. 페스타(일),Day2
이단용사고문클럽,백어,E-15a,E,15,a,1sp,지. -지구의 운동에 대하여,전용.,,,라파우군X후베르트,해당없음,로스알바,"만화,일러스트",edanipnida,https://dongne.co/events/df261002/circles/180093,제35회 디. 페스타(일),Day2
진짜진짜좋은사람,박병철,U-31,U,31,,2sp,,,,,,,,,,https://dongne.co/events/df261002/circles/173891,제35회 디. 페스타(일),Day2
하루에커피다섯잔,tre.,U-07a,U,07,a,1sp,용과같이,,,"용과같이,사에지마 타이가,마지마 고로",사에지마 타이가X마지마 고로,로맨틱,,"만화,일러스트",@1day4coffee,https://dongne.co/events/df261002/circles/180131,제35회 디. 페스타(일),Day2
그래레오와이즈잖아,||||||,R-33a,R,33,a,1sp,앙상블 스타즈,주술회전,,"츠키나가 레오,세나 이즈미,이타도리 유우지,후시구로 메구미,레오이즈,이타후시",츠키나가 레오X세나 이즈미,로맨틱,"레오이즈, 이타후시",만화,,https://dongne.co/events/df261002/circles/175609,제35회 디. 페스타(일),Day2
독일해저아이돌괴담,아버,B-17,B,17,,2sp,괴담에 떨어져도 출근을 해야 하는구나,"어두운바다의등불이되어(어바등),데뷔못하면죽는병걸림(데못죽),마법명가 차남으로 살아남는 법(마차살),가비지타임,어린 신인데 키워주시죠,전지적 독자 시점",,"<데뷔 못 하면 죽는 병 걸림> 작 중 캐릭터,<괴담에 떨어져도 출근을 해야 하는구나> 작 중 캐릭터,어두운 바다의 등불이 되어 작 중 캐릭터,마법명가 차남으로 살아남는 방법 작 중 캐릭터,어린 신인데 키워주시죠,가비지타임,전지적 독자 시점 전 캐릭터,전지적독자시점",,,,일러스트,@whofathernim,https://dongne.co/events/df261002/circles/175223,제35회 디. 페스타(일),Day2
떡대레즈부흥위원회,레즈깎는노인,G-28b,G,28,b,1sp,,1차GL,,,,"해당없음,로맨틱",,"만화,기타",,https://dongne.co/events/df261002/circles/175569,제35회 디. 페스타(일),Day2
마리포사의보물상자,마리포사,F-31,F,31,,2sp,,,,,,,,,,https://dongne.co/events/df261002/circles/175479,제35회 디. 페스타(일),Day2
비엘짬뽕마카롱국밥,"몬트, 밍크코트, 영 , DTD",R-29,R,29,,2sp,드라마티컬 머더,"슬로우데미지,오오에,dmmd",,세라가키 아오바,밍크X세라가키 아오바,해당없음,오오아오. 타쿠토와,"만화,일러스트","@ahsxm_2cha , @tfeadud_0, @minkaoba_ , @dtd_ki",https://dongne.co/events/df261002/circles/174474,제35회 디. 페스타(일),Day2
쑥떡파인애플갈비탕,이유민,R-15b,R,15,b,1sp,"페르소나 시리즈,보컬로이드",,,,아라가키 신지로X햄코,,,,@ggang8282,https://dongne.co/events/df261002/circles/174357,제35회 디. 페스타(일),Day2
절대펑크내지않으리,김승언,G-29,G,29,,2sp,"어린 신인데 키워주시죠,나의 히어로 아카데미아",,,,,로맨틱,,,@wnlflsdl,https://dongne.co/events/df261002/circles/181242,제35회 디. 페스타(일),Day2
형아가동생을사랑함,티즐껍데기,P-25a,P,25,a,1sp,오오에,,,"오오사키,다이바 시즈마",오오사키X다이바 시즈마,로맨틱,,만화,@marim_o_o,https://dongne.co/events/df261002/circles/174387,제35회 디. 페스타(일),Day2
너냥색히열매먹엇어?,무지괴물고기,P-04a,P,04,a,1sp,오오에,,,"오오사키,신바시",오오사키X신바시,,,,@verymonsterfish,https://dongne.co/events/df261002/circles/174751,제35회 디. 페스타(일),Day2
섬나가는방법있나요?없어여기서살어.,리비,Q-04b,Q,04,b,1sp,오오에,드라마티컬 머더,,"오오사키,신바시",오오사키X신바시,로맨틱,,만화,@R111B111,https://dongne.co/events/df261002/circles/174248,제35회 디. 페스타(일),Day2
레알인정하는바입니다,물개,R-01,R,01,,2sp,앙상블 스타즈,,,"츠키나가 레오,세나 이즈미",츠키나가 레오X세나 이즈미,"로맨틱,섹슈얼",,만화,ANEWV01CE,https://dongne.co/events/df261002/circles/175238,제35회 디. 페스타(일),Day2
작은돌도막지말라고요,송용준,G-28a,G,28,a,1sp,보컬로이드,"프로젝트 헤일메리,프로젝트 세카이 컬러풀 스테이지! feat.하츠네 미쿠,체인소맨,에반게리온,스텔라이브,버츄얼 유튜버(니지산지),봇치더록,니디걸 오버도즈,오오에,IB,실크송,할로우나이트,버튜버,케이온,우마무스메,개구리중사케로로",,,,,,"일러스트,게임,소설,영상,만화",@biack_cioud,https://dongne.co/events/df261002/circles/181188,제35회 디. 페스타(일),Day2
해묘는미오를해방하라,보라,R-08b,R,08,b,1sp,명일방주,뱅드림 마이고/아베무지카,,,,,,소설,,https://dongne.co/events/df261002/circles/179919,제35회 디. 페스타(일),Day2
아직도탈출을못했다고?,분금,Q-10a,Q,10,a,1sp,오오에,,,"오오사키,타케시바,신바시",오오사키X타케시바,"로맨틱,섹슈얼",,만화,bgooeletsgo,https://dongne.co/events/df261002/circles/174370,제35회 디. 페스타(일),Day2
죽었다그래서아름답다.,파브,D-15b,D,15,b,1sp,"아카기,암마의 마미야,fkmt",,,,,,,만화,@pav_jee,https://dongne.co/events/df261002/circles/175596,제35회 디. 페스타(일),Day2
고양이야밥먹자냥냥냥냥,냥밥,P-29a,P,29,a,1sp,오오에,유원불변,,신바시,오오사키X신바시,로맨틱,,만화,rpdlarPwjd_,https://dongne.co/events/df261002/circles/174812,제35회 디. 페스타(일),Day2
도쿄국제크루즈터미널역,민외,Q-26a,Q,26,a,1sp,오오에,,,,오오사키X후네노,로맨틱,,,@OMG_kimo,https://dongne.co/events/df261002/circles/174477,제35회 디. 페스타(일),Day2
메기도라온데고자이마스,"WAKA,새지",T-14,T,14,,2sp,페르소나 시리즈 (3/4/5/Q),,,,,,,,"@WAKA_o3o , @DX_gosong",https://dongne.co/events/df261002/circles/181154,제35회 디. 페스타(일),Day2
강철지옥이양키용병동창회,ㅇㅋ,F-04b,F,04,b,1sp,해즈빈호텔,"죠죠의 기묘한 모험,명일방주,트랜스포머",,,알래스터X복스,해당없음,"장억, 외드이네","만화,소설",,https://dongne.co/events/df261002/circles/175139,제35회 디. 페스타(일),Day2
멍냥동갑대적자콤고치는법,갬비,P-04b,P,04,b,1sp,오오에,,,신바시,오오사키X신바시,로맨틱,오오아리,소설,gaembee_unikan,https://dongne.co/events/df261002/circles/174302,제35회 디. 페스타(일),Day2
직장인이개인만족하는부스,쵸맨,B-29a,B,29,a,1sp,순정철학논고,"창작 오리지널 자캐,리버스: 1999,네우토누스",,,,,,,@chyomaen,https://dongne.co/events/df261002/circles/176129,제35회 디. 페스타(일),Day2
안경남이미치면안겹남ㅎㅎ?,켇,Q-15a,Q,15,a,1sp,오오에,,,"오오사키,아오미",오오사키X아오미,로맨틱,,소설,OOOO_ked,https://dongne.co/events/df261002/circles/174635,제35회 디. 페스타(일),Day2
부스처음내봐요잘부탁합니다,,T-09a,T,09,a,1sp,슬레이 더 스파이어,소년탐정 김전일,,"큐,케르베로스,메구미",,해당없음,,일러스트,@gaegudoggy,https://dongne.co/events/df261002/circles/174339,제35회 디. 페스타(일),Day2
사랑과정의의도쿠타케오나고,,F-04a,F,04,a,1sp,닌자보이 란타로,,,,,,,,,https://dongne.co/events/df261002/circles/174119,제35회 디. 페스타(일),Day2
난중학시절치킨런을전공했단사실,슈비,D-15a,D,15,a,1sp,fkmt,,,"이가와 히로유키,키시베 시노부,아카기 시게루,하라다 카츠미,텐 타카시",키시베 시노부X이가와 히로유키,"로맨틱,섹슈얼","히로신역히로, 하라히로하라",소설,,https://dongne.co/events/df261002/circles/175594,제35회 디. 페스타(일),Day2
주문안하신아메리카노나왔습니다,라떼전문점,Q-21b,Q,21,b,1sp,오오에,,,,오오사키X아오미,로맨틱,,,,https://dongne.co/events/df261002/circles/174061,제35회 디. 페스타(일),Day2
괴담에떨어져도몽조심해야하는구나,시마,A-22a,A,22,a,1sp,괴담에 떨어져도 출근을 해야 하는구나,"오오에,어린 신인데 키워주시죠,보컬로이드",,,,,,일러스트,@S2_ma_a,https://dongne.co/events/df261002/circles/179819,제35회 디. 페스타(일),Day2
안귀여우면사람이아니지않겟습니까,R,Q-15b,Q,15,b,1sp,오오에,괴담에 떨어져도 출근을 해야 하는구나,,,<오오에>오오사키X아오미 카에데,,,,@zero_pass24,https://dongne.co/events/df261002/circles/174692,제35회 디. 페스타(일),Day2
엄마가오오사키됐는데이런거누가사녜,포우,Q-31,Q,31,,2sp,오오에,,,"아리아케,아오미 카에데,신바시,오오에 전편조",,"로맨틱,섹슈얼",,,"@ppoo__00__poe, @bara__otaname",https://dongne.co/events/df261002/circles/175043,제35회 디. 페스타(일),Day2
감자치킨양상추부라타방울토마토샐러드,만두감자,P-31,P,31,,2sp,오오에,"적국의 왕자로 사는 법,우우울트라C,유희왕,괴담에 떨어져도 출근을 해야 하는구나",,,,,,,,https://dongne.co/events/df261002/circles/174499,제35회 디. 페스타(일),Day2
이게바로음악의신에게사랑받는다는건가,"풍,루우,자자",S-34,S,34,,2sp,앙상블 스타즈!! Music,,,"스오우 츠카사,츠키나가 레오",스오우 츠카사X츠키나가 레오,"로맨틱,섹슈얼",,"만화,소설","@pung_av, @Ruu_ens, @suouleft",https://dongne.co/events/df261002/circles/174189,제35회 디. 페스타(일),Day2
거지나름대로짐승나름대로바보나름대로 참아왔단 말이다.,"꿀보, 꾸",P-23,P,23,,2sp,오오에,,,"오오사키,아리아케,신바시,아오미,시즈마",오오사키X아리아케,"로맨틱,섹슈얼",오오시즈 오오신 오오아오,"일러스트,만화,공예",@kkulbooe @kku_ooe,https://dongne.co/events/df261002/circles/174592,제35회 디. 페스타(일),Day2
거스를수없는탐정콤의흐름이나를인도하네,냥볶이,T-15,T,15,,2sp,단간론파 시리즈,"오오에,고서점가의 하시히메,페르소나 3,dmmd",,,사이하라 슈이치X아카마츠 카에데,로맨틱,"오마사이, 코마나나, 오오아리, 오오시오, 카와타마",일러스트,,https://dongne.co/events/df261002/circles/180047,제35회 디. 페스타(일),Day2
비엘게임에서뇨타백합을추구해선안되는걸까,"니나, 댕, 호",P-11,P,11,,2sp,오오에,,,,오오사키X다이바 시즈마,"로맨틱,섹슈얼",,"만화,기타",Ninagashine / deng09n10 / OOE_HO,https://dongne.co/events/df261002/circles/174538,제35회 디. 페스타(일),Day2
주문하신고양이나왔습니다고양이쏟았습니다,"연차, 칠두",P-01,P,01,,2sp,오오에,,,"오오사키,신바시",오오사키X신바시,로맨틱,,"소설,일러스트","@Annual__1, @clfen72",https://dongne.co/events/df261002/circles/174761,제35회 디. 페스타(일),Day2
레오는츠카사를좋아하게돼서그렇다고대답한다,"메리, 지폭",S-31,S,31,,2sp,앙상블 스타즈,,,"스오우 츠카사,츠키나가 레오",스오우 츠카사X츠키나가 레오,로맨틱,,,Merrykasa,https://dongne.co/events/df261002/circles/174745,제35회 디. 페스타(일),Day2
키시베로한의유일한친구히로세코이치라고부스명지으면키시베로한이이놈함,비움,E-24a,E,24,a,1sp,죠죠의 기묘한 모험,,,죠죠의 기묘한 모험,키시베 로한X히로세 코이치,해당없음,,,@bium58430,https://dongne.co/events/df261002/circles/179515,제35회 디. 페스타(일),Day2
제 1미등록러너 블랙마켓,련,S-28,S,28,,2sp,"콜 오브 듀티,사이버펑크 엣지러너,마라톤",데드바이데이라이트(데바데),,"콜오브듀티 캐릭터,사이버펑크 엣지러너 캐릭터,마라톤 캐릭터",,해당없음,,"소설,공예",@Ryon_ZEN,https://dongne.co/events/df261002/circles/175413,제35회 디. 페스타(일),Day2
세상에 내 장르 뿌리기 1일차,굠,F-16a,F,16,a,1sp,"포켓몬스터,젤다의 전설","뉴진스,킹누",,,,,,"일러스트,기타",@gyom_77,https://dongne.co/events/df261002/circles/175191,제35회 디. 페스타(일),Day2
토끼거미에게 물려 입원 1년차입니다,버섯,P-15a,P,15,a,1sp,오오에,,,오오사키 / 아리아케,오오사키X아리아케,,,일러스트,@D__nokonoko,https://dongne.co/events/df261002/circles/175001,제35회 디. 페스타(일),Day2
비 안내리는 10월의 진보초,비유,E-05b,E,05,b,1sp,고서점가의 하시히메,우우울트라C,,고서점가의 하시히메,미나카미X타마모리,로맨틱,"카와타마, 요미쥬로","만화,일러스트,소설",@Be__U_ADT,https://dongne.co/events/df261002/circles/174712,제35회 디. 페스타(일),Day2
10일,환상뜨락,E-01,E,01,,2sp,"탑꾸,탑로더","키링,볼꾸",,,,,,공예,@dreamy_garden,https://dongne.co/events/df261002/circles/180170,제35회 디. 페스타(일),Day2
10월엔 진짜 냅니다,아정,R-12b,R,12,b,1sp,"원신,명일방주,마법소녀 마도카☆마기카",,,"라이덴쇼군,방랑자",방랑자X라이덴쇼군,해당없음,,,@atama_stop,https://dongne.co/events/df261002/circles/179110,제35회 디. 페스타(일),Day2
10월에도 나루미츠 정상영업합니다.,명이,S-19a,S,19,a,1sp,"역전재판,역전재판 시리즈",,,"나루호도 류이치,미츠루기 레이지",나루호도 류이치X미츠루기 레이지,"로맨틱,섹슈얼",,게임,Myeong7632,https://dongne.co/events/df261002/circles/175475,제35회 디. 페스타(일),Day2
10월9일은카오루의생일입니다축하해주세요,유포,E-05a,E,05,a,1sp,"고서점가의 하시히메,하시히메,오오에",,,,,,,,"@U4_1106, @nipanipani__",https://dongne.co/events/df261002/circles/174714,제35회 디. 페스타(일),Day2
1차창작만화 10권만있는부스,1000D,D-03b,D,03,b,1sp,,,,,,,,,@1000D_Comics,https://dongne.co/events/df261002/circles/175406,제35회 디. 페스타(일),Day2
1+1=1,콩소,D-26b,D,26,b,1sp,아이돌리쉬 세븐,,,"나나세 리쿠,쿠죠 텐",나나세 리쿠X쿠죠 텐,로맨틱,,일러스트,@______kungkung,https://dongne.co/events/df261002/circles/174442,제35회 디. 페스타(일),Day2
아그작 1/2,호라루기,F-01,F,01,,2sp,"은혼,오리지널(1차),보카로,나루토",,,,,,,,@horarugi,https://dongne.co/events/df261002/circles/179051,제35회 디. 페스타(일),Day2
제 2회 엄마뱃속동기동창회,말콩,D-26a,D,26,a,1sp,아이돌리쉬 세븐,,,"나나세 리쿠,쿠죠 텐",나나세 리쿠X쿠죠 텐,로맨틱,,"만화,일러스트",@gongrikusuten,https://dongne.co/events/df261002/circles/174419,제35회 디. 페스타(일),Day2
사실 제가 진짜입니다 시즌2,,B-25a,B,25,a,1sp,보컬로이드 등,,,,,,,,2shinel,https://dongne.co/events/df261002/circles/179462,제35회 디. 페스타(일),Day2
충격 외계인 진짜있음2,MAYO,U-04,U,04,,2sp,"트랜스포머,할로우나이트,포켓몬스터,별의 커비","술탄의 게임,괴담에 떨어져도 출근을 해야 하는구나",,,,,,,,https://dongne.co/events/df261002/circles/179599,제35회 디. 페스타(일),Day2
굿만동2,전혜은,F-16b,F,16,b,1sp,"스플래툰 시리즈,나의 히어로 아카데미아,홀로라이브 리글로스","쿠키런,프로젝트 세카이 컬러풀 스테이지! feat.하츠네 미쿠,붕괴: 스타레일",,,,,,"만화,기타",,https://dongne.co/events/df261002/circles/175095,제35회 디. 페스타(일),Day2
세카이의 종점2,애처가2,P-15b,P,15,b,1sp,"오오에,오오에(大穢)",,,,,,,,,https://dongne.co/events/df261002/circles/174678,제35회 디. 페스타(일),Day2
니코니코의2,게류,P-27,P,27,,2sp,오오에,,,"오오사키,타케시바,아오미",오오사키X타케시바,"로맨틱,해당없음",유령조(아오미+타케시바) ncp,만화,Filam3n7 ,https://dongne.co/events/df261002/circles/174493,제35회 디. 페스타(일),Day2
냥끼애호클럽 시즌2,미서,P-05a,P,05,a,1sp,"오오에,슬로우데미지",,,"신바시,아리아케",오오사키X신바시,,,,@konyanyann,https://dongne.co/events/df261002/circles/174625,제35회 디. 페스타(일),Day2
김밥볶음밥집2호점,박스,S-27,S,27,,2sp,길티기어,"메탈카드봇,트랜스포머",,"로보카이,베놈",로보카이X베놈,"섹슈얼,로맨틱",,일러스트,box97727,https://dongne.co/events/df261002/circles/179445,제35회 디. 페스타(일),Day2
2년째 타카긴을 하다니,라야,G-24,G,24,,2sp,은혼,,,"사카타 긴토키,타카스기 신스케",타카스기 신스케X사카타 긴토키,로맨틱,,"만화,일러스트",@Rayaaaman,https://dongne.co/events/df261002/circles/181171,제35회 디. 페스타(일),Day2
사이버병크2077,2077 나이트시티 엑스포,U-34b,U,34,b,1sp,사이버펑크2077,"공포 영화,데드 바이 데이라이트,데바데,13일의 금요일,스크림,할로윈",,"조니 실버핸드,V",,해당없음,,일러스트,@tentacle_666,https://dongne.co/events/df261002/circles/179237,제35회 디. 페스타(일),Day2
24시 김밥천국,yuii,R-22b,R,22,b,1sp,페르소나 시리즈,,,주인공,아마미야 렌(주인공)X키타가와 유스케,로맨틱,,,hellisurself,https://dongne.co/events/df261002/circles/175430,제35회 디. 페스타(일),Day2
31°C,요정딤섬,C-10b,C,10,b,1sp,"뱅드림 잇츠 마이고!!!!!,뱅드림! 걸즈 밴드 파티",,,"<뱅드림 It's Mygo!!!!!> 치하야 아논, 나가사키 소요",<뱅드림 It's Mygo!!!!!> 치하야 아논X<뱅드림 It's Mygo!!!!!> 나가사키 소요,"로맨틱,섹슈얼",우이사키,"만화,기타",@fairy17171771_,https://dongne.co/events/df261002/circles/175560,제35회 디. 페스타(일),Day2
328호실,김민서,S-08,S,08,,2sp,언더테일,"델타룬,보컬로이드",,,,,,,@kkongchi337 ,https://dongne.co/events/df261002/circles/175524,제35회 디. 페스타(일),Day2
김치말이국수 4500원,Lilyac,T-28a,T,28,a,1sp,"때 이른 검은 백합,오리지널(1차)",,,,,,,,,https://dongne.co/events/df261002/circles/174970,제35회 디. 페스타(일),Day2
버튜버튜버 5인조 좋아하세요?,앵두,C-25,C,25,,2sp,스코시즘(버튜버),"플레이브,보컬로이드",,,,로맨틱,,"일러스트,공예",@DBD_Jiwoon_wife,https://dongne.co/events/df261002/circles/173731,제35회 디. 페스타(일),Day2
죄수번호5479,말랑이쥐,D-24,D,24,,2sp,아이돌리쉬 세븐,,,"나나세 리쿠,쿠죠 텐,오오사카 소고,요츠바 타마키",오오사가 소고X요츠바 타마키,해당없음,,,@Y2_rmk,https://dongne.co/events/df261002/circles/174613,제35회 디. 페스타(일),Day2
87세 아무할아버지 인생 최후의 버츄얼 끌어치기,아무,Q-32b,Q,32,b,1sp,니지산지,오오에,,메챠츠에,,,,,amug0806,https://dongne.co/events/df261002/circles/174611,제35회 디. 페스타(일),Day2
99,김현서,D-20,D,20,,2sp,주술회전,"더프릭서커스,화산귀환",,,,해당없음,,일러스트,99oods,https://dongne.co/events/df261002/circles/179263,제35회 디. 페스타(일),Day2
반바지가 BL을 구한다,얀데레강아지,G-04a,G,04,a,1sp,망각배터리,,,키리시마 슈토,,"로맨틱,섹슈얼",,소설,,https://dongne.co/events/df261002/circles/179443,제35회 디. 페스타(일),Day2
#BLANKA_LIVE,Ka,U-32b,U,32,b,1sp,"버츄얼 유튜버(니지산지),니지산지,메챠츠에",,,"히바치 마나,사이키잇테츠",,해당없음,,일러스트,@cocoha_10taku,https://dongne.co/events/df261002/circles/181084,제35회 디. 페스타(일),Day2
BUG CLUB (털 추가),꺅지,Q-06b,Q,06,b,1sp,오오에,"드래곤퀘스트11S,레인월드",,"오오사키,시오도메",오오사키X시오도메,,오오후네,,@__u55e,https://dongne.co/events/df261002/circles/175285,제35회 디. 페스타(일),Day2
Cosmic signals,ShiQi,C-18a,C,18,a,1sp,에일리언스테이지,,,에일리언스테이지,이반X틸,섹슈얼,,만화,@capybara_roll,https://dongne.co/events/df261002/circles/174364,제35회 디. 페스타(일),Day2
D-14전력마감하는부스,GB,R-12a,R,12,a,1sp,"오오에,Lkyt.",,,,,로맨틱,,,,https://dongne.co/events/df261002/circles/181165,제35회 디. 페스타(일),Day2
EOEO,세이카,Q-27a,Q,27,a,1sp,오오에 가비지타임 괴담출근 헌터헌터,,,,,,,,KaisePN,https://dongne.co/events/df261002/circles/179317,제35회 디. 페스타(일),Day2
Fate / 사이키 쿠스오의 페르소나 컬러풀 스테이지! ~언록~,까스동,B-27,B,27,,2sp,보컬로이드 등,"오오에,페르소나 등등,페이트/그랜드 오더,사이키 쿠스오의 재난,캐릭캐릭체인지",,,,,,,@jjjjtaaaku,https://dongne.co/events/df261002/circles/178014,제35회 디. 페스타(일),Day2
위대한항로에떨어져도데뷔를해야하는철혈의더로열최고!!feat.初音ミク,이민정,A-27,A,27,,2sp,괴담에 떨어져도 출근을 해야 하는구나,"원피스,고향최고,데못죽,철혈의 오펀스,앙상블 스타즈!! Music,페르소나 5,프로젝트 세카이 컬러풀 스테이지! feat.하츠네 미쿠",,,,,,,zaptangzzigae,https://dongne.co/events/df261002/circles/179809,제35회 디. 페스타(일),Day2
FoF (Fire on Feet),Gui110Tin3,T-31,T,31,,2sp,"포켓몬스터,포켓몬,월간순정 노자키군",,,,,,,,,https://dongne.co/events/df261002/circles/175030,제35회 디. 페스타(일),Day2
Go (to) Yu!,초코봉,D-21b,D,21,b,1sp,주술회전,,,고죠 사토루 이타도리 유지,고죠 사토루X이타도리 유우지,"섹슈얼,로맨틱",,"만화,기타,일러스트,조형,공예",@Osawa91,https://dongne.co/events/df261002/circles/175134,제35회 디. 페스타(일),Day2
HAPPY 104 DAY,마케네,T-01,T,01,,2sp,A3!,괴담에 떨어져도 출근을 해야 하는구나,,"효도 쥬자,셋츠 반리",효도 쥬자X셋츠 반리,로맨틱,,"만화,일러스트,소설",@uchinodaikon,https://dongne.co/events/df261002/circles/173803,제35회 디. 페스타(일),Day2
HEDGEHOG SQUARED,이온,B-28a,B,28,a,1sp,"히카루의 바둑,오오에,크게 휘두르며,메달리스트",,,,,"로맨틱,해당없음,섹슈얼","NCP(논커플링), 오오아리, 오오시즈","만화,일러스트",ionblue,https://dongne.co/events/df261002/circles/180014,제35회 디. 페스타(일),Day2
I LOVE 단수,해오니,U-03,U,03,,2sp,"천관사복,마도조사",괴담에 떨어져도 출근을 해야 하는구나,,"화성사련,망기무선",화성X사련,로맨틱,"최요원,김솔음",일러스트,@haeonniiii @husan_0313,https://dongne.co/events/df261002/circles/174344,제35회 디. 페스타(일),Day2
kdmn,남,S-15,S,15,,2sp,페르소나 시리즈,,,,페르소나4 주인공X페르소나3 주인공,로맨틱,,만화,@ootko_,https://dongne.co/events/df261002/circles/176612,제35회 디. 페스타(일),Day2
KIRING,방유경,S-24,S,24,,2sp,"림버스 컴퍼니,체인소맨,붕괴: 스타레일",장송의 프리렌,,"하야카와 아키,천사의 악마",하야카와 아키X천사의 악마,로맨틱,,,@kiring_xox,https://dongne.co/events/df261002/circles/181104,제35회 디. 페스타(일),Day2
Lovely Mix,Lovely Mix,A-06b,A,06,b,1sp,괴담에 떨어져도 출근을 해야 하는구나,"화산귀환,전독시,내스급",,,,해당없음,,,@LovelyMix_,https://dongne.co/events/df261002/circles/174721,제35회 디. 페스타(일),Day2
군필미시집사 L♡VE,리리,S-04,S,04,,2sp,앙상블 스타즈!! Music,,,"텐쇼인 에이치,후시미 유즈루",텐쇼인 에이치X후시미 유즈루,로맨틱,,만화,@ririri_2121,https://dongne.co/events/df261002/circles/174397,제35회 디. 페스타(일),Day2
Merry Blue,한혜지,C-04b,C,04,b,1sp,"약사의 혼잣말,케이팝데몬헌터스,머메이드 멜로디 피치피치핏치",,,,,해당없음,,,@merry_blue_,https://dongne.co/events/df261002/circles/174783,제35회 디. 페스타(일),Day2
Midnight Blue,세르웬,C-08,C,08,,2sp,프로젝트 세카이 컬러풀 스테이지! feat.하츠네 미쿠,,,"오오토리 에무,텐마 츠카사,쿠사나기 네네,카미시로 루이",텐마 츠카사X오오토리 에무,"로맨틱,섹슈얼",루이네네,"만화,일러스트",@serrewen,https://dongne.co/events/df261002/circles/179627,제35회 디. 페스타(일),Day2
미미유(MimiU),최보미,G-30b,G,30,b,1sp,,,,,,,,,인스타 @_mi_mi_u_,https://dongne.co/events/df261002/circles/174565,제35회 디. 페스타(일),Day2
Mixed nuts,IREY,A-20,A,20,,2sp,괴담에 떨어져도 출근을 해야 하는구나,,,,,,,,,https://dongne.co/events/df261002/circles/179357,제35회 디. 페스타(일),Day2
mmm51909,류다인,C-17b,C,17,b,1sp,케이팝 아이돌 몬스타엑스,,,,,로맨틱,,,@inst27909544,https://dongne.co/events/df261002/circles/175533,제35회 디. 페스타(일),Day2
nair,nair,A-16,A,16,,2sp,괴담에 떨어져도 출근을 해야 하는구나,,,"김솔음,김솔음 외n명",,,,,@nair_rf,https://dongne.co/events/df261002/circles/179652,제35회 디. 페스타(일),Day2
Near the piece,니에즈피,E-06,E,06,,2sp,"닥터스톤,닥터스톤(dr.stone)","진혼기,아이돌리쉬 세븐",,아사기리 겐,이시가미 센쿠X아사기리 겐,"로맨틱,섹슈얼","아사기리 겐×이시가미 센쿠, 스탠리 스나이더×제노 윙필드",소설,@pg_od_n1ght,https://dongne.co/events/df261002/circles/179683,제35회 디. 페스타(일),Day2
NEW HOPE。,천엽,U-02b,U,02,b,1sp,마블 시리즈,,,"샘 윌슨,버키 반즈",버키 반즈X샘 윌슨,"로맨틱,섹슈얼",,"만화,소설",,https://dongne.co/events/df261002/circles/181147,제35회 디. 페스타(일),Day2
OEOE,B,Q-27b,Q,27,b,1sp,오오에(大穢),,,오오사키 신바시,,"로맨틱,섹슈얼",,,,https://dongne.co/events/df261002/circles/174688,제35회 디. 페스타(일),Day2
오오에 of prism,박채연,Q-28a,Q,28,a,1sp,오오에,킹프리(킹 오브 프리즘),,,,,,"게임,영상",@HARU_illur,https://dongne.co/events/df261002/circles/179488,제35회 디. 페스타(일),Day2
니 홍차에 OO을 탔어,프딩,S-23b,S,23,b,1sp,Fate/stay night,,,"토오사카 린,아처(5차)",아처(5차)X토오사카 린,로맨틱,,"만화,일러스트",@dding__13,https://dongne.co/events/df261002/circles/180200,제35회 디. 페스타(일),Day2
OPEN MINDED HOSPITAL,이일영,Q-02b,Q,02,b,1sp,"오오에,보컬로이드,페르소나 5,슈퍼 단간론파","세포신곡,위치즈하트,IB,살육의 천사",,,,,,,aquber_0223_RTP,https://dongne.co/events/df261002/circles/174747,제35회 디. 페스타(일),Day2
Qterw-■-■■,조하림,"B-14, B-15",B,14,,4sp,괴담에 떨어져도 출근을 해야 하는구나,"타몬군지금어느쪽?!,화산귀환",,"<괴담에 떨어져도 출근을 해야 하는구나> 작 중 캐릭터,'화산귀환' 등장 캐릭터",,,,일러스트,@Deneb_BG,https://dongne.co/events/df261002/circles/174430,제35회 디. 페스타(일),Day2
타카나시 츠무기는 전설이다 REVENGE,제이연,C-28b,C,28,b,1sp,아이돌리쉬 세븐,,,"하나마키 스미레,타카나시 츠무기,스미츠무,야마츠무",하나마키 스미레X타카나시 츠무기,로맨틱,야마츠무,소설,@zhal23,https://dongne.co/events/df261002/circles/174511,제35회 디. 페스타(일),Day2
Rondor,Rondor,F-29,F,29,,2sp,"자캐,창작 오리지널 자캐,파이널판타지14,파이널판타지14 온라인","가치아쿠타,보컬로이드",,,,,,,@rondor_1st,https://dongne.co/events/df261002/circles/179330,제35회 디. 페스타(일),Day2
프로젝트 세카이 Room no.9 그리고 Lkyt.,"대지, 갱, 오누 ","T-25, T-26",T,25,,4sp,Lkyt.,"프로젝트 세카이 컬러풀 스테이지! feat.하츠네 미쿠,Room no.9",,,타스쿠X타케루,로맨틱,"츠카사x아키토, 다이치x세이지","만화,일러스트","@deji0013, @da2gi6, @oonu1010",https://dongne.co/events/df261002/circles/174048,제35회 디. 페스타(일),Day2
roven,박준우,S-25,S,25,,2sp,붕괴: 스타레일,"원신,젠존제",,붕괴:스타레일,,,,,,https://dongne.co/events/df261002/circles/181166,제35회 디. 페스타(일),Day2
명예 비알라티아 시민은 국모국왕 RPS,설,S-26b,S,26,b,1sp,길티기어,,,"카이 키스크,디지,올라운더",카이 키스크X디지,,솔 배드가이X잭 오,만화,Uosul_GG,https://dongne.co/events/df261002/circles/174647,제35회 디. 페스타(일),Day2
SAND LAKE,새벽네시,D-32,D,32,,2sp,록맨,,,,,,,,,https://dongne.co/events/df261002/circles/174435,제35회 디. 페스타(일),Day2
SHOCK!#,Syunn,T-34a,T,34,a,1sp,도검난무,,,,쇼쿠다이키리 미츠타다X헤시키리 하세베,,,일러스트,@lady_may_ladys,https://dongne.co/events/df261002/circles/174866,제35회 디. 페스타(일),Day2
sidewalk,mino,F-12b,F,12,b,1sp,포켓몬스터 스칼렛·바이올렛,,,"테사,청목",청목X테사,로맨틱,,만화,dorong_mino,https://dongne.co/events/df261002/circles/181311,제35회 디. 페스타(일),Day2
Summer Never Dies,"BAECCI(배찌), ISeaU",E-03,E,03,,2sp,더 퍼스트 슬램덩크,주술회전,,,송태섭X정대만,,고죠x후시,"일러스트,소설",@bae_cci1209 @magamimback,https://dongne.co/events/df261002/circles/179176,제35회 디. 페스타(일),Day2
T&G에 잡덩이 오타쿠 워크샵,위시은,C-05,C,05,,2sp,"은혼,콜 오브 듀티,괴담에 떨어져도 출근을 해야 하는구나,캐릭캐릭체인지,오늘부터 신령님,새벽의연화",악입문,,,,,,,@macaroonsweet3 @gegulgegul_rack,https://dongne.co/events/df261002/circles/174181,제35회 디. 페스타(일),Day2
The egg is the world,김훈장,U-33,U,33,,2sp,"트레이스유,꼼메디아 디 피노키오,약한영웅(드라마)",뮤지컬,,,,,,"소설,일러스트",,https://dongne.co/events/df261002/circles/175550,제35회 디. 페스타(일),Day2
unkonekomiko,unkonekomiko,E-30a,E,30,a,1sp,"고서점가의 하시히메,페르소나 시리즈","오오에,나루토",,,하카세X타마모리,"로맨틱,섹슈얼",,일러스트,unkonekomiko,https://dongne.co/events/df261002/circles/175379,제35회 디. 페스타(일),Day2
Veni Vidi Vici,VVV,U-02a,U,02,a,1sp,만달로리안(스타워즈),"주술회전,나의 히어로 아카데미아,트위스티드 원더랜드,트위스테 (예정) 드림,트위스티지 원더랜드",,,,로맨틱,,만화,,https://dongne.co/events/df261002/circles/174260,제35회 디. 페스타(일),Day2
w,,D-19b,D,19,b,1sp,"주술회전,고죠유지",,,,,,,,,https://dongne.co/events/df261002/circles/175054,제35회 디. 페스타(일),Day2
Wiggling Potato,지슬,T-23,T,23,,2sp,,,,,,,,일러스트,@wigglingptt,https://dongne.co/events/df261002/circles/181287,제35회 디. 페스타(일),Day2
형 x 동생,굼밤,E-08,E,08,,2sp,"닥터스톤,아이실드21",,,"운스이,아곤,잇큐,나나미 사이,나나미 류스이",콘고 운스이X콘고 아곤,"섹슈얼,로맨틱","잇큐아곤 , 사이류",,,https://dongne.co/events/df261002/circles/173743,제35회 디. 페스타(일),Day2
맘터언제갈거야X발,루호,P-32b,P,32,b,1sp,오오에,,,"오오사키,신바시",오오사키X신바시,,,,luho0,https://dongne.co/events/df261002/circles/174530,제35회 디. 페스타(일),Day2
Yellow Garden,강민희,B-24b,B,24,b,1sp,보컬로이드,보컬로이드,,카가미네 린렌,카가미네 린X카가미네 렌,로맨틱,,일러스트,@Bon_bon_eee,https://dongne.co/events/df261002/circles/175224,제35회 디. 페스타(일),Day2
おお(大)誕生日おおめでと,"순애감별사, 콕, 숟가락, 메지, 아니요",P-08,P,08,,2sp,오오에,,,"오오사키,다이바 시즈마,신바시",오오사키X시즈마,"로맨틱,섹슈얼","오오신, 오오시오","일러스트,소설","@SUN_star__, @a_moraune, @qIE1MDrYOr74940, @major_hoper ",https://dongne.co/events/df261002/circles/174379,제35회 디. 페스타(일),Day2
.,뒷바다,L-20b,L,20,b,1sp,"MIU404,DC 배트맨",,,"이부키 아이,시마 카즈미,배트맨 외",,,,"일러스트,기타",@back_b2ach,https://dongne.co/events/25d09/circles/173109,제9회 쩜오 어워드,Day2
.,오뇨빵,K-02b,K,02,b,1sp,"스타워즈 사가,스타워즈 만달로리안,스타워즈 로그원",오리지널 문구류,,,,,,,,https://dongne.co/events/25d09/circles/175582,제9회 쩜오 어워드,Day2
'돌게' 하소서,"마토, 조키댠",I-24,I,24,,2sp,프로젝트 헤일메리,,페트로바 대책위원회,"로키(프로젝트 헤일메리),에이드리언(프로젝트 헤일메리),라일랜드 그레이스,에바 스트라트",에이드리언X로키,로맨틱,그레이스×스트라트,"만화,일러스트",@matoo_0,https://dongne.co/events/25d09/circles/175062,제9회 쩜오 어워드,Day2
단 한 순간의 이 마감을,슈우이,M-10b,M,10,b,1sp,MIU404,,4nd F0rever 4fter,이부키 아이 × 시마 카즈미,이부키 아이X시마 카즈미,,,,@shui_miu,https://dongne.co/events/25d09/circles/174793,제9회 쩜오 어워드,Day2
물 많은 슬라임과 암모니아 먹는 돌멩이를 사슬로 엮으실분 모집합니다,모고,I-05a,I,05,a,1sp,프로젝트 헤일메리,마블,페트로바 대책위원회,"라일랜드 그레이스,로키",로키X라일랜드 그레이스,"로맨틱,해당없음",,소설,@heromogo_W,https://dongne.co/events/25d09/circles/175050,제9회 쩜오 어워드,Day2
왜 공식에서 동인지를 내는 걸까요?,"리, 시맘",J-09,J,09,,2sp,폭상전대 분붐저,초우주형사 갸반 인피니티,,,한도 타이야X메이타 이시로,로맨틱,,"일러스트,소설",,https://dongne.co/events/25d09/circles/173093,제9회 쩜오 어워드,Day2
이 경찰아저씨들이 나한테 무슨 짓을,"파랑, 방우리",M-16a,M,16,a,1sp,MIU404,,4nd F0rever 4fter,"이부키 아이,시마 카즈미",이부키 아이X시마 카즈미,"로맨틱,섹슈얼",,"소설,기타",turmoil404,https://dongne.co/events/25d09/circles/174558,제9회 쩜오 어워드,Day2
소록,소록,K-24a,K,24,a,1sp,,,,,,,,,,https://dongne.co/events/25d09/circles/172944,제9회 쩜오 어워드,Day2
왕♡,포도,M-03a,M,03,a,1sp,MIU404,,4nd F0rever 4fter,"이부키 아이,시마 카즈미",이부키 아이X시마 카즈미,"로맨틱,섹슈얼",,만화,@podo_ibksm,https://dongne.co/events/25d09/circles/173881,제9회 쩜오 어워드,Day2
쩜오,262,K-24b,K,24,b,1sp,,,,,,,,,,https://dongne.co/events/25d09/circles/173008,제9회 쩜오 어워드,Day2
마루 밑 모리아티,롶,K-01,K,01,,2sp,BBC셜록,,,<BBC 셜록> 작 중 캐릭터,짐 모리아티(BBC)X셜록 홈즈(BBC),"로맨틱,섹슈얼",,"만화,소설",lopp_otf,https://dongne.co/events/25d09/circles/174810,제9회 쩜오 어워드,Day2
우리 장르 정상 영업합니다,지구,J-20a,J,20,a,1sp,"MCU,MCU 마블 시네마틱 유니버스",엄브렐라 아카데미,,토르&로키,,해당없음,,일러스트,@Sunwillshineon,https://dongne.co/events/25d09/circles/173307,제9회 쩜오 어워드,Day2
근무 태만 입니다!,맘터,M-22a,M,22,a,1sp,미우404,도망치는 건 부끄럽지만 도움이 된다,4nd F0rever 4fter,,이부키 아이X시마 카즈미,로맨틱,히라미쿠(니게하지),"만화,기타",mooooomotouch,https://dongne.co/events/25d09/circles/173361,제9회 쩜오 어워드,Day2
그저 바라만 보고 있지,자갈,K-17a,K,17,a,1sp,가면라이더 블레이드,,,"이사카,타치바나 사쿠야",,,,소설,@Shunoros_000,https://dongne.co/events/25d09/circles/173100,제9회 쩜오 어워드,Day2
손님 가브로 테이블 치지 마세요!,"nown, Rou",L-18,L,18,,2sp,가면라이더,명탐정 프리큐어,,가면라이더 가브,라키아 아마르가X쇼마,"로맨틱,해당없음",,"일러스트,만화",@nownnownn,https://dongne.co/events/25d09/circles/173058,제9회 쩜오 어워드,Day2
같이 유아온 하실래요?,"Liye, 무무끼",J-10,J,10,,2sp,폭상전대 분붐저,,,"한도 타이야,메이타 이시로",한도 타이야X메이타 이시로,로맨틱,,"일러스트,소설","@blueyell468, @mumuggi0104",https://dongne.co/events/25d09/circles/173073,제9회 쩜오 어워드,Day2
작은 감자도 막아달라고요,"고야, 비잠",J-23,J,23,,2sp,"MCU,마블 시네마틱 유니버스,데어데블","스타워즈,팔콘과윈터솔져,만달로리안과 그로구",,"아나킨 스카이워커,오비완 케노비,샘 윌슨,버키 반즈,맷 머독,프랭크 캐슬",프랭크 캐슬X맷 머독,"로맨틱,섹슈얼","아나오비, 버키샘",,Outis_goya,https://dongne.co/events/25d09/circles/180179,제9회 쩜오 어워드,Day2
나는 에리드에 갈 수 없는 건가...,냉만복,I-03,I,03,,2sp,프로젝트 헤일메리,,페트로바 대책위원회,<프로젝트 헤일메리> 작 중 캐릭터,로키(프로젝트 헤일메리)X라일랜드 그레이스,"로맨틱,해당없음",,,@kiwitete_i,https://dongne.co/events/25d09/circles/175253,제9회 쩜오 어워드,Day2
어떤 돌게와의 불륜로맨스,우주선,I-05b,I,05,b,1sp,프로젝트 헤일메리,,페트로바 대책위원회,"로키,라일랜드 그레이스",로키X라일랜드 그레이스,로맨틱,,소설,hail_maryS2,https://dongne.co/events/25d09/circles/179342,제9회 쩜오 어워드,Day2
뉘집 쫄쫄이야?!,"쿄힐,포이",J-19,J,19,,2sp,염신전대 고온쟈,"가면라이더 블레이드,가면라이더 리바이스,수전전대 쿄류쟈,폭상전대 분붐쟈,넘버원전대 고쥬쟈,가면라이더 디케이드",,"염신전대 고온쟈,가면라이더 블레이드,가면라이더 리바이스,수전전대 쿄류쟈,폭상전대 분붐쟈,넘버원전대 고쥬쟈,가면라이더 디케이드",켄자키 카즈마X아이카와 하지메,로맨틱,"타이샤시, 사쿠아길, 잇키바이, 히로죠지, 다이카게,츠카이",영상,"@kyohill_ , @poi_413",https://dongne.co/events/25d09/circles/173050,제9회 쩜오 어워드,Day2
"이크, 버추얼이 되었어요",병관,J-16a,J,16,a,1sp,특명전대 고버스터즈,,,,,,,소설,@SongPyeon_BC04,https://dongne.co/events/25d09/circles/173074,제9회 쩜오 어워드,Day2
성운장,투투,I-12b,I,12,b,1sp,"울트라맨,울트라맨 지드,울트라맨 제로",,"빛의 나라에서, 사랑을 담아","울트라맨 지드,울트라맨 제로",울트라맨 제로X울트라맨 지드,로맨틱,,만화,,https://dongne.co/events/25d09/circles/172930,제9회 쩜오 어워드,Day2
털찐이,털찐이,J-26,J,26,,2sp,바람분댕,,,,,,,,tulzzini,https://dongne.co/events/25d09/circles/173056,제9회 쩜오 어워드,Day2
이부키 너 진짜 개야?,"산산, 박달덩",L-25,L,25,,2sp,MIU404,,4nd F0rever 4fter,"이부키 아이,시마 카즈미",이부키 아이X시마 카즈미,"로맨틱,섹슈얼",,"소설,만화,기타",san4Ann,https://dongne.co/events/25d09/circles/174598,제9회 쩜오 어워드,Day2
이부와 시마,"8484, 비약, 가영",M-15,M,15,,2sp,MIU404,,4nd F0rever 4fter,"이부키,시마",이부키 아이X시마 카즈미,"섹슈얼,로맨틱",,"소설,만화,기타","aibo8484, dawn_j14, mingayoungs",https://dongne.co/events/25d09/circles/173101,제9회 쩜오 어워드,Day2
좀비를 맛봐,멸균,L-02a,L,02,a,1sp,군체,,둥우리빌딩 신인류 테스트존,,,,,,,https://dongne.co/events/25d09/circles/176292,제9회 쩜오 어워드,Day2
미나리 멜론 무침,미나리,M-10a,M,10,a,1sp,MIU404,,4nd F0rever 4fter,이부키아이 시마카즈미,이부키아이X시마카즈미,해당없음,,,@404_070439451,https://dongne.co/events/25d09/circles/173705,제9회 쩜오 어워드,Day2
돌거미 취급 전문점,플밈,I-22b,I,22,b,1sp,프로젝트 헤일메리,,페트로바 대책위원회,"라일랜드 그레이스,로키",,해당없음,NCP,만화,,https://dongne.co/events/25d09/circles/177904,제9회 쩜오 어워드,Day2
어쩌다 보니 그렇게 됨,제티스,J-18b,J,18,b,1sp,기계전대 젠카이저,,,,스테이시X고시키다 카이토,로맨틱,,소설,@game_Raimi,https://dongne.co/events/25d09/circles/172927,제9회 쩜오 어워드,Day2
서제스 재단 박물관 홍보팀,휘,J-12,J,12,,2sp,굉굉전대 보우켄저,,,올캐릭터,,,,"일러스트,소설",@huiparam_hui,https://dongne.co/events/25d09/circles/173051,제9회 쩜오 어워드,Day2
둠피터 말고 토니피터 ,Ps,J-21,J,21,,2sp,"마블,마블 시네마틱 유니버스,MCU",,,"토니 스타크(아이언맨),스파이더맨 (피터 파커)",토니 스타크 (아이언맨)X스파이더맨 (피터 파커),,,"소설,만화",@spips_tmm,https://dongne.co/events/25d09/circles/175603,제9회 쩜오 어워드,Day2
그리고 함께 공명합시다,sbgr,L-02b,L,02,b,1sp,군체,,둥우리빌딩 신인류 테스트존,"<군체> 권세정,<군체> 서영철,<군체> 작 중 캐릭터",,,,만화,,https://dongne.co/events/25d09/circles/176133,제9회 쩜오 어워드,Day2
대파와 토마토,"둘랑, 비빔면킬러, 텐지",I-09,I,09,,2sp,울트라맨,"울트라맨 오메가,울트라맨 아크","빛의 나라에서, 사랑을 담아","오오키다 소라토,호시미 코세이,이시도 슈,히제 유마",이시도 슈X히제 유마,로맨틱,,만화,"@two_rang_222, @ulxpswp",https://dongne.co/events/25d09/circles/174762,제9회 쩜오 어워드,Day2
무언가 냅니다,이렌,J-18a,J,18,a,1sp,"열차전대 토큐쟈,쾌도전대 루팡렌쟈vs경찰전대 패트렌쟈",,,"니지노 아키라(홍무현),자미고 델마",,,,"소설,일러스트",,https://dongne.co/events/25d09/circles/173845,제9회 쩜오 어워드,Day2
변신도 식후경,슈냥,L-13b,L,13,b,1sp,가면라이더 기츠,,,"우키요 에이스,아즈마 미치나가",우키요 에이스X아즈마 미치나가,,,만화,@ukiyovely,https://dongne.co/events/25d09/circles/173104,제9회 쩜오 어워드,Day2
인생은 타이밍,로듐,K-04b,K,04,b,1sp,"스타트렉,해적전대 고카이쟈",팔콘과윈터솔져,,"스팍,제임스 T. 커크,레너드 H 맥코이(본즈),캡틴 마벨러스,루카,죠 깁켄",,해당없음,ncp,,,https://dongne.co/events/25d09/circles/181052,제9회 쩜오 어워드,Day2
힘내는 특덕들,mtona,I-17,I,17,,2sp,,,,,,,,,,https://dongne.co/events/25d09/circles/172931,제9회 쩜오 어워드,Day2
고고고 고스트 등장!,Haru.,K-09a,K,09,a,1sp,가면라이더 고스트,"울트라맨,가면라이더",,텐쿠지 타케루,,,,기타,@Haru_1610P,https://dongne.co/events/25d09/circles/173041,제9회 쩜오 어워드,Day2
무언가 나오긴 합니다,MASOIDEA,J-24,J,24,,2sp,Marvel Cinematic Universe,,,,,,,"만화,일러스트,소설",MASOIDEA,https://dongne.co/events/25d09/circles/172961,제9회 쩜오 어워드,Day2
아마도 회지가 나오면 좋겠네요,여루,I-08b,I,08,b,1sp,울트라맨 트리거,"슈퍼전대,가면라이더,초우주형사 갸반 인피니티","빛의 나라에서, 사랑을 담아",,트리거X카르미라,,쿠온호에,만화,@yeolu_,https://dongne.co/events/25d09/circles/172975,제9회 쩜오 어워드,Day2
나이든 사람이 헨신을 하다가는 전신골절을 입을 수 있다.,퐛,L-09a,L,09,a,1sp,가면라이더,"가면라이더,가면라이더 가브,가면라이더 에그제이드",,가면라이더,호죠에무X쿠죠 키리야,로맨틱,"스가켄조 x 카라키다한토 , 카도야츠카사 X 카이토다이키",,@ahzkrhfemakdlfem,https://dongne.co/events/25d09/circles/174794,제9회 쩜오 어워드,Day2
울트라 경비대 한국지부,루온,I-11a,I,11,a,1sp,울트라맨,"울트라 세븐,울트라맨 제로","빛의 나라에서, 사랑을 담아",울트라세븐,,,,소설,@RuonX3X,https://dongne.co/events/25d09/circles/173103,제9회 쩜오 어워드,Day2
신인류 되실분? ,외계인사냥꾼,L-05a,L,05,a,1sp,군체,,둥우리빌딩 신인류 테스트존,,,,,,,https://dongne.co/events/25d09/circles/180138,제9회 쩜오 어워드,Day2
도쿄만 크루즈(허니문 전문),nika,M-20,M,20,,2sp,MIU404,,4nd F0rever 4fter,이부키아이 X 시마카즈미,이부키 아이X시마 카즈미,"로맨틱,섹슈얼",,,404_nika,https://dongne.co/events/25d09/circles/173596,제9회 쩜오 어워드,Day2
네바로 이웃주민,왹져,K-03b,K,03,b,1sp,만달로리안,,,,,,,,,https://dongne.co/events/25d09/circles/179696,제9회 쩜오 어워드,Day2
메론빵 말랑공방,공취.포말,M-22b,M,22,b,1sp,미우404,,4nd F0rever 4fter,,이부키 아이X시마 카즈미,해당없음,,,@gongsa_ab,https://dongne.co/events/25d09/circles/176536,제9회 쩜오 어워드,Day2
메리와 커피머신,LM,I-21a,I,21,a,1sp,프로젝트 헤일메리,,페트로바 대책위원회,,,해당없음,,소설,,https://dongne.co/events/25d09/circles/175228,제9회 쩜오 어워드,Day2
귀여운 미소년과 그 옆의 꼴값 남정네,크레센트큐브,L-15a,L,15,a,1sp,"가면라이더 가브,가면라이더 더블,폭상전대 분붐쟈",초우주형사 갸반 인피니티,,"히다리 쇼타로,필립,이노우에 쇼마,카라키다 한토",이노우에 쇼마X카라키다 한토,,"필립×히다리 쇼타로, 메이타 이시로×도키 레이지",소설,@cresentcube,https://dongne.co/events/25d09/circles/173423,제9회 쩜오 어워드,Day2
고장난 오토바이 삽니다,용달,K-08,K,08,,2sp,가면라이더 고스트,"가면라이더,슈퍼전대,프로젝트 레드",,,,,,"만화,일러스트",sirenbuilder,https://dongne.co/events/25d09/circles/173042,제9회 쩜오 어워드,Day2
구세주 정상영업중,현,J-17,J,17,,2sp,우주전대 큐렌쟈,"임금님전대 킹오쟈(파워레인저 킹덤포스),가면라이더 젯츠",,,,,,,@dus512al,https://dongne.co/events/25d09/circles/173038,제9회 쩜오 어워드,Day2
메론이 존재할까요?,삐묭,M-03b,M,03,b,1sp,MIU404,잠뜰티비,4nd F0rever 4fter,"이부키 아이,시마 카즈미",이부키 아이X시마 카즈미,로맨틱,,"기타,소설,일러스트",Melonppi404,https://dongne.co/events/25d09/circles/179870,제9회 쩜오 어워드,Day2
노려라! 맛있는 쩜오온!,T-KU,L-15b,L,15,b,1sp,가면라이더 가브,"헤이세이 가면라이더,레이와 가면라이더 전반",,"카라키다 한토,이노우에 쇼마,아마네 사치카,라키아 아마르가",이노우에 쇼마X카라키다 한토,해당없음,다루갸루(라키사치),"만화,일러스트",@TIKUTICO,https://dongne.co/events/25d09/circles/173071,제9회 쩜오 어워드,Day2
군체나물,올백,L-04a,L,04,a,1sp,군체,,둥우리빌딩 신인류 테스트존,"<군체> 권세정,<군체> 서영철",<군체> 권세정X<군체> 서영철,"로맨틱,섹슈얼",,"만화,일러스트,사진",ohyakuten,https://dongne.co/events/25d09/circles/180164,제9회 쩜오 어워드,Day2
깨물깨물,규,L-05b,L,05,b,1sp,"군체,괴물","괴물,오십프로,모자무싸",둥우리빌딩 신인류 테스트존,<군체> 서영철,한주원X이동식,,,,@31Gyu_8305,https://dongne.co/events/25d09/circles/179409,제9회 쩜오 어워드,Day2
러브앤문,러브앤문,J-01,J,01,,2sp,"모루인형,인형옷",,,,,,,공예,,https://dongne.co/events/25d09/circles/172994,제9회 쩜오 어워드,Day2
뭐라도함,Poiu,J-15a,J,15,a,1sp,가면라이더,,,,,,,,,https://dongne.co/events/25d09/circles/174612,제9회 쩜오 어워드,Day2
식스그레,청사과,I-23a,I,23,a,1sp,,,페트로바 대책위원회,,,"로맨틱,섹슈얼",,소설,@bluaappletree,https://dongne.co/events/25d09/circles/179557,제9회 쩜오 어워드,Day2
쌈싸먹기,연어,M-12,M,12,,2sp,MIU404,"슬로우 트레인,17세의 제국",4nd F0rever 4fter,,이부키 아이X시마 카즈미,"로맨틱,섹슈얼",우시켄,만화,chobab59,https://dongne.co/events/25d09/circles/172940,제9회 쩜오 어워드,Day2
양네목장,긴양,M-07b,M,07,b,1sp,MIU404,,4nd F0rever 4fter,,이부키 아이X시마 카즈미,,,소설,@mlle_gin,https://dongne.co/events/25d09/circles/172983,제9회 쩜오 어워드,Day2
올스코프,표지영,K-23,K,23,,2sp,스파이더맨,마블 시네마틱 유니버스,,"스파이더맨 (피터 파커),토니 스타크(아이언맨)",토니 스타크X피터 파커,로맨틱,,만화,,https://dongne.co/events/25d09/circles/181126,제9회 쩜오 어워드,Day2
취주악부,gam,I-16a,I,16,a,1sp,토에이 특촬,,,,,,,,,https://dongne.co/events/25d09/circles/180166,제9회 쩜오 어워드,Day2
피톤치드,Estar,K-03a,K,03,a,1sp,"만달로리안,스타워즈",,,"딘자린,그로구,루크 스카이워커",루크스카이워커X딘자린,해당없음,,만화,@Estivastar,https://dongne.co/events/25d09/circles/180216,제9회 쩜오 어워드,Day2
연구과제 : 인생 한방,,I-07,I,07,,2sp,프로젝트 헤일메리,,페트로바 대책위원회,"라일랜드 그레이스,에바 스트라트",,"로맨틱,해당없음",,소설,,https://dongne.co/events/25d09/circles/175246,제9회 쩜오 어워드,Day2
스타워즈 더 부스: 전설적인 시리즈 가면라이더와는 별 관련 없는 스타워즈 더 부스의 콤비 스타와 워즈. 어느날 쩜오온에 참가하는 황당한 계획을 세우고 처음 만났던 더 마블스 개봉일로 돌,"해연, 아크릴, 대마",K-06,K,06,,2sp,"가면라이더 지오,스타워즈,더 마블스",트윈픽스,,"스타워즈 올캐러,흑워즈,백워즈",워즈X워즈,해당없음,,"일러스트,만화","@tomotsu_KR, @wheeze242",https://dongne.co/events/25d09/circles/173049,제9회 쩜오 어워드,Day2
개미군단 모임,김다비,L-06a,L,06,a,1sp,"탈주,군체",,둥우리빌딩 신인류 테스트존,"<군체>,<군체> 서영철,<탈주>리현상",,해당없음,,,@mmuunnaa66,https://dongne.co/events/25d09/circles/180163,제9회 쩜오 어워드,Day2
니치아사 짬뽕,"감자, 김래고",L-10,L,10,,2sp,"가면라이더 세이버,특명전대 고버스터즈,가면라이더",가면라이더 제로원,,"신도 린타로,스도 메이",신도 린타로X스도 메이,로맨틱,후와유아,"만화,일러스트",@tuna_chamchi_,https://dongne.co/events/25d09/circles/173024,제9회 쩜오 어워드,Day2
감옥에서 누가 돌아왔게,moth,K-26b,K,26,b,1sp,베터 콜 사울,,,<베터 콜 사울> 작 중 캐릭터,<베터 콜 사울> 지미X<베터 콜 사울> 킴,로맨틱,,소설,mothsth,https://dongne.co/events/25d09/circles/179460,제9회 쩜오 어워드,Day2
권모술초 운행 시작합니다,모범시청자,K-20,K,20,,2sp,모범택시,"탈주,이제훈 필모그래피",,"<모범택시> 김도기,<모범택시> 무지개운수,<탈주>임규남,<탈주>리현상,<아득히 먼 춤>신파랑,<파수꾼>권기태",<아득히 먼 춤>신파랑X<파수꾼>권기태,로맨틱,,,@taxi_yogiyo,https://dongne.co/events/25d09/circles/179244,제9회 쩜오 어워드,Day2
프로젝트 헤일 스트랫랜드,무리수,I-25,I,25,,2sp,프로젝트 헤일메리,,페트로바 대책위원회,"라일랜드 그레이스,에바 스트라트",라일랜드 그레이스X에바 스트라트,"로맨틱,해당없음",,소설,@taintCC,https://dongne.co/events/25d09/circles/175151,제9회 쩜오 어워드,Day2
생각나서 신청함,모리,J-16b,J,16,b,1sp,해적전대 고카이쟈,,,,,,,,,https://dongne.co/events/25d09/circles/172937,제9회 쩜오 어워드,Day2
와타시노 취미야,"원, 똥이",K-16,K,16,,2sp,"가면라이더 가이무,가면라이더 가브","마계기사 가로,가면라이더 류우키,가면라이더 디케이드",,,니엘브 스토머크X스가 켄조,해당없음,토죠사노,"기타,일러스트,만화",,https://dongne.co/events/25d09/circles/173089,제9회 쩜오 어워드,Day2
코우시노 강도단,시트론,L-22,L,22,,2sp,코우노도리,,,"코우노토리 사쿠라,시노미야 하루키",코우노토리 사쿠라X시노미야 하루키,로맨틱,,"만화,공예",kitriny404,https://dongne.co/events/25d09/circles/173425,제9회 쩜오 어워드,Day2
타우세티 잡화점,라온,J-02b,J,02,b,1sp,프로젝트 헤일메리,,페트로바 대책위원회,,,,,"일러스트,공예",@2ra5nD,https://dongne.co/events/25d09/circles/175059,제9회 쩜오 어워드,Day2
아스미야 센베이 세트,백곰스찬,I-19,I,19,,2sp,울트라맨 시리즈,"울트라맨 데커,울트라맨 오메가","빛의 나라에서, 사랑을 담아",,,,,소설,@polarbear0918,https://dongne.co/events/25d09/circles/173810,제9회 쩜오 어워드,Day2
에리드의 위성이 되고 싶어,에리드먼지,J-03b,J,03,b,1sp,프로젝트 헤일메리,,페트로바 대책위원회,"라일랜드 그레이스,로키",,,,,,https://dongne.co/events/25d09/circles/179202,제9회 쩜오 어워드,Day2
지각하면 도쿄만 마리나에 다이빙,타피,M-13a,M,13,a,1sp,MIU404,,4nd F0rever 4fter,"이부키 아이,시마 카즈미",,로맨틱,,소설,@Tapii_Merong,https://dongne.co/events/25d09/circles/173045,제9회 쩜오 어워드,Day2
울버린과 데드풀 디즈니랜드입사 ,이든,J-05,J,05,,2sp,데드풀과 울버린,배우 필모(휴놀),엑스맨의 탄생: 울덷 ,"울버린,데드풀,로건,웨이드 윌슨",울버린X데드풀,섹슈얼,"울덷, 휴놀 ",일러스트,@ammor0212,https://dongne.co/events/25d09/circles/172966,제9회 쩜오 어워드,Day2
용의자는 메론빵호,"쿠모, 박찬란",M-11,M,11,,2sp,"MIU404,슬로우 트레인,라스트마일",,4nd F0rever 4fter,"이부키 아이,시마 카즈미",이부키 아이X시마 카즈미,로맨틱,,"만화,일러스트","@kumo1418, @Park_CRan",https://dongne.co/events/25d09/circles/173061,제9회 쩜오 어워드,Day2
도둑들이 살림살이 다털어간다,tkdsl,I-15b,I,15,b,1sp,특촬,,,,,로맨틱,"카이츠카,텐카가,적1적",,,https://dongne.co/events/25d09/circles/173040,제9회 쩜오 어워드,Day2
고인물과 청정수는 이부시마의 꿈을 꾼다,구독구 맋맋 버들,M-09,M,09,,2sp,MIU404,,4nd F0rever 4fter,이부키아이 X 시마카즈미,이부키아이X시마카즈미,"해당없음,로맨틱",,,@gamejomhaza404,https://dongne.co/events/25d09/circles/173733,제9회 쩜오 어워드,Day2
울트라맨 오메가는 야끼소바의 꿈을 꾸는가,탄산,I-08a,I,08,a,1sp,,,"빛의 나라에서, 사랑을 담아",,,,,,@Awesome_TrigerG,https://dongne.co/events/25d09/circles/179105,제9회 쩜오 어워드,Day2
메론빵호 출장서비스,강유진,M-05b,M,05,b,1sp,MIU404,,4nd F0rever 4fter,,,,,,cent_s_sirius,https://dongne.co/events/25d09/circles/174801,제9회 쩜오 어워드,Day2
페트로바 대책위원회 주최부스,페트로바 대책위원회,I-01,I,01,,2sp,프로젝트 헤일메리,,페트로바 대책위원회,<프로젝트 헤일메리> 작 중 캐릭터,,,,,@Hailmary_event,https://dongne.co/events/25d09/circles/180116,제9회 쩜오 어워드,Day2
호쾌하게 하울링하는 왕개무장 버그스터들,"레울비, 루믹",J-11a,J,11,a,1sp,"넘버원전대 고쥬저,가면라이더 에그제이드,임금님전대 킹오저(파워레인저 킹덤포스),해적전대 고카이쟈,폭상전대 분붐저",,,"토노 호에루,호죠 에무,기라 하스티,캡틴 마벨러스,한도 타이야",고쥬저 내 반지의 전사들X토노 호에루,"섹슈얼,로맨틱","마베른, 쿠온호에, 리쿠호에, 류기호에, 스미호에, 마시호에, 파캔호에, 호에루른, 파라에무, 에무른, 기라른, ",소설,"Lewolfy_n_, gokai201135",https://dongne.co/events/25d09/circles/173043,제9회 쩜오 어워드,Day2
좋아하는 쫄쫄이한테 장수풍뎅이 부착,1010,K-13a,K,13,a,1sp,"가면라이더(특촬),울트라맨 시리즈",슈퍼전대(파워레인저) 시리즈,,,켄자키 카즈마X아이카와 하지메,해당없음,,일러스트,@go_to_hellforme,https://dongne.co/events/25d09/circles/178985,제9회 쩜오 어워드,Day2
스팁버키 정상영업합니다,"적군과폐허, 무지랭",J-22,J,22,,2sp,"MCU,마블,마블 시네마틱 유니버스",,,"스티브 로저스,버키 반즈",스티브 로저스X버키 반즈,로맨틱,,"만화,소설",@enemiesandruins,https://dongne.co/events/25d09/circles/173095,제9회 쩜오 어워드,Day2
야미가시(썩은과일포함)히카리가시상점,"점성어, ㅇ3ㅇ",L-16,L,16,,2sp,가면라이더 가브,가면라이더 가이무,,"쇼마,카라키다 한토,센고쿠 료마,쿠레시마 타카토라,니엘브 스토머크,스가 켄조",쇼마X카라키다 한토,로맨틱,"니엘스가, 레몬메론","만화,소설","J__P2T_A, @_a2ta2",https://dongne.co/events/25d09/circles/173067,제9회 쩜오 어워드,Day2
과일파르페,한장남,K-17b,K,17,b,1sp,가면라이더 가이무,,,"쿠레시마 타카토라,기라 하스티,제라미 브라시에리,센고쿠 료마",쿠레시마 타카토라X센고쿠 료마,해당없음,기라제라,만화,@chaeo_0f,https://dongne.co/events/25d09/circles/173048,제9회 쩜오 어워드,Day2
달다리달달,은월광,M-08b,M,08,b,1sp,MIU404,,4nd F0rever 4fter,"이부키 아이,시마 카즈미",이부키 아이X시마 카즈미,로맨틱,,소설,@silber_JD,https://dongne.co/events/25d09/circles/172971,제9회 쩜오 어워드,Day2
우동모양면,스ㅍㅡ,M-08a,M,08,a,1sp,MIU404,,4nd F0rever 4fter,이부키 아이 / 시마 카즈미,이부키 아이X시마 카즈미,해당없음,,"기타,일러스트,만화",@SOUPTV_,https://dongne.co/events/25d09/circles/172939,제9회 쩜오 어워드,Day2
잡탕잡채밥,빈져,K-05,K,05,,2sp,"골든카무이,만달로리안과 그로구",스타워즈,,"그로구,오가타",,"로맨틱,섹슈얼,해당없음",스기오 아나오비,,@vin_bX,https://dongne.co/events/25d09/circles/175577,제9회 쩜오 어워드,Day2
화채전문점,"애쉬, 연무",L-08,L,08,,2sp,가면라이더 젯츠,가면라이더 가브,,"쇼마 스토머크,요로즈 바쿠",요로즈 바쿠X지크,로맨틱,"쇼마라키(구미푸딩), 쇼마한토(구미초코), 기라제라",만화,@ashblanc195 @uUrO4FvjBwV4bSi,https://dongne.co/events/25d09/circles/172950,제9회 쩜오 어워드,Day2
안마세계에~서 누가 돌아왔~게~?,두목,K-19a,K,19,a,1sp,가면라이더 고스트,"가면라이더,슈퍼전대,넘버원전대 고쥬쟈,넘버원전대 고쥬저,가면라이더 더블,가면라이더 W",,,후카미 마코토X아란(앨런),,마코아란,,@MAttJJan9,https://dongne.co/events/25d09/circles/173023,제9회 쩜오 어워드,Day2
헨신이란건 참 좋은 말이구나,"아렌, 공백",J-15b,J,15,b,1sp,가면라이더,슈퍼전대/파워레인저,,"헤이세이 가면라이더,가면라이더 시리즈",,,,,@are_n0102,https://dongne.co/events/25d09/circles/179182,제9회 쩜오 어워드,Day2
바쿠아게한 미션 스타트,센,L-19a,L,19,a,1sp,가면라이더 제츠,폭상전대 분붐저,,"녹스,겐바",,로맨틱,,만화,@shen_hero_,https://dongne.co/events/25d09/circles/172969,제9회 쩜오 어워드,Day2
외계인이랑 같이 붙어다님,아륜,I-13b,I,13,b,1sp,울트라맨 시리즈,"트랜스포머,록맨 클래식 시리즈","빛의 나라에서, 사랑을 담아",울트라세븐,울트라맨 레오X울트라세븐,로맨틱,"스카스타, 퀵플",소설,,https://dongne.co/events/25d09/circles/173904,제9회 쩜오 어워드,Day2
아기부키야 사랑해,"컨투, 감자빵, 뮤겐",M-21,M,21,,2sp,MIU404,,4nd F0rever 4fter,"이부키 아이,시마 카즈미",이부키 아이X시마 카즈미,"로맨틱,섹슈얼",,"만화,소설",@cherryberry404_ @ma_mill_melon @miu404mi,https://dongne.co/events/25d09/circles/173912,제9회 쩜오 어워드,Day2
헤일메리호 다락방,무야,J-02a,J,02,a,1sp,프로젝트 헤일메리,라고슬 유니버스,페트로바 대책위원회,"라일랜드 그레이스,로키,에바 스트라트",,,,일러스트,@muya_say,https://dongne.co/events/25d09/circles/175060,제9회 쩜오 어워드,Day2
친형제처럼 사랑해 주지,호떡 누르개,K-25a,K,25,a,1sp,세븐킹덤의 기사,세븐킹덤의 기사,,,라이오넬 바라테온X던컨 더 톨,로맨틱,,"만화,공예",@ghostgae,https://dongne.co/events/25d09/circles/172949,제9회 쩜오 어워드,Day2
둠스데이를 앞두고 나는 오늘도 한 그루의 버키존을 심는다,또리,J-07b,J,07,b,1sp,마블 MCU,,엑스맨의 탄생: 울덷 ,,버키 반즈X존 워커,로맨틱,울버린데드풀,소설,@Ehfl77,https://dongne.co/events/25d09/circles/172955,제9회 쩜오 어워드,Day2
둥우리빌딩 신인류 테스트존 주최부스,,L-26,L,26,,2sp,군체,군체,둥우리빌딩 신인류 테스트존,,,,,,,https://dongne.co/events/25d09/circles/180274,제9회 쩜오 어워드,Day2
가브린초는 공룡이 아니라니까,꾸이,J-08,J,08,,2sp,폭상전대 분붐저,"수전전대 쿄류저,가면라이더 가브,임금님전대 킹오저,넘버원전대 고쥬저",,"한도 타이야,메이타 이시로,시후토 미라,아쿠세 죠,브레키 겐바,호무라 사키토,키류 다이고,이안 요크랜드,우도 노부하루,릿푸칸 소우지,아미 유즈키,우츠세미마루,쇼마 스토머크,카라키다 한토,라키아 아마르가,아마네 사치카,토오노 호에루,쿠온,히메노 란,리타 카니스카",한도 타이야X메이타 이시로,로맨틱,"히메리타, 쿠온호에",영상,"U_ch1t, skR_cc1, Sikchung_",https://dongne.co/events/25d09/circles/173086,제9회 쩜오 어워드,Day2
그레이스가 행복하길,으밍,I-22a,I,22,a,1sp,프로젝트 헤일메리,,페트로바 대책위원회,<프로젝트 헤일메리> 작 중 캐릭터,,해당없음,,소설,@_mingphm,https://dongne.co/events/25d09/circles/179203,제9회 쩜오 어워드,Day2
씨피벨트를 아십니까,리나,L-14b,L,14,b,1sp,가면라이더 가브,,,,라키아 아마르가X카라키다 한토,해당없음,,소설,TRK40S,https://dongne.co/events/25d09/circles/173105,제9회 쩜오 어워드,Day2
자유의지로 사랑하기,생강캔디,K-26a,K,26,a,1sp,멋진 징조들 ( Good Omens),,,"크롤리,아지라파엘",아지라파엘X크롤리,"로맨틱,섹슈얼",,소설,@ryu_GingerCandy,https://dongne.co/events/25d09/circles/174968,제9회 쩜오 어워드,Day2
쿠지고지당 정상영업합니다 ,ㅍㅋㄹ,K-09b,K,09,b,1sp,가면라이더 지오,,,,,,,,,https://dongne.co/events/25d09/circles/172976,제9회 쩜오 어워드,Day2
군신이못말려,도덕리포도영농조합,K-22,K,22,,2sp,"팬레터,신삼국","곤투모로우,사이버펑크2077",,,정세훈X김해진,"로맨틱,섹슈얼","권숙, 희옥, 조니케리",만화,freedoin,https://dongne.co/events/25d09/circles/172928,제9회 쩜오 어워드,Day2
내마음은뭘까,7시 47분 봇,I-14b,I,14,b,1sp,파워레인져 다이노포스(수전전대 쿄류쟈),MIU404,,키류 다이고,시마 카즈미X이부키 아이,로맨틱,,만화,@OK_jeochugbank,https://dongne.co/events/25d09/circles/174947,제9회 쩜오 어워드,Day2
메론빵호출발,김덕배,L-20a,L,20,a,1sp,미우404,,,,,,,,,https://dongne.co/events/25d09/circles/172996,제9회 쩜오 어워드,Day2
메론틱로맨스,"미호, 연낙",M-18,M,18,,2sp,MIU404,,4nd F0rever 4fter,"이부키 아이,시마 카즈미",이부키 아이X시마 카즈미,로맨틱,,"만화,일러스트","@algh_ww, @yeonnag",https://dongne.co/events/25d09/circles/173017,제9회 쩜오 어워드,Day2
뭐라도하겠죠,바다사과,K-25b,K,25,b,1sp,슬로우 트레인,없음,,,,"로맨틱,섹슈얼",,소설,@mare_marae,https://dongne.co/events/25d09/circles/174739,제9회 쩜오 어워드,Day2
안수호를믿기,훈비,L-06b,L,06,b,1sp,약한영웅(드라마),,,수호시은,안수호X연시은,로맨틱,,일러스트,Ooh_coco,https://dongne.co/events/25d09/circles/174594,제9회 쩜오 어워드,Day2
버키샘하세요 여러분,가르르,J-25a,J,25,a,1sp,"마블,마블 시네마틱 유니버스,MCU","탑건,탑건:매버릭",,"버키 반즈,샘 윌슨,매버릭",버키 반즈X샘 윌슨,로맨틱,,소설,,https://dongne.co/events/25d09/circles/173565,제9회 쩜오 어워드,Day2
아스트로파지 운영본부,서키,J-03a,J,03,a,1sp,프로젝트 헤일메리,,페트로바 대책위원회,<프로젝트 헤일메리> 작 중 캐릭터,,,,"만화,공예,일러스트",@seoki12dragon,https://dongne.co/events/25d09/circles/175325,제9회 쩜오 어워드,Day2
청년벨트챙겨 헨신해야지,구삼,L-14a,L,14,a,1sp,가면라이더 가브,가면라이더 기츠,,,라키아 아마르가X카라키다 한토,,,,@gamesan93,https://dongne.co/events/25d09/circles/179166,제9회 쩜오 어워드,Day2
매그니토에게 습격당한다면,폴라,K-02a,K,02,a,1sp,"엑스맨,엑스맨(영화),엑스맨(프리퀄)",MCU 마블 시네마틱 유니버스,,찰스 자비에(엑스맨) 등,에릭 랜셔(매그니토)X찰스 자비에(프로페서X),"로맨틱,섹슈얼",스팁버키,만화,@POLAR_TANG_,https://dongne.co/events/25d09/circles/175361,제9회 쩜오 어워드,Day2
둥우리빌딩은 결혼컨벤션센터입니다,발버둥계정,L-01,L,01,,2sp,군체,군체,둥우리빌딩 신인류 테스트존,"<군체>,<군체> 작 중 캐릭터",<군체> 권세정X<군체> 서영철,"로맨틱,섹슈얼","현석현희, 올캐릭터","만화,조형,기타,공예",@sasmuraiwithme,https://dongne.co/events/25d09/circles/175562,제9회 쩜오 어워드,Day2
나제미떼룬데스,달팽이집,J-11b,J,11,b,1sp,가면라이더 블레이드,가면라이더 가이무,,"카미조 무츠키,타치바나 사쿠야,켄자키 카즈마,아이카와 하쥐메,센고쿠 료마,쿠레시마 타카토라,쿠레시마 미츠자네",카미조 무츠키X타치바나 사쿠야,"해당없음,로맨틱","레몬메론, 포도메론","만화,기타",@pang_tkst,https://dongne.co/events/25d09/circles/175297,제9회 쩜오 어워드,Day2
메로메로메로롱,"작사, 눗",M-17,M,17,,2sp,MIU404,,4nd F0rever 4fter,"이부키 아이,시마 카즈미",이부키 아이X시마 카즈미,"로맨틱,섹슈얼",,"만화,소설,일러스트","@Epdkver2, @nus11873",https://dongne.co/events/25d09/circles/172999,제9회 쩜오 어워드,Day2
슈유마앤솔로지,사성구,I-18,I,18,,2sp,울트라맨 아크,"울트라맨 엑스,특촬","빛의 나라에서, 사랑을 담아","이시도 슈,히제 유마",이시도 슈X히제 유마,,,"만화,일러스트,소설",SYAnthol,https://dongne.co/events/25d09/circles/172974,제9회 쩜오 어워드,Day2
아버지효도지옥,개님,I-13a,I,13,a,1sp,울트라맨 지드,울트라맨,"빛의 나라에서, 사랑을 담아","울트라맨 제로,울트라맨 지드,울트라맨 베리알",울트라맨 제로X울트라맨 지드,해당없음,,만화,@dognm_umbfk,https://dongne.co/events/25d09/circles/174656,제9회 쩜오 어워드,Day2
우조다돈도코동,동,K-13b,K,13,b,1sp,헤이세이 가면라이더,,,,,,,,@DONGIROx2,https://dongne.co/events/25d09/circles/173006,제9회 쩜오 어워드,Day2
특수촬영물구역(유령출몰주의),인재,K-12,K,12,,2sp,가면라이더,"가면라이더 빌드,가면라이더 에그제이드,슈퍼전대 분붐저",,,,해당없음," 반죠 류우가x키류 센토, 호죠 에무x파라드, 타이샤시, 사키타이",만화,iii_i_j,https://dongne.co/events/25d09/circles/173005,제9회 쩜오 어워드,Day2
주말왹장양봉체험,"김늑대, yahsooh",I-10,I,10,,2sp,"울트라맨,울트라맨 타이가,울트라맨 오메가",넘버원전대 고쥬저,"빛의 나라에서, 사랑을 담아",,,,히로호마,만화,,https://dongne.co/events/25d09/circles/172986,제9회 쩜오 어워드,Day2
대한에리디언학회 - 겉보기등급이너무밝아!,"Whynot, 수은양",K-07a,K,07,a,1sp,프로젝트 헤일메리,,,"<프로젝트 헤일메리> 작 중 캐릭터,로키(프로젝트 헤일메리),에이드리언(프로젝트 헤일메리)",,,,일러스트,"@Ms_Sueun, @hoeuilonja97172",https://dongne.co/events/25d09/circles/181096,제9회 쩜오 어워드,Day2
다크니스힐즈부흥회,씨앗병정,I-12a,I,12,a,1sp,"울트라맨 타이가,울트라맨 넥서스","울트라맨 제로,울트라맨 지드,울트라맨 시리즈","빛의 나라에서, 사랑을 담아",울트라맨 트레기어,울트라맨 타로X울트라맨 트레기어,해당없음,,만화,wlspg2m,https://dongne.co/events/25d09/circles/174921,제9회 쩜오 어워드,Day2
사키겐바회지냅니다,도바,I-16b,I,16,b,1sp,"슈퍼전대(파워레인저) 시리즈,폭상전대 분붐저,특촬,전대 등 특촬물,슈퍼전대/파워레인저",,,"호무라 사키토,브레키 겐바,메이타 이시로,한도 타이야",호무라 사키토X브레키 겐바,로맨틱,"이시타이, 청적",소설,dbdobadb,https://dongne.co/events/25d09/circles/176291,제9회 쩜오 어워드,Day2
신호등엔터테이먼트,홍차,J-04a,J,04,a,1sp,프로젝트 헤일메리,,,,로키X라일랜드 그레이스,로맨틱,,"일러스트,소설",,https://dongne.co/events/25d09/circles/179190,제9회 쩜오 어워드,Day2
반묶음머리여자애호가,백송,I-21b,I,21,b,1sp,프로젝트 헤일메리,위키드 (뮤지컬),페트로바 대책위원회,<프로젝트 헤일메리> 작 중 캐릭터,,로맨틱,,"일러스트,소설,만화",,https://dongne.co/events/25d09/circles/175073,제9회 쩜오 어워드,Day2
정말아름다운이야기였어,,I-06,I,06,,2sp,프로젝트 헤일메리,,페트로바 대책위원회,,로키X라일랜드 그레이스,해당없음,,,@dolsuguk,https://dongne.co/events/25d09/circles/179231,제9회 쩜오 어워드,Day2
그해여름혼다에서있었던일,체리,J-06,J,06,,2sp,데드풀앤울버린,100m(안할지도),엑스맨의 탄생: 울덷 ,울버린/데드풀,울버린X데드풀,섹슈얼,,소설,@pipipoco_love,https://dongne.co/events/25d09/circles/172936,제9회 쩜오 어워드,Day2
멜론빵무제한제공진짜사건,머개,M-19,M,19,,2sp,MIU404,,4nd F0rever 4fter,"이부키 아이,시마 카즈미",,로맨틱,,일러스트,@5d4js,https://dongne.co/events/25d09/circles/173096,제9회 쩜오 어워드,Day2
스타워즈에도사람이살아요,미냑,K-04a,K,04,a,1sp,스타워즈,,,만달로리안 딘자린 그로구 스타워즈 등등,만달로리안 -딘자린X루크 스카이워커,,,,@Miinyakk,https://dongne.co/events/25d09/circles/175604,제9회 쩜오 어워드,Day2
카라후루시아와세테카소드의 갓-챠,"풀떼기, 새발의피, 환멸",L-12,L,12,,2sp,가면라이더 리바이스,"기계전대 젠카이쟈,넘버원전대 고쥬저,가면라이더 갓챠드",,,이가라시 사쿠라X나츠키 하나 (아길레라),로맨틱,고시키다 카이토×스테이시 ,"일러스트,만화",@IM_PULTTEGI @birdftbld @HwanM_MDMG,https://dongne.co/events/25d09/circles/173059,제9회 쩜오 어워드,Day2
라이더변신직전최후의끌어치기,시나블,L-09b,L,09,b,1sp,"가면라이더,페르소나 3",,,,,,,,@OTKAU_NEVER_USO,https://dongne.co/events/25d09/circles/174652,제9회 쩜오 어워드,Day2
저같은하꼬가부스를내도될까요,누교,L-04b,L,04,b,1sp,군체,"탈주,반도,구필,구교환 필모",둥우리빌딩 신인류 테스트존,"<군체> 권세정,<군체> 서영철,<반도> 서상훈,<탈주>리현상,<탈주>임규남",<군체> 권세정X<군체> 서영철,"로맨틱,해당없음",구필른,,@nanu9kyo,https://dongne.co/events/25d09/circles/180185,제9회 쩜오 어워드,Day2
쩜오오타쿠인생최후의끌어치기,세르케,I-20b,I,20,b,1sp,"메이즈러너,틴 울프","마블 시네마틱 유니버스,프로젝트 헤일메리",,,,,,소설,@seruke333,https://dongne.co/events/25d09/circles/175580,제9회 쩜오 어워드,Day2
어린이보호구역스피드레이서이부키,"밤톨, 밥바비, 도코",M-06,M,06,,2sp,MIU404,,4nd F0rever 4fter,"이부키 아이,시마 카즈미",이부키 아이X시마 카즈미,로맨틱,,,@tolbam21000,https://dongne.co/events/25d09/circles/173583,제9회 쩜오 어워드,Day2
초우주를여행하는만년삼공을위한안내서,"기장, 헨자",J-14,J,14,,2sp,가면라이더 가이무,"가면라이더 디케이드,초우주형사 갸반 인피니티",,"쿠레시마 타카토라,쿠레시마 미츠자네,카도야 츠카사,카이토 다이키,도키 레이지,다테 다이스케",쿠레시마 타카토라X쿠레시마 미츠자네,"로맨틱,섹슈얼","츠카이, 타이레이타이","만화,소설","@not_thatmb, @D0NTGOOO",https://dongne.co/events/25d09/circles/172947,제9회 쩜오 어워드,Day2
하늘에서보고있지가마상우리배트이후로한번도떨어지지않아,"키키, 츠케멘",M-04,M,04,,2sp,MIU404,,4nd F0rever 4fter,"이부키 아이,시마 카즈미",이부키 아이X시마 카즈미,로맨틱,,"만화,일러스트,소설","@gicha404, @sukikii_404",https://dongne.co/events/25d09/circles/174691,제9회 쩜오 어워드,Day2
러브앤피스를위해사람을먹고두부를사서세력싸움을하는게인간의룰인가?대충알았다,"잠자, 치돈",K-14,K,14,,2sp,"가면라이더 카부토,가면라이더 디케이드,가면라이더 드라이브,가면라이더 아마존즈,가면라이더 빌드,하이앤로우",,,"키류 센토,체이스",키류 센토X반죠 류우가,해당없음,"하루마모, 체이고우, 츠카이, 카이키지, 텐카가, 츠루미사",소설,@TO_zamuza @KKITOYONG19,https://dongne.co/events/25d09/circles/173532,제9회 쩜오 어워드,Day2
실험체 코드네임 05-21,딛,L-03b,L,03,b,1sp,군체,"반도,탈주",둥우리빌딩 신인류 테스트존,"<군체>,<군체> 서영철,<군체> 권세정",<군체> 권세정X<군체> 서영철,"섹슈얼,해당없음",,"일러스트,공예,기타",@Dd_0U0_d,https://dongne.co/events/25d09/circles/176136,제9회 쩜오 어워드,Day2
증착. 그건 갸반 시스템의 발동 커맨드다. 그럼 증착 프로세스를 다시 한 번 보도록 하자. 증착 커맨드를 받고 임계점을 넘은 에모르기가 트리거 내에 응축된 갸바리온 입자와 융합. 불과 1밀리초만에 컴뱃슈트로 투사 형성되어 증착을 완료하는 것이다. ,겨자,J-13,J,13,,2sp,초우주형사 갸반 인피니티,,,"도키 레이지,다테 다이스케",,"로맨틱,섹슈얼,해당없음",,"만화,일러스트,소설",,https://dongne.co/events/25d09/circles/173007,제9회 쩜오 어워드,Day2
저라는10주년의무거움을,고기,K-19b,K,19,b,1sp,"가면라이더 고스트,가면라이더 에그제이드,루팡패트",,,,,,,,,https://dongne.co/events/25d09/circles/172926,제9회 쩜오 어워드,Day2
슈갓덤 슈니발렌 망치질 연구 2호점,파몽/솔,L-17,L,17,,2sp,가면라이더 가브,"임금님전대 킹오저,초우주형사 갸반 인피니티",,,기라 하스티X제라미 브라시에리,로맨틱,쿠키초코,만화,@pamong_bffa/@so10932,https://dongne.co/events/25d09/circles/173010,제9회 쩜오 어워드,Day2
무한한가능성2,뿡,K-15,K,15,,2sp,"가면라이더,가면라이더 더블,가면라이더 더블(W)",,,,,,,,,https://dongne.co/events/25d09/circles/175211,제9회 쩜오 어워드,Day2
2026용토끼 앤솔로지,"와페, 해긍",K-11,K,11,,2sp,가면라이더 빌드,,,"반죠 류우가,키류 센토",,로맨틱,,"만화,일러스트,소설",@b3stm4tch ,https://dongne.co/events/25d09/circles/173057,제9회 쩜오 어워드,Day2
2m from the sky,츠여,J-20b,J,20,b,1sp,MCU,,,피터 파커,,,,,@ch_evnfo,https://dongne.co/events/25d09/circles/173020,제9회 쩜오 어워드,Day2
빌당안에 괴담이 있나요? 30F,삼멘델,L-03a,L,03,a,1sp,군체,"D.P,괴담출근 등,반도",둥우리빌딩 신인류 테스트존,,<군체>X<군체>,해당없음,,기타,@chu_ha_S2,https://dongne.co/events/25d09/circles/179017,제9회 쩜오 어워드,Day2
40대 아저씨들이 이렇게 큐릇해도 되는거임?,"그하,괭이",M-24,M,24,,2sp,MIU404,,4nd F0rever 4fter,"시마 카즈미,이부키 아이",이부키 아이X시마 카즈미,"로맨틱,해당없음",,"일러스트,만화",@gd20588231,https://dongne.co/events/25d09/circles/175227,제9회 쩜오 어워드,Day2
허브의 멍멍404 덕질,쁘허,M-14,M,14,,2sp,MIU404,MIU404,4nd F0rever 4fter,"이부키 아이,시마 카즈미",이부키 아이X시마 카즈미,,,공예,@herb_o56,https://dongne.co/events/25d09/circles/179192,제9회 쩜오 어워드,Day2
메론빵 404엔,유성겸,M-05a,M,05,a,1sp,"MIU404,미우404",수공예 창작품,4nd F0rever 4fter,"이부키 아이,시마 카즈미",이부키 아이X시마 카즈미,"로맨틱,섹슈얼",,,@tjdrua0211,https://dongne.co/events/25d09/circles/174662,제9회 쩜오 어워드,Day2
베이커리 카페 404,"마히땅, 레몬사탕",L-24,L,24,,2sp,MIU404,,4nd F0rever 4fter,"이부키 아이,시마 카즈미",이부키 아이X시마 카즈미,"섹슈얼,로맨틱",,소설,"@m4h1ttang, @lemonAME_404 ",https://dongne.co/events/25d09/circles/173097,제9회 쩜오 어워드,Day2
404 fruit found,"키위새, 🍍",M-25,M,25,,2sp,MIU404,,4nd F0rever 4fter,"이부키 아이,시마 카즈미",이부키 아이X시마 카즈미,로맨틱,,,"@marugotokiwi, @Im0Fineapple",https://dongne.co/events/25d09/circles/174116,제9회 쩜오 어워드,Day2
4nd F0rever 4fter 주최부스,,M-26,M,26,,2sp,,,4nd F0rever 4fter,,,,,,,https://dongne.co/events/25d09/circles/180117,제9회 쩜오 어워드,Day2
502 melon gateway,"망, 삼",M-02,M,02,,2sp,MIU404,,4nd F0rever 4fter,이부키아이 X 시마카즈미,이부키 아이X시마 카즈미,로맨틱,,,@404_yes_f0und ,https://dongne.co/events/25d09/circles/174166,제9회 쩜오 어워드,Day2
Believe in the Hail Mary,라잇,I-23b,I,23,b,1sp,프로젝트 헤일메리,,페트로바 대책위원회,,,해당없음,,소설,believeinHM,https://dongne.co/events/25d09/circles/175064,제9회 쩜오 어워드,Day2
인간은 어떤 일이 있어도 뜨거운 목욕탕에 들어가면 부활할 수 있어! by엄마,감자차,K-21,K,21,,2sp,가면라이더 리바이스,,,,이가라시 다이지X이가라시 잇키,,,"만화,일러스트,소설",,https://dongne.co/events/25d09/circles/173013,제9회 쩜오 어워드,Day2
CASE#404 MelonPan Mount,"곳독, 잔물길",M-23,M,23,,2sp,MIU404,,4nd F0rever 4fter,"이부키 아이,시마 카즈미",이부키 아이X시마 카즈미,로맨틱,,"일러스트,소설","@GOTDOK_11, @404_melontiger",https://dongne.co/events/25d09/circles/172964,제9회 쩜오 어워드,Day2
CODE 고등학교 미션 스타트,다시마,L-19b,L,19,b,1sp,가면라이더 젯츠,,,"녹스,오다카 켄세이,요로즈 바쿠",요로즈 바쿠X녹스,로맨틱,,만화,@EunBongye,https://dongne.co/events/25d09/circles/176610,제9회 쩜오 어워드,Day2
Coworker No Partner,.,J-25b,J,25,b,1sp,MCU 마블 시네마틱 유니버스,,,"샘 윌슨,버키 반즈",버키 반즈X샘 윌슨,해당없음,,만화,,https://dongne.co/events/25d09/circles/175463,제9회 쩜오 어워드,Day2
E.G.I.S. 비공인 한국 지부,잘리,I-11b,I,11,b,1sp,울트라맨 타이가,,"빛의 나라에서, 사랑을 담아",,쿠도 히로유키X소우야 호마레,"로맨틱,섹슈얼",,소설,@BUDDYSTEADYGO,https://dongne.co/events/25d09/circles/173252,제9회 쩜오 어워드,Day2
Hail Mary full of Grace,란묘,I-20a,I,20,a,1sp,프로젝트 헤일메리,그레이맨,페트로바 대책위원회,"라일랜드 그레이스,시에라식스,스파이더맨 (피터 파커),로키",시에라식스X라일랜드 그레이스,로맨틱,로키그레,"만화,일러스트",@eggcatnip,https://dongne.co/events/25d09/circles/179189,제9회 쩜오 어워드,Day2
HAILMARY PATH,"밀, 사라",I-26,I,26,,2sp,프로젝트 헤일메리,,페트로바 대책위원회,"라일랜드 그레이스,에바 스트라트",라일랜드 그레이스X에바 스트라트,로맨틱,,"일러스트,소설",have_a_nicemeal,https://dongne.co/events/25d09/circles/175200,제9회 쩜오 어워드,Day2
halogen,F,K-07b,K,07,b,1sp,모범택시,"탈주,늪필모",,<모범택시> 김도기,,,,"만화,일러스트",,https://dongne.co/events/25d09/circles/179427,제9회 쩜오 어워드,Day2
"Hey, 너! 그거 알아? 바이스탬프 1개엔 자그마치 스탬프 1개 분량의 라이더 시스템이 들어있다는 Amazing 한 사실을! ",낑깡,L-13a,L,13,a,1sp,"가면라이더,슈퍼전대","가면라이더 리바이스,가면라이더 위자드,가면라이더 빌드,가면라이더 덴오,수전전대 쿄류저,폭상전대 분붐저,넘버원전대 고쥬저,도겐져스",,,,,,,@KK_henshin,https://dongne.co/events/25d09/circles/173169,제9회 쩜오 어워드,Day2
Horizon Blue,방울,I-04,I,04,,2sp,프로젝트 헤일메리,,페트로바 대책위원회,<프로젝트 헤일메리> 작 중 캐릭터,로키X라일랜드 그레이스,로맨틱,,,,https://dongne.co/events/25d09/circles/175601,제9회 쩜오 어워드,Day2
Imagination Store,츠히,M-07a,M,07,a,1sp,MIU404,,4nd F0rever 4fter,"이부키 아이,시마 카즈미",이부키 아이X시마 카즈미,로맨틱,,소설,tzuhi,https://dongne.co/events/25d09/circles/175380,제9회 쩜오 어워드,Day2
Like a prayer,강도,J-04b,J,04,b,1sp,데드풀과 울버린,엑스맨,엑스맨의 탄생: 울덷 ,데드풀,울버린X데드풀,로맨틱,,"공예,기타",@robberkatt,https://dongne.co/events/25d09/circles/173014,제9회 쩜오 어워드,Day2
MBTI가 ibsm,"개개, 뮤",M-16b,M,16,b,1sp,MIU404,,4nd F0rever 4fter,"이부키 아이,시마 카즈미",이부키 아이X시마 카즈미,"로맨틱,섹슈얼",,일러스트,gaegae404,https://dongne.co/events/25d09/circles/174154,제9회 쩜오 어워드,Day2
<MegaVolt> 헤일메리 패스,MeV,I-02,I,02,,2sp,프로젝트 헤일메리,,페트로바 대책위원회,"그레이스,로키",,,,만화,@Rust_in_peace1,https://dongne.co/events/25d09/circles/175416,제9회 쩜오 어워드,Day2
MUI404,mui,M-01,M,01,,2sp,미우404,,4nd F0rever 4fter,시마 카즈미,이부키 아이X시마 카즈미,"로맨틱,섹슈얼",,소설,@mui_S2,https://dongne.co/events/25d09/circles/172959,제9회 쩜오 어워드,Day2
M.W,월양,I-14a,I,14,a,1sp,울트라맨 오브,울트라맨 제트,,"쿠레나이 가이,저글러스 저글러",가이X저글러,"로맨틱,섹슈얼",,만화,gnaylow,https://dongne.co/events/25d09/circles/172942,제9회 쩜오 어워드,Day2
NEVER Entertainment,나인,L-23a,L,23,a,1sp,일본연극 <TRUMP> 시리즈,,,슈카(TRUMP시리즈),,로맨틱,드림,소설,@Vanitasia,https://dongne.co/events/25d09/circles/172954,제9회 쩜오 어워드,Day2
nn세특오타동인녀인생최초의끌어차기,우제,I-15a,I,15,a,1sp,"슈퍼전대,특수촬영물",가면라이더 시리즈,,,,로맨틱,,만화,@junk_ft,https://dongne.co/events/25d09/circles/173620,제9회 쩜오 어워드,Day2
SMILE WAIT FOR THE FLASH,동그리,J-07a,J,07,a,1sp,데드풀과 울버린,엑스맨,엑스맨의 탄생: 울덷 ,"울버린,데드풀",,로맨틱,,영상,@ooo_dgr,https://dongne.co/events/25d09/circles/173082,제9회 쩜오 어워드,Day2
TTFC (Toei Tokusatsu Fun Club),링디,L-11,L,11,,2sp,가면라이더,슈퍼전대,,가면라이더,,,,"만화,기타",,https://dongne.co/events/25d09/circles/173065,제9회 쩜오 어워드,Day2
게이츠를 믿기 vs 워즈를 믿기,벼락,K-10,K,10,,2sp,가면라이더 지오,,,"토키와 소고,묘코인 게이츠,워즈",소고X게이츠 및 워즈,"로맨틱,섹슈얼",,"만화,일러스트",txunxerxoxt,https://dongne.co/events/25d09/circles/173009,제9회 쩜오 어워드,Day2
무지개 바이러스 믿기 VS 무지개 잠자리 믿기,"소라, 바사경",K-18,K,18,,2sp,"가면라이더 이그제이드,기계전대 젠카이저",,,"고시키다 카이토,스테이시,호죠 에무,쿠죠 키리야,파라드",쿠죠 키리야X호죠 에무,해당없음,고시키다 카이토x스테이시,,"@sorast_05, @basagyeong",https://dongne.co/events/25d09/circles/175047,제9회 쩜오 어워드,Day2
We can,M,L-07,L,07,,2sp,MIU404,외 겐필,,,시마 카즈미X이부키 아이,"해당없음,로맨틱",,"만화,기타","@wvvvvwvv, @manIrondu",https://dongne.co/events/25d09/circles/173081,제9회 쩜오 어워드,Day2
...,yaming,A-03a,A,03,a,1sp,,,,,,,,,,https://dongne.co/events/wt03/circles/172909,스크롤의 바다 3화,Day2
공방 프리즘,리즈,A-03b,A,03,b,1sp,괴담에 떨어져도 출근을 해야 하는구나,,,,,,,,,https://dongne.co/events/wt03/circles/172908,스크롤의 바다 3화,Day2
햄스 부대찌개,꽁이,A-29b,A,29,b,1sp,가비지타임,롤플레잉겜만화,,"박병찬,기상호",박병찬X기상호,로맨틱,이슬라이,,@kkong2_0,https://dongne.co/events/wt03/circles/172890,스크롤의 바다 3화,Day2
매일 소잡는날 입니다,붓다,B-03a,B,03,a,1sp,,"합법해적 파르페,백합(장르)",,<극락왕생> 작 중 캐릭터,<극락왕생> 관음X<극락왕생> 문수,"로맨틱,섹슈얼",,"만화,소설",,https://dongne.co/events/wt03/circles/175132,스크롤의 바다 3화,Day2
사랑과 거짓말,효자손,B-03b,B,03,b,1sp,동경과 거짓말,,,,비올라 알피나X에델바이스 밀런,로맨틱,,소설,@hyojasonquqi,https://dongne.co/events/wt03/circles/174068,스크롤의 바다 3화,Day2
괴담에 떨어져도 덕질하기,오이리,A-04b,A,04,b,1sp,괴담에 떨어져도 출근을 해야 하는구나,,,,,"로맨틱,섹슈얼",,소설,@Oiri_0706,https://dongne.co/events/wt03/circles/172876,스크롤의 바다 3화,Day2
끌어치기,진짜,B-04a,B,04,a,1sp,가비지타임,,,빵준,전영중X성준수,로맨틱,,소설,,https://dongne.co/events/wt03/circles/172907,스크롤의 바다 3화,Day2
미래해도,lacuna,B-02,B,02,,2sp,합법해적 파르페,,,"파르페,도결문",도결문X파르페,로맨틱,"파르페X도결문, dhf","만화,소설,일러스트",lacuna_0v0,https://dongne.co/events/wt03/circles/172913,스크롤의 바다 3화,Day2
차차탑꾸,차차,A-01,A,01,,2sp,,,,,,,,공예,chachatoploader,https://dongne.co/events/wt03/circles/172917,스크롤의 바다 3화,Day2
박병찬은 바쁘다,바레,A-30a,A,30,a,1sp,가비지타임,,,박병찬,,해당없음,,소설,@varecode,https://dongne.co/events/wt03/circles/180005,스크롤의 바다 3화,Day2
스타코어 팝업스토어,가온뉘,A-02,A,02,,2sp,히어로즈 플랜비(히플비),,,"일렉트리컬 캡틴(올리버 올슨),이안 데이비스,레트로 바니(넘버 제로)",이안 데이비스X올리버 올슨,로맨틱,얀일렉얀,"만화,소설,공예",,https://dongne.co/events/wt03/circles/172879,스크롤의 바다 3화,Day2
상호병찬뽀뽀실시,찬무,A-31,A,31,,2sp,가비지타임,,,"기상호,박병찬,상뱅",기상호X박병찬,로맨틱,,"소설,만화,일러스트","@chanmu_1001, @Shamp6o",https://dongne.co/events/wt03/circles/175282,스크롤의 바다 3화,Day2
전국상호른협회고인물,목가,A-29a,A,29,a,1sp,가비지타임,,,,,로맨틱,,소설,,https://dongne.co/events/wt03/circles/172884,스크롤의 바다 3화,Day2
회사에떨어지면출근해야지,카네,A-04a,A,04,a,1sp,괴출,,,,,,,,,https://dongne.co/events/wt03/circles/172881,스크롤의 바다 3화,Day2
10디페 일 2부스,벨로,A-05,A,05,,2sp,괴담에 떨어져도 출근을 해야 하는구나,없음,,,,,,,Kirobina_bello,https://dongne.co/events/wt03/circles/172889,스크롤의 바다 3화,Day2
DALO,DALO,A-28,A,28,,2sp,전지적 독자 시점,,,중혁독자,유중혁X김독자,로맨틱,,만화,,https://dongne.co/events/wt03/circles/179461,스크롤의 바다 3화,Day2
Two Rabbits & 자몽공방 ,Rabbits,A-32,A,32,,2sp,데못죽,,,,,,,"공예,기타",,https://dongne.co/events/wt03/circles/172872,스크롤의 바다 3화,Day2
VT,VT,A-30b,A,30,b,1sp,가비지타임,,,"진재유,임승대",진재유X임승대,로맨틱,승대재유 재유승대 승재승 (논컾) 지상고 기상호,"일러스트,만화",@otimku,https://dongne.co/events/wt03/circles/172888,스크롤의 바다 3화,Day2
