부스명,대표자,위치,위치(열),위치(번호),반부스,부스,대표 작품(원작),그 외 다루는 작품,쁘띠존,캐릭터,커플링,커플링 성향,그 외 커플링,매체,트위터,링크,행사명,개최일,대표 작품(원작)_원본
 ,파파 ,,,,,2sp,아델타 ,,,,,,,,,https://dongne.co/event/df2604/circles/613325,제33회 디. 페스타 (토요일),Day1,아델타 
(빵척자 베이커리),쩌다,,,,,1sp,,,,"스텔레,파이논,아낙사,마이데이",,,,게임,hq_dds2,https://dongne.co/event/df2604/circles/661850,제33회 디. 페스타 (토요일),Day1,
(주) 무림미식회,단팥빵,,,,,1sp,무림제일폐: 월한강천록,닥터스톤,,유소월,홍륜X소월,"로맨틱,섹슈얼",츠카센,"만화,일러스트,소설",annbbang,https://dongne.co/event/df2604/circles/601730,제33회 디. 페스타 (토요일),Day1,무림제일폐: 월한강천록
*Rabbithole*,hooneu,,,,,2sp,유희왕,,야미진 쁘띠존 < 강한 마음 x 다정한 마음 >,"유희, 어둠의 유희",어둠의 유희X유희,로맨틱,,만화,hooneu777,https://dongne.co/event/df2604/circles/599751,제33회 디. 페스타 (토요일),Day1,유희왕(DM)
.,감,,,,,1sp,,,,,,,,,,https://dongne.co/event/df2604/circles/600107,제33회 디. 페스타 (토요일),Day1,
.,.,,,,,2sp,"프로젝트 세카이, 앙상블 스타즈!!, 데뷔 못하면 죽는 병 걸림",,,,,,,"일러스트,공예",rabi_palette,https://dongne.co/event/df2604/circles/597117,제33회 디. 페스타 (토요일),Day1,"프로젝트 세카이, 앙상블 스타즈!!, 데뷔 못하면 죽는 병 걸림"
.,이요르,,,,,2sp,디지몬 테이머즈,,,,,,,,,https://dongne.co/event/df2604/circles/600971,제33회 디. 페스타 (토요일),Day1,디지몬 테이머즈
.,.,,,,,2sp,,,,,,,,,,https://dongne.co/event/df2604/circles/609479,제33회 디. 페스타 (토요일),Day1,
.,슈리,,,,,2sp,괴담에 떨어져도 출근을 해야 하는구나,,,,,,,,,https://dongne.co/event/df2604/circles/603347,제33회 디. 페스타 (토요일),Day1,괴담출근
.,.,,,,,1sp,,,,,,,,,,https://dongne.co/event/df2604/circles/600031,제33회 디. 페스타 (토요일),Day1,
.,"규자, 초삼",,,,,2sp,"Lkyt., 건담 시드 데스티니",,,,,,,,,https://dongne.co/event/df2604/circles/612855,제33회 디. 페스타 (토요일),Day1,"Lkyt., 건담 시드 데스티니"
.,에르,,,,,2sp,가비지타임,,,"전영중, 성준수",전영중X성준수,,,일러스트,eru18831,https://dongne.co/event/df2604/circles/609021,제33회 디. 페스타 (토요일),Day1,가비지타임
..,깡,,,,,2sp,,"괴담출근, 니디걸",,,,,,,,https://dongne.co/event/df2604/circles/601946,제33회 디. 페스타 (토요일),Day1,
0,PT,,,,,1sp,원신,닌타마,,,,,,,,https://dongne.co/event/df2604/circles/601315,제33회 디. 페스타 (토요일),Day1,원신
0+123456,우파루파,,,,,1sp,명탐정 코난,닌자보이 란타로(닌타마 란타로),,"후루야 레이, 카자미 유우야",후루야 레이X카자미 유우야,"로맨틱,섹슈얼","다카사, 시라코바 etc.","만화,일러스트",uparupa_nun,https://dongne.co/event/df2604/circles/603359,제33회 디. 페스타 (토요일),Day1,명탐정 코난
1,1,,,,,2sp,괴담에 떨어져도 출근을 해야 하는구나,,,,브라운 X김솔음,,,,,https://dongne.co/event/df2604/circles/602046,제33회 디. 페스타 (토요일),Day1,괴담출근
1004기수 시즌2,스ㅍㅡ,,,,,2sp,MIU404,호시노겐 슬로우트레인 천관사복 보컬로이드 ,,이부키 아이 / 시마 카즈미,,,,,,https://dongne.co/event/df2604/circles/602597,제33회 디. 페스타 (토요일),Day1,MIU404
1042thDEAL,"42, 디일",,,,,2sp,원피스 ,"슬램덩크, 은혼, 포켓몬, 보컬로이드",,,,,,,,https://dongne.co/event/df2604/circles/600714,제33회 디. 페스타 (토요일),Day1,원피스 
13월의 정원,가든,,,,,2sp,,,,,,,,,,https://dongne.co/event/df2604/circles/598386,제33회 디. 페스타 (토요일),Day1,
16hours,방듀,,,,,1sp,닌타마 란타로,,"닌타마 쁘띠존 : 인술학원 혜성제 ""입학시험의 단!""","케마 토메사부로, 젠포우지 이사쿠",케마 토메사부로X젠포우지 이사쿠,로맨틱,,만화,n_baindyu,https://dongne.co/event/df2604/circles/606638,제33회 디. 페스타 (토요일),Day1,닌타마 란타로
2026 다이겐 앤솔로지 ,두목,,,,,2sp,히프노시스 마이크,,,"아리스가와 다이스, 유메노 겐타로",아리스가와 다이스X유메노 겐타로,"로맨틱,섹슈얼",,"만화,일러스트,소설",no_1_kashira,https://dongne.co/event/df2604/circles/616812,제33회 디. 페스타 (토요일),Day1,히프노시스 마이크
2026리코붐,리코,,,,,2sp,체인소맨 가비지타임 소울이터 등,1차 창작 ,,덴지 레제 아키 천사 최종수 기상호 전영중 성준수 틸 이반 수아 미지,,,,일러스트,"rico_maruu, ricolifes",https://dongne.co/event/df2604/circles/617157,제33회 디. 페스타 (토요일),Day1,체인소맨 가비지타임 소울이터 등
21세기 동인은 물물교환만 받습니다.,빨간단추,,,,,2sp,괴담에 떨어져도 출근을 해야 하는구나,,,최요원,,,,,,https://dongne.co/event/df2604/circles/596037,제33회 디. 페스타 (토요일),Day1,괴담출근
2604디페토g,그랜절,,,,,1sp,,,,,,,,,,https://dongne.co/event/df2604/circles/596807,제33회 디. 페스타 (토요일),Day1,
2604디페토n,vinel,,,,,1sp,,,,,,,,,,https://dongne.co/event/df2604/circles/598366,제33회 디. 페스타 (토요일),Day1,
2마트,2,,,,,2sp,괴담에 떨어져도 출근을 해야 하는구나,전지적 독자 시점,,"브라운, 김솔음, 유중혁, 김독자",,,,일러스트,charon_22,https://dongne.co/event/df2604/circles/600292,제33회 디. 페스타 (토요일),Day1,괴담에 떨어져도 출근을 해야 하는구나
2차창작이 돈이 안되는걸 보여주겠다,우라늄,,,,,2sp,광마회귀,,,"몽랑, 이자하",몽랑X자하,"로맨틱,섹슈얼","몽랑자하, 자하몽랑","소설,만화",,https://dongne.co/event/df2604/circles/602287,제33회 디. 페스타 (토요일),Day1,광마회귀
306호 듀못방,2B,,,,,2sp,유희왕 등,이나이레 하비애니 등,,,,해당없음,,"만화,일러스트",ivy_vs__,https://dongne.co/event/df2604/circles/597256,제33회 디. 페스타 (토요일),Day1,유희왕 등
30기 35화,ㅅㅇ,,,,,2sp,닌타마,,"닌타마 쁘띠존 : 인술학원 혜성제 ""입학시험의 단!""","야마다 리키치, 도이 한스케",야마다 리키치X도이 한스케,"로맨틱,섹슈얼",,만화,sensei_saico,https://dongne.co/event/df2604/circles/597923,제33회 디. 페스타 (토요일),Day1,닌타마
4/ 오리가 하나둘!,하나이,,,,,2sp,괴담에 떨어져도 출근을 해야 하는구나,데뷔 못 하면 죽는 병 걸림,,,,,,,_00365,https://dongne.co/event/df2604/circles/601687,제33회 디. 페스타 (토요일),Day1,괴담에 떨어져도 출근을 해야 하는구나
404,단후,,,,,2sp,닌타마,,"닌타마 쁘띠존 : 인술학원 혜성제 ""입학시험의 단!""",,,,,,,https://dongne.co/event/df2604/circles/598778,제33회 디. 페스타 (토요일),Day1,닌타마
4디페 가자!,체리,,,,,2sp,가라오케 가자!,패밀리 레스토랑 가자.,,"나리타 쿄지, 오카 사토미",쿄지X사토미,섹슈얼,,"소설,기타",hk_cherry_2046,https://dongne.co/event/df2604/circles/602577,제33회 디. 페스타 (토요일),Day1,가라오케 가자!
4디페(토)1sp,벨로,,,,,1sp,,,,,,,,,,https://dongne.co/event/df2604/circles/601414,제33회 디. 페스타 (토요일),Day1,
4월,yaming,,,,,2sp,이세계 착각 헌터,괴담에 떨어져도 출근을 해야 하는구나,,,,,,"기타,공예,조형",,https://dongne.co/event/df2604/circles/611255,제33회 디. 페스타 (토요일),Day1,이세계 착각 헌터
4월은 메옵이 제철,Ghilli,,,,,2sp,TFP,트랜스포머 IDW1 코믹스,트랜스포머 쁘띠존,옵티머스 프라임,메가트론X옵티머스,"로맨틱,섹슈얼",숔오라,"만화,일러스트,소설",ghilllli,https://dongne.co/event/df2604/circles/595469,제33회 디. 페스타 (토요일),Day1,TFP
4인6장르,찌,,,,,2sp,"나루토, 리버스1999, 괴담출근, 100미터. 명일방주",,,,,,자이미야자이,"만화,일러스트",,https://dongne.co/event/df2604/circles/599721,제33회 디. 페스타 (토요일),Day1,"나루토, 리버스1999, 괴담출근, 100미터. 명일방주"
5등분의 김솔음,호에엥,,,,,2sp,괴담에 떨어져도 출근을 해야 하는구나,,,,,해당없음,,,tffnxc37vyvuzqn,https://dongne.co/event/df2604/circles/613032,제33회 디. 페스타 (토요일),Day1,괴담출근
7년째 타협 불가,부농,,,,,2sp,괴수8호,화산귀환,,"괴수8호=나루미 겐,호시나 소우시로/화산귀환=청명,백천,이설,소소,조걸,윤종",,,,"만화,소설",e5c2be,https://dongne.co/event/df2604/circles/599986,제33회 디. 페스타 (토요일),Day1,괴수8호
80세 오카와 헤이지 우즈마사 인생 최후의 끌어치기,기띵이,,,,,1sp,,,"닌타마 쁘띠존 : 인술학원 혜성제 ""입학시험의 단!""",,,,,"일러스트,만화,기타",bbakyu122,https://dongne.co/event/df2604/circles/609985,제33회 디. 페스타 (토요일),Day1,
99%주스,ㄹㅇ,,,,,1sp,가비지타임,망아살,,,,,,,,https://dongne.co/event/df2604/circles/600511,제33회 디. 페스타 (토요일),Day1,가비지타임
9회말 2아웃에 혹시모름,낙9,,,,,4sp,괴담에 떨어져도 출근을 해야 하는구나,"어두운 바다의 등불이 되어, 너희들은 변호됐다 ",,김솔음 외 all 캐릭터 ,,해당없음,,"만화,일러스트,소설",sonakbe_33,https://dongne.co/event/df2604/circles/595436,제33회 디. 페스타 (토요일),Day1,괴담에 떨어져도 출근을 해야하는구나
<나기이사 쁘띠존> 주최부스,나기이사 쁘띠존,,,,,2sp,블루록,,나기이사 쁘띠존,"나기 세이시로, 이사기 요이치",,,,,nagiisagizone,https://dongne.co/event/df2604/circles/652106,제33회 디. 페스타 (토요일),Day1,블루록
<복스알래 쁘띠존-사슴 꼬리의 진실-> 주최부스,복스알래 쁘띠존-사슴 꼬리의 진실-,,,,,2sp,,,복스알래 쁘띠존-사슴 꼬리의 진실-,,,,,,,https://dongne.co/event/df2604/circles/652090,제33회 디. 페스타 (토요일),Day1,
?,cake,,,,,2sp,원피스,닌타마,,,,해당없음,,"기타,일러스트",___c_a_k_e___,https://dongne.co/event/df2604/circles/611466,제33회 디. 페스타 (토요일),Day1,원피스
Alchemy Lab.,JunE,,,,,2sp,볼트론:전설의 수호자,,,"키스, 시로, 알루라, 랜스, 피지, 헝크, 팔라딘즈",,"로맨틱,섹슈얼",알루랜스,"일러스트,소설",fennecjune,https://dongne.co/event/df2604/circles/597156,제33회 디. 페스타 (토요일),Day1,볼트론:전설의 수호자
Aporia 한국 분점 aka 브레마이 한줌단☆,HB,,,,,2sp,breakmycase,,,breakmycase,,,,"만화,일러스트,소설,공예",brmy_dreammkcy,https://dongne.co/event/df2604/circles/598610,제33회 디. 페스타 (토요일),Day1,breakmycase
Apple pie Opera,씨소,,,,,1sp,나의 히어로 아카데미아,,,"바쿠고 카츠키, 미도리야 이즈쿠",바쿠고 카츠키X미도리야 이즈쿠,로맨틱,,일러스트,ssiisaw,https://dongne.co/event/df2604/circles/598372,제33회 디. 페스타 (토요일),Day1,나의 히어로 아카데미아
ASDF,kkyut,,,,,2sp,유희왕,,야미진 쁘띠존 < 강한 마음 x 다정한 마음 >,,,,,만화,sung22a,https://dongne.co/event/df2604/circles/596946,제33회 디. 페스타 (토요일),Day1,유희왕
Black Eye & Rondor,Rondor,,,,,4sp,1차창작,팬아트/FF14/해즈빈호텔,,,,,,,"rondor_1st, blackeye_toast",https://dongne.co/event/df2604/circles/610259,제33회 디. 페스타 (토요일),Day1,1차 창작
BSOD:(,티라,,,,,2sp,닌타마,,"닌타마 쁘띠존 : 인술학원 혜성제 ""입학시험의 단!""",,,,,,tira_0o,https://dongne.co/event/df2604/circles/599218,제33회 디. 페스타 (토요일),Day1,닌타마
Cerulean+Blue,Sipir,,,,,2sp,가비지타임,하이큐,,,,,,,,https://dongne.co/event/df2604/circles/599710,제33회 디. 페스타 (토요일),Day1,가비지타임
CHIAKI,치아키,,,,,2sp,빛과 밤의 사랑,,빛과 밤의 사랑 쁘띠존 「휘명시디자이너연합회」,,소휘X여주,,,만화,chiaki_0219_2,https://dongne.co/event/df2604/circles/611987,제33회 디. 페스타 (토요일),Day1,빛과 밤의 사랑
Crotti,kitami,,,,,2sp,원피스,"켄간, 킹덤, 슬램덩크, 아이실드21",,,,,,,,https://dongne.co/event/df2604/circles/600249,제33회 디. 페스타 (토요일),Day1,원피스
D-Esper,케링,,,,,1sp,슬램덩크,주술회전,,서태웅,윤대협X서태웅,"로맨틱,섹슈얼","고죠후시,하치리드",,d_esper_,https://dongne.co/event/df2604/circles/595070,제33회 디. 페스타 (토요일),Day1,슬램덩크
dddd,1231,,,,,1sp,이세계 착각 헌터,,,김기려,,,,,ddccddccddccdd,https://dongne.co/event/df2604/circles/603579,제33회 디. 페스타 (토요일),Day1,이세계착각헌터
Diesukideath,적날,,,,,2sp,도박묵시록 카이지,도키메모 GS3,,이토 카이지,,로맨틱,,일러스트,oz_lovers,https://dongne.co/event/df2604/circles/600385,제33회 디. 페스타 (토요일),Day1,도박묵시록 카이지
DONUT UNIVERSE,"TN, 트라뭇",,,,,1sp,트라이건,,,,울프우드X밧슈,,,,,https://dongne.co/event/df2604/circles/601817,제33회 디. 페스타 (토요일),Day1,트라이건
ECO-404,성찬,,,,,2sp,,,,,,,,"일러스트,만화,기타",,https://dongne.co/event/df2604/circles/616787,제33회 디. 페스타 (토요일),Day1,
Endless Dream,루다,,,,,2sp,괴담에 떨어져도 출근을 해야 하는구나,,,"최요원,류재관",최요원X류재관,로맨틱,,소설,luda_urbanmyth,https://dongne.co/event/df2604/circles/599529,제33회 디. 페스타 (토요일),Day1,괴담출근
G1의 은혜는 하늘 같아서,아무래도,,,,,2sp,트랜스포머 G1,기타 트랜스포머 시리즈,트랜스포머 쁘띠존,"클리프점퍼, 하운드, 미라지",,,,"만화,일러스트,기타",brotherofother,https://dongne.co/event/df2604/circles/597126,제33회 디. 페스타 (토요일),Day1,트랜스포머 G1
GYURI,김규리,,,,,1sp,하이큐,디지몬,,,,,,,,https://dongne.co/event/df2604/circles/600360,제33회 디. 페스타 (토요일),Day1,하이큐
H,순듭으,,,,,1sp,닌자보이 란타로,순정만화,,.,,,,일러스트,oh_hamma___,https://dongne.co/event/df2604/circles/601784,제33회 디. 페스타 (토요일),Day1,닌자보이란타로
HABSELIGKEITEN,은람,,,,,2sp,전독시,,,중혁독자,,,,,eunram,https://dongne.co/event/df2604/circles/603020,제33회 디. 페스타 (토요일),Day1,전독시
he@rtkoi,@qpd,,,,,2sp,,,,,,,,,,https://dongne.co/event/df2604/circles/603169,제33회 디. 페스타 (토요일),Day1,
Lovely Mix,Lovely Mix,,,,,1sp,괴담에 떨어져도 출근을 해야 하는구나,"화산귀환, 전독시, 내스급",,,,,,,lovelymix_,https://dongne.co/event/df2604/circles/602695,제33회 디. 페스타 (토요일),Day1,괴담출근
MGR,jz,,,,,2sp,,,,,,,,,,https://dongne.co/event/df2604/circles/616753,제33회 디. 페스타 (토요일),Day1,
MIGHT BE THE HERO!,mha_deokjil,,,,,2sp,나의 히어로 아카데미아,,,바쿠고 카츠키 외 다수 캐릭터 ,,,,"만화,일러스트",mha_deokjil,https://dongne.co/event/df2604/circles/600124,제33회 디. 페스타 (토요일),Day1,나의 히어로 아카데미아
mini:D,M카,,,,,2sp,괴담에 떨어져도 출근을 해야 하는구나,데못죽,,,,,,,,https://dongne.co/event/df2604/circles/597528,제33회 디. 페스타 (토요일),Day1,괴담출근
MIU 하자,아구치,,,,,2sp,MIU404,,,"이부키 아이, 시마 카즈미",,로맨틱,,"만화,일러스트,사진",oiljang_5,https://dongne.co/event/df2604/circles/616942,제33회 디. 페스타 (토요일),Day1,MIU404
Mixed Nuts,이례,,,,,2sp,괴담에 떨어져도 출근을 해야 하는구나,,,,,,,,,https://dongne.co/event/df2604/circles/604487,제33회 디. 페스타 (토요일),Day1,괴담출근
MOCOclub,cocomoco,,,,,2sp,,블루 록,,,,,나기레오,만화,c_ocomoco,https://dongne.co/event/df2604/circles/603289,제33회 디. 페스타 (토요일),Day1,창작
My☆Planet,행성지기,,,,,2sp,핸드메이드 봉제인형,솜인형 옷,,,,,,,my_planet_doll,https://dongne.co/event/df2604/circles/595568,제33회 디. 페스타 (토요일),Day1,핸드메이드 봉제인형
Nocontexthuman,봇,,,,,1sp,100미터,,,,,,,만화,,https://dongne.co/event/df2604/circles/602090,제33회 디. 페스타 (토요일),Day1,100미터
ONSET,사비크,,,,,1sp,블루록,,,"이사기 요이치, 미하엘 카이저",이사기 요이치X미하엘 카이저,로맨틱,,,,https://dongne.co/event/df2604/circles/602483,제33회 디. 페스타 (토요일),Day1,블루록
oO(상상중),H4B,,,,,1sp,괴담에 떨어져도 출근을 해야 하는구나,,,김솔음,최요원X김솔음,"로맨틱,섹슈얼",재관솔음,,hae4back_,https://dongne.co/event/df2604/circles/602527,제33회 디. 페스타 (토요일),Day1,괴담에 떨어져도 출근을 해야 하는구나
PASSION,소라,,,,,1sp,1차 창작 캐릭터 위주의 정기 발간 회지,붕괴:스타레일,,,,,,"만화,일러스트,기타",kaistpassion,https://dongne.co/event/df2604/circles/611552,제33회 디. 페스타 (토요일),Day1,1차 창작 캐릭터 위주의 정기 발간 회지
P들의 부스,소비,,,,,2sp,,없음,,,,,,공예,sobi_j01,https://dongne.co/event/df2604/circles/600474,제33회 디. 페스타 (토요일),Day1,없음
Sad Sad Kiddie,미르덱스,,,,,1sp,메달리스트,,,"아케우라지 츠카사, 요다카 쥰",아케우라지 츠카사X요다카 쥰,"로맨틱,섹슈얼","츠카쥰, 츠카요다",소설,mirdex_murmur,https://dongne.co/event/df2604/circles/597505,제33회 디. 페스타 (토요일),Day1,메달리스트
SEA QUEST,사구리,,,,,1sp,골든카무이,,,,,,,,,https://dongne.co/event/df2604/circles/599959,제33회 디. 페스타 (토요일),Day1,골든카무이
SEXYGUYS in basketball court,미남프사,,,,,2sp,가비지타임,,,,,,,,sexyguyprofile,https://dongne.co/event/df2604/circles/615903,제33회 디. 페스타 (토요일),Day1,가비지타임
SHOCK!#,Syunn,,,,,1sp,도검난무,,,,,,,"만화,일러스트",lady_may_ladys,https://dongne.co/event/df2604/circles/606306,제33회 디. 페스타 (토요일),Day1,도검난무
SNBR,시나브로,,,,,1sp,마법사의 약속,월야환담,,,,,,,,https://dongne.co/event/df2604/circles/598471,제33회 디. 페스타 (토요일),Day1,마법사의약속
Something Odd.,Odd.,,,,,2sp,,,,,,,,"일러스트,사진,조형,공예,기타",i_odd_u,https://dongne.co/event/df2604/circles/603830,제33회 디. 페스타 (토요일),Day1,
Sourplace,사워,,,,,2sp,슬램덩크,"파미레스 가자, 여학교의 별",,,윤대협X서태웅,"섹슈얼,로맨틱","나리타 쿄지 x 오카 사토미, 고바야시 케이지 x 호시 미츠히코","소설,만화",sourcream0314,https://dongne.co/event/df2604/circles/604521,제33회 디. 페스타 (토요일),Day1,슬램덩크
Sukideath,사일,,,,,1sp,블루록,,,이사기 요이치,이토시 사에X이사기 요이치,"로맨틱,섹슈얼",나기이사,소설,yoixxchi,https://dongne.co/event/df2604/circles/602770,제33회 디. 페스타 (토요일),Day1,블루록
Tea Party!,Tea,,,,,1sp,백작가의 망나니가 되었다,,,케일 헤니투스,최한X케일 헤니투스,"로맨틱,섹슈얼",,만화,_tea_thyme,https://dongne.co/event/df2604/circles/612155,제33회 디. 페스타 (토요일),Day1,백작가의 망나니가 되었다
Team 동네슈퍼,징오,,,,,2sp,명탐정 코난,닌자보이 란타로,,수사1과+@,다카기 와타루X사토 미와코,로맨틱,,"만화,공예",jingjingocto,https://dongne.co/event/df2604/circles/599750,제33회 디. 페스타 (토요일),Day1,명탐정 코난
TTT,TOR,,,,,2sp,,,,,,,,"공예,만화",softyor_tor,https://dongne.co/event/df2604/circles/601686,제33회 디. 페스타 (토요일),Day1,
Two Rabbits & 자몽공방,Rabbits,,,,,2sp,,"데못죽, 괴출, 하이큐, 플레이브, 앙스타",,,,,,"공예,조형",2rabbits,https://dongne.co/event/df2604/circles/596902,제33회 디. 페스타 (토요일),Day1,
warm&happy,므옹,,,,,2sp,,,,,,,,,mong6681,https://dongne.co/event/df2604/circles/595088,제33회 디. 페스타 (토요일),Day1,
xoxo_xoxo,구남,,,,,2sp,은혼,"사카모토데이즈, 괴수팔호, 슬램덩크 ",,,,,,일러스트,qnamxoxo,https://dongne.co/event/df2604/circles/596095,제33회 디. 페스타 (토요일),Day1,은혼
[201호실],깅,,,,,1sp,닌자보이 란타로,,"닌타마 쁘띠존 : 인술학원 혜성제 ""입학시험의 단!""","도이 한스케, 셋츠노 키리마루",키리마루X도이,로맨틱,,"만화,소설",lsf_21xxxx,https://dongne.co/event/df2604/circles/597841,제33회 디. 페스타 (토요일),Day1,닌자보이 란타로
"[속보] 텐키님 실존, 실종?",이비,,,,,1sp,닌타마,"괴담출근, 유희왕","닌타마 쁘띠존 : 인술학원 혜성제 ""입학시험의 단!""",,,,,,h_la2626,https://dongne.co/event/df2604/circles/594973,제33회 디. 페스타 (토요일),Day1,닌타마
[입찰] [일반경쟁] <사카모토 데이즈> TV 애니메이션 제작 용역,김렛,,,,,1sp,사카모토데이즈,악마에 입문했습니다 이루마군 if 마피아,,,세바 나츠키X아사쿠라 신,로맨틱,,"만화,일러스트",ushirono_wotaku,https://dongne.co/event/df2604/circles/595605,제33회 디. 페스타 (토요일),Day1,사카모토 데이즈
___이케이케돈돈ㅣ______오시에테,"단새, 요운",,,,,1sp,닌타마,나의 히어로 아카데미아,"닌타마 쁘띠존 : 인술학원 혜성제 ""입학시험의 단!""","도이 한스케, 키리마루 (유사가좍) 코헤이타, 몬지로, 쵸지 (단련조) / 팻껌,  타마키, 키리시마 (팻사무소)",,,,만화,"danlyeonsae, ye_oun",https://dongne.co/event/df2604/circles/600274,제33회 디. 페스타 (토요일),Day1,닌타마
ᆞ,gggggggg,,,,,1sp,데뷔 못 하면 죄는 병 걸림,괴담출근,,,,,,,,https://dongne.co/event/df2604/circles/603104,제33회 디. 페스타 (토요일),Day1,데못죽
■■의꿈,록록,,,,,1sp,"괴담출근, 데못죽, 1차 오리지널",,,"김솔음 +A,  1차 캐릭터",브라운X김솔음,"로맨틱,섹슈얼,해당없음",최솔 등 솔음른 위주,"소설,기타,만화,일러스트",llok_room,https://dongne.co/event/df2604/circles/601517,제33회 디. 페스타 (토요일),Day1,"괴담출근, 데못죽, 1차 오리지널"
い반 긴급임무의 단! 그리고 어디선가 온 탐정사무소,밤식,,,,,1sp,닌자보이 란타로,명일방주,"닌타마 쁘띠존 : 인술학원 혜성제 ""입학시험의 단!""","타치바나 센조, 시오에 몬지로",타치바나 센조X시오에 몬지로,로맨틱,,만화,bamsike,https://dongne.co/event/df2604/circles/610780,제33회 디. 페스타 (토요일),Day1,닌자보이 란타로
ㅇㅇ,와앙,,,,,2sp,,,,,,,,,,https://dongne.co/event/df2604/circles/606854,제33회 디. 페스타 (토요일),Day1,
星 - 사회성결여동아리 ,피아노찌개,,,,,1sp,에반게리온,,,"이카리 신지, 나기사 카오루",X,로맨틱,,"일러스트,만화",,https://dongne.co/event/df2604/circles/604614,제33회 디. 페스타 (토요일),Day1,에반게리온
零度少年少女,애옥,,,,,1sp,히프노시스 마이크,,,"칸논자카 돗포, 토쿠마 우네메(OC)",돗포X토쿠마,"로맨틱,섹슈얼",,소설,e62yd7x,https://dongne.co/event/df2604/circles/613111,제33회 디. 페스타 (토요일),Day1,히프노시스 마이크
가능.,녹차,,,,,2sp,100M,,,,,,,,primuz04,https://dongne.co/event/df2604/circles/611981,제33회 디. 페스타 (토요일),Day1,100M
가능충,이르,,,,,2sp,,,,,,,,"만화,일러스트,소설",ileu2414,https://dongne.co/event/df2604/circles/608470,제33회 디. 페스타 (토요일),Day1,
가르쳐줬을 텐데!,김뿝,,,,,2sp,닌타마 란타로,,"닌타마 쁘띠존 : 인술학원 혜성제 ""입학시험의 단!""","도이, 리키치, 텐키, 6닌",야마다 리키치X도이 한스케,로맨틱,,"만화,기타,일러스트",gimppub_kk,https://dongne.co/event/df2604/circles/610643,제33회 디. 페스타 (토요일),Day1,닌타마 란타로
가벼우면 위로 무거우면 아래로,청연,,,,,2sp,"원피스, 포켓몬스터",,,상디 조로 카지 시유,상디X조로,"로맨틱,섹슈얼",카지x시유,"만화,일러스트,소설",cheongyeon_op,https://dongne.co/event/df2604/circles/597378,제33회 디. 페스타 (토요일),Day1,"원피스, 포켓몬스터"
가보자(4디페),밀재,,,,,2sp,,,,,,,,,cuu_mill,https://dongne.co/event/df2604/circles/595926,제33회 디. 페스타 (토요일),Day1,
가보자고,갸옹,,,,,2sp,괴담에 떨어져도 출근을 해야 하는구나,전독시,,김솔음,최요원X김솔음,"로맨틱,섹슈얼","사헌솔음, 중혁독자","일러스트,만화",masitdaghost_77,https://dongne.co/event/df2604/circles/601549,제33회 디. 페스타 (토요일),Day1,괴담출근
가혹한 삶의 지평선,싸싸,,,,,2sp,패밀리 레스토랑 가자.,가라오케 가자!,,,나리타 쿄지X오카 사토미,로맨틱,,,ssa_ssiat,https://dongne.co/event/df2604/circles/608766,제33회 디. 페스타 (토요일),Day1,패밀리 레스토랑 가자.
각자닌생,독다마,,,,,2sp,닌타마 란타로,,"닌타마 쁘띠존 : 인술학원 혜성제 ""입학시험의 단!""","나나마츠 코헤이타, 나카자이케 쵸지",,,"몬센, 진자잣",만화,,https://dongne.co/event/df2604/circles/594933,제33회 디. 페스타 (토요일),Day1,닌타마 란타로
간장게장,시스티나,,,,,2sp,가비지타임,,,"성준수, 기상호, 최종수, 박병찬",성준수X기상호,"로맨틱,섹슈얼","준상, 뱅상, 종상",소설,sistina_w,https://dongne.co/event/df2604/circles/601732,제33회 디. 페스타 (토요일),Day1,가비지타임
갓반인관람불가,포하,,,,,1sp,나의 히어로 아카데미아,"헌터X헌터, 이세계 착각 헌터, 괴담에 떨어져도 출근을 해야 하는구나",,"미도리야 이즈쿠, 바쿠고 카츠키, 토도로키 쇼토, 곤, 키르아, 크라피카, 레오리오, 김기려, 정하성, 강창호",바쿠고 카츠키X미도리야 이즈쿠,로맨틱,,기타,phoh8a,https://dongne.co/event/df2604/circles/610954,제33회 디. 페스타 (토요일),Day1,나의 히어로 아카데미아
개가 왜 머리로 종을 쳐?,꽁치,,,,,2sp,닌타마 란타로,,"닌타마 쁘띠존 : 인술학원 혜성제 ""입학시험의 단!""",,,해당없음,"케마 토메사부로,젠포우지 이사쿠","만화,일러스트,기타",kkongchi_249,https://dongne.co/event/df2604/circles/615557,제33회 디. 페스타 (토요일),Day1,닌타마 란타로
걍진부스,걍진,,,,,1sp,,,,,,,,일러스트,jin1000ji3,https://dongne.co/event/df2604/circles/606248,제33회 디. 페스타 (토요일),Day1,
건강스낵 짱려 1ea 34kcal,피리아,,,,,1sp,이세계 착각 헌터,,,"강창호, 김기려",강창호X김기려,로맨틱,,,my_moist_alien,https://dongne.co/event/df2604/circles/601601,제33회 디. 페스타 (토요일),Day1,이세계 착각 헌터
걷는 제트기 생태연구,뺌!,,,,,1sp,트랜스포머,,트랜스포머 쁘띠존,,,,,,constellar_owl,https://dongne.co/event/df2604/circles/596479,제33회 디. 페스타 (토요일),Day1,트랜스포머
검은 새벽,김래곤,,,,,2sp,,,,,,,,,,https://dongne.co/event/df2604/circles/603363,제33회 디. 페스타 (토요일),Day1,
게게괴의 란타로,시티갸오엠엠뽤,,,,,2sp,괴담에 떨어져도 출근을 해야 하는구나,"게게게의키타로, 닌자보이란타로",,,,,,,ppwal_nu,https://dongne.co/event/df2604/circles/613393,제33회 디. 페스타 (토요일),Day1,괴담출근
결속된 급조력,ecyce,,,,,2sp,"유희왕 원작, 5D's",,,"무토 유우기, 어둠의 유우기",,,,만화,dueltildie,https://dongne.co/event/df2604/circles/599978,제33회 디. 페스타 (토요일),Day1,"유희왕 원작, 5D's"
결혼한다니칸유?,HN,,,,,2sp,명탐정 코난,,,"야마토 칸스케, 우에하라 유이",,로맨틱,,,hn_ynm,https://dongne.co/event/df2604/circles/612623,제33회 디. 페스타 (토요일),Day1,명탐정 코난
결혼해,흰,,,,,2sp,블루록,괴담출근,나기이사 쁘띠존,"나기, 이사기",나기 세이시로X이사기 요이치,로맨틱,제이솔음,만화,huin_love,https://dongne.co/event/df2604/circles/597320,제33회 디. 페스타 (토요일),Day1,블루록
경찰과범죄자,AK,,,,,2sp,명탐정 코난,오오에,,,,,,,0o0e0a,https://dongne.co/event/df2604/circles/614837,제33회 디. 페스타 (토요일),Day1,코난
경찰차는 사랑을 싣고,릿하,,,,,1sp,트랜스포머,,트랜스포머 쁘띠존,"프라울, 재즈",,,,만화,180x178,https://dongne.co/event/df2604/circles/600996,제33회 디. 페스타 (토요일),Day1,트랜스포머
경찰청쇠창살은외철창살,나로,,,,,2sp,서브 남주가 파업하면 생기는 일,,,"정예서, 세드리크",세드리크 리에스테르X정예서,로맨틱,,"만화,일러스트,공예",naro_akam,https://dongne.co/event/df2604/circles/600527,제33회 디. 페스타 (토요일),Day1,서브남주가 파업하면 생기는 일
고게랜드,"오탑, 라라",,,,,2sp,주술회전,,,"고죠 사토루, 게토 스구루",고죠 사토루X게토 스구루,로맨틱,,"만화,일러스트","otav_572, goge_lara572",https://dongne.co/event/df2604/circles/598151,제33회 디. 페스타 (토요일),Day1,주술회전
고바야시러버스클럽,노른자,,,,,1sp,가라오케 가자!,"패밀리레스토랑 가자, 여학교의 별, 빠졌어 너에게, 슬램덩크",,"고바야시, 사토미, 쿄지",,,,"만화,일러스트",noreunza_,https://dongne.co/event/df2604/circles/600718,제33회 디. 페스타 (토요일),Day1,가라오케 가자!
고생 끝에 낙잇 온다,히유,,,,,2sp,블루록,없음,나기이사 쁘띠존,,,로맨틱,없음,일러스트,hiiu_hiiu,https://dongne.co/event/df2604/circles/599551,제33회 디. 페스타 (토요일),Day1,블루록
고서점가의 오오오오에C,비탄,,,,,1sp,"고서점가의 하시히메, 우우울트라C, LKYT, 페르소나5",오오에,,,,,,,bbt048,https://dongne.co/event/df2604/circles/601647,제33회 디. 페스타 (토요일),Day1,"고서점가의 하시히메, 우우울트라C, LKYT, 페르소나5"
"고양이구름,토리냥",김남선(gogo),,,,,1sp,괴담에 떨어져도 출근을 해야 하는구나,프리렌,,"김솔음,이자헌,최요원,류재관,j3, 게롱,브라운,착한친구, 용용이,이성해,백사헌,프리렌,페른,슈타르크",,,,"일러스트,기타,조형",qtcat_cc,https://dongne.co/event/df2604/circles/600008,제33회 디. 페스타 (토요일),Day1,괴담출근
고양이는참치를좋아해,참콩,,,,,2sp,윈드브레이커,닌자보이 란타로,,"우메미야 하지메, 사쿠라 하루카",우메미야 하지메X사쿠라 하루카,로맨틱,"히이라기 토마x사코 코타, 하치야 사부로X후와 라이조",만화,mega_chamchi,https://dongne.co/event/df2604/circles/597624,제33회 디. 페스타 (토요일),Day1,윈드브레이커
고양이도 먹을 수 있는 토마토레시피,k,,,,,2sp,윈드브레이커,,,,우메미야X사쿠라,,,"만화,일러스트,소설",,https://dongne.co/event/df2604/circles/595578,제33회 디. 페스타 (토요일),Day1,윈드브레이커
고양이를 오른쪽으로,치이즈,,,,,1sp,괴담에 떨어져도 출근을 해야 하는구나,,,"최요원, 김솔음",최요원X김솔음,"로맨틱,섹슈얼",,소설,pllilive,https://dongne.co/event/df2604/circles/614357,제33회 디. 페스타 (토요일),Day1,괴담에 떨어져도 출근을 해야하는구나
고양이집,섬,,,,,2sp,"윈드브레이커, 도쿄리벤저스",,,,우메미야X사쿠라,로맨틱,토라후유,"만화,소설",0sum_w,https://dongne.co/event/df2604/circles/612767,제33회 디. 페스타 (토요일),Day1,"윈드브레이커, 도쿄리벤저스"
고작 재판 하나 가지고 내가 이러고 있다,잠칸,,,,,2sp,역전재판," 86(에이티식스), 명탐정코난",,"오도로키 호스케, 블라디레나밀리제, 진",가류쿄야X오도로키호스케,로맨틱,"신에이x레나, 진x스카치",만화,_gaesamsoong,https://dongne.co/event/df2604/circles/603333,제33회 디. 페스타 (토요일),Day1,역전재판
골드패밀리 골드 순금제품,모귯,,,,,1sp,우마무스메,,,드림저니,스테이골드X드림저니,로맨틱,,만화,mal_love_t,https://dongne.co/event/df2604/circles/611747,제33회 디. 페스타 (토요일),Day1,우마무스메
골렘은 퇴근을 못 하죠 지구인도 퇴근울 못 해요 이게 우연일까요,마,,,,,2sp,블루 자이언트,"이세계 착각 헌터, 괴담출근",,,,,,"만화,일러스트",,https://dongne.co/event/df2604/circles/612440,제33회 디. 페스타 (토요일),Day1,블루 자이언트
곰돌실업,곰돌실업 뜨개사업부,,,,,1sp,,,,,,,,공예,gdsu_crochet,https://dongne.co/event/df2604/circles/600167,제33회 디. 페스타 (토요일),Day1,
공멸의 부스,반닌반개,,,,,1sp,닌타마 란타로,,"닌타마 쁘띠존 : 인술학원 혜성제 ""입학시험의 단!""","케마 토메사부로, 젠포우지 이사쿠, 6학년, 5학년",케마 토메사부로X젠포우지 이사쿠,로맨틱,,"소설,공예","_ntki_rh, pureun_ninnin",https://dongne.co/event/df2604/circles/609491,제33회 디. 페스타 (토요일),Day1,닌타마 란타로
공방 프리즘,리즈,,,,,1sp,"괴담에 떨어져도 출근을 해야 하는구나, 블랙배저","파이널판타지14, 플레이브",,,,,,공예,,https://dongne.co/event/df2604/circles/597335,제33회 디. 페스타 (토요일),Day1,"괴담에 떨어져도 출근을 해야 하는구나, 블랙배저"
공항에 사람이 갇혔어요.,"태성,24",,,,,2sp,주술회전,,,,고죠 사토루X게토 스구루,로맨틱,,"만화,소설","taeseon63877, 2424wkr",https://dongne.co/event/df2604/circles/595204,제33회 디. 페스타 (토요일),Day1,주술회전
과연 신간이 나올 수 있을까요,리빙,,,,,1sp,드래곤볼,,,"피콜로, 손오반",,,,만화,nsiring,https://dongne.co/event/df2604/circles/606286,제33회 디. 페스타 (토요일),Day1,드래곤볼
과즙 팡팡,쥬스,,,,,1sp,미라큘러스: 레이디버그와 블랙캣,,,"레이디버그, 마리네뜨, 아드리앙, 블랙캣",아드리앙X마리네뜨,로맨틱,,만화,juice_hobby,https://dongne.co/event/df2604/circles/616821,제33회 디. 페스타 (토요일),Day1,미라큘러스: 레이디버그와 블랙캣
관심좀주이소,6지,,,,,2sp,가비지타임,,,,박병찬X기상호,"로맨틱,섹슈얼",,"만화,기타",jnzxex,https://dongne.co/event/df2604/circles/614166,제33회 디. 페스타 (토요일),Day1,가비지타임
괴담,흑당,,,,,2sp,괴담에 떨어져도 출근을 해야 하는구나,.,,NCP 최요원 김솔음,,,,,hy830207,https://dongne.co/event/df2604/circles/595852,제33회 디. 페스타 (토요일),Day1,괴담에 떨어져도 출근은 해야하는 구나
괴담 비빔밥,고고미,,,,,4sp,괴담에 떨어져도 출근을 해야 하는구나,,,,,,,"만화,일러스트,소설,기타",gogomi_99,https://dongne.co/event/df2604/circles/595446,제33회 디. 페스타 (토요일),Day1,괴담에 떨어져도 출근을 해야 하는구나
괴담 연구 동맹,일기,,,,,2sp,괴담에 떨어져도 출근을 해야 하는구나,슬램덩크,,"김솔음, 브라운, 최요원, 류재관",,,,"일러스트,공예",ilgi_story,https://dongne.co/event/df2604/circles/600482,제33회 디. 페스타 (토요일),Day1,괴담에 떨어져도 출근을 해야 하는구나
괴담냠냠,핌피,,,,,2sp,괴담에 떨어져도 출근을 해야 하는구나,,,"김솔음 , 이자헌 , 백사헌 , J3 (제이) , 장허운 , 브라운 , 최요원 , 류재관 , 호유원",최요원X김솔음,로맨틱,,"만화,일러스트",pimpibone,https://dongne.co/event/df2604/circles/605778,제33회 디. 페스타 (토요일),Day1,괴담에 떨어져도 출근을 해야 하는구나
괴담보다 담걸림,뭉구,,,,,2sp,괴담에 떨어져도 출근을 해야 하는구나,,,"김솔음, 최요원, 류재관",,,,,moongguyam,https://dongne.co/event/df2604/circles/599906,제33회 디. 페스타 (토요일),Day1,괴담에 떨어져도 출근을 해야 하는구나
괴담에 떨어져도 덕질을 해야 하는구나,오이리,,,,,1sp,괴담에 떨어져도 출근을 해야 하는구나,,,"최요원, 김솔음",,"섹슈얼,로맨틱",,"소설,일러스트",oiri_0706,https://dongne.co/event/df2604/circles/599629,제33회 디. 페스타 (토요일),Day1,괴담에 떨어져도 출근을 해야 하는구나
괴담에 출근해도 문스독을 뛰어야 하는구나,시프림,,,,,1sp,괴담에 떨어져도 출근을 해야 하는구나,문스독,,"김솔음+a (현무1팀&D조 등) / 다자이 오사무, 나카하라 츄야 (쌍흑)",나카하라 츄야X다자이 오사무,해당없음,,일러스트,nanta_cream,https://dongne.co/event/df2604/circles/596106,제33회 디. 페스타 (토요일),Day1,괴담출근
괴담에떨어졌는데런닝못하면죽는병걸려서s급농구선수가됨,바햄,,,,,2sp,괴담에 떨어져도 출근을 해야 하는구나,"가비지타임, 테일즈런너 , 데못죽 , 내스급",,,,로맨틱,한유현 x 한유진,,bahammh,https://dongne.co/event/df2604/circles/613907,제33회 디. 페스타 (토요일),Day1,괴담출근
괴출을 다시하게 되는구나,효기,,,,,2sp,괴담에 떨어져도 출근을 해야 하는구나,,,,,,,소설,kkhhyo,https://dongne.co/event/df2604/circles/609960,제33회 디. 페스타 (토요일),Day1,괴담출근
교룽만두,룽,,,,,2sp,프로젝트 세카이,"명일방주, 우마무스메",,"시노노메 아키토, 아즈사와 코하네",시노노메 아키토X아즈사와 코하네,"로맨틱,섹슈얼","텍라플, 나카조던","만화,일러스트,기타",ro22ng,https://dongne.co/event/df2604/circles/599942,제33회 디. 페스타 (토요일),Day1,프로젝트 세카이
구름,구름,,,,,2sp,괴수8호,,,,,,,,,https://dongne.co/event/df2604/circles/611375,제33회 디. 페스타 (토요일),Day1,괴수8호
구멍 가게,사약,,,,,2sp,원피스,"포켓몬스터,동물의 숲",,,,"로맨틱,섹슈얼",,,sayakdrinking,https://dongne.co/event/df2604/circles/602122,제33회 디. 페스타 (토요일),Day1,원피스
국가공인 헌터 연어마켓,"서핑,판사",,,,,2sp,괴담에 떨어져도 출근을 해야 하는구나,"이착헌, 데못죽",,,,,,,,https://dongne.co/event/df2604/circles/596845,제33회 디. 페스타 (토요일),Day1,괴담출근
국지재해,mocha,,,,,2sp,트라이건,,,"울프우드, 밧슈",,"로맨틱,섹슈얼",,"만화,소설",cmslash,https://dongne.co/event/df2604/circles/595385,제33회 디. 페스타 (토요일),Day1,트라이건
귀여워도 출근을 해야 하는구나,용사,,,,,2sp,괴담에 떨어져도 출근을 해야 하는구나,,,,,,,일러스트,04_0iv,https://dongne.co/event/df2604/circles/598855,제33회 디. 페스타 (토요일),Day1,괴담출근
그냥친구끼리하는부스,정당구리,,,,,2sp,문과라도 안 죄송한 이세계로 감,"스타듀밸리, 테라리아",,,,,,일러스트,daaanguri,https://dongne.co/event/df2604/circles/610511,제33회 디. 페스타 (토요일),Day1,문과라도 안죄송한 이세계로 감
그라시아스,쥑끄덩,,,,,1sp,,"프리파라, 아이카츠, 프리즘스톤, 원피스, 소울이터, 보컬로이드, 페르소나",,,,,,일러스트,m0us2_,https://dongne.co/event/df2604/circles/610897,제33회 디. 페스타 (토요일),Day1,
그래서 30일 동안 뭐 했는데?,熊,,,,,2sp,죠죠의 기묘한 모험,,,,시저 체페리X죠셉 죠스타,"로맨틱,섹슈얼",,"만화,소설",cj19390128,https://dongne.co/event/df2604/circles/598944,제33회 디. 페스타 (토요일),Day1,죠죠의 기묘한 모험
그런데 그때 래퍼가 나타났다...,"셀레스틴, 엑스트라A",,,,,1sp,"닌타마 란타로,히프노시스마이크",블리치,,,,,,,,https://dongne.co/event/df2604/circles/612798,제33회 디. 페스타 (토요일),Day1,"닌타마 란타로,히프노시스마이크"
금속모기 생태연구소,J.J,,,,,2sp,트랜스포머,,트랜스포머 쁘띠존,,,,,"만화,일러스트,소설,기타",j_jpaw,https://dongne.co/event/df2604/circles/602395,제33회 디. 페스타 (토요일),Day1,트랜스포머
급구! 지엔디아 구할 모험가 모집,0월,,,,,2sp,라테일,도쿄에일리언즈,,,,,,"소설,만화",hyw_luna,https://dongne.co/event/df2604/circles/600476,제33회 디. 페스타 (토요일),Day1,라테일
기기고가각,갱님,,,,,2sp,트랜스포머,"트포프, 트포원, 트랜스포머 어스스파크",트랜스포머 쁘띠존,메가트론 옵티머스 휠잭 라쳇,메가트론X옵티머스,"해당없음,로맨틱","휠라, 올캐러","만화,일러스트,사진",roddid96,https://dongne.co/event/df2604/circles/598124,제33회 디. 페스타 (토요일),Day1,트랜스포머
기려야아..,사랑,,,,,2sp,이세계 착각 헌터,괴담출근,,"정하성, 김기려, 레밍",정하성X김기려,로맨틱,재관솔음,"기타,공예",lululu000012,https://dongne.co/event/df2604/circles/615374,제33회 디. 페스타 (토요일),Day1,이세계 착각 헌터
기려하성 부흥위원회,현,,,,,1sp,이세계 착각 헌터,,,"김기려, 정하성",김기려X정하성,"로맨틱,섹슈얼",,소설,hyun_2d,https://dongne.co/event/df2604/circles/599428,제33회 디. 페스타 (토요일),Day1,이세계 착각 헌터
기묘한 괴담에 떨어져도 스탠드 술사는 출근해야하는 구나,호담,,,,,2sp,괴담에 떨어져도 출근을 해야 하는구나,죠죠의기묘한모험,,,,,,"공예,만화,일러스트",hodam_cc,https://dongne.co/event/df2604/circles/605647,제33회 디. 페스타 (토요일),Day1,괴담에 떨어져도 출근은 해야하는 구나
기사x메이드 저요 제발 제가 아니면 안돼요,빰도,,,,,1sp,프로젝트 세카이,,,,,로맨틱,,만화,bamdo_sekai,https://dongne.co/event/df2604/circles/596575,제33회 디. 페스타 (토요일),Day1,프로젝트세카이
기억난 리도이의 단,낭독,,,,,1sp,닌자보이 란타로,,"닌타마 쁘띠존 : 인술학원 혜성제 ""입학시험의 단!""",,,"로맨틱,섹슈얼",,,nang_dog,https://dongne.co/event/df2604/circles/610640,제33회 디. 페스타 (토요일),Day1,닌자보이 란타로
기죽지말고 즐겨~,폭스,,,,,1sp,사카모토데이즈,"슬램덩크,히로아카",,"사카데이-아사쿠라 신 위주 cp(나구신/나츠신/마후신등 신른),ncp, 슬램덩크-정대만, 히로아카-바쿠고 위주",,,,일러스트,foxda25,https://dongne.co/event/df2604/circles/609137,제33회 디. 페스타 (토요일),Day1,사카모토데이즈
김치찌개,하현,,,,,2sp,가비지타임,,,"성준수, 기상호",성준수X기상호,로맨틱,,소설,hotclare0987,https://dongne.co/event/df2604/circles/601788,제33회 디. 페스타 (토요일),Day1,가비지타임
김훙떠닝! 저의 김훙떠닝!,사마,,,,,2sp,이세계 착각 헌터,,,,정하성X김기려,"로맨틱,섹슈얼",창호기려,만화,sm5927602,https://dongne.co/event/df2604/circles/601232,제33회 디. 페스타 (토요일),Day1,이세계 착각 헌터
까마귀둥지,로제,,,,,2sp,,,,,,,,,,https://dongne.co/event/df2604/circles/601659,제33회 디. 페스타 (토요일),Day1,
까막북,유진,,,,,2sp,,,,,,,,,_pauluu,https://dongne.co/event/df2604/circles/601585,제33회 디. 페스타 (토요일),Day1,
깜고와 파랑돌고래,BB,,,,,1sp,플레이브,,,,,,,,,https://dongne.co/event/df2604/circles/612253,제33회 디. 페스타 (토요일),Day1,플레이브
깜식랜드,구모,,,,,2sp,가비지타임,"나루토, 발더스게이트3",,,,,,,gum0o0,https://dongne.co/event/df2604/circles/600198,제33회 디. 페스타 (토요일),Day1,가비지타임
꽃밭탑꾸,제이빈,,,,,2sp,,,,,,,,공예,j_bin1229,https://dongne.co/event/df2604/circles/598306,제33회 디. 페스타 (토요일),Day1,
꽈당큐,꼬포리,,,,,2sp,원신,스타레일,,벤티,,"섹슈얼,로맨틱",,"일러스트,만화",koboli03,https://dongne.co/event/df2604/circles/602558,제33회 디. 페스타 (토요일),Day1,원신
꾸루룩깡총의 마감탕탕쇼,산땍,,,,,2sp,"가정교사 히트맨 리본 , 명탐정 코난",,,,,,,"만화,일러스트",,https://dongne.co/event/df2604/circles/602899,제33회 디. 페스타 (토요일),Day1,"가정교사 히트맨 리본 , 명탐정 코난"
꾸메드림,지벨,,,,,1sp,DC 코믹스 - 슈퍼선즈,,,존 켄트/데미안 웨인,존X데미안,,,,04070303,https://dongne.co/event/df2604/circles/595242,제33회 디. 페스타 (토요일),Day1,DC코믹스 슈퍼선즈
꿈의 레시피,랴,,,,,2sp,,,,,,,,일러스트,lia___s2,https://dongne.co/event/df2604/circles/596062,제33회 디. 페스타 (토요일),Day1,
꿈팔아요~꿈!,길몽,,,,,1sp,,,,,,,,"만화,일러스트",drawzr,https://dongne.co/event/df2604/circles/602027,제33회 디. 페스타 (토요일),Day1,
나가노 도원결의 추진 위원회,"고도, 연화, 재준",,,,,2sp,명탐정 코난,,,"야마토 칸스케, 우에하라 유이, 모로후시 타카아키",,,,,"kakt4wo, yh_dtc, zzae00",https://dongne.co/event/df2604/circles/595758,제33회 디. 페스타 (토요일),Day1,명탐정 코난
나가노는 강원도다,"salmon, TAMANG",,,,,2sp,명탐정 코난,,,"야마토 칸스케, 우에하라 유이, 모로후시 타카아키",야마토 칸스케X우에하라 유이,로맨틱,"후루카자, 하기마츠, 히로레이",소설,"periodic_salmom, tamang_frkz",https://dongne.co/event/df2604/circles/612751,제33회 디. 페스타 (토요일),Day1,명탐정 코난
나가노발 카나가와행 완행열차,"5호점, 텐시",,,,,1sp,명탐정 코난,,,,후루야 레이X모로후시 히로미츠,로맨틱,하기마츠,"만화,일러스트","riverflowsin_, sr305e",https://dongne.co/event/df2604/circles/596090,제33회 디. 페스타 (토요일),Day1,명탐정 코난
나기미나○○○○이검○○○,피자파티,,,,,2sp,페이트,아이나나,,,,,,"만화,소설",,https://dongne.co/event/df2604/circles/613607,제33회 디. 페스타 (토요일),Day1,페이트
나기사기충천,ㅈㅌ,,,,,1sp,블루록,,나기이사 쁘띠존,,,,,,,https://dongne.co/event/df2604/circles/601992,제33회 디. 페스타 (토요일),Day1,블루록
나쁜사람들,제일나쁨,,,,,2sp,,,,,,,,,,https://dongne.co/event/df2604/circles/600426,제33회 디. 페스타 (토요일),Day1,
나아직도시마이부한다,마요네즈,,,,,1sp,MIU404,,,"시마 카즈미, 이부키 아이",시마 카즈미X이부키 아이,"로맨틱,섹슈얼",,"만화,일러스트,소설",mayonezu_404,https://dongne.co/event/df2604/circles/602505,제33회 디. 페스타 (토요일),Day1,MIU404
나의 동인 아카데미아,갈매,,,,,1sp,,,,,,,,,1234554321aaa_,https://dongne.co/event/df2604/circles/617094,제33회 디. 페스타 (토요일),Day1,
나중에 수정,이름,,,,,1sp,유희왕,,야미진 쁘띠존 < 강한 마음 x 다정한 마음 >,"야미노 유우기, 무토 유우기",,,,,,https://dongne.co/event/df2604/circles/609422,제33회 디. 페스타 (토요일),Day1,유희왕 DM
낙인2부기원위원회,페르,,,,,1sp,유희왕,,,,X,로맨틱,,만화,perrphecy,https://dongne.co/event/df2604/circles/598567,제33회 디. 페스타 (토요일),Day1,유희왕 OCG
난 형이고 넌 동생이야,구이,,,,,1sp,허잇차! 세자님,,,"석대암, 교주천",,"로맨틱,섹슈얼",,소설,fermack0_0,https://dongne.co/event/df2604/circles/597462,제33회 디. 페스타 (토요일),Day1,허잇차! 세자님
난정검 감나빗,"도깡 , 쎄니",,,,,1sp,,,"닌타마 쁘띠존 : 인술학원 혜성제 ""입학시험의 단!""",,케마토메사부로X젠포우지이사쿠,해당없음,,,"gimchibajiljji1, lucky_lovetooth",https://dongne.co/event/df2604/circles/601952,제33회 디. 페스타 (토요일),Day1,
남녀연애자유선언,은여,,,,,2sp,괴담에 떨어져도 출근을 해야 하는구나,,,,,,,,,https://dongne.co/event/df2604/circles/598327,제33회 디. 페스타 (토요일),Day1,괴담에 떨어져도 출근은 해야하는 구나
낫망인생최후의끌어치기,Natmang,,,,,1sp,골든카무이,,,.,,,,"만화,일러스트",null404fail,https://dongne.co/event/df2604/circles/594911,제33회 디. 페스타 (토요일),Day1,골든 카무이
내가 뭐 팔려고 했더라¿,우민,,,,,1sp,명탐정 코난,"이세계 착각 헌터, 나루토",,"사이키, 코난, 기려",,,,,ldnals_7,https://dongne.co/event/df2604/circles/596850,제33회 디. 페스타 (토요일),Day1,명탐정 코난
내가 사랑했던 모든 남자들에게,시환,,,,,2sp,빛과 밤의 사랑,오버워치,빛과 밤의 사랑 쁘띠존 「휘명시디자이너연합회」,,,로맨틱,"주은태여주(은여/은태여주), 겐멜(겐르시)",소설,,https://dongne.co/event/df2604/circles/612069,제33회 디. 페스타 (토요일),Day1,빛과밤의사랑
내가 좋아하는 나오야가 토우지를 좋아한다,한악,,,,,1sp,주술회전 윈브레,,,,,,,,,https://dongne.co/event/df2604/circles/607782,제33회 디. 페스타 (토요일),Day1,주술회전 윈브레
내맘대로,메이,,,,,2sp,아이돌리쉬세븐,"파라독스라이브, 보컬로이드, 케이팝데몬헌터스, 앙상블스타즈",,,,,,,maii_050225,https://dongne.co/event/df2604/circles/611042,제33회 디. 페스타 (토요일),Day1,아이돌리쉬세븐
냐냐냐,햄,,,,,1sp,블루록,,,,,해당없음,,기타,haemu100,https://dongne.co/event/df2604/circles/599975,제33회 디. 페스타 (토요일),Day1,블루록
냐냐먀켓,냐냐먀켓,,,,,1sp,"은혼, 에반게리온","진격의거인, 체인소맨, 나루토, 하이큐, 헌터x헌터, 스파이패밀리, 보컬로이드",,사카타 긴토키,,,,공예,mnyacat_7,https://dongne.co/event/df2604/circles/596894,제33회 디. 페스타 (토요일),Day1,"은혼, 에반게리온"
냐니뉴녜뇨,나나,,,,,2sp,,,,,,,,,tokomon_plz,https://dongne.co/event/df2604/circles/600003,제33회 디. 페스타 (토요일),Day1,
냠냠샐러드,냠냠,,,,,2sp,,,,,,,,"일러스트,기타",chocom3ro,https://dongne.co/event/df2604/circles/602113,제33회 디. 페스타 (토요일),Day1,
너 싫어!(너 좋아) [옵메],camels,,,,,1sp,트포원,"트포 g1, 트포프, 트포 애니멧, 트포 어스스, 마베 트포",트랜스포머 쁘띠존,옵티머스 메가트론,옵티머스X메가트론,"섹슈얼,로맨틱",없음,"만화,일러스트",omeneva,https://dongne.co/event/df2604/circles/603375,제33회 디. 페스타 (토요일),Day1,트포원
너있내따,"듀, 망쿠",,,,,2sp,괴담에 떨어져도 출근을 해야 하는구나,주술회전,,"최요원, 김솔음",최요원X김솔음,,고죠 사토루x게토 스구루,,"mp572d, mangtaku96",https://dongne.co/event/df2604/circles/602892,제33회 디. 페스타 (토요일),Day1,괴담출근
네이비드,랙블로,,,,,2sp,,,,,,,,,rackblow_,https://dongne.co/event/df2604/circles/596255,제33회 디. 페스타 (토요일),Day1,
네일이 기대돼,mui,,,,,2sp,MIU404,"가비지타임, 가정교사히트맨리본",,시마 카즈미,이부키 아이X시마 카즈미,로맨틱,"빵준(영중준수), 엋문(청려문대)","공예,소설",mui_s2,https://dongne.co/event/df2604/circles/611885,제33회 디. 페스타 (토요일),Day1,미우404
네코마마,레이카,,,,,4sp,데뷔 못 하면 죽는 병 걸림,,,,,,,,rayca01,https://dongne.co/event/df2604/circles/602829,제33회 디. 페스타 (토요일),Day1,데뷔 못 하면 죽는 병 걸림
넷이서 같이 사는게 정답이라는 것을,별다귀,,,,,1sp,트랜스포머,,트랜스포머 쁘띠존,스타스크림/메가트론/쇼크웨이브/사운드웨이브,,"섹슈얼,로맨틱","메가트론이랑 쇼크웨이브, 메가트론이랑 사운드웨이브......",소설,aou_aou_,https://dongne.co/event/df2604/circles/601452,제33회 디. 페스타 (토요일),Day1,트랜스포머
노맨즈랜드 불가마찜질방,인간식물,,,,,2sp,트라이건,,,,울프우드X밧슈,,,,,https://dongne.co/event/df2604/circles/609271,제33회 디. 페스타 (토요일),Day1,트라이건
노맨즈랜드에 어서오세요,수키,,,,,1sp,트라이건,,,밧슈,,로맨틱,,"만화,일러스트",hushuki_0v0,https://dongne.co/event/df2604/circles/596086,제33회 디. 페스타 (토요일),Day1,트라이건
녹체,녹체,,,,,1sp,괴담에 떨어져도 출근을 해야 하는구나,전지적독자시점,,,,,,,,https://dongne.co/event/df2604/circles/603376,제33회 디. 페스타 (토요일),Day1,괴담출근
논컾이 아니면 (제가) 죽어요,소체,,,,,1sp,창조주의 편애법,"페르소나 5, 지구의 운동에 대하여",,"맹순우, 강차경 등",,,,"만화,일러스트,소설,기타",soche1215,https://dongne.co/event/df2604/circles/615127,제33회 디. 페스타 (토요일),Day1,창조주의 편애법
농구공을 튀기는 닌자,명수,,,,,2sp,닌타마,가비지타임,,,,,,"만화,일러스트",skivtt9zp8fyyu2,https://dongne.co/event/df2604/circles/601981,제33회 디. 페스타 (토요일),Day1,닌타마
농구는언제나즐거워,소금,,,,,1sp,가비지타임,,,,최종수X기상호,,,소설,soo_geum,https://dongne.co/event/df2604/circles/609454,제33회 디. 페스타 (토요일),Day1,가비지타임
농구도 하고 수수께끼도 풀고,티슈,,,,,1sp,슬램덩크,"게게게의 수수께끼, 가비지타임",,강백호,태웅X백호,"로맨틱,섹슈얼","종상, 준상",,,https://dongne.co/event/df2604/circles/611745,제33회 디. 페스타 (토요일),Day1,슬램덩크
눅눅한피스타치오농장,눅타,,,,,1sp,우마무스메 프리티 더비,,,,오구리 캡X타마모 크로스,,,"만화,일러스트",nooctadesu,https://dongne.co/event/df2604/circles/611812,제33회 디. 페스타 (토요일),Day1,우마무스메 프리티 더비
눈내리는 할로윈,생활연구소,,,,,2sp,명탐정 코난,,,모로후시 히로미츠 모로후시 타카아키,모로후시 히로미츠X모로후시 타카아키,로맨틱,시라코바 다카사,만화,da_life_conan,https://dongne.co/event/df2604/circles/597232,제33회 디. 페스타 (토요일),Day1,명탐정 코난
눈달린 교통수단 연구회,세르케,,,,,1sp,트랜스포머,"카(픽사), 또봇",트랜스포머 쁘띠존,,스카이파이어X스타스크림,로맨틱,,소설,seruke333,https://dongne.co/event/df2604/circles/599389,제33회 디. 페스타 (토요일),Day1,트랜스포머
뉘누리 잡화점,슬금,,,,,2sp,오리지널창작,,,,,,,"일러스트,소설",nuinuri_st,https://dongne.co/event/df2604/circles/598721,제33회 디. 페스타 (토요일),Day1,오리지널창작
뉴이생먕,이덕담,,,,,2sp,오란고교,붕괴스타레일 / 엘소드 / 케이온 / 파판 / 할로우 나이트 / 실크송 / 럭키스타,,,,,,"일러스트,기타","leesangmyang, leeduckdam, mingmyangoo, miyuum680",https://dongne.co/event/df2604/circles/598739,제33회 디. 페스타 (토요일),Day1,오란고교
닌법첩,마린,,,,,1sp,닌타마 란타로,,"닌타마 쁘띠존 : 인술학원 혜성제 ""입학시험의 단!""",,,,,,,https://dongne.co/event/df2604/circles/616551,제33회 디. 페스타 (토요일),Day1,닌타마 란타로
닌자가 되자,금눈,,,,,1sp,닌자보이 란타로,괴담출근,"닌타마 쁘띠존 : 인술학원 혜성제 ""입학시험의 단!""","상급생, 리도이 이것저것...",,로맨틱,,"일러스트,만화,기타",ssubtulll,https://dongne.co/event/df2604/circles/598764,제33회 디. 페스타 (토요일),Day1,닌자보이 란타로
닌자굴러가요,たまぴ,,,,,1sp,닌타마 란타로,,,,,,,,pi_6_6666,https://dongne.co/event/df2604/circles/606869,제33회 디. 페스타 (토요일),Day1,닌타마란타로
닌자노타마고,"타마고,삶은계란",,,,,1sp,닌타마 란타로,,"닌타마 쁘띠존 : 인술학원 혜성제 ""입학시험의 단!""",ALL,,,,"기타,만화,일러스트","tamago_nintama, 1doware",https://dongne.co/event/df2604/circles/609911,제33회 디. 페스타 (토요일),Day1,닌타마란타로
닌자는 바로 당신이야!,nama,,,,,2sp,"닌타마 란타로, 닌자보이 란타로",,"닌타마 쁘띠존 : 인술학원 혜성제 ""입학시험의 단!""","야마다 리키치, 도이 한스케, 6학년, 5학년",야마다 리키치X도이 한스케,로맨틱,"케마이사, 타케쿠쿠","일러스트,만화",nin_nama,https://dongne.co/event/df2604/circles/615943,제33회 디. 페스타 (토요일),Day1,"닌타마 란타로, 닌자보이 란타로"
닌자도 출근을 해야하나요?,소기찬,,,,,1sp,닌타마 란타로,괴담에 떨어져도 출근을 해야 하는구나,"닌타마 쁘띠존 : 인술학원 혜성제 ""입학시험의 단!""","도이, 리키치, 김솔음, 최요원, 백사헌",,해당없음,"최요원x김솔음, 김솔음x백사헌","일러스트,만화",ramdo_1,https://dongne.co/event/df2604/circles/600010,제33회 디. 페스타 (토요일),Day1,닌타마 란타로
닌자동아리,27,,,,,2sp,닌타마,나루토,"닌타마 쁘띠존 : 인술학원 혜성제 ""입학시험의 단!""","이사쿠, 잣토, 카카시,",,,,기타,inbolero,https://dongne.co/event/df2604/circles/600917,제33회 디. 페스타 (토요일),Day1,닌타마
닌자배달기사,기사,,,,,1sp,닌타마 란타로 ,,"닌타마 쁘띠존 : 인술학원 혜성제 ""입학시험의 단!""",닌타마 란타로 캐릭터 ,,로맨틱,,만화,qg933221_1,https://dongne.co/event/df2604/circles/611584,제33회 디. 페스타 (토요일),Day1,닌타마 란타로 
닌자수집가,공마,,,,,2sp,닌타마,,"닌타마 쁘띠존 : 인술학원 혜성제 ""입학시험의 단!""",젠포우지 이사쿠,케마 토메사부로X젠포우지 이사쿠,"로맨틱,섹슈얼",,,,https://dongne.co/event/df2604/circles/595125,제33회 디. 페스타 (토요일),Day1,닌타마
닌자팝니다,ahr327ovo,,,,,1sp,닌타마( 닌자보이란타로) ,,"닌타마 쁘띠존 : 인술학원 혜성제 ""입학시험의 단!""",,젠포우지 이사쿠X케마 토메사부로 ,,,,,https://dongne.co/event/df2604/circles/602001,제33회 디. 페스타 (토요일),Day1,닌타마( 닌자보이란타로) 
닝자주먹밥 짝짝짝!,먹밥,,,,,1sp,닌자보이 란타로,,"닌타마 쁘띠존 : 인술학원 혜성제 ""입학시험의 단!""",코헤이타 케마,,"로맨틱,해당없음",,"만화,기타",meokbap99,https://dongne.co/event/df2604/circles/598210,제33회 디. 페스타 (토요일),Day1,닌자보이 란타로
"다같이""룸메이트""합시다 ",펙토,,,,,1sp,닌타마,,"닌타마 쁘띠존 : 인술학원 혜성제 ""입학시험의 단!""",이사쿠,,로맨틱,,"소설,공예",pectolite_nt,https://dongne.co/event/df2604/circles/611120,제33회 디. 페스타 (토요일),Day1,닌타마
다시 만난 친구들,몽몽이,,,,,1sp,디지몬,ᆞ,,테일,,,,기타,,https://dongne.co/event/df2604/circles/602452,제33회 디. 페스타 (토요일),Day1,디지몬
다차원학회,유진,,,,,1sp,프로세카,"오리지널, 이착헌, 로오히",,카이토,,,,"만화,일러스트,소설",eugene_art_tale,https://dongne.co/event/df2604/circles/610944,제33회 디. 페스타 (토요일),Day1,프로세카
다칸마리 떡백마리,안금,,,,,2sp,귀멸의 칼날,게나조,,,,,,,,https://dongne.co/event/df2604/circles/600557,제33회 디. 페스타 (토요일),Day1,귀멸의 칼날
단일메뉴 : 최솔,매콤,,,,,1sp,괴담에 떨어져도 출근을 해야 하는구나,,,"최 요원, 김솔음",최 요원X김솔음,로맨틱,,,sp1cy_fl4v0r,https://dongne.co/event/df2604/circles/609224,제33회 디. 페스타 (토요일),Day1,괴담출근
단지 친구라는 이유로 같부스함,뷰온,,,,,2sp,슬램덩크,프로젝트세카이,,"송태섭, 정대만, 카미시로 루이, KAITO",송태섭X정대만,로맨틱,카미시로 루이×KAITO,소설,burung_nya,https://dongne.co/event/df2604/circles/613288,제33회 디. 페스타 (토요일),Day1,슬램덩크
달콤한일러스트,이윤지,,,,,2sp,모모찌,,,모모찌,,,,일러스트,iamyunji,https://dongne.co/event/df2604/circles/601609,제33회 디. 페스타 (토요일),Day1,모모찌
당덕기,재노,,,,,2sp,"파이널판타지14, 리버스1999","TRPG(COC), 1차 수공예, 괴담출근",,,,,,"일러스트,공예,소설",dangdeoggi22403,https://dongne.co/event/df2604/circles/599883,제33회 디. 페스타 (토요일),Day1,"파이널판타지14, 리버스1999"
대청봉솔최사랑산악회,"지예, 척얼",,,,,2sp,괴담에 떨어져도 출근을 해야 하는구나 ,,,"김솔음, 최요원",김솔음X최요원,로맨틱,,,bornjiye,https://dongne.co/event/df2604/circles/608778,제33회 디. 페스타 (토요일),Day1,괴담에 떨어져도 출근을 해야 하는구나 
대파,태서,,,,,2sp,,,,,,,,,seo123te,https://dongne.co/event/df2604/circles/600871,제33회 디. 페스타 (토요일),Day1,
댄싱래빗,댄싱래빗,,,,,2sp,,,,,,,,공예,,https://dongne.co/event/df2604/circles/595368,제33회 디. 페스타 (토요일),Day1,
더피귀여워,팩토리,,,,,2sp,체인소맨,데몬헌터스,,체인소맨,,,,,picter12,https://dongne.co/event/df2604/circles/603541,제33회 디. 페스타 (토요일),Day1,체인소맨
덕질에 빠져도 마감은 해야 하는 구나,괴도팡,,,,,2sp,괴담에 떨어져도 출근을 해야 하는구나,,,,,,,,lukapang__45,https://dongne.co/event/df2604/circles/601662,제33회 디. 페스타 (토요일),Day1,괴담출근
덩이 다장르 부스,덩,,,,,1sp,나루토 헌헌 은혼,순정만화,,나루토,,,,,dong__xxxx,https://dongne.co/event/df2604/circles/614196,제33회 디. 페스타 (토요일),Day1,나루토 헌헌 은혼
데한민국 외계인,나기,,,,,2sp,괴담에 떨어져도 출근을 해야 하는구나,,,,,,,,,https://dongne.co/event/df2604/circles/600898,제33회 디. 페스타 (토요일),Day1,괴담출근
도깨비상점,도깨비상점,,,,,2sp,,,,,,,,,kkebistore,https://dongne.co/event/df2604/circles/598310,제33회 디. 페스타 (토요일),Day1,
도라지와 뚜벅쵸,도라지,,,,,1sp,포켓몬,피크민,,,,,,,frogjem,https://dongne.co/event/df2604/circles/599010,제33회 디. 페스타 (토요일),Day1,포켓몬
도로교통법제17조3항위반 범칙금13만원,HR,,,,,2sp,트랜스포머,,트랜스포머 쁘띠존,"스턴티콘, 컴배티콘",넉아웃X라쳇,로맨틱,,"소설,공예,조형",hrrk_tf,https://dongne.co/event/df2604/circles/596982,제33회 디. 페스타 (토요일),Day1,트랜스포머
도마뱀의 보물함,해룡,,,,,2sp,,,,,,,,"공예,만화",tlzn01,https://dongne.co/event/df2604/circles/598515,제33회 디. 페스타 (토요일),Day1,
도자기집,포터리,,,,,1sp,,,,,,,,만화,gk_potteryhouse,https://dongne.co/event/df2604/circles/610096,제33회 디. 페스타 (토요일),Day1,
도전~~~!!!!,럭,,,,,2sp,프로젝트 세카이,괴담출근,,올캐러,,해당없음,,일러스트,fuj00t4ku,https://dongne.co/event/df2604/circles/599976,제33회 디. 페스타 (토요일),Day1,프로젝트 세카이
도키도키했잖아요,PiPi,,,,,2sp,닌타마 란타로,,"닌타마 쁘띠존 : 인술학원 혜성제 ""입학시험의 단!""","도이 한스케, 셋츠노 키리마루",도이 한스케X셋츠노 키리마루,로맨틱,,만화,pipi6756,https://dongne.co/event/df2604/circles/598378,제33회 디. 페스타 (토요일),Day1,닌타마 란타로
도토래 공방,도토래 공방,,,,,2sp,,18trip,,,,,,"기타,일러스트",dotorae_,https://dongne.co/event/df2604/circles/601751,제33회 디. 페스타 (토요일),Day1,
도파민중독자,gyum,,,,,1sp,유희왕 5D's,,,"유성,브루노",,,,만화,_cnzk12,https://dongne.co/event/df2604/circles/602058,제33회 디. 페스타 (토요일),Day1,유희왕5Ds
동그란복어,복어,,,,,2sp,오리지널,,,,,,,"일러스트,공예,사진",blue_fish0oo,https://dongne.co/event/df2604/circles/616329,제33회 디. 페스타 (토요일),Day1,오리지널
동글말랑,스모 모모,,,,,1sp,오리지널,,,오리지널,,,,"공예,기타",mochikun_mo,https://dongne.co/event/df2604/circles/598451,제33회 디. 페스타 (토요일),Day1,오리지널
동방사단 구멍가게,"가령, 익명",,,,,2sp,괴수8호,,,"호시나 소우시로, 나루미 겐",,,,"공예,일러스트","garueong, sweven8go",https://dongne.co/event/df2604/circles/600170,제33회 디. 페스타 (토요일),Day1,괴수 8호
동생은 원래 형을 사랑해,굼밤,,,,,1sp,,,,,운스이X아곤,,,,,https://dongne.co/event/df2604/circles/605965,제33회 디. 페스타 (토요일),Day1,
동실 간 친밀감 형성과 관계 발전 과정에 관한 연구,내일,,,,,2sp,닌타마 란타로,,"닌타마 쁘띠존 : 인술학원 혜성제 ""입학시험의 단!""","케마 토메사부로, 젠포우지 이사쿠",케마 토메사부로X젠포우지 이사쿠,로맨틱,,만화,nail__today,https://dongne.co/event/df2604/circles/598066,제33회 디. 페스타 (토요일),Day1,닌타마 란타로
동실마니아,주주,,,,,2sp,닌타마 란타로,,"닌타마 쁘띠존 : 인술학원 혜성제 ""입학시험의 단!""","케마 토메사부로, 젠포우지 이사쿠 등",케마 토메사부로X젠포우지 이사쿠,"로맨틱,섹슈얼","아야타키, 하치라이, 아야센, 몬센",만화,ju_saa4,https://dongne.co/event/df2604/circles/598193,제33회 디. 페스타 (토요일),Day1,닌타마 란타로
동인 네가 안하면 누가하리,몽디,,,,,2sp,드래곤볼,,,피콜로,,,,"만화,공예",dandan_mong,https://dongne.co/event/df2604/circles/606343,제33회 디. 페스타 (토요일),Day1,드래곤볼
동인실직,스칼,,,,,2sp,,,,,,,,,,https://dongne.co/event/df2604/circles/598991,제33회 디. 페스타 (토요일),Day1,
동코퇴근,소동/쯔코,,,,,2sp,괴담에 떨어져도 출근을 해야 하는구나,,,김솔음,,,,,"ppang0_z, zco111",https://dongne.co/event/df2604/circles/598477,제33회 디. 페스타 (토요일),Day1,괴담출근
돼지 강아지 입양하세요,셋삼사,,,,,1sp,블루록,,,"나기 세이시로, 이사기 요이치",나기 세이시로X이사기 요이치,해당없음,,기타,3set34,https://dongne.co/event/df2604/circles/596981,제33회 디. 페스타 (토요일),Day1,블루록
돼지너구리 우동 가게,우메보시,,,,,1sp,닌타마 란타로,,"닌타마 쁘띠존 : 인술학원 혜성제 ""입학시험의 단!""","오하마 칸에몽(5닌), 도이한스케,텐키, 우라카제 토나이, 산탄다 카즈마(with 3닌)",,로맨틱,,"만화,기타",cheri_sang2,https://dongne.co/event/df2604/circles/615426,제33회 디. 페스타 (토요일),Day1,닌타마 란타로
되면 한다,"철판야끼, 밀몽, 소리",,,,,2sp,명탐정 코난,헌터헌터,,,,,,"만화,일러스트,소설","tsukkigakirei0, milm0ng, im50ri",https://dongne.co/event/df2604/circles/595221,제33회 디. 페스타 (토요일),Day1,명탐정 코난
되면 해낸다,먁먁,,,,,2sp,앙스타,프세카,,,,,,,jjangtora,https://dongne.co/event/df2604/circles/607837,제33회 디. 페스타 (토요일),Day1,앙스타
두려워말고 전진!!,사원,,,,,1sp,괴담에 떨어져도 출근을 해야 하는구나,,,,김솔음X백사헌,로맨틱,솔음요원,,hoesaone,https://dongne.co/event/df2604/circles/597744,제33회 디. 페스타 (토요일),Day1,괴담출근
두부가 맹물맛이라고? 그럼 님 수액맞을때 두부국물로 바꿔치기 해도 되죠?,강태현,,,,,1sp,닌자보이 란타로,,"닌타마 쁘띠존 : 인술학원 혜성제 ""입학시험의 단!""","아야베, 타케야, 5학년, 그외 기타 등등 ",,,,만화,koppprsk,https://dongne.co/event/df2604/circles/611898,제33회 디. 페스타 (토요일),Day1,닌자보이 란타로
두부과자시식코너,"토푸, 까까",,,,,2sp,닌자보이 란타로(닌타마),"하이큐!!, 앙상블스타즈!!(앙스타)",,,,,,"만화,소설","ssamanko030, kkax2__",https://dongne.co/event/df2604/circles/604020,제33회 디. 페스타 (토요일),Day1,닌자보이 란타로(닌타마)
두부나라,교,,,,,2sp,닌타마 란타로,,,,,,,,gyo12121,https://dongne.co/event/df2604/circles/610268,제33회 디. 페스타 (토요일),Day1,닌타마 란타로
두철이와 어쩔이,어쩔헌터,,,,,2sp,헌터×헌터,"사이키쿠스오, 던전밥, 나의히어로아카데미아",,,,,,기타,"sowhat_hunter, ducheori",https://dongne.co/event/df2604/circles/596882,제33회 디. 페스타 (토요일),Day1,헌터x헌터
뒹굴뒹굴,돕돕돕,,,,,2sp,,,,,,,,,,https://dongne.co/event/df2604/circles/598401,제33회 디. 페스타 (토요일),Day1,
듀,식혜,,,,,1sp,,,,,,,,,,https://dongne.co/event/df2604/circles/617526,제33회 디. 페스타 (토요일),Day1,
듀듀듀,나격,,,,,4sp,괴담에 떨어져도 출근을 해야 하는구나,,,,,,,,fallin_nagyuk,https://dongne.co/event/df2604/circles/600860,제33회 디. 페스타 (토요일),Day1,괴담에 떨어져도 출근을 해야하는구나
드로잉 피플 셀링 띵즈 마이 비지니스,희월,,,,,1sp,수퍼내추럴,,,"샘 윈체스터, 딘 윈체스터",,해당없음,딘샘,"일러스트,기타",higeuk,https://dongne.co/event/df2604/circles/614624,제33회 디. 페스타 (토요일),Day1,수퍼내추럴(미국TV드라마)
디페에이코,김녹차,,,,,2sp,,,,,,,,,,https://dongne.co/event/df2604/circles/602543,제33회 디. 페스타 (토요일),Day1,
딕그래그래마왕,ceggy,,,,,1sp,나이트윙,,,딕 그레이슨,,,,기타,ceggy676791,https://dongne.co/event/df2604/circles/612717,제33회 디. 페스타 (토요일),Day1,나이트윙
또롱별,이데아,,,,,2sp,,,,,,,,,ideatami,https://dongne.co/event/df2604/circles/595961,제33회 디. 페스타 (토요일),Day1,
똘콩이네,쿼카,,,,,2sp,붕괴 스타레일,이세계착각헌터,,,,,,일러스트,quokaisgood,https://dongne.co/event/df2604/circles/617548,제33회 디. 페스타 (토요일),Day1,붕괴 스타레일
똥차성녀 네버다이,요리왕위룡,,,,,1sp,명일방주,붕괴: 스타레일,,,오오토리 쿄우야X후지오카 하루히,로맨틱,,만화,sbornmaker,https://dongne.co/event/df2604/circles/605952,제33회 디. 페스타 (토요일),Day1,명일방주
뚱뚱땅땅,뚱땅,,,,,2sp,하이큐,,,카게야마 토비오,,,,일러스트,dd00nngg,https://dongne.co/event/df2604/circles/600676,제33회 디. 페스타 (토요일),Day1,하이큐
라이벌 파트너의 맛,솔,,,,,1sp,블루록,,나기이사 쁘띠존,,,"로맨틱,해당없음",,일러스트,bidamsora,https://dongne.co/event/df2604/circles/608427,제33회 디. 페스타 (토요일),Day1,블루록
랑하우스 솜옷장,랑하,,,,,1sp,솜인형 옷,,,,,,,,__rang_house,https://dongne.co/event/df2604/circles/598058,제33회 디. 페스타 (토요일),Day1,솜인형 옷
런치메뉴,キチコ ,,,,,4sp,오리지널,"리버스 1999,파판14,",,,,,,일러스트,kichiko____,https://dongne.co/event/df2604/circles/602386,제33회 디. 페스타 (토요일),Day1,오리지널
레몬크림소다,花,,,,,2sp,원신,,,"타르탈리아, 종려",타르탈리아X종려,로맨틱,없음,"기타,일러스트,만화",zero__nanaq,https://dongne.co/event/df2604/circles/616301,제33회 디. 페스타 (토요일),Day1,원신
로봇이 보이는 것 보다 가까이있음,윤슬,,,,,2sp,트랜스포머,,트랜스포머 쁘띠존,트랜스포머 올캐,,,,"만화,기타,일러스트",ruination_ysl,https://dongne.co/event/df2604/circles/595849,제33회 디. 페스타 (토요일),Day1,트랜스포머
롬다롬다롬,도람,,,,,2sp,포켓몬,스플래툰 프리큐어 앙스타,,,,,,,doramdarom,https://dongne.co/event/df2604/circles/596323,제33회 디. 페스타 (토요일),Day1,포켓몬
루엘드의 부스,루엘드,,,,,1sp,괴담에 떨어져도 출근을 해야 하는구나 ,"데뷔못하면 죽는 병 걸림 , 진혼기, 어두운 바다의 등불이 되어",,,,,,,fndpfeb3014,https://dongne.co/event/df2604/circles/609268,제33회 디. 페스타 (토요일),Day1,괴담에 떨어져도 출근을 해야 하는구나 
루카반,똘,,,,,1sp,도키걸즈,없음,,사쿠라이루카,사쿠라이루카X밤비,해당없음,,만화,albertobalssam,https://dongne.co/event/df2604/circles/601007,제33회 디. 페스타 (토요일),Day1,도키걸즈
마감을 목표로!,탓즈,,,,,1sp,,,,,,,,일러스트,basaktots,https://dongne.co/event/df2604/circles/611119,제33회 디. 페스타 (토요일),Day1,
마감이 임박해도 행사는 나와야 하는구나,단히,,,,,1sp,괴담에 떨어져도 출근을 해야 하는구나,화산귀환,,솔음,,,,,danhi_15,https://dongne.co/event/df2604/circles/600540,제33회 디. 페스타 (토요일),Day1,괴담출근
마도구 바토라,사천원,,,,,2sp,"마왕학원의 부적격자 ~최강의 마왕의 시초, 전생해서 자손들의 학교에 다니다~",악마에 입문했습니다 이루마군,,"이루마, 오페라, 카르에고, 아리스, 클라라, 키리오",,해당없음,아즈이루,"일러스트,소설",4000won_ssul,https://dongne.co/event/df2604/circles/615142,제33회 디. 페스타 (토요일),Day1,악마에 입문했습니다 이루마군 mafia if
마라샹궈소금빵,농네,,,,,2sp,,,,,,,,,,https://dongne.co/event/df2604/circles/602930,제33회 디. 페스타 (토요일),Day1,
마리 공방,마리,,,,,1sp,노리개,"노리개 키링, 자수 공예품 등",,,,,,공예,,https://dongne.co/event/df2604/circles/607890,제33회 디. 페스타 (토요일),Day1,노리개
마리포사의 보물상자,마리포사,,,,,2sp,해리포터,,,,,,,,,https://dongne.co/event/df2604/circles/611440,제33회 디. 페스타 (토요일),Day1,해리포터
마블&DC 코믹스,"WE , 담현",,,,,2sp,DC 코믹스,마블 코믹스,,"배트맨,제이슨토드,스파이더맨",,,,일러스트,we_5104,https://dongne.co/event/df2604/circles/596976,제33회 디. 페스타 (토요일),Day1,DC 코믹스
마요공방,Roro,,,,,2sp,뜨개인형,,,,,,,,,https://dongne.co/event/df2604/circles/599908,제33회 디. 페스타 (토요일),Day1,뜨개인형
마카롱김치찌개 n회차,ㄲ1,,,,,4sp,"윈브레, 시광대리인",,,미정,,,,"만화,일러스트,공예",___kk1_,https://dongne.co/event/df2604/circles/599101,제33회 디. 페스타 (토요일),Day1,"윈브레, 시광대리인"
만국의 쓰젯러들이여 단결하라,코그가 꿰인 사람,,,,,2sp,트랜스포머,,트랜스포머 쁘띠존,"스타스크림, 스카이파이어(제트파이어)",스타스크림X스카이파이어(제트파이어),로맨틱,,만화,opmegone,https://dongne.co/event/df2604/circles/597518,제33회 디. 페스타 (토요일),Day1,트랜스포머
말랑말랑 스프레이빔,뱀하인,,,,,1sp,트랜스포머,,트랜스포머 쁘띠존,,,,,공예,elasious,https://dongne.co/event/df2604/circles/602470,제33회 디. 페스타 (토요일),Day1,트랜스포머
말랑말랑로봇협회 시즌2,MAYO,,,,,1sp,트랜스포머,,트랜스포머 쁘띠존,,,,,일러스트,frozenmayo_,https://dongne.co/event/df2604/circles/598205,제33회 디. 페스타 (토요일),Day1,트랜스포머
말랑뽀작우유식빵,아노센,,,,,2sp,스타레일,원신 젠레스존제로,,,,,,,,https://dongne.co/event/df2604/circles/600463,제33회 디. 페스타 (토요일),Day1,스타레일
맛보기 스푼,슈비시,,,,,2sp,괴수8호,"괴담출근, 주술회전, 데못죽, 제5인격, 플레이브, 데스노트, 히로아카, 하이큐, 은혼, 보석국, 봇치더락, 프리렌, 초카구야히메, 마법소녀",,"호시나 소우시로, 고죠 사토루, 츠키시마, L, 등등",,,,일러스트,shubish_see,https://dongne.co/event/df2604/circles/596918,제33회 디. 페스타 (토요일),Day1,괴수8호
맛있는 파스타,BN,,,,,4sp,괴담에 떨어져도 출근을 해야 하는구나,,,,,,,,,https://dongne.co/event/df2604/circles/595641,제33회 디. 페스타 (토요일),Day1,괴담출근
맛초킹,ming_,,,,,1sp,,,,,,,,,,https://dongne.co/event/df2604/circles/602416,제33회 디. 페스타 (토요일),Day1,
망자애호부스,새부리,,,,,2sp,원피스,화산귀환,,,,,,일러스트,asebury,https://dongne.co/event/df2604/circles/611005,제33회 디. 페스타 (토요일),Day1,원피스
먼지버섯,Kinoko,,,,,1sp,우마무스메,,,"시리우스 심볼리, 심볼리 루돌프",,,,"만화,게임","umanokono, uuzzangohayo",https://dongne.co/event/df2604/circles/603382,제33회 디. 페스타 (토요일),Day1,우마무스메
멈지,무기,,,,,1sp,진격거,히로아카,,,,,,,xustzz1,https://dongne.co/event/df2604/circles/611685,제33회 디. 페스타 (토요일),Day1,진격거
멍멍 안경샵,지아,,,,,2sp,,,,,,,,"일러스트,공예,조형",lnaglas,https://dongne.co/event/df2604/circles/609326,제33회 디. 페스타 (토요일),Day1,
메디아라한,호밀,,,,,1sp,페르소나 시리즈,"메타포, 젤다의 전설",,조커,,,,만화,homil_jpg,https://dongne.co/event/df2604/circles/596410,제33회 디. 페스타 (토요일),Day1,페르소나 시리즈
메론빵호타고출항해서세상구하기,"겜용팔, 사화",,,,,1sp,,,,,,로맨틱,,,,https://dongne.co/event/df2604/circles/617372,제33회 디. 페스타 (토요일),Day1,
메리크리도이스마스,사무,,,,,1sp,닌타마 란타로,,"닌타마 쁘띠존 : 인술학원 혜성제 ""입학시험의 단!""",,야마다 리키치X도이 한스케,,,,samuqaz,https://dongne.co/event/df2604/circles/610793,제33회 디. 페스타 (토요일),Day1,닌타마 란타로
메밀밭,밀123,,,,,1sp,괴담에 떨어져도 출근을 해야 하는구나,,,,,,,일러스트,,https://dongne.co/event/df2604/circles/601560,제33회 디. 페스타 (토요일),Day1,괴담출근
메이드 바이 꼬섭,꼬섭,,,,,1sp,명탐정 코난,나의 히어로 아카데미아,,"에도가와 코난, 미도리야 이즈쿠 등",,,,공예,songkkoseob,https://dongne.co/event/df2604/circles/597168,제33회 디. 페스타 (토요일),Day1,명탐정 코난
모몬가즈,모구토,,,,,2sp,괴담에 떨어져도 출근을 해야 하는구나,"내가 키운 S급들, 어두운 바다의 등불이 되어",,,,,현제유진 ,,,https://dongne.co/event/df2604/circles/610764,제33회 디. 페스타 (토요일),Day1,괴담에 떨어져도 출근을 해야 하는구나
모소긴긴줄게___ㅣ하즈다!________,요운,,,,,1sp,닌타마,,"닌타마 쁘띠존 : 인술학원 혜성제 ""입학시험의 단!""",키리마루,,해당없음,단련조,"만화,일러스트,공예",ye_oun,https://dongne.co/event/df2604/circles/615858,제33회 디. 페스타 (토요일),Day1,닌타마
모에해도 출근을 해야 하는구나《모에출근》,키키,,,,,1sp,괴담에 떨어져도 출근을 해야 하는구나,,,,,,,,qpqi_163,https://dongne.co/event/df2604/circles/610339,제33회 디. 페스타 (토요일),Day1,괴담출근
모자란 지옥캠프의 단,눅눅한초코칩,,,,,1sp,닌자보이 란타로,,"닌타마 쁘띠존 : 인술학원 혜성제 ""입학시험의 단!""",,,,,,,https://dongne.co/event/df2604/circles/615731,제33회 디. 페스타 (토요일),Day1,닌자보이 란타로
몰랐어,구미리,,,,,2sp,보컬로이드,,,,,,,,s29umm,https://dongne.co/event/df2604/circles/607098,제33회 디. 페스타 (토요일),Day1,보컬로이드
못또 유희 ,카드긁개,,,,,2sp,유희왕,,야미진 쁘띠존 < 강한 마음 x 다정한 마음 >,,어둠의 유우기X무토 유우기,로맨틱,,"만화,일러스트",,https://dongne.co/event/df2604/circles/595884,제33회 디. 페스타 (토요일),Day1,유희왕
몽글몽글,노갈,,,,,2sp,닌타마 란타로,,"닌타마 쁘띠존 : 인술학원 혜성제 ""입학시험의 단!""",,야마다 리키치X도이 한스케,,,"만화,일러스트",gak_0,https://dongne.co/event/df2604/circles/600325,제33회 디. 페스타 (토요일),Day1,닌타마란타로
몽솜 잡화점,몽솜,,,,,1sp,,,,,,,,,mongle_softly,https://dongne.co/event/df2604/circles/594948,제33회 디. 페스타 (토요일),Day1,
무기농 주스,선우,,,,,1sp,진격의 거인,"백미터, 지운대",,,,,,,,https://dongne.co/event/df2604/circles/598341,제33회 디. 페스타 (토요일),Day1,진격의 거인
무로마치 13번,괄호,,,,,2sp,원신,닌타마 란타로,,,,,,,toi_ttoi,https://dongne.co/event/df2604/circles/615421,제33회 디. 페스타 (토요일),Day1,원신
무로마치 교권 하락의 현장,안경,,,,,2sp,"닌타마, 닌자보이 란타로",,"닌타마 쁘띠존 : 인술학원 혜성제 ""입학시험의 단!""","야마다 리키치, 도이 한스케, 케마 토메사부로, 젠포우지 이사쿠",야마다 리키치X도이 한스케,로맨틱,케마 토메사부로x젠포우지 이사쿠,만화,"igyeong81, weqwee13",https://dongne.co/event/df2604/circles/602809,제33회 디. 페스타 (토요일),Day1,"닌타마, 닌자보이 란타로"
무로마치닌자알페스,딜리트,,,,,1sp,닌타마 란타로,,"닌타마 쁘띠존 : 인술학원 혜성제 ""입학시험의 단!""","케마 토메사부로, 젠포우지 이사쿠",케마 토메사부로X젠포우지 이사쿠,로맨틱,,소설,delli_ark,https://dongne.co/event/df2604/circles/596444,제33회 디. 페스타 (토요일),Day1,닌타마 란타로
무리한 덕질,무리,,,,,2sp,데뷔 못 하면 죽는 병 걸림,,,신재현,신재현X류건우,"로맨틱,섹슈얼",,소설,m_u_l_i_y_a,https://dongne.co/event/df2604/circles/598487,제33회 디. 페스타 (토요일),Day1,데뷔 못하면 죽는 병 걸림
무스메vs머스마2,눌,,,,,1sp,앙스타,,,나즈나 시리우스,,,,만화,,https://dongne.co/event/df2604/circles/603094,제33회 디. 페스타 (토요일),Day1,앙스타
무언가 하는 부스 / 괴담회식 나눔,김머리,,,,,2sp,,,,,,,,,,https://dongne.co/event/df2604/circles/608433,제33회 디. 페스타 (토요일),Day1,
무언가의 반죽 상태,금식,,,,,1sp,아이실드21,술탄의게임,,,가오우X마르코,해당없음,,만화,go_d_eater,https://dongne.co/event/df2604/circles/610957,제33회 디. 페스타 (토요일),Day1,아이실드21
무엇이 나올까요? ,투투,,,,,1sp,울트라맨,트랜스포머,,"제로, 지드, ",,,사웨로디,만화,,https://dongne.co/event/df2604/circles/599022,제33회 디. 페스타 (토요일),Day1,울트라맨
무해무해,무해무해,,,,,1sp,스킵과 로퍼,"아따맘마, 테일즈런너",,이와쿠라 미츠미,,,,일러스트,muhae_muhae,https://dongne.co/event/df2604/circles/608898,제33회 디. 페스타 (토요일),Day1,스킵과 로퍼
무화과겉핥기,주차장,,,,,2sp,,,,,,,,,figtaster,https://dongne.co/event/df2604/circles/605961,제33회 디. 페스타 (토요일),Day1,
문화가 달라~,만복이네똥집,,,,,1sp,히스토리에,,,,,,,"만화,일러스트",mbdr_bin,https://dongne.co/event/df2604/circles/607889,제33회 디. 페스타 (토요일),Day1,히스토리에
물레네 이글루(표목이가 살고있어요),"물레, 표목",,,,,2sp,괴수8호,너희들은 변호됐다,,,나루미 겐X호시나 소우시로,"로맨틱,섹슈얼",강민재X차주한,"소설,공예",molegudock,https://dongne.co/event/df2604/circles/615725,제33회 디. 페스타 (토요일),Day1,괴수8호
물에 잠겨도 입이 강정,도도,,,,,1sp,너희들은 변호됐다 ,괴담출근,,,,,,,,https://dongne.co/event/df2604/circles/600766,제33회 디. 페스타 (토요일),Day1,너희들은 변호됐다 
뭐가 나올지 모르겠어요,윙치킨,,,,,1sp,,,,,,,,,,https://dongne.co/event/df2604/circles/613171,제33회 디. 페스타 (토요일),Day1,
뭐가 나올지 아무도 모르는 부스,@17171771_U,,,,,1sp,지운대,"프야생, 다이에이",,,,,,,17171771_u,https://dongne.co/event/df2604/circles/611109,제33회 디. 페스타 (토요일),Day1,지운대
뭐라도 내겠다는 마음,시니그린,,,,,1sp,모브사이코100,,,,카게야마시게오X레이겐아라타카,,,만화,sinigrin_sosite,https://dongne.co/event/df2604/circles/601579,제33회 디. 페스타 (토요일),Day1,모브사이코100
뭐라도나오는부스,소금물,,,,,2sp,,,,,,,,,,https://dongne.co/event/df2604/circles/616224,제33회 디. 페스타 (토요일),Day1,
뭐라도팔아보겠습니다,포,,,,,2sp,가라오케 가자!,패밀리 레스토랑 가자,,,,,,"공예,기타,만화",popotoploader,https://dongne.co/event/df2604/circles/613948,제33회 디. 페스타 (토요일),Day1,가라오케 가자
미(소녀 파괴대제) 연(명) 시(뮬레이션),삐그덕,,,,,1sp,트랜스포머,,트랜스포머 쁘띠존,메가트론,옵티머스 프라임X메가트론,해당없음,"스스메가, 탄메가, 디셉메가","소설,공예",trsfm_ysg,https://dongne.co/event/df2604/circles/597141,제33회 디. 페스타 (토요일),Day1,트랜스포머
미꾸먀꾸,먁,,,,,2sp,히카루가 죽은 여름,플레이브,,,,해당없음,,만화,mikkumyakku,https://dongne.co/event/df2604/circles/602207,제33회 디. 페스타 (토요일),Day1,히카루가 죽은 여름
미나냥과 상애,미나냥,,,,,2sp,,,,,,,,기타,mnn_neko,https://dongne.co/event/df2604/circles/611366,제33회 디. 페스타 (토요일),Day1,
미니미 아이들,sham,,,,,1sp,괴담에 떨어져도 출근을 해야 하는구나,"전독시, 내스급",,"김솔음,  이자헌, 유중혁, 김독자",,,,,jk_sham,https://dongne.co/event/df2604/circles/600882,제33회 디. 페스타 (토요일),Day1,괴담출근
미봇환풍구보호협회,eme,,,,,1sp,트랜스포머 ,,트랜스포머 쁘띠존,하이가드,,,,소설,,https://dongne.co/event/df2604/circles/596493,제33회 디. 페스타 (토요일),Day1,트랜스포머 
미소녀가 좋아,미츠바,,,,,1sp,캐릭캐릭체인지,슈가슈가룬 디지캐럿,,,,,,"만화,일러스트,영상",mcb_0303,https://dongne.co/event/df2604/circles/610230,제33회 디. 페스타 (토요일),Day1,캐릭캐릭체인지
미소년중독,딱콩,,,,,1sp,테일즈런너,,,,,,,,hororob_,https://dongne.co/event/df2604/circles/610981,제33회 디. 페스타 (토요일),Day1,테일즈런너
미스터리쉘터 체리블랑,zilly,,,,,2sp,미스터리 쉘터 체리블랑,,,,,,,"일러스트,기타",willsstudio_,https://dongne.co/event/df2604/circles/610898,제33회 디. 페스타 (토요일),Day1,미스터리 쉘터 체리블랑
민남민,민남민,,,,,1sp,,,,,,,,,,https://dongne.co/event/df2604/circles/602879,제33회 디. 페스타 (토요일),Day1,
밀키트,hi1zzZ,,,,,2sp,괴담에 떨어져도 출근을 해야 하는구나,"은혼, 데못죽",,,,,,,hi1zzz,https://dongne.co/event/df2604/circles/600779,제33회 디. 페스타 (토요일),Day1,괴담출근
밍밍,삼밍,,,,,1sp,플레이브 헌터헌터,팬텀버스터즈 히로아카,,플레이브,,,,,_catcollecter,https://dongne.co/event/df2604/circles/613102,제33회 디. 페스타 (토요일),Day1,플레이브 헌터헌터
바리공방,yuri1501,,,,,1sp,,,,,,,,,varibari_,https://dongne.co/event/df2604/circles/612443,제33회 디. 페스타 (토요일),Day1,
바키로데이이제,뭉탱,,,,,2sp,프리파라,,,"신야, 우시미츠, 마리오, 아마리",마리오X아마리,,신야우시,"만화,일러스트",hiyung_2,https://dongne.co/event/df2604/circles/600418,제33회 디. 페스타 (토요일),Day1,프리파라
박기사&기박사,김유성,,,,,2sp,가비지타임,"윈드브레이커, 아이카츠",,기상호,,로맨틱,스오니레,"만화,기타",ilagseu195901,https://dongne.co/event/df2604/circles/610372,제33회 디. 페스타 (토요일),Day1,가비지타임
박실,몰랑,,,,,1sp,데뷔 못 하면 죽는 병 걸림,,,박문대,,,,,5ovog,https://dongne.co/event/df2604/circles/600635,제33회 디. 페스타 (토요일),Day1,데뷔 못하면 죽는 병 걸림
반장미아괴짜연맹,뽀르,,,,,1sp,닌자보이 란타로,,"닌타마 쁘띠존 : 인술학원 혜성제 ""입학시험의 단!""","아야베키하치로,타이라노타키야샤마루,토마츠사쿠베,칸자키사몬,츠기야산노스케,쿠로키쇼자에몽,이마후쿠히코시로",타이라노 타키야샤마루X아야베 키하치로,로맨틱,"사쿠미아, 쇼히코","만화,소설,사진,기타",seulilu193680,https://dongne.co/event/df2604/circles/612099,제33회 디. 페스타 (토요일),Day1,닌자보이 란타로
발키리 잡화점,요루네코,,,,,2sp,앙상블 스타즈!! ,,,카게히라 미카 × 이츠키 슈,미카X슈,로맨틱,"레이코가, 히요쥰","만화,공예,일러스트",nurungji_v,https://dongne.co/event/df2604/circles/597463,제33회 디. 페스타 (토요일),Day1,앙상블 스타즈!! 
발키리도 모르는것들이 예술을 아냐,나우,,,,,1sp,앙상블스타즈,,,,슈X미카,해당없음,,"일러스트,만화",nowcksr,https://dongne.co/event/df2604/circles/601827,제33회 디. 페스타 (토요일),Day1,앙상블스타즈
밤과밤,밤밤,,,,,2sp,빛과 밤의 사랑,괴담출근,빛과 밤의 사랑 쁘띠존 「휘명시디자이너연합회」,차이수,,,,"만화,일러스트",bambam_chao,https://dongne.co/event/df2604/circles/613464,제33회 디. 페스타 (토요일),Day1,빛과밤의사랑
밤식빵집,밤식,,,,,4sp,괴담에 떨어져도 출근을 해야 하는구나,데못죽 사카모토데이즈,,,,,,,bambread_,https://dongne.co/event/df2604/circles/598393,제33회 디. 페스타 (토요일),Day1,괴담출근
밥 한번 먹고 가,고롤,,,,,2sp,"던전밥,괴담출근,우마무스메,할로우나이트,블루아카이브,코난",뜨개,,"던전밥캐릭터,코난 나가노조, 괴담출근캐릭터",,,,"공예,기타",,https://dongne.co/event/df2604/circles/609488,제33회 디. 페스타 (토요일),Day1,"던전밥,괴담출근,우마무스메,할로우나이트,블루아카이브,코난"
밥심으로 운영중,tjsdn653,,,,,2sp,"페이트,괴담출근",,,,,로맨틱,리처아야,,,https://dongne.co/event/df2604/circles/610025,제33회 디. 페스타 (토요일),Day1,"페이트,괴담출근"
밥팅이들,퇴사기원B,,,,,1sp,괴담출근,"이세계 착각 헌터, 명탐정 코난",,,,,,일러스트,bpcho_gd,https://dongne.co/event/df2604/circles/603645,제33회 디. 페스타 (토요일),Day1,괴담 출근
배놀,리다,,,,,1sp,원피스,미정,,밀짚모자 해적단 외 해적 등등,트라팔가 로우X코라손,로맨틱,,만화,lukkikki,https://dongne.co/event/df2604/circles/600381,제33회 디. 페스타 (토요일),Day1,원피스
백사헌 vs 브라운 vs 강창호 누가 더 성가신가,wayter,,,,,2sp,괴담에 떨어져도 출근을 해야 하는구나,"이착헌, 오리지널(1차창작)",,,,,,"조형,일러스트,만화,소설",wayter_0918,https://dongne.co/event/df2604/circles/611964,제33회 디. 페스타 (토요일),Day1,괴담출근
백일몽 주식회사 춘계 워크샵,9999,,,,,2sp,괴담에 떨어져도 출근을 해야 하는구나,괴담출근,,,,,,,,https://dongne.co/event/df2604/circles/602166,제33회 디. 페스타 (토요일),Day1,괴담에 떨어져도 출근을 해야 하는구나
백흑의 자존심,"토토, 달걀",,,,,2sp,블루록,,나기이사 쁘띠존,"나기 세이시로, 이사기 요이치",나기 세이시로X이사기 요이치,로맨틱,,,"t0to0517, egg_blue__",https://dongne.co/event/df2604/circles/600027,제33회 디. 페스타 (토요일),Day1,블루록
범세계적 용기 동맹,이끼따이,,,,,2sp,지. -지구의 운동에 대하여-,닌타마,,,X,로맨틱,,"만화,소설,일러스트",ikkittai,https://dongne.co/event/df2604/circles/615388,제33회 디. 페스타 (토요일),Day1,지. -지구의 운동에 대하여-
베베또너,"아기,또너",,,,,2sp,니지산지,"우마무스메, 단간론파",,,,,,일러스트,"l3eel3eel3ee, popo2odod",https://dongne.co/event/df2604/circles/596449,제33회 디. 페스타 (토요일),Day1,니지산지
벨로이루,beloiro,,,,,2sp, 멸종위기동물 아트토이,,,멸종위기동물들,,,,"공예,조형",beloiro_bjd,https://dongne.co/event/df2604/circles/599117,제33회 디. 페스타 (토요일),Day1, 멸종위기동물 아트토이
벼락치기 닌자,무로마치 카우보이,,,,,1sp,닌타마,,"닌타마 쁘띠존 : 인술학원 혜성제 ""입학시험의 단!""",,,,,,,https://dongne.co/event/df2604/circles/598597,제33회 디. 페스타 (토요일),Day1,닌타마
변신 그리고 발간이다!,치떡,,,,,2sp,트랜스포머,,트랜스포머 쁘띠존,"오라이온 팩스, 디-16, 옵티머스 프라임, 메가트론, 범블비 등",메가트론X옵티머스 프라임,로맨틱,,만화,toothpaste_qwq,https://dongne.co/event/df2604/circles/597143,제33회 디. 페스타 (토요일),Day1,트랜스포머
별조각 바다,소람,,,,,1sp,괴담에 떨어져도 출근을 해야 하는구나,,,"김솔음, 최요원",최요원X김솔음,로맨틱,,소설,st2llarium,https://dongne.co/event/df2604/circles/611653,제33회 디. 페스타 (토요일),Day1,괴담출근
볕이 드는 언덕길,쿠렌,,,,,2sp,가치아쿠타,"괴담출근, 은혼, 고전만화, 윈브레",,,,,,,,https://dongne.co/event/df2604/circles/596956,제33회 디. 페스타 (토요일),Day1,가치아쿠타
보송보송소미네,소미,,,,,2sp,괴담에 떨어져도 출근을 해야 하는구나,"창작, 헌터헌터 디지캐럿 등 고전만화",,,,,,,uncannysom,https://dongne.co/event/df2604/circles/600879,제33회 디. 페스타 (토요일),Day1,괴담에 떨어져도 출근을 해야 하는구나
복숭아농원,선도,,,,,1sp,진혼기,화산귀환,,"자하, 설영",자하X설영,로맨틱,,"만화,일러스트,소설",seondo1309,https://dongne.co/event/df2604/circles/595249,제33회 디. 페스타 (토요일),Day1,진혼기
복실,몰랑,,,,,1sp,데뷔 못 하면 죄는 병 걸림,,,,,,,일러스트,5ovog,https://dongne.co/event/df2604/circles/600888,제33회 디. 페스타 (토요일),Day1,데못죽
복작복작,moraegorae,,,,,2sp,명탐정 코난,"나루토, 혈계전선",,"타카기, 사토, 나가노조",타카기X사토,,"나카노조, 칸유, 카카이루","소설,공예",,https://dongne.co/event/df2604/circles/596490,제33회 디. 페스타 (토요일),Day1,명탐정 코난
복합문화공간,33,,,,,2sp,오오에 (大穢),중장르,,,,,,,_3o03_,https://dongne.co/event/df2604/circles/614246,제33회 디. 페스타 (토요일),Day1,오오에
봄봄 스튜디오,아사,,,,,2sp,괴담에 떨어져도 출근을 해야 하는구나,에이스테,,,,,,,,https://dongne.co/event/df2604/circles/600630,제33회 디. 페스타 (토요일),Day1,괴담출근
봉크스포머-몰댄힛디아이,ㅇㅋ,,,,,1sp,트랜스포머,,트랜스포머 쁘띠존,"메가트론, 옵티머스, 그 외 트랜스포머 캐릭터",메가트론X옵티머스,"로맨틱,섹슈얼",아스블리아스,"만화,소설,기타",ok_bun_123,https://dongne.co/event/df2604/circles/597227,제33회 디. 페스타 (토요일),Day1,트랜스포머
부대찌개,ㅅㅋㅇ,,,,,2sp,가비지타임,"슬램덩크, 파과",,진재유,성준수X진재유,로맨틱,"이규종수, 투우조각, 대협태웅",,,https://dongne.co/event/df2604/circles/612033,제33회 디. 페스타 (토요일),Day1,가비지타임
부부메크메옵메하는인간부부부스,스텡,,,,,2sp,트랜스포머,,트랜스포머 쁘띠존,"옵티머스 프라임, 메가트론",메가트론X옵티머스 프라임,"로맨틱,섹슈얼"," 옵티메가, 옵리타(옵엘), 메옵리타(메옵엘), 디오라, 오라디","만화,일러스트,소설",musical_sims,https://dongne.co/event/df2604/circles/595598,제33회 디. 페스타 (토요일),Day1,트랜스포머
부스 조금 고민중,뭐하지,,,,,1sp,,,,,,,,,,https://dongne.co/event/df2604/circles/598691,제33회 디. 페스타 (토요일),Day1,
부스럭,삥찌,,,,,2sp,데뷔 못 하면 죄는 병 걸림,어바등 괴담출근,,,,,,일러스트,bbing_zzi,https://dongne.co/event/df2604/circles/603103,제33회 디. 페스타 (토요일),Day1,데못죽
부스를내자,혜키,,,,,2sp,킹 오브 프리즘,"제5인격, 엘소드, 솜인형",,,,해당없음,,"일러스트,만화",mugengyahung,https://dongne.co/event/df2604/circles/613604,제33회 디. 페스타 (토요일),Day1,킹오브프리즘
부스부스,닷,,,,,1sp,어두운 바다의 등불이 되어,,,,,,,,,https://dongne.co/event/df2604/circles/599880,제33회 디. 페스타 (토요일),Day1,어두운 바다의 등불이 되어
부스잡고고민,뚜루,,,,,1sp,블루록,악입문,,이사기,,로맨틱,,,,https://dongne.co/event/df2604/circles/599223,제33회 디. 페스타 (토요일),Day1,블루록
부스잡아오는도롱이,샴개,,,,,2sp,,,,,,,,,,https://dongne.co/event/df2604/circles/595091,제33회 디. 페스타 (토요일),Day1,
분노! 우울··· 배신감!!,패트와매트,,,,,1sp,괴담에 떨어져도 출근을 해야 하는구나,"괴담출근, 은혼, 데못죽, 디지캐럿",,,,,,"일러스트,기타",gigigoeg,https://dongne.co/event/df2604/circles/595489,제33회 디. 페스타 (토요일),Day1,괴담출근
불가사리는 둘이서 하나!,이로,,,,,1sp,유희왕 듀얼몬스터즈,유희왕 토에이,야미진 쁘띠존 < 강한 마음 x 다정한 마음 >,"어둠의 유희(야미 유우기), 유희(무토 유우기) ",어둠의 유희X유희,로맨틱,"야미진(에서 파생된 마왕진, 아템진)","소설,기타",zadualida,https://dongne.co/event/df2604/circles/601041,제33회 디. 페스타 (토요일),Day1,유희왕 듀얼몬스터즈
비둘기야먹자,성북동비둘기,,,,,1sp,마블,닌자고,,"샘 윌슨, 버키 반즈, 제이 워커, 니야 스미스",버키 반즈X샘 윌슨,로맨틱,제이니야,"만화,일러스트",,https://dongne.co/event/df2604/circles/616382,제33회 디. 페스타 (토요일),Day1,마블
비밀작가단,소보로,,,,,2sp,"1차 창작 HL, BL, GL 소설 / 개인창작 귀여운 캐릭터들",오리지널 창작 캐릭터와 창작 소설,,"모몽이, 호냥이, 오리지널 소설 인물들",,,,"일러스트,소설,공예",hohomomong,https://dongne.co/event/df2604/circles/596756,제33회 디. 페스타 (토요일),Day1,"1차 창작 HL, BL, GL 소설 / 개인창작 귀여운 캐릭터들"
비밀창고,NIK,,,,,2sp,,,,,,,,,,https://dongne.co/event/df2604/circles/610888,제33회 디. 페스타 (토요일),Day1,
비빔밥탕평채,빠나난나,,,,,2sp,닌타마,,"닌타마 쁘띠존 : 인술학원 혜성제 ""입학시험의 단!""",도이,리키치X도이,로맨틱,,"만화,일러스트",thefananan,https://dongne.co/event/df2604/circles/615196,제33회 디. 페스타 (토요일),Day1,닌타마
비오는날 전기공사,JYJ,,,,,2sp,명일방주 엔드필드 ,"파이널판타지14 / 나소흑전기 / 괴담출근, 화산귀환 및 기타 웹소설. 중국 BL",,"소흑,무한",화성X사련,로맨틱,"도위소병, 화성사련, FF14 NPC드림",일러스트,,https://dongne.co/event/df2604/circles/600253,제33회 디. 페스타 (토요일),Day1,명일방주 엔드필드 
비인도적 동력원,"ZAO,새우맛살",,,,,2sp,,,,,,,,일러스트,,https://dongne.co/event/df2604/circles/598148,제33회 디. 페스타 (토요일),Day1,
비행기와 춤을,아륜,,,,,1sp,트랜스포머,울트라맨,,스타스크림,스카이파이어X스타스크림,로맨틱,"재즈프라, 사웨로드, 레오 세븐",소설,directionfinde,https://dongne.co/event/df2604/circles/595114,제33회 디. 페스타 (토요일),Day1,트랜스포머
빛과밤을넘어서너에게로안갈거야???,"명몽, 마뱀이",,,,,1sp,빛과 밤의 사랑,,빛과 밤의 사랑 쁘띠존 「휘명시디자이너연합회」,,,,,,"myeong_0u0, mabame_s2",https://dongne.co/event/df2604/circles/598434,제33회 디. 페스타 (토요일),Day1,빛과 밤의 사랑
뽀르르,뽀레,,,,,2sp,"프리파라, 베리베리 뮤우뮤우","마법소녀 마도카 마기카, 우마무스메, 강철의 연금술사, 이나즈마일레븐",,,,,,,tawac3po,https://dongne.co/event/df2604/circles/609599,제33회 디. 페스타 (토요일),Day1,"프리파라, 베리베리 뮤우뮤우"
뿡,혁,,,,,1sp,,,,,,,,소설,,https://dongne.co/event/df2604/circles/598556,제33회 디. 페스타 (토요일),Day1,
쁘띠뽀짝,뽀짝쿵야,,,,,2sp,괴담출근 케데헌 데못죽 오란고교 달빛천사,이착헌 원피스 슬램덩크 하이큐 플레이브 전독시 내스급 코난 캐캐체 헌터헌터,,,,,,,bbojjakkyu,https://dongne.co/event/df2604/circles/598654,제33회 디. 페스타 (토요일),Day1,괴담출근 케데헌 데못죽 오란고교 달빛천사
사내연애괴담,ast,,,,,1sp,괴담에 떨어져도 출근을 해야 하는구나(괴담출근/괴출),,,"김솔음, 호유원, 브라운",김솔음X호유원,해당없음,,소설,,https://dongne.co/event/df2604/circles/617269,제33회 디. 페스타 (토요일),Day1,괴담에 떨어져도 출근을 해야 하는구나(괴담출근/괴출)
사람이 괴담에 갇혔어요,별하나,,,,,1sp,괴담에 떨어져도 출근을 해야 하는구나,,,J3,,,,,byul_hana1,https://dongne.co/event/df2604/circles/615411,제33회 디. 페스타 (토요일),Day1,괴담에 떨어져도 출근을 해야 하는구나
사랑과전쟁,밀렵꾼,,,,,1sp,명탐정 코난,러브앤 딥스페이스,,,,,,"일러스트,소설",,https://dongne.co/event/df2604/circles/608219,제33회 디. 페스타 (토요일),Day1,명탐정 코난
사랑의 만신창이,만신창이,,,,,1sp,메달리스트,,,"아케우라지 츠카사, 요다카 쥰",아케우라지 츠카사X요다카 쥰,"섹슈얼,로맨틱",,"소설,만화",manshinchang_2,https://dongne.co/event/df2604/circles/597485,제33회 디. 페스타 (토요일),Day1,메달리스트
사랑의 패자부활전,새인생,,,,,1sp,가비지타임,,,"성준수, 기상호",성준수X기상호,로맨틱,,소설,blue_310631,https://dongne.co/event/df2604/circles/598684,제33회 디. 페스타 (토요일),Day1,가비지타임
사무라이와 출근합니다,야마,,,,,2sp,괴담에 떨어져도 출근을 해야 하는구나,"페이트, 사무라이 렘넌트",,"김솔음, 아르토리아 캐스터, 야마토 타케루, 미야모토 이오리, 오가사와라 카야, 정성공, 주유",,,,"일러스트,만화,기타",yamabuki_otk,https://dongne.co/event/df2604/circles/611767,제33회 디. 페스타 (토요일),Day1,괴담에 떨어져도 출근을 해야 하는구나
사실 나도 인술학원에 가본 적이 없어,두부많이먹음이,,,,,1sp,닌자보이 란타로,,"닌타마 쁘띠존 : 인술학원 혜성제 ""입학시험의 단!""","닌자보이 란타로 인술학원 학생 전원, 교사진 +(선택/야마다 리키치, 타소가레도키 닌자대 잣토 콘나몬, 모로이즈미 손나몽, 코우사카 진나이자에몬, 오시츠 오사레츠) ",,,,"만화,기타,일러스트",imeog_i55009,https://dongne.co/event/df2604/circles/615204,제33회 디. 페스타 (토요일),Day1,닌자보이 란타로
사육이,사사육,,,,,1sp,괴담에 떨어져도 출근을 해야 하는구나,러브앤딥스페이스,,"김솔음, 브라운",,,,,446_desune,https://dongne.co/event/df2604/circles/598637,제33회 디. 페스타 (토요일),Day1,괴담에 떨어져도 출근을 해야 하는구나
사이쿄대 문예부,사라사,,,,,4sp,아이실드21,,,히루마 요이치,,"로맨틱,섹슈얼","무사히루, 모브히루",만화,salasa075,https://dongne.co/event/df2604/circles/598561,제33회 디. 페스타 (토요일),Day1,아이실드21
사쿠라토시노미야네,모미,,,,,1sp,코우노도리,,,"코우노토리 사쿠라, 시노미야 하루키",코우노토리 사쿠라X시노미야 하루키,,,기타,momii_00,https://dongne.co/event/df2604/circles/616965,제33회 디. 페스타 (토요일),Day1,코우노도리
사탕바구니,캔디,,,,,2sp,쿠로코의 농구,,,마유즈미 치히로,,"로맨틱,섹슈얼",모브레이,"소설,일러스트",,https://dongne.co/event/df2604/circles/602154,제33회 디. 페스타 (토요일),Day1,쿠로코의 농구
사파리월드,덕팔,,,,,1sp,붕괴 스타레일,괴담출근,,,,,,"만화,일러스트",481verse,https://dongne.co/event/df2604/circles/612298,제33회 디. 페스타 (토요일),Day1,붕괴:스타레일
사회자님 저예요 저,Cent,,,,,1sp,괴담에 떨어져도 출근을 해야 하는구나,,,,,,,,cent_mz,https://dongne.co/event/df2604/circles/615751,제33회 디. 페스타 (토요일),Day1,괴담출근
산부인과 vs 정신과,.,,,,,2sp,앙상블스타즈,"블루록, 귀멸의 칼날",,"카나타, 치아키, 이사기, 카이저, 도우마",신카이 카나타X모리사와 치아키,로맨틱,이사기 요이치x미하엘 카이저,"만화,일러스트,소설",vimnse,https://dongne.co/event/df2604/circles/602368,제33회 디. 페스타 (토요일),Day1,앙상블스타즈
삼각형은 가장 완벽한 도형이고 이는 삼간부가 증명한다 ,엘드,,,,,2sp,트랜스포머,,트랜스포머 쁘띠존,"스타스크림, 사운드웨이브, 쇼크웨이브",,로맨틱,,"소설,일러스트,만화",eldtree,https://dongne.co/event/df2604/circles/596023,제33회 디. 페스타 (토요일),Day1,트랜스포머
상상가게2호점,무라이,,,,,2sp,,,,,,,,,,https://dongne.co/event/df2604/circles/600651,제33회 디. 페스타 (토요일),Day1,
상자,Lidaniel,,,,,1sp,니지산지 EN,Unnämed,,,,,,공예,wtsrwm_lide,https://dongne.co/event/df2604/circles/600792,제33회 디. 페스타 (토요일),Day1,니지산지EN
상태:미소녀중독,멜트,,,,,1sp,캐캐체,오란고교 흑집사 꿈빛파티시엘 캐캐체 쵸비츠 디지캐럿,,,,,,,lovemeltclub,https://dongne.co/event/df2604/circles/614642,제33회 디. 페스타 (토요일),Day1,캐캐체
새몽제과, 이새,,,,,2sp,괴담에 떨어져도 출근을 해야 하는구나,1차창작,,,,,,일러스트,isaekki_,https://dongne.co/event/df2604/circles/595761,제33회 디. 페스타 (토요일),Day1,괴담에 떨어져도 출근을 해야하는구나
새문서,에머디,,,,,2sp,명일방주,,,,,,,"일러스트,만화",,https://dongne.co/event/df2604/circles/611588,제33회 디. 페스타 (토요일),Day1,명일방주
새우튀김빵,괭지,,,,,2sp,"괴담출근, 마차살",은혼,,레오루카,,,,,,https://dongne.co/event/df2604/circles/603385,제33회 디. 페스타 (토요일),Day1,"괴담출근, 마차살"
서방과 아내의 사랑을 응원합니다,김몽당,,,,,1sp,유희왕,fkmt,야미진 쁘띠존 < 강한 마음 x 다정한 마음 >,"어둠의 유우기, 무토 유우기",,"로맨틱,섹슈얼",아카카이,만화,pencilnoking,https://dongne.co/event/df2604/circles/607491,제33회 디. 페스타 (토요일),Day1,유희왕
설산에 갇혔어요,머피,,,,,1sp,명탐정 코난,,나가노조 쁘띠존,"타카아키,칸스케,유이,히로미츠",,,,"만화,일러스트",muff1n_n,https://dongne.co/event/df2604/circles/608287,제33회 디. 페스타 (토요일),Day1,명탐정코난
설산에 떨어져도 범인은 잡아야 하는구나,"찹쌀밥, 나조, 공명정대",,,,,2sp,명탐정 코난,,,"모로후시 타카아키, 야마토 칸스케, 우에하라 유이, 모로후시 히로미츠",,,,"일러스트,만화,소설","chab_rice, naj0_dcof, takakm486",https://dongne.co/event/df2604/circles/596220,제33회 디. 페스타 (토요일),Day1,명탐정 코난
세기말 오타쿠,로푸닝,,,,,2sp,,,,,,,,,,https://dongne.co/event/df2604/circles/600989,제33회 디. 페스타 (토요일),Day1,
세레파라,찰싹찰싹,,,,,1sp,"100미터., 프리파라","어바등, 아이카츠(아이엠스타)",,히비키,히비키X파루루,해당없음,카이자이,만화,nyuruhuhuhu0,https://dongne.co/event/df2604/circles/598753,제33회 디. 페스타 (토요일),Day1,"100미터., 프리파라"
세카이에서 사랑을 노래하다,향,,,,,1sp,프로젝트 세카이,명일방주,,"카가미네 렌, KAITO",카가미네 렌X카이토,로맨틱,"루이츠카, 토우아키",,hyang_prsk,https://dongne.co/event/df2604/circles/606244,제33회 디. 페스타 (토요일),Day1,프로젝트 세카이
센티넬이 먼저 제타가 되고 싶다고 했다,트럭기사,,,,,1sp,트랜스포머 ONE,,트랜스포머 쁘띠존,"제타 프라임, 센티넬 프라임",제타 프라임X센티넬 프라임,"로맨틱,섹슈얼",스카이파이어×스타스크림,"만화,일러스트",heistruck,https://dongne.co/event/df2604/circles/596460,제33회 디. 페스타 (토요일),Day1,트랜스포머 ONE
소꿉친구가 서로 사랑하는걸 뭐라고해? ㄴ 소꿉친구는 원래 사랑하는 사이야...,김잡덕,,,,,1sp,나의 히어로 아카데미아,,,"바쿠고 카츠키, 미도리야 이즈쿠",바쿠고 카츠키X미도리야 이즈쿠,로맨틱,,"만화,공예",im_zapduk,https://dongne.co/event/df2604/circles/607018,제33회 디. 페스타 (토요일),Day1,나의 히어로 아카데미아
소꿉친구라 하지 마라 소꿉놀이도 안했으니까,카푸치노,,,,,2sp,나의 히어로 아카데미아,,,,바쿠고 카츠키X미도리야 이즈쿠,"로맨틱,섹슈얼",,,cpcn_fable,https://dongne.co/event/df2604/circles/607153,제33회 디. 페스타 (토요일),Day1,나의 히어로 아카데미아
소다없는소다네부스,isoh0215,,,,,1sp,명탐정 코난,데뷔못하면죽는병걸림,,,,,,,sod4nanong,https://dongne.co/event/df2604/circles/612042,제33회 디. 페스타 (토요일),Day1,명탐정코난
소록,소록,,,,,1sp,,,,,,,,,sorok_atelier,https://dongne.co/event/df2604/circles/596637,제33회 디. 페스타 (토요일),Day1,
소설먹음이,십리,,,,,2sp,"괴담에빠져도출근하는구나, 전지적독자시점 ","너희들은 변호됐다, 상업 BL 소설",,,유중혁X김독자,,,,,https://dongne.co/event/df2604/circles/601211,제33회 디. 페스타 (토요일),Day1,"괴담에빠져도출근하는구나, 전지적독자시점 "
소소한 메이릴리,파린,,,,,4sp,수공예와 솜인형,,,,,,,공예,"sosohan611004, ma_li_garden",https://dongne.co/event/df2604/circles/601789,제33회 디. 페스타 (토요일),Day1,수공예와 솜인형
소요당,소요,,,,,2sp,,,,,,,,"일러스트,공예",soyodang_works,https://dongne.co/event/df2604/circles/602327,제33회 디. 페스타 (토요일),Day1,
소파라는 감,단지,,,,,2sp,트라이건,,,,니콜라스 D. 울프우드X밧슈 더 스탬피드,"로맨틱,섹슈얼",,,,https://dongne.co/event/df2604/circles/608441,제33회 디. 페스타 (토요일),Day1,트라이건
손목 핏줄 탐방기,SUNDANCE,,,,,2sp,,,,,,,,,,https://dongne.co/event/df2604/circles/596032,제33회 디. 페스타 (토요일),Day1,
손부림,라야,,,,,2sp,태팅레이스(공예),,,,,,,공예,sonbulim,https://dongne.co/event/df2604/circles/596886,제33회 디. 페스타 (토요일),Day1,태팅레이스(공예)
솔음이랑 같이 떠나요,해아,,,,,1sp,괴담에 떨어져도 출근을 해야 하는구나,,,,,,,,lllbadgelll,https://dongne.co/event/df2604/circles/600809,제33회 디. 페스타 (토요일),Day1,괴담출근
수상하고 귀여운 가판대,보리차호르몽,,,,,2sp,,,,,,,,"만화,일러스트",,https://dongne.co/event/df2604/circles/599752,제33회 디. 페스타 (토요일),Day1,
술탄의게임 ,학대,,,,,2sp,술탄의게임,,,"아르트, 네페르",,로맨틱,,만화,hamdae00,https://dongne.co/event/df2604/circles/613379,제33회 디. 페스타 (토요일),Day1,술탄의게임
쉬마쨩 뭐먹어? 메롱빵.,로론,,,,,2sp,MIU404,,,"이부키 아이, 시마 카즈미",,로맨틱,,"만화,소설",,https://dongne.co/event/df2604/circles/615118,제33회 디. 페스타 (토요일),Day1,MIU404
스모크베리,뵤뵤,,,,,2sp,가라오케 가자!,"패밀리 레스토랑 가자, 여학교의 별, 빠졌어 너에게",,"나리타 쿄지, 오카 사토미",나리타 쿄지X오카 사토미,해당없음,"고바호시,에마하야,메다니카",기타,smoke_berry_,https://dongne.co/event/df2604/circles/596565,제33회 디. 페스타 (토요일),Day1,가라오케 가자!
스위트 오렌지,Dou,,,,,1sp,슬램덩크,,,슬램덩크,,,,,handai05,https://dongne.co/event/df2604/circles/607104,제33회 디. 페스타 (토요일),Day1,슬램덩크
스프링노트,뽐,,,,,1sp, 뽐뽐 스튜디오 ,엔시티 위시,,엔시티위시,,,,기타,ppomppom_m0m,https://dongne.co/event/df2604/circles/599550,제33회 디. 페스타 (토요일),Day1, 뽐뽐 스튜디오 
슬기공방,aluaz03,,,,,1sp,,,,,,,,,,https://dongne.co/event/df2604/circles/612136,제33회 디. 페스타 (토요일),Day1,
슬기로운 부스생활,댐,,,,,2sp,제5인격,단간론파,,,,,,일러스트,,https://dongne.co/event/df2604/circles/607642,제33회 디. 페스타 (토요일),Day1,제5인격
시간마법사의 아틀리에,시간마법사,,,,,2sp,,,,,,,,,,https://dongne.co/event/df2604/circles/608567,제33회 디. 페스타 (토요일),Day1,
시끌벅적 동인지 대소동!,으으,,,,,1sp,닌자보이 란타로,,"닌타마 쁘띠존 : 인술학원 혜성제 ""입학시험의 단!""","후와 라이조,하치야 사부로,야마다 리키치,도이 한스케,아야베 키하치로, 타이라노 타키야샤마루",하치야 사부로X후와 라이조,로맨틱,"야마다 리키치x도이 한스케, 아야베 키하치로x타이라노 타키야샤마루","만화,일러스트",iamao_o_,https://dongne.co/event/df2604/circles/615939,제33회 디. 페스타 (토요일),Day1,닌자보이 란타로
신깡,leoll,,,,,1sp,보이즈플래닛,,,조우안신,,로맨틱,,"일러스트,소설",xingang1225,https://dongne.co/event/df2604/circles/597870,제33회 디. 페스타 (토요일),Day1,보이즈플래닛
신슈소바연구회,깨알,,,,,2sp,명탐정 코난,,,,,,,,,https://dongne.co/event/df2604/circles/601031,제33회 디. 페스타 (토요일),Day1,명탐정코난
싣싣베이커리,에시디,,,,,1sp,,,,,,,,공예,shid2drm,https://dongne.co/event/df2604/circles/612284,제33회 디. 페스타 (토요일),Day1,
심해어 락밴드,수심,,,,,1sp,하이큐,,,츠키시마 케이,,로맨틱,,,deepdownsee_ome,https://dongne.co/event/df2604/circles/608987,제33회 디. 페스타 (토요일),Day1,하이큐
쏘아올린 새우튀김,Lusy,,,,,2sp,"Nu 카니발, 누카니발",,,,,,,,lusy_nu,https://dongne.co/event/df2604/circles/606716,제33회 디. 페스타 (토요일),Day1,"Nu 카니발, 누카니발"
쏭쏭출근,쏭쏭,,,,,2sp,괴담에 떨어져도 출근을 해야 하는구나,,,,,,,,ssongmanga,https://dongne.co/event/df2604/circles/602274,제33회 디. 페스타 (토요일),Day1,괴담출근
쑥떡파인애플갈비탕,쑥떡파인애플갈비탕,,,,,2sp,보컬로이드,가비지타임 닌타마란타로 페르소나4,,테토 미쿠 뱅상 ,테토X미쿠,,,,ggang8282,https://dongne.co/event/df2604/circles/601938,제33회 디. 페스타 (토요일),Day1,보컬로이드
아 가보자고~~~,피터,,,,,2sp,"괴담출근, 언데드 언럭, 퇴마록",,,"김솔음, 최요원",,해당없음,"서백옥x장호법, 김솔음x최요원, 앤디x후코","만화,기타",,https://dongne.co/event/df2604/circles/607005,제33회 디. 페스타 (토요일),Day1,"괴담출근, 언데드 언럭, 퇴마록"
아기쇼방님과 거대누나의 결혼,가야,,,,,2sp,프로메어,젤다/ 유희왕 / 소녀혁명 우테나 / 카이바 ,,"마리크 이슈타르, 어둠의 유우기 ",리오 포티아X갈로 티모스,해당없음,,"만화,일러스트",gaiya1287,https://dongne.co/event/df2604/circles/600370,제33회 디. 페스타 (토요일),Day1,프로메어
아마도 정상영업 하는듯,사환,,,,,2sp,,,,,,,,,4hwan_,https://dongne.co/event/df2604/circles/603051,제33회 디. 페스타 (토요일),Day1,
아멜로,공쥬,,,,,1sp,탑로더 후우링,레진키링,,,,,,,amello_art,https://dongne.co/event/df2604/circles/617624,제33회 디. 페스타 (토요일),Day1,탑로더 후우링
아무거나!,망녕,,,,,2sp,,,,,,,,일러스트,boo_my_00,https://dongne.co/event/df2604/circles/601497,제33회 디. 페스타 (토요일),Day1,
아무래도 기계가 최고인 편,은파,,,,,1sp,트랜스포머,,트랜스포머 쁘띠존,메가트론 & 옵티머스 프라임,,,,"소설,기타",eunpaa__,https://dongne.co/event/df2604/circles/602073,제33회 디. 페스타 (토요일),Day1,트랜스포머
아무생각없음,지옥이,,,,,2sp,괴담에 떨어져도 출근을 해야 하는구나,"이착헌, 변호됨",,주인공 위주,,,,,,https://dongne.co/event/df2604/circles/597054,제33회 디. 페스타 (토요일),Day1,괴출
아웅아웅,사금,,,,,2sp,,,,,,,,,,https://dongne.co/event/df2604/circles/609654,제33회 디. 페스타 (토요일),Day1,
아이스박스,빕어,,,,,1sp,슬램덩크,,,,,,,,,https://dongne.co/event/df2604/circles/601683,제33회 디. 페스타 (토요일),Day1,슬램덩크
아이아콘 동화 명작선,장래희망은가오리,,,,,1sp,트랜스포머,,트랜스포머 쁘띠존,"옵티머스, 범블비, 재즈, 엘리타",,로맨틱,,소설,mydreamismanta,https://dongne.co/event/df2604/circles/598100,제33회 디. 페스타 (토요일),Day1,트랜스포머
아이아콘 서부공영차고지,버스,,,,,2sp,트랜스포머,,트랜스포머 쁘띠존,"메가트론, 옵티머스 프라임, D-16, 오라이온 팩스",메가트론X옵티머스 프라임,"로맨틱,섹슈얼",디오라,만화,gemma_allmighty,https://dongne.co/event/df2604/circles/596544,제33회 디. 페스타 (토요일),Day1,트랜스포머
아직도 여전히 오타쿠입니다,놀란,,,,,1sp,슬램덩크,,,,,,,,_ww_w0w_w_,https://dongne.co/event/df2604/circles/599686,제33회 디. 페스타 (토요일),Day1,슬램덩크
아직몰름,현,,,,,1sp,,,,,,,,,,https://dongne.co/event/df2604/circles/601623,제33회 디. 페스타 (토요일),Day1,
아트박스,RIKI,,,,,1sp,스타레일,,,,,,,,riki_0v0,https://dongne.co/event/df2604/circles/610662,제33회 디. 페스타 (토요일),Day1,스타레일
악당입니다,게사,,,,,2sp,블리치,,,,,,,,dh_ge4,https://dongne.co/event/df2604/circles/598907,제33회 디. 페스타 (토요일),Day1,블리치
안경암모나이트,경계,,,,,2sp,,,,,,,,,gyeonnggye,https://dongne.co/event/df2604/circles/595199,제33회 디. 페스타 (토요일),Day1,
알잖아난말야빛의밖에선살수없어,공,,,,,1sp,리버스 1999,빛과 밤의 사랑,,,,,,,mingo562,https://dongne.co/event/df2604/circles/613137,제33회 디. 페스타 (토요일),Day1,리버스 1999
알파카화방,한결_,,,,,1sp,오리지널,,,,,,,기타,p_675hg,https://dongne.co/event/df2604/circles/609023,제33회 디. 페스타 (토요일),Day1,오리지널
앞날이 깜감한데 이것도 괴담인가요,꽥,,,,,1sp,괴담에 떨어져도 출근을 해야 하는구나,젤다의 전설,,"솔음, 브라운, 이자헌",,,,,kkwaek_duck,https://dongne.co/event/df2604/circles/609574,제33회 디. 페스타 (토요일),Day1,괴담에 떨어져도 출근을 해야 하는구나
애굽문명의 재림,딱지탐구부,,,,,2sp,유희왕,,야미진 쁘띠존 < 강한 마음 x 다정한 마음 >,"어둠의 유우기, 무토 유우기",어둠의 유우기X무토 유우기,,바쿠라 료 x 어둠의 바쿠라 ,"만화,소설",duelgini,https://dongne.co/event/df2604/circles/600284,제33회 디. 페스타 (토요일),Day1,유희왕
애플티하우스,럼블,,,,,1sp,,,,,,,,,,https://dongne.co/event/df2604/circles/613444,제33회 디. 페스타 (토요일),Day1,
야광충,앵,,,,,2sp,히카루의 바둑,,,,,,,,eln9au_pic,https://dongne.co/event/df2604/circles/598353,제33회 디. 페스타 (토요일),Day1,히카루의 바둑
야미진 쁘띠존 < 강한 마음 x 다정한 마음 > 주최부스,야미진 쁘띠존 < 강한 마음 x 다정한 마음 >,,,,,2sp,,,야미진 쁘띠존 < 강한 마음 x 다정한 마음 >,,,,,,,https://dongne.co/event/df2604/circles/652112,제33회 디. 페스타 (토요일),Day1,
야생생명체주의,으뮤,,,,,1sp,플레이브,,,,,,,일러스트,plzmyu,https://dongne.co/event/df2604/circles/599846,제33회 디. 페스타 (토요일),Day1,플레이브
야생의 두두지가 공주를 먹어버렸어!,"닌탸, 누룽지",,,,,2sp,닌자보이 란타로,,"닌타마 쁘띠존 : 인술학원 혜성제 ""입학시험의 단!""","아야베 키하치로, 타이라노 타키야샤마루",아야베 키하치로X타이라노 타키야샤마루,로맨틱,"리코마, 코헤타키","만화,일러스트",tyanin_86,https://dongne.co/event/df2604/circles/601901,제33회 디. 페스타 (토요일),Day1,닌자보이 란타로
얌얌,10,,,,,1sp,,,,,,,,,,https://dongne.co/event/df2604/circles/616274,제33회 디. 페스타 (토요일),Day1,
양갱창고,pong,,,,,2sp,,,,,,,,"만화,일러스트",p0ng90ng,https://dongne.co/event/df2604/circles/605973,제33회 디. 페스타 (토요일),Day1,창작
어 15년전에 봤던거다,새우,,,,,1sp,이나즈마 일레븐,,,,,,,,shirimp_eleven,https://dongne.co/event/df2604/circles/598714,제33회 디. 페스타 (토요일),Day1,이나즈마 일레븐
어둠의 녹색어머니회,미스틱,,,,,1sp,괴담에 떨어져도 출근을 해야 하는구나,슬램덩크,,올캐릭터,최요원X김솔음,해당없음,,"만화,일러스트",mystic_lock,https://dongne.co/event/df2604/circles/599445,제33회 디. 페스타 (토요일),Day1,괴담에 떨어져도 출근을 해야하는구나
어디가서 말 하기 힘든 취미활동을 하고 있어요 ,한오,,,,,1sp,,,,,,,,만화,h_o00o00,https://dongne.co/event/df2604/circles/597498,제33회 디. 페스타 (토요일),Day1,
어떻게든 닌자하고 싶은 밤티닌자들의 단,끗꾸,,,,,2sp,"닌타마 란타로, 닌자보이 란타로, 닌타마",,"닌타마 쁘띠존 : 인술학원 혜성제 ""입학시험의 단!""",,,,,"만화,일러스트,기타",kkuku___,https://dongne.co/event/df2604/circles/616314,제33회 디. 페스타 (토요일),Day1,"닌타마 란타로, 닌자보이 란타로, 닌타마"
어떻게든 되겠지~,matchru,,,,,2sp,어두운 바다의 등불이 되어,,,,,로맨틱,,만화,matcloh,https://dongne.co/event/df2604/circles/616479,제33회 디. 페스타 (토요일),Day1,어두운 바다의 등불의 되어
어떻게든 될 거야!,누구게,,,,,1sp,썬더일레븐,,,"엔도 마모루, 카제마루 이치로타, 키도 유우토, 마츠카제 텐마, 츠루기 쿄스케",엔도 마모루X카제마루 이치로타,"로맨틱,섹슈얼",텐마쿄스케텐마,"만화,게임",hehe_nuguge,https://dongne.co/event/df2604/circles/612394,제33회 디. 페스타 (토요일),Day1,썬더일레븐
어서오세요 룩키버거 세광DT점,랄루,,,,,2sp,괴담에 떨어져도 출근을 해야 하는구나,,,,최요원X김솔음,,,"만화,일러스트",,https://dongne.co/event/df2604/circles/602500,제33회 디. 페스타 (토요일),Day1,괴담출근
어서오세요 우리 세상에,.,,,,,1sp,닥터 스톤,"이나이레, 우마무스메",,,스탠리 스나이더X제노 H. 윙필드 ,"해당없음,로맨틱",,"기타,만화","lezlezzinsim, ovo___vv7",https://dongne.co/event/df2604/circles/612736,제33회 디. 페스타 (토요일),Day1,Dr.Stone (닥터 스톤)
어서오세요 잡동사니 리조트에 ,꼬알 옹부 에베,,,,,2sp,괴담에 떨어져도 출근을 해야 하는구나,데못죽 전독시,,,최요원X김솔음,,,,,https://dongne.co/event/df2604/circles/599900,제33회 디. 페스타 (토요일),Day1,괴담에 떨어져도 출근을 해야하는 구나
어쩌고 잡화점,담요,,,,,2sp,가비지타임,,,,,,,,damyo_812,https://dongne.co/event/df2604/circles/594887,제33회 디. 페스타 (토요일),Day1,가비지타임
어쩌나저쩌나,어쩌나,,,,,2sp,"은혼, 던전밥, 진격의 거인",히프마이,,,,,,,ozzonna,https://dongne.co/event/df2604/circles/601218,제33회 디. 페스타 (토요일),Day1,"은혼, 던전밥, 진격의 거인"
어쩌다 괴출러들,이사,,,,,1sp,괴담에 떨어져도 출근을 해야 하는구나,,,김솔음 외 등등,,,,"일러스트,기타,공예",hihi_ingasila,https://dongne.co/event/df2604/circles/599037,제33회 디. 페스타 (토요일),Day1,괴담에 떨어져도 출근을 해야 하는구나
얼렁뚱땅 부스,뚭,,,,,2sp,사카모토데이즈,,,"세바 나츠키, 아사쿠라 신",세바 나츠키X아사쿠라 신,로맨틱,,만화,skmto3o,https://dongne.co/event/df2604/circles/602347,제33회 디. 페스타 (토요일),Day1,사카모토데이즈
"얼마나 걸릴지 상관없음, 칸유이는 반드시 결혼시킨다.",웼잉잉,,,,,1sp,명탐정 코난,,,"우에하라 유이, 야마토 칸스케, 모로후시 타카아키",,"로맨틱,섹슈얼",,"일러스트,만화",weting_cn,https://dongne.co/event/df2604/circles/596342,제33회 디. 페스타 (토요일),Day1,명탐정 코난
없는게없는 수퍼마켓,와코,,,,,2sp,도키메모gs 도키걸즈 ,죠죠/포켓몬/닌타마,,,,,,,punchline0_0,https://dongne.co/event/df2604/circles/615006,제33회 디. 페스타 (토요일),Day1,도키메모gs 도키걸즈 
에너존포장마차중립구역본점,Gyari,,,,,1sp,트랜스포머,"G1, 트포원",트랜스포머 쁘띠존,"스타스크림, 스카이파이어",스카이파이어X스타스크림,로맨틱,미정,"만화,일러스트,기타",gyarrrrrrr,https://dongne.co/event/df2604/circles/598176,제33회 디. 페스타 (토요일),Day1,트랜스포머
여기. 내자리. 공명. 곤란,식물지기,,,,,1sp,트라이건,,,밧슈 더 스탬피드,밀리온즈 나이브스X밧슈 더 스탬피드,"로맨틱,섹슈얼",,만화,_plantlover,https://dongne.co/event/df2604/circles/599796,제33회 디. 페스타 (토요일),Day1,트라이건
여름낮2604,겨울밤,,,,,2sp,이세계 착각 헌터,,,,,,,,,https://dongne.co/event/df2604/circles/599675,제33회 디. 페스타 (토요일),Day1,이세계착각헌터
여름의 문장,솔미,,,,,1sp,디지몬,,,"코시로, 미미",,로맨틱,,소설,solmi81,https://dongne.co/event/df2604/circles/598012,제33회 디. 페스타 (토요일),Day1,디지몬
여름의 바닷가와 해파리소녀,차소금,,,,,2sp,해파리소녀,괴담출근,,,,,,"일러스트,공예,조형,기타",cup_of_salty,https://dongne.co/event/df2604/circles/610090,제33회 디. 페스타 (토요일),Day1,해파리소녀
여우의 사랑이 세상을 구한다,Ru,,,,,1sp,빛과 밤의 사랑,,빛과 밤의 사랑 쁘띠존 「휘명시디자이너연합회」,제신율,제신율X여주,로맨틱,,"만화,소설",lan_rusferia,https://dongne.co/event/df2604/circles/615098,제33회 디. 페스타 (토요일),Day1,빛과 밤의 사랑
역시 농구를 긴긴해야지,"악개,그됐,1D8M",,,,,2sp,블랙배저,"가비지 타임, 닌타마",,힐데베르트,성준수X기상호,로맨틱,힐데아미,만화,,https://dongne.co/event/df2604/circles/616212,제33회 디. 페스타 (토요일),Day1,블랙배저
연성술사,연성술사,,,,,2sp,괴담에 떨어져도 출근을 해야 하는구나,화산귀환 이세계착각헌터,,,,,,공예,alchemist_for,https://dongne.co/event/df2604/circles/602943,제33회 디. 페스타 (토요일),Day1,괴담에 떨어져도 출근을 해야 하는구나
열대야,김태풍,,,,,2sp,오리지널 + 죠죠의 기묘한 모험,,,,,,,만화,,https://dongne.co/event/df2604/circles/613592,제33회 디. 페스타 (토요일),Day1,오리지널 + 죠죠의 기묘한 모험
영영위빙,영영위빙,,,,,2sp,,,,,,,,공예,,https://dongne.co/event/df2604/circles/601896,제33회 디. 페스타 (토요일),Day1,
영웅과 회사원과 헌터,뽈,,,,,2sp,괴담에 떨어져도 출근을 해야 하는구나,"약한 영웅, 역전재판, 흡혈귀는 툭하면 죽는다",,,,,,일러스트,kimbbollmin,https://dongne.co/event/df2604/circles/608416,제33회 디. 페스타 (토요일),Day1,괴담에 떨어져도 출근을 해야 하는구나
영원히 야미진과 함께하고싶어,세삼,,,,,1sp,유희왕,,야미진 쁘띠존 < 강한 마음 x 다정한 마음 >,"무토 유희, 어둠의 유희",어둠의 유희X무토 유희,로맨틱,,,se_3sam,https://dongne.co/event/df2604/circles/597991,제33회 디. 페스타 (토요일),Day1,유희왕
예나디자인,예나,,,,,4sp,,,,,,,,,,https://dongne.co/event/df2604/circles/595047,제33회 디. 페스타 (토요일),Day1,
예비,예비,,,,,4sp,,,,,,,,,,https://dongne.co/event/df2604/circles/607365,제33회 디. 페스타 (토요일),Day1,
예산이 부족합니다..!!!,체리,,,,,2sp,닌타마 란타로,"괴담출근, 서애덕","닌타마 쁘띠존 : 인술학원 혜성제 ""입학시험의 단!""",,,로맨틱,닌자 커플링 다수 ,"만화,일러스트","cherry_doess, cherry_aot, ramgi_chu",https://dongne.co/event/df2604/circles/607229,제33회 디. 페스타 (토요일),Day1,닌타마 란타로
"오, 레오",키우,,,,,2sp,마차살,"문송안함, 진혼기",,"레오나르드, 아서",,,,"공예,사진",hwaljajd,https://dongne.co/event/df2604/circles/603459,제33회 디. 페스타 (토요일),Day1,마차살
오늘도 정상영업 합니다!,소금소금 ,,,,,1sp,명탐정 코난,,,"아무로 토오루, 후루야 레이, 에노모토 아즈사",아무로 토오루X에노모토 아즈사,로맨틱,,일러스트,,https://dongne.co/event/df2604/circles/598104,제33회 디. 페스타 (토요일),Day1,명탐정 코난
오늘의 반찬: 양배추사라다 ,26,,,,,2sp,페르소나4,"원피스, 패밀리 레스토랑 가자, 다이아몬드에이스",,,,"로맨틱,해당없음",,"만화,게임",gfthby65,https://dongne.co/event/df2604/circles/611789,제33회 디. 페스타 (토요일),Day1,페르소나4
오뎅가게,오뎅,,,,,1sp,닌타마 란타로,,"닌타마 쁘띠존 : 인술학원 혜성제 ""입학시험의 단!""","케마 토메사부로, 젠포우지 이사쿠, 도이 한스케, 야마다 리키치",야마다 리키치X도이 한스케,,리도이,"만화,일러스트",sandwich_recipe,https://dongne.co/event/df2604/circles/597449,제33회 디. 페스타 (토요일),Day1,닌타마란타로
오리연못,솔개,,,,,2sp,,,,,,,,,,https://dongne.co/event/df2604/circles/607718,제33회 디. 페스타 (토요일),Day1,
오리지늄 C세포,HYUN,,,,,2sp,명일방주,"젤다의 전설, 할로우나이트",,올캐릭터,,,,,kj3r4g,https://dongne.co/event/df2604/circles/603302,제33회 디. 페스타 (토요일),Day1,명일방주
오지치즈한그릇의무게3,문무한,,,,,1sp,,,,,,,,,,https://dongne.co/event/df2604/circles/600309,제33회 디. 페스타 (토요일),Day1,
오타쿠우쿠우,사팔육,,,,,2sp,괴담에 떨어져도 출근을 해야 하는구나,이세계 착각 헌터,,김솔음,,,,만화,pass_mindo,https://dongne.co/event/df2604/circles/600209,제33회 디. 페스타 (토요일),Day1,괴담에 떨어져도 출근을 해야하는구나
오타쿠집합소,Sundown,,,,,2sp,,,,,,,,,,https://dongne.co/event/df2604/circles/611161,제33회 디. 페스타 (토요일),Day1,
오합지졸의 단,톰토/사과파이/베이컨/시오,,,,,2sp,닌타마 란타로,,,,,,,,"tomtomas_0924, sweet_1applepie, kbb134801, sioooonin",https://dongne.co/event/df2604/circles/601909,제33회 디. 페스타 (토요일),Day1,닌타마 란타로
와..야미야미,"무타바, 할부지",,,,,2sp,가라오케 가자!,"패밀리레스토랑 가자!, 여학교의 별",,쿄사토,쿄지X사토미,"로맨틱,섹슈얼",,"만화,일러스트",,https://dongne.co/event/df2604/circles/595099,제33회 디. 페스타 (토요일),Day1,가라오케 가자!
와아아아앙유히,푸유,,,,,1sp,유희왕,,야미진 쁘띠존 < 강한 마음 x 다정한 마음 >,,아템X무토 유우기,로맨틱,,만화,puyuduel,https://dongne.co/event/df2604/circles/600219,제33회 디. 페스타 (토요일),Day1,유희왕
와얌얌러버스클럽,시옷,,,,,2sp,"가라오케 가자, 여학교의 별, 빠졌어 너에게",패밀리레스토랑 가자,,"쿄지, 사토미, 고바야시, 호시",나리타 쿄지X오카 사토미,,"고바호시, 메다니카, 에마하야","만화,기타,일러스트",shootunning,https://dongne.co/event/df2604/circles/614014,제33회 디. 페스타 (토요일),Day1,"가라오케 가자, 여학교의 별, 빠졌어 너에게"
완다호이의 무서운저주,"B, ^^",,,,,2sp,프로젝트 세카이,,,,,,,,,https://dongne.co/event/df2604/circles/608221,제33회 디. 페스타 (토요일),Day1,프로젝트세카이
왜 저와 타치바나 선배가 사귀고 있는건가요? '그랬으면 좋겠어서' ,샤웅,,,,,1sp,닌타마,,"닌타마 쁘띠존 : 인술학원 혜성제 ""입학시험의 단!""","센조,아야베",,,,만화,siaung_,https://dongne.co/event/df2604/circles/615457,제33회 디. 페스타 (토요일),Day1,닌타마
외계인 밀렵지,밀렵꾼,,,,,1sp,이세계 착각 헌터,,,"김기려, 레밍",,,,,matto765638,https://dongne.co/event/df2604/circles/601338,제33회 디. 페스타 (토요일),Day1,이세계 착각 헌터
외계인 취급 전문점,플밈,,,,,1sp,괴담에 떨어져도 출근을 해야 하는구나,데못죽,,"김솔음,이자헌,은하제,박민성",김솔음X이자헌,"해당없음,섹슈얼,로맨틱","솔음자헌,유진래빈",,p1_p2_p3_p4,https://dongne.co/event/df2604/circles/596497,제33회 디. 페스타 (토요일),Day1,괴담출근
왼뜨,왼뜨,,,,,2sp,괴담에 떨어져도 출근을 해야 하는구나,데못죽,,김솔음,,,,"일러스트,공예",jd_closet,https://dongne.co/event/df2604/circles/597570,제33회 디. 페스타 (토요일),Day1,괴담출근
우냐뿌냐,욧시,,,,,2sp,괴담에 떨어져도 출근을 해야 하는구나,데못죽,,,,,,,hamzzu12345,https://dongne.co/event/df2604/circles/601883,제33회 디. 페스타 (토요일),Day1,괴담출근
우리 부스에는 자물쇠가 없으니까,"세레나데, 짖",,,,,2sp,스타레일,,,"파이논, 마이데이",,로맨틱,,소설,"sun_ri3e, 02_zitu",https://dongne.co/event/df2604/circles/610296,제33회 디. 페스타 (토요일),Day1,스타레일
"우리 플랜트 푸르게 푸르게(If Something's Wrong, It's Probably Humans.)","낫, 또",,,,,2sp,트라이건,,,"밧슈, 나이브스",밧슈X나이브스,섹슈얼,,"만화,소설","canspiit, huhcerealsly",https://dongne.co/event/df2604/circles/603176,제33회 디. 페스타 (토요일),Day1,트라이건
우리가 사랑한...,이종,,,,,1sp,"괴담출근, 플레이브",핸드메이드제품 외,,,,,,,51874wwii,https://dongne.co/event/df2604/circles/608977,제33회 디. 페스타 (토요일),Day1,"괴담출근, 플레이브"
우리는 괴담도 필요없고 그저 집을 원합니다,아무탼,,,,,2sp,괴담에 떨어져도 출근을 해야 하는구나,,,,김솔음X백사헌,,"솔음사헌, 솔음요원, 솔음브라운, 그외 NCP","일러스트,기타",amutyan86,https://dongne.co/event/df2604/circles/604730,제33회 디. 페스타 (토요일),Day1,괴담에 떨어져도 출근을 해야하는구나
우리집벤츠는케이블나온다,유기체,,,,,1sp,트랜스포머,,트랜스포머 쁘띠존,사운드웨이브,쇼크웨이브X사운드웨이브,로맨틱,,"소설,만화",yugiche04,https://dongne.co/event/df2604/circles/603569,제33회 디. 페스타 (토요일),Day1,트랜스포머
우린다같은깡통인거예요,호우,,,,,1sp,트랜스포머,"할로우나이트, 실크송",트랜스포머 쁘띠존,"오토봇, 디셉티콘, 13프라임, 벌레",X,,,"만화,일러스트,기타",hou_owl,https://dongne.co/event/df2604/circles/598998,제33회 디. 페스타 (토요일),Day1,트랜스포머
우명으명,유냉,,,,,1sp,어두운 바다의 등불이 되어,괴담에 떨어져도 출근을 해야하는구나,,,,,,,sextaxquince,https://dongne.co/event/df2604/circles/615070,제33회 디. 페스타 (토요일),Day1,어두운 바다의 등불이 되어
우와아악 축구장에서 연애하지마,망,,,,,1sp,블루록,,나기이사 쁘띠존,,,"로맨틱,섹슈얼",미카게 레오x이사기 요이치,"기타,일러스트",manggdan,https://dongne.co/event/df2604/circles/596718,제33회 디. 페스타 (토요일),Day1,블루록
우파우파유치원,빈제,,,,,4sp,"헌터헌터, 포켓몬스터",,,,,,,,,https://dongne.co/event/df2604/circles/601110,제33회 디. 페스타 (토요일),Day1,"헌터헌터, 포켓몬스터"
우파우파유치원,빈제,,,,,2sp,포켓몬스터,,,,,,,일러스트,,https://dongne.co/event/df2604/circles/600131,제33회 디. 페스타 (토요일),Day1,포켓몬스터
울밧부스,"/,LOCS,수박",,,,,2sp,트라이건,,,"울프우드, 밧슈",,"로맨틱,섹슈얼",,,,https://dongne.co/event/df2604/circles/611695,제33회 디. 페스타 (토요일),Day1,트라이건
원래 디셉티콘은 오토봇을 탐해,개,,,,,1sp,트랜스포머,,트랜스포머 쁘띠존,"메가트론, 옵티머스, 사운드 웨이브, 핫로드",,해당없음,사웨로디,"만화,일러스트,기타",s7_dognyam,https://dongne.co/event/df2604/circles/603049,제33회 디. 페스타 (토요일),Day1,트랜스포머
원산지 다른 인외물들,박스,,,,,1sp,트랜스포머,괴수 8호,트랜스포머 쁘띠존,"트랜스포머 캐릭터, 나루미, 호시나",,,,,dustmq24671,https://dongne.co/event/df2604/circles/598142,제33회 디. 페스타 (토요일),Day1,트랜스포머
원엔투깡,"엔, 깡푸, 이깡",,,,,2sp,페르소나 시리즈,"포켓몬스터, 메타포 리 판타지오",,"아다치 토오루, 나루카미 유우, 시오미 코토네(페르소나3 여주인공), 아이기스, 루이 귀아베른",X,,"주아다, 햄기스","일러스트,만화,공예",chttan_,https://dongne.co/event/df2604/circles/595525,제33회 디. 페스타 (토요일),Day1,페르소나 시리즈
월슨노동조합,미호,,,,,2sp,빛과 밤의 사랑,,빛과 밤의 사랑 쁘띠존 「휘명시디자이너연합회」,"육시헌, 소휘, 제신율, 차이수, 하민성",,,,"소설,기타",keep_resisting_,https://dongne.co/event/df2604/circles/612178,제33회 디. 페스타 (토요일),Day1,빛과 밤의 사랑
유가맛 캔디(본 제품은 키즈키가 함유된 제품과 같은 제조시설에서 제조하고 있습니다),맴돌,,,,,2sp,역전재판 5,,,,,,,,,https://dongne.co/event/df2604/circles/607273,제33회 디. 페스타 (토요일),Day1,역전재판5
유기농 괴담미식회,경력사원,,,,,2sp,괴담에 떨어져도 출근을 해야 하는구나,,,"김솔음, 최요원, 류재관, 이자헌, 박민성, 은하제, 백사헌, 고영은, 이성해",,,,"일러스트,소설",organicindanger,https://dongne.co/event/df2604/circles/613284,제33회 디. 페스타 (토요일),Day1,괴담에 떨어져도 출근을 해야 하는구나
유니콘 순두부 찌개,칸조,,,,,2sp,카리스마,"파이어 엠블렘 풍화설월, 아이돌 마스터 sideM",,,,,,,,https://dongne.co/event/df2604/circles/600608,제33회 디. 페스타 (토요일),Day1,카리스마
유희하자유우기,능이머섯,,,,,1sp,유희왕,,야미진 쁘띠존 < 강한 마음 x 다정한 마음 >,"유우기, 아템, 어둠의 유우기",,로맨틱,"얌진, 텐진",소설,wnlgfldl,https://dongne.co/event/df2604/circles/600351,제33회 디. 페스타 (토요일),Day1,유희왕
으악,이창수,,,,,1sp,,,,,,,,,,https://dongne.co/event/df2604/circles/603111,제33회 디. 페스타 (토요일),Day1,
은꾱을 믿기,"은우, 끼옹",,,,,2sp,괴담에 떨어져도 출근을 해야 하는구나,,,,최 요원X김솔음,로맨틱,,,,https://dongne.co/event/df2604/circles/609110,제33회 디. 페스타 (토요일),Day1,괴담에 떨어져도 출근을 해야 하는구나
은민상점,은민,,,,,1sp,,,,,,,,일러스트,em913em,https://dongne.co/event/df2604/circles/602487,제33회 디. 페스타 (토요일),Day1,
은혼과 아이들,"비타, 레샤",,,,,2sp,괴담에 떨어져도 출근을 해야 하는구나,,,괴담출근 캐릭터,,,,일러스트,"banbaji5, resha_082",https://dongne.co/event/df2604/circles/598870,제33회 디. 페스타 (토요일),Day1,괴담에 떨어져도 출근을 해야하는구나
이 거지같은 섬에 두번이나 떨어지다니,진짜체리,,,,,2sp,오오에 (大穢),"슬로우 데미지, 파미레스",,"오오사키, 시즈마, 토와, 아키라,코노에,요우지,아오바,토와",오오사키X시즈마,로맨틱,,"만화,일러스트,소설",cherr2con,https://dongne.co/event/df2604/circles/597414,제33회 디. 페스타 (토요일),Day1,오오에
이 둘로 보고 싶은 게 생겼다면…,도동,,,,,1sp,닌자보이 란타로,,"닌타마 쁘띠존 : 인술학원 혜성제 ""입학시험의 단!""","케마 토메사부로, 젠포우지 이사쿠",케마 토메사부로X젠포우지 이사쿠,로맨틱,,만화,p_w4v,https://dongne.co/event/df2604/circles/596054,제33회 디. 페스타 (토요일),Day1,닌자보이 란타로
이 부스가 세상에 나올쯤에 휴재일 줄 몰랐지..,삿,,,,,1sp,괴담에 떨어져도 출근을 해야 하는구나,,,최요원/J3,최 요원X김 솔음,"로맨틱,해당없음",,소설,sso_yyo,https://dongne.co/event/df2604/circles/616618,제33회 디. 페스타 (토요일),Day1,괴담출근
이거 사면 인기 폭발한다.,우스,,,,,2sp,가라오케 가자!,"패밀리레스토랑 가자, 여학교의 별",,"쿄지, 사토미",쿄지X사토미,"섹슈얼,로맨틱",고바호시,일러스트,mevius_or,https://dongne.co/event/df2604/circles/617539,제33회 디. 페스타 (토요일),Day1,가라오케 가자
이것저것,막창,,,,,1sp,니지산지,블랙잭,,하나바타케 챠이카,야시로 키즈쿠X하나바타케 챠이카,"로맨틱,섹슈얼",,만화,fv19824,https://dongne.co/event/df2604/circles/612254,제33회 디. 페스타 (토요일),Day1,니지산지
이곳은 잡덕의 성지,빡스,,,,,1sp,,"내스급, 패션",,,,,,,bbox_1004,https://dongne.co/event/df2604/circles/612471,제33회 디. 페스타 (토요일),Day1,패션
이규후의 보석함,기리쉬 케이크 3호,,,,,2sp,가비지타임,,,"이현성, 박병찬",,,,일러스트,grm848,https://dongne.co/event/df2604/circles/598466,제33회 디. 페스타 (토요일),Day1,가비지타임
이리,이리,,,,,2sp,괴담에 떨어져도 출근을 해야 하는구나,,,올캐러,,,,소설,iri0012draw,https://dongne.co/event/df2604/circles/602008,제33회 디. 페스타 (토요일),Day1,괴담에 떨어져도 출근을 해야 하는구나
이번에도 잔뜩 가져왔습니다!,이부,,,,,2sp,나루토,은혼,,"나루토, 사스케, 이타치, 긴토키, 신스케",,,,기타,_2boooo_,https://dongne.co/event/df2604/circles/595657,제33회 디. 페스타 (토요일),Day1,나루토
이사기 새싹지킴이,밐미,,,,,2sp,블루록,,,이사기 요이치,,해당없음,이사른,,alzalz025,https://dongne.co/event/df2604/circles/599605,제33회 디. 페스타 (토요일),Day1,블루록
이사는 역시 케마이사,야참,,,,,1sp,닌타마 란타로,,"닌타마 쁘띠존 : 인술학원 혜성제 ""입학시험의 단!""","케마 토메사부로, 젠포우지 이사쿠",케마 토메사부로X젠포우지 이사쿠,,,만화,ya__cham,https://dongne.co/event/df2604/circles/607073,제33회 디. 페스타 (토요일),Day1,닌타마 란타로
이사쿠가 하는 부스 간다만다,아리,,,,,1sp,닌타마 란타로,,"닌타마 쁘띠존 : 인술학원 혜성제 ""입학시험의 단!""","케마 토메사부로, 젠포우지 이사쿠, 이마후쿠 히코시로, 쿠로키 쇼자에몽, 나나마츠 코헤이타, 나카자이케 쵸지, 하급생",케마 토메사부로X젠포우지 이사쿠,로맨틱,"히코쇼히코, 코헤쵸, 6로, 하치라이",기타,_ari_nin_,https://dongne.co/event/df2604/circles/608580,제33회 디. 페스타 (토요일),Day1,닌타마 란타로
이상기후,연일,,,,,1sp,닌타마 란타로,,"닌타마 쁘띠존 : 인술학원 혜성제 ""입학시험의 단!""","케마 토메사부로, 젠포우지 이사쿠",케마 토메사부로X젠포우지 이사쿠,로맨틱,,,o5v2r8,https://dongne.co/event/df2604/circles/609634,제33회 디. 페스타 (토요일),Day1,닌타마 란타로
이상한 나라의 잡화점,빵,,,,,2sp,,,,,,,,공예,,https://dongne.co/event/df2604/circles/600137,제33회 디. 페스타 (토요일),Day1,
이상현상도 현상이고 힘도 세고 열심히 사는데 함만 봐주죠,룔,,,,,2sp,포스터가 36번지에는 괴물이 산다,"의원, 다시 살다 / Hollow Knight",,"라이문트 게페르트, 프리드리히",류재관X최요원,해당없음,,소설,rryol_,https://dongne.co/event/df2604/circles/597454,제33회 디. 페스타 (토요일),Day1,포스터가 36번지에는 괴물이 산다
이세계 괴담라라,포링,,,,,1sp,괴담에 떨어져도 출근을 해야 하는구나,이세계 착각헌터,,"김솔음, 브라운, 최요원, 레밍, 김기려",,,,"만화,일러스트",poring808,https://dongne.co/event/df2604/circles/597808,제33회 디. 페스타 (토요일),Day1,괴담에 떨어져도 출근을 해야 하는구나
이세계뜬다,인먀,,,,,1sp,이세계 착각 헌터,어두운 바다의 등불이 되어,,레밍,,,,공예,,https://dongne.co/event/df2604/circles/600076,제33회 디. 페스타 (토요일),Day1,이세계 착각 헌터
이세계특별전형,272장,,,,,2sp,괴담에 떨어져도 출근을 해야 하는구나,,,,,,,"소설,공예",,https://dongne.co/event/df2604/circles/603744,제33회 디. 페스타 (토요일),Day1,괴담출근
이요웅,시옷,,,,,1sp,윈드브레이커,,,스오 하야토,스오 하야토X사쿠라 하루카 ,로맨틱,,만화,siot_jn,https://dongne.co/event/df2604/circles/595628,제33회 디. 페스타 (토요일),Day1,윈드브레이커
이집트불가사리,니카,,,,,1sp,유희왕,나의 히어로 아카데미아,야미진 쁘띠존 < 강한 마음 x 다정한 마음 >,"어둠의 유우기 , 무토 유우기 ",어둠의 유우기X무토 유우기,로맨틱,,"만화,일러스트",cnk5nk,https://dongne.co/event/df2604/circles/609419,제33회 디. 페스타 (토요일),Day1,유희왕
인(忍)력사무소,"도마, 사부",,,,,2sp,닌타마, 와야마 시리즈,"닌타마 쁘띠존 : 인술학원 혜성제 ""입학시험의 단!""",,,,,,"uusi1ver, saboo_v_v",https://dongne.co/event/df2604/circles/614040,제33회 디. 페스타 (토요일),Day1,닌타마
인류최후의마스터도하고닌자도하고프로듀서도하는부스,실타래,,,,,1sp,"페이트 그랜드 오더, 닌타마 란타로",,,,,로맨틱,오베캐스,"만화,일러스트",,https://dongne.co/event/df2604/circles/612084,제33회 디. 페스타 (토요일),Day1,"페이트 그랜드 오더, 닌타마 란타로"
인삼과 빵의 도전 (가제),떡빵,,,,,1sp,괴담에 떨어져도 출근을 해야 하는구나,,,,,로맨틱,,"일러스트,만화",cropple__,https://dongne.co/event/df2604/circles/614857,제33회 디. 페스타 (토요일),Day1,괴담에 떨어져도 출근을 해야 하는구나
인생의3할을함께한전통된씹덕들의헌사수집목록,pbj,,,,,2sp,트랜스포머,닌타마 란타로,트랜스포머 쁘띠존,"메가트론, 스타스크림, 도이 한스케, 모로이즈미 손나몽",메가트론X스타스크림,로맨틱,도이손,소설,pisces4910,https://dongne.co/event/df2604/circles/607449,제33회 디. 페스타 (토요일),Day1,트랜스포머
인술학원 만물상,닌개,,,,,2sp,닌타마,,"닌타마 쁘띠존 : 인술학원 혜성제 ""입학시험의 단!""",,,,,"만화,일러스트",emptycant,https://dongne.co/event/df2604/circles/599901,제33회 디. 페스타 (토요일),Day1,닌타마
인술학원다이렉트어트렉션,깡깡,,,,,1sp,닌타마 란타로,,"닌타마 쁘띠존 : 인술학원 혜성제 ""입학시험의 단!""",아야베 키하치로,아야베키하치로X타이라노타키야샤마루,해당없음,,"일러스트,만화",bannny_01,https://dongne.co/event/df2604/circles/595024,제33회 디. 페스타 (토요일),Day1,닌타마 란타로
인술학원천장동호회,돌멩,,,,,2sp,닌자보이 란타로,,"닌타마 쁘띠존 : 인술학원 혜성제 ""입학시험의 단!""",,,,6하,,ginagamoxo,https://dongne.co/event/df2604/circles/600153,제33회 디. 페스타 (토요일),Day1,닌자보이란타로
일단 닌타마입니다!,비닌쟈,,,,,2sp,닌자보이 란타로,,"닌타마 쁘띠존 : 인술학원 혜성제 ""입학시험의 단!""",,,,,"만화,일러스트",bininjya60317,https://dongne.co/event/df2604/circles/600683,제33회 디. 페스타 (토요일),Day1,닌자보이 란타로
일단고,이스,,,,,1sp,,,,,,,,,nills_ff14,https://dongne.co/event/df2604/circles/602553,제33회 디. 페스타 (토요일),Day1,
일단내고생각하기,푸른솜,,,,,1sp,트랜스포머,,트랜스포머 쁘띠존,IDW캐릭터들,드리프트X라쳇,로맨틱,,만화,blue_cotton1234,https://dongne.co/event/df2604/circles/602341,제33회 디. 페스타 (토요일),Day1,트랜스포머
일단신청,토기,,,,,2sp,나루토,오오에,,"나루토, 사스케, 오오사키, 아리아케",나루토X사스케,로맨틱,오오아리,"만화,일러스트",togi_js,https://dongne.co/event/df2604/circles/597940,제33회 디. 페스타 (토요일),Day1,나루토
일단신청만하는거니까신청만,"계란,레시,젯",,,,,2sp,트랜스포머,,트랜스포머 쁘띠존,,,,,,,https://dongne.co/event/df2604/circles/598865,제33회 디. 페스타 (토요일),Day1,트랜스포머
일단은 뭐가 나옴,듐,,,,,1sp,,,,,,,,,,https://dongne.co/event/df2604/circles/615260,제33회 디. 페스타 (토요일),Day1,
임시 닌자 대기소,갱,,,,,1sp,닌타마,,"닌타마 쁘띠존 : 인술학원 혜성제 ""입학시험의 단!""","젠포우지 이사쿠, 산탄다 카즈마, 이나데라 란타로",케마 토메사부로X젠포우지 이사쿠,로맨틱,"토나카즈, 로지사콘, 키리란, 헤이후시","만화,기타",wb_gam,https://dongne.co/event/df2604/circles/610930,제33회 디. 페스타 (토요일),Day1,닌타마
임시부스명,.,,,,,1sp,유희왕,,,,,,,,,https://dongne.co/event/df2604/circles/599169,제33회 디. 페스타 (토요일),Day1,유희왕
자기의 밥은 스스로 하자,하래,,,,,1sp,닌타마 란타로,앙상블스타즈,"닌타마 쁘띠존 : 인술학원 혜성제 ""입학시험의 단!""","나카자이케 쵸지, 나나마츠 코헤이타",,,오우카와 코하쿠x미케지마 마다라,"일러스트,만화",maracrab3,https://dongne.co/event/df2604/circles/599077,제33회 디. 페스타 (토요일),Day1,닌타마 란타로
자동에너존국밥양성소,콧치오미로와 병태,,,,,1sp,트랜스포머,명일방주,트랜스포머 쁘띠존,,,,사운드웨이브X핫로드,기타,qudxo_jo,https://dongne.co/event/df2604/circles/595791,제33회 디. 페스타 (토요일),Day1,트랜스포머
작당모의,157,,,,,2sp,니지산지,"니지산지, 할로우나이트",,,,,,일러스트,751ge,https://dongne.co/event/df2604/circles/609356,제33회 디. 페스타 (토요일),Day1,니지산지
잘못된 만남,쿠,,,,,1sp,"가라오케 가자!, 앙상블스타즈!!",,,"나리타 쿄지, 오카 사토미, 사쿠마 레이, 사쿠마 리츠",나리타 쿄지X오카 사토미,로맨틱,사쿠마 레이x사쿠마 리츠,"만화,일러스트",kuneng_n,https://dongne.co/event/df2604/circles/611002,제33회 디. 페스타 (토요일),Day1,"가라오케 가자!, 앙상블스타즈!!"
잠깐만왜헤무헤무에서헤무헤무냄새가나고있지,ㄷㄷ,,,,,2sp,닌타마 란타로,,"닌타마 쁘띠존 : 인술학원 혜성제 ""입학시험의 단!""",,,,,,dd_ninnin,https://dongne.co/event/df2604/circles/612969,제33회 디. 페스타 (토요일),Day1,닌타마 란타로
잡덕 디스크 조각 모음,"선우, 메이",,,,,2sp,,,,,,,,,,https://dongne.co/event/df2604/circles/596988,제33회 디. 페스타 (토요일),Day1,
잡덕is마이job,루,,,,,2sp,괴담에 떨어져도 출근을 해야 하는구나,프로젝트세카이,,김솔음,,로맨틱,,,jungru1125,https://dongne.co/event/df2604/circles/614720,제33회 디. 페스타 (토요일),Day1,괴담출근
잡덕의김밥볶음밥집,에나스,,,,,2sp,트랜스포머,"G1, IDW 코믹스, ONE, 길티기어",트랜스포머 쁘띠존,"드리프트, 라쳇, 알파트라이온, G1 디셉티콘",,,,"일러스트,만화,기타,공예",lna_lastnewage,https://dongne.co/event/df2604/circles/599691,제33회 디. 페스타 (토요일),Day1,트랜스포머
잡상인들,펭페,,,,,2sp,전용.,"페이트 그랜드 오더, 히카루가 죽은 여름, 도검난무",,"알바, 로스",알바X로스,로맨틱,구다만,"만화,일러스트",ppe48305,https://dongne.co/event/df2604/circles/596998,제33회 디. 페스타 (토요일),Day1,전용.
잡탕찌개 ver1.,우니마유,,,,,2sp,괴담출근/괴수8호/이세계착각헌터,그 외 90-20년대 만화(카캡사/슬레이어즈/하울/ 룬아 등),,,,,,,,https://dongne.co/event/df2604/circles/598146,제33회 디. 페스타 (토요일),Day1,괴담출근/괴수8호/이세계착각헌터
장롱면허,가짜이빨,,,,,2sp,트랜스포머,,트랜스포머 쁘띠존,,,해당없음,,만화,h4ego,https://dongne.co/event/df2604/circles/597802,제33회 디. 페스타 (토요일),Day1,트랜스포머
장미의 나라,올백,,,,,2sp,닌타마 란타로,,"닌타마 쁘띠존 : 인술학원 혜성제 ""입학시험의 단!""",,,,,,,https://dongne.co/event/df2604/circles/614367,제33회 디. 페스타 (토요일),Day1,닌타마 란타로
재난관리국 공무원들의 사생활 유포!,모요,,,,,1sp,괴담에 떨어져도 출근을 해야 하는구나,,,"류재관,최요원",류재관X최요원,로맨틱,자헌솔음,"만화,기타,사진",moyo_00,https://dongne.co/event/df2604/circles/598531,제33회 디. 페스타 (토요일),Day1,괴담에 떨어져도 출근은 해야 하는구나
저에게 필요한 부스를 주세요,이레,,,,,2sp,슬램덩크,,,"정우성, 송태섭",,"로맨틱,해당없음",,"만화,소설",bleu_denuit,https://dongne.co/event/df2604/circles/599561,제33회 디. 페스타 (토요일),Day1,슬램덩크
저요,머렝,,,,,1sp,,,,,,,,,,https://dongne.co/event/df2604/circles/608401,제33회 디. 페스타 (토요일),Day1,
적먹 사랑,YES,,,,,2sp,,,,,,,,,,https://dongne.co/event/df2604/circles/602999,제33회 디. 페스타 (토요일),Day1,
정상영업합니다,포포빵,,,,,4sp,니지산지,3월의 라이온,,니지산지 히어로즈,,,,만화,popo_for_me,https://dongne.co/event/df2604/circles/601326,제33회 디. 페스타 (토요일),Day1,니지산지
제정신인 사람은 글을 쓰지 않습니다,아수라장,,,,,1sp,,,,,,,,소설,,https://dongne.co/event/df2604/circles/605627,제33회 디. 페스타 (토요일),Day1,
조선화백,온율,,,,,2sp,케이팝데몬헌터스,오버워치,,,,,,,onewl_0,https://dongne.co/event/df2604/circles/612501,제33회 디. 페스타 (토요일),Day1,케이팝데몬헌터스
좋아하는거!!!,햅띠,,,,,2sp,은혼,닥터스톤,,사카타 긴토키,잣토 콘나몬X젠포우지 이사쿠,로맨틱,,기타,heptti,https://dongne.co/event/df2604/circles/615826,제33회 디. 페스타 (토요일),Day1,은혼
좌우상대고정전문중고등학교,"수진,푸딩",,,,,2sp,블루록,,,"이토시 사에, 이토시 린",이토시 사에X이토시 린,로맨틱,이사카이,"만화,일러스트","ifekusa, yeobojagiaegi",https://dongne.co/event/df2604/circles/615435,제33회 디. 페스타 (토요일),Day1,블루록
죠스바,죠소,,,,,1sp,누카니발,오오에,," 누카니발 - 올캐, 오오에 - 아리아케, 오오사키",,,,,tamago__0_0,https://dongne.co/event/df2604/circles/607332,제33회 디. 페스타 (토요일),Day1,누카니발
죠은사람들,"수산시장, gaso",,,,,2sp,"죠죠의 기묘한 모험, 은혼",,,,,,,,"fishumarket, rkznfksthsus",https://dongne.co/event/df2604/circles/600578,제33회 디. 페스타 (토요일),Day1,"죠죠의 기묘한 모험, 은혼"
주먹밥가게,주먹밥,,,,,2sp,프로세카,,,,,,,,onigiri__0000,https://dongne.co/event/df2604/circles/612331,제33회 디. 페스타 (토요일),Day1,프로세카
주인장여기애니멧4시즌주쇼,민트구스,,,,,1sp,트랜스포머애니메이티드,,트랜스포머 쁘띠존,,드리프트X퍼셉터,로맨틱,"프라재즈,프범,휠잭퍼시","만화,기타",,https://dongne.co/event/df2604/circles/602263,제33회 디. 페스타 (토요일),Day1,트랜스포머애니메이티드
죽이러 갈 준비,카민,,,,,1sp,나루토,마블,,"하타케 카카시, 브록 럼로우",우치하 오비토X하타케 카카시,"로맨틱,섹슈얼","스티브 로저스X브록 럼로우, 제임스 뷰캐넌 반즈X브록 럼로우","일러스트,소설,기타",syromire,https://dongne.co/event/df2604/circles/595535,제33회 디. 페스타 (토요일),Day1,나루토
지난번보다 성장한 나를 보여주겠다,러^브콜렉터,,,,,2sp,리그오브레전드,,,"세트, 아펠리오스",세트X아펠리오스,"로맨틱,섹슈얼",,"만화,소설",collecthelove,https://dongne.co/event/df2604/circles/613964,제33회 디. 페스타 (토요일),Day1,리그오브레전드
지옥에서 올라온 과학 축구,센먹,,,,,1sp,해즈빈 호텔,"닥터스톤, 블루록",,알래스터,복스X알래스터,로맨틱,센츠카,만화,sentsukamugum,https://dongne.co/event/df2604/circles/602655,제33회 디. 페스타 (토요일),Day1,해즈빈 호텔
진료가 불친절하고 의사양반이 맛있어요,Pinkish,,,,,2sp,트랜스포머 시리즈,,트랜스포머 쁘띠존,라쳇,휠잭X라쳇,"로맨틱,섹슈얼",제트파이어x스타스크림,"만화,소설,공예,일러스트",in_colouragain,https://dongne.co/event/df2604/circles/596502,제33회 디. 페스타 (토요일),Day1,트랜스포머 시리즈
진티엔리밍,kje1213114,,,,,4sp,,,,,,,,,,https://dongne.co/event/df2604/circles/602826,제33회 디. 페스타 (토요일),Day1,
집에 보내주세요,chal,,,,,1sp,괴담에 떨어져도 출근을 해야 하는구나,"헌터✕헌터, 회색도시 2",,,,,,일러스트,cha11att3,https://dongne.co/event/df2604/circles/609370,제33회 디. 페스타 (토요일),Day1,괴담에 떨어져도 출근을 해야하는 구나
집으로 가자,비올레타,,,,,1sp,어바등,"블랙배저, 문송안함, 공회주",,,,"로맨틱,섹슈얼","해량무현, 멜키레이, 윤예힐, 세르시온",소설,,https://dongne.co/event/df2604/circles/595144,제33회 디. 페스타 (토요일),Day1,어바등
쯔꾸르에 인생 판 부스,아숭김,,,,,2sp,,,,,,,,,,https://dongne.co/event/df2604/circles/612610,제33회 디. 페스타 (토요일),Day1,
착한 친구 믿기 vs 착한 토끼 믿기,멸종공룡,,,,,1sp,괴담에 떨어져도 출근을 해야 하는구나,,,,,,,,,https://dongne.co/event/df2604/circles/613619,제33회 디. 페스타 (토요일),Day1,괴담에 떨어져도 출근을 해야 하는구나
착한친구 보타이,이빨,,,,,1sp,괴담에 떨어져도 출근을 해야 하는구나,,,곽제강,J3X곽제강,로맨틱,솔블(솔음X브라운,"기타,만화",,https://dongne.co/event/df2604/circles/612919,제33회 디. 페스타 (토요일),Day1,괴담에 떨어져도 출근을 해야 하는 구나
착한친구보타이,이빨,,,,,1sp,괴담에 떨어져도 출근을 해야 하는구나,,,"곽제강, 김솔음, 브라운, J3",j3X곽제강,로맨틱,솔음x브라운,,,https://dongne.co/event/df2604/circles/617101,제33회 디. 페스타 (토요일),Day1,괴담에 떨어져도 출근을 해야 하는 구나
착헌민국 복합 문화 공간,착스패치,,,,,1sp,이세계 착각 헌터,,,,,,,,chakspatch,https://dongne.co/event/df2604/circles/600952,제33회 디. 페스타 (토요일),Day1,이세계 착각 헌터
"찻잔과 수첩, 그리고 토마토?",미트,,,,,1sp,"윈드브레이커, 윈브레",엘소드,,우메미야 하지메,,,,"일러스트,만화",,https://dongne.co/event/df2604/circles/607539,제33회 디. 페스타 (토요일),Day1,"윈드브레이커, 윈브레"
창24,Ceo,,,,,2sp,오리지널,,이빨요정,오리지널,,,,만화,buha699,https://dongne.co/event/df2604/circles/597307,제33회 디. 페스타 (토요일),Day1,오리지널
챰바스클럽,BAAS,,,,,2sp,오리지널 캐릭터,세븐나이츠(게임),,,크리스X녹스,로맨틱,,"소설,기타",minamori_22,https://dongne.co/event/df2604/circles/600258,제33회 디. 페스타 (토요일),Day1,오리지널 캐릭터
천사닌자 앙마닌자,앙마,,,,,2sp,닌자보이 란타로,"죠죠의 기묘한 모험, 헌터X헌터","닌타마 쁘띠존 : 인술학원 혜성제 ""입학시험의 단!""",6학년x5학년x4학년,,,,,ybbaddy,https://dongne.co/event/df2604/circles/597964,제33회 디. 페스타 (토요일),Day1,닌자보이 란타로
천사와악마이미지이거넣어도돼?,호시,,,,,1sp,유희왕,,,"바쿠라 료, 어둠의 바쿠라",어둠의 바쿠라X바쿠라 료,로맨틱,,소설,hoshinonaikai,https://dongne.co/event/df2604/circles/610322,제33회 디. 페스타 (토요일),Day1,유희왕
철화목장,-,,,,,1sp,건담,철혈의 오펀스,,미카즈키 아우구스,,,,만화,our_failure,https://dongne.co/event/df2604/circles/598519,제33회 디. 페스타 (토요일),Day1,건담
첫회지도 한걸음부터,리아닌,,,,,1sp,마도조사,,,"위무선, 남망기",,로맨틱,,만화,aninsigsi,https://dongne.co/event/df2604/circles/613220,제33회 디. 페스타 (토요일),Day1,마도조사
체리곰가게,나르,,,,,2sp,18TRIP,,,"오오구로 카프카, 니시조노 렌가, 무라쿠모 텐, 카미나 유키카제, 루 리광 위주 올캐러",,,,"만화,일러스트",,https://dongne.co/event/df2604/circles/615668,제33회 디. 페스타 (토요일),Day1,18TRIP
체펠리의 몬스터볼에 경의를 표해라,이삼,,,,,2sp,죠죠의 기묘한 모험,포켓몬,,,자이로 체펠리X죠니 죠스타,,"엔투희, 공준카라","만화,일러스트","1_22sssam, 250308u",https://dongne.co/event/df2604/circles/609859,제33회 디. 페스타 (토요일),Day1,죠죠의 기묘한 모험
최솔글방,물망초,,,,,2sp,괴담에 떨어져도 출근을 해야 하는구나,,,"김솔음, 최 요원",최 요원X김솔음,로맨틱,,소설,mardred0913,https://dongne.co/event/df2604/circles/599521,제33회 디. 페스타 (토요일),Day1,괴담출근
최애왼 고정충의 피땀눈물,호끼,,,,,2sp,괴담에 떨어져도 출근을 해야 하는구나,,,"이자헌, 최요원, 류재관",최요원X류재관,"로맨틱,섹슈얼",이자헌른,"기타,일러스트,소설",h_okki,https://dongne.co/event/df2604/circles/595983,제33회 디. 페스타 (토요일),Day1,괴담에 떨어져도 출근을 해야 하는구나
출근 못하면 죽는 병 걸림,청리,,,,,1sp,괴담에 떨어져도 출근을 해야 하는구나,데못죽,,"청려, 박문대, 김솔음, 최 요원, 이성해, J3, 백사헌",최 요원X김솔음,로맨틱,,소설,pa820mm,https://dongne.co/event/df2604/circles/608894,제33회 디. 페스타 (토요일),Day1,괴출
출근도 생존도 배저도 하는 부스,다안,,,,,1sp,괴담에 떨어져도 출근을 해야 하는구나,"마법명가 차남으로 살아남는 법, 블랙배저",,,,,,"일러스트,공예",da_an_123,https://dongne.co/event/df2604/circles/611180,제33회 디. 페스타 (토요일),Day1,괴담에 떨어져도 출근을 해야 하는 구나
출근탐사기록,룽지,,,,,1sp,괴담에 떨어져도 출근을 해야 하는구나,가정교사히트맨 리본,,"김솔음, 이자헌, J3, 최요원, 류재관, 가히리 단체",,,,일러스트,rungzee105,https://dongne.co/event/df2604/circles/614949,제33회 디. 페스타 (토요일),Day1,괴담에 떨어져도 출근을 해야하는구나
출소 후 유일한 낙,해왕성인,,,,,2sp,닌타마 란타로,"포켓몬스터, 괴수8호, 역전재판","닌타마 쁘띠존 : 인술학원 혜성제 ""입학시험의 단!""",,,,,일러스트,neptuneblue_01,https://dongne.co/event/df2604/circles/606116,제33회 디. 페스타 (토요일),Day1,닌타마 란타로
취조실,도둑놈,,,,,1sp,명탐정 코난,,,,,,,"만화,일러스트",,https://dongne.co/event/df2604/circles/595031,제33회 디. 페스타 (토요일),Day1,코난
츄앤몽,츄냥,,,,,2sp,1차창작,"파이널판타지14, 카드캡터사쿠라",,,,,,일러스트,"o11peach, zoomhong",https://dongne.co/event/df2604/circles/598250,제33회 디. 페스타 (토요일),Day1,1차 창작
츈스찌개,cns,,,,,2sp,붕괴 스타레일,닌자보이 란타로(닌타마),,,,,"쿠쿠치 헤이스케x타케야 하치자에몽, 타치바나 센조x아야베 키하치",일러스트,,https://dongne.co/event/df2604/circles/599279,제33회 디. 페스타 (토요일),Day1,붕괴 스타레일
친구 팔아요,핫,,,,,1sp,괴담에 떨어져도 출근을 해야 하는구나,,,,김솔음X브라운,,,,gkxlsla,https://dongne.co/event/df2604/circles/614095,제33회 디. 페스타 (토요일),Day1,괴담에 떨어져도 출근을 해야 하는구나
카리스마 표류기,지돼,,,,,1sp,카리스마 하우스,,,"아마히코, 테라, 이오리, 오오세, 리카이, 사루, 후미야",리카이 X사루카와,로맨틱,,"만화,일러스트",charismatic_pig,https://dongne.co/event/df2604/circles/615559,제33회 디. 페스타 (토요일),Day1,카리스마 하우스
카페 리베르타,효자손,,,,,1sp,동경과 거짓말,,,"비올라 알피나, 에델바이스 밀런",비올라 알피나X에델바이스 밀런,로맨틱,,"소설,만화",hyojasonquqi,https://dongne.co/event/df2604/circles/595648,제33회 디. 페스타 (토요일),Day1,동경과 거짓말
칻.친.부(캇뎈에 미친 부스),오비,,,,,1sp,나의 히어로 아카데미아,,,,,로맨틱,,"만화,소설",hrak_ovy,https://dongne.co/event/df2604/circles/617095,제33회 디. 페스타 (토요일),Day1,나의 히어로 아카데미아
코난파고 팔자피자,"100, 악음, 차돌짬뽕보이",,,,,2sp,명탐정 코난,체인소맨,,"모로후시 타카아키, 후루야 레이, 모로후시 히로미츠",,,,"소설,만화",skittcn,https://dongne.co/event/df2604/circles/595581,제33회 디. 페스타 (토요일),Day1,명탐적 코난
코엉의 연구실,코엉,,,,,2sp,트랜스포머,,트랜스포머 쁘띠존,"옵티머스 프라임, 메가트론",메가트론X옵티머스 프라임,로맨틱,,소설,maybemiffy,https://dongne.co/event/df2604/circles/600145,제33회 디. 페스타 (토요일),Day1,트랜스포머
코우시노 강도,시트론,,,,,1sp,코우노도리,,,"코우노토리 사쿠라, 시노미야 하루키",코우노토리 사쿠라X시노미야 하루키,로맨틱,,만화,kitriny404,https://dongne.co/event/df2604/circles/616830,제33회 디. 페스타 (토요일),Day1,코우노도리
코우시노가 부부인걸 어떡해,후룻,,,,,1sp,코우노도리,,,"코우노토리 사쿠라, 시노미야 하루키",,로맨틱,,소설,miuu404nf,https://dongne.co/event/df2604/circles/616804,제33회 디. 페스타 (토요일),Day1,코우노도리
코제니몬,모루마루,,,,,1sp,,,"닌타마 쁘띠존 : 인술학원 혜성제 ""입학시험의 단!""",,,,,,,https://dongne.co/event/df2604/circles/602077,제33회 디. 페스타 (토요일),Day1,
코코넛 껍질 속 고먕이,코코넛,,,,,2sp,스타트렉,"스타워즈, 발더스게이트",,,,,,"만화,일러스트,공예",spaceita,https://dongne.co/event/df2604/circles/602052,제33회 디. 페스타 (토요일),Day1,스타트렉
콜라보부스,kje1213114,,,,,4sp,,,,,,,,,,https://dongne.co/event/df2604/circles/596742,제33회 디. 페스타 (토요일),Day1,
쿠로네,햄다,,,,,1sp,체인소맨,,,아키,,로맨틱,,일러스트,haem_da_,https://dongne.co/event/df2604/circles/617502,제33회 디. 페스타 (토요일),Day1,체인소맨
쿠키집,거북이쿠키 ,,,,,1sp,괴담출근 ,어두운 바다의 등불이 되어 ,,,,,,일러스트,oebtunpeus00,https://dongne.co/event/df2604/circles/597346,제33회 디. 페스타 (토요일),Day1,괴담출근 
퀸 오브 디바. 미다스의 황금손. 이 세계의 떠오르는 슈퍼스타.,슈,,,,,2sp,괴담에 떨어져도 출근을 해야 하는구나,,,"김솔음, 최요원, 류재관",,,,만화,syu625327,https://dongne.co/event/df2604/circles/611946,제33회 디. 페스타 (토요일),Day1,괴담에 떨어져도 출근을 해야 하는구나
클론연구소&밀샌드,클론,,,,,2sp,괴담에 떨어져도 출근을 해야 하는구나,"죠죠, 주토피아",,,,,,일러스트,lab_clone,https://dongne.co/event/df2604/circles/602679,제33회 디. 페스타 (토요일),Day1,괴담출근
타나긴으로~파이널판타지~계획,달달,,,,,1sp,은혼,오리지널 (1차) / FGO / 세인트세이야 / 보컬로이드 등 ,,"로완, 시월, 타카스기, 긴토키",타카스기 신스케X사카타 긴토키,"로맨틱,섹슈얼",로완 X 시월 / 아마쿠사 시로 X 에드몽 당테스 (암굴왕),"만화,일러스트",0810x1010,https://dongne.co/event/df2604/circles/601969,제33회 디. 페스타 (토요일),Day1,은혼
탈세계 단편,NONEMA,,,,,1sp,,,,,,,,만화,,https://dongne.co/event/df2604/circles/607523,제33회 디. 페스타 (토요일),Day1,
털뭉치 클럽,아코,,,,,4sp,,,,,,,,,,https://dongne.co/event/df2604/circles/609815,제33회 디. 페스타 (토요일),Day1,
테런의 약속,킴오온나,,,,,1sp,"가비지타임,테일즈런너,마법사의 약속",,,"최종수, 기상호, 브래들리, 네로",브래들리X네로,"섹슈얼,로맨틱",최종수x기상호,"만화,게임",kim_onna0,https://dongne.co/event/df2604/circles/602163,제33회 디. 페스타 (토요일),Day1,"가비지타임,테일즈런너,마법사의 약속"
토마토 잡화점,TOMATA,,,,,2sp,데뷔 못 하면 죽는 병 걸림,괴담출근,,,,,,,min5k0201,https://dongne.co/event/df2604/circles/595064,제33회 디. 페스타 (토요일),Day1,데뷔 못하면 죽는 병 걸림
토마토계란밥,계란,,,,,2sp,명탐정 코난,가비지 타임,,,,로맨틱,,만화,egg_bst,https://dongne.co/event/df2604/circles/600711,제33회 디. 페스타 (토요일),Day1,명탐정 코난
토마토계란없는원숭이밥,S2,,,,,1sp,유희왕,,야미진 쁘띠존 < 강한 마음 x 다정한 마음 >,,,,,만화,world_vs_you,https://dongne.co/event/df2604/circles/597848,제33회 디. 페스타 (토요일),Day1,유희왕
토마토맛,kkang_19,,,,,2sp,,,,,,,,,,https://dongne.co/event/df2604/circles/600658,제33회 디. 페스타 (토요일),Day1,
토마호크 스테이크 1호점 : AT센터점,명란바게트,,,,,4sp,괴담에 떨어져도 출근을 해야 하는구나,,,김솔음,,"로맨틱,섹슈얼,해당없음",,"만화,일러스트",myeong_ba_0506,https://dongne.co/event/df2604/circles/599544,제33회 디. 페스타 (토요일),Day1,괴담에 떨어져도 출근을 해야 하는구나
트랜스포머 원이 지속가능 하게 되려면...[출장편],우동쿵야,,,,,2sp,트랜스포머 ONE,트랜스포머,트랜스포머 쁘띠존,,메가트론X옵티머스 프라임,"로맨틱,해당없음","디오라, NCP",만화,boge_2,https://dongne.co/event/df2604/circles/597149,제33회 디. 페스타 (토요일),Day1,트랜스포머 원
트랜스폼이처음이라떨립니다,탄산,,,,,1sp,트랜스포머애니메이티드,,트랜스포머 쁘띠존,,,,,"기타,소설",awesome_trigerg,https://dongne.co/event/df2604/circles/602267,제33회 디. 페스타 (토요일),Day1,트랜스포머 애니메이티드
트럭카세트 애호가,슈닝,,,,,1sp,트랜스포머,,트랜스포머 쁘띠존,,옵티머스X사운드웨이브,,,만화,,https://dongne.co/event/df2604/circles/597867,제33회 디. 페스타 (토요일),Day1,트랜스포머
팀 쓰레기통,먕이,,,,,1sp,해즈빈 호텔,"프리파라, 도검난무, 집이없어, 술탄의게임, 원피스, 1차 오리지널",,,,,,,myangpic,https://dongne.co/event/df2604/circles/610675,제33회 디. 페스타 (토요일),Day1,해즈빈호텔
파랑동구리,파동,,,,,1sp,,,,,,,,,,https://dongne.co/event/df2604/circles/598888,제33회 디. 페스타 (토요일),Day1,
파문의호흡제1형,"디귿, 카부토무시",,,,,2sp,"나의 히어로 아카데미아, 죠죠의 기묘한 모험",귀멸의 칼날,,"디오, 푸치, 야마다 히자시, 아이자와 쇼타",디오X푸치,"로맨틱,섹슈얼",마이크X아이자와,"만화,일러스트,소설","deadflagsblues, kbtms_4",https://dongne.co/event/df2604/circles/596529,제33회 디. 페스타 (토요일),Day1,"나의 히어로 아카데미아, 죠죠의 기묘한 모험"
팔만대장경만들고싶다고했지쓰고싶다고는안했다,종이,,,,,2sp,원룸조교님,,,지승혁,지승혁X지은오,로맨틱,,,fage_is_good,https://dongne.co/event/df2604/circles/609441,제33회 디. 페스타 (토요일),Day1,원룸조교님
패스안해줄거니까,레오사마신앙회,,,,,1sp,블루록,,,미카게레오,,로맨틱,,"일러스트,만화",anggimichch,https://dongne.co/event/df2604/circles/596969,제33회 디. 페스타 (토요일),Day1,블루록
펭귄도 날수 있어!,갈치조림,,,,,1sp,이나즈마 일레븐,,,"키도 유우토, 사쿠마 지로, 겐다 코지로, 후도 아키오",사쿠마 지로X키도 유우토,로맨틱,,"일러스트,만화",m_arijuan__a,https://dongne.co/event/df2604/circles/608551,제33회 디. 페스타 (토요일),Day1,이나즈마일레븐
평냉 같은 사람이 되자,이안,,,,,2sp,PLAVE,,,채봉구(밤비),,,,"만화,일러스트,공예",,https://dongne.co/event/df2604/circles/610163,제33회 디. 페스타 (토요일),Day1,PLAVE
포리포리칩,Kiwiiii,,,,,2sp,,,,,,,,,,https://dongne.co/event/df2604/circles/602669,제33회 디. 페스타 (토요일),Day1,
포틴의 굿즈 팩토리,포틴,,,,,2sp,"헬루바보스, 스티븐유니버스, 아울하우스","해즈빈호텔, 앰피비아",,,,,,기타,"ani_potin, p_goods_factory",https://dongne.co/event/df2604/circles/598525,제33회 디. 페스타 (토요일),Day1,"헬루바보스, 스티븐유니버스, 아울하우스"
푸데푸데,"실종, 새아버지",,,,,2sp,"죠죠의 기묘한 모험, 소울이터","니지산지, 나루토",,,,,,,fifty0eight,https://dongne.co/event/df2604/circles/613539,제33회 디. 페스타 (토요일),Day1,"죠죠의 기묘한 모험, 소울이터"
풋사과,댑싸리,,,,,1sp,블루록,,,,,,,,,https://dongne.co/event/df2604/circles/595383,제33회 디. 페스타 (토요일),Day1,블루록
프라임사칭사건피해자연대,제트기킬러,,,,,2sp,트랜스포머,,트랜스포머 쁘띠존,"옵티머스 프라임, 라쳇",라쳇X옵티머스 프라임,"로맨틱,섹슈얼",,만화,jetki11er,https://dongne.co/event/df2604/circles/596512,제33회 디. 페스타 (토요일),Day1,트랜스포머
프롬투스튜디오,제브,,,,,1sp,,,,,,,,,fromtostudio,https://dongne.co/event/df2604/circles/616161,제33회 디. 페스타 (토요일),Day1,
프릴리 데이즈,플plz,,,,,1sp,,,,,,,,,,https://dongne.co/event/df2604/circles/601306,제33회 디. 페스타 (토요일),Day1,
피는 물보다 달다,ura,,,,,1sp,,"나루토, 주술회전, 귀멸의칼날",,,,"섹슈얼,로맨틱",,일러스트,_urara0408,https://dongne.co/event/df2604/circles/601772,제33회 디. 페스타 (토요일),Day1,
피자 한 판에 도넛 두 개,그냥,,,,,2sp,트라이건,,,밧슈,울프우드X밧슈,로맨틱,나이브스x밧슈,,,https://dongne.co/event/df2604/circles/602187,제33회 디. 페스타 (토요일),Day1,트라이건
핑핑버터,핑핑버터,,,,,1sp,아이엠스타,"프리티시리즈, 프리큐어",,라임,,,,,pingpingbutter,https://dongne.co/event/df2604/circles/603275,제33회 디. 페스타 (토요일),Day1,아이엠스타
하나 둘 셋 아키텐 화이팅!! ,고도,,,,,1sp,체인소맨,,,"하야카와 아키, 천사의 악마",,"로맨틱,섹슈얼",,,,https://dongne.co/event/df2604/circles/616535,제33회 디. 페스타 (토요일),Day1,체인소맨
하늘에서 떨어지는 1억개의 불운,닌닌,,,,,2sp,닌타마,,"닌타마 쁘띠존 : 인술학원 혜성제 ""입학시험의 단!""",,,,,,ninninbogd__,https://dongne.co/event/df2604/circles/615495,제33회 디. 페스타 (토요일),Day1,닌타마
하늘하늘,양쌈,,,,,1sp,,,,,,,,일러스트,,https://dongne.co/event/df2604/circles/610681,제33회 디. 페스타 (토요일),Day1,
하롱살롱/겨울의꿈,하롱살롱,,,,,4sp,,,,,,,,공예,,https://dongne.co/event/df2604/circles/614597,제33회 디. 페스타 (토요일),Day1,
하마투어 연수여행,식빵,,,,,1sp,18TRIP,,,이소타케 아쿠타 및 올캐러,,,,"만화,일러스트",hilinkbi,https://dongne.co/event/df2604/circles/598143,제33회 디. 페스타 (토요일),Day1,18trip
하시마다하시는고능한하루되시길,애국,,,,,2sp,나루토,헌터헌터,,우치하마다라 센쥬하시라마,,로맨틱,이타사스,,hyung_za,https://dongne.co/event/df2604/circles/599648,제33회 디. 페스타 (토요일),Day1,나루토
하울공방,하울공방,,,,,1sp,,,,,,,,,,https://dongne.co/event/df2604/circles/601138,제33회 디. 페스타 (토요일),Day1,
한 살 차이는 친구지 ,nong,,,,,2sp,닌타마 란타로,,"닌타마 쁘띠존 : 인술학원 혜성제 ""입학시험의 단!""",,,,,,"o83on, ch_eck0620",https://dongne.co/event/df2604/circles/608336,제33회 디. 페스타 (토요일),Day1,닌타마 란타로
한 평 밭 무농약 ,옆집토마토,,,,,1sp,,,이빨요정,,,,,,n_d_do,https://dongne.co/event/df2604/circles/610203,제33회 디. 페스타 (토요일),Day1,
한국 금거래소,didi,,,,,1sp,우마무스메,,,오리지널,,,,일러스트,whaqlrpwjd,https://dongne.co/event/df2604/circles/609767,제33회 디. 페스타 (토요일),Day1,우마무스메
합동인술: 무한 껴안기술,은채,,,,,2sp,닌자보이 란타로,슬램 덩크,"닌타마 쁘띠존 : 인술학원 혜성제 ""입학시험의 단!""","야마다 리키치, 도이 한스케",야마다 리키치X도이 한스케,로맨틱,"센몬, 호백",만화,umchichu,https://dongne.co/event/df2604/circles/615476,제33회 디. 페스타 (토요일),Day1,닌자보이 란타로
해골과 붕대와 서스펜스,밑,,,,,1sp,닌타마 란타로,,"닌타마 쁘띠존 : 인술학원 혜성제 ""입학시험의 단!""","잣토 콘나몬, 젠포우지 이사쿠, 츠루마치 후시키조",잣토 콘나몬X젠포우지 이사쿠,로맨틱,,일러스트,mitmit1311,https://dongne.co/event/df2604/circles/615568,제33회 디. 페스타 (토요일),Day1,닌타마 란타로
해달샵,해달,,,,,2sp,스타레일,"원신, 명조, 화산귀환 ",,"명조, 원신, 붕스, 화산귀환 캐릭터들",,,,공예,sunmoon_shop16,https://dongne.co/event/df2604/circles/598433,제33회 디. 페스타 (토요일),Day1,스타레일
해외산 부대찌개,Cooga,,,,,1sp,키타로탄생게게게의수수께끼,"록맨, 제5인격",,"미즈키, 키타로의 아버지, 키타로",,로맨틱,,"만화,일러스트,기타",cooga_01,https://dongne.co/event/df2604/circles/598505,제33회 디. 페스타 (토요일),Day1,키타로 탄생 : 게게게의 수수께끼
해저기지 뜨개 원데이 클래스,경태,,,,,1sp,어두운 바다의 등불이 되어,,,,,,,,holololo81801,https://dongne.co/event/df2604/circles/601164,제33회 디. 페스타 (토요일),Day1,어두운 바다의 등불이 되어
해저기지 초특가세일 괴담,Wchnk,,,,,1sp,괴담에 떨어져도 출근을 해야 하는구나(괴담출근/괴출),어두운 바다의 등불이 되어(어바등),,,,로맨틱,,"소설,공예",pupurdii,https://dongne.co/event/df2604/circles/615697,제33회 디. 페스타 (토요일),Day1,괴담에 떨어져도 출근을 해야 하는구나(괴담출근/괴출)
해저기지해물탕,yumso,,,,,4sp,어두운 바다의 등불이 되어,"괴담출근, 이착헌",,박무현,신해량X박무현,로맨틱,"재희, 무현","만화,일러스트",godsooyum,https://dongne.co/event/df2604/circles/600518,제33회 디. 페스타 (토요일),Day1,어두운 바다의 등불이 되어
해저탐사,케이,,,,,2sp,어두운 바다의 등불이 되어,괴담에떨어져도출근을해야하는구나,,,신해량X박무현,"섹슈얼,로맨틱",,"소설,공예,조형",swagggkei,https://dongne.co/event/df2604/circles/599380,제33회 디. 페스타 (토요일),Day1,어두운바다의등불이되어
해피엔딩은 레고밭에,날Nal,,,,,2sp,트랜스포머,스타워즈,트랜스포머 쁘띠존,,,,,"소설,기타",null_naaall,https://dongne.co/event/df2604/circles/597681,제33회 디. 페스타 (토요일),Day1,트랜스포머
행복 1번지,주먹짱,,,,,2sp,도키메키 메모리얼 걸즈사이드,빛과 밤의 사랑,,,,,,,,https://dongne.co/event/df2604/circles/608378,제33회 디. 페스타 (토요일),Day1,도키메키 메모리얼 걸즈사이드
현무 1팀 막내 포도를 찾습니다.,미르,,,,,2sp,괴담에 떨어져도 출근을 해야 하는구나,,,"최 요원, 류재관, 김솔음",,,,일러스트,beummir,https://dongne.co/event/df2604/circles/596848,제33회 디. 페스타 (토요일),Day1,괴담출근
현무1팀 영원하라!,ㄹㅇ,,,,,1sp,괴담에 떨어져도 출근을 해야 하는구나,,,"최 요원, 김솔음, 류재관",최 요원X김솔음,"로맨틱,섹슈얼",재관솔음,"소설,기타",,https://dongne.co/event/df2604/circles/596675,제33회 디. 페스타 (토요일),Day1,괴담에 떨어져도 출근을 해야 하는구나
현생 미루고 덕질,삼세,,,,,4sp,괴담에 떨어져도 출근을 해야 하는구나,가비지타임,,"김솔음, 전영중, 성준수",,로맨틱,,"만화,일러스트",3m43t_,https://dongne.co/event/df2604/circles/599567,제33회 디. 페스타 (토요일),Day1,괴담에 떨어져도 출근을 해야 하는구나
형도탐정이에요? 어어 대충비슷한거해,서룡,,,,,1sp,히프노시스 마이크,"코난, 오오에",,"사마토키, 사사라, 헤이지, 카즈하, 타케시바",,로맨틱,"헤카, 오오아오",만화,4amaisfunk,https://dongne.co/event/df2604/circles/598930,제33회 디. 페스타 (토요일),Day1,히프노시스 마이크
형상변환기 애호가 클럽,리다,,,,,2sp,트랜스포머,,트랜스포머 쁘띠존,"스모크스크린, 넉아웃",스모크스크린X넉아웃,로맨틱,,만화,lida_0706,https://dongne.co/event/df2604/circles/595865,제33회 디. 페스타 (토요일),Day1,트랜스포머
형은 세계최고로 다정하다,낭비,,,,,2sp,블루록,,,이토시 린,이토시 사에X이토시 린,로맨틱,,"만화,일러스트",nangbi77,https://dongne.co/event/df2604/circles/599799,제33회 디. 페스타 (토요일),Day1,블루록
형제가 사랑한다는데 문제가 될까요 ,우레,,,,,2sp,나루토,우마무스메,,"우치하 이타치, 우치하 사스케 ",,로맨틱,,"만화,일러스트",i_want_plz__,https://dongne.co/event/df2604/circles/616342,제33회 디. 페스타 (토요일),Day1,나루토
호도해야지,HODO,,,,,1sp,트라이건,만달로리안. P의거짓,,밧슈. 울프우드. 나이브스. 루크. 딘 자린. 그로구. P.,,섹슈얼,,"만화,일러스트",hodogaza,https://dongne.co/event/df2604/circles/599932,제33회 디. 페스타 (토요일),Day1,트라이건
홀리갓뎀,하두스대마,,,,,2sp,괴담에 떨어져도 출근을 해야 하는구나,,,김솔음,,,,,hello_dopamine,https://dongne.co/event/df2604/circles/603454,제33회 디. 페스타 (토요일),Day1,괴담출근
홍대병종,lonecosm,,,,,2sp,가비지타임,,,"박병찬, 최종수",박병찬X최종수,로맨틱,,,lonecosm,https://dongne.co/event/df2604/circles/595552,제33회 디. 페스타 (토요일),Day1,가비지타임
화이트샌드의 선인장,선인장,,,,,1sp,"무기미도, 보컬로이드, 마왕의 고백",S급 짐꾼의 슬기로운 성좌 사냥 생활,,,,로맨틱,,"소설,일러스트,공예",cactus_line,https://dongne.co/event/df2604/circles/596678,제33회 디. 페스타 (토요일),Day1,"무기미도, 보컬로이드, 마왕의 고백"
환상뜨락,환상뜨락,,,,,2sp,탑로더 탑꾸,키링,,,,,,공예,dreamy_garden,https://dongne.co/event/df2604/circles/609554,제33회 디. 페스타 (토요일),Day1,탑로더 탑꾸
회색 토끼 엄청 귀여울 것 같지 않아?,ES,,,,,2sp,블루록,,나기이사 쁘띠존,"나기 세이시로, 이사기 요이치",나기 세이시로X이사기 요이치,,,"만화,소설,기타",,https://dongne.co/event/df2604/circles/596150,제33회 디. 페스타 (토요일),Day1,블루록
회전사제 앤솔로지 : 회전교습비망록,결정,,,,,2sp,죠죠의 기묘한 모험,,,,자이로 체펠리X죠니 죠스타 X 자이로 체펠리,,,"만화,일러스트,소설",roundand_round_,https://dongne.co/event/df2604/circles/609402,제33회 디. 페스타 (토요일),Day1,죠죠의 기묘한 모험
회전센시,죠공충,,,,,2sp,죠죠의 기묘한 모험,,,죠니 죠스타 x 자이로 체펠리/ 죠셉 죠스타 시저 체펠리 (ncp),,"로맨틱,섹슈얼,해당없음",시죠세시,"만화,일러스트",onyajj,https://dongne.co/event/df2604/circles/610743,제33회 디. 페스타 (토요일),Day1,죠죠의 기묘한 모험
회지 창작 서바이벌,장이선,,,,,4sp,,,,,,,,,"sun__2g, webnovel_haeun, my_ego2",https://dongne.co/event/df2604/circles/601894,제33회 디. 페스타 (토요일),Day1,
회지낼게,인외,,,,,1sp,유희왕 듀얼몬스터즈,,야미진 쁘띠존 < 강한 마음 x 다정한 마음 >,"야미 유우기, 무토 유우기",아템X무토 유우기,,,만화,otakuinwae,https://dongne.co/event/df2604/circles/595434,제33회 디. 페스타 (토요일),Day1,유희왕 듀얼 몬스터즈
회지를내지않으면나갈수없는방,뜌뜌와 아이들,,,,,2sp,원피스,,,,,,,기타,,https://dongne.co/event/df2604/circles/611809,제33회 디. 페스타 (토요일),Day1,원피스
회지필수지참,"효자, KKR, 총첩",,,,,2sp,엘소드,,,애드,,,,"만화,소설","goodbeing_, okkro_911, lovecontraption",https://dongne.co/event/df2604/circles/596367,제33회 디. 페스타 (토요일),Day1,엘소드
훠니뭉,훤,,,,,2sp,헌터헌터,"괴담출근, 단간론파",,,,,,,g_hywon,https://dongne.co/event/df2604/circles/601729,제33회 디. 페스타 (토요일),Day1,헌터헌터
휘명시 제 67지부,알리샤,,,,,2sp,빛과 밤의 사랑,,빛과 밤의 사랑 쁘띠존 「휘명시디자이너연합회」,육시헌,,,,공예,alicia00607,https://dongne.co/event/df2604/circles/612124,제33회 디. 페스타 (토요일),Day1,빛과 밤의 사랑
흐느적,룬시아,,,,,2sp,괴담에 떨어져도 출근을 해야 하는구나,전독시 이착헌 데못죽,,,,,,일러스트,,https://dongne.co/event/df2604/circles/598467,제33회 디. 페스타 (토요일),Day1,괴담출근
흑발공위원회,룸빠따,,,,,2sp,메달리스트,브리아노의 연구소,,"쥰, 츠카사, 히카루, 이노리, 다비, 브리아노",,,"요다츠카, 히카이노, 답블답",,old_chicksoup,https://dongne.co/event/df2604/circles/611944,제33회 디. 페스타 (토요일),Day1,메달리스트
흙 속의 인디고,인디고,,,,,1sp,,,,,,,,공예,digogo5220,https://dongne.co/event/df2604/circles/597877,제33회 디. 페스타 (토요일),Day1,
히라미,히라미,,,,,1sp,괴담에 떨어져도 출근을 해야 하는구나,,,김솔음,,,,일러스트,hirami04,https://dongne.co/event/df2604/circles/603243,제33회 디. 페스타 (토요일),Day1,괴담출근
히쥐 타임,먼쥐,,,,,2sp,마법소녀 마도카☆마기카,우마무스메,,,,,,,meongee_g,https://dongne.co/event/df2604/circles/612526,제33회 디. 페스타 (토요일),Day1,마법소녀 마도카☆마기카
힌힌탑꾸 ,"몰리, 힌",,,,,2sp,,,,,,,,"공예,기타",hindhind_craft,https://dongne.co/event/df2604/circles/612531,제33회 디. 페스타 (토요일),Day1,
! 충격 ! 천사님 진짜 계심,"추신, 유감",,,,,4sp,,,,,,,,게임,"ps_kiz, kizrullet, kizraph, sorrymce",https://dongne.co/event/dice05/circles/596433,다이스 페스타 #5,Day2,
!! 티알잡이 마감배 !!,"TR꿈악어, PUZE",,,,,2sp,,,,,,,,,"trpg_crocodile, fuse2go",https://dongne.co/event/dice05/circles/596394,다이스 페스타 #5,Day2,
"*GM: 네, 가능합니다.",김왱알,,,,,2sp,,,,,,,,,kw_trpg,https://dongne.co/event/dice05/circles/618113,다이스 페스타 #5,Day2,
.,티믜,,,,,1sp,,,,미정,,,,소설,,https://dongne.co/event/dice05/circles/639405,다이스 페스타 #5,Day2,
2026 오버드 아카데미아 입학안내처,"녕희, 용봉",,,,,2sp,,,,,,,,"기타,만화,게임","cosmicyum3, bongy_trpg",https://dongne.co/event/dice05/circles/605196,다이스 페스타 #5,Day2,
2026종교대통합레니게이드로이뤄나갑니다,루뿌,,,,,2sp,,,,,,,,"기타,소설",nal_trpg,https://dongne.co/event/dice05/circles/599356,다이스 페스타 #5,Day2,
20세기 안내원,뿌쌰,,,,,2sp,,,,,,,,"게임,소설","ppussya, ghostontheater",https://dongne.co/event/dice05/circles/607167,다이스 페스타 #5,Day2,
2D6=미쳤음,고선명,,,,,1sp,,,,,,,,,hdtrpg,https://dongne.co/event/dice05/circles/604455,다이스 페스타 #5,Day2,
404 not found,공사,,,,,1sp,,,,,,,,게임,commi_gongsa,https://dongne.co/event/dice05/circles/649124,다이스 페스타 #5,Day2,
Abyss,심연,,,,,2sp,,,,,,,,,abyss_bloom,https://dongne.co/event/dice05/circles/606616,다이스 페스타 #5,Day2,
AVOIDABYSS,A,,,,,1sp,,,,,,,,기타,a_void_a_byss,https://dongne.co/event/dice05/circles/602474,다이스 페스타 #5,Day2,
CAFE 메로스,팀 숙과회,,,,,2sp,,,,,,,,기타,wlsgml1128,https://dongne.co/event/dice05/circles/602939,다이스 페스타 #5,Day2,
CRC의권위자가되겠다,aringgg,,,,,2sp,,,,,,,,소설,aringgg_trpg,https://dongne.co/event/dice05/circles/597060,다이스 페스타 #5,Day2,
Drawanything Board games & RPGs,드로우,,,,,1sp,,,,,,,,기타,drawanythingame,https://dongne.co/event/dice05/circles/618978,다이스 페스타 #5,Day2,
HO뒷면을 보기 전까지 존재하지 않는 부스 ,김파인,,,,,1sp,,,,,,,,"일러스트,공예,기타",,https://dongne.co/event/dice05/circles/644233,다이스 페스타 #5,Day2,
LIMIT:부엉이맛 타르트,"SIHA, 지현",,,,,2sp,,,,,,,,기타,"sihast, jiheun_",https://dongne.co/event/dice05/circles/605053,다이스 페스타 #5,Day2,
MY FIRST TABLETOP,파카,,,,,2sp,,,,,,,,기타,trpgmft,https://dongne.co/event/dice05/circles/604044,다이스 페스타 #5,Day2,
NINJA play that music louder 오네가이,핑퐁,,,,,1sp,,,,,,,,,_game_pp,https://dongne.co/event/dice05/circles/605237,다이스 페스타 #5,Day2,
sarvant on the ground ,"사라반트, 전자테이블 아기고양이",,,,,2sp,,,,,,,,,060re_,https://dongne.co/event/dice05/circles/611073,다이스 페스타 #5,Day2,
Team. MMA,소냐,,,,,1sp,,,,,,,,기타,w__sonya,https://dongne.co/event/dice05/circles/598050,다이스 페스타 #5,Day2,
TEAM. PERSONAL SPACE,PERSPA,,,,,4sp,,,,,,,,,team_perspa,https://dongne.co/event/dice05/circles/597986,다이스 페스타 #5,Day2,
Team. 라퓨타,수연,,,,,4sp,,,,,,,,소설,team_laputa,https://dongne.co/event/dice05/circles/620687,다이스 페스타 #5,Day2,
Team. 마사회,양어,,,,,2sp,,,,,,,,,parting_trpg,https://dongne.co/event/dice05/circles/595902,다이스 페스타 #5,Day2,
Team.Zodiac,"태양, 금성, 목성",,,,,4sp,,,,,,,,,team_zodiac_tr,https://dongne.co/event/dice05/circles/606932,다이스 페스타 #5,Day2,
Team.도토리둥지,도토리둥지,,,,,2sp,,,,,,,,소설,dotoritrpg,https://dongne.co/event/dice05/circles/605634,다이스 페스타 #5,Day2,
Team.오소리굴,Team.오소리굴,,,,,2sp,,,,,,,,소설,26project_dam,https://dongne.co/event/dice05/circles/605826,다이스 페스타 #5,Day2,
TRPG 바다의 창작 룰이 되어,삼휴칠,,,,,2sp,,,,,,,,게임,samchukhuman77,https://dongne.co/event/dice05/circles/596015,다이스 페스타 #5,Day2,
TRPG 입문길드 설연,TRPG 입문길드 설연,,,,,2sp,,,,,,,,기타,trpgeroffer,https://dongne.co/event/dice05/circles/604834,다이스 페스타 #5,Day2,
TRPG 잡담방,카로,,,,,2sp,,,,,,,,게임,,https://dongne.co/event/dice05/circles/644503,다이스 페스타 #5,Day2,
TRPG사업부 창작1팀,TRPG사업부 창작1팀,,,,,2sp,,,,,,,,"소설,게임",trpg_creativet1,https://dongne.co/event/dice05/circles/605142,다이스 페스타 #5,Day2,
TRPG왕국,리베라스튜디오,,,,,1sp,,,,,,,,기타,trpg_kingdom,https://dongne.co/event/dice05/circles/650994,다이스 페스타 #5,Day2,
UZT 침략기지 대민지원 출장소,미송,,,,,2sp,,,,,,,,,trpg_commander,https://dongne.co/event/dice05/circles/654161,다이스 페스타 #5,Day2,
VELTUS,BLEN,,,,,2sp,,,,,,,,,blen_studio_,https://dongne.co/event/dice05/circles/618926,다이스 페스타 #5,Day2,
Void Divers DevSystem,클센,,,,,1sp,,,,,,,,"게임,기타",voiddivers_trpg,https://dongne.co/event/dice05/circles/651245,다이스 페스타 #5,Day2,
Xero Crescent,퀴에스,,,,,1sp,,,,,,,,,,https://dongne.co/event/dice05/circles/608618,다이스 페스타 #5,Day2,
[㈜ 크툴루 파크] 에 오신 걸 환영합니다~♬,냐루이사,,,,,2sp,,,,,,,,"소설,기타",cthulhu_park,https://dongne.co/event/dice05/circles/596038,다이스 페스타 #5,Day2,
같이 미쿠티알 하지 않을래?,아구,,,,,1sp,,,,하츠네 미쿠,,,,,agu_trpg,https://dongne.co/event/dice05/circles/597819,다이스 페스타 #5,Day2,
고인물 국밥집,멜,,,,,1sp,,,,,,,,게임,mmmmmp_tr,https://dongne.co/event/dice05/circles/611126,다이스 페스타 #5,Day2,
공방 프리즘,리즈,,,,,1sp,,,,,,,,공예,,https://dongne.co/event/dice05/circles/604853,다이스 페스타 #5,Day2,
공수표 해결사,"향초, 댤, CCTV, 공",,,,,2sp,,,,,,,,,scenaricho,https://dongne.co/event/dice05/circles/596363,다이스 페스타 #5,Day2,
구멍가게의 부름,센,,,,,2sp,,,,,,,,"공예,기타",commu1996,https://dongne.co/event/dice05/circles/607125,다이스 페스타 #5,Day2,
그런건 네가 써야해,"파장, 네미, 미츠",,,,,2sp,,,,,,,,"소설,기타",michu_trpg,https://dongne.co/event/dice05/circles/595134,다이스 페스타 #5,Day2,
그레이 스칼렛,스칼,,,,,1sp,,,,,,,,"소설,기타",,https://dongne.co/event/dice05/circles/605106,다이스 페스타 #5,Day2,
글쓰는 토끼굴,글쓰는 센트,,,,,1sp,,,,,,,,기타,writing_cent,https://dongne.co/event/dice05/circles/660870,다이스 페스타 #5,Day2,
나는 발광을 할 테니 너는 착란을 맡거라,"엑스, 공삼",,,,,2sp,,,,,,,,,,https://dongne.co/event/dice05/circles/607172,다이스 페스타 #5,Day2,
낚시터,쿠키,,,,,4sp,,,,,,,,,critofsnowman,https://dongne.co/event/dice05/circles/606910,다이스 페스타 #5,Day2,
난수박물관,곰룡,,,,,4sp,,,,,,,,기타,rnmuseum,https://dongne.co/event/dice05/circles/605013,다이스 페스타 #5,Day2,
내멋대로 TRPG,연어,,,,,2sp,,,,,,,,,salmon_please,https://dongne.co/event/dice05/circles/597904,다이스 페스타 #5,Day2,
네모토끼주립대학 지구캠퍼스 부설연구소 기적연구학부,정네모,,,,,1sp,,,,,,,,,free_nemo_hug,https://dongne.co/event/dice05/circles/606000,다이스 페스타 #5,Day2,
뇌크로노미콘 상회 UGN 서울 지점,리틀언데드,,,,,2sp,,,,,,,,"소설,일러스트,기타",lil_undead_hg,https://dongne.co/event/dice05/circles/604015,다이스 페스타 #5,Day2,
닌자들아 다음 시나리오에선 사이가 좋아지길 바라,미뢰,,,,,1sp,,,,,,,,소설,tastebud_scene,https://dongne.co/event/dice05/circles/606201,다이스 페스타 #5,Day2,
다면체모듬국밥 본점,1d6DICE,,,,,4sp,,,,,,,,,1d6dice,https://dongne.co/event/dice05/circles/605972,다이스 페스타 #5,Day2,
다이스 오브 당근 - 사당 여성 TRPG,정현,,,,,1sp,,,,,,,,"소설,기타",eggaccch,https://dongne.co/event/dice05/circles/603962,다이스 페스타 #5,Day2,
단추수프,Ina,,,,,2sp,,,,,,,,,inahut_trpg,https://dongne.co/event/dice05/circles/619334,다이스 페스타 #5,Day2,
달 뒷면 토끼파,녹조하임,,,,,2sp,,,,,,,,소설,koamadefb_trpg,https://dongne.co/event/dice05/circles/599720,다이스 페스타 #5,Day2,
달콤한일러스트,iamyunji,,,,,2sp,,,,모모찌,,,,일러스트,iamyunji,https://dongne.co/event/dice05/circles/604735,다이스 페스타 #5,Day2,
닭다리광대버섯,버섯가지그라탕,,,,,2sp,,,,,,,,"게임,소설,기타",mushken_trpg,https://dongne.co/event/dice05/circles/603223,다이스 페스타 #5,Day2,
당나라군대의 시대,31,,,,,2sp,,,,,,,,기타,chitochito_s,https://dongne.co/event/dice05/circles/605143,다이스 페스타 #5,Day2,
당신의 사명은 세션을 하는 것이다,LEMON,,,,,1sp,,,,,,,,,,https://dongne.co/event/dice05/circles/608328,다이스 페스타 #5,Day2,
대법전의 털복숭이들,"설지, 누운개",,,,,2sp,,,,,,,,,rotlea_for,https://dongne.co/event/dice05/circles/599106,다이스 페스타 #5,Day2,
더블코로스,몬페,,,,,1sp,,,,,,,,일러스트,,https://dongne.co/event/dice05/circles/607190,다이스 페스타 #5,Day2,
던전베이직,Gary Kim,,,,,1sp,,,,,,,,게임,garykimgames,https://dongne.co/event/dice05/circles/648134,다이스 페스타 #5,Day2,
도화여고 오컬트부,야기,,,,,2sp,,,,,,,,,yagi_do_game,https://dongne.co/event/dice05/circles/605860,다이스 페스타 #5,Day2,
돗까비블루스,로든,,,,,2sp,,,,,,,,"공예,기타",raud_ann,https://dongne.co/event/dice05/circles/594971,다이스 페스타 #5,Day2,
동틀때까지세션하다가그렇게됐다.,핫도그,,,,,2sp,,,,,,,,,dog_omo,https://dongne.co/event/dice05/circles/605152,다이스 페스타 #5,Day2,
두번묻는다펄하갈거냐고 안간다고했다4D10기부른다진짜,랩실,,,,,2sp,,,,,,,,,,https://dongne.co/event/dice05/circles/598628,다이스 페스타 #5,Day2,
듀듀듀 크툴루쿠툴루,양유진,,,,,1sp,,,,,,,,,,https://dongne.co/event/dice05/circles/624154,다이스 페스타 #5,Day2,
따개비루둥지,백혜비루,,,,,1sp,,,,,,,,기타,anatasderu,https://dongne.co/event/dice05/circles/605104,다이스 페스타 #5,Day2,
레니빙이 진화가 된다는 걸 보여주겠다,논냥,,,,,2sp,,,,,,,,기타,,https://dongne.co/event/dice05/circles/604486,다이스 페스타 #5,Day2,
말차트랜스&콜라계승자,백수광부,,,,,2sp,,,,,,,,기타,backbaljoaex,https://dongne.co/event/dice05/circles/596651,다이스 페스타 #5,Day2,
머리 넷 달린 생선,플랫피쉬,,,,,1sp,,,,,,,,소설,team_fourheaded,https://dongne.co/event/dice05/circles/596764,다이스 페스타 #5,Day2,
메이저인척하는부스,"빨강망토치즈, 티알체",,,,,2sp,,,,,,,,게임,"cheesetrpg, not_lg_just",https://dongne.co/event/dice05/circles/597394,다이스 페스타 #5,Day2,
무 지 렁 이 클럽 : 어둠의 인디룰 향우회,반조,,,,,2sp,,,,,,,,,mujirung2_club,https://dongne.co/event/dice05/circles/603412,다이스 페스타 #5,Day2,
뭐라도 해볼게요,Zara,,,,,1sp,,,,,,,,,,https://dongne.co/event/dice05/circles/636921,다이스 페스타 #5,Day2,
미로와 미르,"아비게일, 춤달, 블루텐동",,,,,2sp,,,,,,,,"공예,기타",abisgeil,https://dongne.co/event/dice05/circles/604284,다이스 페스타 #5,Day2,
미소녀 공장,령니,,,,,1sp,,,,,,,,소설,ligoluling,https://dongne.co/event/dice05/circles/611624,다이스 페스타 #5,Day2,
미스티게이즈,클론,,,,,2sp,,,,,,,,게임,,https://dongne.co/event/dice05/circles/602683,다이스 페스타 #5,Day2,
밑 빠진 독에 물 붓기,MILK,,,,,1sp,,,,,,,,,milk_trpg_,https://dongne.co/event/dice05/circles/605914,다이스 페스타 #5,Day2,
바다 좋아하시나요...?,하뉴아,,,,,2sp,,,,,,,,소설,i_am_not_hanyu,https://dongne.co/event/dice05/circles/634668,다이스 페스타 #5,Day2,
배고파요밥주세요,밥줘요념념,,,,,1sp,,,,,,,,기타,antnkkr_1208,https://dongne.co/event/dice05/circles/605795,다이스 페스타 #5,Day2,
배신의 리벌처 문호 성산시 지부,DB,,,,,2sp,,,,,,,,,dbtrpg,https://dongne.co/event/dice05/circles/595486,다이스 페스타 #5,Day2,
배신의 프로젝트 알파 아이돌,야채시장,,,,,2sp,,,,,,,,,cornsweetpotato,https://dongne.co/event/dice05/circles/604684,다이스 페스타 #5,Day2,
뱀이 해고되면 뱀파이어(Team Amaranth),리케,,,,,2sp,,,,,,,,기타,rike_0704,https://dongne.co/event/dice05/circles/597189,다이스 페스타 #5,Day2,
버섯 레니빙 재배사,사사,,,,,2sp,,,,,,,,"소설,기타",sasa_trpg_,https://dongne.co/event/dice05/circles/595991,다이스 페스타 #5,Day2,
번역 레벨2부터 치트였던 공장장의 유유자적 부스 라이프 2쿨,공장장,,,,,2sp,,,,,,,,"소설,공예,기타",kindness_off,https://dongne.co/event/dice05/circles/605187,다이스 페스타 #5,Day2,
보라박쥐단,운구자감,,,,,1sp,,,,,,,,"만화,일러스트",asdfasgaw_11,https://dongne.co/event/dice05/circles/595475,다이스 페스타 #5,Day2,
보라상조,디라스티트,,,,,2sp,,,,,,,,소설,"ig_eugene, restinhelio",https://dongne.co/event/dice05/circles/604901,다이스 페스타 #5,Day2,
부스 이름을 뭐로 하지,이나,,,,,1sp,,,,없음 ,,,,소설,nr_kyd,https://dongne.co/event/dice05/circles/604182,다이스 페스타 #5,Day2,
불명예의 쩐당,"순록, N5, 사일",,,,,2sp,,,,,,,,,r31nd33r_trpg,https://dongne.co/event/dice05/circles/604552,다이스 페스타 #5,Day2,
블루밍하우스1,에피,,,,,2sp,,,,,,,,"만화,기타",blueminghouse,https://dongne.co/event/dice05/circles/606493,다이스 페스타 #5,Day2,
산지직송 당도최고 제일청과,팀 알레프룻,,,,,2sp,,,,,,,,,alef_ruit,https://dongne.co/event/dice05/circles/606266,다이스 페스타 #5,Day2,
살의와 순애는 초성이 같죠. 이게 과연 우연일까요?,"참새, B",,,,,2sp,,,,,,,,기타,"tr_ue_bird, team_matiz",https://dongne.co/event/dice05/circles/602925,다이스 페스타 #5,Day2,
샤노비가미,베꾸,,,,,2sp,,,,,,,,,beggu55,https://dongne.co/event/dice05/circles/636930,다이스 페스타 #5,Day2,
서던 리치: 오르쿠스의 땅,"달큐, 나찰",,,,,2sp,,,,,,,,"기타,게임,소설","ffb__l18, nc_evil",https://dongne.co/event/dice05/circles/597882,다이스 페스타 #5,Day2,
서로 그렇게까지 소중하지는 않은 관계의 모임,도팍,,,,,2sp,,,,,,,,기타,do0pk,https://dongne.co/event/dice05/circles/606823,다이스 페스타 #5,Day2,
성산일보,ABCD,,,,,2sp,,,,,,,,,writerbaek_trpg,https://dongne.co/event/dice05/circles/598662,다이스 페스타 #5,Day2,
소쿠리단지 : 단지 내 물품 미정 ,소쿠리단지,,,,,1sp,,,,,,,,,basketof_tb,https://dongne.co/event/dice05/circles/604204,다이스 페스타 #5,Day2,
수상한 가죽공방,닐림,,,,,2sp,,,,,,,,공예,"nillimbg3, bsky, social",https://dongne.co/event/dice05/circles/598417,다이스 페스타 #5,Day2,
시간마법사의 아틀리에,시간마법사,,,,,2sp,,,,,,,,,,https://dongne.co/event/dice05/circles/594984,다이스 페스타 #5,Day2,
시나리오는 내가 쓸게 플레이는 누가 할래,BG,,,,,1sp,,,,,,,,소설,tr_b_g,https://dongne.co/event/dice05/circles/610115,다이스 페스타 #5,Day2,
시노비가미로 티알 입문한 사람들,세요,,,,,2sp,,,,,,,,"기타,소설",seyo_trpg,https://dongne.co/event/dice05/circles/603779,다이스 페스타 #5,Day2,
신님은 주사위 놀이 당근 빳따죠,요븐,,,,,2sp,,,,,,,,,,https://dongne.co/event/dice05/circles/620479,다이스 페스타 #5,Day2,
아니아무도 완전수화하지 않으면 못 나가는 부스,"포쨔, 맛뱅가리",,,,,2sp,,,,,,,,소설,"pochaa_open, y0ny0n_trpg",https://dongne.co/event/dice05/circles/598041,다이스 페스타 #5,Day2,
아론의 사제,이소율,,,,,1sp,,,,,,,,게임,aarontrpg,https://dongne.co/event/dice05/circles/604526,다이스 페스타 #5,Day2,
아뢰야식,아뉴스데이,,,,,2sp,,,,,,,,,agnusdei011,https://dongne.co/event/dice05/circles/607243,다이스 페스타 #5,Day2,
알렉산드리아 도서관학과 올해의 추천도서 : 마소는 답을 알고 있다,이단공무,,,,,4sp,,,,,,,,"소설,기타",kotokunibito,https://dongne.co/event/dice05/circles/604567,다이스 페스타 #5,Day2,
알아서 배신당해주실 분 (2/n),해바라이온,,,,,2sp,,,,,,,,"소설,공예,기타",no_write_saza,https://dongne.co/event/dice05/circles/648410,다이스 페스타 #5,Day2,
알파트랜스가 물보다 싸다고 젠장~! vol.4,"여백, 클라치스",,,,,2sp,,,,,,,,,yeoback_trpg,https://dongne.co/event/dice05/circles/603876,다이스 페스타 #5,Day2,
야노 슌사쿠가 앤오로 보입니다,먼솔래담,,,,,1sp,,,,,,,,,pa4a4a9,https://dongne.co/event/dice05/circles/604462,다이스 페스타 #5,Day2,
양귀비 설탕절임,오퓸,,,,,2sp,,,,,,,,,,https://dongne.co/event/dice05/circles/609769,다이스 페스타 #5,Day2,
없어도 좋지만 있으면 더더욱 좋아요,로토스,,,,,1sp,,,,,,,,"조형,기타",dontdo312,https://dongne.co/event/dice05/circles/606747,다이스 페스타 #5,Day2,
에브리띵 에브리웨어 올 앳 크로스,MAE,,,,,1sp,,,,,,,,소설,ecl_not_lcl,https://dongne.co/event/dice05/circles/618456,다이스 페스타 #5,Day2,
에트랑제 앨리스,래빗홀,,,,,2sp,,,,,,,,소설,,https://dongne.co/event/dice05/circles/615442,다이스 페스타 #5,Day2,
여담,여타,,,,,2sp,,,,,,,,,iam_others,https://dongne.co/event/dice05/circles/643492,다이스 페스타 #5,Day2,
"연을빚다,연빚",연빚,,,,,2sp,,,,앵자기,,,,공예,,https://dongne.co/event/dice05/circles/650825,다이스 페스타 #5,Day2,
옆 부스도 우리 부스인 4PS,경우,,,,,4sp,,,,,,,,,kyungwoo5,https://dongne.co/event/dice05/circles/606838,다이스 페스타 #5,Day2,
"오, 겁스","두두, 스민",,,,,2sp,,,,,,,,,"kmandoodoo_trpg, tanzanite32_t1",https://dongne.co/event/dice05/circles/596467,다이스 페스타 #5,Day2,
온실속잡초처럼키워져서그래,"김쯔루, 김별가",,,,,2sp,,,,,,,,"기타,만화,게임",cheu_trpg,https://dongne.co/event/dice05/circles/603551,다이스 페스타 #5,Day2,
월드탑클래스샤기꾼,"범, 영화",,,,,2sp,,,,,,,,"소설,게임,공예","bumpg_, trbaepo",https://dongne.co/event/dice05/circles/605687,다이스 페스타 #5,Day2,
이름 보다 중요한 티알,다키,,,,,2sp,,,,,,,,,biran83262843,https://dongne.co/event/dice05/circles/603529,다이스 페스타 #5,Day2,
이름뭐함ㅂ1,사갸,,,,,1sp,,,,,,,,,,https://dongne.co/event/dice05/circles/648593,다이스 페스타 #5,Day2,
인간이 아닙니다,yung,,,,,2sp,,,,,,,,기타,roastedfeet_0w0,https://dongne.co/event/dice05/circles/595889,다이스 페스타 #5,Day2,
인체생성보고서,앚,,,,,2sp,,,,,,,,기타,trpg_dkw,https://dongne.co/event/dice05/circles/632749,다이스 페스타 #5,Day2,
일정이 없는 게 아니라 한정판 프리미엄 일정입니다만?,아마도딜로,,,,,1sp,,,,,,,,소설,amadodilo,https://dongne.co/event/dice05/circles/603083,다이스 페스타 #5,Day2,
재앙: 섬광,장진우,,,,,1sp,,,,,,,,,,https://dongne.co/event/dice05/circles/636979,다이스 페스타 #5,Day2,
적폐 동인 더블크로스,그냥사람,,,,,1sp,,,,,,,,게임,jaerhaum,https://dongne.co/event/dice05/circles/604330,다이스 페스타 #5,Day2,
절대 마감,얀별,,,,,2sp,,,,,,,,기타,yan_star_trpg,https://dongne.co/event/dice05/circles/605443,다이스 페스타 #5,Day2,
정말로 그렇게 하나요?,전자친구,,,,,4sp,,,,,,,,,af_trpg,https://dongne.co/event/dice05/circles/623761,다이스 페스타 #5,Day2,
정보재해: 당신은 인세시피를 하고싶다,"티그, QU4CK",,,,,2sp,,,,,,,,"기타,소설","tig_trpg, qu4ckt4ku",https://dongne.co/event/dice05/circles/596205,다이스 페스타 #5,Day2,
젤리냥의 앞발상점,이린,,,,,1sp,,,,,,,,"공예,기타",jellycat_store,https://dongne.co/event/dice05/circles/620032,다이스 페스타 #5,Day2,
종자한테 마감시키게 브람 각성이나 할까,"자몽씨앗, ⅖㎖",,,,,2sp,,,,,,,,기타,"zamong_trpg, 2_io_oi_5_trpg",https://dongne.co/event/dice05/circles/596016,다이스 페스타 #5,Day2,
지금 재난인데 니 은닉을 왜처까,147,,,,,2sp,,,,,,,,,n_4091,https://dongne.co/event/dice05/circles/606606,다이스 페스타 #5,Day2,
청춘밴드 TRPG 스트라토 샤우트 <스토샤>로 줄여부르기 위원회,야채칸,,,,,2sp,,,,,,,,,,https://dongne.co/event/dice05/circles/596608,다이스 페스타 #5,Day2,
체크셔츠,김이박,,,,,4sp,,,,,,,,소설,kimpersonlee,https://dongne.co/event/dice05/circles/622475,다이스 페스타 #5,Day2,
출근 못하면 죽는 병 걸림,청리,,,,,1sp,,,,"청려, 박문대, 김솔음, 최 요원, 이성해, J3, 백사헌",최 요원X김솔음,로맨틱,,소설,pa820mm,https://dongne.co/event/dice05/circles/608624,다이스 페스타 #5,Day2,
카페인페인,역설,,,,,2sp,,,,,,,,,paradoxcho,https://dongne.co/event/dice05/circles/606393,다이스 페스타 #5,Day2,
캉캉관광,캉캉,,,,,2sp,,,,,,,,소설,w_kangkang_,https://dongne.co/event/dice05/circles/605943,다이스 페스타 #5,Day2,
캔모아 범죄 다발 도시 지점,피자몬,,,,,2sp,,,,,,,,기타,pizza_and_coke,https://dongne.co/event/dice05/circles/599027,다이스 페스타 #5,Day2,
케르베로스,"냡, 샤난, 아프로",,,,,2sp,,,,,,,,"소설,기타","trpg_nyab, reloadcataclysm, stm_strm",https://dongne.co/event/dice05/circles/604257,다이스 페스타 #5,Day2,
크툴루가 없댔지 신화 생물이 없다고는 하지 않은 부스,"리드, 로벤티카",,,,,2sp,,,,,,,,,reed_who_,https://dongne.co/event/dice05/circles/642843,다이스 페스타 #5,Day2,
털찐이,털찐이,,,,,2sp,,,,바람분댕,,,,,tulzzini,https://dongne.co/event/dice05/circles/638577,다이스 페스타 #5,Day2,
토깽이 TRPG 분점,K,,,,,2sp,,,,,,,,소설,kra_trpg,https://dongne.co/event/dice05/circles/595863,다이스 페스타 #5,Day2,
튀어나와요! 야생불곰!,rha,,,,,1sp,,,,,,,,기타,rhatk2,https://dongne.co/event/dice05/circles/604739,다이스 페스타 #5,Day2,
티알이 고플 땐 저희를 드세요,"비빔참치마요, 이다",,,,,2sp,,,,,,,,소설,"bibimtunamayo, cider_trpg",https://dongne.co/event/dice05/circles/605502,다이스 페스타 #5,Day2,
티알하러왔는데이하트는뭐야,촊 ,,,,,1sp,,,,,,,,"기타,소설",dx_8_8,https://dongne.co/event/dice05/circles/595347,다이스 페스타 #5,Day2,
팀 기력비수기,비지,,,,,2sp,,,,,,,,,off_season_tr,https://dongne.co/event/dice05/circles/601910,다이스 페스타 #5,Day2,
팀 인스버스,멜,,,,,1sp,,,,,,,,"공예,기타,조형",melik_l_,https://dongne.co/event/dice05/circles/606427,다이스 페스타 #5,Day2,
팀 턀삼국찌,요람,,,,,4sp,,,,,,,,"게임,소설",,https://dongne.co/event/dice05/circles/602618,다이스 페스타 #5,Day2,
팀 플라워뱅크,레비,,,,,2sp,,,,,,,,,,https://dongne.co/event/dice05/circles/596359,다이스 페스타 #5,Day2,
파라곤 퀘스트,멤메,,,,,1sp,,,,,,,,기타,,https://dongne.co/event/dice05/circles/632888,다이스 페스타 #5,Day2,
폭신하게 세계멸망,"파블로프, 하늘",,,,,2sp,,,,,,,,"소설,기타",trpg_pablof,https://dongne.co/event/dice05/circles/595335,다이스 페스타 #5,Day2,
푸른꽃,푸른꽃,,,,,4sp,,,,,,,,"게임,공예,기타",team_blueflower,https://dongne.co/event/dice05/circles/605744,다이스 페스타 #5,Day2,
프로젝트 이터널,쿠키,,,,,1sp,,,,,,,,기타,eternal_tr,https://dongne.co/event/dice05/circles/603734,다이스 페스타 #5,Day2,
프로젝트 쿠키,프로젝트쿠키,,,,,2sp,,,,,,,,,projectkuki,https://dongne.co/event/dice05/circles/603603,다이스 페스타 #5,Day2,
하나 테이블,"레터, 나나",,,,,4sp,,,,,,,,"소설,기타","loveletter_214, ps__trpg",https://dongne.co/event/dice05/circles/650862,다이스 페스타 #5,Day2,
핢과 부셈이,"핢, 부셈이",,,,,1sp,,,,,,,,소설,trpg_harm,https://dongne.co/event/dice05/circles/606183,다이스 페스타 #5,Day2,
해日이 몰아치는 다크서클,해日,,,,,2sp,,,,,,,,,,https://dongne.co/event/dice05/circles/605843,다이스 페스타 #5,Day2,
현원탁,nora,,,,,4sp,,,,,,,,"소설,기타",nora_isthinking,https://dongne.co/event/dice05/circles/655144,다이스 페스타 #5,Day2,
혹시모를대비,사갸,,,,,1sp,,,,,,,,,,https://dongne.co/event/dice05/circles/644101,다이스 페스타 #5,Day2,
-,-,,,,,1sp,오오에 (大穢),,,,X,,,,,https://dongne.co/event/game07/circles/639553,제7회 오락관,Day2,오오에
-,"헤세, 하얀",,,,,2sp,오오에 (大穢),미정,,,X,로맨틱,,일러스트,"hexeeeeeeeeee, yan_xoll",https://dongne.co/event/game07/circles/615805,제7회 오락관,Day2,오오에
-,"가자, 즐껨충",,,,,2sp,오오에 (大穢),아이돌리쉬 세븐,,,오오사키X시즈마,섹슈얼,나나세리쿠x이즈미이오리,,"oeoloeol, riversidedoggy",https://dongne.co/event/game07/circles/615157,제7회 오락관,Day2,오오에
-273.15,한천,,,,,1sp,오오에 (大穢),,,"오오사키 히이로, 시오도메 미치오",오오사키X시오도메,로맨틱,,소설,mirukunimikan,https://dongne.co/event/game07/circles/610501,제7회 오락관,Day2,오오에
.,.,,,,,1sp,,,,,,,,,,https://dongne.co/event/game07/circles/598832,제7회 오락관,Day2,
.,"에씨, 물풀빵",,,,,2sp,테일즈런너,붕괴 스타레일,세상에 테런 쁘띠존이 어딨어? 맞아 컨셉충이네,,,,,일러스트,tr_essi,https://dongne.co/event/game07/circles/632881,제7회 오락관,Day2,테일즈런너
.,.,,,,,2sp,,,,,,,,,,https://dongne.co/event/game07/circles/595804,제7회 오락관,Day2,
.,와자뵤,,,,,1sp,오오에 (大穢),,,"오오사키, 아리아케",오오X아리,로맨틱,,기타,030030030h,https://dongne.co/event/game07/circles/615577,제7회 오락관,Day2,오오에
.,아구,,,,,1sp,오오에 (大穢),,,"오오사키,타케시바,신바시",,,오오신,,agoim514,https://dongne.co/event/game07/circles/618162,제7회 오락관,Day2,오오에
.,듀,,,,,1sp,페르소나,,,,,,,,,https://dongne.co/event/game07/circles/615352,제7회 오락관,Day2,페르소나
.,은비,,,,,1sp,,,,,,,,,,https://dongne.co/event/game07/circles/617718,제7회 오락관,Day2,
107명과 만남을 추구하면 안되는걸까 네 안됩니다,"마람지, 장의사",,,,,2sp,오오에 (大穢),,,,오오사키X시즈마,"로맨틱,섹슈얼",,,"maramgee0707, bc4790411",https://dongne.co/event/game07/circles/615916,제7회 오락관,Day2,오오에
10심히 살자 섬 가고 싶으면,열,,,,,1sp,오오에 (大穢),세포신곡,,,오오사키X시오도메,로맨틱,하루레이,"일러스트,만화",ssmm3r,https://dongne.co/event/game07/circles/620190,제7회 오락관,Day2,오오에
16세고등학생 기만의진언 끌어치기,김리타,,,,,1sp,,,전서 등록 100% ,,,,,,,https://dongne.co/event/game07/circles/605719,제7회 오락관,Day2,
3시3끼3지마편,제행무상,,,,,1sp,용과같이,,"나, 천계를 얻었노라!","도지마다이고, 사에지마타이가, 마지마고로",,,,소설,nnnthtrial,https://dongne.co/event/game07/circles/620675,제7회 오락관,Day2,용과같이
3회차가 되서야 어충이 아니게 되었습니다?,거꾸로 생강,,,,,1sp,발더스게이트3,,,올컴패니언/할신,,,,일러스트,gingerbread_csi,https://dongne.co/event/game07/circles/606813,제7회 오락관,Day2,발더스게이트3
4n세디스마스아저씨인생최후의영거리사격,스트리크닌,,,,,1sp,다키스트 던전,"다크 소울, 핫라인 마이애미",,,,해당없음,,"소설,기타",hrdwrdslfdstrct,https://dongne.co/event/game07/circles/617085,제7회 오락관,Day2,다키스트 던전
55세 콧수염아저씨가 공주일 수 있는거임? 엠릭도?,JUAN,,,,,2sp,"드래곤에이지(베일가드, 인퀴지션)",,바이오웨어 통합 쁘띠존,엠릭 볼카린,엠릭X루크,"로맨틱,섹슈얼",블랙월x인퀴지터 등,"만화,일러스트,소설",juanicillin_bdg,https://dongne.co/event/game07/circles/599196,제7회 오락관,Day2,"드래곤에이지(베일가드, 인퀴지션)"
60세 마지마 할아버지 최후의 끌어치기,묵,,,,,1sp,용과같이,,"나, 천계를 얻었노라!","마지마고로, 키류카즈마",마지마고로X키류카즈마,"로맨틱,섹슈얼",,"만화,일러스트",mungmenk,https://dongne.co/event/game07/circles/609211,제7회 오락관,Day2,용과같이
7기까지정권지르기,"파잉, 88",,,,,2sp,트위스티드 원더랜드,앙상블 스타즈,,,,로맨틱,,만화,"p2y_ng, tgf88888888",https://dongne.co/event/game07/circles/603848,제7회 오락관,Day2,트위스티드 원더랜드
<GROUND ZERO> 아직도 이 게임 하세요? 네~⟡ ✧ ✦ ⋆ ⭒,그로제,,,,,2sp,"데빌 메이 크라이, 록맨, 바이오하자드, 소닉",,,"네로, 단테, 버질, 포르테, 롤, 레온 S. 케네디, 에이다 웡, 소닉 더 헤지혹, 에이미 로즈, 메탈 소닉, 크림 더 래빗, 에멜",,로맨틱,"포르롤(조합), 소나미(조합, 커플링), 메타미(조합), 크레멜(조합)","소설,만화,기타",_0723_1204,https://dongne.co/event/game07/circles/594982,제7회 오락관,Day2,"데빌 메이 크라이, 록맨, 바이오하자드, 소닉"
<MegaVolt><SAND LAKE> 로보트가 나와요 ,새벽네시,,,,,2sp,"록맨 , 디트로이트 비컴 휴먼",,,,행크X코너,,,"소설,만화",,https://dongne.co/event/game07/circles/605672,제7회 오락관,Day2,"록맨 , 디트로이트 비컴 휴먼"
<전서 등록 100%> 주최부스,전서 등록 100%,,,,,2sp,,,전서 등록 100% ,,,,,,psn_petit,https://dongne.co/event/game07/circles/652168,제7회 오락관,Day2,
<확률론적 겜블링 메이트> 주최부스,확률론적 겜블링 메이트,,,,,2sp,,,확률론적 겜블링 메이트,"Dr. 레이시오, 어벤츄린",,로맨틱,,기타,ratiorine416,https://dongne.co/event/game07/circles/652204,제7회 오락관,Day2,
ACS LOAD LIMIT,특이점,,,,,1sp,아머드 코어 6,"다크소울, 엘든링, 엘든링 밤의 통치자, 블러드본",,"로더4, 스틸 헤이즈, 헤드 브링어, 록 스미스, 라이거 테일, 채티 스틱, 솔라, 지크마이어, 추적자",,,,"일러스트,소설",_4_singularity,https://dongne.co/event/game07/circles/604120,제7회 오락관,Day2,아머드코어VI
AM01:00,한시,,,,,1sp,프로젝트 세카이,,,"카미시로 루이, 텐마 츠카사",카미시로 루이X텐마 츠카사,로맨틱,,만화,hns_iiiii,https://dongne.co/event/game07/circles/596348,제7회 오락관,Day2,프로젝트 세카이
Amabilena,Lena,,,,,1sp,,,,,,,,,amabilenas2,https://dongne.co/event/game07/circles/611875,제7회 오락관,Day2,
BURN MY PANCAKE,"몰르는개산책, PA  !",,,,,1sp,페르소나3,페르소나 5,전서 등록 100% ,,,,,만화,,https://dongne.co/event/game07/circles/602964,제7회 오락관,Day2,페르소나 3
Check!,케토,,,,,1sp,페르소나4,"페르소나3, 페르소나5",전서 등록 100% ,,주인공X하나무라 요스케,"로맨틱,섹슈얼",,"만화,일러스트",kettodango,https://dongne.co/event/game07/circles/595728,제7회 오락관,Day2,페르소나4
CHOCO*BAR,쵸푸,,,,,1sp,붕괴 스타레일,,확률론적 겜블링 메이트,"레이시오, 어벤츄린",,"로맨틱,섹슈얼",,만화,chyo_oop,https://dongne.co/event/game07/circles/617138,제7회 오락관,Day2,붕괴:스타레일
crazy고구마 목장,"니어, jou, kigakuruu",,,,,2sp,메타포 : 리판타지오,"페르소나, 포켓몬",,"스트롤, 주인공",,,,일러스트,"near__near__, 4sssst, ki_kuru_kuru",https://dongne.co/event/game07/circles/619230,제7회 오락관,Day2,메타포 리판타지오
Entry,뜗뗇,,,,,4sp,포켓몬스터,"발로란트, 이터널 리턴",,,,,,일러스트,,https://dongne.co/event/game07/circles/605180,제7회 오락관,Day2,포켓몬스터
Esquier,스콰이어,,,,,2sp,스타레일,,확률론적 겜블링 메이트,,,,,,,https://dongne.co/event/game07/circles/607608,제7회 오락관,Day2,스타레일
FPS 중소기업,만트라슈,,,,,1sp,페이트/그랜드 오더,"페르소나5, 스플래툰3",,,로마니X구다코,로맨틱,,"만화,일러스트",_3h0_,https://dongne.co/event/game07/circles/604299,제7회 오락관,Day2,페이트/그랜드 오더
Fry me to the Moon...,"CON, 안경",,,,,2sp,페르소나3,,전서 등록 100% ,모치즈키 료지,,해당없음,,만화,"hazaotoko, megane_gamezip",https://dongne.co/event/game07/circles/597200,제7회 오락관,Day2,페르소나3
House of Szarr,낙엽,,,,,1sp,발더스게이트3,,,"아스타리온 안쿠닌, 카사도어 자르,  벨리오스, 도넬라 자르",카사도어X아스타리온,해당없음,"벨리오스x카사도어, 벨리오스x도넬라",일러스트,ch01r_,https://dongne.co/event/game07/circles/604792,제7회 오락관,Day2,발더스 게이트 3
J.M.T=JESUS MAJI TENSHI,슼,,,,,2sp,소년기의 끝,,,,캄파넬라X조반니,"로맨틱,섹슈얼",,"만화,일러스트",,https://dongne.co/event/game07/circles/603855,제7회 오락관,Day2,소년기의 끝
load memories,yeri,,,,,1sp,"(쯔꾸르게임)ib , 살육의 천사, 피학의 노엘",에픽세븐,,"이브, 노엘, 레이첼",,,,게임,123yaein,https://dongne.co/event/game07/circles/618482,제7회 오락관,Day2,"(쯔꾸르게임)ib , 살육의 천사, 피학의 노엘"
OOXX,gapamopa,,,,,1sp,페르소나 시리즈,진여신전생 및 그외…,전서 등록 100% ,"페르소나 3주인공, 4주인공",,,,"만화,일러스트",gapamopa,https://dongne.co/event/game07/circles/606599,제7회 오락관,Day2,페르소나 시리즈
P13으로 살아남기,신입사원,,,,,1sp,붕괴 스타레일,,확률론적 겜블링 메이트,"레이시오, 어벤츄린",레이시오X어벤츄린,"로맨틱,섹슈얼",,"만화,소설",ritblackstar_24,https://dongne.co/event/game07/circles/597721,제7회 오락관,Day2,붕괴: 스타레일
Pale sequence,루셰,,,,,1sp,페이트 그랜드 오더,,,"아르주나, 카르나",,,,소설,jun4k4ru,https://dongne.co/event/game07/circles/618992,제7회 오락관,Day2,페이트 그랜드 오더
Pm09:28,絞,,,,,2sp,오오에 (大穢),,,오오사키 / 아리아케,오오사키X아리아케,해당없음,,,pm_09_28,https://dongne.co/event/game07/circles/608505,제7회 오락관,Day2,오오에
"RGB 0,0,255",SB,,,,,1sp,페르소나 시리즈,메타포: 리 판타지오,전서 등록 100% ,,,,,,salt_richhh,https://dongne.co/event/game07/circles/603974,제7회 오락관,Day2,페르소나 시리즈
Runners cafe,바햄,,,,,1sp,테일즈런너,,세상에 테런 쁘띠존이 어딨어? 맞아 컨셉충이네,,,,,,,https://dongne.co/event/game07/circles/618101,제7회 오락관,Day2,테일즈런너
Studio Rio ,Rio ,,,,,2sp,포켓몬스터,,,,,,,게임,riodrawsstuff,https://dongne.co/event/game07/circles/604580,제7회 오락관,Day2,포켓몬스터
WAY BACK HOME,B333,,,,,1sp,페르소나4,,전서 등록 100% ,,,,,"일러스트,만화",,https://dongne.co/event/game07/circles/602694,제7회 오락관,Day2,페르소나4
You Have My Word.,종자바로앤솔로지,,,,,1sp,역전재판,,,"아소기 카즈마, 바로크 반직스",아소기 카즈마X바로크 반직스,"로맨틱,섹슈얼",,"만화,소설,일러스트",tgaa_asobaro_,https://dongne.co/event/game07/circles/596188,제7회 오락관,Day2,대역전재판
[주] [인공],함미,,,,,1sp,"페르소나5, 페르소나3",,전서 등록 100% ,,,,,,hham_me,https://dongne.co/event/game07/circles/639160,제7회 오락관,Day2,"페르소나5, 페르소나3"
★8 입맞춤+,HAYO(yume),,,,,1sp,마비노기 모바일,,,리시타,리시타X하니에르(드림주),로맨틱,,"만화,일러스트",hayoyume,https://dongne.co/event/game07/circles/612217,제7회 오락관,Day2,마비노기 모바일
♡,제쯔보,,,,,2sp,오오에 (大穢),페르소나5,,,,,,"일러스트,공예",cpcp_in,https://dongne.co/event/game07/circles/610955,제7회 오락관,Day2,오오에
し즈마 타케し바 し오도메,"순애감별사, 아니요, 숟가락",,,,,2sp,오오에 (大穢),,,,오오사키X시즈마,"로맨틱,섹슈얼","오오타케, 오오시오","소설,일러스트","sun_star__, oo_nigir1, qie1mdryor74940",https://dongne.co/event/game07/circles/614851,제7회 오락관,Day2,오오에
ㅎㅎ,서목,,,,,1sp,,,,,,,,,,https://dongne.co/event/game07/circles/606817,제7회 오락관,Day2,
昆蟲箱子 :: Insect Box,24(SANAI),,,,,2sp,,,,,,,,,,https://dongne.co/event/game07/circles/604112,제7회 오락관,Day2,
가내드림 무료배포 뭐시기 만들고 싶은데 그냥 마감이 필요해서 신청한 부스,동방제과,,,,,1sp,발더스게이트3,,,올캐러,가내드본타브X게일,로맨틱,,"만화,일러스트",llilillliilliil,https://dongne.co/event/game07/circles/636989,제7회 오락관,Day2,발더스 게이트 3
감자치킨샐러드,마,,,,,1sp,오오에 (大穢),우우울트라C,,,,,,,,https://dongne.co/event/game07/circles/617003,제7회 오락관,Day2,오오에
갓짓시,!,,,,,2sp,"오오에, 고서점가의 하시히메",,,,오오사키X시즈마,,카와타마,만화,,https://dongne.co/event/game07/circles/605243,제7회 오락관,Day2,"오오에, 고서점가의 하시히메"
강경주인공왼협회,도넛,,,,,1sp,오오에 (大穢),,,오오사키 시즈마,오오사키X시즈마,"로맨틱,섹슈얼",,,zsoooe,https://dongne.co/event/game07/circles/603952,제7회 오락관,Day2,오오에
같얼굴콤 고치는 법,말로,,,,,2sp,오오에 (大穢),,,,오오사키X시즈마,,,,mcsl_2cp,https://dongne.co/event/game07/circles/596456,제7회 오락관,Day2,오오에
건달은 누군가를 행복하게 해줄 순 없는 걸까요......,baka,,,,,1sp,용과같이,,"나, 천계를 얻었노라!","키류, 니시키야마",,,,,,https://dongne.co/event/game07/circles/609163,제7회 오락관,Day2,용과같이
게임중독자,12,,,,,1sp,페르소나,젤다의 전설,,,,,,게임,n19392387,https://dongne.co/event/game07/circles/610539,제7회 오락관,Day2,페르소나
게임진짜재밌다그치,yesnookay17,,,,,1sp,리그오브레전드 스플래툰 실크송 할로우나이트 오버워치 델타룬,,,,,,,"만화,일러스트",furrype4ch,https://dongne.co/event/game07/circles/640113,제7회 오락관,Day2,리그오브레전드 스플래툰 실크송 할로우나이트 오버워치 델타룬
게임학부졸업직전최후의끌어치기,시나블,,,,,1sp,"우마무스메, 페르소나","프세카, 아이나나",,,,,,일러스트,sinable_,https://dongne.co/event/game07/circles/620715,제7회 오락관,Day2,"우마무스메, 페르소나"
경단보급소,휴,,,,,2sp,붕괴 스타레일,,,"경원,단항",경원X단항,로맨틱,,만화,hue_hsr,https://dongne.co/event/game07/circles/611906,제7회 오락관,Day2,붕괴:스타레일
경단영업소,사슴,,,,,2sp,붕괴 스타레일,,,"경원, 단항",경원X단항,로맨틱,,"일러스트,만화",,https://dongne.co/event/game07/circles/595818,제7회 오락관,Day2,붕괴:스타레일
경단제작소,류논,,,,,2sp,붕괴 스타레일,,,"경원, 단항",경원X단항,로맨틱,,"소설,만화",,https://dongne.co/event/game07/circles/598799,제7회 오락관,Day2,붕괴: 스타레일
경단주유소,슈님,,,,,1sp,붕괴 스타레일,,,"경원, 단항",경원X단항,로맨틱,,만화,tbfkdqnfkd,https://dongne.co/event/game07/circles/598545,제7회 오락관,Day2,붕괴: 스타레일
고대중남드림충,강천비,,,,,2sp,연운십육성,진 삼국무쌍 오리진,,,주인공X강무랑,"섹슈얼,로맨틱",자란조조,,,https://dongne.co/event/game07/circles/643634,제7회 오락관,Day2,연운십육성
고라포덕,42,,,,,1sp,포켓몬,보컬로이드,,,,,,,,https://dongne.co/event/game07/circles/612707,제7회 오락관,Day2,포켓몬
고서점가의 우우울트라C,지학,,,,,1sp,고서점가의 하시히메,우우울트라C,,,,"섹슈얼,로맨틱","타마모리른, 아키쇼, 벨시로, 요미쥬로",,qy_xl3,https://dongne.co/event/game07/circles/614854,제7회 오락관,Day2,고서점가의 하시히메
고양이부리또!!,퓨래,,,,,2sp,오오에 ,미정,,"오오사키, 신바시",,"로맨틱,섹슈얼",,"일러스트,만화",pupurae,https://dongne.co/event/game07/circles/615573,제7회 오락관,Day2,오오에 
고양이와오리,하품고양이,,,,,2sp,"그랜드 체이스, 사우스 파크: 프랙처드 벗 홀",,,버터스 스타치(카오스 교수),하르페X로난,,,"만화,소설,기타",goyang0317,https://dongne.co/event/game07/circles/618012,제7회 오락관,Day2,"그랜드 체이스, 사우스 파크: 프랙처드 벗 홀"
고작 재판 하나 가지고 내가 이러고 있다,잠칸,,,,,2sp,역전재판,,,"오도로키호스케 아오이다이치, 가류쿄야",가류쿄야X오도로키호스케,로맨틱,가류쿄야x오도로키호스케,만화,_gaesamsoong,https://dongne.co/event/game07/circles/603311,제7회 오락관,Day2,역전재판
공격 드가겠습니다,주박,,,,,2sp,오오에 (大穢),,,오오사키,오오사키X시즈마,"섹슈얼,로맨틱",오오사키X신바시,"만화,소설",z00bak_2,https://dongne.co/event/game07/circles/620697,제7회 오락관,Day2,오오에
공허신곡,BG,,,,,2sp,세포신곡 할로우나이트 테일즈런너,프로젝트세카이,,,,,,,bg_genre,https://dongne.co/event/game07/circles/620091,제7회 오락관,Day2,세포신곡 할로우나이트 테일즈런너
과중량,인벤토리,,,,,1sp,,,,,,,,,,https://dongne.co/event/game07/circles/607625,제7회 오락관,Day2,
교벅도벅,빈칸,,,,,2sp,붕괴 스타레일,,확률론적 겜블링 메이트,"Dr.레이시오, 어벤츄린",Dr.레이시오X어벤츄린,로맨틱,,"일러스트,공예,조형",binkan_eo,https://dongne.co/event/game07/circles/597792,제7회 오락관,Day2,붕괴: 스타레일
교수님 종강해주세요,hElsea,,,,,1sp,붕괴 스타레일,,확률론적 겜블링 메이트,"레이시오, 어벤츄린",레이시오X어벤츄린,,,"소설,일러스트",,https://dongne.co/event/game07/circles/633379,제7회 오락관,Day2,붕괴 스타레일
구~한 하루 되세요,qorekdud02,,,,,1sp,고서점가의 하시히메,,,,,,,,miinouwaa_1,https://dongne.co/event/game07/circles/614868,제7회 오락관,Day2,고서점가의 하시히메
구치소,제비,,,,,2sp,페르소나4,,전서 등록 100% ,,아다치 토오루X주인공,,,,,https://dongne.co/event/game07/circles/599760,제7회 오락관,Day2,페르소나4
국제 만두찜기 디자인 박람회,만두1호,,,,,1sp,오오에 (大穢),,,"오오사키, 시오도메",오오사키X시오도메,,,소설,bewareofmandu,https://dongne.co/event/game07/circles/614544,제7회 오락관,Day2,오오에
그딴건 니가 해야돼,"맆히, 멍킴",,,,,2sp,테일즈런너,,세상에 테런 쁘띠존이 어딨어? 맞아 컨셉충이네,"하루, 하랑",하루X하랑,"로맨틱,섹슈얼",,"소설,기타,만화,일러스트","r1708090719, revoiution2",https://dongne.co/event/game07/circles/618988,제7회 오락관,Day2,테일즈런너
그럼 우리 폐급해도 되니?,.,,,,,2sp,,,,,,,,,,https://dongne.co/event/game07/circles/613870,제7회 오락관,Day2,
그리고아케치사랑해,사과,,,,,1sp,페르소나 5 더 로열,페르소나 시리즈,전서 등록 100% ,"주인공(아마미야 렌), 아케치 고로",쿠사나기 네네X오오토리 에무,로맨틱,,소설,6920599nit,https://dongne.co/event/game07/circles/605493,제7회 오락관,Day2,페르소나 5 더 로열
그리두어라!,timneh,,,,,1sp,"오버워치, 데스티니 가디언즈 ",,,,,,,,,https://dongne.co/event/game07/circles/609702,제7회 오락관,Day2,"오버워치, 데스티니 가디언즈 "
극3코인큰거온다,엔디안,,,,,1sp,용과같이,드래곤에이지,"나, 천계를 얻었노라!","미네 요시타카, 도지마 다이고",미네 요시타카X도지마 다이고,"로맨틱,섹슈얼",,소설,ee_rgg_md,https://dongne.co/event/game07/circles/609338,제7회 오락관,Day2,용과같이
금발도 신사를 좋아해,환락튀김,,,,,1sp,붕괴 스타레일,,확률론적 겜블링 메이트,"Dr. 레이시오, 어벤츄린",Dr. 레이시오X어벤츄린,로맨틱,,,,https://dongne.co/event/game07/circles/612257,제7회 오락관,Day2,붕괴: 스타레일
깨어나라 셰퍼드! 깨어나서 우리와 같이 매스릴레이로 연결된 하수구로 만들어진 지하세계의 목숨의 위협을 피해 도망다니며 평생을 촛농같은 죽만 먹으면서 살자!,"얄메다,톨샄,인어맨",,,,,2sp,"매스이펙트,발로란트","산나비, 워프레임,p의거짓",,,,,,"만화,공예",,https://dongne.co/event/game07/circles/596960,제7회 오락관,Day2,"매스이펙트,발로란트"
꿈을 크게 갖고 파산하기,"모이, 회색",,,,,2sp,로드 오브 히어로즈,,,"브랜든, 카론, 브란두흐",,,,,,https://dongne.co/event/game07/circles/620471,제7회 오락관,Day2,로드 오브 히어로즈
나가노현 고원에 숲이랑 호수로 둘러쌓인 작은 별장이 있어. 거기로 이사가자. 그리고... 결혼하자. ,Deng,,,,,1sp,오오에 (大穢),,,"오오사키, 시즈마",,,,,deng09n10,https://dongne.co/event/game07/circles/615182,제7회 오락관,Day2,오오에
나만 아는 부스,yuri,,,,,2sp,페르소나,"페르소나5, 소닉, 세포신곡, 할로우 나이트, 오오에",,,,,,일러스트,thefr0gile,https://dongne.co/event/game07/circles/623081,제7회 오락관,Day2,페르소나
나방9첩반상,뤨,,,,,1sp,페이트/그랜드 오더,,,"오베론, 아르토리아 캐스터",,로맨틱,,만화,kkimi7205838,https://dongne.co/event/game07/circles/604667,제7회 오락관,Day2,페이트/그랜드 오더
나오하가 너무조하,코리안더파티,,,,,2sp,포켓몬,,,"스카바이, 나오하, 고양이 포켓몬 위주",페퍼X푸름,로맨틱,,"만화,일러스트",coriander_party,https://dongne.co/event/game07/circles/602242,제7회 오락관,Day2,포켓몬
나의 늙은 곰과 젊은 티플링 두명,산신,,,,,1sp,발더스게이트3,,,"할신, 아스타리온",,,,"소설,기타",wsansin71126,https://dongne.co/event/game07/circles/640137,제7회 오락관,Day2,발더스 게이트
나의밤난초스완당신을보고첫눈에반했습니다,와루,,,,,2sp,발더스게이트3,"젤다의 전설, 스플래툰",,섀도하트,,,,"만화,일러스트,소설",gmwalwal,https://dongne.co/event/game07/circles/603472,제7회 오락관,Day2,발더스게이트3
나중에 바꿀 수 있는거 맞죠,스밀,,,,,1sp,발더스게이트,"하데스, 엘든링, 세키로, 블러드본",,,,,,"일러스트,만화","stopmilk, bsky, social",https://dongne.co/event/game07/circles/607752,제7회 오락관,Day2,발더스게이트
나하하하..,미도,,,,,1sp,오오에 (大穢),,,,오오사키X타케시바,,"오오신, 오오아리",,woo0o0o471,https://dongne.co/event/game07/circles/617569,제7회 오락관,Day2,오오에
낙사맛집,냅,,,,,1sp,오버워치,,,,,,,기타,nap_human,https://dongne.co/event/game07/circles/620125,제7회 오락관,Day2,오버워치
남녀연애자유선언,은여,,,,,1sp,"Fate 시리즈, 로드 오브 히어로즈",,,,,,,,eunyu0,https://dongne.co/event/game07/circles/604402,제7회 오락관,Day2,"Fate 시리즈, 로드 오브 히어로즈"
남자가사랑할때,노예사랑,,,,,1sp,붕괴 스타레일,,,,,,,,,https://dongne.co/event/game07/circles/599390,제7회 오락관,Day2,붕괴스타레일
내가 맞아.,흰지,,,,,1sp,로드 오브 히어로즈,프리파라,,,프라우X로드X 남),로맨틱,아사코요,,ajw6941,https://dongne.co/event/game07/circles/633418,제7회 오락관,Day2,로드 오브 히어로즈
내가 엑스발판에게 간다,"니악, 아샷추국밥",,,,,2sp,테일즈런너,,세상에 테런 쁘띠존이 어딨어? 맞아 컨셉충이네,,,,,"만화,일러스트,기타","niackbara, iiilll356235",https://dongne.co/event/game07/circles/616090,제7회 오락관,Day2,테일즈런너
냄새나는맵도 구더기도 엿같은 패턴도 전부 죄인의길바퀴벌레내장국밥 하나면 든든하게 걸을수있죠,.,,,,,2sp,,,,,,,,,,https://dongne.co/event/game07/circles/595877,제7회 오락관,Day2,
냐냐냥,tos,,,,,2sp,페르소나4,,전서 등록 100% ,도지마 나나코,,,,,tosssqqq,https://dongne.co/event/game07/circles/613452,제7회 오락관,Day2,페르소나 4
냥밥,냥밥,,,,,1sp,오오에 (大穢),"하시히메,우우울트라C",,신바시,,로맨틱,,만화,rpdlarpwjd_,https://dongne.co/event/game07/circles/606246,제7회 오락관,Day2,오오에
냥왕성,오처,,,,,1sp,오오에 (大穢),,,"오오사키, 신바시",오오사키X신바시,,,소설,t1sqktl,https://dongne.co/event/game07/circles/632335,제7회 오락관,Day2,오오에
너 지금 엘쏜의 **핵심**을 찔렀어,순봉식,,,,,4sp,명일방주,,,,엘리시움X쏜즈,,,,,https://dongne.co/event/game07/circles/594996,제7회 오락관,Day2,명일방주
너와 친구 이상이 되고싶어,냥떡,,,,,1sp,페르소나3 리로드,,전서 등록 100% ,,모치즈키 료지X3주(남주인공),,,만화,thanatosmess1ah,https://dongne.co/event/game07/circles/608695,제7회 오락관,Day2,페르소나3 리로드
널대신할사람은없고나는네신이아니야나는개척의이름으로네가나아가는길을지키겠어언젠가이모든것이끝나는날너를다시보고싶으니까,정새,,,,,2sp,붕괴 스타레일,"리버스:1999, 아이돌리쉬 세븐",,,단항X카일루스,"로맨틱,해당없음","카일루스x단항, 유키x모모, 마샤x센티넬","만화,일러스트,기타",,https://dongne.co/event/game07/circles/620545,제7회 오락관,Day2,붕괴: 스타레일
네 사바캉에 유령을 탔어,"프오, HO",,,,,2sp,오오에 (大穢),,,"오오사키, 아오미, 시즈마, 신바시",오오사키X아오미,"로맨틱,섹슈얼","오오사키 X 시즈마, 오오사키 X 신바시","소설,기타","popopoooea, ooe_ho",https://dongne.co/event/game07/circles/617459,제7회 오락관,Day2,오오에
네가 레하면 나도 츄,츄,,,,,2sp,붕괴 스타레일,,확률론적 겜블링 메이트,"Dr.레이시오, 어벤츄린",Dr.레이시오X어벤츄린,"섹슈얼,로맨틱",,"만화,일러스트",turine_chu,https://dongne.co/event/game07/circles/605095,제7회 오락관,Day2,붕괴:스타레일
"네가 온다면,",오이피클,,,,,1sp,마법사의 약속,18TRIP,,"파우스트 라위니아, 도메키 쿠구리",,,,소설,pick_mhyk,https://dongne.co/event/game07/circles/602762,제7회 오락관,Day2,마법사의 약속
네가그려,기설,,,,,1sp,프로젝트 세카이,,,"카미시로 루이, 텐마 츠카사",카미시로 루이X텐마 츠카사,로맨틱,,"만화,일러스트",,https://dongne.co/event/game07/circles/603042,제7회 오락관,Day2,프로젝트 세카이
넨도기원부스,tkdsl,,,,,1sp,오오에 (大穢),마법사의 약속,,,,,,,,https://dongne.co/event/game07/circles/632964,제7회 오락관,Day2,오오에
노키즈존 키즈카페,초과,,,,,1sp,"프리즘스톤, 포켓몬스터","프리파라, 킹 오브 프리즘, 프리티시리즈",,,,,,일러스트,prism_jjang,https://dongne.co/event/game07/circles/603690,제7회 오락관,Day2,"프리즘스톤, 포켓몬스터"
눈을 감아야 함니까,구,,,,,1sp,페르소나3,,전서 등록 100% ,,,,,,sd_13927,https://dongne.co/event/game07/circles/634233,제7회 오락관,Day2,페르소나3
느짓살이,단삭,,,,,1sp,명일방주,,,인사이더,,,,,dansak_ak,https://dongne.co/event/game07/circles/601571,제7회 오락관,Day2,명일방주
니 스승의 한계를 보려 하는가,달안개,,,,,2sp,역전재판,,,"아소기 카즈마, 바로크 반직스, 나루호도 류노스케",종자X바로크 반직스,로맨틱,아소류,소설,dalfog_,https://dongne.co/event/game07/circles/609932,제7회 오락관,Day2,대역전재판
니시키가 텟펜에서 낮잠 잘 동안 키류는 카무로쵸 백바퀴 돌기 ,노숙자,,,,,1sp,용과같이,,,,,,,,,https://dongne.co/event/game07/circles/620452,제7회 오락관,Day2,용과같이
다끼던을 마주하라,강페페,,,,,2sp,다키스트 던전,"다크소울, 바이오하자드(레지던트 이블)",,"디스마스, 레이널드 위주",디스마스X레이널드,로맨틱,,"만화,일러스트",dd_pepekang,https://dongne.co/event/game07/circles/616025,제7회 오락관,Day2,다키스트 던전
다아트: 서초구,신살자,,,,,2sp,진 여신전생 V Vengeance,"진·여신전생 3 녹턴,  데빌 서머너 쿠즈노하 라이도우 대 초력병단 등",,나호비노,,,,게임,124opq,https://dongne.co/event/game07/circles/604812,제7회 오락관,Day2,진·여신전생 5 Vengeance
다크월드 5 더 로얄 -RELOAD-,히쨩,,,,,2sp,"페르소나3,5 / 델타룬",,,,,,,"만화,일러스트,공예",486_0811,https://dongne.co/event/game07/circles/605148,제7회 오락관,Day2,"페르소나3,5 / 델타룬"
달리기는 못하지만 마음만은 런너,도몽,,,,,1sp,테일즈런너,,세상에 테런 쁘띠존이 어딨어? 맞아 컨셉충이네,올캐릭터,,해당없음,올캐러,"만화,일러스트",stock_dtr,https://dongne.co/event/game07/circles/637049,제7회 오락관,Day2,테일즈런너
당남이사랑할때,심해,,,,,1sp,성세천하,,,"이태, 무원조",,로맨틱,,소설,liangyuan_4599,https://dongne.co/event/game07/circles/618493,제7회 오락관,Day2,성세천하
당신의 오퍼레이터를 jyama 하지 마십시오.,오전,,,,,1sp,명일방주,,,로고스 이그제큐터 엘리시움,쏜즈X엘리시움,로맨틱,,만화,pienn_pm,https://dongne.co/event/game07/circles/615882,제7회 오락관,Day2,명일방주
대기,밍밍,,,,,1sp,,,,,,,,,,https://dongne.co/event/game07/circles/614315,제7회 오락관,Day2,
대빈민이 됏어요,쉬푸,,,,,1sp,오오에 (大穢),,,오오사키 타케시바 신바시 그외 ,,"섹슈얼,로맨틱",오오신 ,"만화,일러스트,공예",eshi_000,https://dongne.co/event/game07/circles/617216,제7회 오락관,Day2,오오에
댄싱래빗,댄싱래빗,,,,,2sp,,,,,,,,,,https://dongne.co/event/game07/circles/595394,제7회 오락관,Day2,
더비더비더비 어어어어,심마,,,,,2sp,오오에 (大穢),"세포신곡, 아이나나, 틱택토",,오오사키,카노 아오구X아토 하루키,로맨틱,,"만화,소설,일러스트",shimma_0531,https://dongne.co/event/game07/circles/595453,제7회 오락관,Day2,오오에
데드 바이 옵치라이트,gkdis1228,,,,,2sp,오버워치,"데드 바이 데이라이트, 젤다의 전설, 레이튼",,,,,,기타,doyouduu,https://dongne.co/event/game07/circles/604687,제7회 오락관,Day2,오버워치
도깨비상점,도깨비상점,,,,,2sp,,,,,,,,공예,,https://dongne.co/event/game07/circles/600978,제7회 오락관,Day2,
도데모이이,봉밥,,,,,1sp,페르소나,델타룬,전서 등록 100% ,"3주인공, 4주인공, 5주인공",,,,일러스트,mesi2pai,https://dongne.co/event/game07/circles/611967,제7회 오락관,Day2,페르소나
도라지와 뚜벅쵸,도라지,,,,,1sp,포켓몬 ,"피크민,스타레일 ",,,,,,,frogjem,https://dongne.co/event/game07/circles/604211,제7회 오락관,Day2,포켓몬 
도스임시서클명,준,,,,,1sp,아머드코어 라스트레이븐,몬스터헌터 와일즈,,,,,,만화,"junya34, bsky, social",https://dongne.co/event/game07/circles/613924,제7회 오락관,Day2,아머드코어 라스트레이븐
돈이 없다고 영웅을 오락관에 팔지맙시다,909,,,,,1sp,오버워치 2,,,"디바, 키리코, 리퍼, 아나, 솔져, 겐지, 레킹볼 등",,해당없음,,"일러스트,공예,기타",909dva,https://dongne.co/event/game07/circles/633034,제7회 오락관,Day2,오버워치2
동구리1호점,동동,,,,,1sp,스타레일,,확률론적 겜블링 메이트,"레이시오,어벤츄린",레이시오X어벤츄린,"로맨틱,섹슈얼",,일러스트,1owo_owo1,https://dongne.co/event/game07/circles/605009,제7회 오락관,Day2,스타레일
동성회 한국지부,안(경건)달,,,,,1sp,용과같이,,"나, 천계를 얻었노라!",키류 카즈마 외,,,,"일러스트,기타",eomul_geon15848,https://dongne.co/event/game07/circles/633725,제7회 오락관,Day2,용과같이
동인나라,육개,,,,,2sp,테일즈런너,"젤다의전설, 역전재판",세상에 테런 쁘띠존이 어딨어? 맞아 컨셉충이네,"엘림스 스마일, 아슈 로벨(닥터헬) / 리발",엘림스 스마일X아슈 로벨,로맨틱,,만화,yuggaepaig5,https://dongne.co/event/game07/circles/603993,제7회 오락관,Day2,테일즈런너
동인실직,가미,,,,,2sp,프로젝트 세카이,,,"카미시로 루이, 텐마 츠카사",카미시로 루이X텐마 츠카사,"로맨틱,섹슈얼",,,,https://dongne.co/event/game07/circles/595191,제7회 오락관,Day2,프로젝트 세카이
동화나라 다이어리,무해무해,,,,,1sp,테일즈런너,,세상에 테런 쁘띠존이 어딨어? 맞아 컨셉충이네,마키,,,,일러스트,muhae_muhae,https://dongne.co/event/game07/circles/639975,제7회 오락관,Day2,테일즈런너
동화나라 부흥회,옥익룡옥,,,,,1sp,테일즈런너,,세상에 테런 쁘띠존이 어딨어? 맞아 컨셉충이네,올캐릭터,,,,기타,girl_true_human,https://dongne.co/event/game07/circles/614558,제7회 오락관,Day2,테일즈런너
뒷산한계점,쟈근곰,,,,,2sp,프로젝트 세카이,,,"아오야기 토우야, 시노노메 아키토",아오야기 토우야X시노노메 아키토,"로맨틱,섹슈얼",토우아키,"만화,일러스트",,https://dongne.co/event/game07/circles/595068,제7회 오락관,Day2,프로젝트세카이
디텍티브 토크 ,슈딘,,,,,1sp,페르소나5,,전서 등록 100% ,아케치 고로 ,,,,소설,0s0_strs,https://dongne.co/event/game07/circles/601095,제7회 오락관,Day2,페르소나5
딸기체리타르트,빌려온강아지,,,,,1sp,트위스티드 원더랜드,,,"리들 로즈하트, 에이스 트라폴라",리들 로즈하트X에이스 트라폴라,로맨틱,,만화,ttwelb4,https://dongne.co/event/game07/circles/605930,제7회 오락관,Day2,트위스티드 원더랜드
똘콩이네,쿼카굿,,,,,2sp,붕괴 스타레일,젠존제,,,,,,,quokaisgood,https://dongne.co/event/game07/circles/636984,제7회 오락관,Day2,붕괴 스타레일
뚱스페르마타,연서,,,,,1sp,붕괴 스타레일,,,"히아킨, 파이논, 아낙사, 카스토리스",,,,"일러스트,기타",tkdqntkdwh,https://dongne.co/event/game07/circles/635903,제7회 오락관,Day2,붕괴:스타레일
레드그레이브 향우회,뼝,,,,,1sp,데빌 메이 크라이,다키스트 던전,,"단테(DMC), 버질(DMC), 네로(DMC) 고행자(다키스트 던전)",,,,기타,paladin080,https://dongne.co/event/game07/circles/643919,제7회 오락관,Day2,데빌 메이 크라이(DMC)
롬다롬다롬,도람,,,,,2sp,포켓몬,스플래툰 프리큐어 앙스타,,,,,,,doramdarom,https://dongne.co/event/game07/circles/596328,제7회 오락관,Day2,포켓몬
르동블랙 세마스기루 부스,33,,,,,2sp,오오에 (大穢),,,"오오사키, 아리아케, 신바시",,,,,_3o03_,https://dongne.co/event/game07/circles/615132,제7회 오락관,Day2,오오에
르블랑카레도둑,고봉밥,,,,,1sp,페르소나5,,전서 등록 100% ,,,,,만화,,https://dongne.co/event/game07/circles/597151,제7회 오락관,Day2,페르소나5
마따따비클럽,모뜨,,,,,1sp,오오에 (大穢),마법사의약속,,신바시,오오사키X신바시,해당없음,오오아리(오오사키x아리아케),"만화,일러스트",_graveyard444,https://dongne.co/event/game07/circles/618834,제7회 오락관,Day2,오오에
마리포사의 보물상자,마리포사,,,,,2sp,해리포터,,,,,,,,,https://dongne.co/event/game07/circles/634890,제7회 오락관,Day2,해리포터
마무쟈 연구회,정원사,,,,,1sp,파이널판타지14,언라이트,,조라쟈,조라쟈X굴루쟈쟈,섹슈얼,,소설,485gys,https://dongne.co/event/game07/circles/634232,제7회 오락관,Day2,파이널판타지14
마오공방,MAO,,,,,1sp,"페르소나3, 5",오오에,전서 등록 100% ,"3주,아이기스,5주,아케치,오오사키,신바시",아마미야 렌X아케치 고로,로맨틱,"주아이,아라햄,오오신",일러스트,,https://dongne.co/event/game07/circles/607469,제7회 오락관,Day2,"페르소나3, 5"
마지마10000000명과 싸우기vs하루카랑 평생 절교하기_키류카즈마 대답:,동차,,,,,1sp,"용과같이,페르소나4",,"나, 천계를 얻었노라!","마지마 고로, 키류 카즈마",마지마 고로X키류 카즈마,"로맨틱,섹슈얼",아다도지,"일러스트,만화",car_10001,https://dongne.co/event/game07/circles/612574,제7회 오락관,Day2,"용과같이,페르소나4"
말랑뽀작우유식빵,아노센,,,,,2sp,스타레일,원신 젠레스존제로 ,,,,,,,,https://dongne.co/event/game07/circles/604986,제7회 오락관,Day2,스타레일
맛있는 파스타,NP,,,,,2sp,원신,스타레일,,,,,,,,https://dongne.co/event/game07/circles/595712,제7회 오락관,Day2,원신
맹파,Di,,,,,2sp,발더스게이트3,,,올컴패,,,,"만화,공예",mutual_ko,https://dongne.co/event/game07/circles/608562,제7회 오락관,Day2,발더스 게이트3
머나먼 엘도라도에,에밀,,,,,2sp,레뷰,,,,,,,"만화,일러스트",rr_amil,https://dongne.co/event/game07/circles/605845,제7회 오락관,Day2,레뷰
먹다만우동,순두부우동,,,,,1sp,붕괴 스타레일,,,,,로맨틱,,만화,,https://dongne.co/event/game07/circles/606363,제7회 오락관,Day2,붕괴 스타레일
멍냥을잊는법,Kekeke,,,,,1sp,오오에 (大穢),"단간론파, 드라마티컬 머더",,신바시,오오사키X신바시,해당없음,"오마사이, 코우아오 ",만화,xzgix,https://dongne.co/event/game07/circles/614466,제7회 오락관,Day2,오오에
메론빵호타고출항해서세상구하기,"겜용팔, 사화",,,,,1sp,오버워치,미우404,,,,,,,yong_fal1863,https://dongne.co/event/game07/circles/620873,제7회 오락관,Day2,오버워치
메카에 타라 송하나,찹쌀붕어빵,,,,,2sp,오버워치,,,,,,,,chabboong,https://dongne.co/event/game07/circles/620175,제7회 오락관,Day2,오버워치
모델인형,고정희,,,,,1sp,원신,명탐정 코난,,원신,,,,,,https://dongne.co/event/game07/circles/639242,제7회 오락관,Day2,원신
모리잉,에피,,,,,1sp,명일방주,,,,,,,,,https://dongne.co/event/game07/circles/605356,제7회 오락관,Day2,명일방주
모스가 태어나는 곳.v2,피네,,,,,1sp,페이트/그랜드 오더,,,"알트리아 캐스터(아르토리아 캐스터), 오베론",오베론X알트리아 캐스터(아르토리아 캐스터),"로맨틱,섹슈얼",,소설,__pkoverata,https://dongne.co/event/game07/circles/604492,제7회 오락관,Day2,페이트/그랜드 오더
묘크림말차빵,도묘,,,,,1sp,프로젝트 세카이,"프로젝트 세카이, 파이널판타지14, 명조",,"아즈사와 코하네, 시라이시 안, 시노노메 아키토, 아오야기 토우야, 스펜, 에이메스",,,,일러스트,m_2__o,https://dongne.co/event/game07/circles/608947,제7회 오락관,Day2,프로젝트 세카이
묘크림말차빵 분점,말차,,,,,1sp,프로젝트 세카이,,,,카미시로 루이X쿠사나기 네네,,,소설,81tter_sweet,https://dongne.co/event/game07/circles/603991,제7회 오락관,Day2,프로젝트 세카이
무너랑 개구리랑,케루,,,,,2sp,페르소나,포켓몬,,,,,,"일러스트,조형",keru_kaero,https://dongne.co/event/game07/circles/606540,제7회 오락관,Day2,페르소나
무언가의 반죽 상태,금식,,,,,2sp,술탄의게임,,,페리스,,,,만화,go_d_eater,https://dongne.co/event/game07/circles/603640,제7회 오락관,Day2,술탄의 게임
무장사(무진장장르사진많은곳) ,광,,,,,2sp,페르소나3,"오버워치, 아이돌리쉬세븐, 마법사의 약속",,선배조,,해당없음,아키미츠신지,만화,enomatsuname,https://dongne.co/event/game07/circles/595374,제7회 오락관,Day2,페르소나3
무적의 구체와 무적의 챔피언은 다른 것,멘사,,,,,1sp,발더스게이트3,포켓몬스터,,,게일X타브,,,만화,169_pkmbg,https://dongne.co/event/game07/circles/634778,제7회 오락관,Day2,발더스게이트3
뭐가나올지 나도모름,방주,,,,,1sp,붕괴: 스타레일 ,,확률론적 겜블링 메이트,,,해당없음,,,grottsca_jo,https://dongne.co/event/game07/circles/599814,제7회 오락관,Day2,붕괴: 스타레일 
뭐든내겟지,나긔,,,,,1sp,,,,,,,,,,https://dongne.co/event/game07/circles/600850,제7회 오락관,Day2,
뭐라도내겠지,"잡, 이응",,,,,2sp,"페르소나3, 페르소나4",메타포:리판타지오,전서 등록 100% ,햄코,,,,"만화,일러스트",dangeroustaku,https://dongne.co/event/game07/circles/596593,제7회 오락관,Day2,"페르소나3, 페르소나4"
미정,닷물,,,,,2sp,,,,,,,,,,https://dongne.co/event/game07/circles/613974,제7회 오락관,Day2,
미정,잡초,,,,,1sp,오오에 (大穢),,,"오오사키, 시즈마",오오사키X시즈마,,,만화,,https://dongne.co/event/game07/circles/619746,제7회 오락관,Day2,오오에
미친 그림러 모드 on,구마린,,,,,2sp,파이널판타지14,무기미도,,,에스티니앙X이젤,,,,coumarinnn,https://dongne.co/event/game07/circles/600446,제7회 오락관,Day2,파이널 판타지 14
밀키트 연구소,하하하,,,,,1sp,페이트 그랜드 오더,,,"로마니, 솔로몬, 게티아",,,,"일러스트,만화",myg_8028,https://dongne.co/event/game07/circles/643931,제7회 오락관,Day2,페이트 그랜드 오더
바니바니 바니바니 (담금 담금),버섯,,,,,2sp,오오에 (大穢),우우울트라C,,,,,,"만화,일러스트",a__nokonoko,https://dongne.co/event/game07/circles/617347,제7회 오락관,Day2,오오에
발더스ZA,게게,,,,,2sp,발더스게이트3,포켓몬스터 ZA,,,,,,,clockbunnystar,https://dongne.co/event/game07/circles/606922,제7회 오락관,Day2,발더스 게이트 3
발더스게이트 돔구장 건설 추진위원회,DP,,,,,1sp,발더스게이트3,,,발더게 올캐러,,,,만화,blueduc_,https://dongne.co/event/game07/circles/637510,제7회 오락관,Day2,발더스 게이트
발더스게이트로 가자 ,HIMU,,,,,1sp,발더스게이트3,,,"아스타리온, 게일 ",,로맨틱,게일 x 타브 ,일러스트,himu_fanart,https://dongne.co/event/game07/circles/605283,제7회 오락관,Day2,발더스 게이트3
발더스의개,해인,,,,,2sp,발더스게이트3,,,,,,,"일러스트,만화",haein_0214_,https://dongne.co/event/game07/circles/598196,제7회 오락관,Day2,발더스게이트3
발도롱게이트,고구마장수,,,,,1sp,발더스게이트,,,아스타리온 / 게일 / 올캐러,,,,,goguma_no_card,https://dongne.co/event/game07/circles/621360,제7회 오락관,Day2,발더스게이트
발등튀김뷔페,플레인요거트,,,,,1sp,,,,,단테X에이트,로맨틱,,,,https://dongne.co/event/game07/circles/622068,제7회 오락관,Day2,
밥심으로 운영중,tjsdn653,,,,,1sp,젤다의 전설,"포켓몬스터,페이트,페스페",,,,,,,,https://dongne.co/event/game07/circles/635430,제7회 오락관,Day2,젤다의 전설
밥찵여,아샷추,,,,,2sp,스타레일,,,파이논 마이데이,파이논X마이데이,,,,chu_asdf,https://dongne.co/event/game07/circles/636519,제7회 오락관,Day2,스타레일
백봉회 한국지부,봉식이,,,,,1sp,용과같이,,"나, 천계를 얻었노라!","미네, 다이고",,"로맨틱,섹슈얼",,"만화,일러스트",bong_001,https://dongne.co/event/game07/circles/609196,제7회 오락관,Day2,용과같이
백스테이지,.,,,,,1sp,프로젝트 세카이 컬러풀 스테이지! feat. 하츠네 미쿠,,,"카미시로 루이, 텐마 츠카사",카미시로 루이X텐마 츠카사,로맨틱,,"만화,기타",,https://dongne.co/event/game07/circles/595316,제7회 오락관,Day2,프로젝트 세카이 컬러풀 스테이지! feat.하츠네 미쿠
뱀파이어스폰보호구역,산미,,,,,1sp,발더스게이트3,,,아스타리온,,"로맨틱,섹슈얼",,"만화,소설,기타",sanmi_guel_,https://dongne.co/event/game07/circles/607056,제7회 오락관,Day2,발더스게이트3
버니 디저트,팡스,,,,,1sp,마비노기,파이널판타지14,,,,,,,,https://dongne.co/event/game07/circles/617248,제7회 오락관,Day2,마비노기
베이커가 코스터가든 ,파즈스피,,,,,1sp,역전재판,,,"아소기 카즈마, 나루호도 류노스케, 바로크 반직스, 셜록 홈즈, 아이리스 ",,,,기타,pazspi_,https://dongne.co/event/game07/circles/605782,제7회 오락관,Day2,대역전재판
별무리상점,밀티,,,,,2sp,스타레일,원신,,,,,,,,https://dongne.co/event/game07/circles/604511,제7회 오락관,Day2,스타레일
보라빨강 나오는 부스,이노,,,,,2sp,,,,,,,,,,https://dongne.co/event/game07/circles/605516,제7회 오락관,Day2,
봄 큐에이,aran,,,,,2sp,누카니발,,,"큐야,에이트",큐야X에이트,"로맨틱,섹슈얼",,,,https://dongne.co/event/game07/circles/605909,제7회 오락관,Day2,누카니발
부스라고 쓰고 슈뢰딩거의 마감일정이라고 읽는,마루,,,,,2sp,,,,,,,,,,https://dongne.co/event/game07/circles/600194,제7회 오락관,Day2,
부스명 416분째 고민 중,벤,,,,,1sp,붕괴 스타레일,,확률론적 겜블링 메이트,"레이시오, 어벤츄린",Dr.레이시오X어벤츄린,로맨틱,,기타,ven_0417,https://dongne.co/event/game07/circles/604248,제7회 오락관,Day2,붕괴:스타레일
부스명 뭐하지,초봉,,,,,1sp,붕괴 스타레일,아이나나,,단항,,,,,,https://dongne.co/event/game07/circles/601569,제7회 오락관,Day2,붕괴스타레일
부스명하나는기깔나게지었습니다,교수사랑,,,,,1sp,붕괴 스타레일,,,"어벤츄린, Dr.레이시오",,로맨틱,,만화,,https://dongne.co/event/game07/circles/604762,제7회 오락관,Day2,붕괴:스타레일
북슬 엘프와 늙은 난쟁이들,"털털톨톨, 판초",,,,,2sp,발더스게이트3,,,"할신, 자헤이라, 타브, 더지",,,,"만화,소설,기타",tultoltultol,https://dongne.co/event/game07/circles/604283,제7회 오락관,Day2,발더스게이트3
분홍색 퐁당,찐빵,,,,,1sp,페이트/그랜드 오더,,,"오베론, 아르토리아 캐스터",오베론X아르토리아 캐스터,,,,burst_zb,https://dongne.co/event/game07/circles/604674,제7회 오락관,Day2,페이트/그랜드 오더
붕괴:1999,공병뚜껑,,,,,1sp,"리버스1999,스타레일,원신",,,37,,,,일러스트,0bttgg_,https://dongne.co/event/game07/circles/607312,제7회 오락관,Day2,"리버스1999,스타레일,원신"
블록놀이 총놀이 영웅놀이 그리고 아내찾기,"버디, 쌉테부인, 양파",,,,,2sp,콜 오브 듀티,"사일런트힐, 오버워치, 레지던트이블, 포세이큰, 로블록스",,"게스트, 고스트, 레온케네디 외",,,,,qjel_01,https://dongne.co/event/game07/circles/635526,제7회 오락관,Day2,콜오브듀티
빛장빛사,에사,,,,,1sp,에리오스 라이징 히어로즈,,,,주니어X페이스,로맨틱,빌리그레,만화,,https://dongne.co/event/game07/circles/597210,제7회 오락관,Day2,에리오스 라이징 히어로즈
사랑이 쉬워?,지호,,,,,1sp,붕괴 스타레일,,,블레경원,블레이드X경원,로맨틱,,소설,jihostarail,https://dongne.co/event/game07/circles/599792,제7회 오락관,Day2,붕괴 스타레일
사장님 여기 커피랑 팬케이크 하나씩 부탁드려요!,단무,,,,,1sp,페르소나5,,,,주인공X아케치 고로,로맨틱,,,nageune_sibtaku,https://dongne.co/event/game07/circles/604779,제7회 오락관,Day2,페르소나 5
산지직송,강원도감자,,,,,1sp,명일방주,파판14,,,,,,,,https://dongne.co/event/game07/circles/633958,제7회 오락관,Day2,명일방주
산타는 귀신이 아니라니까!,A2,,,,,1sp,역전재판,"오오에,히프노시스마이크",,,,로맨틱,,"만화,일러스트",a298400_2,https://dongne.co/event/game07/circles/638650,제7회 오락관,Day2,역전재판
살아라 그대는 키즈나다,제라,,,,,1sp,페르소나3,,전서 등록 100% ,,주인공(페르소나3)X아이기스,,,,geranium0305,https://dongne.co/event/game07/circles/607380,제7회 오락관,Day2,페르소나3
삼국회담,몹주,,,,,1sp,Lkyt.,"붕괴: 스타레일, 델타룬",,,,,,만화,,https://dongne.co/event/game07/circles/611281,제7회 오락관,Day2,Lkyt.
삼주바라의은총,lin,,,,,1sp,페르소나,,전서 등록 100% ,"페르소나3,5 ",페르소나3 남자주인공X아이기스,해당없음,코드기아스 루루나나,일러스트,l8l828,https://dongne.co/event/game07/circles/607771,제7회 오락관,Day2,페르소나
새문서,에머디,,,,,2sp,명일방주,,,,,,,,,https://dongne.co/event/game07/circles/611596,제7회 오락관,Day2,명일방주
생태계 최하위 생명체와 외계인 아빠가 가족이라구요?!,유,,,,,1sp,"피크민 (1 ,2, 3디럭스, 4)",,,"피크민, 올리마, 루이",,,,"일러스트,사진,기타,게임",yu_pikmin,https://dongne.co/event/game07/circles/610308,제7회 오락관,Day2,"피크민 (1 ,2, 3디럭스, 4)"
서부웨이,꼬리,,,,,1sp,오버워치,"우마무스메, 뿌요뿌요",,"캐서디,D.va,황금일족,카방클",,,,일러스트,cqdszz,https://dongne.co/event/game07/circles/606804,제7회 오락관,Day2,오버워치
서성서성,쎔,,,,,1sp,페르소나3,페르소나4,전서 등록 100% ,,,,,,ssamesum,https://dongne.co/event/game07/circles/639857,제7회 오락관,Day2,페르소나3
서울도시공사,시공,,,,,2sp,아머드 코어 6,페그오,,,,,,,,https://dongne.co/event/game07/circles/607820,제7회 오락관,Day2,아머드코어6
석류주스와 갈비,갈비,,,,,1sp,"니어 레플리칸트, 명일방주",,,,,로맨틱,루멘x아이린,게임,galbe_back,https://dongne.co/event/game07/circles/621007,제7회 오락관,Day2,"니어 레플리칸트, 명일방주"
섬으로 가자,하티,,,,,1sp,오오에 (大穢),,,,,,,,hailoft,https://dongne.co/event/game07/circles/638297,제7회 오락관,Day2,오오에
섬이야 es야 고서점이야 딱정해,보나,,,,,1sp,오오에 (大穢),앙상블스타즈,,오오사키,,섹슈얼,린니키,,,https://dongne.co/event/game07/circles/642689,제7회 오락관,Day2,오오에
성배밥집 루비콘 2호,개피,,,,,2sp,페이트 그랜드 오더,아머드코어,,"621, 이구아수, 헥토르, 만드리카르도",헥토르X만드리카르도,"섹슈얼,로맨틱",621X이구아수,만화,,https://dongne.co/event/game07/circles/596425,제7회 오락관,Day2,페이트 그랜드 오더
세기말 오타쿠,BLEN,,,,,2sp,,,,,,,,,,https://dongne.co/event/game07/circles/600592,제7회 오락관,Day2,
세모입작렬,고고매니저,,,,,1sp,페르소나3,,전서 등록 100% ,,,,,,gogomanager1221,https://dongne.co/event/game07/circles/609386,제7회 오락관,Day2,페르소나3
세상에나오지못한명작동인지보다세상에나온졸작동인지가낫다,"HayaK, 담비",,,,,2sp,"발더스게이트3, 피크민",,,"아스타리온, 피크민, 올리마",,,,"소설,만화,기타,조형",dealwithitcyp,https://dongne.co/event/game07/circles/607773,제7회 오락관,Day2,"발더스게이트3, 피크민"
세포트립,코노,,,,,2sp,18trip (에이틴 트립),세포신곡,,,,,,만화,,https://dongne.co/event/game07/circles/639435,제7회 오락관,Day2,18trip (에이틴 트립)
소나미 충전소,메야리,,,,,1sp,소닉,,,,,,소나미,만화,me_ya_ri,https://dongne.co/event/game07/circles/595281,제7회 오락관,Day2,소닉
소록,소록,,,,,1sp,,,,,,,,,sorok_atelier,https://dongne.co/event/game07/circles/602202,제7회 오락관,Day2,
손가락이 부서지도록 눌러라!! 명령하지마라 천천히 누를거다,국밥집,,,,,1sp,테일즈런너,,세상에 테런 쁘띠존이 어딨어? 맞아 컨셉충이네,테일즈런너 캐릭터들,X,로맨틱,,"일러스트,기타",windstormxrlrol,https://dongne.co/event/game07/circles/617242,제7회 오락관,Day2,테일즈런너
솜꼬리토끼,감은눈,,,,,1sp,페르소나5,파이널판타지14,,,,"로맨틱,섹슈얼",빛전라하,,12point13,https://dongne.co/event/game07/circles/606456,제7회 오락관,Day2,페르소나5로얄
쇼난십경 -4락관편-,"AK,지평",,,,,2sp,오오에 (大穢),,,,오오사키X아리아케,로맨틱,"오오타케, 올캐릭 ",만화,"0o0e0a, tlrpzh",https://dongne.co/event/game07/circles/614830,제7회 오락관,Day2,오오에
수요 많고싶은 공급,미타,,,,,2sp,붕괴 스타레일,,확률론적 겜블링 메이트,"레이시오, 어벤츄린",레이시오X어벤츄린,로맨틱,,"일러스트,기타",marshmitanyan,https://dongne.co/event/game07/circles/618663,제7회 오락관,Day2,붕괴: 스타레일
순띠소나!!,순띠,,,,,1sp,페르소나3,,전서 등록 100% ,,,,,"일러스트,만화",sooon787,https://dongne.co/event/game07/circles/607278,제7회 오락관,Day2,페르소나3
술탄의 냐스퍼,쌀토끼,,,,,1sp,포켓몬스터,술탄의게임,,카라스바,카라스바X공준,"로맨틱,섹슈얼",드림,소설,onepiecetokki,https://dongne.co/event/game07/circles/635874,제7회 오락관,Day2,포켓몬스터
술탄의 하데스 게이트 ZA,할,,,,,2sp,발더스게이트,"하데스, 술탄의게임, 포켓몬스터ZA",,,,,,,bdgham47,https://dongne.co/event/game07/circles/606566,제7회 오락관,Day2,발더스게이트
스트리트 팰리스,륨,,,,,1sp,프로젝트 세카이,페르소나5,,,,,,,ryum_psk,https://dongne.co/event/game07/circles/604599,제7회 오락관,Day2,프로젝트 세카이
시골동네모임,이더,,,,,2sp,페르소나,,전서 등록 100% ,나루카미 유우,아다치토오루X나루카미 유우,로맨틱,하나주,일러스트,rider_0303,https://dongne.co/event/game07/circles/605476,제7회 오락관,Day2,페르소나
시쿠시쿠,농부,,,,,2sp,프로젝트 세카이,,,,카미시로 루이X텐마 츠카사,로맨틱,,만화,,https://dongne.co/event/game07/circles/595076,제7회 오락관,Day2,프로젝트 세카이
신바시 심봤다,망상,,,,,1sp,오오에 (大穢),,,"오오사키, 신바시",오오사키X신바시,로맨틱,,일러스트,mangsang_999,https://dongne.co/event/game07/circles/634127,제7회 오락관,Day2,오오에
신키바가족경영사무소,두부,,,,,1sp,오오에 (大穢),,,"시나가와,오오사키,구미",,,,소설,t_ooe_fu,https://dongne.co/event/game07/circles/618839,제7회 오락관,Day2,오오에
썬더일레븐을 기억하라 ,왕자,,,,,2sp,썬더일레븐 ,,,안계연,,,,일러스트,wanya_bust,https://dongne.co/event/game07/circles/604905,제7회 오락관,Day2,썬더일레븐 
쑥떡파인애플갈비탕,쑥떡파인애플갈비탕,,,,,1sp,페르소나4,,,,,,,,ggang8282,https://dongne.co/event/game07/circles/614704,제7회 오락관,Day2,페르소나4 피어앤헝거2
씹덕의 유산,"시오, 서목",,,,,2sp,파이널판타지14,"블랙배저, 공조살, 마차살",,"베네스, 스펜",,,,"만화,일러스트,소설",dankixio,https://dongne.co/event/game07/circles/641410,제7회 오락관,Day2,파판14
아x주 나이스,공공,,,,,1sp,페르소나,,전서 등록 100% ,,아케치X주인공,"섹슈얼,로맨틱",,"일러스트,만화",gonggong23203,https://dongne.co/event/game07/circles/596284,제7회 오락관,Day2,페르소나
아기똔개서방과아기성게냥마누라,이노,,,,,1sp,오오에 (大穢),고서점가의 하시히메,,"오오사키, 신바시",오오사키X신바시,"로맨틱,섹슈얼",,게임,kiminoxie,https://dongne.co/event/game07/circles/638856,제7회 오락관,Day2,오오에
아다주 앤솔로지 : 심야극장,쿠라게,,,,,2sp,페르소나4,,전서 등록 100% ,"아다치 토오루, 페르소나4 주인공",아다치 토오루X페르소나4 주인공,"섹슈얼,로맨틱",,만화,ads_k_anthol,https://dongne.co/event/game07/circles/597833,제7회 오락관,Day2,페르소나4
아랫도시 백합서점,과몰입플레이,,,,,2sp,발더스게이트3,,,"레이젤, 새도하트, 카를라크",,,,"만화,소설",gwmolua,https://dongne.co/event/game07/circles/605917,제7회 오락관,Day2,발더스게이트3
아르테리아 아르카부스 습격,루에,,,,,1sp,아머드코어 포앤서,아머드코어6,,"프로이트,스네일,막시밀리앙 테르미도르",프로이트X스네일,로맨틱,,만화,roe_kukim,https://dongne.co/event/game07/circles/604394,제7회 오락관,Day2,아머드코어 포앤서
아무튼 두근두근하면 되는거 아닌가요?,새우,,,,,2sp,"바이오하자드, 아라비안즈로스트",크림슨 엠파이어,,,레온 케네디X에이다 웡,,스튜어트x아이린,만화,"saeu_pub, jess_otome",https://dongne.co/event/game07/circles/603479,제7회 오락관,Day2,"바이오하자드, 아라비안즈로스트"
아뭔대코어6 그먼십의 화염,사또,,,,,2sp,아머드 코어 6,폴아웃,,"술라, 핸들러 월터",,"로맨틱,섹슈얼",배달부x부운,"만화,일러스트,기타",re_gorf,https://dongne.co/event/game07/circles/603714,제7회 오락관,Day2,아머드코어6
아방연하,鉛,,,,,1sp,,,,,,,,,,https://dongne.co/event/game07/circles/619714,제7회 오락관,Day2,
아사쿠사해마오마카세,3myeong,,,,,2sp,오오에 (大穢),,,타케시바,오오사키X타케시바,"로맨틱,섹슈얼",,"만화,일러스트,소설",myeongge,https://dongne.co/event/game07/circles/615923,제7회 오락관,Day2,오오에
아오가시마 원정단,독독,,,,,1sp,오오에 (大穢),,,"오오사키, 시오도메, 신바시",오오사키X시오도메,"로맨틱,섹슈얼",오오신,"만화,소설",dokdok_sumnol,https://dongne.co/event/game07/circles/614499,제7회 오락관,Day2,오오에
아이돌리쉬세븐도 오오에도 게임이다,임마,,,,,1sp,오오에 (大穢),,,오오사키,오오사키X다이바 시즈마,"로맨틱,섹슈얼",,만화,otakusaeggi,https://dongne.co/event/game07/circles/609090,제7회 오락관,Day2,오오에
아직도 섬에 사람이 잡혀 있다고,페퍼,,,,,2sp,오오에 (大穢),,,"오오사키, 시즈마",오오사키X시즈마,,,만화,bub_action,https://dongne.co/event/game07/circles/613465,제7회 오락관,Day2,오오에
아침밥,마늘고등어,,,,,1sp,에리오스 라이징 히어로즈,,,,,로맨틱,마리렌마리,소설,,https://dongne.co/event/game07/circles/613405,제7회 오락관,Day2,에리오스 라이징 히어로즈
아트박스,RIKI,,,,,1sp,붕괴 스타레일,,,,,,,,riki_0v0,https://dongne.co/event/game07/circles/610670,제7회 오락관,Day2,붕괴 스타레일
안녕하세요저는어려서부터안경,켇,,,,,1sp,오오에 (大穢),,,아오미,오오사키X아오미,로맨틱,,"소설,사진",oooo_ked,https://dongne.co/event/game07/circles/616100,제7회 오락관,Day2,오오에
"앉으라고, 덕질하러 왔잖아!",숨져,,,,,2sp,"발더스게이트3, 사이퍼즈","마블, 아케인",,"아스타리온, 섀도하트, 윈터 솔져(버키 반즈), 사이퍼즈 올캐러",,,,"일러스트,공예,기타",deadbg3,https://dongne.co/event/game07/circles/607164,제7회 오락관,Day2,"발더스게이트3, 사이퍼즈"
앙리 3세의 비밀 금고,김춘재,,,,,2sp,테일즈런너,1차창작,세상에 테런 쁘띠존이 어딨어? 맞아 컨셉충이네,"닥터헬, 엘림스, 담연, 하랑",닥터헬X엘림스,로맨틱,,"만화,일러스트,기타",stonedog_run,https://dongne.co/event/game07/circles/614048,제7회 오락관,Day2,테일즈런너
애플티하우스,럼블,,,,,1sp,파이널판타지14,,,,,,,"만화,일러스트",,https://dongne.co/event/game07/circles/612262,제7회 오락관,Day2,파이널판타지14
야생의 모르가나가 나타났다!,R,,,,,1sp,페르소나,포켓몬스터,전서 등록 100% ,,,,,"만화,일러스트",1arutan,https://dongne.co/event/game07/circles/606541,제7회 오락관,Day2,페르소나
야수저신혼선물세트,"용례, 지와와",,,,,2sp,용과같이,,"나, 천계를 얻었노라!",,,로맨틱,,"만화,기타,공예","like_fore, chijiwawa",https://dongne.co/event/game07/circles/612007,제7회 오락관,Day2,용과같이
야에가시마신사예대제,seram123,,,,,2sp,오오에 (大穢),,,아리아케 쇼타로,오오사키X아리아케,로맨틱,오오시즈,,nezuminokimoch,https://dongne.co/event/game07/circles/615089,제7회 오락관,Day2,오오에
야쿠자는 누군가를 사랑할 순 없는 걸까요?,창식,,,,,1sp,용과같이,,"나, 천계를 얻었노라!",도지마 다이고,미네 요시타카 X도지마 다이고,로맨틱,,만화,,https://dongne.co/event/game07/circles/609182,제7회 오락관,Day2,용과같이
얘로 피자 만들어 먹을 거임,루키,,,,,1sp,붕괴 스타레일,,확률론적 겜블링 메이트,레이시오 어벤츄린,,로맨틱,,일러스트,zephyhsr,https://dongne.co/event/game07/circles/597895,제7회 오락관,Day2,붕괴:스타레일
어떻게든된다,베빗,,,,,1sp,페르소나,,전서 등록 100% ,주인공,주인공X아케치 고로,로맨틱,"아라햄, 삼기스, 주하나","일러스트,기타",girlcolorga__,https://dongne.co/event/game07/circles/596175,제7회 오락관,Day2,페르소나
어어?너는그때그정신나간도박꾼?어어?너는그때그싸가지석고상?,신협조합원,,,,,2sp,붕괴 스타레일,,확률론적 겜블링 메이트,,Dr.레이시오X어벤츄린,,,,atozlove_,https://dongne.co/event/game07/circles/634073,제7회 오락관,Day2,붕괴:스타레일
어제의적은오늘의남편,"IKUJYO, 해사, 순두부",,,,,2sp,페르소나5,,,"주인공, 아케치 고로 ",주인공X아케치 고로,,,,"iku_p5r, wh4tis1ove, dubu2473",https://dongne.co/event/game07/circles/594881,제7회 오락관,Day2,페르소나5
어제의적은오늘의아내,"재불, 주캐",,,,,2sp,페르소나5,,,,주인공X아케치 고로,,,,"pulljjae, hhhhhhj1676",https://dongne.co/event/game07/circles/595310,제7회 오락관,Day2,페르소나5
엘리사이에데스농부네석류가게,"녹온, 리리카",,,,,2sp,붕괴 스타레일,,,,파이논X마이데이,,,,"noknok131211, lilika_rail",https://dongne.co/event/game07/circles/638904,제7회 오락관,Day2,붕괴스타레일
여우의 사랑은 세상을 구한다.,Ru,,,,,1sp,빛과 밤의 사랑,,,제신율,,로맨틱,,"만화,소설,기타",lan_rusferia,https://dongne.co/event/game07/circles/612142,제7회 오락관,Day2,빛과 밤의 사랑
여자봉변사랑협회,티슷,,,,,2sp,발더스게이트3,,,"섀도하트, 아스타리온",,,,"만화,소설",pinkteest,https://dongne.co/event/game07/circles/606800,제7회 오락관,Day2,발더스게이트3
열차조,cakedoughnut,,,,,1sp,붕괴 스타레일,앙상블 스타즈,,"개척자, 단항, 마치세븐스, 블레이드, 유성대",,,,만화,cakeofpaimon,https://dongne.co/event/game07/circles/603930,제7회 오락관,Day2,붕괴 스타레일
열차타고뺑이치기,농,,,,,1sp,붕괴 스타레일,원신,,,파이논X마이데이,"로맨틱,해당없음",타탈종려 ,"만화,일러스트",chanok_00,https://dongne.co/event/game07/circles/595714,제7회 오락관,Day2,붕괴스타레일
영수증책갈피,밤캐러멜,,,,,1sp,오오에 (大穢),,,,,,,일러스트,lemon_heim,https://dongne.co/event/game07/circles/617467,제7회 오락관,Day2,오오에
예기치않은서버오류가발생했습니다,wo,,,,,2sp,,,,,,,,,,https://dongne.co/event/game07/circles/605326,제7회 오락관,Day2,
오라버니가 자꾸 여동생을 뺑이돌려요,.,,,,,1sp,역전재판,,,,X,,,,,https://dongne.co/event/game07/circles/611706,제7회 오락관,Day2,대역전재판
오락관의 하시히메,제로,,,,,2sp,고서점가의 하시히메,"Adelta, 아델타",,,,,,"만화,소설",4d3lta,https://dongne.co/event/game07/circles/614508,제7회 오락관,Day2,고서점가의 하시히메
오락관의하시히메,시치,,,,,1sp,고서점가의 하시히메,,,,,,,"만화,소설,기타",oooo7ii,https://dongne.co/event/game07/circles/616935,제7회 오락관,Day2,고서점가의 하시히메
오리지늄 C세포,HYUN,,,,,2sp,명일방주,사이퍼즈 할로우나이트 길티기어 젤다의전설,,올캐릭터,,,,,kj3r4g,https://dongne.co/event/game07/circles/604726,제7회 오락관,Day2,명일방주
오복마트,냐햐,,,,,2sp,,,,,,,,,,https://dongne.co/event/game07/circles/614545,제7회 오락관,Day2,
오빠 옆에 그 여잔 뭐에요,롸,,,,,1sp,용과같이,,"나, 천계를 얻었노라!","마지마 고로, 키류 카즈마",마지마 고로X키류 카즈마,"로맨틱,섹슈얼",,만화,op_lasin,https://dongne.co/event/game07/circles/612761,제7회 오락관,Day2,용과같이
오오에할사람?,분금,,,,,1sp,오오에 (大穢),,,오오사키,오오사키,,,만화,bgooeletsgo,https://dongne.co/event/game07/circles/613439,제7회 오락관,Day2,오오에
오월조붐은온다,도리,,,,,1sp,프로세카,"명일방주, 페르소나",,,,,,일러스트,re_memberry,https://dongne.co/event/game07/circles/595559,제7회 오락관,Day2,프로세카
오직 송하나만,33,,,,,1sp,오버워치,,,디바(송하나),,,,,stella_3116,https://dongne.co/event/game07/circles/620111,제7회 오락관,Day2,오버워치
와검은방이다;,한결_,,,,,2sp,검은방,"회색도시, 베리드 스타즈",,,,,,"만화,일러스트",p675hg,https://dongne.co/event/game07/circles/608065,제7회 오락관,Day2,검은방
"와일드의 재능이란 까,빠를 미치게 하는 재능이렷다","밍기뉴, 피넛쿠키",,,,,2sp,페르소나5,"페이트 그랜드 오더, 오오에",전서 등록 100% ,"페르소나5 주인공(아마미야 렌), 모르가나, 요시자와 카스미, 아케치 고로 외 기타등등",아케치 고로X페르소나 5 주인공,해당없음,,"만화,일러스트,소설",unread_u,https://dongne.co/event/game07/circles/596866,제7회 오락관,Day2,페르소나5
왐마야씨피전문점,개박하,,,,,2sp,오오에 (大穢),,,신바시,,해당없음,,만화,nuga_harae,https://dongne.co/event/game07/circles/614869,제7회 오락관,Day2,오오에
왕밤빵의 세카이,왕밤빵,,,,,1sp,프로젝트 세카이,,,,카미시로 루이X텐마 츠카사,,,,,https://dongne.co/event/game07/circles/604941,제7회 오락관,Day2,프로젝트 세카이
왕이되고싶은자나에게로,냉동왕,,,,,1sp,메타포:리판타지오,,,,,,,만화,aragakiyurusan,https://dongne.co/event/game07/circles/608586,제7회 오락관,Day2,메타포:리판타지오
왜 좀 더 일찍 만나지 못했던 걸까,벼삭,,,,,1sp,페르소나5,,전서 등록 100% ,,주인공X아케치 고로,,,일러스트,anearofrice,https://dongne.co/event/game07/circles/613003,제7회 오락관,Day2,페르소나5
왼귀나산,"사파, 편지",,,,,1sp,오오에 (大穢),,,,오오사키X시즈마,,그외많은것들,,,https://dongne.co/event/game07/circles/595895,제7회 오락관,Day2,오오에
요조숙남,묘이,,,,,1sp,오오에 (大穢),,,"아리아케, 신바시",오오사키X타케시바,,,일러스트,myoeei_,https://dongne.co/event/game07/circles/615104,제7회 오락관,Day2,오오에
우로보로스 프로젝트 ~수십억 명을 구하기 위해서 주먹으로 바위를 부숴야 한다구요?!~,박모싕,,,,,2sp,바이오하자드,,,"알버트 웨스커, 크리스 레드필드",크리스 레드필드X알버트 웨스커,,,만화,singrairiedog,https://dongne.co/event/game07/circles/605235,제7회 오락관,Day2,바이오하자드
우리 섹터 정상 영업 합니다,듀,,,,,1sp,에리오스R,,,"쥬드, 비앙키",쥬드X비앙키,로맨틱,,,dew_808,https://dongne.co/event/game07/circles/603889,제7회 오락관,Day2,에리오스r
우리동네 적폐대장,적장,,,,,1sp,프로젝트 세카이,,,,카미시로 루이X텐마 츠카사,로맨틱,,,,https://dongne.co/event/game07/circles/603999,제7회 오락관,Day2,프로젝트 세카이
우메보시와 애플파이,"이온,폰세",,,,,1sp,에리오스 라이징 히어로즈,,,,,,"아키렌, 세이로빈","만화,일러스트,소설",redblubestmatch,https://dongne.co/event/game07/circles/604502,제7회 오락관,Day2,에리오스 라이징 히어로즈
우주밥,코메,,,,,1sp,붕괴 스타레일,,,"카일루스, 단항",카일루스X단항,로맨틱,,만화,uujubab,https://dongne.co/event/game07/circles/597111,제7회 오락관,Day2,붕괴:스타레일
우주유영,모민,,,,,1sp,프로젝트 세카이,,,"카미시로 루이, 텐마 츠카사",카미시로 루이X텐마 츠카사,,,,pleegf,https://dongne.co/event/game07/circles/595230,제7회 오락관,Day2,프로젝트 세카이
우파우파 유치원,빈제,,,,,4sp,,,,,,,,,,https://dongne.co/event/game07/circles/599141,제7회 오락관,Day2,
원숭이 손 꼭 잡으세요,다래,,,,,1sp,오오에 (大穢),,,시오도메,,,,,,https://dongne.co/event/game07/circles/639879,제7회 오락관,Day2,오오에
유가맛 캔디(본 제품은 키즈키가 함유된 제품과 같은 제조시설에서 제조하고 있습니다),맴돌,,,,,2sp,역전재판 5,,,,,,,,,https://dongne.co/event/game07/circles/607266,제7회 오락관,Day2,역전재판5
유배지(리얼에디션),림 ,,,,,1sp,,페르소나3,전서 등록 100% ,아마다 켄,아마다 켄 X드림주,,"어쩌면 주아이, 어쩌면 료햄, 어쩌면 다른 거","만화,일러스트",niu_njgr,https://dongne.co/event/game07/circles/609256,제7회 오락관,Day2,
유크로니아 만두명가,렐,,,,,1sp,메타포 : 리판타지오,,전서 등록 100% ,,,,,,lella_nyam,https://dongne.co/event/game07/circles/606045,제7회 오락관,Day2,메타포 : 리판타지오
"이 녀석, 중증 포켓몬 오타쿠거든.",연어추가,,,,,2sp,포켓몬스터,,,,,,,,salmoninpk,https://dongne.co/event/game07/circles/604240,제7회 오락관,Day2,포켓몬스터
이거 너가 하는 용과함께 아니냐?,taigaisright,,,,,1sp,용과같이,,"나, 천계를 얻었노라!","마지마고로, 사에지마타이가, 고다류지",X,,,"만화,기타",taigaisright,https://dongne.co/event/game07/circles/606799,제7회 오락관,Day2,용과같이
이것이 하찮은 동거의 말로다,"사가, 재익이",,,,,2sp,페르소나5,,전서 등록 100% ,"주인공, 아케치고로",주인공X아케치고로,로맨틱,,기타,"nemuisaga, fcbcf888",https://dongne.co/event/game07/circles/599433,제7회 오락관,Day2,페르소나5
이게되네,부율,,,,,2sp,발더스게이트3,,,아스타리온,,"로맨틱,섹슈얼",,소설,eunyul0221,https://dongne.co/event/game07/circles/607605,제7회 오락관,Day2,발더스게이트3
이래야 내가 살아,NM,,,,,1sp,역전재판,무기미도,,,,로맨틱,,소설,181x161_,https://dongne.co/event/game07/circles/639439,제7회 오락관,Day2,역전재판
이래야내가살아,손녀,,,,,1sp,오오에 (大穢),,,,,,,,,https://dongne.co/event/game07/circles/635949,제7회 오락관,Day2,오오에
이런 드림주여도 괜찮다면 드림캐와 사랑을 하고싶어,동화,,,,,2sp,"발더스게이트3, 페르소나5",,,"게일, 마루키 등",게일X드림주,로맨틱,드림주x마루키,만화,donghwa_bg3,https://dongne.co/event/game07/circles/607810,제7회 오락관,Day2,"발더스게이트3, 페르소나5"
이률리아명예시민,Alka,,,,,2sp,길티기어,,,,디지X카이 키스크,로맨틱,,,kygwangin,https://dongne.co/event/game07/circles/607252,제7회 오락관,Day2,길티기어
이번역은 죽지역입니다,울랄랍숑,,,,,1sp,오오에 (大穢),,,"오오사키, 타케시바",오오사키X타케시바,"로맨틱,섹슈얼",,만화,jidesuka2ma,https://dongne.co/event/game07/circles/634265,제7회 오락관,Day2,오오에
이부스는대체뭐야아악,캄삼,,,,,2sp,오버워치 2,페르소나5,,,,,,,apagandolaslucs,https://dongne.co/event/game07/circles/638486,제7회 오락관,Day2,오버워치2
이제는 더 이상 물러날 곳이 없다,캄차카불곰,,,,,2sp,오오에 (大穢),"퍼레이드 사 게임, 마비노기, 포켓몬",,,,,,"만화,소설",h03gw1j4,https://dongne.co/event/game07/circles/619580,제7회 오락관,Day2,오오에
이제부터서로죽여라,8,,,,,2sp,페르소나3,"페르소나 4, 5",전서 등록 100% ,,,,,일러스트,owsotaku,https://dongne.co/event/game07/circles/603769,제7회 오락관,Day2,페르소나3
일단잡아야,팔보채,,,,,2sp,잭잔느,,,,,,,"만화,소설",,https://dongne.co/event/game07/circles/608198,제7회 오락관,Day2,잭잔느
일반인비밀친구,일반인여자친구,,,,,2sp,오오에 (大穢),"세포신곡, 우우울트라C, 고서점가의 하시히메, 할로우나이트",,"오오사키, 시오도메, 신바시",오오사키X신바시,로맨틱,"오오시오, 아토카노","만화,기타",169_emi,https://dongne.co/event/game07/circles/615018,제7회 오락관,Day2,오오에
일일 전장: 봉인된 오오에 섬,사원,,,,,2sp,오오에 ,파이널 판타지14,,,,,,"소설,일러스트,만화",,https://dongne.co/event/game07/circles/612552,제7회 오락관,Day2,오오에 
임시,라라,,,,,2sp,로드 오브 히어로즈,,,,,,,,,https://dongne.co/event/game07/circles/597476,제7회 오락관,Day2,로드 오브 히어로즈
임시신청서2,에바님,,,,,2sp,,,,,,,,,,https://dongne.co/event/game07/circles/614923,제7회 오락관,Day2,
자이언트 킬링 ,전진,,,,,1sp,아머드코어6 루비콘의 화염 ,"프롬소프트웨어, 기타 콘솔 게임 ",,,,,,만화,ylsimm9,https://dongne.co/event/game07/circles/604879,제7회 오락관,Day2,아머드코어6 루비콘의 화염 
자칭특별괴도단,갈대,,,,,2sp,페르소나 시리즈,,전서 등록 100% ,,,,,,,https://dongne.co/event/game07/circles/613579,제7회 오락관,Day2,페르소나 시리즈
잠깐만왜백장미에서백장미냄새가나고있지,세미돌,,,,,1sp,세포신곡,오오에,,,우츠기 노리유키X하츠토리 하지메,,,,hehesmm,https://dongne.co/event/game07/circles/635096,제7회 오락관,Day2,세포신곡
잠깐만왜사바캉에서사바캉냄새가나고있지,무지괴물고기,,,,,1sp,오오에 (大穢),,,,오오사키X신바시,,,만화,verymonsterfish,https://dongne.co/event/game07/circles/617616,제7회 오락관,Day2,오오에
잡덕의김밥볶음밥집,박스,,,,,2sp,길티기어 파판14 ,,,"베놈,로보카이,프레이,제로",로보X베놈,"로맨틱,섹슈얼",,"만화,기타,일러스트",,https://dongne.co/event/game07/circles/605835,제7회 오락관,Day2,길티기어 파판14 
잡탕,MMEE,,,,,2sp,리그오브레전드,스타듀밸리 실크송 카모카테 ,,,,,,,_mm33mm_,https://dongne.co/event/game07/circles/634701,제7회 오락관,Day2,리그오브레전드
장갑전차세탁기도둑,집,,,,,2sp,메타포 : 리판타지오,,,,,,,만화,house_roh_metap,https://dongne.co/event/game07/circles/603829,제7회 오락관,Day2,메타포 : 리판타지오
장르 정상영업중,p2d,,,,,2sp,역전재판,"kof, 킹오파",,,,,,,,https://dongne.co/event/game07/circles/595328,제7회 오락관,Day2,역전재판
장원팰리스,룽,,,,,1sp,페르소나5 ,제5인격,,"아마미야 렌, 아케치 고로, 이타콰",주인공X아케치 고로,해당없음,,일러스트,fndwlwlwl,https://dongne.co/event/game07/circles/614933,제7회 오락관,Day2,페르소나5 
저 대나무는 분명 클끼다♥,"3콤보, 세모",,,,,2sp,오오에 (大穢),13기병방위권,,"오오사키, 타케시바",오오사키X타케시바,"로맨틱,섹슈얼","히지야마,오키노",만화,"ooehand, youyou_9game",https://dongne.co/event/game07/circles/615766,제7회 오락관,Day2,오오에
저 위로 질풍그으면 아나님 뽕 주시고 우양님 파도 주시고 자리야님 주방 주시고 디바님 매트켜주시고 윈스님 같이 뛰어주시고 야타님 조화주시고 루시우님 비트켜주세요,"케챱많이, 첼",,,,,2sp,오버워치,,,,겐지X디바,로맨틱,,,k3ch4ppu_,https://dongne.co/event/game07/circles/601032,제7회 오락관,Day2,오버워치
저리꺼져!내게임기는넘겨줄수없다!,제토,,,,,2sp,"역전재판, 프세카, 언더테일, 우마무스메",,,,,,,,zetoee,https://dongne.co/event/game07/circles/599858,제7회 오락관,Day2,"역전재판, 프세카, 언더테일, 우마무스메"
저지3 나올 때까지 숨참음 ... 이라고 적혀있는데요?,국화빵 / 코비,,,,,1sp,저지아이즈,용과같이,"나, 천계를 얻었노라!",,,로맨틱,스기히가,"만화,소설","judgment3_plz, kobi4321",https://dongne.co/event/game07/circles/620719,제7회 오락관,Day2,저지아이즈
전국그냥살기위원회,치르,,,,,1sp,페르소나3 리로드,,전서 등록 100% ,"3주, 모치즈키 료지, SEES",모치즈키 료지X3주,로맨틱,,"소설,일러스트",hanchi1112086,https://dongne.co/event/game07/circles/597392,제7회 오락관,Day2,페르소나3 리로드
전국남노소 총공 쟁탈전 final ~키라키라 오오에지마 페스타~♡♡,민섬이,,,,,2sp,오오에 (大穢),,,"오오사키,신바시,탐정소",오오사키X신바시,"로맨틱,섹슈얼",오오사키왼,만화,"ooe_muing, sobose_jin, dansidumper",https://dongne.co/event/game07/circles/601956,제7회 오락관,Day2,오오에
전국순정구련보등화료해보고싶은협회,게롱,,,,,2sp,용과같이,"마작, 작혼",,,,,,,subchrong,https://dongne.co/event/game07/circles/641617,제7회 오락관,Day2,용과같이
전진짜엘프콤이없습니다,bigegg526,,,,,2sp,젤다의 전설,포켓몬스터,,링크젤다,,"로맨틱,섹슈얼",,"만화,일러스트",,https://dongne.co/event/game07/circles/643066,제7회 오락관,Day2,젤다의전설
절 환상 토벌전,기니핫,,,,,1sp,파이널판타지14,,,"레드핫, 딥블루, 익스트림즈",,해당없음,,,gguenihot,https://dongne.co/event/game07/circles/615165,제7회 오락관,Day2,파이널판타지14
절대 수상한 놈이 아닙니다 더수상한놈입니다,더수상한놈,,,,,2sp,오토메게임,니지산지,,,,,,일러스트,the_susang,https://dongne.co/event/game07/circles/609323,제7회 오락관,Day2,오토메게임
점,쩌미,,,,,1sp,페르소나,,전서 등록 100% ,,,,,,,https://dongne.co/event/game07/circles/606415,제7회 오락관,Day2,페르소나
제 2회 루비콘 코랄놀이 한마당 축제,너댄전,,,,,1sp,아머드코어6 루비콘의 화염,"연운, 킹덤컴: 딜리버런스 시리즈",,"621, 핸들러 월터, 러스티, 에어 ",강염X진자해,로맨틱,헨리한스,,raccoon_dance_,https://dongne.co/event/game07/circles/620265,제7회 오락관,Day2,아머드코어6 루비콘의 화염
제발 지옥같은 섬에서 지분을 꺼내줘,PP,,,,,2sp,오오에 (大穢),,,오오사키,,"로맨틱,섹슈얼","오오타케, 오오시즈, 오오신","만화,일러스트,소설",byobyo__8,https://dongne.co/event/game07/circles/614897,제7회 오락관,Day2,오오에
젤다뭐라도나와요,ssdfg1899,,,,,1sp,젤다의 전설,,,,,,,,,https://dongne.co/event/game07/circles/607796,제7회 오락관,Day2,젤다의 전설
종말순애위원회,바쓰,,,,,1sp,세븐나이츠,,,"크리스, 녹스",크리스X녹스,로맨틱,,"소설,일러스트",fill_4u,https://dongne.co/event/game07/circles/602788,제7회 오락관,Day2,세븐나이츠
주나오로만들어진나라가있습니다,.,,,,,1sp,페르소나4,,전서 등록 100% ,,주인공X시로가네 나오토,,,만화,naotosmom,https://dongne.co/event/game07/circles/603820,제7회 오락관,Day2,페르소나4
주아케가 뭔가 먹는 부스,주인공극좌파하렘주의,,,,,2sp,페르소나5,,전서 등록 100% ,주인공,,"로맨틱,섹슈얼",,소설,protagoleft,https://dongne.co/event/game07/circles/603488,제7회 오락관,Day2,페르소나 5
주인장이 좋아한 조합들입니다,센느,,,,,2sp,리버스 1999,라이자의 아틀리에,,카카니아/이졸데,,,,,,https://dongne.co/event/game07/circles/609829,제7회 오락관,Day2,리버스 1999
죽박구리,"찌락, 지",,,,,2sp,오오에 (大穢),,,오오사키 타케시바,오오사키X타케시바,"로맨틱,섹슈얼",,만화,"jjl_otaku, jii9254",https://dongne.co/event/game07/circles/615750,제7회 오락관,Day2,오오에
죽지도 않고 다시 돌아온 빛전,금사빠,,,,,1sp,파이널판타지14,,,그라하 티아,,,,소설,,https://dongne.co/event/game07/circles/632434,제7회 오락관,Day2,파이널판타지14
쥬네스,BABAKUN,,,,,2sp,페르소나4,,전서 등록 100% ,"나루카미 유우, 하나무라 요스케",,"로맨틱,섹슈얼",,,,https://dongne.co/event/game07/circles/604589,제7회 오락관,Day2,페르소나4
지금부터 보여드리겠습니다,낙복,,,,,2sp,용과같이,,,키류카즈마,,섹슈얼,,,,https://dongne.co/event/game07/circles/609190,제7회 오락관,Day2,용과같이
지능-3,알투,,,,,1sp,스타레일,,확률론적 겜블링 메이트,,,로맨틱,,만화,,https://dongne.co/event/game07/circles/604713,제7회 오락관,Day2,스타레일
지옥여친 동호회,신원미상,,,,,1sp,발더스게이트3,,,카를라크 (칼라크),,,,"만화,일러스트,소설",sinwon_ms30,https://dongne.co/event/game07/circles/621103,제7회 오락관,Day2,발더스 게이트 3
진짜마비노기드림부스맞음,푸딩,,,,,1sp,마비노기,"오오에, 고서점가의 하시히메",,루에리,,해당없음,"오오아리, 미나타마, 그 ",,youtoopompu,https://dongne.co/event/game07/circles/634932,제7회 오락관,Day2,마비노기
진티엔리밍,kje1213114,,,,,4sp,,,,,,,,,,https://dongne.co/event/game07/circles/596752,제7회 오락관,Day2,
진티엔리밍,kje1213114,,,,,2sp,,,,,,,,,,https://dongne.co/event/game07/circles/604999,제7회 오락관,Day2,
짭벨벳룸,김콜라,,,,,1sp,페르소나,명일방주,전서 등록 100% ,"나루카미 유우, 하나무라 요스케, 아마미야 인형 등",나루카미 유우X하나무라 요스케,"로맨틱,해당없음",없음,"일러스트,기타",ttong351329,https://dongne.co/event/game07/circles/621420,제7회 오락관,Day2,페르소나
째리네집,째리,,,,,1sp,붕괴 스타레일,,,,,,,,ch2rri2,https://dongne.co/event/game07/circles/603718,제7회 오락관,Day2,붕괴: 스타레일
쯔꾸르에 인생 판 부스,아숭김,,,,,2sp,,,,,,,,,,https://dongne.co/event/game07/circles/612604,제7회 오락관,Day2,
창고보관함,　,,,,,1sp,,,세상에 테런 쁘띠존이 어딨어? 맞아 컨셉충이네,,,,,,,https://dongne.co/event/game07/circles/618010,제7회 오락관,Day2,
척츄피세요,햄부기,,,,,1sp,붕괴 스타레일,블루록,,어벤츄린,카일루스X어벤츄린,"섹슈얼,로맨틱",나기레오,"만화,소설,일러스트",ibgwataku,https://dongne.co/event/game07/circles/616626,제7회 오락관,Day2,붕괴 스타레일
철썩... 철썩... 철썩...,abr,,,,,1sp,오오에 (大穢),파이어 엠블렘 풍화설월,,,,,,,abr_oe,https://dongne.co/event/game07/circles/613457,제7회 오락관,Day2,오오에
철야왕국,"IENN, 프라이",,,,,2sp,파이어 엠블렘 시리즈,,,,,,,"만화,일러스트",,https://dongne.co/event/game07/circles/596948,제7회 오락관,Day2,파이어 엠블렘 시리즈
청부업자 남편과 국회의원 아내의 스캔들,핳,,,,,1sp,붕괴 스타레일,,,"블레이드, 경원",블레이드X경원,"로맨틱,섹슈얼",,"만화,일러스트",u3u_hahah,https://dongne.co/event/game07/circles/596607,제7회 오락관,Day2,붕괴:스타레일
총공이섬그늘에,"파도, 돼지, 살청, 람묘",,,,,4sp,오오에 (大穢),,,"오오사키, 신바시, 시즈마, 아리아케, 시오도메, 타케시바",X,"로맨틱,섹슈얼","오오아리,오오신,오오아오,오오타케,오오시오,오오시죠,오오히노,오오토요,오오후네,오오시즈","만화,일러스트,소설","b__mdks, uou_s2li, hitman88887, ramnmy0",https://dongne.co/event/game07/circles/614946,제7회 오락관,Day2,오오에
총체적난국,촤촤촤,,,,,1sp,,,,,,,,"만화,일러스트",,https://dongne.co/event/game07/circles/606483,제7회 오락관,Day2,
최강 팔라딘 오락관편,"Twix, 김노움, 폐차",,,,,2sp,발더스게이트3,"FF14, 오버워치",,할신 ,,,,일러스트,,https://dongne.co/event/game07/circles/603629,제7회 오락관,Day2,발더스게이트3
최강맛초킹,ming_,,,,,1sp,페르소나3,,전서 등록 100% ,,,,,,qx_xbc,https://dongne.co/event/game07/circles/608752,제7회 오락관,Day2,페르소나3
출소 후 유일한 낙,해왕성인,,,,,2sp,포켓몬스터,"역전재판, 닌타마 란타로, 괴수8호",,,,,,일러스트,neptuneblue_01,https://dongne.co/event/game07/circles/606157,제7회 오락관,Day2,포켓몬스터
취향벅벅무침이,에궁와궁,,,,,1sp,페르소나3,,전서 등록 100% ,,아리사토 미나토X히라가 케이스케,로맨틱,오다햄,소설,qk_vlkg_9,https://dongne.co/event/game07/circles/598742,제7회 오락관,Day2,페르소나3
치와와늑대와대머리늑대,뭉,,,,,1sp,드래곤에이지,드래곤 에이지 인퀴지션,바이오웨어 통합 쁘띠존,펜리스,,로맨틱,솔라벨란,만화,game_moong,https://dongne.co/event/game07/circles/643119,제7회 오락관,Day2,드래곤 에이지2
칠첩반상,엘스,,,,,2sp,파이널판타지14,붕괴스타레일,,,,,,"일러스트,기타",grin__erus,https://dongne.co/event/game07/circles/634599,제7회 오락관,Day2,파이널판타지14
쿠키전문점,.,,,,,1sp,,,,,,,,,,https://dongne.co/event/game07/circles/602409,제7회 오락관,Day2,
큰강섬수영꾼,광기,,,,,1sp,오오에 (大穢),,,아리아케 ,오오사키X아리아케,로맨틱,오오시즈,만화,ooe_togo929,https://dongne.co/event/game07/circles/616200,제7회 오락관,Day2,오오에
키타가와 유스케에게 밥을 사주기 위한 부스,란가,,,,,2sp,페르소나 시리즈,"메타포, 역전재판 , 레인",전서 등록 100% ,,주인공 X키타가와 유스케,해당없음,"햄기스, 주하나, 주아케","일러스트,만화",coroin_dgx,https://dongne.co/event/game07/circles/595189,제7회 오락관,Day2,페르소나 시리즈
키티일기장,외지인,,,,,1sp,오오에 (大穢),,,,,,,,out1and,https://dongne.co/event/game07/circles/615518,제7회 오락관,Day2,오오에
타르타로스에서도 TV는 켜진다,"멜로, 101",,,,,2sp,"페르소나 3, 페르소나 4",,전서 등록 100% ,,,,,,"mel1owstruck, mhny101",https://dongne.co/event/game07/circles/605537,제7회 오락관,Day2,"페르소나 3, 페르소나 4"
타르타로스졸음방지위원회,ㅂㅂ,,,,,1sp,페르소나3,,전서 등록 100% ,,,,,만화,allcb_c,https://dongne.co/event/game07/circles/604066,제7회 오락관,Day2,페르소나3
탕비실,뱜비,,,,,2sp,오오에 (大穢),"마비노기, 마비노기 모바일, 리틀 나이트메어",,"오오사키, 신바시, 타케시바, 다이바 시즈마",오오사키X신바시,"로맨틱,섹슈얼",오오시즈,"만화,일러스트",byammbee,https://dongne.co/event/game07/circles/595797,제7회 오락관,Day2,오오에
털날리는 오오에지마의 고서점가,숟가락,,,,,1sp,"오오에, 하시히메",페르소나345,,,오오사키X아리아케,,"오오시오, 오오신","기타,일러스트",_ooowo_,https://dongne.co/event/game07/circles/614474,제7회 오락관,Day2,"오오에, 하시히메"
털찐게아니라근육,블루레몬,,,,,1sp,붕괴 스타레일,,,"경원, 블레이드",경원X블레이드,,,일러스트,bluelemon170,https://dongne.co/event/game07/circles/605671,제7회 오락관,Day2,붕괴 스타레일
테라농수산물시장,해류,,,,,1sp,명일방주,,,스카디 더 커럽팅 하트,스카디 더 커럽팅 하트X박사,로맨틱,"위,박사,위",소설,haelyu223206,https://dongne.co/event/game07/circles/635281,제7회 오락관,Day2,명일방주
테일즈야르: 완전히 야르다,여유,,,,,2sp,테일즈런너,,세상에 테런 쁘띠존이 어딨어? 맞아 컨셉충이네,,,,,"일러스트,만화",yeoyu_tr3,https://dongne.co/event/game07/circles/614051,제7회 오락관,Day2,테일즈런너
파는게 달라도 우리는 모두 친구,두부,,,,,2sp,"명일방주, fgo, 포켓몬",,,,,,,,,https://dongne.co/event/game07/circles/597383,제7회 오락관,Day2,"명일방주, fgo, 포켓몬"
파리날다,82,,,,,2sp,페르소나 5 더 로열,페르소나 3 리로드,전서 등록 100% ,주인공 (아마미야 렌),주인공 (아마미야 렌)X아케치 고로,"로맨틱,섹슈얼","주인공 (유키 마코토) x 아이기스, ","만화,일러스트",justoootaku,https://dongne.co/event/game07/circles/607283,제7회 오락관,Day2,페르소나 5 로열
파이널 그노시아의 게임 16,1/2,,,,,2sp,"파이널판타지14, 그노시아","파이널판타지 16, 술탄의게임",,,,,,게임,fire_doggydogdo,https://dongne.co/event/game07/circles/596315,제7회 오락관,Day2,"파이널판타지14, 그노시아"
파이널 장르비빔밥 ,긔곰,,,,,2sp,파이널판타지14,파판시리즈 테일즈시리즈 ,,,,,,"만화,일러스트,기타",,https://dongne.co/event/game07/circles/620278,제7회 오락관,Day2,파이널판타지14
파이널 희망의 학원과 세포의 페르소나 론파 판타지 더비 신곡,한풀,,,,,1sp,파이널판타지 시리즈,"파판7, 파판10, 파판14, 파판16, 페르소나, 단간론파, 세포신곡, 우마무스메",,,,,,"일러스트,소설",,https://dongne.co/event/game07/circles/637953,제7회 오락관,Day2,파이널판타지 시리즈
판타지도 SF다,D,,,,,2sp,할로우나이트 실크송,데스티니 가디언즈,,,,,,기타,,https://dongne.co/event/game07/circles/596120,제7회 오락관,Day2,할로우나이트 실크송
팔데아에서 보물 찾고 미르에서 길 잃기,플라티나,,,,,2sp,포켓몬스터,,,"카라스바, 홈웨이조, 북신남매, 스타단 등",,,,"일러스트,소설",platin_amide,https://dongne.co/event/game07/circles/602112,제7회 오락관,Day2,포켓몬스터
패배확정히로인,사과,,,,,2sp,페르소나 ,"Over requiemZ, 잭잔느",,,주인공X시로가네 나오토,로맨틱,모리 우드랜드x유히루 ,"만화,일러스트,기타",bmt7q,https://dongne.co/event/game07/circles/604054,제7회 오락관,Day2,페르소나 
패작2인큐,훈토리,,,,,2sp,오버워치,,,,X,"해당없음,섹슈얼,로맨틱",,"만화,일러스트,기타","toridoridorii, ra1noppa",https://dongne.co/event/game07/circles/616574,제7회 오락관,Day2,오버워치
팬케이크 가게 ,,,,,,2sp,프로젝트 세카이,,,시노노메 아키토,,,,,,https://dongne.co/event/game07/circles/601755,제7회 오락관,Day2,프로젝트세카이
팬케이크 무한리필,수딩,,,,,1sp,페르소나5,,전서 등록 100% ,,주인공X아케치 고로,,,만화,,https://dongne.co/event/game07/circles/604761,제7회 오락관,Day2,페르소나5
팽이버섯 군생지,사날,,,,,2sp,포켓몬스터,파이널판타지 14 / 버튜버,,"카지, 푸름, 오토노세 카나데, ReGLOSS",카지X푸름,로맨틱,,,snl_nal,https://dongne.co/event/game07/circles/601385,제7회 오락관,Day2,포켓몬스터
퍼펙트 가드만 있으면 어떤 것도 두렵지 않지,휴플,,,,,2sp,P의 거짓,,,"제페토의 인형, 소피아",제페토의 인형X소피아,로맨틱,"로미P, 시몬소피",일러스트,,https://dongne.co/event/game07/circles/611978,제7회 오락관,Day2,P의 거짓
페고,사이 고,,,,,1sp,페르소나3,페르소나5 포켓몬스터 히카루의 바둑,,"아마미야 렌, 아케치 고로 등",,,,일러스트,saitomousimasu1,https://dongne.co/event/game07/circles/607709,제7회 오락관,Day2,페르소나3
페르소나못깨면개심당하는방,모습,,,,,2sp,페르소나,,전서 등록 100% ,,,,,,,https://dongne.co/event/game07/circles/611562,제7회 오락관,Day2,페르소나
페르소나할사람스팀아이디알려줘,toma,,,,,2sp,페르소나5,,전서 등록 100% ,,아케치 고로X주인공,로맨틱,,"만화,일러스트",gggggam3b01,https://dongne.co/event/game07/circles/595906,제7회 오락관,Day2,페르소나5
페어리 토네이도 코스 나왔습니다.,꾹꾹이,,,,,2sp,이나즈마 일레븐 시리즈,포켓몬스터,,"유카리, 시온, 브레이크조, 하루",유카리X시온,로맨틱,,만화,ggugguming7,https://dongne.co/event/game07/circles/618359,제7회 오락관,Day2,이나즈마 일레븐 시리즈
포드라112신고센터,"그마, 제이",,,,,2sp,"파이어엠블렘 풍화설월, 보이스1",,,"디미트리, 에델가르트, 강권주, 모태구",디미트리X에델가르트,로맨틱,태구권주,소설,"5gurimma, leantowardsyou",https://dongne.co/event/game07/circles/616280,제7회 오락관,Day2,"파이어엠블렘 풍화설월, 보이스1"
폴리페놀,치자피즈,,,,,1sp,페르소나3,,전서 등록 100% ,3주,료지X3주,해당없음,,만화,,https://dongne.co/event/game07/circles/604354,제7회 오락관,Day2,페르소나3
프리허그 해드립니다,방다,,,,,1sp,테일즈런너,,세상에 테런 쁘띠존이 어딨어? 맞아 컨셉충이네,"자브, 닥터헬, 하랑, 하루",하루X하랑,해당없음,,"일러스트,기타,만화",,https://dongne.co/event/game07/circles/614557,제7회 오락관,Day2,테일즈런너
피짜 시퀀스 준비 완료!,피짜,,,,,1sp,오버워치,,,,,,,"일러스트,기타",91224watch,https://dongne.co/event/game07/circles/603725,제7회 오락관,Day2,오버워치
피카피카파치파치,량,,,,,2sp,포켓몬스터,"닌텐도, 스퀘어에닉스사 작품 등",,,,,,"만화,일러스트,기타",fid_2cha,https://dongne.co/event/game07/circles/605301,제7회 오락관,Day2,포켓몬스터
피크민 후르츠,감전주의 ,,,,,2sp,"피크민, 하츠네미쿠, 테일즈런너","보컬로이드, 오리지널 작품",세상에 테런 쁘띠존이 어딨어? 맞아 컨셉충이네,,,,,"만화,일러스트,기타",botong_lili,https://dongne.co/event/game07/circles/595463,제7회 오락관,Day2,"피크민, 하츠네미쿠, 테일즈런너"
하랑 유사 온리전,미미,,,,,1sp,테일즈런너,,세상에 테런 쁘띠존이 어딨어? 맞아 컨셉충이네,하랑과 그 외 소량,,,,일러스트,mimi_mom1212,https://dongne.co/event/game07/circles/633589,제7회 오락관,Day2,테일즈런너
하르트만의 명일방주,보라,,,,,1sp,명일방주,,,,,,,소설,,https://dongne.co/event/game07/circles/637888,제7회 오락관,Day2,명일방주
하면되잖아?,이연하,,,,,2sp,"페르소나3, 페르소나4","페르소나5, 역전재판, 검은방, 회색도시, 베리드스타즈, 히프노시스마이크, 어서오세요! FACT에, 100미터, 지.지구의 운동에 대하여",전서 등록 100% ,아다치 토오루,아다치 토오루X드림주,"로맨틱,섹슈얼","와타이야, 쿠코쥬시, 아다치 토오루 중심 ncp","만화,일러스트,소설,기타",higherrn,https://dongne.co/event/game07/circles/604532,제7회 오락관,Day2,"페르소나3, 페르소나4"
하잉나하핫이히히캇캇캇,우마,,,,,1sp,오오에 (大穢),,,"오오사키, 타케시바, 아오이, 신바시, 아리아케, 시오도메",오오사키X타케시바,섹슈얼,"오오시오, 오오신, 오오아오","만화,일러스트",119_fire_119,https://dongne.co/event/game07/circles/636316,제7회 오락관,Day2,오오에
해달샵,시크루,,,,,2sp,원신,명조 스타레일,,,,,,공예,sunmoon_shop16,https://dongne.co/event/game07/circles/605307,제7회 오락관,Day2,원신
햄슈웅,yyang,,,,,2sp,오오에 고서점가의하시히메 페르소나,포켓몬,,,,,,,gniognam,https://dongne.co/event/game07/circles/614614,제7회 오락관,Day2,오오에 고서점가의하시히메 페르소나
햄햄!,향메,,,,,2sp,"페르소나3,5",,전서 등록 100% ,"햄코, 사나다, 렌, 류지",,로맨틱,"렌류,준햄","만화,일러스트,기타",ngza_hm,https://dongne.co/event/game07/circles/612360,제7회 오락관,Day2,"페르소나3,5"
허구역사연구회,콘,,,,,2sp,붕괴 스타레일,스타레일,,,,,,,nabusaram,https://dongne.co/event/game07/circles/605820,제7회 오락관,Day2,붕괴스타레일
형아도형아가처음이라,hazama,,,,,1sp,오오에 (大穢),,,오오사키시즈마,오오사키X시즈마,로맨틱,,만화,9237q,https://dongne.co/event/game07/circles/638641,제7회 오락관,Day2,오오에
호밀빵의밀수꾼,호밀,,,,,1sp,붕괴 스타레일,,,,,,,,homilpain,https://dongne.co/event/game07/circles/607244,제7회 오락관,Day2,붕괴 스타레일
홍삼맛 사탕,홍삼진액,,,,,2sp,드래곤에이지,매스이펙트,바이오웨어 통합 쁘띠존,펜리스,호크X펜리스,"섹슈얼,로맨틱",,"소설,일러스트",jinseng_red2,https://dongne.co/event/game07/circles/595161,제7회 오락관,Day2,드래곤 에이지
휴지주식회사,국도,,,,,1sp,용과같이,디비휴,"나, 천계를 얻었노라!",,,,,만화,,https://dongne.co/event/game07/circles/626073,제7회 오락관,Day2,용과같이
흔들리는 꽃들 속에섬,연차,,,,,2sp,오오에 (大穢),슈퍼 단간론파2,,"오오사키, 신바시, 타케시바",오오사키X신바시,로맨틱,,"만화,일러스트,소설",annual__1,https://dongne.co/event/game07/circles/616773,제7회 오락관,Day2,오오에
히어로 염상,dd,,,,,2sp,에리오스,,,"애쉬 올브라이트, 그레이 리버스, 키사라기 렌, 가스트 애들러",,로맨틱,렌가스,소설,sdxxx829,https://dongne.co/event/game07/circles/604955,제7회 오락관,Day2,에리오스
"""난 텐니든 이오리든 둘 다 좋아!""",몬짬,,,,,1sp,아이돌리쉬세븐,,,"쿠죠 텐, 나나세 리쿠, 이즈미 이오리",쿠죠 텐X나나세 리쿠,,후레조,,i7_otaku_,https://dongne.co/event/vidol08/circles/607122,제8회 어나더 스테이지,Day2,아이돌리쉬 세븐
.,.,,,,,1sp,,,,,,,,,,https://dongne.co/event/vidol08/circles/595054,제8회 어나더 스테이지,Day2,
.,도련,,,,,2sp,아이돌리쉬세븐,,,"요츠바 타마키, 오오사카 소고",요츠바 타마키X오오사카 소고,"로맨틱,섹슈얼",,"만화,소설",,https://dongne.co/event/vidol08/circles/597424,제8회 어나더 스테이지,Day2,아이돌리쉬세븐
.,.,,,,,1sp,아이돌리쉬세븐,,,유키,야마토X유키,로맨틱,,"만화,일러스트",,https://dongne.co/event/vidol08/circles/598001,제8회 어나더 스테이지,Day2,아이돌리쉬세븐
2026 나아가자 HAMA 스타즈 박람회,낙향,,,,,2sp,18TRIP,앙상블 스타즈,,,,,,,,https://dongne.co/event/vidol08/circles/604420,제8회 어나더 스테이지,Day2,18TRIP
2d 이하 아이돌에게 통장을 잃음,유타페,,,,,2sp,데뷔 못 하면 죽는 병 걸림,앙상블 스타즈!!,,,,"로맨틱,섹슈얼",,,,https://dongne.co/event/vidol08/circles/600175,제8회 어나더 스테이지,Day2,데뷔 못 하면 죽는 병 걸림
4825%,Sapphire,,,,,2sp,,,,,,,,,,https://dongne.co/event/vidol08/circles/609604,제8회 어나더 스테이지,Day2,
4디페(일1sp,벨로,,,,,1sp,괴담에 떨어져도 출근을 해야 하는구나,,,,,,,,kurobina_win,https://dongne.co/event/vidol08/circles/605389,제8회 어나더 스테이지,Day2,괴담출근
6월 모의고사,딱꾹,,,,,1sp,아이나나,,유키모모 쁘띠존 : Y(o)U&Mo(re),"유키,모모",,"로맨틱,섹슈얼",,만화,ai7_ttakku,https://dongne.co/event/vidol08/circles/595256,제8회 어나더 스테이지,Day2,아이나나
888 정육점,08,,,,,1sp,앙상블스타즈,,,,오오가미코가X언데드,,"코가아도,코가카오,코가레이","만화,일러스트",888o08,https://dongne.co/event/vidol08/circles/602236,제8회 어나더 스테이지,Day2,앙상블스타즈
<Happy Tsumugi Day! 츠무기른 쁘띠존> 주최부스,Happy Tsumugi Day! 츠무기른 쁘띠존,,,,,2sp,,,Happy Tsumugi Day! 츠무기른 쁘띠존,,,,,,,https://dongne.co/event/vidol08/circles/652302,제8회 어나더 스테이지,Day2,
<Shall We Date?:츠카레오 쁘띠존> 주최부스,Shall We Date?:츠카레오 쁘띠존,,,,,2sp,,,Shall We Date?:츠카레오 쁘띠존,,,로맨틱,,,,https://dongne.co/event/vidol08/circles/652283,제8회 어나더 스테이지,Day2,
CRAZY 삡‼️,짱삡,,,,,2sp,앙상블스타즈,,,,,,,,ppip___ok,https://dongne.co/event/vidol08/circles/614896,제8회 어나더 스테이지,Day2,앙상블스타즈
Dry Flower,iple,,,,,1sp,,,,,,,,,,https://dongne.co/event/vidol08/circles/662676,제8회 어나더 스테이지,Day2,
Golden slumber,안하리,,,,,1sp,데뷔 못 하면 죽는 병 걸림,,,,박문대X청려,로맨틱,,만화,hnm487,https://dongne.co/event/vidol08/circles/608796,제8회 어나더 스테이지,Day2,데뷔 못하면 죽는 병 걸림
HAMA 스타즈 세븐!!,린고,,,,,1sp,18TRIP,"아이돌리쉬 세븐, 앙상블 스타즈!!, 킹 오브 프리즘",,,,,,"만화,일러스트",,https://dongne.co/event/vidol08/circles/607287,제8회 어나더 스테이지,Day2,18TRIP
HAMA 환경미화원,가위,,,,,1sp,18TRIP,,,"무라쿠모 텐, 니시조노 렌가",무라쿠모 텐X니시조노 렌가,로맨틱,,만화,scissors_pic,https://dongne.co/event/vidol08/circles/604237,제8회 어나더 스테이지,Day2,18TRIP
HAMA까지 택시비 18만엔,젠,,,,,2sp,18TRIP,,,"키타카타 라이토, 키타카타 나유키, 18TRIP 올캐러",,,,"만화,기타",sotaimoto,https://dongne.co/event/vidol08/circles/602370,제8회 어나더 스테이지,Day2,18TRIP
"Hello, World! ",재랑,,,,,1sp,킹 오브 프리즘,꿈의 라이브 프리즘스톤,,"코우가미 타이가, 쥬오인 카케루",,로맨틱,,"만화,일러스트",timetosay_yes,https://dongne.co/event/vidol08/circles/642746,제8회 어나더 스테이지,Day2,킹 오브 프리즘
KM BOOTH,관맹,,,,,1sp,앙상블스타즈,,,나구모 테토라,,,,일러스트,,https://dongne.co/event/vidol08/circles/595947,제8회 어나더 스테이지,Day2,앙상블 스타즈
Midnight Blue,세르웬,,,,,2sp,프로젝트 세카이,,,,,,,"만화,일러스트",serrewen,https://dongne.co/event/vidol08/circles/604711,제8회 어나더 스테이지,Day2,프로젝트 세카이
NA NA NOL NA NA PI NANANA~~~,PICO,,,,,1sp,앙상블스타즈,,,"시이나 니키, 아마기 린네",시이나 니키X아마기 린네,로맨틱,,만화,choipico,https://dongne.co/event/vidol08/circles/610773,제8회 어나더 스테이지,Day2,앙상블스타즈
N잡사무소,아르테,,,,,2sp,아이돌 마스터,순정만화,,아이돌 마스터 캐릭터 올캐러,,,,일러스트,arte_2532,https://dongne.co/event/vidol08/circles/595845,제8회 어나더 스테이지,Day2,아이돌 마스터
Platina Comet,하나토리 아논,,,,,2sp,앙상블스타즈,스텔라이브,,유우키 마코토,,,,"만화,일러스트,기타",anon_ovs,https://dongne.co/event/vidol08/circles/606575,제8회 어나더 스테이지,Day2,앙상블스타즈
Re:제로부터 시작하는 츠카레오 이야기,"한결, RUA",,,,,2sp,앙상블스타즈,,Shall We Date?:츠카레오 쁘띠존,"스오우 츠카사, 츠키나가 레오",스오우 츠카사X츠키나가 레오,로맨틱,,소설,,https://dongne.co/event/vidol08/circles/596242,제8회 어나더 스테이지,Day2,앙상블스타즈
S2카레52,젼,,,,,1sp,앙상블스타즈,,Shall We Date?:츠카레오 쁘띠존,"스오우 츠카사, 츠키나가 레오",스오우 츠카사X츠키나가 레오,로맨틱,,"만화,사진",dore_jj,https://dongne.co/event/vidol08/circles/597952,제8회 어나더 스테이지,Day2,앙상블 스타즈
Two Rabbits & 자몽공방,Rabbits,,,,,2sp,데뷔 못 하면 죄는 병 걸림,"앙스타, 플레이브",,,,,,"공예,조형",2rabbits,https://dongne.co/event/vidol08/circles/596908,제8회 어나더 스테이지,Day2,데못죽
Velvet Ship ,choco,,,,,2sp,앙상블스타즈,,,언데드,,,,"만화,소설",anony__u,https://dongne.co/event/vidol08/circles/614058,제8회 어나더 스테이지,Day2,앙상블스타즈!!
W,퍼렁물약,,,,,2sp,아이돌리쉬세븐(아이나나),,,,,,,,,https://dongne.co/event/vidol08/circles/612072,제8회 어나더 스테이지,Day2,아이돌리쉬세븐 (아이나나)
xoxo_xoxo,구남,,,,,2sp,케이팝데몬헌터스,,,사자보이즈,,,,,qnamxoxo,https://dongne.co/event/vidol08/circles/596100,제8회 어나더 스테이지,Day2,케이팝데몬헌터스
← 텐을 믿기 이오리를 믿기 →,"쿵, NUP",,,,,1sp,아이돌리쉬세븐,,,나나세 리쿠,쿠죠 텐X나나세 리쿠,해당없음,이즈미 이오리x나나세 리쿠,"만화,일러스트","kungkung______, nup_i7",https://dongne.co/event/vidol08/circles/598286,제8회 어나더 스테이지,Day2,아이돌리쉬 세븐
←뉴디멘션을믿기  코즈프로를믿기→,제임스,,,,,2sp,앙상블스타즈,,,"사에구사 이바라,아오바 츠무기, 사자나미 쥰, 아마기 린네, 사카사키 나츠메",사자나미 쥰X사에구사 이바라,"로맨틱,섹슈얼","츠무나츠, 린네아이","소설,공예,기타",meganemegalove,https://dongne.co/event/vidol08/circles/615306,제8회 어나더 스테이지,Day2,앙상블스타즈!!
가능성은무한대,호집,,,,,2sp,킹 오브 프리즘,프리티 시리즈,,,야마토 알렉산더X스즈노 유우,,,"만화,일러스트",hooojip,https://dongne.co/event/vidol08/circles/610289,제8회 어나더 스테이지,Day2,킹 오브 프리즘
"갈테야테야, 츠무기한테 장가갈테야","뇨지, 티티",,,,,2sp,아이돌리쉬세븐(아이나나),,Happy Tsumugi Day! 츠무기른 쁘띠존,타카나시 츠무기,,로맨틱,,만화,"nyoji_0654, ce_os0",https://dongne.co/event/vidol08/circles/599734,제8회 어나더 스테이지,Day2,아이돌리쉬 세븐 (아이나나)
개와 호랑이님,민지,,,,,1sp,아이돌리쉬세븐,,,"이누마루 토우마, 미도 토라오, 이스미 하루카, 나츠메 미나미",이누마루 토우마X미도 토라오,"로맨틱,섹슈얼",,"소설,만화",minjizld,https://dongne.co/event/vidol08/circles/604861,제8회 어나더 스테이지,Day2,아이돌리쉬 세븐
갱스터 옆 부스,완소퍼펙트매니저,,,,,1sp,아이돌리쉬세븐,,,,,로맨틱,,만화,,https://dongne.co/event/vidol08/circles/596853,제8회 어나더 스테이지,Day2,아이돌리쉬세븐
결정적순간!,안요,,,,,1sp,아이돌리쉬세븐,,유키모모 쁘띠존 : Y(o)U&Mo(re),유키모모,유키X모모,"로맨틱,섹슈얼",,만화,jellygom777,https://dongne.co/event/vidol08/circles/596197,제8회 어나더 스테이지,Day2,idolish7
"괜찮아 변하지 않아 ""마감하기 달렸어""",실공,,,,,2sp,아이돌리쉬세븐,,유키모모 쁘띠존 : Y(o)U&Mo(re),"유키, 모모",유키X모모,로맨틱,,"만화,소설",sgnichya,https://dongne.co/event/vidol08/circles/595933,제8회 어나더 스테이지,Day2,아이돌리쉬 세븐
군필미시집사L♡VE,리리,,,,,2sp,앙상블스타즈,,,후시미 유즈루,텐쇼인 에이치X후시미 유즈루,로맨틱,,"만화,일러스트,공예",ririri_2121,https://dongne.co/event/vidol08/circles/653763,제8회 어나더 스테이지,Day2,앙상블스타즈!!
굿즈비전문가,굿즈,,,,,1sp,데뷔 못 하면 죽는 병 걸림,,,"박문대, 청려",박문대X청려,로맨틱,,만화,idolg8ds,https://dongne.co/event/vidol08/circles/637681,제8회 어나더 스테이지,Day2,데뷔 못하면 죽는병
기간한정 핫케이크 믹스,눙,,,,,1sp,아이돌리쉬세븐,,,"이즈미 미츠키, 이즈미 이오리",,,,"만화,기타",play_nung,https://dongne.co/event/vidol08/circles/605697,제8회 어나더 스테이지,Day2,아이돌리쉬세븐
기타와 오카리나,겜이지옥,,,,,1sp,앙상블스타즈,,,아도니스,코가X아도니스,,,"만화,기타",a_morgeta,https://dongne.co/event/vidol08/circles/605485,제8회 어나더 스테이지,Day2,앙상블 스타즈
깜찍이네,볕,,,,,1sp,앙상블스타즈,,,,사쿠마 레이X하카제 카오루,,,,uvu_ovo_uvu,https://dongne.co/event/vidol08/circles/630353,제8회 어나더 스테이지,Day2,앙상블스타즈
나의 자강두천 아이돌들아,세르크,,,,,2sp,데뷔 못 하면 죽는 병 걸림,,,"박문대, 청려",,"섹슈얼,로맨틱",,소설,,https://dongne.co/event/vidol08/circles/637476,제8회 어나더 스테이지,Day2,데뷔 못 하면 죽는 병 걸림
난장판,피달이,,,,,2sp,망나니 PD 아이돌로 살아남기,망할 운명의 걸그룹 리더가 되었습니다,,"서호윤, 강이채, 민지헌",,섹슈얼,"호윤이채, 호진이채","만화,일러스트,소설",,https://dongne.co/event/vidol08/circles/636474,제8회 어나더 스테이지,Day2,망나니 pd 아이돌로 살아남기
내 남친은 전교1등학생회나이츠리더뉴디대표크루즈소유땅부자승마특기리무진등교스칼렛체리도에스당주님,"루우, 풍",,,,,2sp,앙상블스타즈,,Shall We Date?:츠카레오 쁘띠존,"스오우 츠카사, 츠키나가 레오",,"로맨틱,섹슈얼",,,ruu_ens,https://dongne.co/event/vidol08/circles/606588,제8회 어나더 스테이지,Day2,앙상블스타즈
내맘대로,메이,,,,,2sp,아이돌리쉬세븐,"케이팝데몬헌터스, 앙상블스타즈, 파라독스라이브",,,,,,,maii_050225,https://dongne.co/event/vidol08/circles/611037,제8회 어나더 스테이지,Day2,아이돌리쉬세븐
내밥은내가짓는다,h,,,,,1sp,앙상블스타즈,,,,아케호시 스바루X안즈,로맨틱,,,hz_rin9,https://dongne.co/event/vidol08/circles/649986,제8회 어나더 스테이지,Day2,앙상블 스타즈
냐,냥젤,,,,,2sp,데뷔 못 하면 죄는 병 걸림,,,,,,,,,https://dongne.co/event/vidol08/circles/619211,제8회 어나더 스테이지,Day2,데못죽
냥미카냥슈,약크림,,,,,1sp,앙상블스타즈,,,"카게히라미카,이츠키슈",,로맨틱,,만화,yakcreamcream,https://dongne.co/event/vidol08/circles/632967,제8회 어나더 스테이지,Day2,앙상블스타즈
냥이멍이 합사사건 일어나지 않게 조심해,zqw,,,,,1sp,앙상블스타즈,,,,히다카 호쿠토X아케호시 스바루,로맨틱,,"만화,기타",hokkeleft,https://dongne.co/event/vidol08/circles/602519,제8회 어나더 스테이지,Day2,앙상블스타즈!!
냥즈냐코 (・ω・),굥,,,,,1sp,앙상블스타즈,,,"세나 이즈미, 유우키 마코토",세나 이즈미X유우키 마코토,로맨틱,,일러스트,314j3104,https://dongne.co/event/vidol08/circles/643238,제8회 어나더 스테이지,Day2,앙상블스타즈
"너에게 내려진건 ""바뱀""이라는 축복이란다",유시리아,,,,,1sp,아이돌리쉬세븐,아이나나,유키모모 쁘띠존 : Y(o)U&Mo(re),"유키,모모",유키X모모,,,일러스트,siria_yuu,https://dongne.co/event/vidol08/circles/600546,제8회 어나더 스테이지,Day2,아이돌리쉬세븐
넌뭘위해부스를냈어난복수,"야체, 쯔모선수",,,,,2sp,아이돌리쉬세븐,,,ŹOOĻ,,,,,zarajaebalzom,https://dongne.co/event/vidol08/circles/605269,제8회 어나더 스테이지,Day2,아이돌리쉬세븐
"노래해줘, 유키 씨!",온도,,,,,2sp,아이돌리쉬세븐,,유키모모 쁘띠존 : Y(o)U&Mo(re),"유키, 모모",유키X모모,로맨틱,,만화,0ndo_s2,https://dongne.co/event/vidol08/circles/597356,제8회 어나더 스테이지,Day2,아이돌리쉬세븐
논컾과 찐컾 사이,밤색,,,,,2sp,아이돌마스터 SideM,아이돌 마스터,,"키요스미 쿠로, 하나무라 쇼마, 키사라기 치하야, 사쿠라바 카오루",키요스미 쿠로X하나무라 쇼마,로맨틱,,"소설,만화",saiko_denyansu,https://dongne.co/event/vidol08/circles/618626,제8회 어나더 스테이지,Day2,아이돌 마스터 SideM
"뇨테로는 선택, 뇨타는 필수","은범, DD, 돼지새끼두마리",,,,,2sp,파라독스 라이브,에이트리,,,한쵸X유토,로맨틱,나유카나,,d4mvdt3antuionl,https://dongne.co/event/vidol08/circles/612727,제8회 어나더 스테이지,Day2,파라독스 라이브
눈과 봄,호호,,,,,2sp,아이돌리쉬세븐,,유키모모 쁘띠존 : Y(o)U&Mo(re),"유키,모모",유키X모모,"로맨틱,해당없음",가쿠츠무,"만화,소설,기타",youyou_900,https://dongne.co/event/vidol08/circles/595619,제8회 어나더 스테이지,Day2,아이돌리쉬세븐
눈복과수원,과찌,,,,,1sp,아이돌리쉬세븐(아이나나),,유키모모 쁘띠존 : Y(o)U&Mo(re),,,,,,gwaj_ji,https://dongne.co/event/vidol08/circles/598812,제8회 어나더 스테이지,Day2,아이돌리쉬세븐(아이나나)
눈복숭아 제빵소,"오팡, 식빵",,,,,2sp,아이돌리쉬세븐(아이나나),,유키모모 쁘띠존 : Y(o)U&Mo(re),"유키, 모모",,로맨틱,,"만화,일러스트","5pang_, i7_reppang",https://dongne.co/event/vidol08/circles/595953,제8회 어나더 스테이지,Day2,아이돌리쉬 세븐(아이나나)
뉴디멘션법무팀,palm ,,,,,2sp,앙상블스타즈,"아이돌리쉬세븐, 비바렌",,,,,,"일러스트,소설",kedakaki712,https://dongne.co/event/vidol08/circles/636114,제8회 어나더 스테이지,Day2,앙상블스타즈
다음 아카펠라는 러브송으로!,무광,,,,,1sp,아오페라,,,,,,,,0doredore,https://dongne.co/event/vidol08/circles/596034,제8회 어나더 스테이지,Day2,아오페라
다음 아카펠라는 러브송으로?,물주,,,,,1sp,아오페라,,,,,,,소설,,https://dongne.co/event/vidol08/circles/596056,제8회 어나더 스테이지,Day2,아오페라
다이닝 투나잇!,.,,,,,2sp,아이돌리쉬세븐,,유키모모 쁘띠존 : Y(o)U&Mo(re),유키x모모,유키X모모,로맨틱,,게임,,https://dongne.co/event/vidol08/circles/596422,제8회 어나더 스테이지,Day2,아이돌리쉬세븐
달콤쌉쌀 신간있으면 좋겠습니다…,감농,,,,,2sp,18TRIP,,,,무라쿠모 텐 X니시조노 렌가,로맨틱,아제카와 키나리x도메키 쿠구리,소설,,https://dongne.co/event/vidol08/circles/635884,제8회 어나더 스테이지,Day2,18TRIP
당근의 효능,냉블,,,,,1sp,킹 오브 프리즘,,,"카케루,타이가",쥬오인 카케루X코우가미 타이가,"로맨틱,섹슈얼",,만화,n_beul00_kop,https://dongne.co/event/vidol08/circles/606918,제8회 어나더 스테이지,Day2,킹 오브 프리즘
당신은에다의발데르예요,스이,,,,,2sp,아이돌리쉬세븐,,,"로쿠야 나기, 나츠메 미나미",로쿠야 나기X나츠메 미나미,로맨틱,,"만화,소설,기타",nm_pi7,https://dongne.co/event/vidol08/circles/597047,제8회 어나더 스테이지,Day2,아이돌리쉬세븐
덕질에 빠져도 마감은 해야 하는 구나,괴도팡,,,,,2sp,데뷔 못 하면 죄는 병 걸림,,,,,,,,lukapang__45,https://dongne.co/event/vidol08/circles/603896,제8회 어나더 스테이지,Day2,데못죽
데한민국 외계인,나기,,,,,2sp,플레이브 데못죽,,,,,,,,,https://dongne.co/event/vidol08/circles/605284,제8회 어나더 스테이지,Day2,플레이브 데못죽
"데한민국, 니뽄 돗치가스키",딥,,,,,1sp,데뷔 못 하면 죽는 병 걸림,아이돌리쉬 세븐,,,,,,"일러스트,기타",di9di7,https://dongne.co/event/vidol08/circles/606449,제8회 어나더 스테이지,Day2,데뷔 못 하면 죽는 병에 걸림
돌고돌아 매니저,"퓨리, 락또, 유르",,,,,2sp,아이돌리쉬세븐,,,,,,,,,https://dongne.co/event/vidol08/circles/605258,제8회 어나더 스테이지,Day2,아이돌리쉬세븐
동포...,덕,,,,,2sp,아이돌리쉬세븐,,,"야오토메 가쿠,쿠죠 텐",야오토메 가쿠X쿠죠 텐,로맨틱,,만화,goodduckgame,https://dongne.co/event/vidol08/circles/606729,제8회 어나더 스테이지,Day2,아이돌리쉬세븐
두근두근 근친클럽♡ ~근친연구회에 어서 오세요~,메이,,,,,1sp,아이돌리쉬세븐,,,"나나세 리쿠, 쿠죠 텐",나나세 리쿠X쿠죠 텐,로맨틱,,소설,meime2mewmew,https://dongne.co/event/vidol08/circles/599306,제8회 어나더 스테이지,Day2,아이돌리쉬세븐
따뜻한 아이스 유키모모 하나 주세요,따수,,,,,2sp,아이돌리쉬세븐,,유키모모 쁘띠존 : Y(o)U&Mo(re),"유키, 모모",유키X모모,"로맨틱,해당없음",,"만화,일러스트",dda_sue,https://dongne.co/event/vidol08/circles/603651,제8회 어나더 스테이지,Day2,아이돌리쉬 세븐
또 나만 진심이지,페이지,,,,,1sp,데뷔 못 하면 죄는 병 걸림,,,,,,,,,https://dongne.co/event/vidol08/circles/605120,제8회 어나더 스테이지,Day2,데못죽
라멘 쿠즈노하,텐초,,,,,2sp,아이돌리쉬세븐,,,"쿠죠 텐, 나나세 리쿠",나나세 리쿠X쿠죠 텐,해당없음,,"일러스트,만화",tenn_choikeman,https://dongne.co/event/vidol08/circles/604636,제8회 어나더 스테이지,Day2,아이돌리쉬 세븐
루팡탑꾸,루팡탑꾸,,,,,2sp,,탑꾸,,,,,,공예,gry1710,https://dongne.co/event/vidol08/circles/654292,제8회 어나더 스테이지,Day2,
리그렛,천경,,,,,2sp,"보컬로이드, 프로젝트 세카이",홀로라이브,,"하츠네 미쿠, 카이토, 카가미네 린, 카가미네 렌",,,,"일러스트,조형,기타",,https://dongne.co/event/vidol08/circles/617265,제8회 어나더 스테이지,Day2,"보컬로이드, 프로젝트 세카이"
리더들끼리사랑하면안되는건가요?,누구라네,,,,,1sp,아이돌리쉬세븐,,,"야오토메 가쿠, 니카이도 야마토",야오토메 가쿠X니카이도 야마토,"로맨틱,섹슈얼",,"만화,소설",nurane_i7_82,https://dongne.co/event/vidol08/circles/598950,제8회 어나더 스테이지,Day2,아이돌리쉬세븐
리벨리온,이퍼,,,,,1sp,아이돌리쉬세븐,,,,이스미 하루카X나츠메 미나미,,,,nipanipachi_,https://dongne.co/event/vidol08/circles/595592,제8회 어나더 스테이지,Day2,아이돌리쉬 세븐
마이크로 알아보는 양대간판 관계성,LEVI,,,,,1sp,앙상블스타즈,,,,,,,,levi_enstar,https://dongne.co/event/vidol08/circles/600252,제8회 어나더 스테이지,Day2,앙상블 스타즈!!
말랑딱복복숭아,우샤,,,,,1sp,아이돌리쉬세븐,,유키모모 쁘띠존 : Y(o)U&Mo(re),모모,유키X모모,로맨틱,,"만화,일러스트",usha_more_i7,https://dongne.co/event/vidol08/circles/595599,제8회 어나더 스테이지,Day2,아이돌리쉬세븐
망가돌리쉬 세븐,U,,,,,2sp,아이돌리쉬세븐,,,,,로맨틱,,,z_zzz612,https://dongne.co/event/vidol08/circles/597738,제8회 어나더 스테이지,Day2,아이돌리쉬 세븐
머메이드 블루,bibi,,,,,1sp,앙상블스타즈,,,,,,,,,https://dongne.co/event/vidol08/circles/596823,제8회 어나더 스테이지,Day2,앙상블스타즈
멍멍2,연정,,,,,1sp,앙상블스타즈,,,,사쿠마 레이X오오가미 코가,로맨틱,,,,https://dongne.co/event/vidol08/circles/638551,제8회 어나더 스테이지,Day2,앙상블스타즈
멧쪼옥 ,죠온,,,,,1sp,아이돌리쉬세븐,,,요츠바 타마키 오오사카 소고 ,,로맨틱,,만화,jyoon_i77,https://dongne.co/event/vidol08/circles/601273,제8회 어나더 스테이지,Day2,아이돌리쉬 세븐
모냐의 눈복숭아가게,모냐,,,,,2sp,아이돌리쉬세븐(아이나나),,유키모모 쁘띠존 : Y(o)U&Mo(re),"유키, 모모",,,,일러스트,monya_i7,https://dongne.co/event/vidol08/circles/598495,제8회 어나더 스테이지,Day2,아이돌리쉬세븐(아이나나)
모코 스튜디오 ,모코,,,,,2sp,앙상블스타즈,"프세카, 아이나나, 에이트리, 히프마이 등등",,,,,,공예,studio_moco_u,https://dongne.co/event/vidol08/circles/612019,제8회 어나더 스테이지,Day2,앙상블 스타즈
무적의씨피 :: 츠카레오,"오조, 메리",,,,,2sp,앙상블스타즈,,Shall We Date?:츠카레오 쁘띠존,"스오우 츠카사, 츠키나가 레오",스오우 츠카사X츠키나가 레오,로맨틱,,"만화,일러스트",oeny4a,https://dongne.co/event/vidol08/circles/603973,제8회 어나더 스테이지,Day2,앙상블스타즈!!
무지개동호회,메로,,,,,2sp,"프리티 시리즈(오드, 디마퓨, 레라, 킹프리, 프리파라)",아이돌리쉬 세븐(아이나나),,,,,,"일러스트,만화",,https://dongne.co/event/vidol08/circles/596454,제8회 어나더 스테이지,Day2,"프리티 시리즈(오드, 디마퓨, 레라, 킹프리, 프리파라)"
미나하루를믿기 토라토우를믿기,하그,,,,,2sp,아이돌리쉬세븐,,,"나츠메 미나미, 이스미 하루카, 이누마루 토우마 , 미도 토라오",나츠메 미나미X이스미 하루카,"로맨틱,섹슈얼",미도 토라오 X 이누마루 토우마,"일러스트,만화",o_oyouno,https://dongne.co/event/vidol08/circles/604439,제8회 어나더 스테이지,Day2,아이돌리쉬세븐
미니사탕과 왕큰크로와상,구민,,,,,2sp,앙상블스타즈,,,미카슈,미카X슈,"로맨틱,섹슈얼",미카슈,"만화,일러스트",9min_va,https://dongne.co/event/vidol08/circles/623526,제8회 어나더 스테이지,Day2,앙상블스타즈!!
미폼시힐즈,피미,,,,,2sp,앙상블스타즈,,,"카게히라 미카,이츠키 슈",,"섹슈얼,로맨틱",,"만화,일러스트",gelatoluver,https://dongne.co/event/vidol08/circles/622970,제8회 어나더 스테이지,Day2,앙상블스타즈
미화계획 지원 부스,신호,,,,,1sp,아이돌랜드 프리파라,역전재판1~4,,"마리오, 아마리, 히비키",마리오X히비키,"로맨틱,섹슈얼,해당없음",아마리X마리오X아마리,"만화,일러스트",milfhodo,https://dongne.co/event/vidol08/circles/598706,제8회 어나더 스테이지,Day2,아이돌랜드 프리파라
바리공방,리리,,,,,1sp,,,,,,,,공예,varibari_,https://dongne.co/event/vidol08/circles/621225,제8회 어나더 스테이지,Day2,
반*대통합-남녀칠세부동석-,포테피,,,,,2sp,아이돌리쉬세븐,"학원마스, 데레마스, 보컬로이드",,,,,,일러스트,potepi_cm,https://dongne.co/event/vidol08/circles/606211,제8회 어나더 스테이지,Day2,아이돌리쉬세븐
반말금지,강돌이,,,,,2sp,앙상블스타즈,,,"아마기히이로, 아마기린네",,,,만화,come_backstrong,https://dongne.co/event/vidol08/circles/595186,제8회 어나더 스테이지,Day2,앙상블스타즈
발키리 부스,종이,,,,,1sp,앙상블스타즈,,,"이츠키 슈, 카게히라 미카",,,,일러스트,0000_paper,https://dongne.co/event/vidol08/circles/650518,제8회 어나더 스테이지,Day2,앙상블 스타즈!!
밥부스,너리,,,,,2sp,아이돌리쉬세븐,,,"이즈미 이오리, 나나세 리쿠",,,,소설,neorit_,https://dongne.co/event/vidol08/circles/603392,제8회 어나더 스테이지,Day2,아이돌리쉬세븐
백수네 식탁,하윤,,,,,1sp,앙상블스타즈,블루록,,"미카, 슈",,"로맨틱,섹슈얼",,"만화,소설",habeksu,https://dongne.co/event/vidol08/circles/605642,제8회 어나더 스테이지,Day2,앙상블스타즈
벤또야 유키,"YANU, 점장",,,,,2sp,아이돌리쉬세븐,,유키모모 쁘띠존 : Y(o)U&Mo(re),,유키X모모,"로맨틱,섹슈얼",,"일러스트,소설","yanu_0000, is_it_idolanime",https://dongne.co/event/vidol08/circles/596876,제8회 어나더 스테이지,Day2,아이돌리쉬 세븐
복숭아 손으로 누르지 마세요!!눈으로만보세요!!,배배꾸,,,,,2sp,아이돌리쉬세븐,,유키모모 쁘띠존 : Y(o)U&Mo(re),오리카사유키토 스노하라모모세,유키X모모,로맨틱,,만화,i7_109,https://dongne.co/event/vidol08/circles/604062,제8회 어나더 스테이지,Day2,아이돌리쉬세븐
볼테야 테야 유키모모 동인지 볼테야,촟코,,,,,2sp,아이돌리쉬세븐,,유키모모 쁘띠존 : Y(o)U&Mo(re),"유키, 모모",유키X모모,"섹슈얼,로맨틱",,"만화,일러스트",gmlfud_i77,https://dongne.co/event/vidol08/circles/603598,제8회 어나더 스테이지,Day2,아이돌리쉬세븐
봄봄 스튜디오,아사,,,,,2sp,플레이브,,,,,,,,,https://dongne.co/event/vidol08/circles/605937,제8회 어나더 스테이지,Day2,플레이브
"부스 내버리게 되었으니까, 마감이라든가는 아무래도 좋아!","벨, 먕냠 ",,,,,1sp,앙상블스타즈,,Shall We Date?:츠카레오 쁘띠존,"스오우 츠카사, 츠키나가 레오",,로맨틱,,"만화,일러스트","bell_4655, myangnyam60",https://dongne.co/event/vidol08/circles/609742,제8회 어나더 스테이지,Day2,앙상블 스타즈!!
부스명 뭐하지,유마,,,,,1sp,데뷔 못 하면 죽는 병 걸림,,,배세진,,,,만화,,https://dongne.co/event/vidol08/circles/607417,제8회 어나더 스테이지,Day2,데뷔 못하면 죽는병에 걸림
비정상영업,88,,,,,1sp,데뷔 못 하면 죽는 병 걸림,,,"차유진, 김래빈, 채율, 청려",차유진X김래빈,,채율청려,소설,9uzfp8,https://dongne.co/event/vidol08/circles/656506,제8회 어나더 스테이지,Day2,데뷔 못 하면 죽는 병 걸림
쁘띠뽀짝,뽀짝쿵야,,,,,2sp,플레이브 데못죽,괴담출근 이착헌 원피스 슬램덩크 하이큐 플레이브 전독시 내스급 코난 오란고교 캐캐체 달빛천사 헌터헌터,,,,,,,bbojjakkyu,https://dongne.co/event/vidol08/circles/598655,제8회 어나더 스테이지,Day2,데못죽 케데헌 플레이브
사과정원,빨간사숨,,,,,1sp,아이돌리쉬세븐,,유키모모 쁘띠존 : Y(o)U&Mo(re),"유키, 모모",유키X모모,"로맨틱,섹슈얼",,,redsasum,https://dongne.co/event/vidol08/circles/596668,제8회 어나더 스테이지,Day2,아이돌리쉬세븐
사랑의 트랩카드,갈릭,,,,,2sp,앙상블스타즈,,,,사쿠마 레이X오오가미 코가,"로맨틱,섹슈얼",,,,https://dongne.co/event/vidol08/circles/604365,제8회 어나더 스테이지,Day2,앙상블스타즈
사잇쇼니플라이어웨이,곽똥철,,,,,1sp,아이돌리쉬세븐,,,"이즈미 이오리, 나나세 리쿠",,로맨틱,,,kwaknanacheol,https://dongne.co/event/vidol08/circles/615022,제8회 어나더 스테이지,Day2,아이돌리쉬 세븐
서클명을 입력해주세요 ,"쵸리쪼, 두케",,,,,2sp,아이돌리쉬세븐,,,,쿠죠 텐X츠나시 류노스케,,"모모유키, 가쿠류, 토라류, 소우타마","일러스트,만화","cccrixo, blondcharao",https://dongne.co/event/vidol08/circles/604539,제8회 어나더 스테이지,Day2,아이돌리쉬세븐
선왕을 빨래하는 4655가지 방법,"돌멩이, 꿀빵",,,,,2sp,앙상블스타즈,,Shall We Date?:츠카레오 쁘띠존,"스오우 츠카사, 츠키나가 레오",스오우 츠카사X츠키나가 레오,"로맨틱,섹슈얼",,"만화,소설","mae_ngtl, honeybread_827",https://dongne.co/event/vidol08/circles/595672,제8회 어나더 스테이지,Day2,앙상블스타즈!!
소금빵상추찜,소금빵,,,,,2sp,데뷔 못 하면 죽는 병 걸림,망나니 pd 아이돌로 살아남기 ,,,,,,일러스트,sugarbban,https://dongne.co/event/vidol08/circles/619864,제8회 어나더 스테이지,Day2,데뷔 못하면 죽는 병 걸림
소금빵쌈싸먹어,상추말이,,,,,2sp,데뷔 못 하면 죽는 병 걸림,,,,,,,,sangchoodoldol,https://dongne.co/event/vidol08/circles/619444,제8회 어나더 스테이지,Day2,데뷔 못 하면 죽는 병 걸림 (데못죽)
소년현상,少年現象,,,,,1sp,앙상블스타즈,,,"아야세 마요이, 카제하야 타츠미, 사카사키 나츠메, 아오바 츠무기, 하루카와 소라",아야세 마요이X카제하야 타츠미,로맨틱,사카사키 나츠메 ✕ 아오바 츠무기,"만화,일러스트,소설",5_145c,https://dongne.co/event/vidol08/circles/615744,제8회 어나더 스테이지,Day2,앙상블 스타즈!!
소우타마가 있는 집 4,ㅇㅇ,,,,,2sp,,,,,,,,,,https://dongne.co/event/vidol08/circles/648777,제8회 어나더 스테이지,Day2,
수감자아이돌형기만료되면전과자아이돌,링구장,,,,,1sp,18TRIP,,,"아제카와 키나리, 도메키 쿠구리",아제카와 키나리X도메키 쿠구리,해당없음,니시조노 렌가x무라쿠모 텐,만화,senohikuikuchou,https://dongne.co/event/vidol08/circles/601476,제8회 어나더 스테이지,Day2,18TRIP
수달의 작업실x꽁뜨공방,김수달,,,,,2sp,,탑꾸,,,,,,공예,sudal_s,https://dongne.co/event/vidol08/circles/638688,제8회 어나더 스테이지,Day2,수공예
슈퍼달링에게 꽃다발을,냐리,,,,,1sp,킹 오브 프리즘,,,,쥬오인 카케루X코우가미 타이가,로맨틱,,만화,4170x3167,https://dongne.co/event/vidol08/circles/603804,제8회 어나더 스테이지,Day2,킹 오브 프리즘
아?!?!이토슈쿠후쿠노루미너스~,서지,,,,,1sp,앙상블스타즈,,Shall We Date?:츠카레오 쁘띠존,"스오우 츠카사, 츠키나가 레오",스오우 츠카사X츠키나가 레오,로맨틱,,,4m1kan,https://dongne.co/event/vidol08/circles/596854,제8회 어나더 스테이지,Day2,앙상블 스타즈!!
아름다운 슈이팅게일,나체,,,,,1sp,앙상블스타즈,히프노시스마이크,,"카게히라 미카, 이츠키 슈",카게히라 미카X이츠키 슈,"로맨틱,섹슈얼",,,,https://dongne.co/event/vidol08/circles/651734,제8회 어나더 스테이지,Day2,앙상블스타즈
아방공협회 제108지부,믕시,,,,,1sp,아이돌리쉬세븐,"킹 오브 프리즘, 아이돌타임 프리파라",,"야오토메 가쿠, 쿠죠 텐, 츠나시 류노스케",츠나시 류노스케X야오토메 가쿠,"섹슈얼,로맨틱",히지리x진,만화,msi8isiii,https://dongne.co/event/vidol08/circles/595964,제8회 어나더 스테이지,Day2,아이돌리쉬세븐
아이나나 팬클럽,새달,,,,,2sp,아이돌리쉬세븐,,,,,,,,nana_saedal,https://dongne.co/event/vidol08/circles/595172,제8회 어나더 스테이지,Day2,아이돌리쉬 세븐
아이나나하자!,조부단,,,,,2sp,아이돌리쉬세븐,,유키모모 쁘띠존 : Y(o)U&Mo(re),모모,유키X모모,로맨틱,,만화,oasis525200,https://dongne.co/event/vidol08/circles/597667,제8회 어나더 스테이지,Day2,아이돌리쉬세븐
아이돌리쉬세븐,두부반죽,,,,,2sp,아이돌리쉬세븐,아이돌리쉬세븐,,아이돌리쉬세븐,,로맨틱,하루미나,기타,,https://dongne.co/event/vidol08/circles/609071,제8회 어나더 스테이지,Day2,아이돌리쉬세븐
아이돌이 너무 좋다.,ssu,,,,,1sp,앙상블스타즈,아이돌리쉬세븐 등등,,"스오우 츠카사, 오우카와 코하쿠",,,,일러스트,sb1oo4,https://dongne.co/event/vidol08/circles/634645,제8회 어나더 스테이지,Day2,앙상블스타즈!!
아이돌이연애하기,동조,,,,,1sp,데뷔 못 하면 죽는 병 걸림,,,"이세진, 박문대",이세진X박문대,"로맨틱,섹슈얼",,소설,donggapizoa,https://dongne.co/event/vidol08/circles/634982,제8회 어나더 스테이지,Day2,데뷔 못 하면 죽는 병 걸림
아침에는 주임 밤에는 매니저 그들의 아찔한 이중생활,터스햄,,,,,2sp,"18TRIP, 아이돌리쉬 세븐",,,ŹOOĻ,미도 토라오X이누마루 토우마,해당없음,텐렌,일러스트,__hamsterlove,https://dongne.co/event/vidol08/circles/603948,제8회 어나더 스테이지,Day2,"18TRIP, 아이돌리쉬 세븐"
앙스타 즐겜러,"모리, 55",,,,,2sp,앙상블스타즈,,,Knights,,,,"만화,일러스트","chukasa_daisuki, 0lallallal0",https://dongne.co/event/vidol08/circles/610818,제8회 어나더 스테이지,Day2,앙상블 스타즈
앙이라고함,ㅇㅇ,,,,,1sp,앙상블스타즈,,,,,,,일러스트,sem2_world,https://dongne.co/event/vidol08/circles/605876,제8회 어나더 스테이지,Day2,앙상블스타즈
애플블로썸,소내,,,,,1sp,"데못죽, 초심돌",괴출,,,,,,일러스트,,https://dongne.co/event/vidol08/circles/636090,제8회 어나더 스테이지,Day2,"데못죽, 초심돌"
야근을 해도 마감은 해야 하는구나,"시스, 뎅구",,,,,2sp,데뷔 못 하면 죽는 병 걸림,,,"박문대, 신재현, 류건우",박문대X청려,,건우청려,"소설,만화",,https://dongne.co/event/vidol08/circles/639303,제8회 어나더 스테이지,Day2,데뷔 못 하면 죽는 병 걸림
야오토메 가쿠 싸움 잘하냐?,朗 (랑),,,,,1sp,"아이돌리쉬세븐, 아이나나",,Happy Tsumugi Day! 츠무기른 쁘띠존,"쿠죠텐, 나나세리쿠",야오토메 가쿠X타카나시 츠무기,로맨틱,,"만화,일러스트",tennshi79,https://dongne.co/event/vidol08/circles/608105,제8회 어나더 스테이지,Day2,"아이돌리쉬세븐, 아이나나"
야오토메 가쿠다. 겁먹지 않을 거야. (납치),"파구, 야자",,,,,1sp,아이돌리쉬세븐,,,"제로, 야오토메 가쿠, 이누마루 토우마",,,,"소설,일러스트,만화","i7zero_, yaja_i7",https://dongne.co/event/vidol08/circles/602979,제8회 어나더 스테이지,Day2,아이돌리쉬세븐
"엄마는 아이돌, 아빠는 아저씨.",달코,,,,,2sp,아이돌리쉬세븐,,,"니카이도 야마토, 이즈미 미츠키",이즈미 미츠키X니카이도 야마토,"로맨틱,섹슈얼",,만화,daldal_tako,https://dongne.co/event/vidol08/circles/603464,제8회 어나더 스테이지,Day2,아이돌리쉬 세븐
엄마랑 아빠가 사랑하면 그건무슨콤임?,비사,,,,,2sp,아이돌리쉬세븐,,,"이즈미 미츠키, 니카이도 야마토, 유키, 모모",이즈미 미츠키X니카이도 야마토,"로맨틱,섹슈얼",,소설,bisa_otk,https://dongne.co/event/vidol08/circles/595814,제8회 어나더 스테이지,Day2,아이돌리쉬 세븐
엄마뱃속동기동창회,말콩,,,,,1sp,아이돌리쉬세븐,,,,나나세리쿠X쿠죠 텐,로맨틱,,일러스트,gongrikusuten,https://dongne.co/event/vidol08/circles/598266,제8회 어나더 스테이지,Day2,아이돌리쉬세븐
에스(S)보다더도S인 연하공,지폭,,,,,2sp,앙상블스타즈,,Shall We Date?:츠카레오 쁘띠존,"스오우 츠카사, 츠키나가 레오",,"섹슈얼,로맨틱",,만화,jipokk,https://dongne.co/event/vidol08/circles/603369,제8회 어나더 스테이지,Day2,앙상블스타즈!!
에이유즈 냄,토기,,,,,1sp,앙상블스타즈,,,"텐쇼인 에이치, 후시미 유즈루",텐쇼인 에이치X후시미 유즈루,로맨틱,,,thfinehh,https://dongne.co/event/vidol08/circles/656632,제8회 어나더 스테이지,Day2,앙상블 스타즈
연하는 왼쪽으로,낙,,,,,2sp,"아이돌리쉬세븐, 오오엥",,,"이즈미 이오리, 나나세 리쿠, 오오사카 소고, 요츠바 타마키, 이즈미 미츠키, 니카이도 야마토 ",,로맨틱,"오오시즈, 이오리쿠, 타마소우, 미츠야마 ","만화,소설",nag__i7,https://dongne.co/event/vidol08/circles/605114,제8회 어나더 스테이지,Day2,"아이돌리쉬세븐, 오오엥"
연하의맛tv,노노,,,,,1sp,앙상블스타즈,"프로세카,아이마스",,카게히라 미카,,"로맨틱,섹슈얼",,만화,nonolee4242564,https://dongne.co/event/vidol08/circles/651066,제8회 어나더 스테이지,Day2,앙상블스타즈
열혈반점,소지,,,,,2sp,앙상블스타즈,,,나구모 테토라,나구모 테토라X키류 쿠로,,테츠쿠로,"일러스트,만화",draca2na,https://dongne.co/event/vidol08/circles/596347,제8회 어나더 스테이지,Day2,앙상블 스타즈!!
오54마푸딩ㅡ!!!!,메온,,,,,1sp,아이돌리쉬세븐,,,"오사카 소고, 요츠바 타마키",오사카 소고X요츠바 타마키,,모미운,"만화,소설",mezzoonna,https://dongne.co/event/vidol08/circles/620793,제8회 어나더 스테이지,Day2,아이돌리쉬 세븐
온돌방,손마,,,,,1sp,"아이돌리쉬7, 아이나나",,유키모모 쁘띠존 : Y(o)U&Mo(re),,,로맨틱,,"만화,일러스트",sonma0801,https://dongne.co/event/vidol08/circles/604898,제8회 어나더 스테이지,Day2,"아이돌리쉬7, 아이나나"
왕정제폐위하고국민주권되찾아나기를애니메이트로 ,예림,,,,,4sp,아이돌리쉬세븐,,,,,,,"만화,소설",,https://dongne.co/event/vidol08/circles/611476,제8회 어나더 스테이지,Day2,아이돌리쉬 세븐
우리는 한때 하나였다,하이,,,,,2sp,아이돌리쉬세븐,"아이나나, 페르소나, 윈드브레이커(윈브레)",,,나나세 리쿠X이즈미 이오리,,"리쿠이오, 주아케, 사쿠스오",만화,higkdl0,https://dongne.co/event/vidol08/circles/603561,제8회 어나더 스테이지,Day2,아이돌리쉬세븐
웃츄피렌체,ㅇㅌㅋ,,,,,4sp,앙상블스타즈,,,츠키나가 레오,츠키나가 레오X세나 이즈미,"로맨틱,섹슈얼,해당없음",,"만화,일러스트,기타",,https://dongne.co/event/vidol08/circles/618564,제8회 어나더 스테이지,Day2,앙상블스타즈
위아원트리거사랑하자,마셔,,,,,1sp,아이돌리쉬세븐,,,,,,,만화,g265936,https://dongne.co/event/vidol08/circles/605528,제8회 어나더 스테이지,Day2,아이돌리쉬 세븐 아이나나
유유윸!모모못!,야므,,,,,2sp,아이돌리쉬세븐,,유키모모 쁘띠존 : Y(o)U&Mo(re),"유키,모모",유키X모모,"로맨틱,해당없음",,"만화,일러스트,기타",yame423,https://dongne.co/event/vidol08/circles/595978,제8회 어나더 스테이지,Day2,IDOLiSH7
"유키,이케멘~!! 나도 알아",응애,,,,,2sp,아이돌리쉬세븐,,유키모모 쁘띠존 : Y(o)U&Mo(re),유키모모,유키X모모,로맨틱,,기타,kumapipi_i7,https://dongne.co/event/vidol08/circles/596612,제8회 어나더 스테이지,Day2,아이돌리쉬세븐
유키의 복숭아도시락,메밀,,,,,2sp,아이돌리쉬세븐,,유키모모 쁘띠존 : Y(o)U&Mo(re),"유키, 모모",유키X모모,로맨틱,,소설,memilcharrr,https://dongne.co/event/vidol08/circles/598696,제8회 어나더 스테이지,Day2,아이돌리쉬 세븐
유키짱 모모짱 지수짱 이 셋 만남 기쁘다,한지수,,,,,1sp,아이돌리쉬세븐,,유키모모 쁘띠존 : Y(o)U&Mo(re),"유키, 모모",,로맨틱,,,hanjisu2ga2,https://dongne.co/event/vidol08/circles/595999,제8회 어나더 스테이지,Day2,아이돌리쉬세븐
유키쨩 모모쨩 나 이 셋의 만남 너무 기쁘다.,콜라링,,,,,1sp,아이돌리쉬세븐,,유키모모 쁘띠존 : Y(o)U&Mo(re),유키 / 모모,유키X모모,"로맨틱,섹슈얼",,만화,coi7aring,https://dongne.co/event/vidol08/circles/603231,제8회 어나더 스테이지,Day2,아이돌리쉬 세븐
육지에 천사강림,미운,,,,,2sp,아이돌리쉬세븐,,,"나나세 리쿠, 쿠죠 텐",나나세 리쿠X쿠죠 텐,"섹슈얼,로맨틱",,만화,_miunmiun,https://dongne.co/event/vidol08/circles/598225,제8회 어나더 스테이지,Day2,아이돌리쉬세븐
이걸 위해 날아왔어요,인생/종강,,,,,2sp,아이돌리쉬세븐,,유키모모 쁘띠존 : Y(o)U&Mo(re),카라스텐구(유키) 우타(모모),카라스텐구(유키)X우타(모모),로맨틱,,만화,"junsaeng77, jonggang0415",https://dongne.co/event/vidol08/circles/598018,제8회 어나더 스테이지,Day2,아이돌리쉬세븐
이이요의 망령,타리,,,,,1sp,아이돌리쉬세븐,,,리바레(모모+유키),,,,,inakunattari,https://dongne.co/event/vidol08/circles/595836,제8회 어나더 스테이지,Day2,아이돌리쉬 세븐
인생의 처음부터 끝까지 함께 해,구구,,,,,2sp,아이돌리쉬세븐,,,"쿠죠 텐, 나나세 리쿠",,로맨틱,,"만화,일러스트",rmsclsgudwp_00,https://dongne.co/event/vidol08/circles/606177,제8회 어나더 스테이지,Day2,아이돌리쉬세븐
일단넣어야지,비야,,,,,2sp,앙상블스타즈,,,"레이, 코가",,"로맨틱,섹슈얼",,,,https://dongne.co/event/vidol08/circles/605303,제8회 어나더 스테이지,Day2,앙상블스타즈
잡덕의 덕질 로그,제하,,,,,1sp,앙상블스타즈,데뷔 못하면 죽는 병 걸림,,,,,,일러스트,exxovery,https://dongne.co/event/vidol08/circles/644167,제8회 어나더 스테이지,Day2,앙상블스타즈
장작과다,뱅쇼,,,,,1sp,데뷔 못 하면 죽는 병 걸림,,,,선아현X박문대,로맨틱,유진래빈,"소설,공예",classsscallion,https://dongne.co/event/vidol08/circles/604651,제8회 어나더 스테이지,Day2,데뷔 못 하면 죽는 병 걸
전국삼백안른연합위원회부스,랜걸,,,,,1sp,아이돌리쉬세븐,,,이누마루 토우마,야오토메 가쿠X니카이도 야마토,"로맨틱,섹슈얼","가쿠야마, 토라토우","만화,소설",rinmrfg,https://dongne.co/event/vidol08/circles/604841,제8회 어나더 스테이지,Day2,아이돌리쉬세븐
전방에 유키모모주의,모차,,,,,1sp,아이돌리쉬세븐,,유키모모 쁘띠존 : Y(o)U&Mo(re),유키 모모,유키X모모,로맨틱,,일러스트,mooocha1111,https://dongne.co/event/vidol08/circles/596540,제8회 어나더 스테이지,Day2,아이돌리쉬세븐
"절대로 KISS, 참을 수 없습니다.",딸기찹쌀떡,,,,,1sp,앙상블스타즈,,Shall We Date?:츠카레오 쁘띠존,"스오우 츠카사, 츠키나가 레오",스오우 츠카사X츠키나가 레오,로맨틱,,"만화,일러스트",tk04060505,https://dongne.co/event/vidol08/circles/604344,제8회 어나더 스테이지,Day2,앙상블스타즈!!
제8회 어나스테 그리고 밀리시타 8주년 센터 아이돌 야부키 카나,♡,,,,,1sp,아이돌 마스터 밀리언 라이브!,"샤이니 컬러즈, 18TRIP",,,,,,"일러스트,만화","m_e_rong, tabixkql",https://dongne.co/event/vidol08/circles/655582,제8회 어나더 스테이지,Day2,아이돌 마스터 밀리언 라이브!
주르의 나츠메 미나미와 미도 토라오가 사귄다는 찌라시가 사실이라고? (R모양: 길어.),랑,,,,,2sp,,,,"나츠메 미나미, 미도 토라오",나츠메 미나미X미도 토라오,"섹슈얼,로맨틱",,소설,nolda_rang,https://dongne.co/event/vidol08/circles/596081,제8회 어나더 스테이지,Day2,
주먹밥가게,주먹밥,,,,,2sp,프로세카,,,,,,,,,https://dongne.co/event/vidol08/circles/612371,제8회 어나더 스테이지,Day2,프로세카
주주님 저희 아직 정정합니다,연화,,,,,1sp,데뷔 못 하면 죽는 병 걸림,,,,,,,,lotus_flower432,https://dongne.co/event/vidol08/circles/598534,제8회 어나더 스테이지,Day2,데뷔못하면죽는병걸림
죽을때까지 아이나나하고 지는쪽이 무지개되자!,푸아,,,,,2sp,아이돌리쉬세븐,,,"요츠바 타마키,오오사카 소고,나나세 리쿠, 쿠죠 텐 ,모모,유키",쿠죠 텐X나나세 리쿠,로맨틱,"모모&유키 , 요츠바 타마키&오오사카 소고",일러스트,pooa_27,https://dongne.co/event/vidol08/circles/597028,제8회 어나더 스테이지,Day2,아이돌리쉬세븐
쥬쥬미유업㈜,김밀크,,,,,1sp,아이돌리쉬세븐,,,,,,,,,https://dongne.co/event/vidol08/circles/637891,제8회 어나더 스테이지,Day2,아이돌리쉬 세븐
지옥의밴드맨과개쎈슛돌이의사랑이야기,정시,,,,,1sp,아이돌리쉬세븐,,유키모모 쁘띠존 : Y(o)U&Mo(re),"유키(오리카사 유키토), 모모(스노하라 모모세)",유키X모모,로맨틱,,"만화,기타",__2123m,https://dongne.co/event/vidol08/circles/603674,제8회 어나더 스테이지,Day2,아이돌리쉬세븐
차라리 개랑 결혼하는 게 낫겠어,삐,,,,,1sp,18TRIP,,,,무라쿠모 텐X니시조노 렌가,,,,,https://dongne.co/event/vidol08/circles/637619,제8회 어나더 스테이지,Day2,18TRIP
차력쇼ing,왕왕,,,,,1sp,앙상블스타즈,,,발키리/카게히라미카x이츠키슈,,로맨틱,,,osisaran,https://dongne.co/event/vidol08/circles/618181,제8회 어나더 스테이지,Day2,앙상블스타즈
차였는데 딴 사람인 척 작업했다가 또 차이고 촌스러워,리에,,,,,2sp,아이돌리쉬세븐,,Happy Tsumugi Day! 츠무기른 쁘띠존,,,,,,,https://dongne.co/event/vidol08/circles/604091,제8회 어나더 스테이지,Day2,IDOLiSH7
차유진밥값,은진,,,,,2sp,데뷔 못 하면 죽는 병 걸림,망나니 pd 아이돌로 살아남기,,차유진 김래빈 ,,로맨틱,,일러스트,tinypighouse,https://dongne.co/event/vidol08/circles/640041,제8회 어나더 스테이지,Day2,데뷔 못 하면 죽는 병 걸림
착한 몬타마 푸딩 100개,김또기 / 퓨캿,,,,,1sp,아이돌리쉬세븐,,,,오사카 소고X요츠바 타마키,,,,"55nakayo44, pp_cat_00",https://dongne.co/event/vidol08/circles/619500,제8회 어나더 스테이지,Day2,아이돌리쉬세븐
천도복숭아도 유키모모다,휘엔,,,,,1sp,아이돌리쉬세븐,,유키모모 쁘띠존 : Y(o)U&Mo(re),"유키, 모모",유키X모모,"로맨틱,섹슈얼",,소설,1100logical,https://dongne.co/event/vidol08/circles/595286,제8회 어나더 스테이지,Day2,IDOLiSH7
청포도복숭아 에이드 맛집,나초,,,,,1sp,아이돌리쉬세븐,,유키모모 쁘띠존 : Y(o)U&Mo(re),유키 모모 ,유키X모모,"로맨틱,섹슈얼",,만화,77re_nacho,https://dongne.co/event/vidol08/circles/604824,제8회 어나더 스테이지,Day2,아이돌리쉬 세븐
체리곰가게,나르,,,,,2sp,18TRIP,,,"오오구로 카프카, 니시조노 렌가, 무라쿠모 텐, 카미나 유키카제, 루 리광 위주 올캐러",,,,"일러스트,만화",narugrm,https://dongne.co/event/vidol08/circles/615665,제8회 어나더 스테이지,Day2,18TRIP
치아카나 온리전,ㅎㄱ,,,,,2sp,앙상블스타즈,,,"모리사와치아키, 신카이카나타",,로맨틱,,"만화,소설,일러스트",_baldstorm,https://dongne.co/event/vidol08/circles/613009,제8회 어나더 스테이지,Day2,앙상블스타즈
칠색버튼,람님람님,,,,,1sp,아이카츠,앙상블 스타즈,,"오오조라 아카리, 사오토메 아코",세나 츠바사X오오조라 아카리,로맨틱,아마기히이로X시라토리아이라,"만화,일러스트",ramsama,https://dongne.co/event/vidol08/circles/622102,제8회 어나더 스테이지,Day2,아이카츠!
쿠키네 곰가게,쿠키,,,,,1sp,18TRIP,,,"키누가와 키로쿠, 이소타케 아쿠타, 나나메기 나나키, 카구야 무네우지, 쿠라마 우시오",키누가와 키로쿠X이소타케 아쿠타,해당없음,카구야 무네우지 x 쿠라마 우시오,"기타,만화,일러스트",dui_uu,https://dongne.co/event/vidol08/circles/651726,제8회 어나더 스테이지,Day2,18trip
크림,챠비별,,,,,2sp,,,,,,,,,,https://dongne.co/event/vidol08/circles/639294,제8회 어나더 스테이지,Day2,
키라키라빔,미애,,,,,2sp,아이엠스타/프리티시리즈,아이나나,,,,해당없음,,일러스트,m_i_a_e_,https://dongne.co/event/vidol08/circles/608137,제8회 어나더 스테이지,Day2,아이엠스타/프리티시리즈
키작공 있는거 다 내놔,mukbab,,,,,2sp,아이돌리쉬세븐,킹 오브 프리즘 우마무스메,,"오사카 소고, 요츠바 타마키",오사카 소고X요츠바 타마키,로맨틱,,,,https://dongne.co/event/vidol08/circles/604933,제8회 어나더 스테이지,Day2,아이돌리쉬 세븐
타카나시 츠무기는 전설이다,제이연,,,,,2sp,아이돌리쉬세븐,,Happy Tsumugi Day! 츠무기른 쁘띠존,"니카이도 야마토, 타카나시 츠무기, 하나마키 스미레",니카이도 야마토X타카나시 츠무기,로맨틱,스미츠무,소설,zhal23,https://dongne.co/event/vidol08/circles/597875,제8회 어나더 스테이지,Day2,아이돌리쉬세븐
텐니~~~♡♡♡♡♡♡♡♡♡♡♡♡♡♡♡♡♡♡♡♡,치케,,,,,1sp,아이돌리쉬세븐,,,"나나세 리쿠, 쿠죠 텐",나나세 리쿠X쿠죠 텐,로맨틱,,만화,chike_i7,https://dongne.co/event/vidol08/circles/603608,제8회 어나더 스테이지,Day2,아이돌리쉬세븐
파르페 부대찌개,츠루비,,,,,2sp,앙상블스타즈,,Shall We Date?:츠카레오 쁘띠존,"스오우 츠카사, 츠키나가 레오",스오우 츠카사X츠키나가 레오,,,"소설,일러스트",tsurubi_v,https://dongne.co/event/vidol08/circles/595960,제8회 어나더 스테이지,Day2,앙상블 스타즈!!
퍼펙트 고등학생 옆 부스,NEZ,,,,,1sp,아이돌리쉬세븐,,,,,,,,,https://dongne.co/event/vidol08/circles/596841,제8회 어나더 스테이지,Day2,아이돌리쉬세븐
푸딩과 핫소스는 쓰기 나름,꼬지,,,,,1sp,아이돌리쉬세븐,,,"요츠바 타마키, 오오사카 소고",요츠바 타마키X오오사카 소고,"로맨틱,섹슈얼",,"만화,기타",_ggo_ji,https://dongne.co/event/vidol08/circles/636054,제8회 어나더 스테이지,Day2,아이돌리쉬세븐
프리즘의반짝임을당신에게＼＼네?저요?／／,知(チヰ),,,,,2sp,"킹 오브 프리즘, 킹프리",,,"이치죠신, 프리즘사자(샤인, 린네, 루이, 아이), 히무로히지리, 노리즈키진, 쥬오인카케루, 코우가미타이가, 스즈노유우, 하야미히로",,로맨틱,"샤인린네, 샤인신, 루이신, 히지진, 카케타이, 유우히로","만화,일러스트","owokpr, mumuk0114",https://dongne.co/event/vidol08/circles/605268,제8회 어나더 스테이지,Day2,"킹 오브 프리즘, 킹프리"
프릴리 데이즈,플plz,,,,,2sp,,,,,,,,,,https://dongne.co/event/vidol08/circles/605294,제8회 어나더 스테이지,Day2,
하루토우 마이크로 온리전 4,다뽀주,,,,,2sp,"아이돌리쉬세븐, 아이돌리쉬 세븐, 아이나나",,,"이스미 하루카, 이누마루 토우마",이스미 하루카X이누마루 토우마,로맨틱,주르 NCP,만화,dieforzool,https://dongne.co/event/vidol08/circles/604192,제8회 어나더 스테이지,Day2,"아이돌리쉬세븐, 아이돌리쉬 세븐, 아이나나"
하바네로푸딩,ㄷㄹ,,,,,2sp,아이돌리쉬세븐,,,"요츠바 타마키, 오사카 소고",오사카 소고X요츠바 타마키,로맨틱,,만화,,https://dongne.co/event/vidol08/circles/611206,제8회 어나더 스테이지,Day2,아이돌리쉬 세븐
한입만주십쇼,루팡팡,,,,,2sp,앙상블스타즈,,,"아마기 린네, 시이나 니키",아마기 린네X시이나 니키,"로맨틱,섹슈얼",린니키,만화,pangpangstar,https://dongne.co/event/vidol08/circles/613272,제8회 어나더 스테이지,Day2,앙상블 스타즈!!
호장문고,최고점수,,,,,4sp,아이돌리쉬세븐,,,"미도 토라오, 오오사카 소고(커플링명 토라소우)",미도 토라오X오오사카 소고,"로맨틱,섹슈얼",,만화,yourbestscore,https://dongne.co/event/vidol08/circles/595920,제8회 어나더 스테이지,Day2,아이돌리쉬세븐
환상뜨락,환상뜨락,,,,,2sp,탑로더 탑꾸,키링,,,,,,공예,dreamy_garden,https://dongne.co/event/vidol08/circles/609564,제8회 어나더 스테이지,Day2,탑꾸 탑로더
힌힌탑꾸,"몰리, 힌",,,,,2sp,,,,,,,,"공예,기타",hindhind_craft,https://dongne.co/event/vidol08/circles/612537,제8회 어나더 스테이지,Day2,
