부스명,대표자,위치,위치(열),위치(번호),반부스,부스,대표 작품(원작),그 외 다루는 작품,쁘띠존,캐릭터,커플링,커플링 성향,그 외 커플링,매체,트위터,링크,행사명,개최일
~창고~,,,,,,1sp,,,,,,,,,,https://dongne.co/events/df2501/circles/135748,제28회 디. 페스타,Day1
~친구는 못 되는 사이~ 무현재희 앤솔로지,"한이, 아마",,,,,2sp,어두운 바다의 등불이 되어,,,"박무현,김재희",박무현X김재희,"로맨틱,섹슈얼",,"만화,소설,일러스트",@NOTFRIEND_MH,https://dongne.co/events/df2501/circles/136229,제28회 디. 페스타,Day1
<라이엇 쁘띠존> 주최부스,라이엇 쁘띠존,,,,,2sp,,,라이엇 쁘띠존,,,,,,,https://dongne.co/events/df2501/circles/136157,제28회 디. 페스타,Day1
<고죠우타 쁘띠존 | 럭키 뉴이얼 : 롯기비기> 주최부스,고죠우타 쁘띠존 | 럭키 뉴이얼 : 롯기비기,,,,,2sp,,,고죠우타 쁘띠존 | 럭키 뉴이얼 : 롯기비기,,,,,,,https://dongne.co/events/df2501/circles/137703,제28회 디. 페스타,Day1
<토우아키 쁘띠존 : 너와 함께 푸른 거리 속 새벽녘을> 주최부스,토우아키 쁘띠존 : 너와 함께 푸른 거리 속 새벽녘을,,,,,2sp,,,토우아키 쁘띠존 : 너와 함께 푸른 거리 속 새벽녘을,,,,,,,https://dongne.co/events/df2501/circles/135570,제28회 디. 페스타,Day1
<설영자하 쁘띠존: 월성영화제> 주최부스,설영자하 쁘띠존: 월성영화제,,,,,2sp,,,설영자하 쁘띠존: 월성영화제,,,,,,,https://dongne.co/events/df2501/circles/137741,제28회 디. 페스타,Day1
                                                                                                                                                                                                  공동정탈취범,훈,,,,,2sp,주술회전,,,"고죠 사토루,게토 스구루",고죠 사토루X게토 스구루,"로맨틱,섹슈얼",,"만화,일러스트",ju_angbal_love,https://dongne.co/events/df2501/circles/136679,제28회 디. 페스타,Day1
                                                                                                                                                                                          타비신고 마중나온 푸른 봄,"UQU, 가응",,,,,2sp,주술회전,,,"고죠 사토루,게토 스구루",고죠 사토루X게토 스구루,"로맨틱,섹슈얼",,"일러스트,만화",@UQUOOZZ @tonggong_00,https://dongne.co/events/df2501/circles/137780,제28회 디. 페스타,Day1
.,이개,,,,,2sp,,,,,,,,,@thrkks2,https://dongne.co/events/df2501/circles/136979,제28회 디. 페스타,Day1
.,숙면,,,,,2sp,NU:Carnival,페이트,,,,,,,@everydaysleep__,https://dongne.co/events/df2501/circles/135639,제28회 디. 페스타,Day1
...혹시 마감러십니까? -? 예.,"감새, 꽐, 에베",,,,,2sp,데뷔를 못하면 죽는병 걸림,괴담에 떨어져도 출근을 해야 하는구나,,박문대,,,,,,https://dongne.co/events/df2501/circles/135429,제28회 디. 페스타,Day1
(주) 무림미식회,단팥빵,,,,,1sp,무림제일폐: 월한강천록,우마무스메,,"유소월,정글 포켓,아그네스 타키온",홍륜X소월,"로맨틱,섹슈얼",포케타키,"만화,일러스트",@Annbbang,https://dongne.co/events/df2501/circles/137655,제28회 디. 페스타,Day1
"[동인] 프라로드, 시간의 틈새에서 찾아왔습니다",니난나,,,,,2sp,로드 오브 히어로즈,,,"프라우,로드",프라우X로드,로맨틱,여로드른,,@ni_nan_na,https://dongne.co/events/df2501/circles/136822,제28회 디. 페스타,Day1
왹,비비42,,,,,1sp,이세계착각헌터,"포켓몬,데못죽",,,,,,소설,,https://dongne.co/events/df2501/circles/135729,제28회 디. 페스타,Day1
점,점,,,,,2sp,페르소나 시리즈,,,삼주,,,,,ssabdeog,https://dongne.co/events/df2501/circles/138276,제28회 디. 페스타,Day1
흠,.,,,,,2sp,,,,,,,,,,https://dongne.co/events/df2501/circles/136508,제28회 디. 페스타,Day1
한 지붕 세 살림,죠온,,,,,2sp,아이돌리쉬 세븐,,,,요츠바 타마키X오오사카 소고,로맨틱,"유키모모, 이오리쿠",만화,@jyoon_i77,https://dongne.co/events/df2501/circles/135802,제28회 디. 페스타,Day1
도 넘은 부스,머다당,,,,,2sp,화산귀환,,,청명,,,,소설,@mudaddddang,https://dongne.co/events/df2501/circles/137685,제28회 디. 페스타,Day1
운 좋게 토라 햝기,토라,,,,,2sp,프로세카,,토우아키 쁘띠존 : 너와 함께 푸른 거리 속 새벽녘을,"아오야기 토우야,시노노메 아키토",아오야기 토우야X시노노메 아키토,"로맨틱,섹슈얼",루이츠카,"소설,만화,일러스트",@_tiger_ovo,https://dongne.co/events/df2501/circles/137255,제28회 디. 페스타,Day1
한 고게 넘어 사랑!,양갱,,,,,2sp,주술회전,,,,고죠 사토루X게토 스구루,로맨틱,,,@za_yess,https://dongne.co/events/df2501/circles/136592,제28회 디. 페스타,Day1
흙 속의 인디고,인디고,,,,,1sp,도자기 수공예,,,,,,,공예,@digogo5220,https://dongne.co/events/df2501/circles/135776,제28회 디. 페스타,Day1
내 새끼 우쭈쭈 부스,"호늘, 조누",,,,,2sp,타이니트래블러,"달숨,레벨1용사",,"죠타로,카쿄인,아마히코,후미야,이오리,리카이,테라,사루카와,오오세,아돌,주인공",,,,"만화,소설,게임",,https://dongne.co/events/df2501/circles/135424,제28회 디. 페스타,Day1
못 먹어도 고우,파랑,,,,,4sp,주술회전,,고죠우타 쁘띠존 | 럭키 뉴이얼 : 롯기비기,"고죠 사토루,이오리 우타히메",,"섹슈얼,로맨틱",,"만화,일러스트,소설",comeonbabyblue,https://dongne.co/events/df2501/circles/137912,제28회 디. 페스타,Day1
이 부스가 열렸다는 건 제가 무사히 대학에 합격했다는 뜻이겠죠,선인장,,,,,2sp,"무기미도,보컬로이드",S급 짐꾼의 슬기로운 성좌 사냥 생활,,"랭글리,(여)국장,헤카테,예현성,하츠네 미쿠,시유,유니,카사네 테토",랭글리X국장,로맨틱,,"일러스트,소설",@Cactus_teapot,https://dongne.co/events/df2501/circles/136981,제28회 디. 페스타,Day1
눈 떠보니 마피아가 됐던 건에 대하여,05,,,,,1sp,가정교사히트맨리본,,가히리요? 2025년에요?,야마모토타케시/고쿠데라하야토,야마모토 타케시X고쿠데라 하야토,로맨틱,,일러스트,G_Hayato59,https://dongne.co/events/df2501/circles/138171,제28회 디. 페스타,Day1
왜 변호사는 늘 검사랑 사귀나요,nkio,,,,,1sp,역전재판,P5R,,오도로키 호스케,오도로키호스케X가류쿄야,"로맨틱,섹슈얼",,만화,dgs_nkio,https://dongne.co/events/df2501/circles/135652,제28회 디. 페스타,Day1
내 마피아가 이렇게 귀여울 리가 없어,죽사,,,,,2sp,가정교사히트맨리본,,가히리요? 2025년에요?,,,,,"만화,일러스트",@tydlclwnrehfhr1,https://dongne.co/events/df2501/circles/135471,제28회 디. 페스타,Day1
와 아오야기 하지메는 테시마 준타가 핀치일 때마다 구원해준다고? 리스펙한다진짜,랏츠,,,,,2sp,겁쟁이페달,이터널리턴,,,아오야기 하지메X테시마 준타,로맨틱,,만화,@g_g_9999,https://dongne.co/events/df2501/circles/137860,제28회 디. 페스타,Day1
또 어른조로 참가한다고?,"밍, 시나림",,,,,2sp,모브사이코 100,,,"에쿠보,레이겐 아라타카,세리자와 카츠야",에쿠보X레이겐 아라타카,"로맨틱,섹슈얼",세리레이,"만화,일러스트,소설","@mingx100, @sinarim100",https://dongne.co/events/df2501/circles/136595,제28회 디. 페스타,Day1
네? 데.못.죽을 모르신다고요?,콘,,,,,2sp,데뷔 못하면 죽는 병 걸림,,,"데스타,브이틱",시라이시 안X아즈사와 코하네,해당없음,"아사히나 마후유×요이사키 카나데, 아키야마 미즈키×시노노메 에나, 버틴×소네트, 쿠사나기 네네×오오토리 에무",기타,@coon_owo,https://dongne.co/events/df2501/circles/137520,제28회 디. 페스타,Day1
"전""미쿠""죠",전자미녀,,,,,2sp,프로젝트세카이,에이트리,토우아키 쁘띠존 : 너와 함께 푸른 거리 속 새벽녘을,,아오야기 토우야X시노노메 아키토,로맨틱,,만화,@coffeexhotcake,https://dongne.co/events/df2501/circles/137247,제28회 디. 페스타,Day1
꼬옥,꼬옥,,,,,2sp,슬램덩크,내스급 전독시 섀헌 마블 디씨 체리마호 하앤로,,서태웅 정대만,,로맨틱,호열백호,"만화,일러스트,공예",kkoog_TT,https://dongne.co/events/df2501/circles/135421,제28회 디. 페스타,Day1
리본,챠비별,,,,,2sp,,,,,,,,,,https://dongne.co/events/df2501/circles/136537,제28회 디. 페스타,Day1
릴리,하다월,,,,,4sp,,,,,,,,공예,,https://dongne.co/events/df2501/circles/135718,제28회 디. 페스타,Day1
만듦,jini0305,,,,,2sp,,,,,,,,,,https://dongne.co/events/df2501/circles/136047,제28회 디. 페스타,Day1
멍왈,JC,,,,,1sp,,,,,,,,"일러스트,기타",jjfgesw23,https://dongne.co/events/df2501/circles/135777,제28회 디. 페스타,Day1
무제,ㄹㅇ,,,,,1sp,데뷔 못 하면 죽는 병 걸림,,,"박문대,청려",청려X박문대,"로맨틱,섹슈얼",,"소설,기타",,https://dongne.co/events/df2501/circles/135541,제28회 디. 페스타,Day1
미정,까뿡,,,,,2sp,리그오브레전드,오버워치,라이엇 쁘띠존,"아케인과 협곡챔,옵치 조금",케인X아칼리,로맨틱,,일러스트,@baby_koito @f0r_L0L ,https://dongne.co/events/df2501/circles/136569,제28회 디. 페스타,Day1
뵤옷,댜람,,,,,1sp,하이큐,,,,,,,,,https://dongne.co/events/df2501/circles/136662,제28회 디. 페스타,Day1
부슥,구슬,,,,,1sp,,,,,,,,,@bbing_zzi,https://dongne.co/events/df2501/circles/136566,제28회 디. 페스타,Day1
아므,마루,,,,,1sp,,,,,,,,일러스트,jjk,https://dongne.co/events/df2501/circles/136588,제28회 디. 페스타,Day1
야데,야데,,,,,2sp,,,,,,,,,,https://dongne.co/events/df2501/circles/136276,제28회 디. 페스타,Day1
여행,여행,,,,,4sp,사카모토,,,,,,,,,https://dongne.co/events/df2501/circles/136040,제28회 디. 페스타,Day1
우끼,MONKEY,,,,,2sp,주술회전,,게토고죠 쁘띠존 <온대성 연인>,"게토 스구루,고죠사토루",,로맨틱,,"만화,일러스트",@725GXG,https://dongne.co/events/df2501/circles/137895,제28회 디. 페스타,Day1
이름,이름,,,,,2sp,엘소드,가비지타임,,"라비,노아",,,,게임,@n1shalaby,https://dongne.co/events/df2501/circles/137352,제28회 디. 페스타,Day1
잡덕,소금,,,,,2sp,"슬램덩크,패션",,,최동오,,섹슈얼,,소설,@sogeum_otk,https://dongne.co/events/df2501/circles/137730,제28회 디. 페스타,Day1
텅빈,레이지빈,,,,,2sp,데뷔 못하면 죽는 병 걸림,,,,청려X박문대,로맨틱,,,,https://dongne.co/events/df2501/circles/136543,제28회 디. 페스타,Day1
혼종,한마리,,,,,2sp,사카모토 데이즈,"동방프로젝트,모브사이코100,은혼,봇치더록,나의 히어로 아카데미아",,,,,,일러스트,@inamna_h,https://dongne.co/events/df2501/circles/137732,제28회 디. 페스타,Day1
회귀,회귀,,,,,4sp,하이큐,해즈빈호텔 가비지타임,,,,,,,@ronno_5,https://dongne.co/events/df2501/circles/137407,제28회 디. 페스타,Day1
히링,쿠키,,,,,1sp,,,,,,,,공예,,https://dongne.co/events/df2501/circles/136417,제28회 디. 페스타,Day1
히히,bluebird,,,,,1sp,데뷔못하면죽는병걸림,,,"박문대,신재현",,,,"일러스트,공예",,https://dongne.co/events/df2501/circles/137321,제28회 디. 페스타,Day1
ㅍㅍ^^의 역습,석쇠,,,,,2sp,앙상블 스타즈!! Music,닌자보이 란타로,,"오우카와 코하쿠,미케지마 마다라,하치야 사부로,후와 라이조",오우카와 코하쿠X미케지마 마다라,로맨틱,하치라이,소설,@dolsoe185993,https://dongne.co/events/df2501/circles/137232,제28회 디. 페스타,Day1
"여기 ""같씨피 팔 때까지 숨 안 쉼""...이라고 써있는데요 박사님","uni, 맴돌",,,,,2sp,역전재판 시리즈,,,"아소기 카즈마,바로크 반직스,유가미 진,유가미 카구야,키즈키 마리",종자X바로크,로맨틱,"유가미 남매, 진코코카구, 유가코코조합","일러스트,소설,만화,공예","@asogi_sexyman, @maamdoll",https://dongne.co/events/df2501/circles/137611,제28회 디. 페스타,Day1
머슬 속 꽃 한송이,나시,,,,,2sp,앙상블스타즈,,,무도가심,,로맨틱,"마다안즈, 테츠쿠로, 마다쿠로, 히이테토","만화,일러스트",@nasi_backup,https://dongne.co/events/df2501/circles/136306,제28회 디. 페스타,Day1
역전 앞 할매,히즈리다&달안개,,,,,2sp,역전재판,"대역전재판,역전검사",,"종자,바로크 반직스",종자X바로크 반직스,,,"만화,일러스트,소설",@hizurida / @Dalfog_ ,https://dongne.co/events/df2501/circles/135498,제28회 디. 페스타,Day1
출소 후 유일한 낙입니다,"계란, 잡, 전어",,,,,2sp,역전재판,페르소나4,,"유가미 진,키즈키 코코네,가류 쿄야,호우즈키 아카네",유가미X코코네,로맨틱,쿄아카,만화,@egg_bst,https://dongne.co/events/df2501/circles/136272,제28회 디. 페스타,Day1
내가 네 이름을 불렀을때 너는 나에게로 와 그 뭐냐 나이떼네에요!!! 케에고!!!,Soul_4043,,,,,2sp,주술회전,,고죠우타 쁘띠존 | 럭키 뉴이얼 : 롯기비기,"고죠 사토루,이오리 우타히메",고죠 사토루X이오리 우타히메,"로맨틱,섹슈얼",,"만화,일러스트,소설",@Soul_4043,https://dongne.co/events/df2501/circles/137704,제28회 디. 페스타,Day1
영영 위빙,영영위빙,,,,,2sp,"위빙 기법을 사용하여 제작한 수제 매트를 판매합니다. 여름의 푸릇한 잔디를 닮은 잔디밭 위빙 매트,눈길 위에 뽀작뽀작 남은 발자국을 표현한 발자국 위빙 매트 등을 판매해요.",,,,,,,공예,y0ung0_weaving,https://dongne.co/events/df2501/circles/137409,제28회 디. 페스타,Day1
적먹 사랑,"YES, 이사",,,,,2sp,쿠로코의 농구,,,"아카시,마유즈미",아카시 세이쥬로X마유즈미 치히로,"로맨틱,섹슈얼",,"만화,소설","1220x0301, otasa_1203",https://dongne.co/events/df2501/circles/135894,제28회 디. 페스타,Day1
장르 시식 코너,.,,,,,1sp,"데못죽,전독시","내스급,화귀,천관,갑타 등등( 가능하다면...)",,.,,,,일러스트,@nyu_kkeu,https://dongne.co/events/df2501/circles/137093,제28회 디. 페스타,Day1
친구 잘못 배운 남자를 왼쪽으로 밀어 추진력 얻는 법,과자,,,,,2sp,포켓몬스터,"주술회전,가비지타임",,카지,카지X푸름,로맨틱,"고죠게토, 빵준","만화,일러스트,소설",@GGwauisigjaing,https://dongne.co/events/df2501/circles/136816,제28회 디. 페스타,Day1
같이 야구 할래?,꿍쫙,,,,,1sp,망각 배터리,이착헌,,카나메 케이,하루X케이,로맨틱,,일러스트,@ggung_zz,https://dongne.co/events/df2501/circles/137053,제28회 디. 페스타,Day1
볕이 드는 언덕길,쿠렌,,,,,2sp,윈브레,"카리스마 하우스,사카모토 데이즈,가정교사 히트맨 리본",,,,,,,@do__kuku,https://dongne.co/events/df2501/circles/136791,제28회 디. 페스타,Day1
우리 법정 말랑해요?,Putti,,,,,1sp,대역전재판,역전재판,,"221B,올드베일리 조,나루호도 만능 사무소,검사국",,,,일러스트,@Putti_95,https://dongne.co/events/df2501/circles/138115,제28회 디. 페스타,Day1
도립 주술 게고전문학과 연구생 모임,"멸망, 망사랑, 파산",,,,,2sp,주술회전,,게토고죠 쁘띠존 <온대성 연인>,"게토 스구루,고죠 사토루",게토 스구루X고죠 사토루,로맨틱,,"만화,일러스트,소설","@byeol_lo, @luvinruin725, @pasan_S5",https://dongne.co/events/df2501/circles/137265,제28회 디. 페스타,Day1
공방 프리즘,리즈,,,,,1sp,,,,,,,,,,https://dongne.co/events/df2501/circles/137089,제28회 디. 페스타,Day1
른이 싸패임,스불재,,,,,2sp,페르소나,,,,,,,"만화,일러스트","@doublechya, @Pulljjae",https://dongne.co/events/df2501/circles/137974,제28회 디. 페스타,Day1
장르 짬뽕탕,뱀팡,,,,,2sp,도쿄리벤져스,윈드브레이커 아이나나 헌터헌터 하이큐,,하나가키 타케미치,,,,,@nupaeng_DRB ,https://dongne.co/events/df2501/circles/136429,제28회 디. 페스타,Day1
킹덤 만물상,4R,,,,,2sp,발로란트,,라이엇 쁘띠존,발로란트 올캐릭터,,해당없음,,"일러스트,기타",@4_rval,https://dongne.co/events/df2501/circles/138274,제28회 디. 페스타,Day1
탱댐 잡상인,레트,,,,,2sp,슬램덩크,,,"서태웅,정대만",서태웅X정대만,,,공예,let2e5,https://dongne.co/events/df2501/circles/138106,제28회 디. 페스타,Day1
햇님 잡화점,나기,,,,,2sp,플레이브 데못죽,,,,,,,,,https://dongne.co/events/df2501/circles/136358,제28회 디. 페스타,Day1
카페 엘피스 - 아모로트 대의사당점,꿀쿠,,,,,2sp,파이널판타지 14,,,,,,,"일러스트,소설",@H0NEYC00,https://dongne.co/events/df2501/circles/136186,제28회 디. 페스타,Day1
네가 수건만 안 썼어도,딜루,,,,,2sp,슬램덩크,,,최동오,정우성X최동오,"로맨틱,섹슈얼",,"만화,일러스트",umairukawa,https://dongne.co/events/df2501/circles/137546,제28회 디. 페스타,Day1
아직 서클명 안 정해짐 ,코핀,,,,,2sp,오리지널,포켓몬,,,,,,,@wkrrhks,https://dongne.co/events/df2501/circles/136773,제28회 디. 페스타,Day1
결혼 그리고 교미,"교근, 건결",,,,,2sp,주술회전,,게토고죠 쁘띠존 <온대성 연인>,게토스구루 고죠사토루,게토 스구루X고죠 사토루,"로맨틱,섹슈얼",,"만화,일러스트",masseter_0,https://dongne.co/events/df2501/circles/136915,제28회 디. 페스타,Day1
우리 끝없이 농놀 하자...,에르,,,,,2sp,가비지타임,,,"전영중,성준수",,로맨틱,,일러스트,@eru18831,https://dongne.co/events/df2501/circles/137857,제28회 디. 페스타,Day1
제가 당신을 전지적 페르소나로 만들어 드리겠습니다,필망,,,,,2sp,아이돌리쉬 세븐,"페르소나,전지적 독자 시점",,,,,,"일러스트,만화",@mpm0909 @mossupF,https://dongne.co/events/df2501/circles/137345,제28회 디. 페스타,Day1
몽솜 잡화점&마요공방,몽솜,,,,,2sp,,,,,,,,공예,@mongle_softly,https://dongne.co/events/df2501/circles/135314,제28회 디. 페스타,Day1
봄봄 스튜디오,아사,,,,,1sp,플레이브,"화산귀환,가공낙원,가비지타임",,,,,,,https://x.com/BOMBOM_asa,https://dongne.co/events/df2501/circles/137785,제28회 디. 페스타,Day1
일단 설영자하,ㅇ▽ㅇ,,,,,2sp,진혼기,,설영자하 쁘띠존: 월성영화제,"설영,자하",설영X자하,로맨틱,,"만화,소설",,https://dongne.co/events/df2501/circles/135657,제28회 디. 페스타,Day1
주술 스파이크,밤빵,,,,,2sp,하이큐,주술회전,,히나타 쇼요,카게야마 토비오X히나타 쇼요,로맨틱,,만화,@bbangpppang,https://dongne.co/events/df2501/circles/135316,제28회 디. 페스타,Day1
딸기 타피오카 ,크헹,,,,,2sp,프로젝트 세카이,붕괴스타레일,,,,,,,k_heng1223,https://dongne.co/events/df2501/circles/136764,제28회 디. 페스타,Day1
셑펠 앤솔로지 <<탑봇 랑데뷰>>,.,,,,,2sp,리그오브레전드,,라이엇 쁘띠존,"세트라이,아펠리오스",,로맨틱,,"만화,일러스트,소설",@settphel_anthol,https://dongne.co/events/df2501/circles/136711,제28회 디. 페스타,Day1
어느 마이너의 재고 목록,로든,,,,,2sp,문구류,,,,,,,공예,@raud_ann,https://dongne.co/events/df2501/circles/136251,제28회 디. 페스타,Day1
충격 성게이격 진짜 실존,순봉식,,,,,2sp,명일방주,,,,엘리시움X쏜즈,,,,@ANSUSANG,https://dongne.co/events/df2501/circles/136037,제28회 디. 페스타,Day1
청엑 린유키가 보고 싶어서 내는 부스,u,,,,,1sp,청의 엑소시스트,,,,오쿠무라 린X오쿠무라 유키오,,,,,https://dongne.co/events/df2501/circles/136271,제28회 디. 페스타,Day1
아유 저거저거 누굴 닮아서 저러나 몰라 당신 닮아서겠지 와타시와 안타다케요!!!,Soul,,,,,2sp,주술회전,,고죠우타 쁘띠존 | 럭키 뉴이얼 : 롯기비기,"고죠 사토루,이오리 우타히메",고죠 사토루X이오리 우타히메,"로맨틱,섹슈얼",,,@_Soul_shadow,https://dongne.co/events/df2501/circles/138245,제28회 디. 페스타,Day1
도쿄 시부야구 동성 파트너십 제도,왕밤빵,,,,,2sp,,,,,,,,,,https://dongne.co/events/df2501/circles/136287,제28회 디. 페스타,Day1
피로 매듭지은 사랑은,악쓰리,,,,,2sp,가비지타임,,,기상호,최종수X기상호,"로맨틱,섹슈얼",뱅상,"만화,소설,일러스트",,https://dongne.co/events/df2501/circles/135267,제28회 디. 페스타,Day1
화음 저잣거리 노점상,테리,,,,,2sp,화산귀환,,,,,,,소설,@Tobby_new,https://dongne.co/events/df2501/circles/137125,제28회 디. 페스타,Day1
고게 숙이지마 고게를 들어,충치,,,,,2sp,주술회전,,,"고죠 사토루,게토 스구루",고죠 사토루X게토 스구루,로맨틱,,만화,Chung_chie,https://dongne.co/events/df2501/circles/136466,제28회 디. 페스타,Day1
오직 인자로만 세상을 판단한다,+ω,,,,,2sp,세포신곡,,,"원흉조,은자조",우츠기 란기리X하라다 무테이,,,"만화,소설,일러스트",@Plus_Omega_A,https://dongne.co/events/df2501/circles/137216,제28회 디. 페스타,Day1
"우리 나이대에 사랑이나 돈은 좀 늦게 올 수도 있지만, 정글은 늦게 오면 안 된다.",달아홉,,,,,2sp,리그오브레전드,,라이엇 쁘띠존,,,,,"일러스트,만화,소설",@indigo_blue77,https://dongne.co/events/df2501/circles/136727,제28회 디. 페스타,Day1
망각 스트라이커,KENZIE,,,,,1sp,망각배터리,블루록,,,,"섹슈얼,로맨틱","하루케이, 나츠슈, 린이사",,Kenji__Jang,https://dongne.co/events/df2501/circles/137174,제28회 디. 페스타,Day1
"화산, 그곳",AmunHer,,,,,1sp,화산귀환,,,"청명,당보,장일소",당보X청명,,,"일러스트,소설",@JinAmunHer,https://dongne.co/events/df2501/circles/136744,제28회 디. 페스타,Day1
안아. 나 말고 니네끼리,"아꼰, 화, 다온, 설",,,,,4sp,화산귀환,주술회전,화산귀환 쁘띠존,"화산귀환,고죠 사토루,게토 스구루",고죠 사토루X게토 스구루,"로맨틱,섹슈얼",,"소설,만화,일러스트","agiggonmu, da0nnthgg_",https://dongne.co/events/df2501/circles/136572,제28회 디. 페스타,Day1
소문(안)난 동네 맛집,모리,,,,,2sp,전지적 독자 시점,,,,유중혁X김독자,"로맨틱,섹슈얼",,"만화,일러스트",mori_gy,https://dongne.co/events/df2501/circles/135214,제28회 디. 페스타,Day1
비따&버튼버터,버튼버터,,,,,2sp,발더스게이트3,,,,,,,,,https://dongne.co/events/df2501/circles/136071,제28회 디. 페스타,Day1
ㅇㅅㅇ,하얀악마,,,,,1sp,,,,,,,,공예,,https://dongne.co/events/df2501/circles/136055,제28회 디. 페스타,Day1
개조심,포찌,,,,,1sp,프로젝트 세카이,,,,시노노메 아키토X아오야기 토우야,로맨틱,모모유키,일러스트,@p0z2i,https://dongne.co/events/df2501/circles/137809,제28회 디. 페스타,Day1
개조심,포찌,,,,,1sp,프로젝트 세카이,,,,시노노메 아키토X아오야기 토우야,로맨틱,모모유키,일러스트,@p0z2i,https://dongne.co/events/df2501/circles/137809,제28회 디. 페스타,Day1
까막북,Dowon,,,,,2sp,,,,,,,,,,https://dongne.co/events/df2501/circles/137020,제28회 디. 페스타,Day1
난장판,서아란,,,,,4sp,마법명가 차남으로 살아남는 법,마법사의 약속,,"루카스,피가로",루카스X레오나르드,로맨틱,오즈피가,,,https://dongne.co/events/df2501/circles/135835,제28회 디. 페스타,Day1
냥다토,째무 ,,,,,2sp,모브사이코100,슬램덩크,,카게야마 리츠,리츠X레이겐,,"슬램덩크 호백호 , 리츠레이","공예,사진,일러스트",JJrato_illust,https://dongne.co/events/df2501/circles/135170,제28회 디. 페스타,Day1
라쓰고,민프,,,,,2sp,"진혼기,플레이브",,설영자하 쁘띠존: 월성영화제,"설영,자하",,,,"일러스트,만화",@boriboo1160,https://dongne.co/events/df2501/circles/136848,제28회 디. 페스타,Day1
루미붐,밀티,,,,,2sp,원신,,,,,,,,,https://dongne.co/events/df2501/circles/135322,제28회 디. 페스타,Day1
멈머냥,HamiFR,,,,,2sp,,,,,,,,"일러스트,공예",,https://dongne.co/events/df2501/circles/136404,제28회 디. 페스타,Day1
모락스,모라,,,,,4sp,스타레일,"원신,주술 회전",,,,,,,,https://dongne.co/events/df2501/circles/135445,제28회 디. 페스타,Day1
비빔밥,hiwnfk,,,,,2sp,데못죽/가비지타임,은혼/오란고교 호스트부/윈드브레이커/그외 기타/ 1차창작,,,,,,일러스트,@hiwnfk,https://dongne.co/events/df2501/circles/138179,제28회 디. 페스타,Day1
서클명,닉네임,,,,,1sp,기타,,,,,,,,,https://dongne.co/events/df2501/circles/136678,제28회 디. 페스타,Day1
손부림,라야,,,,,2sp,태팅레이스,,,,,,,공예,@sonbulim,https://dongne.co/events/df2501/circles/136322,제28회 디. 페스타,Day1
안경군,가나쵸,,,,,2sp,슬램덩크 전독시,,,권준호 야마토 중독,정대만X권준호,,중혁독자,,@_ghanacho,https://dongne.co/events/df2501/circles/137446,제28회 디. 페스타,Day1
온장고,카스테라,,,,,2sp,진혼기,,설영자하 쁘띠존: 월성영화제,"설영,자하",설영X자하,로맨틱,,일러스트,@c_a_stella,https://dongne.co/events/df2501/circles/137769,제28회 디. 페스타,Day1
우베런,.,,,,,2sp,,,,,,,,,,https://dongne.co/events/df2501/circles/136845,제28회 디. 페스타,Day1
웹이소,레고,,,,,2sp,전지적 독자 시점,"데못죽,화산귀환",,,,,,,,https://dongne.co/events/df2501/circles/135515,제28회 디. 페스타,Day1
이사모,파구,,,,,2sp,아이돌리쉬세븐,,,이즈미 이오리,,,,소설,,https://dongne.co/events/df2501/circles/137775,제28회 디. 페스타,Day1
이오리,챠,,,,,1sp,아이돌리쉬세븐,,,"이즈미 이오리,나나세 리쿠",이즈미 이오리X나나세 리쿠,해당없음,,,@cha_i_nana,https://dongne.co/events/df2501/circles/137804,제28회 디. 페스타,Day1
이요웅,시옷,,,,,2sp,윈드브레이커,,,,,로맨틱,,만화,,https://dongne.co/events/df2501/circles/135677,제28회 디. 페스타,Day1
재판소,"천민,라미",,,,,1sp,박앵귀,"데못죽,박앵귀",,,,해당없음,,만화,,https://dongne.co/events/df2501/circles/136598,제28회 디. 페스타,Day1
쟈키퐁,쟈키퐁,,,,,2sp,"에반게리온,스플래툰",,,,,,,"일러스트,사진",@ZAKiPONG_v,https://dongne.co/events/df2501/circles/135399,제28회 디. 페스타,Day1
제철소,김철,,,,,1sp,아이돌리쉬세븐,,,"쿠죠 텐,나나세 리쿠",쿠죠 텐X나나세 리쿠,로맨틱,이오미츠,만화,@SW_trg,https://dongne.co/events/df2501/circles/137536,제28회 디. 페스타,Day1
조각보,황바다,,,,,2sp,,버디미션본드,,,,,,만화,hocean0117,https://dongne.co/events/df2501/circles/136952,제28회 디. 페스타,Day1
쥬네스,BABAKUN,,,,,2sp,페르소나4,지. -지구의 운동에 대하여,,"나루카미 유우,하나무라 요스케",나루카미 유우X하나무라 요스케,"로맨틱,섹슈얼",,"만화,일러스트",@Babakun9,https://dongne.co/events/df2501/circles/135443,제28회 디. 페스타,Day1
지뇽기,상어,,,,,2sp,진혼기,,설영자하 쁘띠존: 월성영화제,,,,,,@ru__0905,https://dongne.co/events/df2501/circles/137947,제28회 디. 페스타,Day1
티포투,이트,,,,,2sp,,,,,,,,,@iiiiiite1,https://dongne.co/events/df2501/circles/137816,제28회 디. 페스타,Day1
파랗다,이노츠,,,,,2sp,블루자이언트,가비지타임,,x,,,,만화,@enough_iro,https://dongne.co/events/df2501/circles/135325,제28회 디. 페스타,Day1
퐁퐁퐁,네짜흐,,,,,1sp,어두운 바다의 등불이 되어,"가비지타임,플레이브",,,,,,만화,@netjjach,https://dongne.co/events/df2501/circles/135266,제28회 디. 페스타,Day1
풋사과,댑싸리,,,,,1sp,블루록,,,,바로X스너피,로맨틱,노아에고,만화,unripe_bltv,https://dongne.co/events/df2501/circles/135215,제28회 디. 페스타,Day1
해달샵,시크루,,,,,4sp,원신,화산귀환,,"원신,화산귀환 대부분의 캐릭터",,,,공예,Sunmoon_shop16,https://dongne.co/events/df2501/circles/135521,제28회 디. 페스타,Day1
화이팅,벱,,,,,1sp,데못죽,"갑타,슬덩",,,,,,,,https://dongne.co/events/df2501/circles/137009,제28회 디. 페스타,Day1
냉장고 ,하임,,,,,4sp,하이큐,,,히나타 쇼요,,,,,@iced_chocohaim,https://dongne.co/events/df2501/circles/135994,제28회 디. 페스타,Day1
퐁치깡 ,북북영감 ,,,,,2sp,"파판14,작혼,블루록,아카기,피크민","리제로,동물의 숲,플레이브,보컬로이드,카리스마 하우스,1차 문구",,,,,,,@x08_lllx,https://dongne.co/events/df2501/circles/137933,제28회 디. 페스타,Day1
개구리 숲,상메,,,,,2sp,해즈빈 호텔,발더스 게이트 3,,아스타리온,,로맨틱,아스타브,"만화,일러스트",@sanme219,https://dongne.co/events/df2501/circles/136003,제28회 디. 페스타,Day1
덕있는 삶,조단,,,,,2sp,슬램덩크,,,,이명헌X송태섭,"섹슈얼,로맨틱",태웅대만,,@hot_court,https://dongne.co/events/df2501/circles/136394,제28회 디. 페스타,Day1
블랙홀 인 더 하우스,P.P,,,,,1sp,"카리스마,아이돌리쉬세븐",,,,,,,"일러스트,만화",@PP_zip,https://dongne.co/events/df2501/circles/136198,제28회 디. 페스타,Day1
축구를 뭐 이딴 식으로,윌슨,,,,,1sp,블루록,,,"이사기 요이치,이토시 린,나기 세이시로",이토시 린X이사기 요이치,로맨틱,나기 세이시로x이사기 요이치,소설,wewill_lxckyou ,https://dongne.co/events/df2501/circles/136724,제28회 디. 페스타,Day1
"그리운 이 느낌,,",느적 ,,,,,2sp,은혼,,,긴토키,,,,일러스트,hnuunz,https://dongne.co/events/df2501/circles/137315,제28회 디. 페스타,Day1
이사기 왼 바치라 른,햄부타,,,,,1sp,블루록,,,"이사기 요이치,바치라 메구루",이사기 요이치X바치라 메구루,"로맨틱,섹슈얼",,만화,@H_strong_77,https://dongne.co/events/df2501/circles/136491,제28회 디. 페스타,Day1
지구에 발 붙이고 있는 능력자들,공장,,,,,2sp,이세계착각헌터,마차살,,,,,,,@0Z4NG,https://dongne.co/events/df2501/circles/137919,제28회 디. 페스타,Day1
도비의 비 정상영업,티라,,,,,2sp,도쿄리벤저스,원신.블루록.아이나나,,,,,,,@TIRA_O2 ,https://dongne.co/events/df2501/circles/136713,제28회 디. 페스타,Day1
"어떻게 내 그림까지 사랑하겠어, 널 사랑한거지",밤맛바밤바,,,,,1sp,나루토,,,나루토,,,,,@i_injangi,https://dongne.co/events/df2501/circles/136830,제28회 디. 페스타,Day1
마세카 상점,수련,,,,,1sp,프로젝트 세카이,"마비노기,앙스타",,"시노노메아키토,르웰린등,마시로 토모야",,,,,@Aheure0329 ,https://dongne.co/events/df2501/circles/138146,제28회 디. 페스타,Day1
맛있는 강정,도화,,,,,1sp,역전재판 시리즈,"회색도시,룬의아이들",,,,,,"만화,소설,일러스트",,https://dongne.co/events/df2501/circles/135395,제28회 디. 페스타,Day1
무리한 덕질,무리,,,,,1sp,데못죽,,,신재현 류건우,신재현X류건우,"로맨틱,섹슈얼",,소설,,https://dongne.co/events/df2501/circles/136277,제28회 디. 페스타,Day1
스니야 제발,amu,,,,,1sp,윈브레,,,,스오 하야토X니레이 아키히코,,,소설,,https://dongne.co/events/df2501/circles/135391,제28회 디. 페스타,Day1
열시미 하자,포포,,,,,2sp,,,,,,,,,,https://dongne.co/events/df2501/circles/135996,제28회 디. 페스타,Day1
와인에 치즈,우설,,,,,2sp,마블코믹스,,,"스티브 로저스,토니 스타크",스티브 로저스X토니 스타크,"로맨틱,섹슈얼",,"만화,소설",@_ussul,https://dongne.co/events/df2501/circles/135662,제28회 디. 페스타,Day1
이주의 마법,이주,,,,,2sp,,,,,,,,일러스트,@DAILEEZU,https://dongne.co/events/df2501/circles/136635,제28회 디. 페스타,Day1
집으로 가자,셀,,,,,1sp,"공회주,어바등","문송안함,명급리,블랙배저",,,,"로맨틱,해당없음","해량무현, 세르시온, 백호의신, 윤예힐, 멜키레이",소설,,https://dongne.co/events/df2501/circles/135629,제28회 디. 페스타,Day1
친절한 메뉴,YOGAFIRE,,,,,1sp,슬램덩크,,,"양호열,강백호",양호열X강백호,"섹슈얼,로맨틱",,"만화,소설",@5ireyoga,https://dongne.co/events/df2501/circles/135618,제28회 디. 페스타,Day1
약속의 여섯 시,핍,,,,,1sp,가비지타임,명탐정코난,,최종수 박병찬,최종수X박병찬,"로맨틱,섹슈얼","아카이 슈이치, 아무로 토오루",,xlilozx,https://dongne.co/events/df2501/circles/136918,제28회 디. 페스타,Day1
파도에 서린 빛,파도,,,,,2sp,,,,,,,,"만화,일러스트,사진,공예",@tri_iustitia,https://dongne.co/events/df2501/circles/135533,제28회 디. 페스타,Day1
외계인 침공 시 에디 브룩이 가장 먼저 잡아먹힌다,B,,,,,1sp,베놈,,,"베놈,에디",베놈X에디,,,"기타,소설",@ppibbi_8282,https://dongne.co/events/df2501/circles/136043,제28회 디. 페스타,Day1
내일의 별과 바다,hammer,,,,,2sp,원피스,,,,,,,"만화,일러스트",,https://dongne.co/events/df2501/circles/135621,제28회 디. 페스타,Day1
한중일 장르 연합,장남,,,,,2sp,다이에이,,,,,,,일러스트,@senpasenlove,https://dongne.co/events/df2501/circles/137519,제28회 디. 페스타,Day1
행사날 휴일 신청 되면 부스가 나옴,ㄹㅂㄹ,,,,,1sp,귀멸,,,기유,,,,기타,@fnfnfnfnfn44,https://dongne.co/events/df2501/circles/135453,제28회 디. 페스타,Day1
그래서 우리 밴드 이름이 뭘까,YIRYU,,,,,2sp,동물의 숲,봇치 더 록!,,,,,,"소설,만화,일러스트",@yi_ryu,https://dongne.co/events/df2501/circles/135728,제28회 디. 페스타,Day1
어쨌든 원투 쇼타임,세뇨,,,,,2sp,프로젝트 세카이,,"나의 스타에게, 너의 연출가로부터 #2","텐마 츠카사,카미시로 루이",텐마 츠카사X카미시로 루이,로맨틱,,일러스트,@sn_prsk,https://dongne.co/events/df2501/circles/138035,제28회 디. 페스타,Day1
세상에 나쁜 탱댐은 없다,도나쓰,,,,,2sp,슬램덩크,,,,,해당없음,,만화,@L0VEisCURSE,https://dongne.co/events/df2501/circles/135349,제28회 디. 페스타,Day1
윈브레 부스 그렇게 됐다,Kkyol,,,,,1sp,읜브레,.,,스오 사쿠라 니레이,,,,"사진,기타",kkyolkkyol,https://dongne.co/events/df2501/circles/137048,제28회 디. 페스타,Day1
유가미 군은 부스를 낸다,칩,,,,,1sp,유가미 군은 친구가 없다,,,유가미 유지,유가미X치히로,로맨틱,,"만화,소설",@discoFactorial,https://dongne.co/events/df2501/circles/138176,제28회 디. 페스타,Day1
영화관 가서 아이보 할인 적용해달라고 해,"관식, 노얘",,,,,2sp,프로젝트 세카이,,토우아키 쁘띠존 : 너와 함께 푸른 거리 속 새벽녘을,"아오야기 토우야,시노노메 아키토",아오야기 토우야X시노노메 아키토,"로맨틱,섹슈얼",,"소설,일러스트,만화","@m__ulti, @mynoyes_",https://dongne.co/events/df2501/circles/137210,제28회 디. 페스타,Day1
그래서 저희 장르가 뭐라고요?,견,,,,,4sp,화산귀환,"명탐정 코난,닌자보이 난타로,프로젝트 세카이,스타레일",,"청명,당보,당소소,리키치,도이",,해당없음,리도이,소설,@_yi_hyeon__,https://dongne.co/events/df2501/circles/136750,제28회 디. 페스타,Day1
진짜로 이게 나온다고요?,김렛,,,,,2sp,데뷔 못하면 죽는 병 걸림,"윈브레,악마에 입문했습니다! 이루마 군",,,,,,일러스트,ushirono_wotaku,https://dongne.co/events/df2501/circles/136649,제28회 디. 페스타,Day1
"블러디 메리, 블러디 메리",kjs,,,,,1sp,"블러디 메리,블러디 메리",,,,,,,만화,@bmx2_notice,https://dongne.co/events/df2501/circles/135273,제28회 디. 페스타,Day1
개미와 베짱이,비비,,,,,2sp,가비지타임,,,,,,,,,https://dongne.co/events/df2501/circles/137957,제28회 디. 페스타,Day1
그레이 스칼렛,스칼,,,,,1sp,프로젝트 세카이 컬러풀 스테이지 feat.하츠네 미쿠,,,,카미시로 루이X텐마 츠카사,"로맨틱,섹슈얼",,"만화,소설",,https://dongne.co/events/df2501/circles/135398,제28회 디. 페스타,Day1
나락도 락이다,뽈보,,,,,2sp,슬램덩크,,,송태섭,,,"우성태섭, 명헌우성","만화,일러스트",,https://dongne.co/events/df2501/circles/135225,제28회 디. 페스타,Day1
다람쥐 전문점,루다,,,,,1sp,슬램덩크,,,서태웅 송태섭,서태웅X송태섭,"로맨틱,섹슈얼",백호태섭,만화,@Ruda_TS,https://dongne.co/events/df2501/circles/136176,제28회 디. 페스타,Day1
도곡동 킬러부,"특사, 88",,,,,2sp,"사카모토 데이즈,슬램덩크,체인소맨",,,,,,,"소설,기타,일러스트",,https://dongne.co/events/df2501/circles/136693,제28회 디. 페스타,Day1
백발이 너무해,치킨팝,,,,,1sp,아카기,,,,,,,만화,@uq6m6,https://dongne.co/events/df2501/circles/137287,제28회 디. 페스타,Day1
부스명 모하지,강생강,,,,,1sp,혈계전선,,2025 라이브라한국지부 신년회,,스티븐 A 스타페이즈X재프 렌프로,해당없음,,소설,gingerywpd,https://dongne.co/events/df2501/circles/135931,제28회 디. 페스타,Day1
빵이랑 준이랑,해아,,,,,1sp,가비지타임,,,,,,,,@lllbadgelll,https://dongne.co/events/df2501/circles/137070,제28회 디. 페스타,Day1
새해도 오타쿠,이나연,,,,,1sp,,,,,,,,"만화,일러스트",,https://dongne.co/events/df2501/circles/135935,제28회 디. 페스타,Day1
어쩌다 아이돌,ob,,,,,2sp,앙상블 스타즈,,,"알칼로이드,크레이지비,올유닛",,로맨틱,,일러스트,@ob_mon_29,https://dongne.co/events/df2501/circles/137461,제28회 디. 페스타,Day1
찬란히 빛나는,하늘,,,,,1sp,데뷔 못 하면 죽는 병 걸림,,,선아현,,,,일러스트,,https://dongne.co/events/df2501/circles/137745,제28회 디. 페스타,Day1
즐겨요 잡덕의 삶,무야,,,,,1sp,가정교사 히트맨 REBORN!,원피스,가히리요? 2025년에요?,나미삼 위주,,,,"일러스트,만화",@MUYA_SAY,https://dongne.co/events/df2501/circles/137375,제28회 디. 페스타,Day1
키작공 있는거 다 내놔,mukbab,,,,,2sp,아이돌리쉬 세븐,우마무스메,,,오사카 소고X요츠바 타마키,로맨틱,이즈미 형제,,,https://dongne.co/events/df2501/circles/135324,제28회 디. 페스타,Day1
그래도 낙잇은 돈다,흰,,,,,2sp,블루록,,,,나기 세이시로X이사기 요이치,,,"일러스트,만화",@Huin_love,https://dongne.co/events/df2501/circles/135671,제28회 디. 페스타,Day1
누세카 블리스 모드,dolmeng,,,,,1sp,프로젝트 세카이 컬러풀 스테이지!,누카니발/아이나나,,,,로맨틱,,일러스트,,https://dongne.co/events/df2501/circles/135744,제28회 디. 페스타,Day1
다양한 솜깅의 세계,레네,,,,,1sp,가비지타임,,,,,,,,@rene_jdc,https://dongne.co/events/df2501/circles/136243,제28회 디. 페스타,Day1
세계와 맞서는 신앙,치즈,,,,,2sp,로드 오브 히어로즈,,,,미리안드X브란두흐,,,"소설,일러스트",@,https://dongne.co/events/df2501/circles/136854,제28회 디. 페스타,Day1
영원한 공놀의 굴레,"유용, 사서",,,,,2sp,하이큐,,,,,,,일러스트,"@C_U_C_Me, @librariaaaan",https://dongne.co/events/df2501/circles/136563,제28회 디. 페스타,Day1
정신을 차리고 보니 마감 두 달 전,VEGA,,,,,1sp,주술회전,,,"고죠 사토루,이타도리 유지",고죠 사토루X이타도리 유지,로맨틱,,소설,@goyu_novel,https://dongne.co/events/df2501/circles/135543,제28회 디. 페스타,Day1
어두운 바다의 여섯 번째 여름이 되어,명랑,,,,,2sp,"어두운 바다의 등불이 되어,플레이브",플레이브,,"박무현,신해량,서지혁,백애영,남예준,한노아,밤비,도은호,유하민 등",,,,"일러스트,만화",@cheerful030,https://dongne.co/events/df2501/circles/137697,제28회 디. 페스타,Day1
스승의 은혜는 하늘 같아서,윤펭귄,,,,,1sp,대역전재판,,,"바로크 반직스,아소기 카즈마",아소기 카즈마X바로크 반직스,"로맨틱,섹슈얼",,소설,@objectionguin,https://dongne.co/events/df2501/circles/135640,제28회 디. 페스타,Day1
두색이 섞이면 뭐가 나오려나~,ml인공수집 / 데미소다,,,,,2sp,프로젝트세카이,,토우아키 쁘띠존 : 너와 함께 푸른 거리 속 새벽녘을,"토우아키,루이츠카",토우야X아키토,로맨틱,루이×츠카사,"만화,일러스트",@rkawkehtnwlq /@thekepalthek,https://dongne.co/events/df2501/circles/137320,제28회 디. 페스타,Day1
버츄얼 앙상블 세포 세카이의 약속,leejieun20,,,,,2sp,프로젝트 세카이,버튜버 세포신곡,,,,,,,,https://dongne.co/events/df2501/circles/136125,제28회 디. 페스타,Day1
그래서 로드는 언제 복귀해요?,에슈,,,,,2sp,로드 오브 히어로즈,,,올캐릭터,,,,"만화,일러스트",@Rano_ily,https://dongne.co/events/df2501/circles/138190,제28회 디. 페스타,Day1
뒤늦은 입덕이 가장 무섭다더니만,서소현,,,,,1sp,,,,,,,,,,https://dongne.co/events/df2501/circles/136255,제28회 디. 페스타,Day1
취향의 무언가 나옴!,코우,,,,,1sp,데뷔 못 하면 죽는 병 걸림,,,"박문대,청려",,로맨틱,,일러스트,@Fanso_kouzuki,https://dongne.co/events/df2501/circles/137675,제28회 디. 페스타,Day1
고대의 라스트 스탠드,MARU,,,,,2sp,파이널판타지14,,,"고대인,새벽의 혈맹",,해당없음,,일러스트,GOBIgreens,https://dongne.co/events/df2501/circles/136995,제28회 디. 페스타,Day1
너네가 친구야 부부야,딥,,,,,2sp,데뷔 못 하면 죽는 병 걸림,,,"선아현,박문대",선아현X박문대,로맨틱,,"소설,일러스트",,https://dongne.co/events/df2501/circles/137347,제28회 디. 페스타,Day1
동그란 돌멩이 세카이,"유운, 127",,,,,2sp,프로젝트 세카이,,,"25시 나이트코드에서,Leo/need",,,,,,https://dongne.co/events/df2501/circles/136828,제28회 디. 페스타,Day1
뜨거운 감자를 가르며,호기,,,,,2sp,프로젝트 세카이,,,,카미시로 루이X텐마 츠카사,로맨틱,,일러스트,@hg_1_0,https://dongne.co/events/df2501/circles/137671,제28회 디. 페스타,Day1
마누라 있을때 잘하자,Nine,,,,,1sp,주술회전,롤,,"고죠 사토루,게토 스구루",고죠 사토루X게토 스구루,"로맨틱,섹슈얼","고죠 사토루x게토 스구루, 제이스x빅토르, 고게, 제빅",소설,whereare_we,https://dongne.co/events/df2501/circles/135656,제28회 디. 페스타,Day1
이상한 나라의 잡화점,빵,,,,,2sp,,,,,,,,공예,@_HHH_0110,https://dongne.co/events/df2501/circles/137198,제28회 디. 페스타,Day1
연상이 연하를 귀여워 함,세르에,,,,,1sp,히프노시스 마이크,,,,야마다 이치로X아오히츠기 사마토키,로맨틱,,소설,,https://dongne.co/events/df2501/circles/135647,제28회 디. 페스타,Day1
굿즈를 내려면 부스를 해야된다고요?,"즉석밥, 루메, 시월",,,,,2sp,어두운 바다의 등불이 되어,"괴담에 떨어져도 출근을 해야하는구나,데뷔 못 하면 죽는 병 걸림,망나니 PD 아이돌로 살아남기,빌런에게도 사연이 있다",,"권사윤,김솔음,박무현,박문대,서호윤,이세진,이자헌,한건주",한건주X권사윤,"로맨틱,해당없음",,일러스트,"@instant_bab, @name_lume, @October_mir",https://dongne.co/events/df2501/circles/137970,제28회 디. 페스타,Day1
공미즈 마지막 멤버는 조신우입니다.,고모,,,,,2sp,가비지타임,,,,,"로맨틱,섹슈얼","신우인석, 상호종수","만화,일러스트,소설,기타",yeonil_aunt,https://dongne.co/events/df2501/circles/137638,제28회 디. 페스타,Day1
부스를 하려면 굿즈를 그려야된다고요?,"떼엑, 광부",,,,,2sp,"화산귀환,진혼기",,,"백아,자하,설영",,,,,"@ddeack14 , @miner_of_RK",https://dongne.co/events/df2501/circles/136335,제28회 디. 페스타,Day1
올해도 공놀이 해야지?,여름,,,,,2sp,하이큐,"가비지타임,윈드브레이커",,"스가와라 코시,사쿠라 하루카",오이카와X스가와라,"로맨틱,섹슈얼","준상, 스오사쿠","일러스트,소설,공예",@yeoreum_xp,https://dongne.co/events/df2501/circles/136228,제28회 디. 페스타,Day1
사자와 상어의 상관관계,김나무,,,,,1sp,가정교사 히트맨 리본,,가히리요? 2025년에요?,잔저스 스쿠알로,,해당없음,,,@10x49love,https://dongne.co/events/df2501/circles/138125,제28회 디. 페스타,Day1
아들이 아빠를 사랑하면 무슨 콤플렉스냐?,"수성, 게불",,,,,2sp,역전재판 후기,,,"오도로키 호스케,두르크 사드마디",오도로키 호우스케X두르크 사드마디,"로맨틱,해당없음,섹슈얼",,"소설,만화","@165x18_, @Ged_the_aad",https://dongne.co/events/df2501/circles/137599,제28회 디. 페스타,Day1
안녕은 영원한 헤어짐은 아니겠지요,이요르,,,,,1sp,디지몬 테이머즈,,,,,,,,@3567days,https://dongne.co/events/df2501/circles/137381,제28회 디. 페스타,Day1
여전히 농구공 튕깁니다.,팥코,,,,,1sp,슬램덩크,,,슬램덩크,,,,,@Woona_hn,https://dongne.co/events/df2501/circles/138230,제28회 디. 페스타,Day1
뭐라도 하겠지.,초코롤,,,,,2sp,가비지 타임,,,기상호,성준수X기상호,,뱅상 (박병찬X기상호),소설,@shdshfroll,https://dongne.co/events/df2501/circles/135834,제28회 디. 페스타,Day1
푸른봄 팝니다.,할랑 ,,,,,1sp,주술회전,,,,,로맨틱,하이나나 ,"일러스트,만화",,https://dongne.co/events/df2501/circles/138229,제28회 디. 페스타,Day1
곽하준 관찰일지,콤,,,,,2sp,,,,,,,,만화,@COM_0107,https://dongne.co/events/df2501/circles/135808,제28회 디. 페스타,Day1
마감과 펑크사이,핫칠누,,,,,2sp,프로세카,"포켓몬,해리포터",,,,,,,,https://dongne.co/events/df2501/circles/136118,제28회 디. 페스타,Day1
마법의 중국냄비,고고학자,,,,,1sp,가정교사 히트맨 리본,,가히리요? 2025년에요?,"고쿠데라 하야토,사와다 츠나요시",고쿠데라 하야토X사와다 츠나요시,"로맨틱,섹슈얼",,"만화,기타,일러스트",@GGHZ_5927,https://dongne.co/events/df2501/circles/138111,제28회 디. 페스타,Day1
매지컬 유니버스,나별,,,,,4sp,,,,(미정),,,,일러스트,@cherrysh_blank,https://dongne.co/events/df2501/circles/138243,제28회 디. 페스타,Day1
반성교 한국지사,"주령, 김작열",,,,,1sp,주술회전,,게토고죠 쁘띠존 <온대성 연인>,"게토스구루,고죠 사토루",,로맨틱,,"만화,일러스트,사진",@jurung_ge,https://dongne.co/events/df2501/circles/138157,제28회 디. 페스타,Day1
별풍선 도네이션,츠구리,,,,,1sp,프로젝트 세카이,,"나의 스타에게, 너의 연출가로부터 #2","텐마 츠카사,카미시로 루이",텐마 츠카사X카미시로 루이,로맨틱,,만화,,https://dongne.co/events/df2501/circles/137705,제28회 디. 페스타,Day1
사랑의 트랩카드,갈릭,,,,,2sp,앙상블스타즈,,,,사쿠마 레이X오오가미 코가,"로맨틱,섹슈얼",,만화,,https://dongne.co/events/df2501/circles/135189,제28회 디. 페스타,Day1
서라벌 아일랜드,히래,,,,,1sp,명일방주,진혼기 반월당의 기묘한 이야기,,김자하 김설영 백란 유단 로고스 위샤델 테레시아,,,,일러스트,zzzz_0405,https://dongne.co/events/df2501/circles/137035,제28회 디. 페스타,Day1
소소한 메이릴리,"메이, 소소",,,,,4sp,수공예,화산귀환,,,,,,공예,"@Ma_Li_garden, @sosohan611004",https://dongne.co/events/df2501/circles/135590,제28회 디. 페스타,Day1
아빠랑 동굴탐험,만수,,,,,2sp,역전재판,가면라이더리바이스,,오도로키,오도로키X두르크,"로맨틱,섹슈얼,해당없음",오도로키X아오이,"만화,소설",https://x.com/dododongi,https://dongne.co/events/df2501/circles/136435,제28회 디. 페스타,Day1
원투의 새벽산책,새벽,,,,,1sp,프로젝트 세카이,,"나의 스타에게, 너의 연출가로부터 #2","텐마 츠카사,카미시로 루이",텐마 츠카사X카미시로 루이,로맨틱,,소설,@Dawn__prsk ,https://dongne.co/events/df2501/circles/138178,제28회 디. 페스타,Day1
쟤네가 시켰어요,가링,,,,,2sp,프로젝트 세카이 컬러풀 스테이지! feat.하츠네 미쿠 (프로세카),,,,,,,일러스트,@_NEN3Chyan,https://dongne.co/events/df2501/circles/135976,제28회 디. 페스타,Day1
죽어도 고죠우타,로크,,,,,1sp,주술회전,,고죠우타 쁘띠존 | 럭키 뉴이얼 : 롯기비기,"고죠 사토루,이오리 우타히메",고죠 사토루X이오리 우타히메,"섹슈얼,로맨틱",,"만화,일러스트,소설,기타",@lokeu14,https://dongne.co/events/df2501/circles/138183,제28회 디. 페스타,Day1
파르페 부대찌개,"츠루비, HiNa",,,,,2sp,앙상블 스타즈,,,"스오우 츠카사,츠키나가 레오 (Knights)",,"로맨틱,섹슈얼",,"일러스트,소설,공예",@tsurubi_v @au_chocolat09,https://dongne.co/events/df2501/circles/137032,제28회 디. 페스타,Day1
영등등 기타등등 ,무타바,,,,,2sp,모브사이코100,"가라오케가자,슬램덩크",,,,해당없음,,,,https://dongne.co/events/df2501/circles/138232,제28회 디. 페스타,Day1
가히리 너였구나 내 귀여운 설탕 과자가.,마롱,,,,,2sp,가정교사 히트맨 리본,,가히리요? 2025년에요?,,,,,일러스트,@SQ_ATM_MARRON,https://dongne.co/events/df2501/circles/138032,제28회 디. 페스타,Day1
공식이 밀어주는 씨피,지폭,,,,,2sp,앙상블스타즈!!,,,,,"로맨틱,섹슈얼",,만화,jipokk,https://dongne.co/events/df2501/circles/137028,제28회 디. 페스타,Day1
원더쇼 가족애를 믿기,쿠즈,,,,,1sp,프로젝트 세카이,,,"텐마 츠카사,카미시로 루이",텐마 츠카사X카미시로 루이,로맨틱,네네에무네네,일러스트,@Cuz_39 ,https://dongne.co/events/df2501/circles/137927,제28회 디. 페스타,Day1
인생에 보라왹져 난입,읶뚀,,,,,2sp,페이트,프로젝트 세카이,,"유이 쇼세츠,우시고젠,카미시로 루이,쿠사나기 네네",유이 쇼세츠X우시고젠,해당없음,루이네네 ,"만화,소설",ilgttyo11973,https://dongne.co/events/df2501/circles/136770,제28회 디. 페스타,Day1
비베스 동성애를 믿기 (+ 레이코가),와플,,,,,1sp,,,,"아오야기 토우야,시노노메 아키토,시라아시 안,아즈사와 코하네,사쿠마 레이,오오가미 코가",아오야기 토우야X시노노메 아키토,로맨틱,레이코가,,@prsk_waffle,https://dongne.co/events/df2501/circles/136268,제28회 디. 페스타,Day1
호구쨩 하고싶은 부스명 있어? ,뿜키,,,,,2sp,괴수8호,하이큐,,호시나,,,,일러스트,bboomkey,https://dongne.co/events/df2501/circles/137899,제28회 디. 페스타,Day1
잘생긴 남자들의 사랑은 맛있다,유키,,,,,2sp,가비지타임,어두운 바다의 등불이 되어,,"성준수,진재유,박병찬,최종수,기상호,김재희,박무현",성준수X진재유,로맨틱,김재희X박무현,,@youki_otaku_,https://dongne.co/events/df2501/circles/136734,제28회 디. 페스타,Day1
히어로 게게로는 툭하면 죽는다,욘,,,,,1sp,나의 히어로 아카데미아,키타로의 탄생 게게로의 수수께끼,,"팻껌,게게로,한다 토우",팻껌X키리시마 에이지로,로맨틱,논컾 올캐러,"만화,일러스트",ye_oun,https://dongne.co/events/df2501/circles/136657,제28회 디. 페스타,Day1
곰돌이 팬케이크 삐리빠빠 ,"pp, 곰이, 케베",,,,,2sp,프로젝트 세카이,,토우아키 쁘띠존 : 너와 함께 푸른 거리 속 새벽녘을,"아오야기 토우야,시노노메 아키토",아오야기 토우야X시노노메 아키토,로맨틱,,"일러스트,만화","@88bit_pp, @pxxakr917, @kebe107",https://dongne.co/events/df2501/circles/136985,제28회 디. 페스타,Day1
랩하는 미소녀는 던전감옥에,생갱,,,,,2sp,던전밥,"dc 코믹스,데스노트,흡혈귀는 툭하면 죽는다,히프노시스 마이크,1차 창작,연뮤",,"카블루,미스룬,츠츠지모리 로쇼,누루데 사사라,카가미 라이토,엘",카블루X미스룬,로맨틱,,"일러스트,공예,기타,사진,만화",@dunjeon_sheep,https://dongne.co/events/df2501/circles/135967,제28회 디. 페스타,Day1
마감이 성공하면 스팁레오가 나오는 부스,사라,,,,,1sp,혈계전선,,,"레오나르도 워치,스티븐 A 스타페이즈",스티븐 A 스타페이즈X레오나르도 워치,"로맨틱,섹슈얼",,소설,,https://dongne.co/events/df2501/circles/135746,제28회 디. 페스타,Day1
스티븐 크스찵여!,비터 / 자월 / 보보 /,,,,,2sp,혈계전선,,2025 라이브라한국지부 신년회,"크라우스 폰 라인헤르츠,스티븐 A 스타페이즈",크라우스X스티븐,"로맨틱,섹슈얼",혈계전선,"소설,일러스트,만화",@_273dot15D_ / @NOVEMBER_BBB / @bo2bo_ing,https://dongne.co/events/df2501/circles/136879,제28회 디. 페스타,Day1
얘들아 부스하자!,비서,,,,,1sp,아이카츠(아이엠스타),"러브라이브,뱅드림,괴도조커",,"뮤즈,리엘라",,,,"일러스트,소설",@GAMPANGPANG_,https://dongne.co/events/df2501/circles/137472,제28회 디. 페스타,Day1
에이씨 기분이다!괴짜원투 수중쇼!!,애옹,,,,,1sp,프로젝트 세카이,,"나의 스타에게, 너의 연출가로부터 #2","카미시로 루이,텐마 츠카사",텐마 츠카사X카미시로 루이,로맨틱,,게임,@meow_502,https://dongne.co/events/df2501/circles/137734,제28회 디. 페스타,Day1
마성의 에고이스트,비탁공시럽,,,,,2sp,블루록,,,,,로맨틱,"바로이사, 바치이사, 카이이사","만화,일러스트,소설",@dnblldnb,https://dongne.co/events/df2501/circles/135674,제28회 디. 페스타,Day1
쏘블루 팝업스토어,BB,,,,,2sp,블루자이언트,,,,,,,만화,@_born_blue,https://dongne.co/events/df2501/circles/135929,제28회 디. 페스타,Day1
일단은 신청해보는 부스,Myacc,,,,,2sp,THE IDOLM@STER SideM(사이마스),"카리스마,하이큐!!(HQ!!)",,,,,,"만화,일러스트,공예",,https://dongne.co/events/df2501/circles/135250,제28회 디. 페스타,Day1
교수가 도박꾼에게 순애를 하는 것에 대하여,테미,,,,,2sp,붕괴 스타레일,,,어벤츄린,Dr.레이시오X어벤츄린,로맨틱,,"만화,일러스트,소설",Temi_HSR ,https://dongne.co/events/df2501/circles/137224,제28회 디. 페스타,Day1
반박시 에고이스트슛,집사,,,,,1sp,블루록,,,,,,,"소설,만화",,https://dongne.co/events/df2501/circles/137327,제28회 디. 페스타,Day1
방위대 합격했습니다,소금,,,,,2sp,괴수 8호,블루록,,나루미 호시나 카이저,,해당없음,,일러스트,@so_geum_0,https://dongne.co/events/df2501/circles/136694,제28회 디. 페스타,Day1
어둠의 녹색어머니회,미스틱,,,,,1sp,슬램덩크,,,김수겸,성현준X김수겸,"로맨틱,섹슈얼",,,@noye_mystic,https://dongne.co/events/df2501/circles/137264,제28회 디. 페스타,Day1
챱쌀떡-죠랭이떡,서봄,,,,,2sp,하이큐,,,하이큐 캐릭터,,,,,@akaashi_blue,https://dongne.co/events/df2501/circles/136182,제28회 디. 페스타,Day1
"윈브레, 란마, 에이트리","하파, 하루, 또또산",,,,,2sp,"윈드브레이커,윈브레","란마,에이트리",,,,해당없음,,"일러스트,만화",@hapa_rupa,https://dongne.co/events/df2501/circles/136269,제28회 디. 페스타,Day1
"좋아해, 너의... 연기를.",흰지,,,,,1sp,A3!,아이나나,,,타카토 타스쿠X츠키오카 츠무기,로맨틱,"미즈츠즈, 치카이타, 아자쿠",,@a3_gmlswl,https://dongne.co/events/df2501/circles/136710,제28회 디. 페스타,Day1
"아키토, 니게루나。",옐쓴,,,,,4sp,프로젝트 세카이 컬러풀 스테이지! feat. 하츠네 미쿠,,토우아키 쁘띠존 : 너와 함께 푸른 거리 속 새벽녘을,"아오야기 토우야,시노노메 아키토",아오야기 토우야X시노노메 아키토,로맨틱,,"일러스트,만화",@touaki_numnum,https://dongne.co/events/df2501/circles/137564,제28회 디. 페스타,Day1
원래는... 그렇게됐습니다,"일하는J, NIKTATEKO",,,,,2sp,"콜 오브 듀티,오버워치","발더스 게이트 3,슬램덩크,마블 등",,,,,,,"@4tleastoneforU, @NiktaTEK0",https://dongne.co/events/df2501/circles/136104,제28회 디. 페스타,Day1
가지가지,리미,,,,,2sp,원피스,,,,,,,,,https://dongne.co/events/df2501/circles/135272,제28회 디. 페스타,Day1
각자도생,시루떡,,,,,1sp,,,,,,,,,,https://dongne.co/events/df2501/circles/135219,제28회 디. 페스타,Day1
감자감자,허니,,,,,1sp,,,,,,,,,,https://dongne.co/events/df2501/circles/136721,제28회 디. 페스타,Day1
개굴상점,개구리,,,,,1sp,누이소품샵,,,,,,,,geguri_store ,https://dongne.co/events/df2501/circles/138013,제28회 디. 페스타,Day1
거북이밥,무낙,,,,,1sp,골든카무이,,,"츠키시마 하지메,코이토 오토노신",츠키시마 하지메X코이토 오토노신,"로맨틱,섹슈얼",,만화,mu_nak_,https://dongne.co/events/df2501/circles/135779,제28회 디. 페스타,Day1
고게랜드,"라라, 오탑",,,,,2sp,주술회전,,,"고죠 사토루,게토 스구루",고죠 사토루X게토 스구루,로맨틱,,"만화,일러스트","@goge_lara572, @otav_572",https://dongne.co/events/df2501/circles/136024,제28회 디. 페스타,Day1
고목생화,빠빠야,,,,,1sp,붕괴:스타레일,,,"경원,블레이드",경원X블레이드,로맨틱,,만화,@strawppo2,https://dongne.co/events/df2501/circles/136986,제28회 디. 페스타,Day1
구멍가게,사약,,,,,2sp,원피스,포켓몬스터(게임),,로브 루치,로브 루치X드림주(OC),"로맨틱,섹슈얼",루치른,,@sayakdrinking,https://dongne.co/events/df2501/circles/136154,제28회 디. 페스타,Day1
그림이랑,3호,,,,,1sp,,,,,,,,"만화,일러스트,소설",,https://dongne.co/events/df2501/circles/137991,제28회 디. 페스타,Day1
까아아악,로제,,,,,2sp,,,,,,,,,,https://dongne.co/events/df2501/circles/135390,제28회 디. 페스타,Day1
꾸꾸까까,치키,,,,,2sp,세포신곡,,,,,,,,@chiki_maki,https://dongne.co/events/df2501/circles/135179,제28회 디. 페스타,Day1
남남사랑,톨톨,,,,,1sp,,,,,,,,만화,,https://dongne.co/events/df2501/circles/137067,제28회 디. 페스타,Day1
네코마마,"레이카, 마키시, 시에",,,,,4sp,데뷔 못 하면 죽는 병 걸림,"화산귀환,광마회귀,블랙배저,괴담에 떨어져도 출근을 해야 하는구나",,박문대 (오른쪽),,,,,"@rayca01, @makisi17, @sye51244kk, @nekomoms",https://dongne.co/events/df2501/circles/135248,제28회 디. 페스타,Day1
느짓살이,단삭,,,,,1sp,명일방주,,,,,,,,,https://dongne.co/events/df2501/circles/135321,제28회 디. 페스타,Day1
다이러브,호벤,,,,,2sp,,,,,,,,만화,hobaen,https://dongne.co/events/df2501/circles/135434,제28회 디. 페스타,Day1
다정한집,냘구,,,,,2sp,,,,,,,,만화,@apricot_tarte_,https://dongne.co/events/df2501/circles/135789,제28회 디. 페스타,Day1
댄싱래빗,댄싱래빗,,,,,2sp,수공예,,,,,,,공예,https://x.com/oyo_atelier,https://dongne.co/events/df2501/circles/136150,제28회 디. 페스타,Day1
데굴데굴,ㅇㅇ,,,,,1sp,앙상블스타즈,,,,,,,,RntwmvkfdkdyrP,https://dongne.co/events/df2501/circles/136173,제28회 디. 페스타,Day1
도부두부,마두부,,,,,2sp,프로젝트 세카이,홀로라이브,,"텐마 츠카사,카미시로 루이",텐마츠카사X카미시로루이,로맨틱,,"만화,일러스트",,https://dongne.co/events/df2501/circles/137300,제28회 디. 페스타,Day1
도순상점,김도순,,,,,1sp,햄스터 캐릭터,,,햄스터 창작 캐릭터,,,,"일러스트,공예",@dosoon_studio,https://dongne.co/events/df2501/circles/137760,제28회 디. 페스타,Day1
동인나라,육개,,,,,2sp,테일즈런너,역전재판,,,카르마 고우X미츠루기 레이지,,,"만화,소설",@yuggaepaig5,https://dongne.co/events/df2501/circles/137935,제28회 디. 페스타,Day1
두부상가,,,,,,1sp,프로젝트세카이,,,시노노메 에나 아키야마 미즈키,,,,,,https://dongne.co/events/df2501/circles/135919,제28회 디. 페스타,Day1
뒹굴뒹굴,돕돕돕,,,,,2sp,슬램덩크,"던전밥,스파이더맨",,,,,,,,https://dongne.co/events/df2501/circles/135347,제28회 디. 페스타,Day1
딩글빵글,동글이,,,,,1sp,데뷔못하면죽는병걸림,가비지타임,,"박문대,전영중,성준수",,,,일러스트,@oO13__oO,https://dongne.co/events/df2501/circles/137200,제28회 디. 페스타,Day1
뚜비루비,쩜,,,,,1sp,,,,,,,,,,https://dongne.co/events/df2501/circles/135757,제28회 디. 페스타,Day1
만쥬가게,만쥬,,,,,2sp,슬램덩크,,,,,,,"만화,일러스트",@br_0522_,https://dongne.co/events/df2501/circles/137459,제28회 디. 페스타,Day1
먐미마켓,김먐미,,,,,2sp,1차,"갑타,하이큐",,"oc,갑타,하이큐",,,,"기타,일러스트",_mxxmmx,https://dongne.co/events/df2501/circles/137855,제28회 디. 페스타,Day1
무뇨무뇨,중,,,,,1sp,프로젝트 세카이 컬러풀 스테이지 feat. 하츠네 미쿠,"프로세카,프세카",토우아키 쁘띠존 : 너와 함께 푸른 거리 속 새벽녘을,"아오야기 토우야,시노노메 아키토",아오야기 토우야X시노노메 아키토,로맨틱,루이츠카,"만화,일러스트",@Jung__rk,https://dongne.co/events/df2501/circles/135905,제28회 디. 페스타,Day1
뭔토뭔죠,"베, 유댜히",,,,,2sp,주술회전,,게토고죠 쁘띠존 <온대성 연인>,,,로맨틱,,"만화,일러스트","wxbgego, Udi_ee",https://dongne.co/events/df2501/circles/136812,제28회 디. 페스타,Day1
미르포아,테린,,,,,1sp,,,,,,,,,terin_lllll,https://dongne.co/events/df2501/circles/135669,제28회 디. 페스타,Day1
반말금지,강돌이,,,,,2sp,앙상블스타즈,붕괴스타레일,,"연경,경원,아마기히이로,아마기린네",,,,만화,come_backstrong,https://dongne.co/events/df2501/circles/137583,제28회 디. 페스타,Day1
반찬가게,신성,,,,,1sp,포켓몬스터,"프로젝트세카이,로드오브히어로즈,젤다의전설,장송의프리렌,니어오토마타,이런영웅은싫어",,,,로맨틱,"힘멜프리렌, 링크젤다, 2B9S",일러스트,@divinity_1118,https://dongne.co/events/df2501/circles/137169,제28회 디. 페스타,Day1
밤식빵집,밤식,,,,,1sp,하이큐,,,,,,,일러스트,@bambread_,https://dongne.co/events/df2501/circles/137044,제28회 디. 페스타,Day1
벨로벨로,벨로,,,,,2sp,윈드브레이커,,,사쿠라 하루노,,,,일러스트,@kurobina_win,https://dongne.co/events/df2501/circles/136254,제28회 디. 페스타,Day1
복작복작,moraegorae,,,,,2sp,"명탐정 코난,나루토",혈계전선,2025 라이브라한국지부 신년회,"크라우스,스티븐,타카기,사토,카카시,이루카",타카기 와타루X사토 미와코,,카카이루,"소설,일러스트",,https://dongne.co/events/df2501/circles/135943,제28회 디. 페스타,Day1
뿅클로젯,와이용,,,,,2sp,슬램덩크,,,이명헌,이명헌X송태섭,"로맨틱,섹슈얼,해당없음","이명헌정우성,정우성이명헌,정우섭송태섭","일러스트,공예,기타",@ho_it_o_o,https://dongne.co/events/df2501/circles/137718,제28회 디. 페스타,Day1
쁘띠뽀짝,뽀짝쿵야,,,,,4sp,화산귀환,원피스 코난 데못죽 하이큐 슬램덩크 전독시 플레이브,,,,,,,@BBoJJaKKyu,https://dongne.co/events/df2501/circles/135431,제28회 디. 페스타,Day1
사제실격,"혈당과당,  영탈",,,,,2sp,모브사이코100,,,,카게야마 시게오X레이겐 아라타카,로맨틱,,"만화,일러스트",@kettodango ,https://dongne.co/events/df2501/circles/137720,제28회 디. 페스타,Day1
소년현상,少年現象,,,,,2sp,앙상블 스타즈!! Music,,,"사카사키 나츠메,아오바 츠무기,하루카와 소라",사카사키 나츠메X아오바 츠무기,,,"만화,일러스트",@5_145c,https://dongne.co/events/df2501/circles/137346,제28회 디. 페스타,Day1
시절인연,이스마일,,,,,2sp,명일방주,,,총웨,박사X총웨,로맨틱,,"만화,일러스트",@nills_ff14,https://dongne.co/events/df2501/circles/135340,제28회 디. 페스타,Day1
시쿠시쿠,농부,,,,,2sp,프로젝트 세카이,,,,카미시로 루이X텐마 츠카사,"섹슈얼,로맨틱",,만화,,https://dongne.co/events/df2501/circles/135412,제28회 디. 페스타,Day1
아라쓰고,"Akon, MADOYO",,,,,2sp,슬램덩크,,,양호열 강백호,,,,,@Nongnol234,https://dongne.co/events/df2501/circles/135743,제28회 디. 페스타,Day1
아른아른,공란,,,,,1sp,아카기,텐~천화거리의쾌남아~,,"아카기 시게루,하라다 카츠미",,"로맨틱,섹슈얼",,만화,@fk111111mt,https://dongne.co/events/df2501/circles/137025,제28회 디. 페스타,Day1
아직모름,메린,,,,,2sp,슬램덩크,아이실드21,,서태웅 강백호,,로맨틱,,만화,@merinme99,https://dongne.co/events/df2501/circles/135649,제28회 디. 페스타,Day1
아직미정,조호,,,,,1sp,,,,,,,,,,https://dongne.co/events/df2501/circles/138237,제28회 디. 페스타,Day1
어디든가,마김,,,,,1sp,,,,,,,,,,https://dongne.co/events/df2501/circles/136815,제28회 디. 페스타,Day1
역전상회,제토,,,,,2sp,"역전재판,MIU404",,,,,,,일러스트,@zetoee,https://dongne.co/events/df2501/circles/135312,제28회 디. 페스타,Day1
열혈반점,소지,,,,,2sp,앙상블 스타즈!! Music,,,나구모 테토라,나구모 테토라X키류 쿠로,,테츠쿠로,"만화,일러스트",@draca2na,https://dongne.co/events/df2501/circles/137017,제28회 디. 페스타,Day1
예지나라,깔깔오죠상,,,,,1sp,나의 히어로 아카데미아,"헌터x헌터,괴도조커,나루토,좀비고등학교",,,시가라키 토무라X미도리야 이즈쿠,섹슈얼,"시가데쿠, 사스나루, 레오크라, 동진유리","만화,일러스트",https://x.com/kk_OJS,https://dongne.co/events/df2501/circles/138076,제28회 디. 페스타,Day1
왕왕카페,도파민,,,,,1sp,프로젝트 세카이,,토우아키 쁘띠존 : 너와 함께 푸른 거리 속 새벽녘을,아오야기 토우야x시노노메 아키토,아오야기 토우야X시노노메 아키토,"섹슈얼,로맨틱",,만화,@Pamine0320,https://dongne.co/events/df2501/circles/136351,제28회 디. 페스타,Day1
울끈밧끈,"캄희, 슬래시",,,,,2sp,트라이건,,,"울프우드,밧슈",울프우드X밧슈,로맨틱,,일러스트,"@kamhee_, @wolfXvashWV",https://dongne.co/events/df2501/circles/136080,제28회 디. 페스타,Day1
유브니코,ND,,,,,2sp,"니지산지,에일리언 스테이지","리레볼루션,괴담에 떨어져도 출근을 해야 하는구나",,,,,,일러스트,,https://dongne.co/events/df2501/circles/135937,제28회 디. 페스타,Day1
은민상점,은민,,,,,1sp,,,,,,,,일러스트,em913em,https://dongne.co/events/df2501/circles/136803,제28회 디. 페스타,Day1
잡탕찌개,소금,,,,,1sp,가비지타임,,,종상,,로맨틱,,소설,@soo_geum_,https://dongne.co/events/df2501/circles/137137,제28회 디. 페스타,Day1
제목없음,Lunch,,,,,2sp,오버워치,역전재판,,,,,,,,https://dongne.co/events/df2501/circles/135406,제28회 디. 페스타,Day1
제형사귐,제형사귐,,,,,2sp,청의 엑소시스트,청의 엑소시스트,,,오쿠무라 유키오X오쿠무라 린,로맨틱,,,,https://dongne.co/events/df2501/circles/135497,제28회 디. 페스타,Day1
죽마고우,파랑,,,,,1sp,주술회전,,고죠우타 쁘띠존 | 럭키 뉴이얼 : 롯기비기,"고죠 사토루,이오리 우타히메",,"로맨틱,섹슈얼",,"만화,일러스트,소설",comeonbabyblue,https://dongne.co/events/df2501/circles/137914,제28회 디. 페스타,Day1
출감불가,ID,,,,,2sp,블루록,"페르소나3,드래곤볼",,"나기 세이시로,미카게 레오",,"해당없음,로맨틱",아라햄,"만화,기타",ID__BlL,https://dongne.co/events/df2501/circles/137646,제28회 디. 페스타,Day1
카페오레,허브,,,,,2sp,,,,,,,,,,https://dongne.co/events/df2501/circles/135766,제28회 디. 페스타,Day1
컴백하자,민들,,,,,2sp,플레이브,,,,,,,,@mindeul00,https://dongne.co/events/df2501/circles/138112,제28회 디. 페스타,Day1
킬더실버,그은,,,,,2sp,,,,,,,,공예,@kil_the_silver,https://dongne.co/events/df2501/circles/136484,제28회 디. 페스타,Day1
토마토맛,HO,,,,,2sp,윈브레,,,,,,,,@77HO_i7,https://dongne.co/events/df2501/circles/135902,제28회 디. 페스타,Day1
호두가게,이파두호,,,,,4sp,토로와 로토 / 저세상 악마들,,,,,,,,@2p2h_,https://dongne.co/events/df2501/circles/137176,제28회 디. 페스타,Day1
환상뜨락,먀,,,,,2sp,,의원 다시 살다,,,,,,공예,,https://dongne.co/events/df2501/circles/136227,제28회 디. 페스타,Day1
죽마고우~죽어도 마지막까지 고죠우타~,니아,,,,,2sp,주술회전,,고죠우타 쁘띠존 | 럭키 뉴이얼 : 롯기비기,"고죠 사토루,이오리 우타히메",고죠 사토루X이오리 우타히메,로맨틱,,소설,@nyarcissus,https://dongne.co/events/df2501/circles/137795,제28회 디. 페스타,Day1
공드라마 ,"공, 농놜, 철새 ",,,,,1sp,슬램덩크,,,"양호열,강백호 / 송태섭ncp",양호열X강백호,로맨틱,송태섭ncp ,"만화,소설",@SLDK0310X0401 ,https://dongne.co/events/df2501/circles/138011,제28회 디. 페스타,Day1
제당아만 ~키미타치와 슈퍼스타다요~,남편,,,,,2sp,아이돌리쉬세븐,앙상블 스타즈,,"MEZZO""",요츠바 타마키X오오사카 소고,로맨틱,"가쿠츠무, 지메이바",일러스트,@tw0nyang,https://dongne.co/events/df2501/circles/137095,제28회 디. 페스타,Day1
장래희망 : 포로지기,MMEE,,,,,2sp,리그오브레전드,,라이엇 쁘띠존,,,,,일러스트,@Dong_TAE0818 @_MM33MM_,https://dongne.co/events/df2501/circles/137792,제28회 디. 페스타,Day1
하롱살롱 / 겨울의꿈,하롱살롱,,,,,4sp,,,,,,,,공예,,https://dongne.co/events/df2501/circles/135583,제28회 디. 페스타,Day1
무광상점 (디. 페스타의 모습) ,무광,,,,,1sp,아오페라,"마비노기,포켓몬스터",,다양,,,,"만화,일러스트",,https://dongne.co/events/df2501/circles/135400,제28회 디. 페스타,Day1
아이돌만 세 장르 잡고 통장을 잃음,루벨릭,,,,,2sp,앙상블 스타즈!! Music,"데못죽,아이돌리쉬세븐",,"크레이지비,알칼로이드,에덴",,,,,,https://dongne.co/events/df2501/circles/135334,제28회 디. 페스타,Day1
남쪽으로 가자,모,,,,,2sp,주술회전,,게토고죠 쁘띠존 <온대성 연인>,게토 스구루,,"로맨틱,섹슈얼",,소설,@09omo0,https://dongne.co/events/df2501/circles/136470,제28회 디. 페스타,Day1
세카이의 옷장,랙랙,,,,,2sp,프로젝트 세카이,18TRIP,,"텐마 츠카사,카미시로 루이",,로맨틱,네타나기,"만화,일러스트",@LLS_0529,https://dongne.co/events/df2501/circles/136145,제28회 디. 페스타,Day1
준비하면 된다,나리,,,,,1sp,슬램덩크,,,윤대협 / 서태웅,,로맨틱,,소설,@Kaede___RE,https://dongne.co/events/df2501/circles/137491,제28회 디. 페스타,Day1
두근두근 넘버 원 히어로가 되는 길 오늘도 이상 무,연어마왕,,,,,2sp,히로아카,주술회전,,바쿠고 토도로키 미도리야,,,,,@XX_RKGK,https://dongne.co/events/df2501/circles/136729,제28회 디. 페스타,Day1
아저씨들 파는 부스,qhfl9315,,,,,2sp,리그 오브 레전드,,라이엇 쁘띠존,롤 캐릭터들,,,,"만화,일러스트,공예,조형,기타",@lolpaja,https://dongne.co/events/df2501/circles/135988,제28회 디. 페스타,Day1
이탈리아 제철 상어,카일,,,,,1sp,가정교사 히트맨 리본,,가히리요? 2025년에요?,스쿠알로,,,,만화,,https://dongne.co/events/df2501/circles/135330,제28회 디. 페스타,Day1
폭룡적인 특덕 부스,mtona,,,,,2sp,,,,,,,,,,https://dongne.co/events/df2501/circles/135288,제28회 디. 페스타,Day1
바보들도 책을 냅니다,"바보개, 둥근해",,,,,2sp,아이돌리쉬세븐,,,,이즈미 미츠키X이즈미 이오리,,"NCP, 가쿠츠무",,@babogae_02,https://dongne.co/events/df2501/circles/137447,제28회 디. 페스타,Day1
도마뱀의 보물함,해룡,,,,,2sp,,,,,,,,"공예,일러스트,기타",tlzn01,https://dongne.co/events/df2501/circles/135327,제28회 디. 페스타,Day1
라무네맛 츄러스,naxa,,,,,1sp,프로젝트 세카이,,,원더랜즈x쇼타임,카미시로 루이X텐마 츠카사,로맨틱,,"일러스트,만화,소설",,https://dongne.co/events/df2501/circles/136410,제28회 디. 페스타,Day1
부제국선 염문설,"유자, 담청랑",,,,,2sp,진혼기,,설영자하 쁘띠존: 월성영화제,"설영,자하",설영X자하,"로맨틱,섹슈얼",,"소설,공예,기타","yuja_hwarang, eujawang3000",https://dongne.co/events/df2501/circles/137843,제28회 디. 페스타,Day1
사이쿄대 문예부,사라사,,,,,2sp,아이실드21,,,히루마 요이치 콘고 아곤,콘고아곤X히루마요이치,"섹슈얼,로맨틱","무사히루, 모브히루",,@salasa075,https://dongne.co/events/df2501/circles/135318,제28회 디. 페스타,Day1
새해에도 공놀이,나이닌,,,,,1sp,슬램덩크,하이큐!!,,,,,,,,https://dongne.co/events/df2501/circles/136498,제28회 디. 페스타,Day1
은빛늑대 사쿠라,유마,,,,,2sp,윈브레,,,,스오 하야토X사쿠라 하루카,,,,,https://dongne.co/events/df2501/circles/135249,제28회 디. 페스타,Day1
게토고죠 쁘띠존 <온대성 연인> 주최부스,게토고죠 쁘띠존 <온대성 연인>,,,,,2sp,,,게토고죠 쁘띠존 <온대성 연인>,,,,,,,https://dongne.co/events/df2501/circles/135212,제28회 디. 페스타,Day1
놀러와요 게고의 숲,"월, 세소",,,,,2sp,주술회전,,게토고죠 쁘띠존 <온대성 연인>,"게토 스구루,고죠 사토루",,"로맨틱,섹슈얼",,"일러스트,사진,기타,공예",@podo765,https://dongne.co/events/df2501/circles/136030,제28회 디. 페스타,Day1
슬기로운 구화산 생활,랑,,,,,1sp,화산귀환,,,"당보,청명,청문,청진",청명X당보,로맨틱,,,dadadau7,https://dongne.co/events/df2501/circles/137354,제28회 디. 페스타,Day1
물나무를 자라게 하는 방법,水,,,,,1sp,게게게노 키타로,,,미즈키,,,,,@lllo_1110_,https://dongne.co/events/df2501/circles/135491,제28회 디. 페스타,Day1
상브레크 황국군 영창 돌바닥,포니오,,,,,1sp,파이널판타지16,,,"테랑스,디옹 르사주",,섹슈얼,,,@PNPO564,https://dongne.co/events/df2501/circles/135360,제28회 디. 페스타,Day1
직장인은 마감의 꿈을 꾸는가,직장인,,,,,1sp,주술회전,,,,고죠 사토루X이타도리 유우지,로맨틱,,소설,,https://dongne.co/events/df2501/circles/135319,제28회 디. 페스타,Day1
법정에서 이래도 되나요,남애,,,,,2sp,역전재판,KOF,,"오도로키 호스케,가류 쿄야",가류 쿄야X오도로키 호스케,로맨틱,"나유아카, 경암","만화,일러스트,소설",@nam_eh_co,https://dongne.co/events/df2501/circles/137434,제28회 디. 페스타,Day1
안보이는 곳에서 카이신 계속 안전하게 올리고 있었다고,하니,,,,,2sp,전지적독자시점,"명탐정 코난,화산귀환,가비지타임",,,유중혁X김독자,해당없음,카이신,,HANILNAH / SHJPT,https://dongne.co/events/df2501/circles/136340,제28회 디. 페스타,Day1
당신같은 덕후를 기다려왔다우,재노,,,,,2sp,스플래툰,"발로란트,동물의 숲,별의 커비,1차 수공예",,,,,,"일러스트,공예,기타",@byeolga,https://dongne.co/events/df2501/circles/136451,제28회 디. 페스타,Day1
경원단항 앤솔로지,류논,,,,,2sp,붕괴: 스타레일,,,"경원,단항",경원X단항,"로맨틱,섹슈얼",,"소설,만화",,https://dongne.co/events/df2501/circles/135242,제28회 디. 페스타,Day1
나미모리 동사무소,비상,,,,,2sp,가정교사 히트맨 리본,,가히리요? 2025년에요?,,,,,"소설,일러스트",@fofo_on,https://dongne.co/events/df2501/circles/136102,제28회 디. 페스타,Day1
닉휴저별 윤막새신,지존검둥,,,,,2sp,로드오브히어로즈,,,미하일 블레이크,미하일X남로드,"로맨틱,섹슈얼","브랜라르, 브란라르",만화,sm5927602,https://dongne.co/events/df2501/circles/135345,제28회 디. 페스타,Day1
돌고돌아 원앤온리,gg,,,,,2sp,주술회전,,게토고죠 쁘띠존 <온대성 연인>,,,"섹슈얼,로맨틱",,"만화,기타",gtgjisgreat,https://dongne.co/events/df2501/circles/137918,제28회 디. 페스타,Day1
라이브라 구두닦이,삼,,,,,2sp,혈계전선,,2025 라이브라한국지부 신년회,라이브라 멤버들,재프X레오,로맨틱,조합선택식,기타,@Steven_A_Kk,https://dongne.co/events/df2501/circles/136604,제28회 디. 페스타,Day1
사토시와 미노루네,여,,,,,1sp,슬램덩크,,,"김낙수,최동오",김낙수X최동오,로맨틱,대만동오,소설,@mtmt_R6,https://dongne.co/events/df2501/circles/137339,제28회 디. 페스타,Day1
우리동네 적폐대장,적장,,,,,1sp,프로젝트 세카이,,,"카미시로 루이,텐마 츠카사",카미시로 루이X텐마 츠카사,"로맨틱,섹슈얼",,"만화,일러스트",@JJ_goodjob,https://dongne.co/events/df2501/circles/135660,제28회 디. 페스타,Day1
이즈레오 게스트북,주최,,,,,1sp,앙상블스타즈,,,,세나 이즈미X츠키나가 레오,"섹슈얼,로맨틱",,"만화,일러스트",,https://dongne.co/events/df2501/circles/135648,제28회 디. 페스타,Day1
푸른장미 한송이와,센,,,,,1sp,로드 오브 히어로즈 로오히,분붐저,,크롬 레디오스,카를 3세X크롬 레디오스,로맨틱,,만화,@shen7094,https://dongne.co/events/df2501/circles/136093,제28회 디. 페스타,Day1
후와고의 라면가게,"토, graphy",,,,,2sp,주술회전,,게토고죠 쁘띠존 <온대성 연인>,"게토 스구루,고죠 사토루",게토 스구루X고죠 사토루,로맨틱,,"만화,기타,일러스트",toe725,https://dongne.co/events/df2501/circles/138200,제28회 디. 페스타,Day1
고릴라와 허접멸치~울트라로맨틱~,tbyys2,,,,,2sp,흡혈귀는 툭하면 죽는다,흡툭죽,,로널드 드라루크,로널드X드라루크,"로맨틱,섹슈얼",,"만화,일러스트,소설",@himtroll,https://dongne.co/events/df2501/circles/135337,제28회 디. 페스타,Day1
냉장고를 열어봐라 나밧 울밧 꺼내먹어라,"고나리,그냥",,,,,2sp,트라이건,,,밧슈,울프우드X밧슈,"로맨틱,섹슈얼",나이브스x밧슈,,"@DOGGI_GOOooo,@gnyang27",https://dongne.co/events/df2501/circles/136155,제28회 디. 페스타,Day1
언제해도 재미있는 공놀이,매니저,,,,,1sp,하이큐,,,쿠로오,,해당없음,,"만화,일러스트,사진",,https://dongne.co/events/df2501/circles/137496,제28회 디. 페스타,Day1
하루토우 마이크로 온리전 ,다뽀주,,,,,2sp,아이돌리쉬세븐,,,"이스미하루카,이누마루토우마",,,,만화,dieforzool,https://dongne.co/events/df2501/circles/136401,제28회 디. 페스타,Day1
게고러의 마음가짐: 사실적시 명예훼손으로 처벌될 각오,이치,,,,,4sp,주술회전,,게토고죠 쁘띠존 <온대성 연인>,"게토 스구루,고죠 사토루",게토 스구루X고죠 사토루,"로맨틱,섹슈얼",,"만화,일러스트,소설,기타",@ichi_gosa,https://dongne.co/events/df2501/circles/136060,제28회 디. 페스타,Day1
모브레이 엄청마니! 쥬세요,겹목,,,,,2sp,모브사이코 100,,,,,로맨틱,,,,https://dongne.co/events/df2501/circles/137415,제28회 디. 페스타,Day1
게랑고는 사랑을해요,"라샤, 구룽",,,,,2sp,주술회전,,게토고죠 쁘띠존 <온대성 연인>,게토스구루X고죠사토루,게토스구루X고죠사토루,해당없음,,,,https://dongne.co/events/df2501/circles/137071,제28회 디. 페스타,Day1
설영자하 붐업스토어,신라국밥,,,,,2sp,진혼기,,설영자하 쁘띠존: 월성영화제,"설영,자하",설영X자하,"로맨틱,섹슈얼",,소설,silnolgo,https://dongne.co/events/df2501/circles/136843,제28회 디. 페스타,Day1
천랑성의 백색왜성과 주계열성,설영자하 합작,,,,,2sp,진혼기,,설영자하 쁘띠존: 월성영화제,,설영X자하,,,,,https://dongne.co/events/df2501/circles/137226,제28회 디. 페스타,Day1
평화로운 마피아소굴.. 그때 갑자기 닌자가 나타났다,박춘식(YunYun),,,,,1sp,가정교사 히트맨 리본,닌타마 란타로,가히리요? 2025년에요?,,XANXUSX스쿠알로,로맨틱,닌타마 도이x손나몽,"만화,기타",@dokuro_varia (@doisonmitai),https://dongne.co/events/df2501/circles/135342,제28회 디. 페스타,Day1
고죠우타 후와후와타임,향,,,,,1sp,주술회전,,고죠우타 쁘띠존 | 럭키 뉴이얼 : 롯기비기,"고죠사토루,이오리우타히메",,로맨틱,,"만화,기타",@bac_kya,https://dongne.co/events/df2501/circles/137796,제28회 디. 페스타,Day1
우리식당 정상영업합니다,오렌지캣,,,,,2sp,기동전사 건담,"슬램덩크,오늘부터 우리는!!,전격Z작전,스타워즈,에반게리온",,,샤아 아즈나블X아무로 레이,,"태웅백호, 호열백호, 미츠이토","만화,일러스트",@romi0919,https://dongne.co/events/df2501/circles/135631,제28회 디. 페스타,Day1
고죠우타 후와후와타임에 끼고싶은 깍두기,도롱,,,,,1sp,주술회전,,고죠우타 쁘띠존 | 럭키 뉴이얼 : 롯기비기,"고죠 사토루,이오리 우타히메",,로맨틱,,"만화,일러스트,소설",ehfhdehfhd2,https://dongne.co/events/df2501/circles/138088,제28회 디. 페스타,Day1
자기전에 호열백호했나요?,"쏘야, 카트리나",,,,,1sp,슬램덩크,,,"양호열,강백호",양호열X강백호,해당없음,,,"@iseoi10100_, @catr2na",https://dongne.co/events/df2501/circles/137727,제28회 디. 페스타,Day1
"게고하자, 먼저 지치는 사람이 원숭이가 되는 걸로","용, 손, 홉, 화안남",,,,,2sp,주술회전,,게토고죠 쁘띠존 <온대성 연인>,,게토 스구루X고죠 사토루,"섹슈얼,로맨틱",,"만화,소설",,https://dongne.co/events/df2501/circles/135357,제28회 디. 페스타,Day1
부스있음!,빠엔,,,,,2sp,역전재판,,,"키즈키 코코네,유가미 진",유가미 진X키즈키 코코네,로맨틱,,만화,@bbaen_0w0,https://dongne.co/events/df2501/circles/137322,제28회 디. 페스타,Day1
마피아다!!손들어!!,떡꼬치/SICO/팬,,,,,2sp,가정교사 히트맨 리본,,가히리요? 2025년에요?,,,,,일러스트,@C_JIN_AT,https://dongne.co/events/df2501/circles/137969,제28회 디. 페스타,Day1
중얼중얼..,오지,,,,,2sp,"슬램덩크,유희왕,죠죠",,,,,,,"만화,일러스트",@OG__MAN,https://dongne.co/events/df2501/circles/135495,제28회 디. 페스타,Day1
고운상자&말의 제작소,고운상자&말의 제작소,,,,,2sp,,,,,,,,,,https://dongne.co/events/df2501/circles/135582,제28회 디. 페스타,Day1
문어구이+휘옌+아르키,문어구이,,,,,4sp,데뷔 못 하면 죽는 병 걸림,"플레이브,화산귀환",,,박문대,"로맨틱,섹슈얼",,"일러스트,소설,기타","@moonuuh, @hwiyyen, @_arukids",https://dongne.co/events/df2501/circles/136002,제28회 디. 페스타,Day1
감자콜렉터,킴셰,,,,,2sp,내가 키운 S급들,어두운 바다의 등불이 되어,,송태원,,,,"공예,기타",@kimsye_RZ,https://dongne.co/events/df2501/circles/136948,제28회 디. 페스타,Day1
경단보급소,휴,,,,,1sp,붕괴: 스타레일,,,"경원,단항",경원X단항,로맨틱,,"만화,소설,일러스트",hue_hsr,https://dongne.co/events/df2501/circles/136334,제28회 디. 페스타,Day1
고유가시대,롭디,,,,,2sp,주술회전,,,올캐러,고죠 사토루X이타도리 유지,로맨틱,,"만화,일러스트",@ROB_D__,https://dongne.co/events/df2501/circles/135553,제28회 디. 페스타,Day1
나잇굿나잇,spqmf06,,,,,2sp,,,,,,,,공예,@Night_SOM_Night,https://dongne.co/events/df2501/circles/137559,제28회 디. 페스타,Day1
닌자동호회,"지은, 독다마, 주주",,,,,2sp,닌타마 란타로,,,올캐러 / 6로,케마 토메사부로X젠포우지 이사쿠,"로맨틱,섹슈얼","아야타키, 하치라이",만화,,https://dongne.co/events/df2501/circles/137471,제28회 디. 페스타,Day1
닌자수집가,공마,,,,,2sp,닌타마 란타로,,,젠포우지 이사쿠,케마 토메사부로X젠포우지 이사쿠,"로맨틱,섹슈얼",,"일러스트,소설",wagamamahimez,https://dongne.co/events/df2501/circles/135477,제28회 디. 페스타,Day1
데못죽하기,Zeari,,,,,2sp,데못죽,데뷔 못하면 죽는 병 걸림,,테스타,,,,"공예,소설",@GaRam_0309,https://dongne.co/events/df2501/circles/135940,제28회 디. 페스타,Day1
도깨비상점,도깨비상점,,,,,2sp,,,,,,,,공예,kkebistore,https://dongne.co/events/df2501/circles/136331,제28회 디. 페스타,Day1
도파민크럽,pdpd,,,,,2sp,슬램덩크,,,,,,,,@ohpenguinoh,https://dongne.co/events/df2501/circles/136954,제28회 디. 페스타,Day1
동까스클럽,"까스동, 애정",,,,,2sp,.,"골든카무이,1차 창작,브리아노",,,,,,일러스트,"@jjjjtaaaku, @Lovely_ummm",https://dongne.co/events/df2501/circles/138250,제28회 디. 페스타,Day1
뒷산한계점,쟈근곰,,,,,2sp,프로젝트세카이,,토우아키 쁘띠존 : 너와 함께 푸른 거리 속 새벽녘을,"아오야기 토우야,시노노메 아키토",아오야기 토우야X시노노메 아키토,"로맨틱,섹슈얼",토우아키,"만화,일러스트",,https://dongne.co/events/df2501/circles/135545,제28회 디. 페스타,Day1
등대오타쿠,박하,,,,,2sp,명일방주,,,,엘리시움X쏜즈,"로맨틱,섹슈얼",,,@mondaitreza,https://dongne.co/events/df2501/circles/135794,제28회 디. 페스타,Day1
러브앤타임,사모,,,,,1sp,트라이건,가비지타임,,"밧슈,울프우드,박병찬,최종수",울프우드X밧슈,"로맨틱,해당없음","종뱅, 최종병기","만화,일러스트,기타",sm_hj711,https://dongne.co/events/df2501/circles/137932,제28회 디. 페스타,Day1
롬다롬다롬,도람,,,,,2sp,포켓몬,스플래툰 사이퍼즈 프리큐어,,,,,,일러스트,@doramdarom,https://dongne.co/events/df2501/circles/135709,제28회 디. 페스타,Day1
맘에드료요,노루,,,,,1sp,유희왕GX,,,,,로맨틱,,,,https://dongne.co/events/df2501/circles/137581,제28회 디. 페스타,Day1
무무무무무,히익,,,,,1sp,프로젝트 세카이,"프로세카,프세카",,"텐마츠카사,오오토리에무,쿠사나기네네,카미시로루이",,,,일러스트,@Hhiiiiiik,https://dongne.co/events/df2501/circles/138065,제28회 디. 페스타,Day1
별따러가자,꼬섭,,,,,2sp,전독시,,,유중혁 김독자,,,,공예,songkkoseob,https://dongne.co/events/df2501/circles/136290,제28회 디. 페스타,Day1
부기온앤온,"부수리,치즈,릴라",,,,,2sp,주술회전,,게토고죠 쁘띠존 <온대성 연인>,"게토 스구루,고죠 사토루",게토 스구루X고죠 사토루,"로맨틱,섹슈얼",,"만화,일러스트","boosoori,kuro_white_725,GoLila_098",https://dongne.co/events/df2501/circles/137889,제28회 디. 페스타,Day1
빵부스러기,소루빵,,,,,2sp,문구,플레이브,,,,,,,soboru830,https://dongne.co/events/df2501/circles/135887,제28회 디. 페스타,Day1
빵준할사람,진짜,,,,,1sp,가비지타임,,,전영중 성준수,전영중X성준수,"로맨틱,섹슈얼",,사진,,https://dongne.co/events/df2501/circles/136820,제28회 디. 페스타,Day1
사탕바구니,"캔디, 창구",,,,,2sp,쿠로코의 농구,모브사이코100,,미유즈미 치히로,,,,소설,candy_745,https://dongne.co/events/df2501/circles/135193,제28회 디. 페스타,Day1
생일축하해,YAN,,,,,1sp,아이돌리쉬세븐,X,,"이즈미이오리,나나세리쿠",이오리X리쿠,로맨틱,X,만화,@i7_yan,https://dongne.co/events/df2501/circles/135921,제28회 디. 페스타,Day1
안녕하세요,사회숙제,,,,,2sp,하이큐,가비지타임,,,,,,,,https://dongne.co/events/df2501/circles/136453,제28회 디. 페스타,Day1
알파카화방,한결,,,,,1sp,,,,,,,,,@p_675hg,https://dongne.co/events/df2501/circles/136144,제28회 디. 페스타,Day1
엄증판진심,차차유행,,,,,2sp,대역전재판,,,,바로크 반직스X종자,로맨틱,,"만화,일러스트","@Thgcha4, @foundhappyplace",https://dongne.co/events/df2501/circles/136637,제28회 디. 페스타,Day1
에스페란사,천경,,,,,2sp,천관사복,"마도조사,흑집사,나츠메 우인장",,"사련,화성,시엘,세바스찬",화성X사련,로맨틱,"세바시엘, 망무",,@tenkei121,https://dongne.co/events/df2501/circles/135226,제28회 디. 페스타,Day1
예나디자인,예나,,,,,2sp,,,,,,,,,,https://dongne.co/events/df2501/circles/136456,제28회 디. 페스타,Day1
우리집요정,기뮤1,,,,,1sp,가비지타임,,,성준수 진재유,성준수X진재유,,,공예,@orange_d_podo,https://dongne.co/events/df2501/circles/135865,제28회 디. 페스타,Day1
잡탕스포츠,신사,,,,,2sp,슬램덩크,"격기3반,몬스터,가비지타임",,,,,,"만화,일러스트",sin_sa999 ,https://dongne.co/events/df2501/circles/136427,제28회 디. 페스타,Day1
장르다이소,병만,,,,,2sp,,"18TRIP,흡혈귀는 툭하면 죽는다",,,,,,,PiPi_94,https://dongne.co/events/df2501/circles/136423,제28회 디. 페스타,Day1
전뇌고양이,에코,,,,,1sp,프로젝트 세카이,,"나의 스타에게, 너의 연출가로부터 #2","텐마 츠카사,카미시로 루이",,해당없음,,"만화,일러스트",@echoprsk,https://dongne.co/events/df2501/circles/137331,제28회 디. 페스타,Day1
좋으면야옹,dlawlgh56,,,,,2sp,윈브레,,,,,,,,dalteyeon,https://dongne.co/events/df2501/circles/136041,제28회 디. 페스타,Day1
진티엔리밍,,,,,,2sp,비녀,,,,,,,,,https://dongne.co/events/df2501/circles/136945,제28회 디. 페스타,Day1
천두와영오,천두,,,,,4sp,,,,,,,,,,https://dongne.co/events/df2501/circles/136589,제28회 디. 페스타,Day1
카키고오리,고노스게,,,,,2sp,윈브레,,,,,,,,,https://dongne.co/events/df2501/circles/135344,제28회 디. 페스타,Day1
카페인쇼크,펜스,,,,,2sp,혈계전선,,2025 라이브라한국지부 신년회,,크라우스X스티븐,로맨틱,,만화,,https://dongne.co/events/df2501/circles/135708,제28회 디. 페스타,Day1
크랩하우스,CRABD,,,,,2sp,장송의 프리렌,"던전밥,마도카마기카",,,,,,일러스트,,https://dongne.co/events/df2501/circles/136124,제28회 디. 페스타,Day1
토마토뷔페,고게비,,,,,1sp,앙상블스타즈,,,,,,,소설,berkana_st,https://dongne.co/events/df2501/circles/136600,제28회 디. 페스타,Day1
폭탄돌리기,야마,,,,,2sp,슬램덩크,포켓몬스터,,송태섭 정대만,,"섹슈얼,로맨틱",,만화,YAMAAA_KK,https://dongne.co/events/df2501/circles/135859,제28회 디. 페스타,Day1
화산포목점,삐아체레,,,,,2sp,화산귀환,,화산귀환 쁘띠존,"청명,당보,이송백",,,,"일러스트,공예",@piacere_s2,https://dongne.co/events/df2501/circles/136284,제28회 디. 페스타,Day1
마감의눈빛~,272장,,,,,2sp,명급,,,,,,,"소설,공예",,https://dongne.co/events/df2501/circles/136283,제28회 디. 페스타,Day1
미어깻동굴 ,시오룽 ,,,,,1sp,명탐정 코난,,,"아카이슈이치,후루야레이",,"로맨틱,섹슈얼",,,comet_xio,https://dongne.co/events/df2501/circles/137261,제28회 디. 페스타,Day1
게고만장한 삶,"요와, 야생오렌지",,,,,2sp,주술회전,,게토고죠 쁘띠존 <온대성 연인>,"게토 스구루,고죠 사토루",,"로맨틱,섹슈얼",,소설,"@yowaiimong, @wild__orange",https://dongne.co/events/df2501/circles/138213,제28회 디. 페스타,Day1
부대찌개가 되,솜,,,,,2sp,"은혼,데스노트,닌자보이 란타로,어두운 바다의 등불이 되어",,,,,,,일러스트,@llbdhs_gtm,https://dongne.co/events/df2501/circles/136673,제28회 디. 페스타,Day1
게란말이를 잘 마는 후와고,"김대의, 김장",,,,,2sp,주술회전,,게토고죠 쁘띠존 <온대성 연인>,"게토 스구루,고죠 사토루",게토 스구루X고죠 사토루,로맨틱,,"일러스트,만화,소설,기타",@getolover_mel,https://dongne.co/events/df2501/circles/137358,제28회 디. 페스타,Day1
오타쿠야끼 옆 호랑이떡집,네린,,,,,1sp,.,,,.,,,,"만화,일러스트",@NRN_CLily ,https://dongne.co/events/df2501/circles/137920,제28회 디. 페스타,Day1
구기종목의 의리,"렌, 30",,,,,2sp,"슬램덩크,쿠로코의 농구",,,,정대만X송태섭,,,,,https://dongne.co/events/df2501/circles/137782,제28회 디. 페스타,Day1
망가돌리쉬 세븐,2025 미나하루 앤솔로지,,,,,2sp,"아이돌리쉬 세븐,아이나나",,,"나츠메 미나미,이스미 하루카",,로맨틱,"미나하루, 토라소고, 쌍둥이","만화,소설,일러스트,기타",@Minaharu_AN,https://dongne.co/events/df2501/circles/137959,제28회 디. 페스타,Day1
슈뢰딩거의 부스,Naf,,,,,1sp,주술회전,,,,,로맨틱,,,daemoli7333,https://dongne.co/events/df2501/circles/137492,제28회 디. 페스타,Day1
이오리쿠의 효능,"주화, 닛, 나철",,,,,2sp,아이돌리쉬세븐,,,"이즈미 이오리,나나세 리쿠",이즈미 이오리X나나세 리쿠,로맨틱,,"만화,일러스트","@juhwaIMMA, @sikakeyo, @kwaknanacheol",https://dongne.co/events/df2501/circles/137077,제28회 디. 페스타,Day1
형제싸움은 칼로 물베기,낭비,,,,,1sp,블루록,,,"이토시 사에,이토시 린",이토시 사에X이토시 린,"로맨틱,섹슈얼",,,nangbi_7,https://dongne.co/events/df2501/circles/137910,제28회 디. 페스타,Day1
오타쿠였던 내가 모험가로 전생 했다가 농구 선수로 회귀한 사건,밍밍,,,,,4sp,슬램덩크,파이널판타지14,,"송준섭,송태섭,정우성,이명헌,에메트셀크",송준섭X송태섭,"로맨틱,섹슈얼,해당없음","우성명헌, 에메트셀크 드림","소설,일러스트",@mingming_bs,https://dongne.co/events/df2501/circles/136976,제28회 디. 페스타,Day1
부리부리의 연구소,이름,,,,,1sp,브리아노의 연구소,,,올캐러,,,,"만화,일러스트",fe40536__,https://dongne.co/events/df2501/circles/138173,제28회 디. 페스타,Day1
쏙쏙빼먹는 소시지,쏙쏘,,,,,2sp,명탐정 코난,,,,,,,"만화,일러스트",,https://dongne.co/events/df2501/circles/137840,제28회 디. 페스타,Day1
아기서방과 뱀자님,장강,,,,,2sp,아이돌리쉬세븐,,,"이스미 하루카,나츠메 미나미,사나,시세이",이스미 하루카X나츠메 미나미,"로맨틱,섹슈얼",,"만화,일러스트",@Yangtze7_,https://dongne.co/events/df2501/circles/137971,제28회 디. 페스타,Day1
조강지처가 좋더라,상현,,,,,2sp,스플래툰,피크민,,3호 × 8호,,로맨틱,,소설,seya_splatoon,https://dongne.co/events/df2501/circles/137416,제28회 디. 페스타,Day1
죽을때까지 무지개,청라,,,,,2sp,니지산지,,,"사에구사 아키나,후와 미나토,로렌 이로아스,쿠즈하,카나에,와타라이 히바리,후우라 카나토",,,,,xxchungla,https://dongne.co/events/df2501/circles/137989,제28회 디. 페스타,Day1
한오란이네 잡화점,HAN5,,,,,1sp,괴담출근,슬램덩크,,김솔음,자하X설영,로맨틱,,,@hansiosibbun,https://dongne.co/events/df2501/circles/136074,제28회 디. 페스타,Day1
게토고죠가 좋다고 말해,"영원, 단고",,,,,2sp,주술회전,,게토고죠 쁘띠존 <온대성 연인>,,게토 스구루X고죠 사토루,"로맨틱,섹슈얼",,소설,"@ZERO_2_TEN, @summergofive",https://dongne.co/events/df2501/circles/136941,제28회 디. 페스타,Day1
원더호이의 무서운 저주,"^^,B",,,,,2sp,프로젝트 세카이,,"나의 스타에게, 너의 연출가로부터 #2",,텐마 츠카사X카미시로 루이,,,,,https://dongne.co/events/df2501/circles/135961,제28회 디. 페스타,Day1
한국장르가 메인인 사람이 여기에,물개파파,,,,,2sp,내스급,"전독시,가비지타임,괴담출근등",,,,,,,,https://dongne.co/events/df2501/circles/136356,제28회 디. 페스타,Day1
버니독이랑 여우랑!,"짱, 물병",,,,,2sp,모브사이코 100,,,,세리자와 카츠야X레이겐 아라타카,,,,"@MuSG_x, @h_sj_",https://dongne.co/events/df2501/circles/135786,제28회 디. 페스타,Day1
아이돌리쉬 스타즈!!,감자튀김,,,,,1sp,앙상블 스타즈!! Music,아이나나(아이돌리쉬 세븐),,유성대,,,,,kokopitta ,https://dongne.co/events/df2501/circles/136669,제28회 디. 페스타,Day1
스구루씨의 사탕가게,"먉, 나미",,,,,2sp,주술회전,,게토고죠 쁘띠존 <온대성 연인>,"게토 스구루,고죠 사토루",게토 스구루X고죠 사토루,"로맨틱,섹슈얼",,"소설,만화,일러스트",@1_and_on1y_725,https://dongne.co/events/df2501/circles/136099,제28회 디. 페스타,Day1
월성영화제 서브부스,설영자하 쁘띠존 : 월성영화제,,,,,2sp,진혼기,,설영자하 쁘띠존: 월성영화제,"설영,자하",설영X자하,로맨틱,,,@SeoljaPetitZone,https://dongne.co/events/df2501/circles/136834,제28회 디. 페스타,Day1
팔데아에서 보물찾기,플라티나,,,,,2sp,포켓몬스터,,,,,,,일러스트,platin_amide,https://dongne.co/events/df2501/circles/136697,제28회 디. 페스타,Day1
광탈했을땐 미유키의 리드탓이라고 해라,짱,,,,,2sp,다이아몬드 에이스,,,,,,,"만화,기타",masasangorilla,https://dongne.co/events/df2501/circles/136553,제28회 디. 페스타,Day1
마시멜로와 파라다이스,이리,,,,,1sp,마차살,문송안함,,루카스,,"로맨틱,섹슈얼",아서레이,"소설,사진",@lucidus_laelaps,https://dongne.co/events/df2501/circles/136865,제28회 디. 페스타,Day1
질리오네로 조아라지부 ,EnRyu,,,,,2sp,가정교사 히트맨 리본!,,가히리요? 2025년에요?,,,,,"일러스트,소설",@silver_waveJ,https://dongne.co/events/df2501/circles/137107,제28회 디. 페스타,Day1
검사님에게 애착변호사를 주세요!!,나만만세,,,,,1sp,대역전재판,역전재판,,"바로크 반직스,나루호도 류노스케",바로크 반직스X나루호도 류노스케,로맨틱,"아소류,유가코코","일러스트,기타",@kje5645_tdgs,https://dongne.co/events/df2501/circles/137580,제28회 디. 페스타,Day1
장르대폭발!!,"지넹,:3c",,,,,1sp,누카니발,헌터x헌터,,,,,,일러스트,,https://dongne.co/events/df2501/circles/136660,제28회 디. 페스타,Day1
가족연례행사,근주,,,,,2sp,역전재판 4,"가비지타임,킹오브프리즘",,가류형제,,,,만화,@z12341231556,https://dongne.co/events/df2501/circles/136082,제28회 디. 페스타,Day1
게토고죠하자,무채색,,,,,2sp,주술회전,,게토고죠 쁘띠존 <온대성 연인>,"게토스구루,고죠 사토루",게토 스구루X고죠 사토루,"로맨틱,섹슈얼",,,@blackwhite_gego,https://dongne.co/events/df2501/circles/137896,제28회 디. 페스타,Day1
겨울맞이상점,"별모래, 치롤",,,,,2sp,"수공예,일러스트,시집",,,,,,,"일러스트,공예,기타",,https://dongne.co/events/df2501/circles/136181,제28회 디. 페스타,Day1
군신이못말려,도덕리포도영농조합,,,,,2sp,"신삼국,곤투모로우",,,"손권,노숙,고종,김옥균",,"로맨틱,섹슈얼","권숙, 희옥균",만화,,https://dongne.co/events/df2501/circles/135256,제28회 디. 페스타,Day1
굿즈팔이소녀,민디,,,,,1sp,"데못죽,괴담출근,전독시",,,,,,,,mindy_cmt,https://dongne.co/events/df2501/circles/136345,제28회 디. 페스타,Day1
데구르르르르,빵,,,,,2sp,가비지타임,"슬램덩크,에이티식스",,,,,,"공예,소설",,https://dongne.co/events/df2501/circles/137482,제28회 디. 페스타,Day1
두부착즙부스,SPIINA,,,,,2sp,프로젝트 세카이 피쳐링 하츠네미쿠,,토우아키 쁘띠존 : 너와 함께 푸른 거리 속 새벽녘을,,아오야기 토우야X시노노메 아키토,로맨틱,,"소설,만화","@BD_0_prsk, @pazuSILVERGAL",https://dongne.co/events/df2501/circles/136956,제28회 디. 페스타,Day1
두부크림전골,나무,,,,,2sp,누카니발,플레이브,,,,,,"만화,일러스트",,https://dongne.co/events/df2501/circles/135617,제28회 디. 페스타,Day1
라부라부길티,딩당구,,,,,1sp,역전재판,,,,가류 쿄야X호즈키 아카네,,,만화,,https://dongne.co/events/df2501/circles/135663,제28회 디. 페스타,Day1
리얼짬뽕슐리,원,,,,,2sp,더퍼스트슬램덩크,플레이브,,,정우성X이명헌,,"하민예준, 태섭른","만화,일러스트,소설",@s_cortisol,https://dongne.co/events/df2501/circles/136025,제28회 디. 페스타,Day1
마감성공기원,귤쌈,,,,,2sp,하이큐,,,,,,,일러스트,saltjing,https://dongne.co/events/df2501/circles/135970,제28회 디. 페스타,Day1
매생이전복죽,Gretchen,,,,,1sp,리그오브레전드,,라이엇 쁘띠존,롤구쭈를팝니다,,,,"게임,일러스트",,https://dongne.co/events/df2501/circles/135362,제28회 디. 페스타,Day1
발등튀김뷔페,플레인요거트,,,,,2sp,뉴카니발,,,,단테X에이트,로맨틱,,만화,@waomlette,https://dongne.co/events/df2501/circles/135938,제28회 디. 페스타,Day1
사이키델릭문,파인더,,,,,2sp,월야환담,,,한세건,리림X세건,해당없음,,소설,,https://dongne.co/events/df2501/circles/136291,제28회 디. 페스타,Day1
아기남자씨피,공요,,,,,2sp,진혼기,가비지타임,설영자하 쁘띠존: 월성영화제,,설영X자하,로맨틱,,일러스트,@loving1108,https://dongne.co/events/df2501/circles/135823,제28회 디. 페스타,Day1
아기남자씨피,써틴랑,,,,,2sp,진혼기,,설영자하 쁘띠존: 월성영화제,,설영X자하,로맨틱,,"만화,소설,일러스트",@S4NGSUNG0S0,https://dongne.co/events/df2501/circles/135389,제28회 디. 페스타,Day1
에도정크푸드,IENN,,,,,2sp,Fate 시리즈,,,,,,,,@In_ourtime,https://dongne.co/events/df2501/circles/136735,제28회 디. 페스타,Day1
여자여자만화,만들,,,,,1sp,,,,,,,,"만화,일러스트,기타",,https://dongne.co/events/df2501/circles/135867,제28회 디. 페스타,Day1
웅따라캉따라,A,,,,,2sp,모브사이코100,"주술회전,가정교사 히트맨 리본",,,카게야마 시게오X레이겐 아라타카,,"모브레이, 게토고죠, 야마고쿠",만화,,https://dongne.co/events/df2501/circles/137784,제28회 디. 페스타,Day1
일단가보자고,엔디안,,,,,2sp,슬램덩크,DA:V,,"서태웅,강백호",서태웅X강백호,"로맨틱,섹슈얼",솔라벨란,"소설,공예",endi_slam,https://dongne.co/events/df2501/circles/135627,제28회 디. 페스타,Day1
장르짬뽕부스,온점,,,,,1sp,이런영웅은싫어,"프로젝트세카이,블랙배저 등",,"다나,귀능,랩터,헤이즈,루이,츠카사 등",,,,일러스트,ended_29,https://dongne.co/events/df2501/circles/137098,제28회 디. 페스타,Day1
장르팔로비추,팔비,,,,,2sp,모브사이코,"모브사이코,도쿄리벤저스",,,,해당없음,,일러스트,Ooh_coco,https://dongne.co/events/df2501/circles/136459,제28회 디. 페스타,Day1
장발비빔밥집,무무도사,,,,,1sp,세포신곡,주술회전,,"하츠토리 하지메,우츠기 노리유키",하츠토리 하지메X우츠기 노리유키,로맨틱,고죠 사토루 x 게토 스구루(고죠게토),"만화,일러스트",mm19_MUMU,https://dongne.co/events/df2501/circles/137506,제28회 디. 페스타,Day1
저학년공화국,레에온,,,,,1sp,닌타마 란타로,,,,,,,,@leogardion2753,https://dongne.co/events/df2501/circles/137699,제28회 디. 페스타,Day1
토마토햄스터,"매실찌, 녹체",,,,,1sp,윈브레,"회멱데,전독시",,,,,,,"lessless__, Noche_official_",https://dongne.co/events/df2501/circles/137170,제28회 디. 페스타,Day1
팡파라팡팡팡,괴도팡,,,,,2sp,괴담출근,"데못죽,가비지타임,윈브레",,,,,,,@LUKAPANG__45,https://dongne.co/events/df2501/circles/135563,제28회 디. 페스타,Day1
프릴리데이즈,프릴리데이즈,,,,,1sp,,,,,,,,공예,@frillydayz,https://dongne.co/events/df2501/circles/137962,제28회 디. 페스타,Day1
호얀스튜디오,호얀,,,,,1sp,,,,,,,,일러스트,https://twitter.com/FloatingHwa,https://dongne.co/events/df2501/circles/135295,제28회 디. 페스타,Day1
흐느적흐느적,룽,,,,,2sp,데못죽,괴담출근 전독시 가비지타임 이착헌,,중독 브라운 김솔음 레밍,박문대,,,"일러스트,기타",,https://dongne.co/events/df2501/circles/135335,제28회 디. 페스타,Day1
흑당카레덮밥,스라소리,,,,,1sp,대역전재판,역전재판,,"가류 쿄야,호즈키 아카네,미코토바 스사토,나루호도 류노스케",나루호도 류노스케X미코토바 스사토,로맨틱,"쿄아카, 나루아야","공예,만화",@zcs1235,https://dongne.co/events/df2501/circles/138114,제28회 디. 페스타,Day1
망츄젤츄하게 해줄게♡,"망초, 릿젤, 쩰히",,,,,2sp,"보컬로이드,블루록,포켓몬스터",,,"시유,유니,미쿠,린,렌,나기,레오",나기 세이시로X미카게 레오,해당없음,,일러스트,"@mangchulove, @reetjell, @JELLHi_190_185",https://dongne.co/events/df2501/circles/136614,제28회 디. 페스타,Day1
이모할머니네 빤스공장,이모할머니,,,,,1sp,,,,,,,,만화,,https://dongne.co/events/df2501/circles/135205,제28회 디. 페스타,Day1
니코라우스를 사랑하는 모임,poe,,,,,2sp,"혈계전선,트라이건",,2025 라이브라한국지부 신년회,"스티븐,크라우스,밧슈,울프우드",밧슈X울프우드,로맨틱,스티븐x크라우스,"만화,소설","@poepeo, @aiyaikelina",https://dongne.co/events/df2501/circles/135750,제28회 디. 페스타,Day1
정정당당하게 초이스로 승부하자!!,혜성,,,,,2sp,가정교사 히트맨 리본,,,"뱌쿠란(백란),이리에 쇼이치",백란X쇼이치,"로맨틱,섹슈얼","키쿄우x백란, 쇼이치x백란","만화,기타,일러스트,사진",@DB_suong,https://dongne.co/events/df2501/circles/138218,제28회 디. 페스타,Day1
닌자달리기로 타르타로스 등반,흠,,,,,2sp,"페르소나3,나루토",,,,,,,,,https://dongne.co/events/df2501/circles/137641,제28회 디. 페스타,Day1
최초의시련은 원온원으로 정했다!,죽,,,,,2sp,포켓몬스터,"슬램덩크,블루록,키미가시네",,,이사기X카이저,,이토시 사에x이토시 린도,"만화,일러스트",sorkwnrdj,https://dongne.co/events/df2501/circles/138016,제28회 디. 페스타,Day1
이게되나보자!!,choes53,,,,,1sp,,,가히리요? 2025년에요?,,,,,,,https://dongne.co/events/df2501/circles/136962,제28회 디. 페스타,Day1
가족애넘치는집,이끼끼,,,,,2sp,아이나나,,,야마토,,"로맨틱,섹슈얼",,"만화,일러스트",@recyclenono,https://dongne.co/events/df2501/circles/136927,제28회 디. 페스타,Day1
강경해피엔딩파,이존버찌 ,,,,,2sp,트라이건,,,밧슈 울프우드,,"로맨틱,섹슈얼",,,@trigunballsaram ,https://dongne.co/events/df2501/circles/135851,제28회 디. 페스타,Day1
게고가개고트함,떠리,,,,,2sp,주술회전,,게토고죠 쁘띠존 <온대성 연인>,게토 스구루,,"로맨틱,섹슈얼",,소설,@parananhc,https://dongne.co/events/df2501/circles/137781,제28회 디. 페스타,Day1
남녀칠세특등석,부랑자,,,,,2sp,"언데드 언럭,페어리테일",강철의 연금술사,,"셴,무이",셴X무이,로맨틱,"나츠루시, 그레쥬비",만화,madddol_pers,https://dongne.co/events/df2501/circles/138158,제28회 디. 페스타,Day1
네버엔딩스토리,쵸이,,,,,2sp,쿠로코의 농구,,,,,,,,,https://dongne.co/events/df2501/circles/135678,제28회 디. 페스타,Day1
달콤한일러스트,iamyunji,,,,,2sp,모모찌,,,모모찌,,,,일러스트,iamyunji,https://dongne.co/events/df2501/circles/136110,제28회 디. 페스타,Day1
대한오타쿠실록,미뇨,,,,,2sp,"프로젝트 세카이,데뷔 못하는 죽는 병 걸림,가비지타임","명탐정 코난,화산귀환,내스급,전독시",,,,,,,https://x.com/Daehanotakus,https://dongne.co/events/df2501/circles/137589,제28회 디. 페스타,Day1
말랑말랑바주카,삐,,,,,2sp,가정교사 히트맨 리본!,도쿄리벤저스,가히리요? 2025년에요?,,,,,"일러스트,기타",@ppisom1 ,https://dongne.co/events/df2501/circles/136454,제28회 디. 페스타,Day1
매지컬유니버스,매유,,,,,2sp,,,,,,,,,,https://dongne.co/events/df2501/circles/136109,제28회 디. 페스타,Day1
빗자루썰매창고,님썰,,,,,1sp,명탐정 코난,,,"아카이 슈이치,아무로 토오루",아카이 슈이치X아무로 토오루,로맨틱,,"만화,일러스트",@FuruseolAM,https://dongne.co/events/df2501/circles/137081,제28회 디. 페스타,Day1
사또밥맛잇어요,使道,,,,,1sp,데못죽,데뷔 못하면 죽는 병 걸림,,테스타,,,,,@s_atto_,https://dongne.co/events/df2501/circles/137099,제28회 디. 페스타,Day1
서라벌아일랜드,키림,,,,,1sp,명일방주,"진혼기,반월당의 기묘한 이야기",,로고스 위샤델 테레시아,,,,만화,,https://dongne.co/events/df2501/circles/136997,제28회 디. 페스타,Day1
슈가솔트데이즈,ㄱㅁ,,,,,4sp,,,,,,,,,,https://dongne.co/events/df2501/circles/135767,제28회 디. 페스타,Day1
시광대리영업소,농네,,,,,2sp,시광대리인,,,,,,,,nongne_11,https://dongne.co/events/df2501/circles/135605,제28회 디. 페스타,Day1
안미쓰러브클럽,2mitsuSD,,,,,2sp,슬램덩크,,,안선생님 정대만,안선생님X정대만,"섹슈얼,로맨틱",,"소설,만화,일러스트",2mitsuSD,https://dongne.co/events/df2501/circles/137544,제28회 디. 페스타,Day1
암튼뭐라도해냄,34,,,,,1sp,동경과거짓말,,,"에델바이스 밀런,비올라 알피나",에델바이스X비올라,로맨틱,,,,https://dongne.co/events/df2501/circles/135550,제28회 디. 페스타,Day1
원더레즈쇼타임,딸기,,,,,1sp,프로젝트 세카이,,,쿠사나기네네 오오토리에무,쿠사나기 네네X오오토리 에무,로맨틱,루이츠카,"만화,일러스트",mint_berry__,https://dongne.co/events/df2501/circles/136185,제28회 디. 페스타,Day1
윈브레붐은온다,식,,,,,2sp,윈브레,가비지타임,,"사쿠라,기상호",인석X신우,"로맨틱,섹슈얼",,"만화,일러스트,소설,기타",@yangsig0401,https://dongne.co/events/df2501/circles/137637,제28회 디. 페스타,Day1
호밀빵의밀수꾼,호밀,,,,,2sp,,,,,,,,"만화,일러스트",@homilpain,https://dongne.co/events/df2501/circles/135540,제28회 디. 페스타,Day1
귤먹는여우의부스,먐뮤,,,,,1sp,하이큐!!,,,미야 아츠무,,"로맨틱,섹슈얼",,,@miyu___miya,https://dongne.co/events/df2501/circles/137904,제28회 디. 페스타,Day1
남녀연애자유선언,은여,,,,,1sp,,,,,,,,,,https://dongne.co/events/df2501/circles/135194,제28회 디. 페스타,Day1
농구회전빵야빵야,"SeaU, 익명A",,,,,2sp,주술회전,슬램덩크,,,고죠 사토루X후시구로 메구미,,태섭대만,,,https://dongne.co/events/df2501/circles/135211,제28회 디. 페스타,Day1
말랑뽀작우유식빵,아노센,,,,,2sp,스타레일,원신,,레이시오 어벤츄린 전캐,,,,,@dkshtps,https://dongne.co/events/df2501/circles/135236,제28회 디. 페스타,Day1
부스릉신청한다잉,짤,,,,,2sp,,,,,,,,,,https://dongne.co/events/df2501/circles/135928,제28회 디. 페스타,Day1
쏘암언터쳐블깡총,산땍,,,,,2sp,가정교사 히트맨 리본,"하이큐,블루록",가히리요? 2025년에요?,,리본X츠나,,카게히나,,,https://dongne.co/events/df2501/circles/135255,제28회 디. 페스타,Day1
아무씨피환갑잔치,여름,,,,,1sp,가비지타임,,,,,,,"소설,만화,일러스트", @wntGT_230130,https://dongne.co/events/df2501/circles/135790,제28회 디. 페스타,Day1
양서류보호위원회,사녀,,,,,1sp,개구리중사케로로,,,,,,,,GLL_USA,https://dongne.co/events/df2501/circles/137458,제28회 디. 페스타,Day1
온난다습모하세요,난이제그만할래,,,,,2sp,프로젝트 세카이,,토우아키 쁘띠존 : 너와 함께 푸른 거리 속 새벽녘을,"아오야기 토우야,시노노메 아키토",아오야기 토우야X시노노메 아키토,,,"만화,일러스트,소설",@NON3_0F,https://dongne.co/events/df2501/circles/137400,제28회 디. 페스타,Day1
이번에도개취자랑,용요,,,,,2sp,포켓몬,"데못죽,가비지타임,플레이브",,,,,,,@Crayon_ATM,https://dongne.co/events/df2501/circles/137223,제28회 디. 페스타,Day1
치피치피차파차파,EK,,,,,1sp,앙스타,,,"린네,니키,히이로",니키X린네,"해당없음,섹슈얼,로맨틱",,"만화,소설",,https://dongne.co/events/df2501/circles/135259,제28회 디. 페스타,Day1
트라이건메인부스,아기대통령,,,,,2sp,트라이건,골든카무이,,,밀리온즈나이브스X밧슈더스탬피드,로맨틱,,만화,@kamcha_100 ,https://dongne.co/events/df2501/circles/136344,제28회 디. 페스타,Day1
해동중졸업생커플,J,,,,,1sp,슬램덩크,,,양호열,,,,,@plsherlock,https://dongne.co/events/df2501/circles/135554,제28회 디. 페스타,Day1
혈계로뭔가합니다,파란벚꽃,,,,,1sp,혈계전선,혈계전선 드임,2025 라이브라한국지부 신년회,스티븐a스타페이즈.레오나르도 워치,,로맨틱,스티븐a스타페이즈x드림주,만화,@aohana_03,https://dongne.co/events/df2501/circles/135300,제28회 디. 페스타,Day1
히프노시슈퍼스타,공사장,,,,,1sp,히프노시스마이크,러브라이브슈퍼스타,,"츠츠지모리 로쇼,누루데 사사라",츠츠지모리 로쇼X누루데 사사라,"로맨틱,섹슈얼",,만화,@Osakaneko633,https://dongne.co/events/df2501/circles/135376,제28회 디. 페스타,Day1
여기여기여기라고!!,케토루,,,,,2sp,,,,,,,,"일러스트,공예",,https://dongne.co/events/df2501/circles/135860,제28회 디. 페스타,Day1
선배혹시유루스도?,만화감옥,,,,,2sp,밀그램,프리티 시리즈,,,,,,,roomoftruth,https://dongne.co/events/df2501/circles/136428,제28회 디. 페스타,Day1
가비지덩크슬램타임,토드,,,,,2sp,"슬램덩크,가비지타임",던전밥,,"기상호,박병찬,신현철,이명헌",,해당없음,신현철x이명헌,만화,@todtodpic,https://dongne.co/events/df2501/circles/135425,제28회 디. 페스타,Day1
긴떤아재와모떤청년,밀재,,,,,2sp,은과 금,,,,히라이 긴지X모리타 테츠오,해당없음,,,@Cuu_Mill,https://dongne.co/events/df2501/circles/136492,제28회 디. 페스타,Day1
돌솥비빔밥살인사건,엔,,,,,2sp,역전재판,페르소나,,가류 키리히토,,,,,@eptlrm,https://dongne.co/events/df2501/circles/136307,제28회 디. 페스타,Day1
무지개좀비데스게임,채다,,,,,2sp,니지산지,"좀비고등학교,단간론파,하츠네 미쿠,데뷔 못하면 죽는 병 걸림(데못죽)",,,,,,,@C3o00,https://dongne.co/events/df2501/circles/137793,제28회 디. 페스타,Day1
뭐가나올지모를부스,눌림,,,,,1sp,,,,,,,,,@Null_watching,https://dongne.co/events/df2501/circles/136745,제28회 디. 페스타,Day1
보송보송몹싸친구들,하아게,,,,,1sp,모브사이코100,,,,,,,,Haaagea,https://dongne.co/events/df2501/circles/137772,제28회 디. 페스타,Day1
사랑을하렴맹우들아,물범,,,,,2sp,트라이건,,,,밧슈X울프우드,,,,@TGun_B_10,https://dongne.co/events/df2501/circles/136914,제28회 디. 페스타,Day1
소프트아이스크림부,도담,,,,,2sp,테일즈 오브 제스티리아,,,"스레이,미쿠리오",미쿠리오X스레이,로맨틱,,만화,@Tz_kuou,https://dongne.co/events/df2501/circles/136224,제28회 디. 페스타,Day1
악어스튜와연어짬뽕,연어,,,,,2sp,"데바데,은혼","오버워치,신데마스",,,,,,,@mon_dai_nai,https://dongne.co/events/df2501/circles/136159,제28회 디. 페스타,Day1
양푼비빔밥살인사건,엄마,,,,,2sp,역전재판,"네가 죽어,베리드스타즈,검은방,회색도시,망각 배터리",,,,,,,@RApizza_,https://dongne.co/events/df2501/circles/137632,제28회 디. 페스타,Day1
이십사수매화윈드밀,"포챠, 저지스",,,,,2sp,,엘소드,,,니샤X라비,해당없음,,"기타,일러스트","@toto_50213 , @5_su991",https://dongne.co/events/df2501/circles/136752,제28회 디. 페스타,Day1
탈주실패하였습니다,"노아, 조미료",,,,,2sp,"윈브레,화산귀환",,,,,,,일러스트,@oikawa_noah,https://dongne.co/events/df2501/circles/136065,제28회 디. 페스타,Day1
토르타디콧코오바상,코크피,,,,,2sp,마법사의 약속,앙상블스타즈,,"파우스트,아키라",,,,,angccoke,https://dongne.co/events/df2501/circles/135366,제28회 디. 페스타,Day1
내가마감을할수있을까,류소,,,,,1sp,데뷔 못하면 죽는 병 걸림,,,박문대,이세진X박문대,,,일러스트,,https://dongne.co/events/df2501/circles/136385,제28회 디. 페스타,Day1
미래의나에게주는선물,환타,,,,,2sp,괴수8호,"주술회전,괴담출근",,호시나,,,,,angta9151,https://dongne.co/events/df2501/circles/136497,제28회 디. 페스타,Day1
변호상담못해드립니다,"길티, 체리",,,,,2sp,역전재판,,,"오도로키 호스케,가류 쿄야",가류 쿄야X오도로키 호스케,로맨틱,,"만화,일러스트","@guilty8uilty, @cherryekdyd",https://dongne.co/events/df2501/circles/137966,제28회 디. 페스타,Day1
부스못하면죽는병걸림,시우,,,,,2sp,데뷔 못하면 죽는 병 걸림,괴담에 떨어져도 출근을 해야 하는구나,,,,,,일러스트,@hamtldn,https://dongne.co/events/df2501/circles/137451,제28회 디. 페스타,Day1
열등감일이십구번폭발,감일,,,,,2sp,페르소나5R,,,"주인공,아케치 고로",주인공X아케치 고로,로맨틱,,만화,gamil427,https://dongne.co/events/df2501/circles/136190,제28회 디. 페스타,Day1
이종간연애권장위원회,사성구,,,,,1sp,울트라맨 엑스,특촬,,,,,,,4sung9,https://dongne.co/events/df2501/circles/135331,제28회 디. 페스타,Day1
"장르과다부스러연합—""—","시안, 해사, 아해",,,,,2sp,프로젝트 세카이,"리버스:1999,밀그램,데뷔 못 하면 죽는 병 걸림,괴담에 떨어져도 출근을 해야 하는구나",,,시라이시 안X아즈사와 코하네,해당없음,,"소설,일러스트,기타","@Sh_i_an__, HAESA_07S2__, @yU_Uo__zZ",https://dongne.co/events/df2501/circles/137147,제28회 디. 페스타,Day1
고양이가방에들어가신다,집,,,,,2sp,페르소나5,,,.,,로맨틱,,"만화,일러스트",@roh_Ewoong,https://dongne.co/events/df2501/circles/137199,제28회 디. 페스타,Day1
우리감옥정상영업합니다,냥오,,,,,2sp,밀그램,,,,,,,"만화,소설",Nyang_O_,https://dongne.co/events/df2501/circles/138029,제28회 디. 페스타,Day1
거리를벗어나천국으로가자,투하,,,,,2sp,프로젝트 세카이 컬러풀 스테이지 피쳐링 하츠네 미쿠,,토우아키 쁘띠존 : 너와 함께 푸른 거리 속 새벽녘을,시노노메 아키토,,"로맨틱,섹슈얼",,"소설,만화",@twoha711,https://dongne.co/events/df2501/circles/137167,제28회 디. 페스타,Day1
마감이성공할지모르겠어요,알브,,,,,2sp,"전지적독자시점,명탐정코난",문호스트레이독스,,김독자,유중혁X김독자,,,,@hakusuni_23,https://dongne.co/events/df2501/circles/136132,제28회 디. 페스타,Day1
오타쿠의산해진미를찾아서,조미김,,,,,1sp,오리지널,"세포신곡,도박묵시록 카이지,앙상블스타즈",,"아토 하루키,카노,덴지,레제,이츠키 슈",경원X단항,로맨틱,,"일러스트,기타",teno_iro,https://dongne.co/events/df2501/circles/136493,제28회 디. 페스타,Day1
이러니까우리가굶어죽지요,마,,,,,1sp,화산귀환,블루 자이언트,,장일소 임소병 호가명,,,,,ma64068248,https://dongne.co/events/df2501/circles/137629,제28회 디. 페스타,Day1
부스이름짓는게가장어렵더라,"카로, 새부리 ",,,,,2sp,"화산귀환,원피스,하이큐",,,,,,,,@karo_pic,https://dongne.co/events/df2501/circles/135463,제28회 디. 페스타,Day1
어째서가버리는것인가친구여,에밀,,,,,2sp,레뷰,"죠죠,페르소나",,,,,,일러스트,rr_amil,https://dongne.co/events/df2501/circles/135513,제28회 디. 페스타,Day1
우리컨곤리디대상후보입니다,"감튀,북꼬",,,,,2sp,주인공이 컨셉충이면 곤란한가요,"트라이건,이세계 착각 헌터",,,밧슈X울프우드,로맨틱,,"만화,일러스트",@frenchfry_nak,https://dongne.co/events/df2501/circles/136717,제28회 디. 페스타,Day1
원래까까머리들이성격이좋음,작시,,,,,2sp,가비지타임,,,,,,,"만화,일러스트",@_jax1x,https://dongne.co/events/df2501/circles/137749,제28회 디. 페스타,Day1
한국풍너무좋아서책낸사람들,팀 기연,,,,,2sp,1차 창작 (오리지널 캐릭터),,,오리지널 창작 (OC),,"로맨틱,해당없음",,"소설,일러스트",dmsdufdbf,https://dongne.co/events/df2501/circles/137921,제28회 디. 페스타,Day1
로나드라는대체뭐하는애들인지,하트 시양,,,,,2sp,흡혈귀는 툭하면 죽는다,뜨개질 공예품,,로널드 드라루크,로널드X드라루크,섹슈얼,,"만화,소설,일러스트,공예",,https://dongne.co/events/df2501/circles/135646,제28회 디. 페스타,Day1
뭘해야할지모르겟지먼일단잡어,티팃,,,,,2sp,가비지타임,괴담출근,,박병찬 기상호 최종수 전영중 성준수 김솔음 브라운 사헌,,"로맨틱,섹슈얼",,"일러스트,만화",@216_0606,https://dongne.co/events/df2501/circles/135510,제28회 디. 페스타,Day1
예뻤어마라엽떡에중당추가까지,박해진,,,,,4sp,,,,,,,,,hxxhxm_,https://dongne.co/events/df2501/circles/136117,제28회 디. 페스타,Day1
아분명트친할땐같은장르였는데...,"아난, 레프",,,,,2sp,"화산귀환,카리스마 하우스,히프노시스 마이크",,,,,,,"만화,기타","@id_nandato, @ggakkgak",https://dongne.co/events/df2501/circles/135788,제28회 디. 페스타,Day1
분홍토끼에미띤곰구마가있는부스,"하나이, 오리",,,,,2sp,데뷔 못 하면 죽는 병 걸림,"괴담에 떨어져도 출근을 해야 하는구나,내가 키운 S급들,가비지 타임",,,,,,,"@_00365, @mozzarellaori",https://dongne.co/events/df2501/circles/135401,제28회 디. 페스타,Day1
죠니죠스타가그렇게잘못했습니까?,커찬,,,,,1sp,죠죠,,,,,,,,@peulogeugaeguli,https://dongne.co/events/df2501/circles/136250,제28회 디. 페스타,Day1
이사기위험하니까꼭오른쪽으로걸어,"교수, 사일",,,,,2sp,블루록,,,이사기,,로맨틱,이사기른,,,https://dongne.co/events/df2501/circles/135997,제28회 디. 페스타,Day1
어려분죄송한데글하나만젇겠습니다.안녕여누리니혀온아너네를처음본순간부터좋아했어방학전에고백하고싶었는데바보같이그땐용기가없더라ㄴ이제누가부스도와주냐,신협조합원,,,,,2sp,가비지타임,붕괴:스타레일,,"최종수,박병찬",최종수X박병찬,로맨틱,레이시오x어벤츄린,"만화,일러스트",,https://dongne.co/events/df2501/circles/137790,제28회 디. 페스타,Day1
두유노크레이지순애드래곤디옹르사주,XXCC,,,,,2sp,파이널판타지16,,,"디옹 르사주,테랑스",,"로맨틱,섹슈얼",테라디옹,"기타,만화,일러스트",@z_xxccc,https://dongne.co/events/df2501/circles/137164,제28회 디. 페스타,Day1
다정한훈남에누구에게나신뢰받는내게감히이런말도안되는설정을떡칠했겠다.,달문,,,,,2sp,모브사이코100,,,레이겐 아라타카,,로맨틱,,만화,@moonmoon318,https://dongne.co/events/df2501/circles/137719,제28회 디. 페스타,Day1
은하기동농구선수의 기묘한 원더랜드 00,샤베트봉봉,,,,,1sp,"기동전사 건담 00,죠죠의 기묘한 모험","은하영웅전설,가비지타임,디즈니 트위스티드 원더랜드",,,,해당없음,"리본리제, 세츠마리, 형현","소설,일러스트,만화","@dole_gundam, @nu_dlfghtjs93, @00rine_P",https://dongne.co/events/df2501/circles/137040,제28회 디. 페스타,Day1
0000,Kal,,,,,2sp,혈계전선,트라이건,2025 라이브라한국지부 신년회,,,,"크라스팁, 재프스팁, 밧슈울프",만화,@Ms_Kal,https://dongne.co/events/df2501/circles/135830,제28회 디. 페스타,Day1
하와이안 0-5 샤보대기,슈비,,,,,1sp,텐~천화거리의 쾌남아~,아카기,,"이가와 히로유키,아카기 시게루",,해당없음,,만화,@SchroPigeon,https://dongne.co/events/df2501/circles/137636,제28회 디. 페스타,Day1
월간 준상종상형현 1월호,오디,,,,,1sp,가비지타임,슬램덩크,,"최종수,기상호",,"로맨틱,섹슈얼",,소설,,https://dongne.co/events/df2501/circles/137508,제28회 디. 페스타,Day1
운명/아이돌이 약속하면 레이스에서 1착 할 수 있을까요?,호그와트 노숙생,,,,,1sp,해리포터,아이돌리쉬세븐,,"요츠바 타마키,오오사카 소고,세이운스카이",,로맨틱,"세브릴리, 프레헤르, 리들해리, 소우타마","소설,기타",@lagrangtus,https://dongne.co/events/df2501/circles/136774,제28회 디. 페스타,Day1
1월의 주술사,"느루, 여안 , 추 , 롱블랙, 헤이즐",,,,,2sp,주술회전,,,,고죠 사토루X게토 스구루,로맨틱,,일러스트,@necotenxi,https://dongne.co/events/df2501/circles/136474,제28회 디. 페스타,Day1
1월의 주술사,"추, 여안, 느루, 롱블랙, 헤이즐",,,,,2sp,주술회전,,,"고죠 사토루,게토 스구루",고죠 사토루X게토 스구루,로맨틱,,"만화,일러스트",@hajel0302,https://dongne.co/events/df2501/circles/136957,제28회 디. 페스타,Day1
츠카레오만 10년째,"루우, 풍",,,,,2sp,앙상블스타즈,,,"스오우 츠카사,츠키나가 레오",스오우 츠카사X츠키나가 레오,"로맨틱,섹슈얼","코하마다, 타츠마요","만화,소설",@ruu_ens,https://dongne.co/events/df2501/circles/135217,제28회 디. 페스타,Day1
10회말역전만루홈런,.,,,,,2sp,대역전재판,역전재판,,,바로크 반직스X종자,"로맨틱,섹슈얼","나루미츠, 오도로키 왼","만화,일러스트",@llilillliilliil,https://dongne.co/events/df2501/circles/135653,제28회 디. 페스타,Day1
10년지기친구납치해간장르,"듀, 오열",,,,,2sp,주술회전,슬램덩크,,"고죠 사토루,게토 스구루,양호열,강백호",고죠 사토루X게토 스구루,로맨틱,양호열 X 강백호,"만화,소설,기타","MP572d, 8v0jpDWu",https://dongne.co/events/df2501/circles/136011,제28회 디. 페스타,Day1
1010010100,dod,,,,,1sp,슬램덩크,,,양호열 강백호,,,,,,https://dongne.co/events/df2501/circles/135333,제28회 디. 페스타,Day1
1042thDEAL,"디일, 42",,,,,2sp,,,,,,,,"만화,일러스트",,https://dongne.co/events/df2501/circles/135348,제28회 디. 페스타,Day1
빵 나오는시간 오전 11:00,빵주머니,,,,,2sp,"가비지타임,은혼,창작",,,,,,,,@pocket0jun,https://dongne.co/events/df2501/circles/135518,제28회 디. 페스타,Day1
바오밥나무 12번지,가든,,,,,2sp,"해리포터,위키드",,,,,,,,,https://dongne.co/events/df2501/circles/135877,제28회 디. 페스타,Day1
파이널페르소나페그오판타지14,마루 / 가오리,,,,,2sp,"페이트/그랜드 오더,페르소나,파이널판타지14",,,,,로맨틱,,"소설,일러스트,만화",@S97kf2hQr8cxiSp / @HIKARII__ARE,https://dongne.co/events/df2501/circles/136129,제28회 디. 페스타,Day1
제 14특VI점,혜이,,,,,2sp,Fate/Grand Order,"명일방주,파이널 판타지14,버튜버,주술회전",,"후지마루 리츠카,마슈,모르간,RE:Revolution 등",,,,"만화,일러스트",@Hyei_4ENs,https://dongne.co/events/df2501/circles/138212,제28회 디. 페스타,Day1
15대제자의 화산,깜냥,,,,,1sp,화산귀환,,,,,,,소설,@Knyang_718,https://dongne.co/events/df2501/circles/137055,제28회 디. 페스타,Day1
16,곽종필,,,,,2sp,,,,,,,,"만화,소설",@gjp___,https://dongne.co/events/df2501/circles/135383,제28회 디. 페스타,Day1
165,김팡팡,,,,,1sp,역전재판 456,,,오도로키 호스케,,,,만화,@Kim___Attorney,https://dongne.co/events/df2501/circles/137975,제28회 디. 페스타,Day1
"<나의 스타에게, 너의 연출가로부터 #2> 주최부스","나의 스타에게, 너의 연출가로부터 #2",,,,,2sp,,,"나의 스타에게, 너의 연출가로부터 #2",,,,,,,https://dongne.co/events/df2501/circles/137330,제28회 디. 페스타,Day1
플리마켓2,갱,,,,,1sp,,,,,,,,,,https://dongne.co/events/df2501/circles/136544,제28회 디. 페스타,Day1
소우타마가 있는 집 2,nininini,,,,,2sp,아이돌리쉬세븐,,,,오오사카 소고X요츠바 타마키,,,,,https://dongne.co/events/df2501/circles/136737,제28회 디. 페스타,Day1
스쿠이타면 뭐든 좋은 자급자족 출장소 2호점,윤난,,,,,1sp,주술회전,,,"양면 스쿠나,이타도리 유지",스쿠나X이타도리 유지,해당없음,,소설,@mnmn_5252,https://dongne.co/events/df2501/circles/138070,제28회 디. 페스타,Day1
<가히리요? 2025년에요?> 주최부스,가히리요? 2025년에요?,,,,,2sp,,,가히리요? 2025년에요?,,,,,,,https://dongne.co/events/df2501/circles/135470,제28회 디. 페스타,Day1
<2025 라이브라한국지부 신년회> 주최부스,2025 라이브라한국지부 신년회,,,,,2sp,,,2025 라이브라한국지부 신년회,,,,,,,https://dongne.co/events/df2501/circles/136590,제28회 디. 페스타,Day1
2025 이사라마오 생일 준비 위원회,안진,,,,,2sp,앙상블스타즈!!,,,이사라 마오,,,,만화,@0anjin0,https://dongne.co/events/df2501/circles/138227,제28회 디. 페스타,Day1
2025 너희도 5살 차이구나,621t_t,,,,,2sp,가비지타임,,,"기상호,박병찬",기상호X박병찬,"로맨틱,섹슈얼",,"만화,일러스트",621t_t,https://dongne.co/events/df2501/circles/137432,제28회 디. 페스타,Day1
24시 고죠게토 편의점 ,"가응, 토모",,,,,2sp,주술회전,,,"고죠 사토루,게토 스구루",고죠 사토루X게토 스구루,로맨틱,,만화,"@tonggong_00, @chamoooo0",https://dongne.co/events/df2501/circles/136528,제28회 디. 페스타,Day1
25시 마감데이즈,하루반L,,,,,2sp,화산귀환,괴수8호 괴담출근 블랙배저 사카모토데이즈 플레이브,,청명 나구모,,,,"만화,일러스트",@kununk030,https://dongne.co/events/df2501/circles/136718,제28회 디. 페스타,Day1
여름낮2501,겨울밤,,,,,2sp,화산귀환,수공예 로드오브히어로즈 프리즘스톤,,,,,,,,https://dongne.co/events/df2501/circles/135546,제28회 디. 페스타,Day1
"25시, WEEKEND GARAGE에서.","999+, 냠충",,,,,2sp,프로젝트 세카이,,,"비배스,니고",,로맨틱,25시 나이트코드,"만화,일러스트","@noisy9p, @kR21Pzg",https://dongne.co/events/df2501/circles/138235,제28회 디. 페스타,Day1
26studio,이육,,,,,2sp,데못죽,가비지타임,,,,,,,@Love_26k,https://dongne.co/events/df2501/circles/137201,제28회 디. 페스타,Day1
마감 3주 라쓰고...☆,폭탄,,,,,2sp,"윈드브레이커,가비지타임",핸드메이드키링,,"우메미야,사쿠라,스오,니레이,성준수,기상호,플레이브(예준,노아,밤비,은호,하민)",우메미야X사쿠라,해당없음,"가비지타임 준상, 윈브레 스오니레",일러스트,@,https://dongne.co/events/df2501/circles/137250,제28회 디. 페스타,Day1
든든한 토우아키 3인분,이영,,,,,2sp,프로젝트 세카이 컬러풀 스테이지! feat.하츠네 미쿠,,토우아키 쁘띠존 : 너와 함께 푸른 거리 속 새벽녘을,"아오야기 토우야,시노노메 아키토",아오야기 토우야X시노노메 아키토,"로맨틱,섹슈얼",,"만화,소설,일러스트",@kamihigh1112,https://dongne.co/events/df2501/circles/136809,제28회 디. 페스타,Day1
돼지갈비경력3년차~정상영업~,닭튀김,,,,,1sp,흡혈귀는 툭하면 죽는다,,,"로널드,드라루크,존",로널드X드라루크,로맨틱,,만화,@onlywonder200,https://dongne.co/events/df2501/circles/137087,제28회 디. 페스타,Day1
30년 묵은 목사천사 정상영업 중,A/S,,,,,2sp,트라이건,,,,울프우드X밧슈,로맨틱,,만화,@A_S15771577,https://dongne.co/events/df2501/circles/135742,제28회 디. 페스타,Day1
입덕한지 4일만에 부스냄.,시루,,,,,2sp,망각 배터리,아이나나/페르소나,,카나메 케이,,,,,@silu_31,https://dongne.co/events/df2501/circles/136195,제28회 디. 페스타,Day1
40년전통소바전문점,산개,,,,,2sp,발로란트,,라이엇 쁘띠존,발로란트 올캐릭터,,,,일러스트,@2000mangchi,https://dongne.co/events/df2501/circles/138194,제28회 디. 페스타,Day1
572,HK,,,,,2sp,주술회전,사카모토 데이즈,,,고죠사토루X게토스구루,"로맨틱,섹슈얼",,,@0Hkkkk,https://dongne.co/events/df2501/circles/136096,제28회 디. 페스타,Day1
남쪽행 출국 572게이트,"너구리라면, 사",,,,,2sp,주술회전,,,"고죠 사토루,게토  스구루",고죠 사토루X게토  스구루,로맨틱,,"만화,일러스트,기타","@JujuK_bb_db, @gnlr_572",https://dongne.co/events/df2501/circles/135465,제28회 디. 페스타,Day1
고게파워572%,재이,,,,,1sp,주술회전,,,"고죠 사토루,게토 스구루",고죠 사토루X게토 스구루,로맨틱,,기타,@gogecake_yam_,https://dongne.co/events/df2501/circles/137318,제28회 디. 페스타,Day1
572년간 얼어있던 심장이 뛰기 시작함,2017,,,,,1sp,주술회전,,,"고죠 사토루,게토 스구루",고죠 사토루X게토 스구루,로맨틱,,"만화,일러스트,기타",@Goge_S2,https://dongne.co/events/df2501/circles/138058,제28회 디. 페스타,Day1
572LOOP,mg,,,,,2sp,주술회전,,,고죠사토루 게토스구루,고죠 사토루X게토 스구루,"로맨틱,섹슈얼",,소설,@ggmin_gge,https://dongne.co/events/df2501/circles/137908,제28회 디. 페스타,Day1
6일 후면 1월 31일,분필통,,,,,1sp,모브사이코100,"아인,이세계 착각 헌터",,"레이겐 아라타카,세리자와 카츠야",,,,"만화,기타",bunpiltong,https://dongne.co/events/df2501/circles/138254,제28회 디. 페스타,Day1
백설고게와 7곱 원숭이,"Della, 711",,,,,2sp,주술회전,,,"고죠 사토루,게토 스구루",고죠 사토루X게토 스구루,"로맨틱,섹슈얼",,"만화,일러스트,소설","@Gogefs, @1ittlesummer",https://dongne.co/events/df2501/circles/137696,제28회 디. 페스타,Day1
7월의 소년,룬,,,,,1sp,가비지타임,,,"성준수,전영중",,"로맨틱,섹슈얼",카블미스,,,https://dongne.co/events/df2501/circles/135768,제28회 디. 페스타,Day1
7번가 어딘가,uuro,,,,,1sp,슬램덩크,,,북산,,,,"일러스트,만화",xdayswonder,https://dongne.co/events/df2501/circles/137883,제28회 디. 페스타,Day1
71억을걷는시간,OHC,,,,,2sp,,,게토고죠 쁘띠존 <온대성 연인>,"게토 스구루,고죠 사토루",,"로맨틱,섹슈얼",,"만화,일러스트",@aoi_nami_koishi,https://dongne.co/events/df2501/circles/136726,제28회 디. 페스타,Day1
725일째 게고중,♥♡ 춉오,,,,,2sp,주술회전,,게토고죠 쁘띠존 <온대성 연인>,"게토 스구루,고죠 사토루",게토스구루X고죠사토루,"로맨틱,섹슈얼",,"만화,일러스트,기타",@Charcoal_725 @empty_growl,https://dongne.co/events/df2501/circles/137903,제28회 디. 페스타,Day1
764호,1,,,,,2sp,수공예,,,,,,,,,https://dongne.co/events/df2501/circles/136989,제28회 디. 페스타,Day1
세븐일레븐(7x11),멀미,,,,,1sp,블루록,,,,나기 세이시로X이사기 요이치,,"바로이사, 카이이사",,,https://dongne.co/events/df2501/circles/136314,제28회 디. 페스타,Day1
아발론 변두리 맥주감자집 8호점,리나,,,,,2sp,로드 오브 히어로즈(로오히),,,"요한 테일드,프람 베르그",요한X프람,로맨틱,,,@_linalord_,https://dongne.co/events/df2501/circles/136751,제28회 디. 페스타,Day1
8년만에 돌아왔더니 불바다가 되어있는 건에 대하여,근,,,,,1sp,히로아카,,,"다비,호크스",다비X호크스,로맨틱,,소설,@DH_flamewing24,https://dongne.co/events/df2501/circles/136235,제28회 디. 페스타,Day1
9.8 차원이정표,포포토샐러드,,,,,2sp,,,,,,,,,P0PH0T0_14 ,https://dongne.co/events/df2501/circles/136419,제28회 디. 페스타,Day1
Alchemy Lab.,JunE,,,,,2sp,볼트론:전설의 수호자,"로드오브히어로즈,슬램덩크",,"키스,시로,알루라,랜스,피지,헝크,(팔라딘즈)",,"섹슈얼,로맨틱",알루랜스,"소설,일러스트",@fennecjune,https://dongne.co/events/df2501/circles/136200,제28회 디. 페스타,Day1
Apricity,서율,,,,,2sp,가비지타임,슬램덩크,,성준수 기상호,성준수X기상호,로맨틱,"종수상호, 형석현성","소설,만화",seoyul_Wrt,https://dongne.co/events/df2501/circles/136148,제28회 디. 페스타,Day1
attendre espérer,소다,,,,,1sp,Fate/Grand Order,,,,암굴왕 에드몽 당테스X후지마루 리츠카,로맨틱,,"소설,일러스트,만화",@0964O9,https://dongne.co/events/df2501/circles/136781,제28회 디. 페스타,Day1
BHH,카레크로켓맨,,,,,2sp,위치즈하트,"칭송받는 자,페르소나 3 포터블",,,,"로맨틱,해당없음","시리클레, 윌라클레, 노엘클레, 오로에루, 하쿠온, 료햄","만화,기타,일러스트",@currycroqman,https://dongne.co/events/df2501/circles/137180,제28회 디. 페스타,Day1
필두와 화석의 BL 소드 똥꼬쇼,비둘기야 밥먹자 / 개,,,,,2sp,블루록,-,,린 외 다수,,해당없음,,기타,,https://dongne.co/events/df2501/circles/137540,제28회 디. 페스타,Day1
반바지가 BL을 구한다,까마중,,,,,1sp,블루록,창작,,"바치라메구루,이사기요이치",바치라X이사기,"로맨틱,섹슈얼",네스카이네스,소설,@gimkkamjung0808,https://dongne.co/events/df2501/circles/135244,제28회 디. 페스타,Day1
Black and white,로에 씨밀레,,,,,2sp,주술회전,,게토고죠 쁘띠존 <온대성 연인>,"게토 스구루,고죠 사토루",게토 스구루X고죠 사토루,"로맨틱,섹슈얼",,"만화,소설",@KaCe0jdqrIBCcnW  @Simile725,https://dongne.co/events/df2501/circles/137392,제28회 디. 페스타,Day1
Blanc de Blanc,메타,,,,,2sp,명탐정 코난,,,,후루야 레이X카자미 유우야,"로맨틱,섹슈얼",,"만화,일러스트,소설",@prayer_meta,https://dongne.co/events/df2501/circles/135681,제28회 디. 페스타,Day1
막 사는(buy X  live O) 부스 근데 이제 아이돌에 진심인,,,,,,1sp,플레이브,데못죽,,,,,,,,https://dongne.co/events/df2501/circles/135749,제28회 디. 페스타,Day1
                                                                                                                                                                                             CCTV No.572,cc,,,,,2sp,주술회전,,,"고죠 사토루,게토 스구루",고죠 사토루X게토 스구루,"로맨틱,섹슈얼",,,@ggss_cc,https://dongne.co/events/df2501/circles/137656,제28회 디. 페스타,Day1
Cerulean+Blue,Sipir,,,,,2sp,하이큐,가비지타임,,,,,,만화,sipir02,https://dongne.co/events/df2501/circles/135585,제28회 디. 페스타,Day1
Ch.8 신성혼인,헤노,,,,,2sp,세포신곡,,,"하츠토리 하지메,우츠기 노리유키",하츠토리 하지메X우츠기 노리유키,로맨틱,,"만화,일러스트",@tpvtlsrP,https://dongne.co/events/df2501/circles/137038,제28회 디. 페스타,Day1
Chaco Goods Shop,챠코,,,,,2sp,가비지타임,캐릭캐릭체인지,,"기상호,박병찬,최종수,전영중,성준수,아무,나데시코",상호X병찬,로맨틱,,일러스트,@Chako_uoou,https://dongne.co/events/df2501/circles/136923,제28회 디. 페스타,Day1
ChanoO,차누,,,,,1sp,사카모토데이즈,,,"사카모토데이즈 나구모,시시바,오사라기",,,,일러스트,@chanooartz,https://dongne.co/events/df2501/circles/135494,제28회 디. 페스타,Day1
CP명이 이게 아닐 텐데?,"나타드코코, 만녹",,,,,2sp,붕괴: 스타레일,마비노기,,,,,,소설,,https://dongne.co/events/df2501/circles/135633,제28회 디. 페스타,Day1
Crotti,kitami,,,,,2sp,원피스,슬램덩크,,"키드,킬러",,로맨틱,,만화,,https://dongne.co/events/df2501/circles/135861,제28회 디. 페스타,Day1
Dessert party,"티니,푸딩",,,,,2sp,원신,"스타레일,프로젝트세카이",,카베,,로맨틱,"레이츄린,네네에무","만화,일러스트",,https://dongne.co/events/df2501/circles/136073,제28회 디. 페스타,Day1
DONNA DONNA ,mito,,,,,2sp,,,,,,,,,,https://dongne.co/events/df2501/circles/136577,제28회 디. 페스타,Day1
DONUT UNIVERSE,TN,,,,,2sp,트라이건,,,,울프우드X밧슈,,,,@TNG2O_,https://dongne.co/events/df2501/circles/137357,제28회 디. 페스타,Day1
dreampapel,나비아,,,,,1sp,프로젝트세카이,"프로세카,프세카",,,,,,일러스트,@nabeia0,https://dongne.co/events/df2501/circles/135417,제28회 디. 페스타,Day1
Dry Flower,iple,,,,,1sp,앙상블 스타즈!! Music,,,,,,,,,https://dongne.co/events/df2501/circles/135437,제28회 디. 페스타,Day1
Endless Dream,루다,,,,,2sp,테일즈 오브 제스티리아,슬램덩크,,슬레이,,,,소설,Karlin_123 ,https://dongne.co/events/df2501/circles/135872,제28회 디. 페스타,Day1
패에서 명문고 EX 헌터가 괴담에 떨어져도 살아남는 법을 발동,드로중독자,,,,,2sp,"유희왕(G/Z/A),명급리","괴담출근,이착헌,마차살",,,황호X의신,,,,justyggoing,https://dongne.co/events/df2501/circles/136870,제28회 디. 페스타,Day1
From Blue to You,청무,,,,,2sp,주술회전,,게토고죠 쁘띠존 <온대성 연인>,,,,,,@99round,https://dongne.co/events/df2501/circles/136782,제28회 디. 페스타,Day1
Frost Moon,라프엘,,,,,2sp,"죠죠의 기묘한 모험,원피스,발더스 게이트 3,악마집사와 검은 고양이",,,,죠나단X디오,로맨틱,"베리언x주인(드림), 우타(드림)","만화,소설",,https://dongne.co/events/df2501/circles/135352,제28회 디. 페스타,Day1
GEGOちゅ♡,또처,,,,,2sp,주술회전,,게토고죠 쁘띠존 <온대성 연인>,"게토 스구루,고죠 사토루",게토 스구루X고죠 사토루,"로맨틱,섹슈얼",,"만화,일러스트",@ttoeatagain,https://dongne.co/events/df2501/circles/137242,제28회 디. 페스타,Day1
게Goat,"D,개",,,,,2sp,주술회전,,게토고죠 쁘띠존 <온대성 연인>,"게토 스구루,고죠 사토루",게토 스구루X고죠 사토루,,,,"D_2cha, @dogdog_22",https://dongne.co/events/df2501/circles/137225,제28회 디. 페스타,Day1
GYURI,kimgyuri,,,,,1sp,디지몬,,,,,,,,@kimgyuri,https://dongne.co/events/df2501/circles/135435,제28회 디. 페스타,Day1
halogen,F,,,,,1sp,슬램덩크,,,,송태섭X정대만,,,,halogenspo,https://dongne.co/events/df2501/circles/135819,제28회 디. 페스타,Day1
어!?!!?!? 저몸이자꾸어디로끌려가요ㅡㅡㅡㅡㅡㅡHAMA NICE TRIP,"미제, DO9, 파일",,,,,2sp,18TRIP (에이트리),,,"무라쿠모 텐,니시조노 렌가,나나메기 나나키 +α",무라쿠모 텐X니시조노 렌가,"로맨틱,섹슈얼",나나카에 등,게임,defitslove,https://dongne.co/events/df2501/circles/136916,제28회 디. 페스타,Day1
HAPPY PLLI DAY!,벨로루시,,,,,2sp,플레이브,"해리포터,슬램덩크",,플레이브 예준 노아 밤비 은호 하민,,해당없음,,"기타,공예,일러스트",maplespirit30,https://dongne.co/events/df2501/circles/136633,제28회 디. 페스타,Day1
HL은 오늘도 얼음과 불,펠멜,,,,,2sp,혈계전선,,2025 라이브라한국지부 신년회,"재프 렌프로,스티븐 스타페이즈",스티븐 스타페이즈X재프 렌프로,"로맨틱,섹슈얼",,소설,https://x.com/plml__,https://dongne.co/events/df2501/circles/135594,제28회 디. 페스타,Day1
HL State Of Mind,타라몬,,,,,2sp,혈계전선,,2025 라이브라한국지부 신년회,,,"로맨틱,해당없음","NCP, 재프제드재프, 레오재프레오",소설,@tara_love_peace,https://dongne.co/events/df2501/circles/136457,제28회 디. 페스타,Day1
Imagination Store,츠히,,,,,2sp,천관사복,마도조사 묵독,,사련,,로맨틱,,소설,tzuhi,https://dongne.co/events/df2501/circles/135874,제28회 디. 페스타,Day1
::IT SHOW TIME::,스노잉,,,,,2sp,데뷔못하면죽는병걸림,앙상블스타즈,,청려,청려X문대,로맨틱,,,,https://dongne.co/events/df2501/circles/135959,제28회 디. 페스타,Day1
조인허스(JOIN_HUS),"잉젬,심박",,,,,2sp,조인허스 2024 신작 엽서 및 단편,데뷔 못 하면 죽는 병 걸림,,,,,,"일러스트,만화,소설,공예",@charm_ing_gem,https://dongne.co/events/df2501/circles/137615,제28회 디. 페스타,Day1
"KFC ""켄터키 프라이드 치킨이 아니다. 키드 팬 클럽의 약자다.""",괴도,,,,,2sp,명탐정 코난,매직카이토,,"쿠로바 카이토,쿠도 신이치",쿠로바 카이토X쿠도 신이치,"해당없음,로맨틱",,"일러스트,만화,소설",@KDKIIZ,https://dongne.co/events/df2501/circles/136921,제28회 디. 페스타,Day1
카미고KKUL맛조합,향,,,,,2sp,프로젝트 세카이,,토우아키 쁘띠존 : 너와 함께 푸른 거리 속 새벽녘을,"아오야기 토우야,시노노메 아키토",아오야기 토우야X시노노메 아키토,"로맨틱,섹슈얼",,만화,@Hyang_prsk,https://dongne.co/events/df2501/circles/135571,제28회 디. 페스타,Day1
LOVE 12000%,빵,,,,,1sp,프로젝트 세카이,,"나의 스타에게, 너의 연출가로부터 #2","텐마 츠카사,카미시로 루이",텐마 츠카사X카미시로 루이,해당없음,,"만화,일러스트",@12000olo,https://dongne.co/events/df2501/circles/137041,제28회 디. 페스타,Day1
LOVE1999,천사,,,,,2sp,죠죠의 기묘한 모험,,,,,,,,@Love__ppi,https://dongne.co/events/df2501/circles/136153,제28회 디. 페스타,Day1
Love Attack,아타카,,,,,1sp,,,,,,"로맨틱,섹슈얼",,,,https://dongne.co/events/df2501/circles/136702,제28회 디. 페스타,Day1
Lovely Mix,Lovely Mix,,,,,1sp,화산귀환,"전독시,내스급,데못죽",,,,,,,@LovelyMix_,https://dongne.co/events/df2501/circles/135864,제28회 디. 페스타,Day1
Love or Die,망치,,,,,1sp,데뷔 못 하면 죽는 병 걸림,,,"테스타,브이틱",,,,,@hamm_mangchi,https://dongne.co/events/df2501/circles/137065,제28회 디. 페스타,Day1
Memento,모리,,,,,1sp,혈계전선,,2025 라이브라한국지부 신년회,재프,스티븐X재프,"로맨틱,섹슈얼",,소설,.,https://dongne.co/events/df2501/circles/138100,제28회 디. 페스타,Day1
Midnight Blue,세르웬,,,,,2sp,프로젝트 세카이,,,,,,,"만화,일러스트",,https://dongne.co/events/df2501/circles/135593,제28회 디. 페스타,Day1
Might be the HERO! & 냐히아 제과 & 나의가슴아카데미아,"고기, 별사탕, 오미",,,,,4sp,나의 히어로 아카데미아,프로젝트 세카이,,"바쿠고 카츠키,미도리야 이즈쿠,토도로키 쇼토",미도리야 이즈쿠X바쿠고 카츠키,섹슈얼,,,@omimuyo,https://dongne.co/events/df2501/circles/137917,제28회 디. 페스타,Day1
My☆Planet,행성지기,,,,,2sp,핸드메이드 봉제인형,솜인형 10cm 의상,,,,,,공예,@My_Planet_Doll,https://dongne.co/events/df2501/circles/136450,제28회 디. 페스타,Day1
NEVERLAND,데스앙크,,,,,2sp,앙상블 스타즈,,,"이츠키 슈,카게히라 미카",,"로맨틱,섹슈얼","미카슈, 슈미카, 리버시블",,en_Deathwink,https://dongne.co/events/df2501/circles/135606,제28회 디. 페스타,Day1
                                                                                                                                                                                                     N.F,안건,,,,,2sp,주술회전,,,"고죠 사토루,게토 스구루",고죠 사토루X게토 스구루,"로맨틱,섹슈얼",,"만화,일러스트",@goodteethguys,https://dongne.co/events/df2501/circles/135526,제28회 디. 페스타,Day1
no one,#58d2dd,,,,,1sp,,,,,,,,,,https://dongne.co/events/df2501/circles/136476,제28회 디. 페스타,Day1
미친 그림러 모드 on,구마린,,,,,2sp,FF14,무기미도,,,에스티니앙X이젤,,,,@Coumarinnn,https://dongne.co/events/df2501/circles/136929,제28회 디. 페스타,Day1
"One scene, Two shot!",츠카루이 앤솔로지,,,,,1sp,프로젝트 세카이,,"나의 스타에게, 너의 연출가로부터 #2","텐마 츠카사,카미시로 루이",,해당없음,,,henjin1x2,https://dongne.co/events/df2501/circles/138165,제28회 디. 페스타,Day1
                                                                                                                                                                                               ONLY GOGE,사뿐,,,,,2sp,주술회전,,,"고죠 사토루,게토 스구루",고죠 사토루X게토 스구루,"로맨틱,섹슈얼",,만화,,https://dongne.co/events/df2501/circles/137659,제28회 디. 페스타,Day1
peartree,"선인장, 칩",,,,,1sp,"하이큐,명탐정코난",,,코노하 아키노리,미야 오사무X키타 신스케,"로맨틱,섹슈얼","스나오사, 아무아즈","만화,일러스트,소설","@cactus__tree, @cornchippu",https://dongne.co/events/df2501/circles/137426,제28회 디. 페스타,Day1
POPO,포포,,,,,2sp,사카모토 데이즈,데못죽 주술회전 가비지타임,,,,,,일러스트,@popo_6996,https://dongne.co/events/df2501/circles/136852,제28회 디. 페스타,Day1
PUSNA,pusna,,,,,2sp,역전재판,은혼,,,나루호도 류이치X미츠루기 레이지,,긴히지,만화,@pusna1031,https://dongne.co/events/df2501/circles/135343,제28회 디. 페스타,Day1
Re-boot + nennen,"피망, 엔",,,,,2sp,"블루록,문호 스트레이독스","사카모토 데이즈,윈드브레이커",,,,,,"만화,일러스트",,https://dongne.co/events/df2501/circles/135254,제28회 디. 페스타,Day1
SAND LAKE,새벽네시,,,,,2sp,,,,,,,,,,https://dongne.co/events/df2501/circles/135302,제28회 디. 페스타,Day1
SERENADE,캔슬,,,,,2sp,앙상블스타즈!!,,,"츠키나가 레오,세나이즈미,사쿠마 리츠,나루카미 아라시,스오우 츠카사",츠키나가 레오X세나 이즈미,로맨틱,,일러스트,@DR_Cancel,https://dongne.co/events/df2501/circles/137893,제28회 디. 페스타,Day1
Smile Box,Jude,,,,,2sp,,,,,,,,"만화,일러스트,영상,게임,공예",,https://dongne.co/events/df2501/circles/135241,제28회 디. 페스타,Day1
SNBR,시나브로,,,,,1sp,마법사의 약속 (마호야쿠),,,,,,,만화,si_nab,https://dongne.co/events/df2501/circles/135561,제28회 디. 페스타,Day1
Something Odd.,Odd.,,,,,2sp,,,,,,,,"일러스트,공예,기타",@i_odd_u,https://dongne.co/events/df2501/circles/136311,제28회 디. 페스타,Day1
SOURPLACE,사워,,,,,2sp,슬램덩크,,,,,,,"만화,소설",@sourcream0314,https://dongne.co/events/df2501/circles/136242,제28회 디. 페스타,Day1
Space cowboy,rozaroza,,,,,1sp,트라이건,베놈,,"리비오,라즐로,밧슈,울프우드,베놈,에디",베놈X에디,로맨틱,,만화,@yBTjL4DZy7Wgp0j,https://dongne.co/events/df2501/circles/135297,제28회 디. 페스타,Day1
Sparkling Apple Soda,신비,,,,,2sp,에리오스 라이징 히어로즈,,,"브래드 빔스,키스 맥스",,,"브래키스, 페이주니","만화,일러스트",@sininining,https://dongne.co/events/df2501/circles/136296,제28회 디. 페스타,Day1
SWEET DREAM GARDEN,정원,,,,,2sp,창작 일러스트,,,,,,,"만화,일러스트",https://x.com/Garden_5cean,https://dongne.co/events/df2501/circles/137877,제28회 디. 페스타,Day1
T.I.D,켠公,,,,,1sp,하이큐,,,,,,,"만화,일러스트,소설,기타",,https://dongne.co/events/df2501/circles/135532,제28회 디. 페스타,Day1
topography,**,,,,,1sp,니지산지,젤다,,,,,,만화,@sinka_riva,https://dongne.co/events/df2501/circles/135716,제28회 디. 페스타,Day1
TOR,TOR,,,,,4sp,,,,,,,,,https://x.com/softyor_tor,https://dongne.co/events/df2501/circles/135346,제28회 디. 페스타,Day1
고죠게토 순애의맛TV,하지,,,,,1sp,주술회전 사카모토 데이즈,,,"고죠 사토루,게토 스구루/ 시시바,오사라기",고죠 사토루X게토 스구루,"로맨틱,섹슈얼",시시바X오사라기 (시시오사),,,https://dongne.co/events/df2501/circles/135693,제28회 디. 페스타,Day1
Two Rabbits & 자몽공방,Rabbits,,,,,2sp,데못죽,"하이큐,슬램덩크,가비지타임,플레이브 등",,,,,,"공예,조형",@2rabbits,https://dongne.co/events/df2501/circles/135450,제28회 디. 페스타,Day1
노랑을 믿기 vs 츠랑을 믿기,노랑,,,,,2sp,나의 히어로 아카데미아,가비지타임,,,,,,"만화,소설",@dxarmyhxro,https://dongne.co/events/df2501/circles/136619,제28회 디. 페스타,Day1
vs 너의 페르소나를 노래해라,"ㅇ, qwe",,,,,2sp,밀그램,"비바렌,페르소나4",,,코토코X에스,로맨틱,"타이스바, 아다주",만화,@y_our_my_angel @trkrkrk1,https://dongne.co/events/df2501/circles/137622,제28회 디. 페스타,Day1
토맛토맛토 먹는 뿌 믿기 VS 게미 먹는 사이 믿기,"게미, 뿌, 우노, 사이, 토맛토맛토",,,,,4sp,프로젝트 세카이 컬러풀 스테이지,,토우아키 쁘띠존 : 너와 함께 푸른 거리 속 새벽녘을,"아오야기 토우아,시노노메 아키토",,로맨틱,,"일러스트,만화",@m1ra1525,https://dongne.co/events/df2501/circles/137510,제28회 디. 페스타,Day1
warm&happy,므옹,,,,,2sp,,,,,,,,,mong6681,https://dongne.co/events/df2501/circles/135689,제28회 디. 페스타,Day1
When we LOH,오이,,,,,2sp,로드오브히어로즈,,,"프라우,자이라,올가 등",미하일X올가,로맨틱,"리카비앙, 올가바네","소설,공예,기타",runningcucumber,https://dongne.co/events/df2501/circles/138256,제28회 디. 페스타,Day1
꽁뜨공방x수달의작업실,Tito,,,,,2sp,,,,,,,,공예,,https://dongne.co/events/df2501/circles/137435,제28회 디. 페스타,Day1
사내x대장부,동차,,,,,1sp,앙상블스타즈,원피스,,,테츠X쿠로,로맨틱,루조로,일러스트,car_10001,https://dongne.co/events/df2501/circles/137985,제28회 디. 페스타,Day1
나루미 대장님 멋저x10,리페 (ryepe49),,,,,2sp,괴수8호,"은혼,하이큐",,,,,,,ryepe49,https://dongne.co/events/df2501/circles/135313,제28회 디. 페스타,Day1
xoxo_xoxo,구남,,,,,2sp,슬램덩크,사카모토데이즈 괴수8호 하이큐 원신 은혼,,,,,,일러스트,,https://dongne.co/events/df2501/circles/135290,제28회 디. 페스타,Day1
      푸른봄 XXL세트,"뭔튀김, 뭔버거",,,,,2sp,주술회전,세포신곡,,"고죠 사토루,게토 스구루,하츠토리 하지메,우츠기 노리유키",고죠 사토루X게토 스구루,로맨틱,하츠토리 하지메x우츠기 노리유키,만화,@3vnqha,https://dongne.co/events/df2501/circles/136097,제28회 디. 페스타,Day1
YOHANA BOOKS,역,,,,,2sp,슬램덩크,,,"양호열,강백호",양호열X강백호,"로맨틱,섹슈얼",,"소설,만화",@rksd1dur,https://dongne.co/events/df2501/circles/136403,제28회 디. 페스타,Day1
昆蟲箱子 :: Insect Box,24(SANAI),,,,,2sp,스플래툰,,,,,,,만화,@Insectbox,https://dongne.co/events/df2501/circles/135422,제28회 디. 페스타,Day1
목태각 (牧台閣),더블달러,,,,,2sp,트라이건,,,"울프우드,밧슈",,"섹슈얼,로맨틱",,,@600DDollar,https://dongne.co/events/df2501/circles/137873,제28회 디. 페스타,Day1
現實逃避 區域 (현실도피구역  by GPT),커피,,,,,1sp,모브사이코 100,"나의 히어로 아카데미아,닌타마 기타 등등..",,"레이겐 아라타카,미도리야 이즈쿠",에쿠보X레이겐 아라타카,로맨틱,"세리레이, 토도이즈, 준상","소설,일러스트,기타",sericohi,https://dongne.co/events/df2501/circles/136485,제28회 디. 페스타,Day1
<자하설영 쁘띠존 | 화랑상사 자설지부> 주최부스,자하설영 쁘띠존 | 화랑상사 자설지부,,,,,2sp,,,자하설영 쁘띠존 | 화랑상사 자설지부,,,,,,,https://dongne.co/events/novel05/circles/138723,"아아─, 이것이 『소설』이라는 것이다. Chapter 5",Day2
<아현문대 쁘띠존 : 데이트의 정석> 주최부스,아현문대 쁘띠존 : 데이트의 정석,,,,,2sp,,,아현문대 쁘띠존 : 데이트의 정석,,,,,,,https://dongne.co/events/novel05/circles/138729,"아아─, 이것이 『소설』이라는 것이다. Chapter 5",Day2
"<블랙배저 쁘띠존 ""역시 블배를 사랑해야지""> 주최부스","블랙배저 쁘띠존 ""역시 블배를 사랑해야지""",,,,,2sp,,,"블랙배저 쁘띠존 ""역시 블배를 사랑해야지""",,,,,,,https://dongne.co/events/novel05/circles/139030,"아아─, 이것이 『소설』이라는 것이다. Chapter 5",Day2
 [파스타를 기억하라],곰팡이,,,,,1sp,민감한 대리님(민대리),"크툴루 게임 속 천재 마법사가 되었다(크법사),이세계 착각 헌터(이착헌) 등",,슈퍼곰팡이맨,,,,일러스트,,https://dongne.co/events/novel05/circles/139325,"아아─, 이것이 『소설』이라는 것이다. Chapter 5",Day2
.,Sq,,,,,1sp,,,,,,,,,,https://dongne.co/events/novel05/circles/139685,"아아─, 이것이 『소설』이라는 것이다. Chapter 5",Day2
.,혁,,,,,1sp,,,,,,,,,,https://dongne.co/events/novel05/circles/139455,"아아─, 이것이 『소설』이라는 것이다. Chapter 5",Day2
...혹시 마감러십니까? -? 예.,"감새, 에베, 꽐",,,,,2sp,괴담에 떨어져도 출근을 해야 하는구나,데못죽,,김솔음,,,,,,https://dongne.co/events/novel05/circles/138607,"아아─, 이것이 『소설』이라는 것이다. Chapter 5",Day2
(어디출신?) 문대큰세 ,letmego,,,,,2sp,데뷔 못 하면 죽는 병 걸림,,,,박문대X이세진,"로맨틱,섹슈얼",,"만화,일러스트",zzzangdori,https://dongne.co/events/novel05/circles/139556,"아아─, 이것이 『소설』이라는 것이다. Chapter 5",Day2
(호형호여보),해다,,,,,1sp,내가 키운 S급들,,유현유진 쁘띠존 :: 2025 AWARDS,한유현 한유진,,"섹슈얼,로맨틱",,,hae_gastong ,https://dongne.co/events/novel05/circles/138892,"아아─, 이것이 『소설』이라는 것이다. Chapter 5",Day2
[신화 등급의 강제 퀘스트를 생성합니다.],여름,,,,,1sp,회귀자 사용설명서,,,이기영,,,,,,https://dongne.co/events/novel05/circles/139022,"아아─, 이것이 『소설』이라는 것이다. Chapter 5",Day2
♥,하튜,,,,,1sp,,,,,,,,,,https://dongne.co/events/novel05/circles/139439,"아아─, 이것이 『소설』이라는 것이다. Chapter 5",Day2
ㅎ,토마,,,,,2sp,,,,,,,,,,https://dongne.co/events/novel05/circles/138559,"아아─, 이것이 『소설』이라는 것이다. Chapter 5",Day2
ㅡ,ㅡ,,,,,1sp,괴담에 떨어져도 출근을 해야 하는구나,,,,,,,소설,,https://dongne.co/events/novel05/circles/139975,"아아─, 이것이 『소설』이라는 것이다. Chapter 5",Day2
와,경고,,,,,1sp,데못죽,괴담출근,,김래빈 차유진,차유진X김래빈,,,일러스트,@warning_tt,https://dongne.co/events/novel05/circles/139891,"아아─, 이것이 『소설』이라는 것이다. Chapter 5",Day2
힝,UC,,,,,1sp,,,,,,,,,,https://dongne.co/events/novel05/circles/138551,"아아─, 이것이 『소설』이라는 것이다. Chapter 5",Day2
아 뭐 쓰지 고민하다 마감날 됨,타냐,,,,,1sp,내가 키운 S급들,,"현제유진 쁘띠존 ""HotpinkairwaY""","성현제,한유진",성현제X한유진,로맨틱,,소설,@global_novel,https://dongne.co/events/novel05/circles/138655,"아아─, 이것이 『소설』이라는 것이다. Chapter 5",Day2
내 기분 마치 신라,화련,,,,,1sp,진혼기,화산귀환,자하설영 쁘띠존 | 화랑상사 자설지부,청명,자하X설영,"로맨틱,해당없음",,소설,@4PR1C0T_R,https://dongne.co/events/novel05/circles/139037,"아아─, 이것이 『소설』이라는 것이다. Chapter 5",Day2
나 혼자만 순문학,azure,,,,,1sp,글램핑,산책,,,,,,소설,berryjam5s2,https://dongne.co/events/novel05/circles/139909,"아아─, 이것이 『소설』이라는 것이다. Chapter 5",Day2
내 상사가 이렇게 꼰대일 리가 없어,"온애, 홍시",,,,,2sp,진혼기,,자하설영 쁘띠존 | 화랑상사 자설지부,"김자하,김설영",자하X설영,"로맨틱,섹슈얼",,"만화,소설,일러스트","@onat_js, @persimmon613",https://dongne.co/events/novel05/circles/139982,"아아─, 이것이 『소설』이라는 것이다. Chapter 5",Day2
돈 없어도 덕질이 하고싶어,몽,,,,,2sp,해리포터,"백작가의 망나니가 되었다,화산귀환,데뷔 못하면 죽는 병에 걸림,랭킹 1위를 영혼까지 털어버림",,,,,,일러스트,@lumos_som,https://dongne.co/events/novel05/circles/139567,"아아─, 이것이 『소설』이라는 것이다. Chapter 5",Day2
이 편지는 은광고로 부터 시작되어...,설기,,,,,1sp,명문고 ex급 조연의 리플레이,,,,황호X조의신,,,,@Ggo_ggo_gi_89,https://dongne.co/events/novel05/circles/139410,"아아─, 이것이 『소설』이라는 것이다. Chapter 5",Day2
이 소설의 풀네임을 아십니까,도서,,,,,2sp,명문고 EX급 조연의 리플레이,괴담에 떨어져도 출근을 해야 하는구나,,,,,,"만화,일러스트",@doseo_2ch,https://dongne.co/events/novel05/circles/140133,"아아─, 이것이 『소설』이라는 것이다. Chapter 5",Day2
두 사매의 매화차력쑈,얀,,,,,1sp,화산귀환,,,"청명(검존,검협),구화산,화산귀환에 나오는 캐릭터들 다수(NCP위주)",검존X검협,,"당보청명(당청),검협녹림왕(협녹)","일러스트,사진",@Ahn_ooo_10,https://dongne.co/events/novel05/circles/139919,"아아─, 이것이 『소설』이라는 것이다. Chapter 5",Day2
냥 냐냐냐냥 냐냥 ,INT,,,,,2sp,전지적독자시점,어바등,,유중혁,유중혁X김독자,"로맨틱,섹슈얼",해량무현,,@INT_inFVN,https://dongne.co/events/novel05/circles/139073,"아아─, 이것이 『소설』이라는 것이다. Chapter 5",Day2
그 수학자가 사랑하는 법,와스,,,,,1sp,용의자 X의 헌신,,,,,,,,tgnodltm,https://dongne.co/events/novel05/circles/138973,"아아─, 이것이 『소설』이라는 것이다. Chapter 5",Day2
이 부스에는 두명분의 레전드가 담겨 있습니다.,홎,,,,,4sp,화산귀환,,,"청명,당보",,,,"만화,일러스트,공예",@ajdgf_,https://dongne.co/events/novel05/circles/139114,"아아─, 이것이 『소설』이라는 것이다. Chapter 5",Day2
잘 모르겠어요,mut,,,,,1sp,화산귀환,,화산귀환 조걸윤종 쁘띠존/ 조윤은 그대로면 된다,,조걸X윤종,,,소설,@f_mut_,https://dongne.co/events/novel05/circles/140193,"아아─, 이것이 『소설』이라는 것이다. Chapter 5",Day2
뭘 고를지몰라 다 준비해봤어,셰피,,,,,2sp,"데못죽,블랙배저,문송안함","마마살,저그인,플과숨,주컨곤,화귀,백망되,어바등,진혼기",,"박문대,힐데베르트",,해당없음,,소설,@shwpii,https://dongne.co/events/novel05/circles/140214,"아아─, 이것이 『소설』이라는 것이다. Chapter 5",Day2
내 남자친구는 미필젊꼰,"한서, 타타랑, 양서리",,,,,2sp,진혼기,,자하설영 쁘띠존 | 화랑상사 자설지부,"자하,설영",자하X설영,로맨틱,,"소설,공예","@_be612, @tatta1888, @yang_seoli",https://dongne.co/events/novel05/circles/140259,"아아─, 이것이 『소설』이라는 것이다. Chapter 5",Day2
전 사과잼와플이 좋아요,와플,,,,,1sp,명급리,,,,황지호X조의신,로맨틱,제건신록,만화,SveOuTv0zhKfJ8a,https://dongne.co/events/novel05/circles/138510,"아아─, 이것이 『소설』이라는 것이다. Chapter 5",Day2
"일, 과로, 야근 = 알베르와 케일을 구성하는 요소들","알로, 점핑거미",,,,,1sp,백작가의 망나니가 되었다,,,"케일,알베르",,,,일러스트,"@allo__nd, @JumpingGeomi_S",https://dongne.co/events/novel05/circles/139349,"아아─, 이것이 『소설』이라는 것이다. Chapter 5",Day2
"어, 실수(로 부스 잡아버림) ","크레페, 레비",,,,,2sp,블랙배저,,"블랙배저 쁘띠존 ""역시 블배를 사랑해야지""",힐데베르트 탈레브,,,,"소설,기타","@GwajitGwajit, @rebi_na_young",https://dongne.co/events/novel05/circles/140306,"아아─, 이것이 『소설』이라는 것이다. Chapter 5",Day2
너! 경비팀이 돼라! (특: 종신직) ,씨솔트,,,,,2sp,괴담에 떨어져도 출근을 해야 하는구나,,,,,,,소설,@wsassbc,https://dongne.co/events/novel05/circles/139715,"아아─, 이것이 『소설』이라는 것이다. Chapter 5",Day2
아!오라 아현문대여,코우,,,,,1sp,데뷔 못 하면 죽는 병 걸림,,아현문대 쁘띠존 : 데이트의 정석,"박문대,선아현",선아현X박문대,로맨틱,,,@Fasno_kouzuki,https://dongne.co/events/novel05/circles/140054,"아아─, 이것이 『소설』이라는 것이다. Chapter 5",Day2
ㅠ.ㅠ,.,,,,,1sp,데못죽,,,"박문대,이세진",박문대X이세진,로맨틱,,"소설,기타",,https://dongne.co/events/novel05/circles/139770,"아아─, 이것이 『소설』이라는 것이다. Chapter 5",Day2
달야,달야,,,,,2sp,괴담에 떨어져도 출근을 해야 하는구나,데뷔 못 하면 죽는 병 걸림,,ALL,,,,일러스트,Dalya_png,https://dongne.co/events/novel05/circles/139578,"아아─, 이것이 『소설』이라는 것이다. Chapter 5",Day2
만듦,jini0305,,,,,2sp,해리포터,,,,,,,,,https://dongne.co/events/novel05/circles/138935,"아아─, 이것이 『소설』이라는 것이다. Chapter 5",Day2
무제,ㄹㅇ,,,,,1sp,데뷔 못 하면 죽는 병 걸림,,,,,,,,,https://dongne.co/events/novel05/circles/138653,"아아─, 이것이 『소설』이라는 것이다. Chapter 5",Day2
미정,레슈,,,,,1sp,화산귀환,,,"청명,당보",,,,,,https://dongne.co/events/novel05/circles/139147,"아아─, 이것이 『소설』이라는 것이다. Chapter 5",Day2
아아,제뉴,,,,,1sp,데뷔를 못하면 죽는 병 걸림,,,,,,,,@jenurabbit,https://dongne.co/events/novel05/circles/139607,"아아─, 이것이 『소설』이라는 것이다. Chapter 5",Day2
아악,삼김,,,,,1sp,데뷔못하면죽음,화산귀환,,,,,,,BBA9_3384,https://dongne.co/events/novel05/circles/139922,"아아─, 이것이 『소설』이라는 것이다. Chapter 5",Day2
최강,냐냐냥,,,,,1sp,,,아현문대 쁘띠존 : 데이트의 정석,,,,,,,https://dongne.co/events/novel05/circles/139701,"아아─, 이것이 『소설』이라는 것이다. Chapter 5",Day2
축사,나귀,,,,,1sp,화산귀환,,,,,"섹슈얼,로맨틱",,"소설,일러스트",@donkey0916,https://dongne.co/events/novel05/circles/138752,"아아─, 이것이 『소설』이라는 것이다. Chapter 5",Day2
텅빈,레이지빈,,,,,2sp,데뷔 못하면 죽는 병 걸림,,,,청려X박문대,로맨틱,,"만화,일러스트",amibean,https://dongne.co/events/novel05/circles/139294,"아아─, 이것이 『소설』이라는 것이다. Chapter 5",Day2
특종 ‘엋문 둘이 신혼여행 몰디브로..멤버들이 따라가,광합성하는 민트,,,,,2sp,데뷔 못 하면 죽는 병 걸림,,,"신재현,박문대",,로맨틱,청려건우,"일러스트,만화,소설",@Mint031124,https://dongne.co/events/novel05/circles/139688,"아아─, 이것이 『소설』이라는 것이다. Chapter 5",Day2
숲을 화,체리콕13,,,,,1sp,ㅇ,ᆞ,,"곰,나무",,,,일러스트,@A____A77,https://dongne.co/events/novel05/circles/140095,"아아─, 이것이 『소설』이라는 것이다. Chapter 5",Day2
장르 탑 쌓기,deill,,,,,1sp,블랙배저,적왕사,,"힐데베르트 탈레브,잭 블랙,리카르도 소르디,이예현,최윤",힐데베르트 탈레브,로맨틱,,일러스트,@lruns_wr,https://dongne.co/events/novel05/circles/138885,"아아─, 이것이 『소설』이라는 것이다. Chapter 5",Day2
연방 한 아름 품고 겨울나기,"유, 유타",,,,,2sp,마도조사,,,,남망기X위무선,로맨틱,,"일러스트,기타","@AnB__IY, @mdzs_utah",https://dongne.co/events/novel05/circles/139508,"아아─, 이것이 『소설』이라는 것이다. Chapter 5",Day2
이게 왜 맛있지?,건,,,,,2sp,백작가의 망나니가 되었다,"저 그런 인재 아닙니다,명문고 EX급 조연의 리플레이",,해리포터,,,,,@_M_E_M_M_,https://dongne.co/events/novel05/circles/140450,"아아─, 이것이 『소설』이라는 것이다. Chapter 5",Day2
명진 갈비,"운기브런치, 화연, 둔중",,,,,2sp,화산귀환,,,청명 청진 당보,청명X청진,로맨틱,,"만화,일러스트,소설","@dnsrlbrunch, @cjdaudans, @@I999_1214",https://dongne.co/events/novel05/circles/140304,"아아─, 이것이 『소설』이라는 것이다. Chapter 5",Day2
묘한 부스,DOMYO,,,,,1sp,왕은 웃었다,반월당의 기묘한 이야기,,,,,,"일러스트,기타",@hop_hop42,https://dongne.co/events/novel05/circles/140000,"아아─, 이것이 『소설』이라는 것이다. Chapter 5",Day2
나는 시주 / 새치,나는 시주,,,,,2sp,화산귀환,광마회귀,,혜연,,,,만화,@happyniceness @deadpool0408,https://dongne.co/events/novel05/circles/138612,"아아─, 이것이 『소설』이라는 것이다. Chapter 5",Day2
이것 저것 다 내는 잡덕,가르실,,,,,2sp,해리포터,,,,,,,"기타,일러스트,소설",@y_knowledge,https://dongne.co/events/novel05/circles/138824,"아아─, 이것이 『소설』이라는 것이다. Chapter 5",Day2
가을 전어 헌터,시오,,,,,2sp,블랙배저,,"블랙배저 쁘띠존 ""역시 블배를 사랑해야지""",힐데베르트 카일 레이 금안조,,,,"만화,일러스트,소설",dankixio,https://dongne.co/events/novel05/circles/139275,"아아─, 이것이 『소설』이라는 것이다. Chapter 5",Day2
돌산 말코 악개,청포,,,,,2sp,화산귀환,,,청명,,로맨틱,,소설,caelum_277,https://dongne.co/events/novel05/circles/139043,"아아─, 이것이 『소설』이라는 것이다. Chapter 5",Day2
부스 없고 튀어,아뵤,,,,,2sp,데못죽,괴담출근,,테스타,류건우X이세진,,,"기타,소설",@aaaaaigobyoya,https://dongne.co/events/novel05/circles/138954,"아아─, 이것이 『소설』이라는 것이다. Chapter 5",Day2
장르 시식 코너,온점,,,,,1sp,괴담에 떨어져도 출근을 해야 하는구나,"블랙배저,데뷔 못하면 죽는 병 걸림 등",,"김솔음,브라운,박문대,류건우 등",,,,일러스트,ended_29,https://dongne.co/events/novel05/circles/139759,"아아─, 이것이 『소설』이라는 것이다. Chapter 5",Day2
하늘 아래 같은 매화 없다,강현,,,,,2sp,화산귀환,,,"청명,백천",백천X청명,로맨틱,,"소설,공예",@_full_bloom,https://dongne.co/events/novel05/circles/139168,"아아─, 이것이 『소설』이라는 것이다. Chapter 5",Day2
블과 배가 서로 폭탄 넘기는 부스,배계,,,,,1sp,블랙배저,,"블랙배저 쁘띠존 ""역시 블배를 사랑해야지""",힐데베르트 탈레브,최윤X힐데베르트 탈레브,"로맨틱,섹슈얼",릭힐,소설,baegye0820,https://dongne.co/events/novel05/circles/138819,"아아─, 이것이 『소설』이라는 것이다. Chapter 5",Day2
검을 혼자 두지 마세요,00,,,,,2sp,마도조사,천관사복,,,남망기X위무선,,화성사련,"만화,일러스트",@kiina_ds,https://dongne.co/events/novel05/circles/139587,"아아─, 이것이 『소설』이라는 것이다. Chapter 5",Day2
자나 깨나 잊지 못하고,오매불,,,,,2sp,진혼기,반월당의 기묘한 이야기,,,,,,,,https://dongne.co/events/novel05/circles/139681,"아아─, 이것이 『소설』이라는 것이다. Chapter 5",Day2
퇴사 부적 싸게 팝니다,김자면,,,,,1sp,진혼기,명급리,자하설영 쁘띠존 | 화랑상사 자설지부,"자하,설영",,"로맨틱,섹슈얼","황호의신, 제건신록",일러스트,@No_potato_,https://dongne.co/events/novel05/circles/139448,"아아─, 이것이 『소설』이라는 것이다. Chapter 5",Day2
선을 넘는 외모! 패왕 유중혁!! 아우우!!!,성팬(하니),,,,,2sp,전지적독자시점,화산귀환,,,,,,,SHJPT,https://dongne.co/events/novel05/circles/139116,"아아─, 이것이 『소설』이라는 것이다. Chapter 5",Day2
우리 자설 할래?,"별담, 선율, 소솜랑",,,,,2sp,진혼기,,자하설영 쁘띠존 | 화랑상사 자설지부,,자하X설영,"로맨틱,섹슈얼",,소설,@byeoldam374567,https://dongne.co/events/novel05/circles/138994,"아아─, 이것이 『소설』이라는 것이다. Chapter 5",Day2
볕이 드는 언덕길,쿠렌,,,,,1sp,화산귀환,,,,,,,,,https://dongne.co/events/novel05/circles/139481,"아아─, 이것이 『소설』이라는 것이다. Chapter 5",Day2
설원 찾아 삼만리,마가목,,,,,2sp,전독시,,,유중혁김독자,,"로맨틱,섹슈얼",,,@Maga_mok23,https://dongne.co/events/novel05/circles/139991,"아아─, 이것이 『소설』이라는 것이다. Chapter 5",Day2
암튼 뭔가 합니다,유타페,,,,,1sp,데뷔 못 하면 죽는 병 걸림,,,"류청우,배세진",,"섹슈얼,로맨틱",,,,https://dongne.co/events/novel05/circles/138549,"아아─, 이것이 『소설』이라는 것이다. Chapter 5",Day2
중화 짬뽕 전문점,낙동강오리알,,,,,2sp,인사반파자구계통,,,"낙빙하,심청추",낙빙하X심청추,해당없음,"망무,화련,연만,난홒,창매,국죽",,@onmyoji_anyu,https://dongne.co/events/novel05/circles/138837,"아아─, 이것이 『소설』이라는 것이다. Chapter 5",Day2
저도 제가 부스를 잡을지 몰랐는데요?,삼초,,,,,2sp,룬의 아이들,화산귀환,,"보리스,란지에,청명,당보",란지에X보리스,해당없음,당보청명,,@3seconds_girl,https://dongne.co/events/novel05/circles/138779,"아아─, 이것이 『소설』이라는 것이다. Chapter 5",Day2
내가 키운 반려가전,쑤,,,,,2sp,내가 키운 S급들,,"현제유진 쁘띠존 ""HotpinkairwaY""","성현제,한유진",성현제X한유진,로맨틱,,"소설,만화",@panda_3913,https://dongne.co/events/novel05/circles/139299,"아아─, 이것이 『소설』이라는 것이다. Chapter 5",Day2
새로 끓인 김치찌개,앨론,,,,,2sp,블랙배저,전지적 독자 시점,"블랙배저 쁘띠존 ""역시 블배를 사랑해야지""",카이로스(잭),잭X힐데,"로맨틱,섹슈얼",윤예현,,@el_bb_lon,https://dongne.co/events/novel05/circles/138615,"아아─, 이것이 『소설』이라는 것이다. Chapter 5",Day2
형이 키운 아기천사,250,,,,,1sp,내가 키운 S급들,,유현유진 쁘띠존 :: 2025 AWARDS,한유현 한유진,한유현X한유진,로맨틱,,"일러스트,기타",@JD_tls250,https://dongne.co/events/novel05/circles/139300,"아아─, 이것이 『소설』이라는 것이다. Chapter 5",Day2
똥맛 김과 개구리맛 똥,갸탄,,,,,2sp,천관사복,,,,,,,소설,@GATAN666,https://dongne.co/events/novel05/circles/140044,"아아─, 이것이 『소설』이라는 것이다. Chapter 5",Day2
완결 제발 아니라고 해줘. 제발 아니.,떡,,,,,2sp,내가 키운 s급들,전지적 독자 시점,,성현제 한유진 송태원 황림,,"로맨틱,섹슈얼",태원유진 황림유진 중혁독자,,@_commudd_,https://dongne.co/events/novel05/circles/139084,"아아─, 이것이 『소설』이라는 것이다. Chapter 5",Day2
우리 무림 정상영업 합니다,사환,,,,,2sp,화산귀환,"광마회귀,진혼기",,,,,,,@4hwan_,https://dongne.co/events/novel05/circles/140010,"아아─, 이것이 『소설』이라는 것이다. Chapter 5",Day2
주신 직속 광역감찰부 인사팀,인사팀장,,,,,1sp,가즈나이트,"내가키운s급들,마교교주를 애지중지 키웠다",,휀 라디언트,,,,"만화,일러스트",팬더,https://dongne.co/events/novel05/circles/138890,"아아─, 이것이 『소설』이라는 것이다. Chapter 5",Day2
주신 직속 광역감찰부 홍보팀,홍보팀장,,,,,2sp,가즈나이트,,,"휀 라디언트,바이론 필브라이드,리오 스나이퍼,지크 스나이퍼",,,,소설,cmfmcm,https://dongne.co/events/novel05/circles/138639,"아아─, 이것이 『소설』이라는 것이다. Chapter 5",Day2
우리 가게 정상영업합니다,이백,,,,,2sp,화산귀환,,,청명,,,,일러스트,@i_baek_,https://dongne.co/events/novel05/circles/139416,"아아─, 이것이 『소설』이라는 것이다. Chapter 5",Day2
부스 수준: 힐데 지갑,마라사궈,,,,,2sp,블랙배저,,"블랙배저 쁘띠존 ""역시 블배를 사랑해야지""",힐데베르트 탈레브 등,,,,,@marasagwo,https://dongne.co/events/novel05/circles/139278,"아아─, 이것이 『소설』이라는 것이다. Chapter 5",Day2
이게 되네?,한,,,,,1sp,이번 생은 우주대스타,,,선우주,한태현X선우주,로맨틱,,소설,@Hu_i_2,https://dongne.co/events/novel05/circles/139620,"아아─, 이것이 『소설』이라는 것이다. Chapter 5",Day2
신만 있냐? 귀신도 있다 사실 선인도 있고 마족도 있다,"공, 황도",,,,,2sp,천관사복,인사반파자구계통,,"지사풍사,빙하청추,화성사련",,,,"만화,일러스트","@tgcf_gong, @hwangdo157",https://dongne.co/events/novel05/circles/140335,"아아─, 이것이 『소설』이라는 것이다. Chapter 5",Day2
적국 왕자&마법명가 차남 생존기념 스토어,찰떡아이스,,,,,4sp,적국의 왕자로 사는 법 (적왕사),마법명가 차남으로 살아남는 법 (마차살),,,,,,,@dhkdtk,https://dongne.co/events/novel05/circles/139661,"아아─, 이것이 『소설』이라는 것이다. Chapter 5",Day2
국산 오타쿠,피나토,,,,,1sp,전지적 독자 시점,"데못죽,화산귀환",,김독자,,,,,,https://dongne.co/events/novel05/circles/139424,"아아─, 이것이 『소설』이라는 것이다. Chapter 5",Day2
달콤 문방구,PP,,,,,2sp,괴담출근,,,,,해당없음,,소설,@2_PP22,https://dongne.co/events/novel05/circles/139863,"아아─, 이것이 『소설』이라는 것이다. Chapter 5",Day2
데뷔 못하면,피자,,,,,2sp,데뷔못하면죽는병걸림,,,,이세진X박문대,로맨틱,,"만화,일러스트",@spoonoksusu,https://dongne.co/events/novel05/circles/139915,"아아─, 이것이 『소설』이라는 것이다. Chapter 5",Day2
매화 잡화점,렉시,,,,,2sp,화산귀환,,,"화산파,사천당가,청명,녹림왕 등",,,,"공예,일러스트,기타",@Lexy_xxx_,https://dongne.co/events/novel05/circles/138854,"아아─, 이것이 『소설』이라는 것이다. Chapter 5",Day2
웹소 비빔밥,야호,,,,,2sp,"내가 키운 S급들,블랙배저",마법명가 차남으로 살아남는 법,,"한유진,성현제,힐데,루카",성현제X한유진,로맨틱,,일러스트,yaho_ns,https://dongne.co/events/novel05/circles/138846,"아아─, 이것이 『소설』이라는 것이다. Chapter 5",Day2
화산 등반중,레네,,,,,2sp,화산귀환,@rene_jdc,,,,,,,,https://dongne.co/events/novel05/circles/139044,"아아─, 이것이 『소설』이라는 것이다. Chapter 5",Day2
몽솜 잡화점 & 마요공방,몽솜,,,,,2sp,수공예,,,,,,,,@mongle_softly,https://dongne.co/events/novel05/circles/139396,"아아─, 이것이 『소설』이라는 것이다. Chapter 5",Day2
청백 쁘띠존 못 가게 함→ ←당청 파준다 했었음,치느,,,,,2sp,화산귀환,,,"청명,백천,당보",,"로맨틱,섹슈얼","청명백천, 당보청명","만화,소설",deogjilgood,https://dongne.co/events/novel05/circles/138807,"아아─, 이것이 『소설』이라는 것이다. Chapter 5",Day2
아아 이것이 우쥬 부스 인가,째무,,,,,2sp,화산귀환,"팅테솔스,히치하이커를 위한 안내서,셜록,내스급(내가키운S급들)",,청명,,,,"일러스트,공예",JJAMU_SS,https://dongne.co/events/novel05/circles/138480,"아아─, 이것이 『소설』이라는 것이다. Chapter 5",Day2
조윤 씨피가 조윤 느낌을 줌.,룽,,,,,2sp,화산귀환,,화산귀환 조걸윤종 쁘띠존/ 조윤은 그대로면 된다,,조걸X윤종,,,,,https://dongne.co/events/novel05/circles/140279,"아아─, 이것이 『소설』이라는 것이다. Chapter 5",Day2
일단 부스를 내면 뭐라도 나오겠지,라딷,,,,,1sp,화산귀환,,,,,,,,@Ke1Zj,https://dongne.co/events/novel05/circles/139793,"아아─, 이것이 『소설』이라는 것이다. Chapter 5",Day2
적연 대협곡 등산 동호회 신년행사,"묵, 계란",,,,,2sp,"열화요수,살파랑",잔차품,Priest 쁘띠존 - 주일예배,,,,,,@notzamuk,https://dongne.co/events/novel05/circles/139504,"아아─, 이것이 『소설』이라는 것이다. Chapter 5",Day2
잔뜩 휘핑한 외계인,머랭,,,,,1sp,이착헌,공조살,,"김기려,선우연",김기려X선우연,해당없음,,만화,@murang_fn_,https://dongne.co/events/novel05/circles/140315,"아아─, 이것이 『소설』이라는 것이다. Chapter 5",Day2
현판 사이에 피어난 동양풍,키로,,,,,4sp,길라잡이의 등불,"왕은 웃었다,마법명가 차남으로 살아남는 법",,,,,,,@sanhayasaranghH,https://dongne.co/events/novel05/circles/139297,"아아─, 이것이 『소설』이라는 것이다. Chapter 5",Day2
데뷔 못하면 중원에 떨어져요!,불타는쓰레기,,,,,4sp,화산귀환,데못죽,,올캐러,송백X금룡,로맨틱,"당보청명, 백천청명, 청명당보","소설,공예,일러스트",@specter__novel,https://dongne.co/events/novel05/circles/140127,"아아─, 이것이 『소설』이라는 것이다. Chapter 5",Day2
저희 객잔은 당청만 취급합니다,(해)파리,,,,,1sp,화산귀환,,,청명,당보X청명,해당없음,,,@He__82,https://dongne.co/events/novel05/circles/140498,"아아─, 이것이 『소설』이라는 것이다. Chapter 5",Day2
나는 종이와 글자로 이루어져있어,강예성,,,,,1sp,전지적 독자 시점,,,,,,,일러스트,@L_S_A_0521,https://dongne.co/events/novel05/circles/139060,"아아─, 이것이 『소설』이라는 것이다. Chapter 5",Day2
릴리 감독의 낭만극장,"낭만농부, 릴리",,,,,2sp,데뷔 못하면 죽는 병 걸림,,,"문큰,건큰,건우큰세,문대큰세,박문대,이세진",박문대X이세진,"로맨틱,섹슈얼",건큰,"소설,일러스트",@Q_NOlN @luvto_lily,https://dongne.co/events/novel05/circles/139698,"아아─, 이것이 『소설』이라는 것이다. Chapter 5",Day2
괴출 이착헌 엽서나눔 부스,피리아 ,,,,,1sp,괴담에 떨어져도 출근을 해야 하는구나,이세계 착각 헌터,,"김솔음,김기려,브라운,강창호",브라운X김솔음,로맨틱,,,,https://dongne.co/events/novel05/circles/138918,"아아─, 이것이 『소설』이라는 것이다. Chapter 5",Day2
데뷔 못하면 저격하는 고양이,hodenn,,,,,2sp,데뷔못하면 죽는 병 걸림,"괴담출근,중국 비엘 소설(준점저격 등)",,,,,,"만화,기타",,https://dongne.co/events/novel05/circles/140366,"아아─, 이것이 『소설』이라는 것이다. Chapter 5",Day2
너네 아버지 쩔더라ㅋㅋ,파닭,,,,,1sp,성황의 아이들,,,"네이트,모레스,로건",,해당없음,"네이성진, ncp",소설,@papadark101,https://dongne.co/events/novel05/circles/138674,"아아─, 이것이 『소설』이라는 것이다. Chapter 5",Day2
부스 실패시 회귀합니다,세하,,,,,2sp,데못죽,"내스급,전독시,화산귀환",,올 캐릭,,,,"공예,소설",@dndudd1221,https://dongne.co/events/novel05/circles/138833,"아아─, 이것이 『소설』이라는 것이다. Chapter 5",Day2
역시 블배를 사랑해야지,뱡,,,,,2sp,블랙배저,,"블랙배저 쁘띠존 ""역시 블배를 사랑해야지""",,,,,"만화,일러스트,소설",BB_petitzone,https://dongne.co/events/novel05/circles/139031,"아아─, 이것이 『소설』이라는 것이다. Chapter 5",Day2
역시 소설을 사랑해야지,"유용, 사서",,,,,2sp,적왕사,"블랙배저,문송안함,이착헌,천관사복",,힐데베르트 탈레브,,,,일러스트,"@C_U_C_Me, @librariaaaan",https://dongne.co/events/novel05/circles/139317,"아아─, 이것이 『소설』이라는 것이다. Chapter 5",Day2
지금 회의실 들어가시면 안 됩니다,소단랑,,,,,1sp,진혼기,명급리,자하설영 쁘띠존 | 화랑상사 자설지부,"자하,설영,제건,신록,황호,의신",자하X설영,로맨틱,"자하설영, 제건신록, 황호의신",소설,@ththeks,https://dongne.co/events/novel05/circles/139088,"아아─, 이것이 『소설』이라는 것이다. Chapter 5",Day2
"뭐든 해본다, 가보자고.",필명,,,,,1sp,데뷔 못 하면 죽는 병 걸림,,,,,,,기타,,https://dongne.co/events/novel05/circles/139798,"아아─, 이것이 『소설』이라는 것이다. Chapter 5",Day2
춋또 형님쨩!,우민,,,,,4sp,화산귀환,,,"당보,청명",당보X청명,"로맨틱,섹슈얼",,"만화,소설", @umingaji,https://dongne.co/events/novel05/circles/138585,"아아─, 이것이 『소설』이라는 것이다. Chapter 5",Day2
화귀 가보자고,심한,,,,,1sp,화산귀환,,,,,,,,,https://dongne.co/events/novel05/circles/139353,"아아─, 이것이 『소설』이라는 것이다. Chapter 5",Day2
뭔가 보여주는 멋진 부스,마존,,,,,2sp,반월당,"화산귀환,의다살",,"청명,당보",,로맨틱,,"소설,공예",@maum_john_,https://dongne.co/events/novel05/circles/139338,"아아─, 이것이 『소설』이라는 것이다. Chapter 5",Day2
스타 고등학교 입학 설명회,쫭,,,,,1sp,데뷔하면 죽는 병 걸림,,,,,,,일러스트,@JJANG__bb,https://dongne.co/events/novel05/circles/140265,"아아─, 이것이 『소설』이라는 것이다. Chapter 5",Day2
이건 상천정의 붕괴야,predict,,,,,2sp,천관사복,,,"화성,사련",화성X사련,로맨틱,,"만화,일러스트",@Pjpleiades,https://dongne.co/events/novel05/circles/139520,"아아─, 이것이 『소설』이라는 것이다. Chapter 5",Day2
화음 저잣거리 노점상,테리,,,,,2sp,화산귀환,,,,,,,소설,@Tobby_new,https://dongne.co/events/novel05/circles/139786,"아아─, 이것이 『소설』이라는 것이다. Chapter 5",Day2
신청 성공하면 의형제 굿즈 내주는거다,홉,,,,,1sp,"의원,다시 살다",반월당,,"진천희,여하륜,진천우,사마현,의형제즈",,,,,@hop_roo,https://dongne.co/events/novel05/circles/139501,"아아─, 이것이 『소설』이라는 것이다. Chapter 5",Day2
저는 러뷰어라 괜찮아요.,아얀,,,,,2sp,데뷔 못 하면 죽는 병 걸림,"큰세문대,괴담에 떨어져도 출근을 해야 하는구나",,박문대,이세진X박문대,로맨틱,"테스타, ALL",일러스트,@nyabbi__,https://dongne.co/events/novel05/circles/139276,"아아─, 이것이 『소설』이라는 것이다. Chapter 5",Day2
나의 자강두천 아이돌들아,세르크,,,,,2sp,데뷔 못 하면 죽는 병 걸림,,,"박문대,신재현",문대X청려,"섹슈얼,로맨틱",,소설,@MDCR_Serk,https://dongne.co/events/novel05/circles/138798,"아아─, 이것이 『소설』이라는 것이다. Chapter 5",Day2
역시 고양이를 사랑해야지,장때비,,,,,1sp,블랙배저,,"블랙배저 쁘띠존 ""역시 블배를 사랑해야지""",힐데베르트,,,,"기타,소설",@jang_tte_rain,https://dongne.co/events/novel05/circles/140510,"아아─, 이것이 『소설』이라는 것이다. Chapter 5",Day2
지금 대통령은 백아입니다! 귀엽잖아요!,바르,,,,,4sp,화산귀환,,,"청명,백아",청명X청명,해당없음,논커플링(ncp) 위주,"소설,만화,기타,일러스트",@bartolomeus_,https://dongne.co/events/novel05/circles/140128,"아아─, 이것이 『소설』이라는 것이다. Chapter 5",Day2
종이 아이돌을 좋아합니다.,도자기,,,,,1sp,데못죽,왕은 웃었다,,"문대,청려,차유진,김래빈,라야,아기에,기해",박문대X신재현(청려),로맨틱,라야아기,소설,@ceramic1211,https://dongne.co/events/novel05/circles/140405,"아아─, 이것이 『소설』이라는 것이다. Chapter 5",Day2
도를 아십니까?,레또,,,,,4sp,화산귀환,,,,,,,소설,letto9163,https://dongne.co/events/novel05/circles/139726,"아아─, 이것이 『소설』이라는 것이다. Chapter 5",Day2
무협 오타쿠였던 내가 판소에 빙의!?,최체리,,,,,2sp,"의원,다시 살다(의다살)",마법학교 마법사로 살아가는 법(마마살),,"진천희,사마현",,"섹슈얼,로맨틱",진천희X사마현,"소설,조형",@chlcherrysal,https://dongne.co/events/novel05/circles/140107,"아아─, 이것이 『소설』이라는 것이다. Chapter 5",Day2
뭐든 내보겠습니다!!,화산삼,,,,,2sp,화산귀환,소닉,,"청문,청명,당보 구화산 위주 / 소닉,섀도우 등등",,,,"만화,기타",@sansam1219,https://dongne.co/events/novel05/circles/138734,"아아─, 이것이 『소설』이라는 것이다. Chapter 5",Day2
뭔가 보여드리겠습니다,탄섬,,,,,2sp,내스급,전독시,,성현제 한유진,,"로맨틱,섹슈얼",,만화,@tansum0_0,https://dongne.co/events/novel05/circles/139861,"아아─, 이것이 『소설』이라는 것이다. Chapter 5",Day2
"당신, ""차선""이라고 아나?",케티아,,,,,2sp,이런 환생은 원치않아,"조연을 위한 회귀지침서,그놈이 그놈이다,라이벌 그만두겠습니다",,"한이결,차서후,유지한,도해준",하태헌X한이결,"로맨틱,섹슈얼","이결른, 서후른, 유정지한, 정연해준",소설,"@KetiaXQ, @whatthecrao",https://dongne.co/events/novel05/circles/138985,"아아─, 이것이 『소설』이라는 것이다. Chapter 5",Day2
"화산, 그곳",AmunHer,,,,,1sp,화산귀환,,,"청명,당보,장일소",당보X청명,해당없음,,"소설,일러스트",@JinAmunHer,https://dongne.co/events/novel05/circles/139444,"아아─, 이것이 『소설』이라는 것이다. Chapter 5",Day2
"그래, 내가... 적벽, 괴도다...!",깅춘,,,,,2sp,명문고 EX급 조연의 리플레이,이세계 착각 헌터,,"조의신,황지호,김신록,용제건,김기려",용제건X김신록,로맨틱,황호의신,"일러스트,공예",Gingchun_,https://dongne.co/events/novel05/circles/139531,"아아─, 이것이 『소설』이라는 것이다. Chapter 5",Day2
"선함, 함께함, 그리고 안경함써볼래",루제,,,,,1sp,어두운 바다의 등불이 되어(어바등),"던그화,데못죽,블랙배저(블배)",,"김재희,박무현,서지오,유성운",김재희X박무현,로맨틱,청려문대(청려건우),"일러스트,소설",@t_bLUEj,https://dongne.co/events/novel05/circles/139451,"아아─, 이것이 『소설』이라는 것이다. Chapter 5",Day2
"믿고, 구원받으세요.",분,,,,,1sp,"의원,다시 살다",,,,,,,,@buunbun_mu,https://dongne.co/events/novel05/circles/139609,"아아─, 이것이 『소설』이라는 것이다. Chapter 5",Day2
겟또!,애플민트,,,,,1sp,데못죽,,,,,,,공예,@apple_min_t_,https://dongne.co/events/novel05/circles/138848,"아아─, 이것이 『소설』이라는 것이다. Chapter 5",Day2
도전!! 마감벨,쭌,,,,,2sp,전독시,,,"유중혁,김독자",,,,"일러스트,소설",@overdosejds,https://dongne.co/events/novel05/circles/139859,"아아─, 이것이 『소설』이라는 것이다. Chapter 5",Day2
아하!현명하게 앟문하는 법,연화,,,,,2sp,데뷔 못하면 죽는 병 걸림,괴담출근,아현문대 쁘띠존 : 데이트의 정석,,선아현X박문대,로맨틱,,,lotus_flower432,https://dongne.co/events/novel05/circles/139653,"아아─, 이것이 『소설』이라는 것이다. Chapter 5",Day2
엋문? 큰문? 앟문? 돗치가 스키!,소솜,,,,,2sp,데뷔못하면죽는병걸림,,,청려,,로맨틱,큰문 앟문,,@_1127x1215,https://dongne.co/events/novel05/circles/138871,"아아─, 이것이 『소설』이라는 것이다. Chapter 5",Day2
설마..?,다혼,,,,,1sp,내가 키운 s급들,,,,,,,,,https://dongne.co/events/novel05/circles/139052,"아아─, 이것이 『소설』이라는 것이다. Chapter 5",Day2
소문(안)난 동네 맛집,모리,,,,,2sp,,,,,,,,,,https://dongne.co/events/novel05/circles/138500,"아아─, 이것이 『소설』이라는 것이다. Chapter 5",Day2
산적(쥐동호회),moronity,,,,,4sp,화산귀환,,화산귀환 사파 쁘띠존 : 사파일통,"청명,임소병",청명X임소병,"로맨틱,섹슈얼",,"공예,만화,소설",@1so_cute,https://dongne.co/events/novel05/circles/138894,"아아─, 이것이 『소설』이라는 것이다. Chapter 5",Day2
ㅇㅅㅇ,하얀악마,,,,,1sp,,,,,,,,,,https://dongne.co/events/novel05/circles/138940,"아아─, 이것이 『소설』이라는 것이다. Chapter 5",Day2
공방율,카펠라,,,,,2sp,화산귀환,,,,,,,공예,@ws_tune,https://dongne.co/events/novel05/circles/140519,"아아─, 이것이 『소설』이라는 것이다. Chapter 5",Day2
난장판,피달이,,,,,4sp,마법 명가 차남으로 살아남는 법,"명문고 EX급 조연의 리플레아,이세계 착각 헌터",,"루카스,레오나르드,서에스더,황지호",루카스X레오나르드,로맨틱,의신황호,,,https://dongne.co/events/novel05/circles/138790,"아아─, 이것이 『소설』이라는 것이다. Chapter 5",Day2
무이무,mui,,,,,2sp,데뷔 못하면 죽는 병 걸림,,,박문대,,"로맨틱,섹슈얼",,소설,@mui_S2,https://dongne.co/events/novel05/circles/138880,"아아─, 이것이 『소설』이라는 것이다. Chapter 5",Day2
뭐하지,돌고래,,,,,1sp,데못죽,,,,,,,,,https://dongne.co/events/novel05/circles/139507,"아아─, 이것이 『소설』이라는 것이다. Chapter 5",Day2
뭐하지,8튜버,,,,,2sp,잔차품,열화요수,Priest 쁘띠존 - 주일예배,,루비싱X린징헝,,,,,https://dongne.co/events/novel05/circles/140191,"아아─, 이것이 『소설』이라는 것이다. Chapter 5",Day2
블루밍,Blue ,,,,,1sp,화산귀환,"내가 키운 S급,오리지널",,"청명,백천,당보",백천X청명,로맨틱,당보청명,일러스트,@blueooo_rkgk,https://dongne.co/events/novel05/circles/140050,"아아─, 이것이 『소설』이라는 것이다. Chapter 5",Day2
소록도,소록,,,,,2sp,,,,,,,,공예,,https://dongne.co/events/novel05/circles/140309,"아아─, 이것이 『소설』이라는 것이다. Chapter 5",Day2
솥밥집,솥밥누룽지,,,,,2sp,내가 키운 S급들,"어두운 바다의 등불이 되어,데뷔 못하면 죽는 병 걸림,서브 남주가 파업하면 생기는 일",,,,,,"일러스트,만화",@s0tb0b,https://dongne.co/events/novel05/circles/139525,"아아─, 이것이 『소설』이라는 것이다. Chapter 5",Day2
숨숨집,"챱쌀개, 영육구원",,,,,1sp,인사반파자구계통,천관사복 열화요수,,"낙빙하,심청추",낙빙하X심청추,로맨틱,화성사련,소설,@ciqTkf @Yeongyuk91,https://dongne.co/events/novel05/circles/139714,"아아─, 이것이 『소설』이라는 것이다. Chapter 5",Day2
웹이소,레고,,,,,2sp,전지적 독자 시점,"데못죽,화산귀환",,,,,,,,https://dongne.co/events/novel05/circles/138645,"아아─, 이것이 『소설』이라는 것이다. Chapter 5",Day2
잡는다,카야,,,,,1sp,전독시 명급리,데못죽,,,,,,,@_kaya_2725,https://dongne.co/events/novel05/circles/139093,"아아─, 이것이 『소설』이라는 것이다. Chapter 5",Day2
중국집,망망,,,,,2sp,인사반파자구계통,,,,낙빙하X심청추,"로맨틱,섹슈얼",,만화,,https://dongne.co/events/novel05/circles/139519,"아아─, 이것이 『소설』이라는 것이다. Chapter 5",Day2
찬송가,카세트,,,,,1sp,잔차품,"살파랑,열화요수,장진주,병안본,이합화타적백묘사존,천관사복",Priest 쁘띠존 - 주일예배,,,,,소설,cassette_cbl,https://dongne.co/events/novel05/circles/139928,"아아─, 이것이 『소설』이라는 것이다. Chapter 5",Day2
초가네,"호시,레네",,,,,2sp,진혼기,,,"자하,자운,초가네",,,,"만화,소설",@hosing_ @RHTHGKSEK,https://dongne.co/events/novel05/circles/138908,"아아─, 이것이 『소설』이라는 것이다. Chapter 5",Day2
콩콩따,ttagkong,,,,,1sp,데뷔 못 하면 죽는 병 걸림,,,,,,,일러스트,@ttagkongs2,https://dongne.co/events/novel05/circles/140487,"아아─, 이것이 『소설』이라는 것이다. Chapter 5",Day2
퐁퐁퐁,네짜흐,,,,,1sp,어두운 바다의 등불이 되어,,,,,,,만화,@netjjach,https://dongne.co/events/novel05/circles/138529,"아아─, 이것이 『소설』이라는 것이다. Chapter 5",Day2
해달샵,시크루,,,,,4sp,화산귀환,,,,,,,공예,@Sunmoon_shop16,https://dongne.co/events/novel05/circles/138647,"아아─, 이것이 『소설』이라는 것이다. Chapter 5",Day2
해저밥,시우,,,,,1sp,어두운 바다의 등불이 되어,,,,,,,소설,@siu_tldn,https://dongne.co/events/novel05/circles/139453,"아아─, 이것이 『소설』이라는 것이다. Chapter 5",Day2
은혜의 숲,당은혜,,,,,2sp,화산귀환,,,당보 청명,당보X청명,"로맨틱,섹슈얼",,"만화,일러스트,기타",@HSGH_eunH,https://dongne.co/events/novel05/circles/140106,"아아─, 이것이 『소설』이라는 것이다. Chapter 5",Day2
트리플 뵤,하지,,,,,2sp,데뷔 못 하면 죽는 병 걸림,,,"배세진,박문대,류건우,국밥즈,테스타",박문대(류건우)X배세진,,,,"@hahajiji133, @resres_37, @Agsa1208",https://dongne.co/events/novel05/circles/139711,"아아─, 이것이 『소설』이라는 것이다. Chapter 5",Day2
한오백 명,"엠알, 소남송",,,,,4sp,화산귀환,,,,백천X청명,로맨틱,,만화,mrmrmremaru,https://dongne.co/events/novel05/circles/139392,"아아─, 이것이 『소설』이라는 것이다. Chapter 5",Day2
망무가 내 인생,"맙, 뮤즈",,,,,2sp,마도조사,,,,남망기X위무선,"로맨틱,섹슈얼",,"만화,소설,일러스트","@wjwx1031, @NyaMuse",https://dongne.co/events/novel05/circles/140068,"아아─, 이것이 『소설』이라는 것이다. Chapter 5",Day2
오소리 한 마리 몰고 가세요,쟈가비,,,,,1sp,,,"블랙배저 쁘띠존 ""역시 블배를 사랑해야지""",,,,,,@__hello_dear_06,https://dongne.co/events/novel05/circles/138691,"아아─, 이것이 『소설』이라는 것이다. Chapter 5",Day2
플뢰르 드 리스 서울지부,우미,,,,,2sp,서브남주가 파업하면 생기는 일,,,"요한 헤인스,정예서",요한헤인스X정예서,"로맨틱,섹슈얼",,소설,@uno_mi,https://dongne.co/events/novel05/circles/138502,"아아─, 이것이 『소설』이라는 것이다. Chapter 5",Day2
지구에 발 붙이고 있는 능력자들,공장,,,,,2sp,이세계착각헌터,마차살,,,,,,,@0Z4NG,https://dongne.co/events/novel05/circles/139900,"아아─, 이것이 『소설』이라는 것이다. Chapter 5",Day2
펑크는 안 내겠죠?,이해일,,,,,2sp,적국의 왕자로 사는 법 (적왕사),"마법명가 차남으로 살아남는 법 (마차살),이세계 착각 헌터 (이착헌)",,,베른 세크리티아X플란츠 룬 카이리스,"로맨틱,섹슈얼","창호기려, 문대청려",소설,@haeil0010,https://dongne.co/events/novel05/circles/139459,"아아─, 이것이 『소설』이라는 것이다. Chapter 5",Day2
후배님 이 아이소? 성공했는데 부스명을 뭐로 해야하나요? ,비그네안,,,,,1sp,데뷔못하면죽는병걸림,,,,청려X문대,로맨틱,,기타,Bi_gnean,https://dongne.co/events/novel05/circles/139000,"아아─, 이것이 『소설』이라는 것이다. Chapter 5",Day2
더이상 깰 대가리도 없다,허쑤당,,,,,4sp,화산귀환,,,청명,,,"조걸윤종, 청명윤종",,@cm__ackgae,https://dongne.co/events/novel05/circles/139230,"아아─, 이것이 『소설』이라는 것이다. Chapter 5",Day2
앟문이 내 눈앞에서 뽀뽀나 했으면,혀니,,,,,1sp,데뷔 못 하면 죽는 병 걸림,,아현문대 쁘띠존 : 데이트의 정석,"선아현,박문대,류건우",선아현X박문대,로맨틱,"선아현, 류건우",소설,@wagibambi,https://dongne.co/events/novel05/circles/139541,"아아─, 이것이 『소설』이라는 것이다. Chapter 5",Day2
사존은 왜 묵연에게 물만두를 주었을까,함들다,,,,,2sp,이합화타적백묘사존,병안본,,,,,,,@okA0y,https://dongne.co/events/novel05/circles/139473,"아아─, 이것이 『소설』이라는 것이다. Chapter 5",Day2
근친의 전당,레몽 자렌,,,,,2sp,내가 키운 S급들,,유현유진 쁘띠존 :: 2025 AWARDS,한유현 한유진,한유현X한유진,"로맨틱,섹슈얼",,"만화,소설",s_lemong JAL_fn,https://dongne.co/events/novel05/circles/138547,"아아─, 이것이 『소설』이라는 것이다. Chapter 5",Day2
무리한 덕질,무리,,,,,1sp,데못죽,,,신재현 류건우,신재현X류건우,"로맨틱,섹슈얼",,,,https://dongne.co/events/novel05/circles/139068,"아아─, 이것이 『소설』이라는 것이다. Chapter 5",Day2
아이돌 마켓,31,,,,,1sp,데못죽,플레이브,,,,,,,Sunnywon31,https://dongne.co/events/novel05/circles/139511,"아아─, 이것이 『소설』이라는 것이다. Chapter 5",Day2
원님네 곳간,원,,,,,1sp,데뷔 못 하면 죽는 병 걸림,,,"테스타,브이틱",,,,일러스트,@o17e_,https://dongne.co/events/novel05/circles/139747,"아아─, 이것이 『소설』이라는 것이다. Chapter 5",Day2
잡덕의 최후,쌈 스댕,,,,,2sp,내가 키운 S급들,괴담출근,,성현제,,로맨틱,,,@ssamtaku @tmeod_stain,https://dongne.co/events/novel05/circles/139042,"아아─, 이것이 『소설』이라는 것이다. Chapter 5",Day2
잡덕의 최후,소행,,,,,1sp,크툴루게임 속 천재마법사가 되었다 (크법사),"던그화,공조살,의다살,괴담출근",,,,,,"만화,소설,기타,일러스트",@happy_n0vel,https://dongne.co/events/novel05/circles/138951,"아아─, 이것이 『소설』이라는 것이다. Chapter 5",Day2
장발의 축복,lumika0813,,,,,2sp,패스파인더 랭커를위한 바른생활안내서,그녀와 야수 화산귀환 광마회귀 진혼기 시녀로 살아남기,,가람. 견지오. 청명. 유이설.당보.청명.당소소.당군악.아슨지나.테오,,"로맨틱,섹슈얼"," 미오아스, 당보청명당보, 테오도르×아스티나","일러스트,소설,만화",ee22222ee,https://dongne.co/events/novel05/circles/139246,"아아─, 이것이 『소설』이라는 것이다. Chapter 5",Day2
제형의 세상,"유나아린, 하나이, 이구",,,,,2sp,내가 키운 s급들,"괴담에 떨어져도 출근은 해야하는구나,블랙배저,어두운 바다의 등불이 되어",,"한유현,한유진",한유현X한유진,로맨틱,,,"@arin02056, @_00365, @bombi_igu",https://dongne.co/events/novel05/circles/138768,"아아─, 이것이 『소설』이라는 것이다. Chapter 5",Day2
집으로 가자,에,,,,,1sp,"어바등,공회주","문송안함,그드십,명급리,블랙배저",,,,"로맨틱,해당없음,섹슈얼","해량무현, 세르시온, 백호의신, 윤예힐, 멜키레이",소설,,https://dongne.co/events/novel05/circles/138687,"아아─, 이것이 『소설』이라는 것이다. Chapter 5",Day2
계명성 생태 센터,해파리,,,,,2sp,잔차품,,Priest 쁘띠존 - 주일예배,루린,,로맨틱,,,@haepari_all,https://dongne.co/events/novel05/circles/139385,"아아─, 이것이 『소설』이라는 것이다. Chapter 5",Day2
문대를 박박 문대,라미,,,,,2sp,데뷔 못 하면 죽는 병 걸림,,아현문대 쁘띠존 : 데이트의 정석,박문대,선아현X박문대,해당없음,,,@ram_nyang,https://dongne.co/events/novel05/circles/139361,"아아─, 이것이 『소설』이라는 것이다. Chapter 5",Day2
바덴에 가지 않을 거지,봄겨울,,,,,1sp,내스급,"마차살,어바등,섭남파업",,"한유진,루카,정예서,박무현",,,,공예,@harunoprintemps,https://dongne.co/events/novel05/circles/138834,"아아─, 이것이 『소설』이라는 것이다. Chapter 5",Day2
서라벌 무료 카레 급식소,온시,,,,,2sp,진혼기,,자하설영 쁘띠존 | 화랑상사 자설지부,,,로맨틱,,"만화,일러스트",@no30250,https://dongne.co/events/novel05/circles/139564,"아아─, 이것이 『소설』이라는 것이다. Chapter 5",Day2
가나안 신의 사자 노동조합,파네트,,,,,1sp,"공작님,회개해주세요",,,"세르펜스 A. 프라시더스,유선우",세르펜스X유선우,"로맨틱,섹슈얼",,소설,@phanette_duck,https://dongne.co/events/novel05/circles/138737,"아아─, 이것이 『소설』이라는 것이다. Chapter 5",Day2
신앙을 접어 하트 모양으로 만들자,"해핀, 와라",,,,,2sp,어두운 바다의 등불이 되어,,,"김재희,박무현",김재희X박무현,로맨틱,,"소설,공예","@Haefx1n22, @WR0306A",https://dongne.co/events/novel05/circles/139810,"아아─, 이것이 『소설』이라는 것이다. Chapter 5",Day2
이번엔 아닐 거라 믿었는데···,율무,,,,,2sp,화산귀환,,,"당보,청명",,로맨틱,,"일러스트,소설",@yulmu_0131,https://dongne.co/events/novel05/circles/140004,"아아─, 이것이 『소설』이라는 것이다. Chapter 5",Day2
당신의 티그 입니다,윤지,,,,,2sp,블랙 배저,,"블랙배저 쁘띠존 ""역시 블배를 사랑해야지""","힐데,릭,윤,예현,티그",윤X예현,해당없음,,일러스트,yunji_cm,https://dongne.co/events/novel05/circles/140369,"아아─, 이것이 『소설』이라는 것이다. Chapter 5",Day2
비천택 뚫고 하이킥,"옌코, 지참",,,,,2sp,진혼기,,자하설영 쁘띠존 | 화랑상사 자설지부,"자하,설영",자하X설영,"로맨틱,섹슈얼",,만화,yenko135,https://dongne.co/events/novel05/circles/140331,"아아─, 이것이 『소설』이라는 것이다. Chapter 5",Day2
서라벌 명물 첨성대,두두지,,,,,2sp,진혼기,,자하설영 쁘띠존 | 화랑상사 자설지부,"자하,설영",,로맨틱,,,,https://dongne.co/events/novel05/circles/140276,"아아─, 이것이 『소설』이라는 것이다. Chapter 5",Day2
아크릴 빚는 앟문러,찹쌀,,,,,1sp,데뷔 못 하면 죽는 병 걸림,,아현문대 쁘띠존 : 데이트의 정석,"선아현,박문대",선아현X박문대,로맨틱,,기타,@jjabssal_4ah,https://dongne.co/events/novel05/circles/140024,"아아─, 이것이 『소설』이라는 것이다. Chapter 5",Day2
즐거운 부스 나들이,브릭버드,,,,,1sp,데뷔 못하면 죽는 병 걸림,,,테스타,,,,일러스트,,https://dongne.co/events/novel05/circles/139131,"아아─, 이것이 『소설』이라는 것이다. Chapter 5",Day2
사랑도 집안 내력인가 봐요,청우건우 AU 앤솔로지,,,,,2sp,데뷔 못 하면 죽는 병 걸림,,,류청우 류건우,류청우X류건우,,,,@bookcwgw2808,https://dongne.co/events/novel05/circles/139552,"아아─, 이것이 『소설』이라는 것이다. Chapter 5",Day2
전두엽 살살 녹여만든 문큰,렁지,,,,,1sp,데뷔못하면죽는병걸림,,,"박문대,이세진",박문대X이세진,"로맨틱,섹슈얼",,"일러스트,만화",@Lung_G_5658 ,https://dongne.co/events/novel05/circles/139558,"아아─, 이것이 『소설』이라는 것이다. Chapter 5",Day2
반드시 마감 성공하고 만다 ,커피,,,,,2sp,화산귀환,,,,,,,,@gsjajwhha,https://dongne.co/events/novel05/circles/139870,"아아─, 이것이 『소설』이라는 것이다. Chapter 5",Day2
천관이 복을 내리시니 문과라도 안 죄송한 바다의 등불이 되어,양갱갱,,,,,2sp,어두운 바다의 등불이 되어,"문과라도 안 죄송한 이세계로 감,천관사복,인사반파자구계통,이합화타적백묘사존",,"박무현,클레이오,지사,풍사",,해당없음,"재희무현, 지혁지현, 빙추, 연만",일러스트,@27hyun0y0,https://dongne.co/events/novel05/circles/140268,"아아─, 이것이 『소설』이라는 것이다. Chapter 5",Day2
노을진 시리얼,"낙조, oat",,,,,2sp,데뷔 못하면 죽는 병 걸림(데못죽),,,"차유진,김래빈",차유진X김래빈,"섹슈얼,로맨틱",,소설,,https://dongne.co/events/novel05/circles/138570,"아아─, 이것이 『소설』이라는 것이다. Chapter 5",Day2
만두와 토마토,ㅁ,,,,,1sp,전지적 독자시점,,,,,,,기타,,https://dongne.co/events/novel05/circles/139120,"아아─, 이것이 『소설』이라는 것이다. Chapter 5",Day2
말랑이 거래소,무명,,,,,1sp,블랙배저,,"블랙배저 쁘띠존 ""역시 블배를 사랑해야지""",,,,,일러스트,,https://dongne.co/events/novel05/circles/139021,"아아─, 이것이 『소설』이라는 것이다. Chapter 5",Day2
맛있는 파스타,BN,,,,,2sp,괴담에 떨어져도 출근을 해야 하는구나,,,,,,,,,https://dongne.co/events/novel05/circles/138611,"아아─, 이것이 『소설』이라는 것이다. Chapter 5",Day2
묘즈의 마법사,묘즈,,,,,2sp,화산귀환,,,청명 등등,,,,소설,@4saho4,https://dongne.co/events/novel05/circles/139993,"아아─, 이것이 『소설』이라는 것이다. Chapter 5",Day2
무알콜 샴페인,무알콜,,,,,1sp,"데뷔 못 하면 죽는 병 걸림,데못죽",,,"청려,류건우",,,청려문대,,,https://dongne.co/events/novel05/circles/139209,"아아─, 이것이 『소설』이라는 것이다. Chapter 5",Day2
뭐라도 내겠지,깡,,,,,1sp,블랙배저,백작가의 망나니가 되었다,"블랙배저 쁘띠존 ""역시 블배를 사랑해야지""",힐데베르트 탈레브,,,,소설,@ggangggangi_,https://dongne.co/events/novel05/circles/139197,"아아─, 이것이 『소설』이라는 것이다. Chapter 5",Day2
미남과 고양이,"우잉, 테라",,,,,2sp,"묵독,잔차품",,Priest 쁘띠존 - 주일예배,"뤄원저우,페이두,루비싱,린징헝",,"로맨틱,섹슈얼,해당없음",,"만화,일러스트,소설",,https://dongne.co/events/novel05/circles/140430,"아아─, 이것이 『소설』이라는 것이다. Chapter 5",Day2
본좌는 엔프피,칠렘,,,,,1sp,천마는 아이돌이 되었다,아포칼립스엔 고인물이 필요해요,,,위화진X점소의,,,,@3ORGNing,https://dongne.co/events/novel05/circles/138959,"아아─, 이것이 『소설』이라는 것이다. Chapter 5",Day2
새벽별 오타쿠,솔,,,,,2sp,"명급리,화산귀환",,,,,,,,@bidamsora,https://dongne.co/events/novel05/circles/138728,"아아─, 이것이 『소설』이라는 것이다. Chapter 5",Day2
서라벌 특공대,첨지,,,,,2sp,진혼기,천관사복,자하설영 쁘띠존 | 화랑상사 자설지부,"자하,설영",자하X설영,로맨틱,화성사련,소설,@MOFShm,https://dongne.co/events/novel05/circles/139159,"아아─, 이것이 『소설』이라는 것이다. Chapter 5",Day2
수상한 짬뽕집,수식,,,,,1sp,데못죽,"이착헌,어바등",,,문대X큰세,해당없음,,"일러스트,만화",dod_SS,https://dongne.co/events/novel05/circles/139590,"아아─, 이것이 『소설』이라는 것이다. Chapter 5",Day2
심해어 락밴드,심해어,,,,,2sp,화산귀환,"전지적 독자 시점,이세계 착각 헌터",,,,,,소설,@deepdownsee_ome,https://dongne.co/events/novel05/circles/138789,"아아─, 이것이 『소설』이라는 것이다. Chapter 5",Day2
웃어라 망둥아,꺄르륵,,,,,2sp,화산귀환,,,청명,,,,"일러스트,소설,만화",kkyaleuleuk,https://dongne.co/events/novel05/circles/139450,"아아─, 이것이 『소설』이라는 것이다. Chapter 5",Day2
전하의 만터우,74NYU,,,,,1sp,천관사복,,,"화성,사련",화성X사련,"로맨틱,섹슈얼",,소설,@74NYU,https://dongne.co/events/novel05/circles/139441,"아아─, 이것이 『소설』이라는 것이다. Chapter 5",Day2
찬란히 빛나는,하늘,,,,,2sp,데뷔 못 하면 죽는 병 걸림,,아현문대 쁘띠존 : 데이트의 정석,"선아현,박문대",선아현X박문대,로맨틱,,,@skypurple0__0,https://dongne.co/events/novel05/circles/140113,"아아─, 이것이 『소설』이라는 것이다. Chapter 5",Day2
탈덕은 없더라,롱귤,,,,,2sp,서브 남주가 파업하면 생기는 일,,,,세드리크X정예서,,,"일러스트,만화",MD_gyu1,https://dongne.co/events/novel05/circles/138496,"아아─, 이것이 『소설』이라는 것이다. Chapter 5",Day2
인외가 되어라 얍,수쿠,,,,,1sp,던전을 그리는 화가 (던그화),"크법사,이착헌,의다살,마차살,명급리,괴담출근 등",,,,,,일러스트,@sukusukusk,https://dongne.co/events/novel05/circles/140078,"아아─, 이것이 『소설』이라는 것이다. Chapter 5",Day2
잊혀진 노래의 숲,은해,,,,,1sp,어두운 바다의 등불이 되어,,,,서지혁X신해량,로맨틱,,소설,,https://dongne.co/events/novel05/circles/138630,"아아─, 이것이 『소설』이라는 것이다. Chapter 5",Day2
달빛은 거스를 수 없어서,꾼,,,,,2sp,내가 키운 s급들,,,현제유진,성현제X한유진,해당없음,,소설,,https://dongne.co/events/novel05/circles/138995,"아아─, 이것이 『소설』이라는 것이다. Chapter 5",Day2
괴물과 미소녀 군주,쿠소수집가,,,,,1sp,창조주의편애법,괴담출근,,"맹순우,미스언노운",,,,일러스트,,https://dongne.co/events/novel05/circles/138578,"아아─, 이것이 『소설』이라는 것이다. Chapter 5",Day2
흑발의 반대는 갈발,용,,,,,2sp,잔차품,살파랑,Priest 쁘띠존 - 주일예배,,루비싱X린징헝,,창구,,RYU_ATM,https://dongne.co/events/novel05/circles/140194,"아아─, 이것이 『소설』이라는 것이다. Chapter 5",Day2
우리네 가슴엔 꿈도 많다,이지,,,,,2sp,화산귀환,,화산귀환 조걸윤종 쁘띠존/ 조윤은 그대로면 된다,"청명,당소소,조걸,윤종",,로맨틱,,"만화,소설",@Daisy27from,https://dongne.co/events/novel05/circles/139574,"아아─, 이것이 『소설』이라는 것이다. Chapter 5",Day2
화산이 귀하지 그럼 뭣이 중헌디,바로,,,,,4sp,화산귀환,,,청명,,"섹슈얼,로맨틱",,,@ba_yaheuro,https://dongne.co/events/novel05/circles/139094,"아아─, 이것이 『소설』이라는 것이다. Chapter 5",Day2
힐데가 좋아서 부스 내버림,지밀,,,,,1sp,블랙배저,없음,"블랙배저 쁘띠존 ""역시 블배를 사랑해야지""",힐데베르트 탈레브,,,,소설,@JimilBlove,https://dongne.co/events/novel05/circles/140440,"아아─, 이것이 『소설』이라는 것이다. Chapter 5",Day2
다음엔 절대로 같이 일하지 맙시다,노체,,,,,2sp,어두운 바다의 등불이 되어,,,"신해량,서지혁",신해량X서지혁,로맨틱,,"만화,일러스트",@unanocheoscura_,https://dongne.co/events/novel05/circles/139857,"아아─, 이것이 『소설』이라는 것이다. Chapter 5",Day2
이렇게 진심이 될줄 몰랐는데,은퍄,,,,,1sp,전지적 독자시점,서브남주가 파업하면 생기는 일,,"유중혁,김독자",,로맨틱,요한예서,소설,@jds_eun20200202,https://dongne.co/events/novel05/circles/139961,"아아─, 이것이 『소설』이라는 것이다. Chapter 5",Day2
뒤늦은 입덕이 가장 무섭다더니만,서소현,,,,,1sp,이세계 착각 헌터,,,,,,,소설,,https://dongne.co/events/novel05/circles/138558,"아아─, 이것이 『소설』이라는 것이다. Chapter 5",Day2
"중독에 중독된 사람, 엋문도 중독됨",밀리,,,,,2sp,데뷔 못하면 죽는 병 걸림,전지적 독자 시점,,"김독자,유중혁,청려,신재현,박문대",청려X문대,"로맨틱,섹슈얼",중혁독자,일러스트,@M3OWKKAM,https://dongne.co/events/novel05/circles/139665,"아아─, 이것이 『소설』이라는 것이다. Chapter 5",Day2
건강한 무설탕 복숭아,"사리, 치토",,,,,1sp,내가 키운 S급들,,"현제유진 쁘띠존 ""HotpinkairwaY""","성현제,한유진",성현제X한유진,로맨틱,,기타,"@pikabunzukSari , @cheetofollowing",https://dongne.co/events/novel05/circles/139179,"아아─, 이것이 『소설』이라는 것이다. Chapter 5",Day2
너네가 친구야 부부야,딥,,,,,1sp,데뷔 못 하면 죽는 병 걸림,,아현문대 쁘띠존 : 데이트의 정석,"선아현,박문대",선아현X박문대,로맨틱,,"소설,일러스트",,https://dongne.co/events/novel05/circles/139910,"아아─, 이것이 『소설』이라는 것이다. Chapter 5",Day2
이상한 나라의 잡화점,피치,,,,,2sp,,,,,,,,,@__peach_S2,https://dongne.co/events/novel05/circles/139345,"아아─, 이것이 『소설』이라는 것이다. Chapter 5",Day2
어두운 바다의 복수가 죽는 병 걸림,족장,,,,,1sp,어두운 바다의 등불이 되어,"데뷔 못하면 죽는 병 걸림,불우한 삶,완벽한 복수를 위하여",,"김재희,박무현,신해량",,로맨틱,"주단청려(단엋, 정우단X신재현), 제롬레몬(제레, 제롬X레이몬드)","일러스트,소설,기타",@JJotjang,https://dongne.co/events/novel05/circles/139955,"아아─, 이것이 『소설』이라는 것이다. Chapter 5",Day2
외계인 침공시 좀비가 먼저 잡아먹힌다,157,,,,,1sp,이세계 착각 헌터,좀비물은 항상 쓰레기들이 오래 산다,,"윤시찬,우태정,김기려",윤시찬X우태정,"로맨틱,섹슈얼",,"일러스트,만화",@157eg,https://dongne.co/events/novel05/circles/140100,"아아─, 이것이 『소설』이라는 것이다. Chapter 5",Day2
강호의 도리가 바다에 떨어짐,수박,,,,,2sp,화산귀환,어두운 바다의 등불이 되어,,"청명,박무현",,로맨틱,,"일러스트,만화",@THIS2THEWAY,https://dongne.co/events/novel05/circles/140188,"아아─, 이것이 『소설』이라는 것이다. Chapter 5",Day2
은광고 어둠의 동인부 동계결산,오십,,,,,1sp,명문고 EX급 조연의 리플레이,,,,황호X조의신,로맨틱,,만화,@50rang,https://dongne.co/events/novel05/circles/140412,"아아─, 이것이 『소설』이라는 것이다. Chapter 5",Day2
사숙과 사질의 불순관계,삐생,,,,,4sp,화산귀환,,청명백천 쁘띠존 <청명아! 백천아! 혼인했으니 신행가자!>,"청명,백천",청명X백청,"로맨틱,섹슈얼",,"소설,만화,기타",@Volcano_ging,https://dongne.co/events/novel05/circles/139873,"아아─, 이것이 『소설』이라는 것이다. Chapter 5",Day2
어두운 바다의 어푸어푸,보부상,,,,,1sp,어두운바다의등불이되어,,,,,,,,@bobusang0,https://dongne.co/events/novel05/circles/140413,"아아─, 이것이 『소설』이라는 것이다. Chapter 5",Day2
어두운 바닷속 파인애플,끝살,,,,,1sp,어두운 바다의 등불이 되어,,,,,,,,@beepdlue,https://dongne.co/events/novel05/circles/140328,"아아─, 이것이 『소설』이라는 것이다. Chapter 5",Day2
청명에 당보에 문대문대,능au,,,,,2sp,화산귀한,데뷔 못하면 죽는 병 걸림,,청명,,,청려문대(엋문_데못죽),일러스트,@G_AppleT516,https://dongne.co/events/novel05/circles/139669,"아아─, 이것이 『소설』이라는 것이다. Chapter 5",Day2
그룹내 연애는 상관없지 않나?,판사,,,,,2sp,데못죽,"괴담출근,이착헌",,,,,,,,https://dongne.co/events/novel05/circles/139118,"아아─, 이것이 『소설』이라는 것이다. Chapter 5",Day2
어두운 독일의 재림예수가 되어,솔,,,,,1sp,,,,,,,,"소설,공예,일러스트",,https://dongne.co/events/novel05/circles/139731,"아아─, 이것이 『소설』이라는 것이다. Chapter 5",Day2
건우와 문대를 오른쪽으로 밀어서 왼의 품으로~,서연,,,,,1sp,데뷔 못 하면 죽는 병 걸림,,,"청려,류건우,박문대,이세진,김래빈",청려X문대,"로맨틱,섹슈얼","청려건우, 큰세문대, 래빈문대 등",소설,@SY_Ti_viewer,https://dongne.co/events/novel05/circles/138711,"아아─, 이것이 『소설』이라는 것이다. Chapter 5",Day2
문큰이 될까요?,"maji, besos",,,,,2sp,데뷔 못하면 죽는 병 걸림,,,박문대 큰세진 큰달 류건우,박문대X이세진,"로맨틱,섹슈얼",국밥즈,"만화,소설,일러스트","@samsamsam339, @Cinnabluv",https://dongne.co/events/novel05/circles/138822,"아아─, 이것이 『소설』이라는 것이다. Chapter 5",Day2
차남표 살림법. 오늘도 환~히!,망나,,,,,2sp,마법명가 차남으로 살아남는 법,,,,,,,일러스트,@dmasal0,https://dongne.co/events/novel05/circles/140536,"아아─, 이것이 『소설』이라는 것이다. Chapter 5",Day2
건우야 데뷔하자,마카,,,,,1sp,데못죽,,,,,,,,,https://dongne.co/events/novel05/circles/139040,"아아─, 이것이 『소설』이라는 것이다. Chapter 5",Day2
그렇게 됐습니다,독구,,,,,2sp,데뷔 못하면 죽는 병 걸림,,,박문대,류청우X박문대,로맨틱,문대른,만화,,https://dongne.co/events/novel05/circles/139704,"아아─, 이것이 『소설』이라는 것이다. Chapter 5",Day2
당보랑 청명이랑,맹,,,,,1sp,화산귀환,,,,당보X청명,로맨틱,,"만화,일러스트",@huamountain,https://dongne.co/events/novel05/circles/139227,"아아─, 이것이 『소설』이라는 것이다. Chapter 5",Day2
마감은 집착광공,"두부, 삼이사",,,,,2sp,데못죽,괴담출근,,박문대,청려X문대,로맨틱,큰문,일러스트,dbu_4068,https://dongne.co/events/novel05/circles/139229,"아아─, 이것이 『소설』이라는 것이다. Chapter 5",Day2
백수네 구멍가게,괴담백수,,,,,1sp,괴담에 떨어져도 출근을 해야 하는구나,,,,이자헌X김솔음,해당없음,,소설,@goedambaeg34688,https://dongne.co/events/novel05/circles/140085,"아아─, 이것이 『소설』이라는 것이다. Chapter 5",Day2
보제관 학여울점,재규,,,,,2sp,천관사복,,,화성사련,,로맨틱,,일러스트,jagu_4r,https://dongne.co/events/novel05/circles/138746,"아아─, 이것이 『소설』이라는 것이다. Chapter 5",Day2
서라벌 동물농장,"토끼, 자꾸 넘어지는 상어",,,,,2sp,진혼기,,자하설영 쁘띠존 | 화랑상사 자설지부,"자하,설영",자하X설영,,,,"@R_A__BBIT, @falling_shark",https://dongne.co/events/novel05/circles/138660,"아아─, 이것이 『소설』이라는 것이다. Chapter 5",Day2
양심적 설정붕괴,소아월,,,,,2sp,내가 키운 S급들,,"현제유진 쁘띠존 ""HotpinkairwaY""","성현제,한유진",성현제X한유진,섹슈얼,,"만화,일러스트",@Child_C_Moon,https://dongne.co/events/novel05/circles/139070,"아아─, 이것이 『소설』이라는 것이다. Chapter 5",Day2
케일님 보우하사,듀라엘,,,,,2sp,백작가의 망나니가 되었다,진혼기,,,,,,,@ebfkdpf,https://dongne.co/events/novel05/circles/138677,"아아─, 이것이 『소설』이라는 것이다. Chapter 5",Day2
화음현 슈룹상점,슈아,,,,,1sp,화산귀환,,,청명,,,,"공예,기타,일러스트",@lisian_c,https://dongne.co/events/novel05/circles/140180,"아아─, 이것이 『소설』이라는 것이다. Chapter 5",Day2
독자가 치과의사 못 하면 죽는 병 걸림,점일,,,,,1sp,데뷔 못하면 죽는 병 걸림,"전지적 독자 시점,어두운 바다의 등불이 되어",,"청려,박문대,유중혁,김독자",,해당없음,"청려, 건우 중혁, 독자","만화,일러스트,소설,기타",@1111_1Ran,https://dongne.co/events/novel05/circles/139561,"아아─, 이것이 『소설』이라는 것이다. Chapter 5",Day2
형제를 사랑하는 두명~형제사랑단♥,"갱쥐, 수풀",,,,,1sp,"의원,다시살다",,,"의각즈,제갈린,진천희,유호",,,,"일러스트,만화,소설","@mushroom_purin, @63ho63",https://dongne.co/events/novel05/circles/139582,"아아─, 이것이 『소설』이라는 것이다. Chapter 5",Day2
명문고 구경하고 싶은 사람,사비와,,,,,1sp,명문고 EX급 조연의 리플레이,,,"조의신,황지호,백호군,은호,김신록,용제건",,,,,@Sabiwa_chicken,https://dongne.co/events/novel05/circles/139328,"아아─, 이것이 『소설』이라는 것이다. Chapter 5",Day2
어차피 말아먹은 인생 청송에 말아 먹으면 더 맛있다,비고,,,,,1sp,화산귀환,,,"청명,이송백",청명X이송백,"로맨틱,섹슈얼",,소설,@nunkkall,https://dongne.co/events/novel05/circles/139739,"아아─, 이것이 『소설』이라는 것이다. Chapter 5",Day2
나야나 매화검존 당사천,이삭,,,,,1sp,"화산귀환,천마돌",아고필,,,,,,,@Esak_5d6q,https://dongne.co/events/novel05/circles/139460,"아아─, 이것이 『소설』이라는 것이다. Chapter 5",Day2
간악한 흡혈수괴 처단을 위한 달세계 헌터동무 연합회,Hue,,,,,2sp,월야환담,,,한세건,,,,소설,@to_be_innocent_,https://dongne.co/events/novel05/circles/139097,"아아─, 이것이 『소설』이라는 것이다. Chapter 5",Day2
이실님 희신강징 볼려고 납치함,"다함솜, 이실",,,,,2sp,마도조사,,,"남희신,강만음",남희신X강만음,로맨틱,,"만화,일러스트","@ak_by_3, @Isill_0_0",https://dongne.co/events/novel05/circles/138506,"아아─, 이것이 『소설』이라는 것이다. Chapter 5",Day2
상으로 오렌지를 받은지 얼마나 오렌지,뭉뭉,,,,,1sp,어두운바다의등불이되어,어바등,,,,해당없음,"째무, 해무, 해무째","만화,공예",@mungmung_8m8,https://dongne.co/events/novel05/circles/139008,"아아─, 이것이 『소설』이라는 것이다. Chapter 5",Day2
이것은 사파인가 정파인가,백,,,,,2sp,화산귀환,,,"청명,장일소",,,,"만화,일러스트",@bac_r0,https://dongne.co/events/novel05/circles/140420,"아아─, 이것이 『소설』이라는 것이다. Chapter 5",Day2
전하는 대가리를 사랑했네,잠탱이,,,,,1sp,화산귀환,천관사복,,,,,,,,https://dongne.co/events/novel05/circles/139948,"아아─, 이것이 『소설』이라는 것이다. Chapter 5",Day2
유혀니 형아에요?,페이지,,,,,1sp,내스급,,유현유진 쁘띠존 :: 2025 AWARDS,,,,,,,https://dongne.co/events/novel05/circles/138887,"아아─, 이것이 『소설』이라는 것이다. Chapter 5",Day2
좋았던 옛날처럼?,위리위리,,,,,1sp,블랙배저,,"블랙배저 쁘띠존 ""역시 블배를 사랑해야지""",카일,,,,"만화,일러스트",@wiri_wiri_,https://dongne.co/events/novel05/circles/138943,"아아─, 이것이 『소설』이라는 것이다. Chapter 5",Day2
이것은 잡탕인듯...,잠만보,,,,,1sp,백작가의 망나니가 되었다,내가 키운 s급들,,케일,,,,소설,,https://dongne.co/events/novel05/circles/139241,"아아─, 이것이 『소설』이라는 것이다. Chapter 5",Day2
거래처 육아파트너,하현,,,,,1sp,내가 키운 S급들,,"현제유진 쁘띠존 ""HotpinkairwaY""","성현제,한유진",성현제X한유진,로맨틱,,"만화,일러스트",@51h24,https://dongne.co/events/novel05/circles/138741,"아아─, 이것이 『소설』이라는 것이다. Chapter 5",Day2
거양전 정상영업중,연납,,,,,2sp,천관사복,,,풍신 모정,,해당없음,,일러스트,@renconabductor,https://dongne.co/events/novel05/circles/138538,"아아─, 이것이 『소설』이라는 것이다. Chapter 5",Day2
은디네 핫도그가게,은디,,,,,2sp,진혼기,진혼기,자하설영 쁘띠존 | 화랑상사 자설지부,"자하,설영",자하X설영,로맨틱,,소설,@Ttjes1217,https://dongne.co/events/novel05/circles/139157,"아아─, 이것이 『소설』이라는 것이다. Chapter 5",Day2
쵸앤챠 서라벌지점,으랏챠챠,,,,,2sp,진혼기,화산귀환,자하설영 쁘띠존 | 화랑상사 자설지부,"자하,설영",,,,,@qawsedcici,https://dongne.co/events/novel05/circles/139019,"아아─, 이것이 『소설』이라는 것이다. Chapter 5",Day2
화음현 도떼기시장,연푸른,,,,,4sp,화산귀환,,,화산귀환 캐릭터 다수,,,,"일러스트,만화,소설,공예",@trapcardmim,https://dongne.co/events/novel05/circles/139287,"아아─, 이것이 『소설』이라는 것이다. Chapter 5",Day2
화음현 소동물문고,김닌,,,,,2sp,화산귀환,,,"당보,청명",당보X청명,로맨틱,,소설,@roretzi1323,https://dongne.co/events/novel05/circles/140269,"아아─, 이것이 『소설』이라는 것이다. Chapter 5",Day2
트친님 내기할래요 ,에필,,,,,1sp,의다살,"진혼기,반월당",,"제갈린,진천희,유호",,,,"만화,일러스트",@epil914789,https://dongne.co/events/novel05/circles/140119,"아아─, 이것이 『소설』이라는 것이다. Chapter 5",Day2
호구마 호박고구마!,산이풍,,,,,1sp,데뷔못하면죽는병걸림,,,박문대 외,,,,,@ssooomin,https://dongne.co/events/novel05/circles/139829,"아아─, 이것이 『소설』이라는 것이다. Chapter 5",Day2
괴담도 유행입니까?,소요,,,,,1sp,괴담에 떨어져도 출근은 해야 하는구나,,,"이자헌,브라운,J3",,,,일러스트,@soyoyuny,https://dongne.co/events/novel05/circles/140530,"아아─, 이것이 『소설』이라는 것이다. Chapter 5",Day2
댕댕이 행복추구협회,알레사,,,,,2sp,블랙배저,,"블랙배저 쁘띠존 ""역시 블배를 사랑해야지""",힐데베르트,최윤X힐데베르트,로맨틱,"예현힐데, 릭힐데",소설,,https://dongne.co/events/novel05/circles/139046,"아아─, 이것이 『소설』이라는 것이다. Chapter 5",Day2
은광고 교내공개연애권장위원회 디페지부,찬라,,,,,1sp,"명문고 EX급 조연의 리플레이,명급리",,,"황지호,조의신",황지호X조의신,"로맨틱,섹슈얼",,,@chanlandise,https://dongne.co/events/novel05/circles/139880,"아아─, 이것이 『소설』이라는 것이다. Chapter 5",Day2
"진혼기,명급리 외 짬뽕다수",편자,,,,,2sp,진혼기,"진혼기,명급리,김아싫,반월당 짬뽕다수",자하설영 쁘띠존 | 화랑상사 자설지부,,,해당없음,백란유단,"만화,일러스트",@vuswk12345,https://dongne.co/events/novel05/circles/138689,"아아─, 이것이 『소설』이라는 것이다. Chapter 5",Day2
유진아!!,헌혈마스터,,,,,1sp,"<내가 키운 S급들>,<전지적 독자 시점>을 포함한 웹소설",,,"한유진,한유현,성현제,김독자 등",,,,"공예,기타",LT_dogo,https://dongne.co/events/novel05/circles/139319,"아아─, 이것이 『소설』이라는 것이다. Chapter 5",Day2
단장님!단장님!단장님!단장님!,안나,,,,,1sp,블랙배저,,"블랙배저 쁘띠존 ""역시 블배를 사랑해야지""",힐데베르트,,,,일러스트,,https://dongne.co/events/novel05/circles/138580,"아아─, 이것이 『소설』이라는 것이다. Chapter 5",Day2
가져와. 비싼 거야.,SEMO,,,,,2sp,화산귀환,,,"장일소,청명",장일소X청명,"로맨틱,섹슈얼",,소설,@HQ_SEMO,https://dongne.co/events/novel05/circles/138520,"아아─, 이것이 『소설』이라는 것이다. Chapter 5",Day2
러뷰어. 이것뭐에요?,"35, 필실",,,,,1sp,"데뷔못하면죽는병걸림,데못죽",,아현문대 쁘띠존 : 데이트의 정석,"선아현,박문대,류건우",선아현X박문대,"로맨틱,섹슈얼","아현문대, 아현건우, 앟문, 앟건","소설,일러스트","@AHloveisu, @pilsili ",https://dongne.co/events/novel05/circles/140142,"아아─, 이것이 『소설』이라는 것이다. Chapter 5",Day2
어쩌지...,챠이,,,,,2sp,데뷔 못 하면 죽는 병 걸림,,,,,,,,CHA_E_moum,https://dongne.co/events/novel05/circles/140208,"아아─, 이것이 『소설』이라는 것이다. Chapter 5",Day2
회과육.동파육.연근갈비탕,한국산중국인,,,,,4sp,화산귀환,마도조사,,청명,,로맨틱,"백천청명, 망기무선","만화,소설,일러스트",00g_00g,https://dongne.co/events/novel05/circles/139593,"아아─, 이것이 『소설』이라는 것이다. Chapter 5",Day2
좌상고(좌측 상선 고정이라는 뜻),영사,,,,,2sp,진혼기,,자하설영 쁘띠존 | 화랑상사 자설지부,자하 설영,자하X설영,"로맨틱,섹슈얼",,소설,@youngsaa0614,https://dongne.co/events/novel05/circles/139371,"아아─, 이것이 『소설』이라는 것이다. Chapter 5",Day2
외국인(한국인임)을 믿기,쌈밥,,,,,2sp,명급리,,,,,,,,@dq0ow,https://dongne.co/events/novel05/circles/138977,"아아─, 이것이 『소설』이라는 것이다. Chapter 5",Day2
한국인(검은머리)을 믿기,디디,,,,,2sp,명급리,주컨곤,,,,,,,,https://dongne.co/events/novel05/circles/139059,"아아─, 이것이 『소설』이라는 것이다. Chapter 5",Day2
가보자고,우림,,,,,1sp,화산귀환,,,당보청명,당보X청명,로맨틱,,"만화,소설",_Ulim_,https://dongne.co/events/novel05/circles/138616,"아아─, 이것이 『소설』이라는 것이다. Chapter 5",Day2
가보자고,호,,,,,1sp,명문고 ex급 조연의 리플레이,화산귀환,,"청명,조의신",,,,"일러스트,기타",@ho39__,https://dongne.co/events/novel05/circles/139482,"아아─, 이것이 『소설』이라는 것이다. Chapter 5",Day2
가속등선,가본,,,,,4sp,화산귀환,,,당잔,,,,일러스트,followtheblos,https://dongne.co/events/novel05/circles/139499,"아아─, 이것이 『소설』이라는 것이다. Chapter 5",Day2
개곰반점,컨뿌,,,,,2sp,데뷔못하면죽는병걸림,,,"박문대,이세진",박문대X큰세진,"로맨틱,섹슈얼",,"일러스트,만화,공예",@controlppu,https://dongne.co/events/novel05/circles/138692,"아아─, 이것이 『소설』이라는 것이다. Chapter 5",Day2
개굴상점,유나,,,,,1sp,,,,,,,,,,https://dongne.co/events/novel05/circles/139271,"아아─, 이것이 『소설』이라는 것이다. Chapter 5",Day2
관상식물,"noname, 스슥",,,,,2sp,내가 키운 S급들,,"현제유진 쁘띠존 ""HotpinkairwaY""",,성현제X한유진,,,,,https://dongne.co/events/novel05/circles/138564,"아아─, 이것이 『소설』이라는 것이다. Chapter 5",Day2
냥냥멍멍,Q,,,,,1sp,데못죽,,,박문대,,,,일러스트,@sleep_very_well,https://dongne.co/events/novel05/circles/139016,"아아─, 이것이 『소설』이라는 것이다. Chapter 5",Day2
네코마마,"레이카, 마키시, 시에",,,,,4sp,데뷔 못 하면 죽는 병 걸림,"화산귀환,광마회귀,블랙배저,괴담에 떨어져도 출근을 해야 하는구나",,"박문대(오른쪽) / 테스타,브이틱",,,,,"@rayca01, @makisi17, @sye51244kk, @nekomoms",https://dongne.co/events/novel05/circles/138519,"아아─, 이것이 『소설』이라는 것이다. Chapter 5",Day2
댄싱래빗,댄싱래빗,,,,,2sp,,,,,,,,공예,https://x.com/oyo_atelier,https://dongne.co/events/novel05/circles/138997,"아아─, 이것이 『소설』이라는 것이다. Chapter 5",Day2
도원결의,키우,,,,,2sp,화산귀환,"진혼기,블랙배저",,청명,,,,"만화,일러스트,소설,사진,공예",@chungjabaelove ,https://dongne.co/events/novel05/circles/139871,"아아─, 이것이 『소설』이라는 것이다. Chapter 5",Day2
러브앤문,러브앤문,,,,,2sp,,,,,,,,공예,,https://dongne.co/events/novel05/circles/139263,"아아─, 이것이 『소설』이라는 것이다. Chapter 5",Day2
마요공방,마요,,,,,2sp,수공예,"괴담출근,이찾헌",,,,,,,@ piece0and,https://dongne.co/events/novel05/circles/139763,"아아─, 이것이 『소설』이라는 것이다. Chapter 5",Day2
만고천추,화니,,,,,1sp,인사반파자구계통,,,"낙빙하,심청추",낙빙하X심청추,"로맨틱,섹슈얼",,소설,@lucein_,https://dongne.co/events/novel05/circles/140353,"아아─, 이것이 『소설』이라는 것이다. Chapter 5",Day2
매화가되,사짱,,,,,2sp,화산귀환,,,화산귀환 all,,"로맨틱,섹슈얼",일소청명,"일러스트,소설",joongwon_4jjang,https://dongne.co/events/novel05/circles/139736,"아아─, 이것이 『소설』이라는 것이다. Chapter 5",Day2
매화혼록,직화순두부,,,,,2sp,화산귀환,,,백천. 청명,,로맨틱,,일러스트,@soft_tofu0820,https://dongne.co/events/novel05/circles/140036,"아아─, 이것이 『소설』이라는 것이다. Chapter 5",Day2
모몬가즈,"모구토,꾼,프렘,샤오에",,,,,2sp,내가 키운 S급들,,"현제유진 쁘띠존 ""HotpinkairwaY""",,성현제X한유진,,,,@nsg_mo  @charms2_19HYeat @applemcloset @under_the_oe,https://dongne.co/events/novel05/circles/138604,"아아─, 이것이 『소설』이라는 것이다. Chapter 5",Day2
무릉도원,벽도랑,,,,,1sp,진혼기,"반월당,화산귀환,광마회귀",자하설영 쁘띠존 | 화랑상사 자설지부,,자하X설영,로맨틱,,"만화,일러스트,소설",@byeokdolang,https://dongne.co/events/novel05/circles/138810,"아아─, 이것이 『소설』이라는 것이다. Chapter 5",Day2
문어구이,문어구이,,,,,2sp,데뷔 못 하면 죽는 병 걸림,플레이브(PLAVE),아현문대 쁘띠존 : 데이트의 정석,,선아현X박문대,,,"일러스트,만화,기타",@moonuuh,https://dongne.co/events/novel05/circles/138897,"아아─, 이것이 『소설』이라는 것이다. Chapter 5",Day2
반짝조각,반짝,,,,,1sp,왕은 웃었다,"길라잡이의 등불,반월당의 기묘한 이야기,진혼기",,,,,,,@jyge95,https://dongne.co/events/novel05/circles/138554,"아아─, 이것이 『소설』이라는 것이다. Chapter 5",Day2
배저가되,붱붱,,,,,1sp,블랙배저,,"블랙배저 쁘띠존 ""역시 블배를 사랑해야지""",힐데,,,,,nuligim415103,https://dongne.co/events/novel05/circles/139012,"아아─, 이것이 『소설』이라는 것이다. Chapter 5",Day2
벨로벨로,벨로,,,,,1sp,화산귀환,,,,,,,,kurobina_win,https://dongne.co/events/novel05/circles/139051,"아아─, 이것이 『소설』이라는 것이다. Chapter 5",Day2
벼락치기,용,,,,,2sp,화산귀환,,,,,,,일러스트,@hwasanyong,https://dongne.co/events/novel05/circles/140167,"아아─, 이것이 『소설』이라는 것이다. Chapter 5",Day2
쁘띠뽀짝,뽀짝쿵야,,,,,2sp,화산귀환,"데못죽,하이큐,슬램덩크,전독시,내스급,플레이브,코난",,,,,,,@BBoJJaKKyu,https://dongne.co/events/novel05/circles/138673,"아아─, 이것이 『소설』이라는 것이다. Chapter 5",Day2
사파녀석,"볼케이노, 소1장, 왹",,,,,2sp,화산귀환,"괴담출근,괴담에 떨어져도 출근을 해야 하는구나",화산귀환 사파 쁘띠존 : 사파일통,장일소,장일소X호가명,"로맨틱,섹슈얼,해당없음","장일소X임소병, 김솔음X브라운X김솔음, 김솔음X브라운","만화,일러스트,소설,기타,공예","vol__cano, sojang_o",https://dongne.co/events/novel05/circles/139664,"아아─, 이것이 『소설』이라는 것이다. Chapter 5",Day2
사파자식,ㄱㄱㄹㅇ,,,,,4sp,화산귀환,,화산귀환 사파 쁘띠존 : 사파일통,"장일소,호가명,임소병",장일소X임소병,"로맨틱,섹슈얼","장일소x호가명,삼사파",소설,@_Gwon_218,https://dongne.co/events/novel05/circles/139603,"아아─, 이것이 『소설』이라는 것이다. Chapter 5",Day2
산신의숲,산신,,,,,2sp,화산귀환,,화산귀환 사파 쁘띠존 : 사파일통,,,,,,177_1010,https://dongne.co/events/novel05/circles/139895,"아아─, 이것이 『소설』이라는 것이다. Chapter 5",Day2
삼인삼색,시야,,,,,1sp,화산귀환,,,,,,,,,https://dongne.co/events/novel05/circles/139886,"아아─, 이것이 『소설』이라는 것이다. Chapter 5",Day2
소설출근,"장벅,뽁숭",,,,,2sp,괴담에 떨어져도 출근을 해야하는구나,"화산귀환,전지적독자시점",,김솔음 위주,김솔음X백사헌,로맨틱,"솔음사헌, NCP","만화,일러스트",To_Jangbeok,https://dongne.co/events/novel05/circles/139024,"아아─, 이것이 『소설』이라는 것이다. Chapter 5",Day2
슬기공방,aluaz03,,,,,1sp,,,,,,,,,,https://dongne.co/events/novel05/circles/138901,"아아─, 이것이 『소설』이라는 것이다. Chapter 5",Day2
식전산채,악개,,,,,1sp,화산귀환,,화산귀환 사파 쁘띠존 : 사파일통,임소병,,,,,Cheong_S2_,https://dongne.co/events/novel05/circles/139979,"아아─, 이것이 『소설』이라는 것이다. Chapter 5",Day2
십리십리,십리,,,,,2sp,진혼기,전독시,자하설영 쁘띠존 | 화랑상사 자설지부,"김자하,김설영,유중혁,김독자",김자하X김설영,로맨틱,중혁독자,,@10n_nri,https://dongne.co/events/novel05/circles/139005,"아아─, 이것이 『소설』이라는 것이다. Chapter 5",Day2
쌀떡가게,쌀떡,,,,,1sp,데뷔 못하면 죽는 병 걸림,,아현문대 쁘띠존 : 데이트의 정석,"선아현,박문대",선아현X박문대,로맨틱,,기타,@ssalddk,https://dongne.co/events/novel05/circles/139506,"아아─, 이것이 『소설』이라는 것이다. Chapter 5",Day2
연성술사,연성술사,,,,,2sp,화산귀환,,,화산귀환,,,,공예,@Alchemist_for,https://dongne.co/events/novel05/circles/138638,"아아─, 이것이 『소설』이라는 것이다. Chapter 5",Day2
우와아악,으악,,,,,1sp,전독시,데못죽 괴담출근,,,,,,일러스트,,https://dongne.co/events/novel05/circles/139255,"아아─, 이것이 『소설』이라는 것이다. Chapter 5",Day2
인형조아,눈꽃,,,,,1sp,,,,,,,,,,https://dongne.co/events/novel05/circles/139803,"아아─, 이것이 『소설』이라는 것이다. Chapter 5",Day2
잉과응보,잉,,,,,4sp,화산귀환,광마회귀,,,,,,"일러스트,소설,기타",010_olO_,https://dongne.co/events/novel05/circles/140439,"아아─, 이것이 『소설』이라는 것이다. Chapter 5",Day2
장작부족,뱅쇼,,,,,1sp,데뷔 못 하면 죽는 병 걸림,,아현문대 쁘띠존 : 데이트의 정석,"선아현,박문대,이세진,배세진,류청우,차유진,김래빈",선아현X박문대,로맨틱,,소설,@classsscallion,https://dongne.co/events/novel05/circles/138586,"아아─, 이것이 『소설』이라는 것이다. Chapter 5",Day2
중화만두,무란,,,,,2sp,이합화타적백묘사존,병안본,,,,해당없음,,일러스트,@cuz_486,https://dongne.co/events/novel05/circles/139225,"아아─, 이것이 『소설』이라는 것이다. Chapter 5",Day2
쭈굴잡쟙,김율무,,,,,1sp,화산귀환,,,"당보,청명",,로맨틱,,,@yulmu_0131,https://dongne.co/events/novel05/circles/140003,"아아─, 이것이 『소설』이라는 것이다. Chapter 5",Day2
차칸친구,흑당,,,,,1sp,괴담출근,데못죽 내스급,,현제유진,,해당없음,,,@hy830207,https://dongne.co/events/novel05/circles/139112,"아아─, 이것이 『소설』이라는 것이다. Chapter 5",Day2
창고정리,창고,,,,,1sp,김 대리는 아이돌이 싫어(김아싫),"데뷔 못 하면 죽는 병 걸림(데못죽),망나니 PD 아이돌로 살아남기(망아살)",,,,,,"일러스트,만화",,https://dongne.co/events/novel05/circles/138767,"아아─, 이것이 『소설』이라는 것이다. Chapter 5",Day2
쿰데룸데,해운,,,,,2sp,블랙배저,,"블랙배저 쁘띠존 ""역시 블배를 사랑해야지""",힐데,,,,공예,@heaunrang,https://dongne.co/events/novel05/circles/138855,"아아─, 이것이 『소설』이라는 것이다. Chapter 5",Day2
킬더실버,그은,,,,,2sp,,,,,,,,공예,@kil_the_silver,https://dongne.co/events/novel05/circles/139239,"아아─, 이것이 『소설』이라는 것이다. Chapter 5",Day2
퐁당퐁당,suetkieue,,,,,2sp,화산귀환,,,,,,,,,https://dongne.co/events/novel05/circles/138972,"아아─, 이것이 『소설』이라는 것이다. Chapter 5",Day2
한담객설,하은,,,,,1sp,화산귀환,,청명백천 쁘띠존 <청명아! 백천아! 혼인했으니 신행가자!>,,,로맨틱,,소설,haeun556,https://dongne.co/events/novel05/circles/138991,"아아─, 이것이 『소설』이라는 것이다. Chapter 5",Day2
화산치과,설탕당과,,,,,1sp,화산귀환,,,장일소 청명,,"로맨틱,섹슈얼",,소설,@kalamelsoltide,https://dongne.co/events/novel05/circles/140348,"아아─, 이것이 『소설』이라는 것이다. Chapter 5",Day2
화종지회,"화영, 종이",,,,,1sp,화산귀환,,청명백천 쁘띠존 <청명아! 백천아! 혼인했으니 신행가자!>,"청명,백천",청명X백천,"로맨틱,섹슈얼",,"만화,일러스트,소설,기타",@Flower221218 @paper_11_,https://dongne.co/events/novel05/circles/140262,"아아─, 이것이 『소설』이라는 것이다. Chapter 5",Day2
환상뜨락,환상뜨락,,,,,2sp,,,,,,,,"일러스트,만화",,https://dongne.co/events/novel05/circles/140139,"아아─, 이것이 『소설』이라는 것이다. Chapter 5",Day2
삼십육계 중 제일은 미인계,해,,,,,1sp,화산귀환,,청명백천 쁘띠존 <청명아! 백천아! 혼인했으니 신행가자!>,"청명,백천",청명X백천,로맨틱,,소설,@harrider_,https://dongne.co/events/novel05/circles/139484,"아아─, 이것이 『소설』이라는 것이다. Chapter 5",Day2
공명하는 사이,갑순이,,,,,2sp,마법명가 차남으로 살아남는 법(마차살),,,"루카스 아스카니엔,레오나르드 비텔스바흐,엘리아스 호엔촐레른,나르케 파르네세,율리아 체링겐,울리케 클라이스트,하이케 아인시델",엘리아스 호엔촐레른X루카스 아스카니엔,"해당없음,로맨틱",논cp,일러스트,rkqtnsdl_,https://dongne.co/events/novel05/circles/139399,"아아─, 이것이 『소설』이라는 것이다. Chapter 5",Day2
모노크롬 애플,"서나, 여람, 솔잎",,,,,2sp,데뷔 못 하면 죽는 병 걸림,,,,청려X문대(건우),,,,"@SeoooooNa, @ylam_19, @liel_ps",https://dongne.co/events/novel05/circles/139835,"아아─, 이것이 『소설』이라는 것이다. Chapter 5",Day2
사막러의 산책,Nabi,,,,,2sp,왕은 웃었다,"마법 명가 차남으로 살아남는 법,화산귀환",,"아기에,라야,기해,루카스 아스카니엔",아기에X라야,"로맨틱,해당없음",,"일러스트,만화",@NABILOVESSH,https://dongne.co/events/novel05/circles/139132,"아아─, 이것이 『소설』이라는 것이다. Chapter 5",Day2
좌상고의 무덤,아루,,,,,2sp,"명문고 EX급 조연의 리플레이,이세계 착각 헌터",,,,황지호X조의신,,용제건x김신록,"소설,만화",@dltkdtjddowk,https://dongne.co/events/novel05/circles/140199,"아아─, 이것이 『소설』이라는 것이다. Chapter 5",Day2
퐁당퐁당 자설,VAN,,,,,1sp,진혼기,,자하설영 쁘띠존 | 화랑상사 자설지부,,,"로맨틱,섹슈얼",,소설,,https://dongne.co/events/novel05/circles/138511,"아아─, 이것이 『소설』이라는 것이다. Chapter 5",Day2
잡덕답게 사는 법,"강시호, 멜다",,,,,2sp,명문고 EX급 조연의 리플레이,"김아싫,던그화,마사법,명급리,망아살,섭남파업",,"김이월,서호윤,용제건,김신록,황지호,조의신",,해당없음,황호의신,"만화,일러스트,소설","rkd_show, Melda1104",https://dongne.co/events/novel05/circles/139752,"아아─, 이것이 『소설』이라는 것이다. Chapter 5",Day2
마라탕에 만두 추가,가히,,,,,1sp,천관사복,인사반파자구계통,,"화성,사련",화성X사련,로맨틱,빙하청추,,gaheeworld0,https://dongne.co/events/novel05/circles/139964,"아아─, 이것이 『소설』이라는 것이다. Chapter 5",Day2
마라탕에 숙주 추가,거물,,,,,1sp,인사반파자구계통,천관사복,,"낙빙하,심청추",낙빙하X심청추,로맨틱,화성사련,"일러스트,만화",,https://dongne.co/events/novel05/circles/139762,"아아─, 이것이 『소설』이라는 것이다. Chapter 5",Day2
삼각형에 대한 광기,박제우,,,,,1sp,의원다시살다,,,,,,,,@pjeu26,https://dongne.co/events/novel05/circles/138600,"아아─, 이것이 『소설』이라는 것이다. Chapter 5",Day2
가판대에 오신 것을 환영합니다,점소이13,,,,,1sp,화산귀환,"이착헌,괴담출근",,,,,,공예,yujihye83435729,https://dongne.co/events/novel05/circles/140347,"아아─, 이것이 『소설』이라는 것이다. Chapter 5",Day2
치과쌤이 뭐든 하겠지,망구,,,,,2sp,어두운 바다의 등불이 되어,,,"박무현,신해량,서지혁,백애영 등",,로맨틱,"무현해량, 지혁해량","일러스트,소설",@mang9ooo_,https://dongne.co/events/novel05/circles/138860,"아아─, 이것이 『소설』이라는 것이다. Chapter 5",Day2
희신강징 혼례 추진회,"0708, 강명월, 롱칫, 죽순탕",,,,,4sp,마도조사,마도조사,,희신강징,남희신X강만음,로맨틱,,"소설,만화,일러스트","@knack_mdzs, @MDZS_MyeongWol, @MAZOD_SA, @BamBS_MDZS",https://dongne.co/events/novel05/circles/139877,"아아─, 이것이 『소설』이라는 것이다. Chapter 5",Day2
희신강징 부흥 위원회 ,"무지, 운몽수귀, 호랑, 장탐",,,,,4sp,마도조사,,,"남희신,강만음",남희신X강만음,로맨틱,,"만화,소설,일러스트","@LKCH09, @kang_sukhui3, @doitchu_u, @Ltam_mdzs",https://dongne.co/events/novel05/circles/140012,"아아─, 이것이 『소설』이라는 것이다. Chapter 5",Day2
블랙배저 산하 하청기관,무너,,,,,1sp,블랙배저,"진혼기,어두운바다의등불이되어","블랙배저 쁘띠존 ""역시 블배를 사랑해야지""",힐데베르트 이외 다수,,,,"일러스트,기타",@_Mu_G_El_,https://dongne.co/events/novel05/circles/139167,"아아─, 이것이 『소설』이라는 것이다. Chapter 5",Day2
안경남과 그의 추종자들,유콧,,,,,2sp,데뷔못하면죽는병걸림,괴담에 떨어져도 출근은 해야 하는구나,,"박문대,류건우 등",,,,일러스트,@_Yuccot_,https://dongne.co/events/novel05/circles/139884,"아아─, 이것이 『소설』이라는 것이다. Chapter 5",Day2
공자님도 양도 치실질이 필요해,"최뽀구, 아이셀",,,,,2sp,백작가의 망나니가 되었다,블랙배저 / 어두운 바다의 등불이 되어 등.,,케일 헤니투스,최한X케일 헤니투스,해당없음,알케,"소설,일러스트,기타","choibbogoo, Rabbit_sel1108",https://dongne.co/events/novel05/circles/140395,"아아─, 이것이 『소설』이라는 것이다. Chapter 5",Day2
마마연은 모두 아이소로 모여라,샥,,,,,1sp,변경백 서자는 황제였다(변서황),,,"이안,필리아",베릭X이안,로맨틱,,"만화,소설",shasha_shack,https://dongne.co/events/novel05/circles/140323,"아아─, 이것이 『소설』이라는 것이다. Chapter 5",Day2
"최애왼을 믿기, 최애른을 믿기",완자,,,,,1sp,왕은 웃었다,"이 세계 착각 헌터,데뷔 못 하면 죽는 병 걸림",,"라야,아기에",,로맨틱,,일러스트,"@wanja_10R, @refuser_0503",https://dongne.co/events/novel05/circles/139942,"아아─, 이것이 『소설』이라는 것이다. Chapter 5",Day2
대사형의 노점(사천점),이끼,,,,,2sp,화산귀환,,화산귀환 조걸윤종 쁘띠존/ 조윤은 그대로면 된다,"조걸,윤종",조걸X윤종,"로맨틱,섹슈얼",,"만화,소설",ghkrnlrnehrwnd,https://dongne.co/events/novel05/circles/138775,"아아─, 이것이 『소설』이라는 것이다. Chapter 5",Day2
♡테스타 농장♡,"농부됐수다, 이비",,,,,2sp,데뷔 못하면 죽는 병 걸림,,,,,,문대른,,,https://dongne.co/events/novel05/circles/139303,"아아─, 이것이 『소설』이라는 것이다. Chapter 5",Day2
댕뵤건뵤 잡화점,이아이,,,,,2sp,데뷔 못 하면 죽는 병 걸림,,,,박문대X배세진,,,,,https://dongne.co/events/novel05/circles/139697,"아아─, 이것이 『소설』이라는 것이다. Chapter 5",Day2
독개구리 훈련소,미리,,,,,2sp,화산귀환,,,"당패,당소소,당잔 외",,,,"기타,일러스트",@mili44mil,https://dongne.co/events/novel05/circles/140182,"아아─, 이것이 『소설』이라는 것이다. Chapter 5",Day2
리볼버도 리씨다,마바,,,,,1sp,블랙배저,,"블랙배저 쁘띠존 ""역시 블배를 사랑해야지""","리카르도 소르디,힐데베르트 탈레",,로맨틱,,소설,@eojjeogo416570,https://dongne.co/events/novel05/circles/138591,"아아─, 이것이 『소설』이라는 것이다. Chapter 5",Day2
백린의각 소각장,MING,,,,,1sp,"의원,다시 살다",,,"진천희,제갈린",제갈린X진천희,로맨틱,,만화,@ming_star_,https://dongne.co/events/novel05/circles/138851,"아아─, 이것이 『소설』이라는 것이다. Chapter 5",Day2
아현문대 전시회,화련,,,,,2sp,데뷔 못하면 죽는 병 걸림,,아현문대 쁘띠존 : 데이트의 정석,선아현 박문대,선아현X박문대,,,,sos873,https://dongne.co/events/novel05/circles/138521,"아아─, 이것이 『소설』이라는 것이다. Chapter 5",Day2
자급자족 문엋러,시스,,,,,1sp,데뷔 못 하면 죽는 병 걸림,,,"박문대,신재현,류건우",문대X청려,"로맨틱,섹슈얼",,소설,@MDCR12151127,https://dongne.co/events/novel05/circles/140130,"아아─, 이것이 『소설』이라는 것이다. Chapter 5",Day2
착한친구 보호소,뇽,,,,,2sp,괴담출근,,,착한친구 브라운,,,,,,https://dongne.co/events/novel05/circles/138727,"아아─, 이것이 『소설』이라는 것이다. Chapter 5",Day2
하투랙수 화음점,비냐,,,,,2sp,화산귀환,,,화산파 올캐,,,,"일러스트,기타",8_8_aswv,https://dongne.co/events/novel05/circles/138722,"아아─, 이것이 『소설』이라는 것이다. Chapter 5",Day2
해저기지 잡화점,소금,,,,,1sp,어두운 바다의 등불이 되어,내가 키운 s급들,,박무현,,,,"일러스트,만화",@fromthedarksea,https://dongne.co/events/novel05/circles/139589,"아아─, 이것이 『소설』이라는 것이다. Chapter 5",Day2
행사장의 마리모,비아,,,,,2sp,데뷔 못하면 죽는 병 걸림,,,"청려,박문대",'데뷔 못하면 죽는 병 걸림' 청려X'데뷔 못하면 족는 병 걸림' 박문대,로맨틱,,소설,,https://dongne.co/events/novel05/circles/139472,"아아─, 이것이 『소설』이라는 것이다. Chapter 5",Day2
현제유진 결혼해,소롱,,,,,1sp,내가키운s급들,,"현제유진 쁘띠존 ""HotpinkairwaY""",,,,,,@sorong33,https://dongne.co/events/novel05/circles/138605,"아아─, 이것이 『소설』이라는 것이다. Chapter 5",Day2
청명백천 쁘띠존 <청명아! 백천아! 혼인했으니 신행가자!> 주최부스,청명백천 쁘띠존 <청명아! 백천아! 혼인했으니 신행가자!>,,,,,2sp,,,청명백천 쁘띠존 <청명아! 백천아! 혼인했으니 신행가자!>,,,,,,,https://dongne.co/events/novel05/circles/139207,"아아─, 이것이 『소설』이라는 것이다. Chapter 5",Day2
솔음이가 최애인 부스,괴도팡,,,,,2sp,괴담에 떨어져도 출근을 해야 하는구나,데못죽,,,,,,,@LUKAPNG__45,https://dongne.co/events/novel05/circles/138667,"아아─, 이것이 『소설』이라는 것이다. Chapter 5",Day2
슬기로운 구화산 생활,랑,,,,,1sp,화산귀환,,,"당보,청명,백천,청진,청문",당보X청명,로맨틱,,,@dadadau7,https://dongne.co/events/novel05/circles/139912,"아아─, 이것이 『소설』이라는 것이다. Chapter 5",Day2
신청하면 뭐라도 한다,도머시기협,,,,,1sp,의다살,,,진천희(외 여러명),,,,,mado_zhffk,https://dongne.co/events/novel05/circles/139423,"아아─, 이것이 『소설』이라는 것이다. Chapter 5",Day2
실친에게 포타를 털림,쑤(SSu),,,,,2sp,화산귀환,,,"청명,장일소,당보",장일소X청명,로맨틱,"당청, 검검","공예,소설",@SSu_hzl,https://dongne.co/events/novel05/circles/140322,"아아─, 이것이 『소설』이라는 것이다. Chapter 5",Day2
아현문대 안하면 바보~,유늘,,,,,1sp,데뷔 못 하면 죽는 병 걸림,,아현문대 쁘띠존 : 데이트의 정석,,선아현X박문대,,,,@yooberry57,https://dongne.co/events/novel05/circles/139236,"아아─, 이것이 『소설』이라는 것이다. Chapter 5",Day2
지브예서 너네가 진도 제일 느려,봉구밭과수원길,,,,,2sp,서브남주가 파업하면 생기는 일,,,정예서,지브릴 디오프X정예서,"로맨틱,섹슈얼",세드예서,기타,@gbg_2727,https://dongne.co/events/novel05/circles/138542,"아아─, 이것이 『소설』이라는 것이다. Chapter 5",Day2
서라벌의 기묘한 이야기,"유설랑, 샨",,,,,2sp,진혼기,진혼기,자하설영 쁘띠존 | 화랑상사 자설지부,"자하,설영",자하X설영,로맨틱,,소설,"@yuseol_rang , @sshaan_551",https://dongne.co/events/novel05/circles/139301,"아아─, 이것이 『소설』이라는 것이다. Chapter 5",Day2
아이돌의 기묘한 이야기,"사화, 하다00",,,,,2sp,"반월당의 기묘한 이야기,데뷔 못하면 죽는 병 걸림",이 외 짬뽕,,"백란,유단,자하,설영,테스타",,,,"만화,일러스트",@ganghada145106,https://dongne.co/events/novel05/circles/140149,"아아─, 이것이 『소설』이라는 것이다. Chapter 5",Day2
종로구의 혼끼한 이야기,키림,,,,,1sp,진혼기,반월당의 기묘한 이야기,,김자하,자하X설영,해당없음,,만화,@basa23411996,https://dongne.co/events/novel05/circles/139627,"아아─, 이것이 『소설』이라는 것이다. Chapter 5",Day2
주인장이 사랑한 녀석들,죽밥,,,,,1sp,화산귀환,,,,,,,일러스트,,https://dongne.co/events/novel05/circles/138899,"아아─, 이것이 『소설』이라는 것이다. Chapter 5",Day2
성인물이 안되면 무엇을 내야 하는가,김뽀삐,,,,,1sp,블랙배저,,"블랙배저 쁘띠존 ""역시 블배를 사랑해야지""",힐데베르트 탈레브,힐,"섹슈얼,로맨틱",이예현×힐데베르트 탈레브×최윤,소설,@rlaglfepsotoRl,https://dongne.co/events/novel05/circles/140256,"아아─, 이것이 『소설』이라는 것이다. Chapter 5",Day2
대화산파 청첩장 배부처 아이소점,산화,,,,,2sp,화산귀환,,청명백천 쁘띠존 <청명아! 백천아! 혼인했으니 신행가자!>,"청명,백천",청명X백천,"로맨틱,섹슈얼",,소설,@HS_sanhwa,https://dongne.co/events/novel05/circles/139434,"아아─, 이것이 『소설』이라는 것이다. Chapter 5",Day2
솔음이도 어두운 바다의 아이돌이 되어 던전을 그리는 매화검법으로 특수부대에 들어감,k1130s,,,,,2sp,데뷔 못 하면 죽는 병 걸림,"괴담에 떨어져도 출근을 해야 하는구나,어두운 바다의 등불이 되어,블랙배저,화산귀환,문과라도 안 죄송한 이세계로 감,던전을 그리는 화가",,테스타,,,,"일러스트,소설",@Hwiwol,https://dongne.co/events/novel05/circles/138865,"아아─, 이것이 『소설』이라는 것이다. Chapter 5",Day2
괴담에도 아이돌 못하면 죽는병에 걸립니까,뎅구,,,,,1sp,"데못죽,괴담출근",,,"박문대,신청려",박문대X청려,섹슈얼,,"만화,기타",@MDCRdengu,https://dongne.co/events/novel05/circles/138821,"아아─, 이것이 『소설』이라는 것이다. Chapter 5",Day2
윤종이의 말랑이 거래소(비매품),슬,,,,,1sp,화산귀환,,화산귀환 조걸윤종 쁘띠존/ 조윤은 그대로면 된다,조걸 윤종,조걸X윤종,로맨틱,"백천,청명","만화,소설",@sru0401,https://dongne.co/events/novel05/circles/139527,"아아─, 이것이 『소설』이라는 것이다. Chapter 5",Day2
조윤말씀 전하러 왔습니다,솔티,,,,,2sp,화산귀환,,화산귀환 조걸윤종 쁘띠존/ 조윤은 그대로면 된다,,조걸X윤종,,,만화,@hwagwibom,https://dongne.co/events/novel05/circles/140018,"아아─, 이것이 『소설』이라는 것이다. Chapter 5",Day2
차이든이 괴담에 출근하지 않으면 죽는 병 걸림,"팽, 달력",,,,,2sp,데못죽,괴담출근,,"차이든,테스타,괴담출근",문대른,해당없음,,일러스트,@ecopicnicva,https://dongne.co/events/novel05/circles/139621,"아아─, 이것이 『소설』이라는 것이다. Chapter 5",Day2
마법명가 차남이 자퇴하면 곤란한가요?,시리우스,,,,,1sp,마법명가차남으로 살아남는 법,주인공이 컨셉충이면 곤란한가요,,"루카스 뮬러,알버트 메클렌부르크,악마기사",,"로맨틱,해당없음",,일러스트,"@Sirius_a____, @Sirius_B___",https://dongne.co/events/novel05/circles/139213,"아아─, 이것이 『소설』이라는 것이다. Chapter 5",Day2
궁주님을 궁연의 방식대로 사랑해드리는 비밀 결사단,소냐,,,,,4sp,서브 남주가 파업하면 생기는 일,어두운 바다의 등불이 되어,,"정예서,세드리크,요한,크리스텔,예서 페네티안,지브릴",세드리크X정예서,"로맨틱,섹슈얼",예서른,"만화,소설,일러스트",@vivid_1231,https://dongne.co/events/novel05/circles/139290,"아아─, 이것이 『소설』이라는 것이다. Chapter 5",Day2
장의사도 의사고 보이프렌드도 프렌드다,유,,,,,1sp,데뷔 못 하면 죽는 병 걸림,,,"차유진,김래빈",차유진X김래빈,"로맨틱,섹슈얼",,"소설,기타",blackhole361111,https://dongne.co/events/novel05/circles/139821,"아아─, 이것이 『소설』이라는 것이다. Chapter 5",Day2
대화산파 취재기록,화기자,,,,,2sp,화산귀환,,,,당보X청명,,,"만화,일러스트",@hs_gija,https://dongne.co/events/novel05/circles/138697,"아아─, 이것이 『소설』이라는 것이다. Chapter 5",Day2
델크로스 복슬파티,좍좍,,,,,1sp,성황의 아이들,,,,,,,,@jakup24063,https://dongne.co/events/novel05/circles/139224,"아아─, 이것이 『소설』이라는 것이다. Chapter 5",Day2
말랑말랑 스프레이,수정,,,,,2sp,데뷔 못 하면 죽는 병 걸림,"괴담출근,어바등,화귀,내스급 등",,"박문대,김솔음,성현제,박무현",,,,"조형,공예",@amethyst_lab,https://dongne.co/events/novel05/circles/139635,"아아─, 이것이 『소설』이라는 것이다. Chapter 5",Day2
백덕수님 유니버스,쥑,,,,,2sp,데못죽,괴담출근,,,청려X문대,로맨틱,청려건우,"일러스트,기타",dangu83856063,https://dongne.co/events/novel05/circles/140035,"아아─, 이것이 『소설』이라는 것이다. Chapter 5",Day2
안회마을 의부잣집,"락, 란마",,,,,2sp,살파랑,"열화요수,잔차품",Priest 쁘띠존 - 주일예배,"장경,고윤",,"로맨틱,섹슈얼","창구, 선령, 루린","일러스트,소설,공예,기타,만화","@remember_0230, @ran_ma_1",https://dongne.co/events/novel05/circles/139166,"아아─, 이것이 『소설』이라는 것이다. Chapter 5",Day2
어쩔율무 저쩔매실,매실장아찌,,,,,2sp,화산귀환,"진혼기,천관사복",,"당보,청명",당보X청명,"로맨틱,섹슈얼",,"소설,공예,일러스트",@plum_7896,https://dongne.co/events/novel05/circles/139130,"아아─, 이것이 『소설』이라는 것이다. Chapter 5",Day2
유진이가 와글와글,한과 ,,,,,2sp,내가 키운 s급,,"현제유진 쁘띠존 ""HotpinkairwaY""",한유진,성현제X한유진,로맨틱,,공예,@hangwa0207,https://dongne.co/events/novel05/circles/138720,"아아─, 이것이 『소설』이라는 것이다. Chapter 5",Day2
인간부족 사랑과다,제솝,,,,,1sp,문과라도 안 죄송한 이세계로 감,갓갓갓,,,,,,만화,.,https://dongne.co/events/novel05/circles/140518,"아아─, 이것이 『소설』이라는 것이다. Chapter 5",Day2
인간졸업 인외합격,연소,,,,,2sp,크툴루 게임 속 천재 마법사가 되었다(크법사),괴담에 떨어져도 출근을 해야하는구나(괴담출근),,,,,,"일러스트,공예",@yeonso656499,https://dongne.co/events/novel05/circles/139007,"아아─, 이것이 『소설』이라는 것이다. Chapter 5",Day2
자라나라 제독제독,해달,,,,,1sp,전지적 독자 시점,,,"제천대성,김독자",,"로맨틱,섹슈얼",,소설,@bonodesu0314,https://dongne.co/events/novel05/circles/139153,"아아─, 이것이 『소설』이라는 것이다. Chapter 5",Day2
초가지붕 아래에서,PANG,,,,,2sp,진혼기,,자하설영 쁘띠존 | 화랑상사 자설지부,"김자하,김설영,온이선배",자하X설영,로맨틱,,"만화,일러스트,공예",@PANG_0920,https://dongne.co/events/novel05/circles/139054,"아아─, 이것이 『소설』이라는 것이다. Chapter 5",Day2
크법사를 기억하라,최믹하,,,,,2sp,크법사,,,,,,,,@hamth123456,https://dongne.co/events/novel05/circles/139099,"아아─, 이것이 『소설』이라는 것이다. Chapter 5",Day2
화랑상사 구내식당,세범,,,,,1sp,진혼기,어두운 바다의 등불이 되어,자하설영 쁘띠존 | 화랑상사 자설지부,"김자하,김설영",자하X설영,,재희무현,,@sebeom_,https://dongne.co/events/novel05/circles/140136,"아아─, 이것이 『소설』이라는 것이다. Chapter 5",Day2
화랑상사 자설지부,햄숙랑,,,,,4sp,진혼기,,자하설영 쁘띠존 | 화랑상사 자설지부,"자하,설영",자하X설영,로맨틱,,,,https://dongne.co/events/novel05/circles/138726,"아아─, 이것이 『소설』이라는 것이다. Chapter 5",Day2
화산에서 살아남기,청해,,,,,1sp,화산귀환,,,청명,청명X드림주,로맨틱,,소설,@BlueBright_S2,https://dongne.co/events/novel05/circles/138816,"아아─, 이것이 『소설』이라는 것이다. Chapter 5",Day2
배햄찌를 사랑하는 모임,AB,,,,,1sp,데뷔 못하면 죽는 병 걸림,,,배세진,,"로맨틱,섹슈얼",,소설,@byo64714159,https://dongne.co/events/novel05/circles/138553,"아아─, 이것이 『소설』이라는 것이다. Chapter 5",Day2
신간확률 가챠보다 높음,파오리,,,,,1sp,블랙배저,,"블랙배저 쁘띠존 ""역시 블배를 사랑해야지""",,,,,,@paori_knit,https://dongne.co/events/novel05/circles/138970,"아아─, 이것이 『소설』이라는 것이다. Chapter 5",Day2
사숙이랑 사질이랑 그런 사이래,6월,,,,,4sp,화산귀환,,,청명,백천X청명,섹슈얼,,,@06__28__,https://dongne.co/events/novel05/circles/140216,"아아─, 이것이 『소설』이라는 것이다. Chapter 5",Day2
"좁은문은 약속되어 있고, 찰나는 길지 않다",콩,,,,,2sp,마법명가 차남으로 살아남는 법,문과라도 안 죄송한 이세계로 감,,루카스 아스카니엔,,,,"만화,일러스트",kong_kk2,https://dongne.co/events/novel05/circles/139995,"아아─, 이것이 『소설』이라는 것이다. Chapter 5",Day2
해저기지 입사면접 스터디,환,,,,,1sp,어두운 바다의 등불이 되어,,,,신해량X박무현,"로맨틱,섹슈얼",,소설,@book_ghks,https://dongne.co/events/novel05/circles/139193,"아아─, 이것이 『소설』이라는 것이다. Chapter 5",Day2
이세계에 떨어져도 출근을 해야 하는구나,"서문바다, .",,,,,2sp,데뷔 못 하면 죽는 병 걸림,"괴담에 떨어져도 출근을 해야 하는구나,이세계 착각 헌터",,박문대,박문대X이세진,"로맨틱,섹슈얼","문대왼, 솔음왼, 김기려왼","소설,일러스트,만화","@seomunbada_DMJ, @QwNCQA8BU169062",https://dongne.co/events/novel05/circles/139878,"아아─, 이것이 『소설』이라는 것이다. Chapter 5",Day2
대한민국 백합계의 거성과 피스중독자,스급여학교장,,,,,1sp,내가 키운 S급들,,,"피스,강소영",,,,만화,,https://dongne.co/events/novel05/circles/138488,"아아─, 이것이 『소설』이라는 것이다. Chapter 5",Day2
태자전하 대한민국 창생을 구해주세요,"두충, MMW, OC",,,,,2sp,천관사복,,,화련,화성X사련,"로맨틱,해당없음",,일러스트,@2nd_sindo,https://dongne.co/events/novel05/circles/139136,"아아─, 이것이 『소설』이라는 것이다. Chapter 5",Day2
놀러와요 백린의각 대나무숲,"빙봉, 생선, 매난국죽",,,,,2sp,"의원,다시살다",,,진천희,,,,기타,,https://dongne.co/events/novel05/circles/139806,"아아─, 이것이 『소설』이라는 것이다. Chapter 5",Day2
덕만이와 친구들의 덕질세상,덕만이,,,,,2sp,잔차품,,Priest 쁘띠존 - 주일예배,"루비싱,린징헝",루비싱X린징헝,,,"일러스트,만화,기타",@jobduckmanga,https://dongne.co/events/novel05/circles/138740,"아아─, 이것이 『소설』이라는 것이다. Chapter 5",Day2
초삼이와 동룡이의 초가삼간,814,,,,,2sp,화산귀환,,청명백천 쁘띠존 <청명아! 백천아! 혼인했으니 신행가자!>,"청명,백천",,"로맨틱,섹슈얼",,소설,@33chocoo,https://dongne.co/events/novel05/circles/139980,"아아─, 이것이 『소설』이라는 것이다. Chapter 5",Day2
광마라도 안죄송한 화산으로 감,덕구,,,,,2sp,화산귀환,"광마회귀,문송과도 안 죄송한 이세계로 감",,"청명,당보,클레이오 아세르,아서 리오그난,이자하",,로맨틱,아서x레이,"만화,일러스트",@mo_red00,https://dongne.co/events/novel05/circles/139438,"아아─, 이것이 『소설』이라는 것이다. Chapter 5",Day2
요즘따라 정파아닌 사파아닌 정파,매(梅) 가람,,,,,2sp,화산귀환,진혼기,,"청명,당보,백천,백아 외 화귀 캐릭터",,,,"기타,일러스트,공예,소설",@H6Yx2INL8IP8bx3,https://dongne.co/events/novel05/circles/140080,"아아─, 이것이 『소설』이라는 것이다. Chapter 5",Day2
완두콩이 친절하고 부군단장님이 맛있어요,가오나시,,,,,4sp,"적왕사,마차살",,,"칼리안,플란츠,드미레아,히나",칼리안X드미레아,로맨틱,플란히나,소설,@hutsound_,https://dongne.co/events/novel05/circles/139333,"아아─, 이것이 『소설』이라는 것이다. Chapter 5",Day2
임소병이 장일소를 정말정말싫어해서 하루종일 니죽이는생각. 을하고있어도 하루종일 장일소를 생각한다는 점에서 그건 사랑이다.,아카리,,,,,1sp,화산귀환,,화산귀환 사파 쁘띠존 : 사파일통,"장일소,임소병",장일소X임소병,해당없음,,만화,@acary_,https://dongne.co/events/novel05/circles/139095,"아아─, 이것이 『소설』이라는 것이다. Chapter 5",Day2
천마재림 맘마미아!,영감,,,,,1sp,천마는 아이돌이 되었다,,,"점소의,위화진,당사천",,,,소설,@High_gji,https://dongne.co/events/novel05/circles/138703,"아아─, 이것이 『소설』이라는 것이다. Chapter 5",Day2
청명이가 동룡이를... ,룡,,,,,1sp,화산귀환,,청명백천 쁘띠존 <청명아! 백천아! 혼인했으니 신행가자!>,청명백천,,로맨틱,,만화,mong__hsgh,https://dongne.co/events/novel05/circles/139632,"아아─, 이것이 『소설』이라는 것이다. Chapter 5",Day2
개봉박두 개비의전설,천사예현,,,,,1sp,블랙배저,,"블랙배저 쁘띠존 ""역시 블배를 사랑해야지""","이예현,이승현,힐데",,"섹슈얼,로맨틱",,소설,zxmnzmxn,https://dongne.co/events/novel05/circles/140497,"아아─, 이것이 『소설』이라는 것이다. Chapter 5",Day2
난장강에 러브다이브,"롤,나베",,,,,2sp,마도조사,마도조사,,남망기x위무선,남망기X위무선,"로맨틱,섹슈얼",,"일러스트,만화",@jooooo_ni @NaVe_MDZS,https://dongne.co/events/novel05/circles/139788,"아아─, 이것이 『소설』이라는 것이다. Chapter 5",Day2
성현제는 에펠탑이다,라온쓰,,,,,1sp,내가 키운 S급들,,"현제유진 쁘띠존 ""HotpinkairwaY""","한유진,성현제",,,,일러스트,@Raonning_S ,https://dongne.co/events/novel05/circles/139622,"아아─, 이것이 『소설』이라는 것이다. Chapter 5",Day2
솔음돋는 심리테스트,홀ㄹ데이,,,,,1sp,괴담에 떨어져도 출근을 해야 하는구나,,,김솔음,,,,소설,@HoliyDay__holy,https://dongne.co/events/novel05/circles/139687,"아아─, 이것이 『소설』이라는 것이다. Chapter 5",Day2
스마일은 무료입니다,녹시,,,,,1sp,괴담에 떨어져도 출근을 해야하는구나,전지적 독자 시점 화산귀환,,솔음,,,,일러스트,,https://dongne.co/events/novel05/circles/138814,"아아─, 이것이 『소설』이라는 것이다. Chapter 5",Day2
상여자특 못죽보려고 퇴사함. 문제가 될까요?,"레탕, 시안, 노넴",,,,,2sp,데뷔 못 하면 죽는 병 걸림(데못죽),괴담에 떨어져도 출근을 해야 하는구나(괴담출근),,"배세진,류청우,선아현,이세진,박문대,차유진,김래빈,청려,류건우,김솔음,J3",청려X박문대,"로맨틱,섹슈얼",,"만화,일러스트,기타","@tang__O3O, @tang_askanier, @47x032d, @UN_NAME_IM",https://dongne.co/events/novel05/circles/140237,"아아─, 이것이 『소설』이라는 것이다. Chapter 5",Day2
검은머리 주인공들을 좋아해서 세상이 다 좋아진 이야기,청청,,,,,2sp,전지적독자시점,"화산귀환,괴담에떨어져도출근을해야하는구나",,주인공과 동료들,,,,"일러스트,기타",@choung_choung,https://dongne.co/events/novel05/circles/140083,"아아─, 이것이 『소설』이라는 것이다. Chapter 5",Day2
우당탕탕 천우맹에서의 사건,당식이,,,,,4sp,화산귀환,데뷔 못하면 죽을병 걸림,,"청명,당보,박문대",,,,"일러스트,공예",@Dasic_253,https://dongne.co/events/novel05/circles/139722,"아아─, 이것이 『소설』이라는 것이다. Chapter 5",Day2
카이리스 바이에른지부 좁은문,송편,,,,,2sp,적왕사,마차살,,,,,,일러스트,@s0ngpyun,https://dongne.co/events/novel05/circles/139801,"아아─, 이것이 『소설』이라는 것이다. Chapter 5",Day2
사약제당-아이소점,RB알비,,,,,1sp,화산귀환,천관사복,,"청명,백천,사련,화성",,해당없음,"화성,사련",일러스트,@Cpink0312,https://dongne.co/events/novel05/circles/138598,"아아─, 이것이 『소설』이라는 것이다. Chapter 5",Day2
"문대문대! 마라탕 해주라♡ 문대문대, 혹시 탕후루도?",귬,,,,,1sp,데뷔 못 하면 죽는 병 걸림,"이세계 착각 헌터,카르밀라",,,박문대X이세진,"로맨틱,섹슈얼",류건우×이세진,,@potatowtchngyou ,https://dongne.co/events/novel05/circles/138513,"아아─, 이것이 『소설』이라는 것이다. Chapter 5",Day2
오이오이! 믿고있다구!,이현,,,,,2sp,화산귀환,어바등,,,,,,,for_mememe,https://dongne.co/events/novel05/circles/138565,"아아─, 이것이 『소설』이라는 것이다. Chapter 5",Day2
가보자고!!!!!!!!!!,얼굴잘그리고싶은사람,,,,,4sp,화산귀환,"광마회귀,마도조사,천관사복",,,,,,"만화,일러스트",0510practi,https://dongne.co/events/novel05/circles/140163,"아아─, 이것이 『소설』이라는 것이다. Chapter 5",Day2
★할리킹☆,요시시키,,,,,2sp,전지적독자시점,,,,유중혁X김독자,해당없음,,,@novel_yosi,https://dongne.co/events/novel05/circles/138608,"아아─, 이것이 『소설』이라는 것이다. Chapter 5",Day2
감자콜렉터,킴셰,,,,,2sp,내가 키운 S급들,어두운 바다의 등불이 되어,,송태원,,,,"일러스트,공예,기타",@kimsye_RZ,https://dongne.co/events/novel05/circles/139577,"아아─, 이것이 『소설』이라는 것이다. Chapter 5",Day2
강호의도리,곰곰,,,,,1sp,화산귀환,,,,,,,,,https://dongne.co/events/novel05/circles/139658,"아아─, 이것이 『소설』이라는 것이다. Chapter 5",Day2
개곰콘서트,"감튀, 상규",,,,,1sp,데못죽,,,"박문대,이세진",박문대X이세진,"로맨틱,섹슈얼",배세진 왼,기타,"@wet_frenchfries, @thanx_999",https://dongne.co/events/novel05/circles/139344,"아아─, 이것이 『소설』이라는 것이다. Chapter 5",Day2
괴담토크쇼,티팃,,,,,2sp,괴담출근,화산귀환,,"브라운,김솔음,백사헌,이자헌,청명,백천,당보,윤종,조걸,소소,이설",,로맨틱,,"만화,일러스트",@216_0606,https://dongne.co/events/novel05/circles/138640,"아아─, 이것이 『소설』이라는 것이다. Chapter 5",Day2
김치마라탕,보살,,,,,2sp,천관사복,데뷔 못하면 죽는 병,,"화성,사련",화성X사련,"로맨틱,해당없음",문큰(문대X큰세),"기타,일러스트",@bo0salking,https://dongne.co/events/novel05/circles/140388,"아아─, 이것이 『소설』이라는 것이다. Chapter 5",Day2
나혼렙부스,눌,,,,,2sp,"나혼렙,나 혼자만 레벨업",,,,,,,,@Null_reading,https://dongne.co/events/novel05/circles/139445,"아아─, 이것이 『소설』이라는 것이다. Chapter 5",Day2
너구리소굴,카누,,,,,2sp,화산귀환,,화산귀환 사파 쁘띠존 : 사파일통,"청명,임소병,당소소",청명X소병,로맨틱,"소병소소, 청명소소","만화,소설,일러스트,기타",kanu256gb,https://dongne.co/events/novel05/circles/139540,"아아─, 이것이 『소설』이라는 것이다. Chapter 5",Day2
니냐니냐뇨,심마,,,,,1sp,어두운 바다의 등불이 되어,,,"김재희,박무현",김재희X박무현,로맨틱,,만화,@shimma_0531 ,https://dongne.co/events/novel05/circles/138754,"아아─, 이것이 『소설』이라는 것이다. Chapter 5",Day2
댕뵤는강햄,알로하,,,,,2sp,데뷔 못하면 죽는 병 걸림,,,류건우 박문대 배세진,류건우X배세진,로맨틱,"댕뵤,건뵤,문대배세,건우배세","만화,일러스트",aloha177_,https://dongne.co/events/novel05/circles/140473,"아아─, 이것이 『소설』이라는 것이다. Chapter 5",Day2
데못죽하기,가람가람,,,,,2sp,데못죽,데뷔 못하면 죽는 병 걸림,,테스타,,,,"소설,공예,일러스트,만화",@GaRam_0309,https://dongne.co/events/novel05/circles/138864,"아아─, 이것이 『소설』이라는 것이다. Chapter 5",Day2
도깨비상점,도깨비상점,,,,,2sp,트리니티블러드,,,,,,,,kkebistore,https://dongne.co/events/novel05/circles/139108,"아아─, 이것이 『소설』이라는 것이다. Chapter 5",Day2
도토리곳간,강하,,,,,2sp,전독시,데못죽,,,,,,,@ganghaGAH,https://dongne.co/events/novel05/circles/138594,"아아─, 이것이 『소설』이라는 것이다. Chapter 5",Day2
마가린피자,김피자,,,,,2sp,"전지적 독자 시점,초심 잃은 아이돌을 위한 회귀 백서",괴담에 떨어져도 출근을 해야하는구나,,"유중혁,김독자,윤이든,견하준",윤이든X견하준,해당없음,중혁독자,"일러스트,소설",@pzzzak1m,https://dongne.co/events/novel05/circles/139047,"아아─, 이것이 『소설』이라는 것이다. Chapter 5",Day2
만월금손당,센슈아,,,,,2sp,화산귀환,"데못죽,마도조사,내스급,전독시",,"청명,당보,백천,유현,유진 외 다수",,,,공예,@ManwolGoods,https://dongne.co/events/novel05/circles/140301,"아아─, 이것이 『소설』이라는 것이다. Chapter 5",Day2
먀우잡아라,우유,,,,,2sp,진혼기,,자하설영 쁘띠존 | 화랑상사 자설지부,"김자하,김설영",자하X설영,로맨틱,,"만화,기타",@OwO_MYAU,https://dongne.co/events/novel05/circles/139155,"아아─, 이것이 『소설』이라는 것이다. Chapter 5",Day2
무당파제자,외계인,,,,,1sp,무당기협,,,,황신X진무,해당없음,,만화,@Hxa2P,https://dongne.co/events/novel05/circles/139256,"아아─, 이것이 『소설』이라는 것이다. Chapter 5",Day2
문대굴대굴,판다군,,,,,1sp,데못죽,,,박문대,청려X문대,로맨틱,큰세문대,"만화,일러스트",@pandagoonS,https://dongne.co/events/novel05/circles/138624,"아아─, 이것이 『소설』이라는 것이다. Chapter 5",Day2
뭉대문대야,낸내,,,,,1sp,데뷔 못 하면 죽는 병 걸림,,,박문대,,,,일러스트,,https://dongne.co/events/novel05/circles/139222,"아아─, 이것이 『소설』이라는 것이다. Chapter 5",Day2
백린유락관,냑랭상행,,,,,4sp,"의원,다시 살다",,,"진천희,제갈린,유호",,,,"만화,일러스트",.,https://dongne.co/events/novel05/circles/138993,"아아─, 이것이 『소설』이라는 것이다. Chapter 5",Day2
복내려온다,하루,,,,,2sp,화산귀환,천관사복,,청명,,,,"만화,일러스트",@HAPPY_KIMSS,https://dongne.co/events/novel05/circles/140397,"아아─, 이것이 『소설』이라는 것이다. Chapter 5",Day2
사슴과강쥐,yaki,,,,,1sp,데못죽,,아현문대 쁘띠존 : 데이트의 정석,,,,,일러스트,,https://dongne.co/events/novel05/circles/139705,"아아─, 이것이 『소설』이라는 것이다. Chapter 5",Day2
아가보자고,"샇, 미",,,,,2sp,데뷔 못하면 죽는 병 걸림,마도조사,,,이세진X박문대,"로맨틱,섹슈얼",,,@moon__SH,https://dongne.co/events/novel05/circles/138889,"아아─, 이것이 『소설』이라는 것이다. Chapter 5",Day2
아아아아앙,여니,,,,,1sp,전지적 독자시점,,,"유중혁,김독자",유중혁X김독자,로맨틱,,일러스트,@yeon1yeon1,https://dongne.co/events/novel05/circles/140437,"아아─, 이것이 『소설』이라는 것이다. Chapter 5",Day2
앟문을하자,삥찌,,,,,1sp,데못죽,,아현문대 쁘띠존 : 데이트의 정석,,선아현X박문대,,,,bbing_zzi ,https://dongne.co/events/novel05/circles/139318,"아아─, 이것이 『소설』이라는 것이다. Chapter 5",Day2
애플블로썸,소내,,,,,1sp,데못죽,,,,,,,일러스트,,https://dongne.co/events/novel05/circles/138524,"아아─, 이것이 『소설』이라는 것이다. Chapter 5",Day2
에스페란사,천경,,,,,2sp,천관사복,마도조사,,사련,화성X사련,로맨틱,,일러스트,,https://dongne.co/events/novel05/circles/138508,"아아─, 이것이 『소설』이라는 것이다. Chapter 5",Day2
연애사업부,쇠고랑,,,,,2sp,진혼기,"데뷔 못하면 죽는 병 걸림,명문고 EX급 조연의 리플레이",자하설영 쁘띠존 | 화랑상사 자설지부,,자하X설영,"로맨틱,섹슈얼",,"만화,일러스트,기타",@s_ko_rang,https://dongne.co/events/novel05/circles/138730,"아아─, 이것이 『소설』이라는 것이다. Chapter 5",Day2
연애사업부,염가리,,,,,1sp,진혼기,,자하설영 쁘띠존 | 화랑상사 자설지부,"김자하,김설영",김자하X김설영,로맨틱,,소설,@OenpalC,https://dongne.co/events/novel05/circles/139160,"아아─, 이것이 『소설』이라는 것이다. Chapter 5",Day2
윶랩공작소,공작,,,,,1sp,데뷔 못 하면 죽는 병 걸림,,,차유진 김래빈,차유진X김래빈,"로맨틱,섹슈얼",,"만화,소설",@gongjakgong,https://dongne.co/events/novel05/circles/139391,"아아─, 이것이 『소설』이라는 것이다. Chapter 5",Day2
일단넣어봄,떡신랑,,,,,2sp,진혼기,,자하설영 쁘띠존 | 화랑상사 자설지부,자하 설영,자하X설영,로맨틱,,"일러스트,만화",@rice_C_,https://dongne.co/events/novel05/circles/139311,"아아─, 이것이 『소설』이라는 것이다. Chapter 5",Day2
잉즈두엋문,다님,,,,,2sp,데뷔 못 하면 죽는 병 걸림(데못죽),,,"신재현,박문대,청려,류건우,테스타,브이틱",청려X문대,해당없음,"유진,래빈",일러스트,@All_Danim,https://dongne.co/events/novel05/circles/140072,"아아─, 이것이 『소설』이라는 것이다. Chapter 5",Day2
제형입니다,"나기, 우엉",,,,,1sp,내가 키운 S급들,,유현유진 쁘띠존 :: 2025 AWARDS,"한유진,한유현",한유현X한유진,"로맨틱,해당없음",,"일러스트,공예,기타",@ueongEueong,https://dongne.co/events/novel05/circles/139279,"아아─, 이것이 『소설』이라는 것이다. Chapter 5",Day2
젤리보관함,냥젤,,,,,2sp,데못죽,,,,,,,,,https://dongne.co/events/novel05/circles/138629,"아아─, 이것이 『소설』이라는 것이다. Chapter 5",Day2
진티엔리밍,kje1213114,,,,,2sp,,,,,,,,,,https://dongne.co/events/novel05/circles/139395,"아아─, 이것이 『소설』이라는 것이다. Chapter 5",Day2
한다문방구,HANDA,,,,,1sp,데뷔 못 하면 죽는 병 걸림,"괴담에 떨어져도 출근은 해야하는구나,내가 키운 S급들",,선아현,선아현X박문대,"로맨틱,섹슈얼",성현제 한유진,일러스트,@tender_han,https://dongne.co/events/novel05/circles/138888,"아아─, 이것이 『소설』이라는 것이다. Chapter 5",Day2
햇님잡화점,나기,,,,,2sp,데못죽,,,,,,,,,https://dongne.co/events/novel05/circles/139139,"아아─, 이것이 『소설』이라는 것이다. Chapter 5",Day2
화랑해야되,오예예,,,,,1sp,진혼기,,자하설영 쁘띠존 | 화랑상사 자설지부,"자하,설영",자하X설영,"로맨틱,해당없음",,,@wnajrqkqJ,https://dongne.co/events/novel05/circles/138942,"아아─, 이것이 『소설』이라는 것이다. Chapter 5",Day2
화산포목점,삐아체레,,,,,2sp,화산귀환,,,"청명,당보,이송백",,,,"일러스트,공예",@piacere_s2,https://dongne.co/events/novel05/circles/139075,"아아─, 이것이 『소설』이라는 것이다. Chapter 5",Day2
화음면세점,우도영,,,,,1sp,화산귀환,,청명백천 쁘띠존 <청명아! 백천아! 혼인했으니 신행가자!>,"청명,백천",,로맨틱,,소설,@wecanslae,https://dongne.co/events/novel05/circles/139208,"아아─, 이것이 『소설』이라는 것이다. Chapter 5",Day2
회귀하거라,"회귀 , 미르",,,,,2sp,데못죽,,,,,,,,@ronno_5,https://dongne.co/events/novel05/circles/139921,"아아─, 이것이 『소설』이라는 것이다. Chapter 5",Day2
흑금요리사,철수,,,,,1sp,내가 키운 s급들,,,"송태원,성현제",송태원X성현제,,,"만화,일러스트",,https://dongne.co/events/novel05/circles/139285,"아아─, 이것이 『소설』이라는 것이다. Chapter 5",Day2
활자남들과 나,이ㅣ이아아라ㅏ아ㅏㅇ,,,,,1sp,어두운 바다의 등불이 되어,"서브남주가 파업하면 생기는 일,문과라도 안 죄송한 이세계로 감",,박무현 신해량 등등,,로맨틱,,일러스트,__O_ing,https://dongne.co/events/novel05/circles/138882,"아아─, 이것이 『소설』이라는 것이다. Chapter 5",Day2
백년호합탕 한 사발 어떠신가요,콩,,,,,2sp,묵향장르(천관사복),"마도조사,인사반파자구계통",,사련,화성X사련,,"망무, 빙추, 막상",기타,kong_mdzs,https://dongne.co/events/novel05/circles/139795,"아아─, 이것이 『소설』이라는 것이다. Chapter 5",Day2
뿌잉뿌잉과 모순,멍선생Q,,,,,1sp,블랙배저,,"블랙배저 쁘띠존 ""역시 블배를 사랑해야지""",힐데베르트 탈레브,힐데베르트 탈레브,로맨틱,힐데른,소설,@mung1424,https://dongne.co/events/novel05/circles/138587,"아아─, 이것이 『소설』이라는 것이다. Chapter 5",Day2
부스주세요 통판 에바에요,보부상인,,,,,2sp,"괴담출근,화산귀환",.,,"청명,김솔음 외n명",,,,일러스트,@SI_sangin,https://dongne.co/events/novel05/circles/140025,"아아─, 이것이 『소설』이라는 것이다. Chapter 5",Day2
믿어주세요 저는 백화진선이 아닙니다 ,호태,,,,,2sp,천관사복,"인사반파,마도조사",,,,,,"만화,기타",@HHotae12,https://dongne.co/events/novel05/circles/140502,"아아─, 이것이 『소설』이라는 것이다. Chapter 5",Day2
공포소설도 식후경,결친,,,,,2sp,공포소설 속 조연은 사람으로 살고싶다,용사님도 식후경,,"유예성,유릭",유릭X예성,로맨틱,글레온,"일러스트,소설,만화",@gyul_1223 ,https://dongne.co/events/novel05/circles/138786,"아아─, 이것이 『소설』이라는 것이다. Chapter 5",Day2
아리아리의 나눔존,아리,,,,,1sp,데못죽,,,"차유진,박문대,신재현 등",,,,일러스트,@Aari_S2_1004,https://dongne.co/events/novel05/circles/140422,"아아─, 이것이 『소설』이라는 것이다. Chapter 5",Day2
한오란이네 잡화점,HAN5,,,,,1sp,괴담출근,진혼기,,김솔음 브라운,자하X설영,,,일러스트,@hansiosibbun,https://dongne.co/events/novel05/circles/138946,"아아─, 이것이 『소설』이라는 것이다. Chapter 5",Day2
자제분에게 자제가 안 되세요?,식,,,,,2sp,블랙배저,,"블랙배저 쁘띠존 ""역시 블배를 사랑해야지""","예현,힐데",이예현X힐데베르트 탈레브,"로맨틱,섹슈얼",,소설,@gladjq,https://dongne.co/events/novel05/circles/138805,"아아─, 이것이 『소설』이라는 것이다. Chapter 5",Day2
운심부지처 눈사람 노점,뻬랑,,,,,2sp,마도조사,,,,,로맨틱,,,@FRang_mdzs,https://dongne.co/events/novel05/circles/138975,"아아─, 이것이 『소설』이라는 것이다. Chapter 5",Day2
일반배저의 은밀한 취미,"골시안, 루현",,,,,2sp,블랙배저,,"블랙배저 쁘띠존 ""역시 블배를 사랑해야지""",힐데베르트 탈레브,카이로스X힐데베르트 탈레브,로맨틱,"(최윤,힐데베르트)","만화,일러스트",@golxian @runda32,https://dongne.co/events/novel05/circles/139006,"아아─, 이것이 『소설』이라는 것이다. Chapter 5",Day2
사형제끼리 사커도 되는 거임? 조윤도?,유수,,,,,1sp,화산귀환,,화산귀환 조걸윤종 쁘띠존/ 조윤은 그대로면 된다,"조걸,윤종",조걸X윤종,로맨틱,,소설,@mer_remmm,https://dongne.co/events/novel05/circles/139764,"아아─, 이것이 『소설』이라는 것이다. Chapter 5",Day2
어르신들을 이렇게 엮어도 되는 건가요?,면,,,,,2sp,블랙배저,,"블랙배저 쁘띠존 ""역시 블배를 사랑해야지""",블랙배저 캐릭터들,,해당없음,힐데른,소설,@living_stone505,https://dongne.co/events/novel05/circles/139403,"아아─, 이것이 『소설』이라는 것이다. Chapter 5",Day2
일타강사의 혼례는 남창의 청룡학관에서!,칠러,,,,,2sp,일타강사 백사부,.,,"남궁수,백수룡",남궁수X백수룡,,,,Chiller_web,https://dongne.co/events/novel05/circles/139487,"아아─, 이것이 『소설』이라는 것이다. Chapter 5",Day2
레서판다가 소설에 등장하면 생기는 길,켈,,,,,2sp,서브 남주가 파업하면 생기는 일,,,예서 세드리크 크리스텔 요한 지브릴,,,,,@cappu_ccino_k,https://dongne.co/events/novel05/circles/139606,"아아─, 이것이 『소설』이라는 것이다. Chapter 5",Day2
안녕하세요 올해의 파지귤입니다,귤뽕,,,,,2sp,화산귀환,,,청명,일소X청명,로맨틱,,소설,@cheonggyul1010,https://dongne.co/events/novel05/circles/139958,"아아─, 이것이 『소설』이라는 것이다. Chapter 5",Day2
알콩달콩도 콩이다. 그러므로 달콩제이는 콩이 아빠들의 특권이다.,"달콩, 김제이",,,,,2sp,데뷔 못 하면 죽는 병 걸림,,,"TeSTAR,VTIC,류건우",청려(신재현)X박문대,로맨틱,"청려건우, 논커플링","소설,기타","@DarKong_OPEN, @J_Loviewer",https://dongne.co/events/novel05/circles/138996,"아아─, 이것이 『소설』이라는 것이다. Chapter 5",Day2
바다허니맛 중독라떼,"양운, 하몽",,,,,2sp,내가 키운 S급들,,"현제유진 쁘띠존 ""HotpinkairwaY""","성현제,한유진",성현제X한유진,"로맨틱,섹슈얼",,소설,"@yangun02, @hamong_jd",https://dongne.co/events/novel05/circles/138581,"아아─, 이것이 『소설』이라는 것이다. Chapter 5",Day2
동물러버의 밤비강쥐 그리고 콩이,오읭,,,,,1sp,데뷔 못 하면 죽는 병 걸림,괴담에 떨어져도 출근을 해야 하는구나,아현문대 쁘띠존 : 데이트의 정석,"선아현,박문대",,,,"만화,소설",@ouing02122319,https://dongne.co/events/novel05/circles/139662,"아아─, 이것이 『소설』이라는 것이다. Chapter 5",Day2
도와주세요 민대리님!,소시지,,,,,1sp,민감한 대리님,,,민준일,,,,"만화,일러스트",asdflkjh098,https://dongne.co/events/novel05/circles/140391,"아아─, 이것이 『소설』이라는 것이다. Chapter 5",Day2
마시멜로와 파라다이스,이리,,,,,1sp,마차살,문송안함,,루카스,,"섹슈얼,로맨틱",아서레이,"소설,사진",@lucidus_laelaps,https://dongne.co/events/novel05/circles/139542,"아아─, 이것이 『소설』이라는 것이다. Chapter 5",Day2
부스잡아야 사는병걸림,검댕댕,,,,,2sp,데뷔 못하면 죽는병걸림,,아현문대 쁘띠존 : 데이트의 정석,테스타(아현문대),아현X문대,해당없음,.,,@deanggggg2,https://dongne.co/events/novel05/circles/139815,"아아─, 이것이 『소설』이라는 것이다. Chapter 5",Day2
시위하느라 원고못한부스,어어,,,,,2sp,천관사복,"반월당의 기묘한 이야기,진혼기,화산귀환",,,,,,"만화,소설,일러스트",sqxwhy,https://dongne.co/events/novel05/circles/140154,"아아─, 이것이 『소설』이라는 것이다. Chapter 5",Day2
아포칼립스 고인물이어도 출근을 해야 하는구나,당구리 / 9999,,,,,2sp,아포칼립스엔 고인물이 필요해요,괴담에 떨어져도 출근을 해야하는구나,,"도파민중독자,달링아웃사이더,김솔음,브라운 등등",,,,"일러스트,만화,기타",@daaangguri / @_9_999,https://dongne.co/events/novel05/circles/139723,"아아─, 이것이 『소설』이라는 것이다. Chapter 5",Day2
화랑님들도 리맨물인가요?,"쨈, 무웅",,,,,1sp,진혼기,,자하설영 쁘띠존 | 화랑상사 자설지부,"자하,설영",자하X설영,,,,@185177dive,https://dongne.co/events/novel05/circles/139917,"아아─, 이것이 『소설』이라는 것이다. Chapter 5",Day2
"오랜만이야, 동생. 언니, 마감 안 했어?","서린, 페퍼, 체링, 알밤, 가리",,,,,2sp,백작가의 망나니가 되었다,데뷔 못 하면 죽는 병 걸림,,,알베르 크로스만X케일 헤니투스,,청려문대,"소설,일러스트,공예","@Seorin_fanso, @_sa8_sa8, @Guignol_Chering, @Albam_1108, @GARY0U0",https://dongne.co/events/novel05/circles/139280,"아아─, 이것이 『소설』이라는 것이다. Chapter 5",Day2
할아버님들! 올해 차례상은 종남에서 차립니다,로만,,,,,2sp,화산귀환,,,올캐러,당보X청명,"로맨틱,섹슈얼","백천청명, 송백금룡, NCP","만화,일러스트",@romansacra,https://dongne.co/events/novel05/circles/140271,"아아─, 이것이 『소설』이라는 것이다. Chapter 5",Day2
반갑습니다. 내가 플히 오타쿠입니다,포포,,,,,1sp,적국의 왕자로 사는 법,,,칼리안 플란츠 히나,플란츠X히나,로맨틱,,"만화,일러스트",@44_spsp,https://dongne.co/events/novel05/circles/139388,"아아─, 이것이 『소설』이라는 것이다. Chapter 5",Day2
건강뵤험댕단,"홍차,휴지조각",,,,,2sp,데뷔 못하면 죽는 병 걸림,,,"류건우,배세진,박문대",류건우X배세진,로맨틱,"건뵤,댕뵤(박문대x배세진)",,,https://dongne.co/events/novel05/circles/139998,"아아─, 이것이 『소설』이라는 것이다. Chapter 5",Day2
곧죽어도화산,모옹,,,,,2sp,화산귀환,,,,,,,"만화,소설",@Callme_Mong,https://dongne.co/events/novel05/circles/139067,"아아─, 이것이 『소설』이라는 것이다. Chapter 5",Day2
굿즈팔이소녀,민디,,,,,1sp,"데못죽,전독시",,,,,,,,mindy_cmt,https://dongne.co/events/novel05/circles/139343,"아아─, 이것이 『소설』이라는 것이다. Chapter 5",Day2
댄스정마대전,매복사랑니,,,,,4sp,천마돌,"어바등,화산귀환",,,당사천X점소의,"로맨틱,섹슈얼","재희무현, 당보청명","소설,만화,일러스트",@aoqhrtkfkdsl,https://dongne.co/events/novel05/circles/139202,"아아─, 이것이 『소설』이라는 것이다. Chapter 5",Day2
딥블루상어뼈,상어,,,,,2sp,어두운 바다의 등불이 되어,,,박무현,,,,만화,@sharks_line2,https://dongne.co/events/novel05/circles/140307,"아아─, 이것이 『소설』이라는 것이다. Chapter 5",Day2
매화잡황호젼,도하,,,,,1sp,화산귀환,이세계 착각 헌터,,"청명,김기려",,,,공예,@Do_HwaJin,https://dongne.co/events/novel05/circles/139772,"아아─, 이것이 『소설』이라는 것이다. Chapter 5",Day2
문어발의업보,ㅎㅅ,,,,,1sp,데못죽,화산귀환,,,,,,,,https://dongne.co/events/novel05/circles/138567,"아아─, 이것이 『소설』이라는 것이다. Chapter 5",Day2
백아야노올자,해아,,,,,1sp,화산귀환,,,,,,,,@lllbadgelll,https://dongne.co/events/novel05/circles/139733,"아아─, 이것이 『소설』이라는 것이다. Chapter 5",Day2
부스명뭐하지,세이,,,,,1sp,데못죽,,,"이세진,박문대",,,,,seizzing,https://dongne.co/events/novel05/circles/139321,"아아─, 이것이 『소설』이라는 것이다. Chapter 5",Day2
사이키델릭문,파인더,,,,,2sp,월야환담,,,한세건,리림X세건,해당없음,,소설,,https://dongne.co/events/novel05/circles/139078,"아아─, 이것이 『소설』이라는 것이다. Chapter 5",Day2
서라벌아이돌,댁수,,,,,2sp,진혼기,,자하설영 쁘띠존 | 화랑상사 자설지부,,자하X설영,,,,,https://dongne.co/events/novel05/circles/138909,"아아─, 이것이 『소설』이라는 것이다. Chapter 5",Day2
섬서문파연합,천수광,,,,,2sp,화산귀환,괴담에 떨어져도 출근을 해야하는구나,,"청명,이송백,진금룡,백천,브라운,김솔음",,,,"일러스트,공예",@pingx2pongx2,https://dongne.co/events/novel05/circles/138650,"아아─, 이것이 『소설』이라는 것이다. Chapter 5",Day2
오랜만입니다,sem2,,,,,1sp,내가키운S급들,,"현제유진 쁘띠존 ""HotpinkairwaY""",한유진,,,,,@tpal48591,https://dongne.co/events/novel05/circles/139150,"아아─, 이것이 『소설』이라는 것이다. Chapter 5",Day2
은빈이의부스,2510,,,,,1sp,,,,,,,,,,https://dongne.co/events/novel05/circles/138643,"아아─, 이것이 『소설』이라는 것이다. Chapter 5",Day2
일단급하니까,호미,,,,,2sp,화산귀환,,,"소소,청명,당보 그외",,,,"만화,소설,일러스트",@3ccontt,https://dongne.co/events/novel05/circles/138694,"아아─, 이것이 『소설』이라는 것이다. Chapter 5",Day2
자유선언만세,체리,,,,,2sp,잔차품,,Priest 쁘띠존 - 주일예배,,루비싱X린징헝,,,"소설,공예,기타",@niga__cherry,https://dongne.co/events/novel05/circles/139026,"아아─, 이것이 『소설』이라는 것이다. Chapter 5",Day2
작은먼지상점,Lun룬,,,,,2sp,내가키운S급들,,"현제유진 쁘띠존 ""HotpinkairwaY""",한유진,성현제X한유진,해당없음,,기타,@Talen_free,https://dongne.co/events/novel05/circles/138830,"아아─, 이것이 『소설』이라는 것이다. Chapter 5",Day2
장발현제냠냠,"키세, 리하",,,,,2sp,내가 키운 S급들,,"현제유진 쁘띠존 ""HotpinkairwaY""","성현제,한유진",성현제X한유진,로맨틱,,일러스트,@kise_chain,https://dongne.co/events/novel05/circles/138886,"아아─, 이것이 『소설』이라는 것이다. Chapter 5",Day2
중독업고튀어,카키색뜨개실,,,,,1sp,전지적 독자 시점,자캐,,,유중혁X김독자,,,소설,@khaki_color_,https://dongne.co/events/novel05/circles/139689,"아아─, 이것이 『소설』이라는 것이다. Chapter 5",Day2
현제는돼지다,"08, 적오",,,,,2sp,내가 키운 S급들,,"현제유진 쁘띠존 ""HotpinkairwaY""","성현제,한유진",,"로맨틱,섹슈얼",,일러스트,"@MYS_otk, @lnalfway",https://dongne.co/events/novel05/circles/139544,"아아─, 이것이 『소설』이라는 것이다. Chapter 5",Day2
흐느적흐느적,룽,,,,,2sp,데못죽,괴담출근 이착헌 전독시,,박문대 김기려 김독자 레밍,박문대,,,"일러스트,기타",,https://dongne.co/events/novel05/circles/138550,"아아─, 이것이 『소설』이라는 것이다. Chapter 5",Day2
얌마스튜디오 | 사천점,동이,,,,,4sp,화산귀환,,,,,,,일러스트,gimdongi1010,https://dongne.co/events/novel05/circles/139990,"아아─, 이것이 『소설』이라는 것이다. Chapter 5",Day2
얌마스튜디오 | 섬서점,동이,,,,,4sp,,,,,,,,,,https://dongne.co/events/novel05/circles/139989,"아아─, 이것이 『소설』이라는 것이다. Chapter 5",Day2
삼아승지겁의 오타쿠,"매화, 피라님",,,,,2sp,화산귀환,괴담에 떨어져도 출근을 해야 하는구나(괴담출근),,"청명,당보,임소병,김솔음 등",,,,"만화,일러스트","@hwasan_maehwa, @pira1049",https://dongne.co/events/novel05/circles/139907,"아아─, 이것이 『소설』이라는 것이다. Chapter 5",Day2
크툴루소설속 주인공은 사람으로 살고싶다,매롱,,,,,1sp,크법사,"공조살,괴담출근,반월당,명급리",,,,해당없음,,일러스트,@nmhrong,https://dongne.co/events/novel05/circles/140029,"아아─, 이것이 『소설』이라는 것이다. Chapter 5",Day2
녹림톨게이트 아이소지점,매화설탕,,,,,4sp,화산귀환,,화산귀환 사파 쁘띠존 : 사파일통,임소병,청명X임소병,"섹슈얼,로맨틱",,"만화,공예,기타",@BS_apricot,https://dongne.co/events/novel05/circles/139198,"아아─, 이것이 『소설』이라는 것이다. Chapter 5",Day2
백년호합탕에 옥결빙청환 말아먹기,난새,,,,,1sp,천관사복,,,"화성,사련",화성X사련,로맨틱,,"소설,공예",@sksto_nansae,https://dongne.co/events/novel05/circles/140155,"아아─, 이것이 『소설』이라는 것이다. Chapter 5",Day2
꽃사슴인가요?,살구,,,,,1sp,데뷔 못 하면 죽는 병 걸림,괴담에 떨어져도 출근을 해야 하는구나,아현문대 쁘띠존 : 데이트의 정석,박문대,선아현X박문대,,,,@yukari29_j,https://dongne.co/events/novel05/circles/138957,"아아─, 이것이 『소설』이라는 것이다. Chapter 5",Day2
감자가감자감자,감자말이,,,,,2sp,데뷔못하면죽는병걸림,괴담에떨어져도출근을해야하는구나,,,,,,공예,@bkbcpotato,https://dongne.co/events/novel05/circles/140040,"아아─, 이것이 『소설』이라는 것이다. Chapter 5",Day2
까레가리스벨와,"독후감, 멩메, 유카레",,,,,2sp,"의원,다시 살다","인사반파자구계통,크툴루 세계관 속 천재 마법사가 되었다",,사마현,사마현X진천희,로맨틱,빙추,만화,@doghugam1_1,https://dongne.co/events/novel05/circles/139431,"아아─, 이것이 『소설』이라는 것이다. Chapter 5",Day2
네버엔딩스토리,쵸이,,,,,2sp,,,,,,,,,,https://dongne.co/events/novel05/circles/138706,"아아─, 이것이 『소설』이라는 것이다. Chapter 5",Day2
달콤한일러스트,iamyunji,,,,,2sp,모모찌,,,모모찌,,,,일러스트,iamyunji,https://dongne.co/events/novel05/circles/138967,"아아─, 이것이 『소설』이라는 것이다. Chapter 5",Day2
데못죽화산귀환,염선진,,,,,1sp,데뷔못하면죽는병걸림,화산귀환,,,,,,,@mnn418_,https://dongne.co/events/novel05/circles/140251,"아아─, 이것이 『소설』이라는 것이다. Chapter 5",Day2
말랑촉촉사과떡,나이닌,,,,,1sp,데뷔 못 하면 죽는 병 걸림,,,,,,,,,https://dongne.co/events/novel05/circles/139252,"아아─, 이것이 『소설』이라는 것이다. Chapter 5",Day2
서라벌키링도둑,밍덩,,,,,2sp,진혼기,"반월당,적왕사",자하설영 쁘띠존 | 화랑상사 자설지부,,자하X설영,,,,@JJJJ_d_,https://dongne.co/events/novel05/circles/140192,"아아─, 이것이 『소설』이라는 것이다. Chapter 5",Day2
아무커플대잔치,"집주인, 톨렝",,,,,2sp,데뷔 못 하면 죽는 병걸림,,,배세진,류건우X배세진,로맨틱,,"만화,소설",@juin_i7,https://dongne.co/events/novel05/circles/138491,"아아─, 이것이 『소설』이라는 것이다. Chapter 5",Day2
얼음나무과자숲,요븐,,,,,1sp,아킬레우스의 노래,얼음나무 숲,,"아킬레우스,파트로클로스",아킬레우스X파트로클로스,로맨틱,고요X바옐,"소설,공예",,https://dongne.co/events/novel05/circles/138601,"아아─, 이것이 『소설』이라는 것이다. Chapter 5",Day2
현제토끼협박단,"산샷, 리을다",,,,,2sp,내가키운S급들,,"현제유진 쁘띠존 ""HotpinkairwaY""","성현제,한유진",성현제X한유진,로맨틱,,,@sanshot_,https://dongne.co/events/novel05/circles/138998,"아아─, 이것이 『소설』이라는 것이다. Chapter 5",Day2
홍콩째무주세요,폴테,,,,,2sp,어두운 바다의 등불이 되어,,,김재희,김재희X박무현,"로맨틱,섹슈얼",,"기타,만화,일러스트",@8enthopelagic,https://dongne.co/events/novel05/circles/139671,"아아─, 이것이 『소설』이라는 것이다. Chapter 5",Day2
브이틱점심메뉴 사과샐러드,(과)실수,,,,,2sp,데뷔 못 하면 죽는 병 걸림,,,"청려,채율,주단,박문대",브이틱X박문대,로맨틱,"청려문대, 채율문대, 주단문대",,@Fruit_Tree,https://dongne.co/events/novel05/circles/138923,"아아─, 이것이 『소설』이라는 것이다. Chapter 5",Day2
사업파트너에서 육아파트너까지,"외지, 사메",,,,,2sp,내가키운S급들,,"현제유진 쁘띠존 ""HotpinkairwaY""","성현제,한유진",성현제X한유진,"로맨틱,섹슈얼",,"소설,공예,기타,일러스트",@_tjdguswp08,https://dongne.co/events/novel05/circles/140176,"아아─, 이것이 『소설』이라는 것이다. Chapter 5",Day2
돼지새앙토끼와 털덩이고양이와 마감을미루는부스러,연,,,,,2sp,마법명가차남으로 살아남는법,"프롤로그스토리,아역부터 월드스타",,파이,,,,일러스트,,https://dongne.co/events/novel05/circles/140363,"아아─, 이것이 『소설』이라는 것이다. Chapter 5",Day2
고영형제보호협회,아기자기,,,,,1sp,내가키운S급들,,유현유진 쁘띠존 :: 2025 AWARDS,"한유현,한유진",,"로맨틱,섹슈얼",,"만화,일러스트",,https://dongne.co/events/novel05/circles/138797,"아아─, 이것이 『소설』이라는 것이다. Chapter 5",Day2
귀여운거와글와글,호이,,,,,1sp,,,,,,,,,,https://dongne.co/events/novel05/circles/140326,"아아─, 이것이 『소설』이라는 것이다. Chapter 5",Day2
깜장오소리기록실,브리샤,,,,,1sp,블랙배저,,"블랙배저 쁘띠존 ""역시 블배를 사랑해야지""",힐데베르트 탈레브,,로맨틱,,"소설,기타",@shy_qmfqorP,https://dongne.co/events/novel05/circles/139152,"아아─, 이것이 『소설』이라는 것이다. Chapter 5",Day2
남녀연애자유선언,은여,,,,,1sp,에이티식스,로맨스판타지,,,,,,,eunyu0,https://dongne.co/events/novel05/circles/138664,"아아─, 이것이 『소설』이라는 것이다. Chapter 5",Day2
대끊긴신라게이들,서한랑,,,,,2sp,진혼기,,,,자하X설영,,,,⁦‪@Seoh_han01‬⁩,https://dongne.co/events/novel05/circles/139173,"아아─, 이것이 『소설』이라는 것이다. Chapter 5",Day2
된장찌개먹고싶다,헤이,,,,,2sp,진혼기,화산귀환,자하설영 쁘띠존 | 화랑상사 자설지부,,,,,,@hey__cutie,https://dongne.co/events/novel05/circles/138903,"아아─, 이것이 『소설』이라는 것이다. Chapter 5",Day2
리틀화련포레스트,치즈,,,,,2sp,천관사복,마도조사,,사련,,"로맨틱,섹슈얼",망기무선,일러스트,@cheeseandsalmon,https://dongne.co/events/novel05/circles/138873,"아아─, 이것이 『소설』이라는 것이다. Chapter 5",Day2
뭐라도나오는부스,소금물,,,,,2sp,이세계 착각헌터,문과라도 안죄송한 이세계로감,,,,,,,,https://dongne.co/events/novel05/circles/138620,"아아─, 이것이 『소설』이라는 것이다. Chapter 5",Day2
부부동반효도관광,약지,,,,,2sp,화산귀환,,,"청명,당보",청명X당보,"섹슈얼,로맨틱",,"소설,일러스트",@_Yakji,https://dongne.co/events/novel05/circles/139476,"아아─, 이것이 『소설』이라는 것이다. Chapter 5",Day2
빛나라아이돌의별,시루떡,,,,,2sp,데뷔못하면죽는병걸림,,,박문대 이세진 선아현,,,,일러스트,@_shyan_day,https://dongne.co/events/novel05/circles/139041,"아아─, 이것이 『소설』이라는 것이다. Chapter 5",Day2
여우여우천년여우,깜죠,,,,,2sp,반월당의 기묘한 이야기,X,,유단 백란 채설 채우,,,,"만화,일러스트",@gong_account6_,https://dongne.co/events/novel05/circles/140283,"아아─, 이것이 『소설』이라는 것이다. Chapter 5",Day2
우선성공부터한다,랑새,,,,,1sp,"전독시,명급리","데못죽,화산귀환",,,,,,,@Rang_luvtika,https://dongne.co/events/novel05/circles/139443,"아아─, 이것이 『소설』이라는 것이다. Chapter 5",Day2
웹소잡탕먹음이집,sharin,,,,,1sp,화산귀환,,,,당보X청명,,,,@sharin_anything,https://dongne.co/events/novel05/circles/140099,"아아─, 이것이 『소설』이라는 것이다. Chapter 5",Day2
작가님신작주세요,기뮨,,,,,1sp,주컨곤,,,,,,,,,https://dongne.co/events/novel05/circles/139113,"아아─, 이것이 『소설』이라는 것이다. Chapter 5",Day2
잡식성과식증후군,오티엘라,,,,,1sp,데뷔 못 하면 죽는 병 걸림,이세계 착각 헌터,,김기려 정하성 류건우 청려,건우X청려,로맨틱,기려하성,"소설,일러스트",@OTLllla,https://dongne.co/events/novel05/circles/139384,"아아─, 이것이 『소설』이라는 것이다. Chapter 5",Day2
종합까까선물세트,까까,,,,,1sp,화산귀환,,,,,로맨틱,,,@_GGA_GGA,https://dongne.co/events/novel05/circles/139537,"아아─, 이것이 『소설』이라는 것이다. Chapter 5",Day2
창궁산파할인마켓,주인공충신,,,,,1sp,인사반파자구계통,,,"낙빙하,심청추",낙빙하X심청추,로맨틱,,소설,tansunjjang,https://dongne.co/events/novel05/circles/140121,"아아─, 이것이 『소설』이라는 것이다. Chapter 5",Day2
한씨형제만년해로,이,,,,,1sp,내가키운S급들,,,"한유현,한유진",한유현X한유진,"로맨틱,섹슈얼",,만화,@h1225xj0207,https://dongne.co/events/novel05/circles/138769,"아아─, 이것이 『소설』이라는 것이다. Chapter 5",Day2
할아버지들이야기,말단3호,,,,,2sp,화산귀환,,,"청명,당보",청명X당보,"로맨틱,섹슈얼","청명여당보, 이설소소","만화,소설,일러스트",eunhamaldan3,https://dongne.co/events/novel05/circles/139660,"아아─, 이것이 『소설』이라는 것이다. Chapter 5",Day2
유현이를사랑하는 유진이를 사랑하는 사람들의 모임,설기,,,,,2sp,내가 키운 S급들,,유현유진 쁘띠존 :: 2025 AWARDS,,,,,,,https://dongne.co/events/novel05/circles/139063,"아아─, 이것이 『소설』이라는 것이다. Chapter 5",Day2
문큰하시겠습니까? >멍 >킁니오,"10, 궈",,,,,2sp,데못죽,,,"박문대,이세진",박문대X이세진,로맨틱,,일러스트,@gun1234,https://dongne.co/events/novel05/circles/139601,"아아─, 이것이 『소설』이라는 것이다. Chapter 5",Day2
세가남이랑도사가[더보기],당근,,,,,2sp,화산귀환,,,"당보,청명",당보X청명,"로맨틱,섹슈얼",,,@qakmuscari,https://dongne.co/events/novel05/circles/139797,"아아─, 이것이 『소설』이라는 것이다. Chapter 5",Day2
겨울엔통모차핫도그,모차,,,,,2sp,진혼기,화산귀환,자하설영 쁘띠존 | 화랑상사 자설지부,자하,자하X설영,,당보청명,만화,@mocha5earlgrey,https://dongne.co/events/novel05/circles/139602,"아아─, 이것이 『소설』이라는 것이다. Chapter 5",Day2
방구석뜨개진흥협회,기역니은디귿,,,,,1sp,전독시,,,,,,,,,https://dongne.co/events/novel05/circles/139362,"아아─, 이것이 『소설』이라는 것이다. Chapter 5",Day2
중생인권복지위원회,이율,,,,,1sp,"의원,다시 살다",진혼기,,"진천희,제갈린,유호,사마현,김설영,김자하",,,,일러스트,@J38azc67h,https://dongne.co/events/novel05/circles/140337,"아아─, 이것이 『소설』이라는 것이다. Chapter 5",Day2
활자에서꽃피는사랑,알브,,,,,1sp,"전지적독자시점,내가키운S급들",,,김독자,유중혁X김독자,,,,@hakusuni_23,https://dongne.co/events/novel05/circles/138987,"아아─, 이것이 『소설』이라는 것이다. Chapter 5",Day2
절대낙빙하아닙니다. 믿어주세요...,낙빙하,,,,,1sp,인사반파자구계통,"마도조사,천관사복",,,낙빙하X심청추,,,,,https://dongne.co/events/novel05/circles/140483,"아아─, 이것이 『소설』이라는 것이다. Chapter 5",Day2
김치찌개마카롱전문점,빙봉,,,,,2sp,,,,,,,,,,https://dongne.co/events/novel05/circles/140455,"아아─, 이것이 『소설』이라는 것이다. Chapter 5",Day2
당보청명결혼함내가봄,따,,,,,2sp,화산귀환,,,"당보,청명",당보X청명,"로맨틱,섹슈얼",,"만화,일러스트,소설",,https://dongne.co/events/novel05/circles/139210,"아아─, 이것이 『소설』이라는 것이다. Chapter 5",Day2
마감을성공할수있을까,류소,,,,,1sp,데뷔 못하면 죽는 병 걸림,,,박문대 / 이세진 / 선아현,청려X문대,로맨틱,아현문대,일러스트,@apple_pick__pp,https://dongne.co/events/novel05/circles/139172,"아아─, 이것이 『소설』이라는 것이다. Chapter 5",Day2
수제치킨집배달비무료,쑥,,,,,2sp,열화요수,,Priest 쁘띠존 - 주일예배,"쉬엔지,성령연",쉬엔지X성령연,로맨틱,,기타,@artemissuk,https://dongne.co/events/novel05/circles/140258,"아아─, 이것이 『소설』이라는 것이다. Chapter 5",Day2
전국마력자원운송연합,S4ze,,,,,1sp,이세계 착각 헌터,,,,,,,일러스트,@24siganimozara,https://dongne.co/events/novel05/circles/140492,"아아─, 이것이 『소설』이라는 것이다. Chapter 5",Day2
주말출근안하면부스냄,감자별,,,,,1sp,천관사복,괴담에 떨어져도 출근을 해야 하는구나,,사련,,"로맨틱,섹슈얼",,"일러스트,소설,만화,공예,기타",@gamja_planet,https://dongne.co/events/novel05/circles/139003,"아아─, 이것이 『소설』이라는 것이다. Chapter 5",Day2
햄스터권익보장위원회,메밀묵,,,,,1sp,데뷔못하면죽는병걸림,,,"테스타,배세진",,,,,@11111111111,https://dongne.co/events/novel05/circles/139178,"아아─, 이것이 『소설』이라는 것이다. Chapter 5",Day2
화산폭렬조사회귀사존,쌀토끼,,,,,2sp,화산귀환,"광마회귀,마도조사,밀렵인형폭렬학원가",,장일소,장일소X호가명,"로맨틱,섹슈얼","난오호피, 묵연만녕, 드림",소설,@dreamtokki,https://dongne.co/events/novel05/circles/138517,"아아─, 이것이 『소설』이라는 것이다. Chapter 5",Day2
사람이중독에갇혓어요 ,부리부리,,,,,2sp,전독시,데못죽,,유중혁 x 김독자,,,,,gudokjungdok,https://dongne.co/events/novel05/circles/140289,"아아─, 이것이 『소설』이라는 것이다. Chapter 5",Day2
경찰청쇠창살은외철창살,나로,,,,,1sp,서브남주가 파업하면 생기는 일,어두운 바다의 등불이 되어,,"세드리크,정예서",세드리크 리에스테르X정예서,로맨틱,,"만화,일러스트,공예",naro_akam,https://dongne.co/events/novel05/circles/138804,"아아─, 이것이 『소설』이라는 것이다. Chapter 5",Day2
순애는최고의김치찌개다,린스,,,,,1sp,데못죽,마차살,,"주단,청려",주단X청려,섹슈얼,,"소설,일러스트",@rinCEorSE,https://dongne.co/events/novel05/circles/139591,"아아─, 이것이 『소설』이라는 것이다. Chapter 5",Day2
어두운바다의째무가되어,그린블루,,,,,2sp,어두운바다의등불이되어,,,김재희,,"섹슈얼,로맨틱",,,@G_Deepblue,https://dongne.co/events/novel05/circles/138614,"아아─, 이것이 『소설』이라는 것이다. Chapter 5",Day2
일단질렀다박문대적사고,"이스, 모자",,,,,2sp,데뷔 못하면 죽는 병 걸림,,,"청려(신재현),박문대,류건우",청려X문대,,청려건우,소설,"@xicesx, @moja_m0",https://dongne.co/events/novel05/circles/140485,"아아─, 이것이 『소설』이라는 것이다. Chapter 5",Day2
진짜제발부스내고싶어요,아니,,,,,2sp,블랙배저,,"블랙배저 쁘띠존 ""역시 블배를 사랑해야지""",,,,,공예,@no_ani_fantasy,https://dongne.co/events/novel05/circles/139045,"아아─, 이것이 『소설』이라는 것이다. Chapter 5",Day2
중원농축프로바이오틱스 매화맛,소피민,,,,,1sp,화산귀환,,,청명,청명X백천,"해당없음,로맨틱",NCP,"만화,일러스트",@muing_hsgh,https://dongne.co/events/novel05/circles/138761,"아아─, 이것이 『소설』이라는 것이다. Chapter 5",Day2
중원농축프로바이오틱스 미역맛,자연발생,,,,,1sp,화산귀환,,,청명 백천 당보 진금룡,청명X백천,"로맨틱,섹슈얼",송백금룡,"만화,일러스트",@chyarute234,https://dongne.co/events/novel05/circles/139467,"아아─, 이것이 『소설』이라는 것이다. Chapter 5",Day2
아마도이것저것나눔부스?,환멸,,,,,1sp,,,,,,,,,,https://dongne.co/events/novel05/circles/139588,"아아─, 이것이 『소설』이라는 것이다. Chapter 5",Day2
그놈들이그곳으로가버리다,집오리,,,,,2sp,화산귀환,,청명백천 쁘띠존 <청명아! 백천아! 혼인했으니 신행가자!>,"청명,백천",,"로맨틱,섹슈얼",,만화,@oribalsick,https://dongne.co/events/novel05/circles/140198,"아아─, 이것이 『소설』이라는 것이다. Chapter 5",Day2
사귀는황의한테사기를항의,이끼돌,,,,,1sp,명문고 EX급 조연의 리플레이,,,"조의신,황호",황호X조의신,로맨틱,,소설,@ikidoll_0122,https://dongne.co/events/novel05/circles/139710,"아아─, 이것이 『소설』이라는 것이다. Chapter 5",Day2
사파분량확보해라확보해라,새앙쥐,,,,,2sp,화산귀환,,화산귀환 사파 쁘띠존 : 사파일통,"장일소,임소병",,,,"일러스트,공예",@saae_ang,https://dongne.co/events/novel05/circles/139778,"아아─, 이것이 『소설』이라는 것이다. Chapter 5",Day2
신청에성공하면뭐라도내는,메리메무리,,,,,1sp,,,,,,,,,,https://dongne.co/events/novel05/circles/138685,"아아─, 이것이 『소설』이라는 것이다. Chapter 5",Day2
감로수내리는세상만들어줄게,"초묵, 졸라맨",,,,,2sp,반월당,,,"백란,유단",,,,,"@yummyy_n, @8t3D7",https://dongne.co/events/novel05/circles/138978,"아아─, 이것이 『소설』이라는 것이다. Chapter 5",Day2
부스이름짓는게가장어렵더라,"카로, 부찌",,,,,2sp,화산귀환,,,,,,,,@karo_pic @OMG0TAKU ,https://dongne.co/events/novel05/circles/138626,"아아─, 이것이 『소설』이라는 것이다. Chapter 5",Day2
오세요오세요백명천명오세요,"두콩, 곤장",,,,,2sp,"천관사복,화산귀환,데못죽","인사반파,패션",,,,,,일러스트,"@22ouk_, @gonjang8618",https://dongne.co/events/novel05/circles/139305,"아아─, 이것이 『소설』이라는 것이다. Chapter 5",Day2
내가동양풍에진심이될줄몰랐지,지감,,,,,1sp,인사반파자구계통,"진혼기,천관사복,이합화타적백묘사존",,"낙빙하,심청추",낙빙하X심청추,로맨틱,,일러스트,@jigam_,https://dongne.co/events/novel05/circles/139568,"아아─, 이것이 『소설』이라는 것이다. Chapter 5",Day2
내파트너의실굴티소의눈와자데,무낙,,,,,1sp,내가 키운 S급들,,"현제유진 쁘띠존 ""HotpinkairwaY""",한유진,성현제X한유진,로맨틱,,일러스트,@muinak_ss,https://dongne.co/events/novel05/circles/139596,"아아─, 이것이 『소설』이라는 것이다. Chapter 5",Day2
제가할수있을까요마감이란것을,해먕,,,,,2sp,괴담에 떨어져도 출근을 해야 하는구나,이세계 착각 헌터,,,자헌X솔음,"로맨틱,섹슈얼",창호기려,만화,@Hae_myang,https://dongne.co/events/novel05/circles/140534,"아아─, 이것이 『소설』이라는 것이다. Chapter 5",Day2
해파리냉채곱빼기제공참말사건,해파리냉채²,,,,,2sp,열화요수,묵독 / 인사반파자구계통,Priest 쁘띠존 - 주일예배,,,,,"일러스트,만화,기타","@2ahu8, @rainy_side_down",https://dongne.co/events/novel05/circles/140355,"아아─, 이것이 『소설』이라는 것이다. Chapter 5",Day2
절대적신뢰야말로진정한순애다 ,리엘,,,,,2sp,화산귀환,,,당보,,"로맨틱,섹슈얼",,,@hwachinnyeo ,https://dongne.co/events/novel05/circles/138842,"아아─, 이것이 『소설』이라는 것이다. Chapter 5",Day2
문대큰세야나도자전거타면안돼..?,데밀,,,,,2sp,데뷔 못하면 죽는 병 걸림,,,박문대 이세진,박문대X이세진,"섹슈얼,로맨틱",,소설,@KEUNSE_XGF,https://dongne.co/events/novel05/circles/139548,"아아─, 이것이 『소설』이라는 것이다. Chapter 5",Day2
국밥사주면데뷔못하면죽는병주는놈,"깉, 쇠수",,,,,2sp,데뷔 못 하면 죽는 병 걸림,,,"큰달,박문대,테스타",,,,소설,@moondae_park,https://dongne.co/events/novel05/circles/139984,"아아─, 이것이 『소설』이라는 것이다. Chapter 5",Day2
데못죽을읽지않은공룡은멸종했죠과연우연일까요,tichell,,,,,2sp,데뷔 못 하면 죽는 병 걸림,,,"차유진,김래빈",차유진X김래빈,해당없음,주단청려,일러스트,@R1a1CE,https://dongne.co/events/novel05/circles/138876,"아아─, 이것이 『소설』이라는 것이다. Chapter 5",Day2
째무지혁지현절대좌우고정논리버시블결벽불탁불역일공일수신성혼인,만두,,,,,2sp,어두운 바다의 등불이 되어,,,"재희,무현,지혁,지현",재희X무현,,지혁지현,,,https://dongne.co/events/novel05/circles/138724,"아아─, 이것이 『소설』이라는 것이다. Chapter 5",Day2
일년 내내 할로윈: 구화산 팝니다 1,별사탕가루,,,,,4sp,화산귀환,,,"청명,당보,구화산",청명X청문,해당없음,,"소설,만화,공예",@HSGH_cndi,https://dongne.co/events/novel05/circles/139883,"아아─, 이것이 『소설』이라는 것이다. Chapter 5",Day2
자설찵여1,탐,,,,,2sp,진혼기,,자하설영 쁘띠존 | 화랑상사 자설지부,"김자하,김설영",자하X설영,"로맨틱,섹슈얼",,소설,tamtamtma,https://dongne.co/events/novel05/circles/139524,"아아─, 이것이 『소설』이라는 것이다. Chapter 5",Day2
데한민국 도담 사육소 1층 서점,"73, 쿄",,,,,2sp,내가 키운 S급들,데뷔 못 하면 죽는 병 걸림,,"성현제,한유진,청려,주단",주단X청려,"로맨틱,해당없음",현제유진,소설,@Allday_Work_,https://dongne.co/events/novel05/circles/140020,"아아─, 이것이 『소설』이라는 것이다. Chapter 5",Day2
제형타코 1월호,tacc,,,,,2sp,내가 키운 s급들,,유현유진 쁘띠존 :: 2025 AWARDS,"한유현,한유진",한유현X한유진,"로맨틱,섹슈얼",,"만화,일러스트",hrdtaco,https://dongne.co/events/novel05/circles/139447,"아아─, 이것이 『소설』이라는 것이다. Chapter 5",Day2
계화호떡맛집 짱량제국 1호점,"설우, 시나, 셍",,,,,4sp,"살파랑,열화요수",,Priest 쁘띠존 - 주일예배,,,,,"일러스트,소설,만화,기타",,https://dongne.co/events/novel05/circles/139165,"아아─, 이것이 『소설』이라는 것이다. Chapter 5",Day2
중원제일가1능충대회,맹,,,,,1sp,화산귀환,,,,,,,일러스트,@CH_BACK2,https://dongne.co/events/novel05/circles/140118,"아아─, 이것이 『소설』이라는 것이다. Chapter 5",Day2
제1무림에도 화산파가,창식,,,,,2sp,화산귀환,전지적 독자 시점,,"임소병,김독자",,,중혁독자,"만화,일러스트",hitz_0o0,https://dongne.co/events/novel05/circles/138858,"아아─, 이것이 『소설』이라는 것이다. Chapter 5",Day2
1호선 반월당역 적폐,H씨,,,,,1sp,반월당의 기묘한 이야기,,,"유단,백란",,"로맨틱,섹슈얼",,"기타,소설",@Hy_iOi,https://dongne.co/events/novel05/circles/139038,"아아─, 이것이 『소설』이라는 것이다. Chapter 5",Day2
오르 제국에서 화산까지 향해 걷는 100시간,"즉석밥, 떼엑",,,,,2sp,빌런에게도 사연이 있다,"어두운 바다에 등불이 되어,망나니 PD 아이돌로 살아남기,화산귀환",,"한건주,권사윤,백아,박무현,서호윤",한건주X권사윤,"로맨틱,해당없음",,일러스트,"instant_bab, @ddeack14",https://dongne.co/events/novel05/circles/138709,"아아─, 이것이 『소설』이라는 것이다. Chapter 5",Day2
1000ho100ran,"네윤, 소미",,,,,2sp,반월당의 기묘한 이야기,,,,,,,"소설,일러스트,공예,게임,기타",@neyun_b @nomoresomi,https://dongne.co/events/novel05/circles/140340,"아아─, 이것이 『소설』이라는 것이다. Chapter 5",Day2
101 light year,nair,,,,,2sp,데뷔 못 하면 죽는 병 걸림,괴담에 떨어져도 출근을 해야 하는구나 / 이세계 착각 헌터,,"테스타,박문대,김솔음,김기려",,,,일러스트,@nair_rf,https://dongne.co/events/novel05/circles/140393,"아아─, 이것이 『소설』이라는 것이다. Chapter 5",Day2
10281215년 전통 청문 맛집,"공장장박씨, 냐파죽, 미역, 별",,,,,4sp,데뷔 못 하면 죽는 병 걸림,,,류청우 박문대 류건우,류청우X박문대,,청우건우,,,https://dongne.co/events/novel05/circles/139550,"아아─, 이것이 『소설』이라는 것이다. Chapter 5",Day2
빵 나오는시간 오전 11:00,빵주머니,,,,,2sp,,,,,,,,,@pocket0jun,https://dongne.co/events/novel05/circles/138646,"아아─, 이것이 『소설』이라는 것이다. Chapter 5",Day2
13월,하산,,,,,2sp,내스급,,,성현제,,,,만화,hasan_13wol,https://dongne.co/events/novel05/circles/138619,"아아─, 이것이 『소설』이라는 것이다. Chapter 5",Day2
15대제자의 화산,깜냥,,,,,1sp,화산귀환,,,"청명,당보",,,,소설,@Knyang_718,https://dongne.co/events/novel05/circles/139713,"아아─, 이것이 『소설』이라는 것이다. Chapter 5",Day2
1588 대리운전,뭔데,,,,,2sp,섭남파업,"민대리,샤머귀농",,"정예서,도서인",,해당없음,,소설,@N1BSd,https://dongne.co/events/novel05/circles/139342,"아아─, 이것이 『소설』이라는 것이다. Chapter 5",Day2
1588-황눈아세,5새벽,,,,,1sp,내가 키운 S급들,,유현유진 쁘띠존 :: 2025 AWARDS,"한유현,한유진",,"섹슈얼,로맨틱",,만화,,https://dongne.co/events/novel05/circles/138556,"아아─, 이것이 『소설』이라는 것이다. Chapter 5",Day2
토마호크 스테이크 1호점 : SETEC점,마말레이드,,,,,4sp,화산귀환,,,청명,당보X청명,로맨틱,,"만화,일러스트",@Marmal_0329,https://dongne.co/events/novel05/circles/138702,"아아─, 이것이 『소설』이라는 것이다. Chapter 5",Day2
1sp가 반부스인줄 몰랐어요,대깨성,,,,,1sp,내가 키운 s급들,,,"피스,강소영",,,,만화,,https://dongne.co/events/novel05/circles/138487,"아아─, 이것이 『소설』이라는 것이다. Chapter 5",Day2
일년 내내 할로윈: 구화산 팝니다 2,사갈,,,,,4sp,화산귀환,,,"청명,당보,구화산",검존X검협,해당없음,당청 ,"만화,일러스트,소설",@sagal_hwa,https://dongne.co/events/novel05/circles/138870,"아아─, 이것이 『소설』이라는 것이다. Chapter 5",Day2
쌍두마차2," 쌍화차, 천두",,,,,4sp,화산귀환,,,청명,,,,"만화,일러스트",,https://dongne.co/events/novel05/circles/139604,"아아─, 이것이 『소설』이라는 것이다. Chapter 5",Day2
자설찵여2,탐,,,,,2sp,진혼기,,자하설영 쁘띠존 | 화랑상사 자설지부,"김자하,김설영",자하X설영,"로맨틱,섹슈얼",,,@tamtamtma,https://dongne.co/events/novel05/circles/139523,"아아─, 이것이 『소설』이라는 것이다. Chapter 5",Day2
2관이지만 데못죽이 하고싶어,유사,,,,,2sp,데뷔 못 하면 죽는병 걸림,,,,,,,,Orbit__TeSTAR,https://dongne.co/events/novel05/circles/139050,"아아─, 이것이 『소설』이라는 것이다. Chapter 5",Day2
 성검전설 2025,오슷카,,,,,2sp,내가 키운 S급,,,"성현제,한유진",,"섹슈얼,로맨틱",,,,https://dongne.co/events/novel05/circles/139085,"아아─, 이것이 『소설』이라는 것이다. Chapter 5",Day2
<유현유진 쁘띠존 :: 2025 AWARDS> 주최부스,유현유진 쁘띠존 :: 2025 AWARDS,,,,,2sp,,,유현유진 쁘띠존 :: 2025 AWARDS,,,,,,,https://dongne.co/events/novel05/circles/139929,"아아─, 이것이 『소설』이라는 것이다. Chapter 5",Day2
2025 YHYJ GUEST BOOK,2025 YHYJ GUEST BOOK,,,,,2sp,내가 키운 S급들,,유현유진 쁘띠존 :: 2025 AWARDS,한유현 한유진,한유현X한유진,"섹슈얼,로맨틱",,,@yhyj_2025,https://dongne.co/events/novel05/circles/139429,"아아─, 이것이 『소설』이라는 것이다. Chapter 5",Day2
21세기 동인은 물물교환만 받습니다.,쏟아진 잉크병,,,,,2sp,데못죽,괴담출근,,,,로맨틱,,"소설,공예",@inkbottle0530,https://dongne.co/events/novel05/circles/138839,"아아─, 이것이 『소설』이라는 것이다. Chapter 5",Day2
25시 마감데이즈,하루반L,,,,,2sp,화산귀환,괴수8호 괴담출근 블랙배저 사카모토데이즈 플레이브,,청명,,,,,@kununk030,https://dongne.co/events/novel05/circles/139435,"아아─, 이것이 『소설』이라는 것이다. Chapter 5",Day2
여름낮2501,겨울밤,,,,,2sp,화산귀환,수공예,,,,,,,,https://dongne.co/events/novel05/circles/138656,"아아─, 이것이 『소설』이라는 것이다. Chapter 5",Day2
26Studio,이육,,,,,2sp,데못죽,,,,,,,,@Love_26k,https://dongne.co/events/novel05/circles/139838,"아아─, 이것이 『소설』이라는 것이다. Chapter 5",Day2
자하설영 앤솔로지2 : 鴛鴦之契,자하설영 앤솔로지,,,,,2sp,진혼기,,자하설영 쁘띠존 | 화랑상사 자설지부,"자하,설영",자하X설영,"로맨틱,섹슈얼",,"만화,일러스트,소설",@anthology_jhsy,https://dongne.co/events/novel05/circles/138684,"아아─, 이것이 『소설』이라는 것이다. Chapter 5",Day2
당보야 그렇게..3,띠,,,,,4sp,화산귀환,,,"당보,청명",당보X청명,"로맨틱,섹슈얼",,"만화,일러스트,소설,기타",s2ei1010,https://dongne.co/events/novel05/circles/139890,"아아─, 이것이 『소설』이라는 것이다. Chapter 5",Day2
3월의 온리전을 아시나요,BB,,,,,2sp,이세계 착각 헌터,,,강창호 김기려,,로맨틱,,"만화,일러스트",B4mb0n,https://dongne.co/events/novel05/circles/138755,"아아─, 이것이 『소설』이라는 것이다. Chapter 5",Day2
36년전통김치찌개맛집,이결,,,,,2sp,화산귀환,,청명백천 쁘띠존 <청명아! 백천아! 혼인했으니 신행가자!>,"청명,백천",청명X백천,"로맨틱,섹슈얼",,소설,@1_ocked,https://dongne.co/events/novel05/circles/138879,"아아─, 이것이 『소설』이라는 것이다. Chapter 5",Day2
전략영업52팀,"슬, 레타스",,,,,2sp,민감한 대리님,공조살(공포소설 속 조연은 사람으로 살고 싶다),,"민준일,도서인",,,,소설,seulxeux41,https://dongne.co/events/novel05/circles/139849,"아아─, 이것이 『소설』이라는 것이다. Chapter 5",Day2
6개월 동인지 챌린지,삼시나매,,,,,1sp,화산귀환,,,"당보,청명,조걸,당잔",조걸X당잔,로맨틱,"당보청명, 청명당보","소설,만화",@rolllbang,https://dongne.co/events/novel05/circles/139296,"아아─, 이것이 『소설』이라는 것이다. Chapter 5",Day2
6/45,롯도,,,,,2sp,"데뷔 못하면 죽는병 걸림,데못죽",,,"청려,박문대",청려X박문대,로맨틱,,,,https://dongne.co/events/novel05/circles/139104,"아아─, 이것이 『소설』이라는 것이다. Chapter 5",Day2
80년 보리밥 전문점,보리차,,,,,1sp,블랙배저,,"블랙배저 쁘띠존 ""역시 블배를 사랑해야지""","최윤,이예현,잭 블랙,힐데베르트 탈레브",최윤X이예현,"로맨틱,섹슈얼",잭힐데,"소설,공예,일러스트",@borrycha_00,https://dongne.co/events/novel05/circles/138732,"아아─, 이것이 『소설』이라는 것이다. Chapter 5",Day2
8번 코어 블배로 30 뒷골목 잡화점,파람,,,,,1sp,블랙배저,,"블랙배저 쁘띠존 ""역시 블배를 사랑해야지""",,,,,"소설,기타",@panso_param,https://dongne.co/events/novel05/circles/138936,"아아─, 이것이 『소설』이라는 것이다. Chapter 5",Day2
ARUKIDS,아르키,,,,,2sp,내가 키운 S급들,,유현유진 쁘띠존 :: 2025 AWARDS,"한유현,한유진",한유현X한유진,,,"만화,기타,일러스트",@_arukids,https://dongne.co/events/novel05/circles/138546,"아아─, 이것이 『소설』이라는 것이다. Chapter 5",Day2
AT판소주류&와인박람회,김캐럿,,,,,1sp,,,,,,,,,zltpdibb,https://dongne.co/events/novel05/circles/138495,"아아─, 이것이 『소설』이라는 것이다. Chapter 5",Day2
인생은 B birth 와 D death 사이에 C check책,사태,,,,,1sp,민감한 대리님,"전원 사망이 예정된 세계관,크툴루 게임 속 천재 마법사가 되었다",,아르마 크루즈,,,,일러스트,@mXB6xYdbypaQvUh,https://dongne.co/events/novel05/circles/140282,"아아─, 이것이 『소설』이라는 것이다. Chapter 5",Day2
beer있음,R,,,,,1sp,화산귀환,,,,도위X백천,,,소설,,https://dongne.co/events/novel05/circles/138844,"아아─, 이것이 『소설』이라는 것이다. Chapter 5",Day2
blackhole,"희원, 홍실",,,,,2sp,데뷔 못 하면 죽는 병 걸림,,,"차유진,김래빈",차유진X김래빈,"로맨틱,섹슈얼",,,,https://dongne.co/events/novel05/circles/138799,"아아─, 이것이 『소설』이라는 것이다. Chapter 5",Day2
BLACKHOLE&RABBITHOLE,뮥,,,,,2sp,데뷔 못 하면 죽는 병 걸림,,,"차유진,김래빈",,로맨틱,,,@BlabbitHole,https://dongne.co/events/novel05/circles/139277,"아아─, 이것이 『소설』이라는 것이다. Chapter 5",Day2
bulletproof heart,미음,,,,,1sp,"의원,다시 살다",,,,제갈린X진천희,"로맨틱,섹슈얼",,,,https://dongne.co/events/novel05/circles/138569,"아아─, 이것이 『소설』이라는 것이다. Chapter 5",Day2
BUSTER!! ,winston,,,,,1sp,화산귀환,,,당보 청명,당보X청명,"섹슈얼,로맨틱",,,,https://dongne.co/events/novel05/circles/139087,"아아─, 이것이 『소설』이라는 것이다. Chapter 5",Day2
부스 BUSY니스 맙소사,신유,,,,,2sp,괴담에 떨어져도 출근을 해야 하는구나,,,김솔음 백사헌 브라운 착한친구 이자헌 은하제 장허운 진나솔 장민성,,로맨틱,"사헌솔음,솔음사헌,자헌솔음,솔음른,블솔,샇솔샇,허운나솔,민성하제","소설,만화,일러스트",tlsdb17,https://dongne.co/events/novel05/circles/140101,"아아─, 이것이 『소설』이라는 것이다. Chapter 5",Day2
내 씨피가 송충이cp라고,갈기,,,,,1sp,괴담에 떨어져도 출근을 해야 하는구나,,,김솔음 백사헌,,로맨틱,,"소설,만화",갈기 @22rkfrl,https://dongne.co/events/novel05/circles/139913,"아아─, 이것이 『소설』이라는 것이다. Chapter 5",Day2
너 왜 눈을 CㅣPㅓ렇게 떠?,"영아, 마카롱고래",,,,,2sp,명문고 EX급 조연의 리플레이,,,"조의신,황호,은호,천성헌",황호X의신,"로맨틱,섹슈얼","은호의신, 논컾",소설,"Yeung_A__03 , night__whale",https://dongne.co/events/novel05/circles/139581,"아아─, 이것이 『소설』이라는 것이다. Chapter 5",Day2
하느님이 허락한 CP,무식,,,,,2sp,데뷔 못 하면 죽는 병 걸림,,,박문대 이세진,박문대X이세진,로맨틱,,,@musicismylike,https://dongne.co/events/novel05/circles/139543,"아아─, 이것이 『소설』이라는 것이다. Chapter 5",Day2
Das Blaue,갈치 & 날치,,,,,1sp,마법명가 차남으로 살아남는 법 (마차살),,,,,,,,@gal_chii,https://dongne.co/events/novel05/circles/140516,"아아─, 이것이 『소설』이라는 것이다. Chapter 5",Day2
ddd,유일,,,,,1sp,,,,,,,,,,https://dongne.co/events/novel05/circles/139555,"아아─, 이것이 『소설』이라는 것이다. Chapter 5",Day2
Dear. H,서목,,,,,1sp,블랙배저,어두운 바다의 등불이 되어,"블랙배저 쁘띠존 ""역시 블배를 사랑해야지""","힐데베르트 탈레브,이예현,리카르도 소르디,박무현,신해량",이예현X힐데베르트 탈레브,로맨틱,,"소설,일러스트",@SeoMok__,https://dongne.co/events/novel05/circles/139938,"아아─, 이것이 『소설』이라는 것이다. Chapter 5",Day2
내가 키운 Dol들,연필,,,,,2sp,내스급 & 데못죽,,,,,,,일러스트,@S2yeonpil,https://dongne.co/events/novel05/circles/139579,"아아─, 이것이 『소설』이라는 것이다. Chapter 5",Day2
[불타지 않는 책] 당연하지 이건 e북이니까,월병 ,,,,,2sp,문과라도 안 죄송한 이세계로 감,,,"클레이오 아세르,아서 리오그난",아서X클레이오,로맨틱,,"일러스트,소설",@GIAKO11O,https://dongne.co/events/novel05/circles/139789,"아아─, 이것이 『소설』이라는 것이다. Chapter 5",Day2
Enjoy your wedding :D,청려건우 웨딩 앤솔로지,,,,,2sp,데뷔 못 하면 죽는 병 걸림,,,"신재현,류건우",신재현X류건우,로맨틱,,소설,@chrgun_wedding,https://dongne.co/events/novel05/circles/139389,"아아─, 이것이 『소설』이라는 것이다. Chapter 5",Day2
마법명가 ex급 조연이 출근하지 못하면 죽는 병 걸림,가퐁곰 캄다람지 박춘자,,,,,2sp,명급리,데못죽 마차살 괴담출근 김아싫,,조의신 청려 박문대,,,의신른 청려문대 황호의신 ,,gapon_224,https://dongne.co/events/novel05/circles/140092,"아아─, 이것이 『소설』이라는 것이다. Chapter 5",Day2
마법명가 차남의 EX급 이세계 출근 리플레이,less,,,,,4sp,명문고 ex급 조연의 리플레이,"마법명가 차남으로 살아남는 법,이세계 착각 헌터,괴담에 떨어져도 출근을 해야 하는구나,블랙배저",,조의신,황호X조의신,,제건신록,일러스트,@stalemate_less,https://dongne.co/events/novel05/circles/140249,"아아─, 이것이 『소설』이라는 것이다. Chapter 5",Day2
F급 채소바구니,츠나,,,,,1sp,내가 키운 s급들,,"현제유진 쁘띠존 ""HotpinkairwaY""",한유진,성현제X한유진,로맨틱,,"일러스트,만화,기타",@9717rd,https://dongne.co/events/novel05/circles/140403,"아아─, 이것이 『소설』이라는 것이다. Chapter 5",Day2
Fairline,초벌샴푸,,,,,1sp,명문고EX급조연의리플레이,적국의왕자로사는법,,"조의신,천성헌",,,,"만화,기타",cb_shampoo,https://dongne.co/events/novel05/circles/138482,"아아─, 이것이 『소설』이라는 것이다. Chapter 5",Day2
대화산파 소규모 속가 부스 feat.천우맹,밀량,,,,,2sp,화산귀환,,,,,"로맨틱,섹슈얼",,"만화,소설,기타",@hap_ev_dr,https://dongne.co/events/novel05/circles/138541,"아아─, 이것이 『소설』이라는 것이다. Chapter 5",Day2
Free smile,마일,,,,,1sp,괴담에 떨어져도 출근은 해야하는구나,,,,,,,,,https://dongne.co/events/novel05/circles/139135,"아아─, 이것이 『소설』이라는 것이다. Chapter 5",Day2
From. YH,재이,,,,,1sp,블랙배저,,"블랙배저 쁘띠존 ""역시 블배를 사랑해야지""","힐데베르트 탈레브,이예현",이예현X힐데베르트 텔레브,,,"소설,기타",@zzhxngg,https://dongne.co/events/novel05/circles/139700,"아아─, 이것이 『소설』이라는 것이다. Chapter 5",Day2
Golden slumber,안하리,,,,,1sp,데뷔 못 하면 죽는 병 걸림,,,,박문대X청려,,,만화,@HNM487,https://dongne.co/events/novel05/circles/140303,"아아─, 이것이 『소설』이라는 것이다. Chapter 5",Day2
HABSELIGKEITEN,은람,,,,,2sp,전독시,내스급,,,,,,,@eunram,https://dongne.co/events/novel05/circles/139138,"아아─, 이것이 『소설』이라는 것이다. Chapter 5",Day2
"<현제유진 쁘띠존 ""HotpinkairwaY""> 주최부스","현제유진 쁘띠존 ""HotpinkairwaY""",,,,,2sp,,,"현제유진 쁘띠존 ""HotpinkairwaY""",,,,,,,https://dongne.co/events/novel05/circles/138648,"아아─, 이것이 『소설』이라는 것이다. Chapter 5",Day2
Ignition Point,행인A,,,,,2sp,내가키운S급들,,,"한유진,성현제,한유현",성현제X한유진,"로맨틱,섹슈얼","한유현X한유진, 송태원X한유진",소설,@haengin__a,https://dongne.co/events/novel05/circles/139069,"아아─, 이것이 『소설』이라는 것이다. Chapter 5",Day2
Imagination Store,츠히,,,,,1sp,천관사복,마도조사 묵독,,사련 화성 무선 망기 뤄원저우 페이두,화성X사련,"로맨틱,섹슈얼","망무,저우두","소설,일러스트",tzuhi,https://dongne.co/events/novel05/circles/138811,"아아─, 이것이 『소설』이라는 것이다. Chapter 5",Day2
Last,이육,,,,,2sp,데못죽,,,,,,,,Love_26k,https://dongne.co/events/novel05/circles/139737,"아아─, 이것이 『소설』이라는 것이다. Chapter 5",Day2
Lovely Mix,Lovely Mix,,,,,1sp,화산귀환,"내스급,전독시,데못죽",,,,,,,@LovelyMix_,https://dongne.co/events/novel05/circles/138803,"아아─, 이것이 『소설』이라는 것이다. Chapter 5",Day2
Love or Die,"망치, 하니",,,,,2sp,데뷔 못 하면 죽는 병 걸림,,,"테스타,브이틱",,해당없음,"논cp, 문대른",,"@hamm_mangchi, @HanniBao_",https://dongne.co/events/novel05/circles/139725,"아아─, 이것이 『소설』이라는 것이다. Chapter 5",Day2
영원한 부스러(Lv.1),하트,,,,,1sp,마차살,문송안함,,,,,,일러스트,@404__NOfound,https://dongne.co/events/novel05/circles/138900,"아아─, 이것이 『소설』이라는 것이다. Chapter 5",Day2
m&hfactory,"m, 호끼",,,,,2sp,데뷔 못하면 죽는 병 걸림,괴담출근,,"차유진,김래빈,이자헌",,,,,@afkdEwKRxaNb,https://dongne.co/events/novel05/circles/139188,"아아─, 이것이 『소설』이라는 것이다. Chapter 5",Day2
MIDNIGHT AREA ,찌낙,,,,,1sp,어두운 바다의 등불이 되어,,,김재희,김재희X박무현,,,,,https://dongne.co/events/novel05/circles/138683,"아아─, 이것이 『소설』이라는 것이다. Chapter 5",Day2
miniD,M카,,,,,2sp,데뷔못하면 죽는병 걸림,,,,,,,일러스트,@muac2482,https://dongne.co/events/novel05/circles/138662,"아아─, 이것이 『소설』이라는 것이다. Chapter 5",Day2
MMMMD,김모도,,,,,1sp,룬의아이들,어두운바다의등불이되어,,보리스,란지에X보리스,로맨틱,무현해량,만화,,https://dongne.co/events/novel05/circles/138777,"아아─, 이것이 『소설』이라는 것이다. Chapter 5",Day2
데.어.망PD.외,"솜패, 불백",,,,,1sp,망나니 PD 아이돌로 살아남기,"데뷔 못 하면 죽는 병 걸림,이세계 착각 헌터,어두운 바다의 등불이 되어",,,,,,일러스트,@somP_NnnoV,https://dongne.co/events/novel05/circles/140531,"아아─, 이것이 『소설』이라는 것이다. Chapter 5",Day2
PINK SHOP,H.Y항공,,,,,2sp,내가 키운 S급들,,"현제유진 쁘띠존 ""HotpinkairwaY""","성현제,한유진",성현제X한유진,로맨틱,,일러스트,Hotpinks2airwaY,https://dongne.co/events/novel05/circles/138649,"아아─, 이것이 『소설』이라는 것이다. Chapter 5",Day2
<Priest 쁘띠존 - 주일예배>,"나비,시나,칙슈",,,,,4sp,"잔차품,열화요수,살파랑,묵독,진혼","유비,육효,과문,순백악마",Priest 쁘띠존 - 주일예배,,,,,,@Kapelle__P_zone ,https://dongne.co/events/novel05/circles/140311,"아아─, 이것이 『소설』이라는 것이다. Chapter 5",Day2
<Priest 쁘띠존 - 주일예배> 주최부스,동인 네트워크,,,,,2sp,"잔차품,열화요수,살파랑,묵독,진혼","유비,육효,과문,순백악마",Priest 쁘띠존 - 주일예배,,,,,,@Kapelle__P_zone ,https://dongne.co/events/novel05/circles/140308,"아아─, 이것이 『소설』이라는 것이다. Chapter 5",Day2
"Q.인외좋아하시나요?   A. 아뇨, 인간입니다.",음소거,,,,,2sp,공포 소설 속 조연은 사람으로 살고 싶다.,"괴담에 떨어져도 출근은 해야하는구나(괴담출근),세상만 구하고 은퇴하겠습니다(세구은),크툴루게임속 천재마법사가 되었다(크법사),갓겜하다 갓됨 갓뎀(갓갓갓,갓삼),민감한 대리님(민대리),아포칼립스에는 고인물이 필요해요(아고필),천마는 아이돌이 되었다(천마돌)",,"아렌하이트,유예성",,로맨틱,,소설,@IIIlIIIIlIIII_,https://dongne.co/events/novel05/circles/140212,"아아─, 이것이 『소설』이라는 것이다. Chapter 5",Day2
뭐 없습니다. (REALITY),이루온,,,,,1sp,전지적 독자 시점,,,유중혁 × 김독자,유중혁X김독자,,,소설,eiluon_100,https://dongne.co/events/novel05/circles/140499,"아아─, 이것이 『소설』이라는 것이다. Chapter 5",Day2
화산으로 터닝한 S급들의 패션!,숮어,,,,,2sp,화산귀환,터닝 내스급 패션,,당보 청명,당보X청명,로맨틱,키시유더 일태 유현유진,"만화,소설,공예",@nokhwang_read,https://dongne.co/events/novel05/circles/138845,"아아─, 이것이 『소설』이라는 것이다. Chapter 5",Day2
딥따늦은S급들,여빌,,,,,1sp,내가 키운 S급들,,"현제유진 쁘띠존 ""HotpinkairwaY""",한유진,성현제X한유진,로맨틱,,"만화,일러스트,기타,소설",@myS_villain,https://dongne.co/events/novel05/circles/140402,"아아─, 이것이 『소설』이라는 것이다. Chapter 5",Day2
사별맛집「순애객잔」SETEC점,실차,,,,,2sp,"화산귀환,천관사복",,,,당보X청명,,화성사련,"소설,기타,공예,일러스트,만화",@notcaryestea,https://dongne.co/events/novel05/circles/139464,"아아─, 이것이 『소설』이라는 것이다. Chapter 5",Day2
Solar Eclipse,,,,,,1sp,데뷔 못 하면 죽는 병 걸림,,아현문대 쁘띠존 : 데이트의 정석,,선아현X박문대,로맨틱,,"일러스트,만화",,https://dongne.co/events/novel05/circles/138739,"아아─, 이것이 『소설』이라는 것이다. Chapter 5",Day2
sugar-runrun,물수제비,,,,,2sp,데뷔 못 하면 죽는 병 걸림,"절대 실패하지 않는 아이돌의 기술,문과라도 안 죄송한 이세계로 감",,,차유진X김래빈,"섹슈얼,로맨틱",,소설,,https://dongne.co/events/novel05/circles/138817,"아아─, 이것이 『소설』이라는 것이다. Chapter 5",Day2
SUN과 MOON이 만나는 순간,,,,,,1sp,데뷔 못 하면 죽는 병 걸림,,아현문대 쁘띠존 : 데이트의 정석,,,로맨틱,,,,https://dongne.co/events/novel05/circles/138738,"아아─, 이것이 『소설』이라는 것이다. Chapter 5",Day2
Take your 됐수다,랑,,,,,2sp,데뷔 못 하면 죽는 병 걸림,,,"테스타,브이틱",,,,일러스트,@mystar_618,https://dongne.co/events/novel05/circles/139746,"아아─, 이것이 『소설』이라는 것이다. Chapter 5",Day2
Two Rabbits&자몽공방,Rabbits,,,,,2sp,괴담에떨어져도출근은해야하는구나,데못죽.,,,,,,공예,@2rabbits,https://dongne.co/events/novel05/circles/139935,"아아─, 이것이 『소설』이라는 것이다. Chapter 5",Day2
whale tale,머쉬,,,,,1sp,어두운 바다의 등불이 되어,"천관사복,전지적 독자 시점",,"신해량,박무현",신해량X박무현,로맨틱,화성사련,일러스트,@roomshmu,https://dongne.co/events/novel05/circles/138536,"아아─, 이것이 『소설』이라는 것이다. Chapter 5",Day2
우리집띵냥이x츄르좋아해,청둥이,,,,,2sp,화산귀환,진혼기 괴담출근,,당보 청명 장일소 백천,당보X청명,로맨틱,"일청,백청","일러스트,소설,공예",llllll_820,https://dongne.co/events/novel05/circles/140096,"아아─, 이것이 『소설』이라는 것이다. Chapter 5",Day2
사파일짱x정파일짱,술꽃,,,,,2sp,화산귀환,,,,장일소X청명,,,"만화,일러스트",@slkkok,https://dongne.co/events/novel05/circles/138695,"아아─, 이것이 『소설』이라는 것이다. Chapter 5",Day2
재수하자 개X끼야,뇸뇸,,,,,2sp,데뷔 못 하면 죽는 병 걸림,"어두운 바다의 등불이 되어,이세계 착각 헌터",,"청려,박문대",,로맨틱,,"소설,공예",@nya__nyam,https://dongne.co/events/novel05/circles/139742,"아아─, 이것이 『소설』이라는 것이다. Chapter 5",Day2
청수탁심석(淸水濁心惜),93847,,,,,2sp,인사반파자구계통,중장르(,,"낙빙하,심청추",낙빙하X심청추,해당없음,,"소설,만화",,https://dongne.co/events/novel05/circles/140385,"아아─, 이것이 『소설』이라는 것이다. Chapter 5",Day2
盡人事待天命,열,,,,,1sp,화산귀환,,,,,해당없음,,"일러스트,공예",,https://dongne.co/events/novel05/circles/139378,"아아─, 이것이 『소설』이라는 것이다. Chapter 5",Day2
花間蝶舞 : 2025 화성주 생신 연회,성주 탄신일 기념행사 추진회,,,,,2sp,천관사복,,,화성,,로맨틱,,일러스트,@HBD_HC_2025,https://dongne.co/events/novel05/circles/140065,"아아─, 이것이 『소설』이라는 것이다. Chapter 5",Day2
