부스명,대표자,위치,위치(열),위치(번호),반부스,부스,대표 작품(원작),그 외 다루는 작품,쁘띠존,캐릭터,커플링,커플링 성향,그 외 커플링,매체,트위터,링크,행사명,개최일
~믿으세요~,ㅇㅂ,,,,,1sp,이착헌,,창호기려 쁘띠존~부부사기단~,강창호 김기려,,,,,whoisdachy,https://dongne.co/events/df2510/circles/153027,제31회 디. 페스타(토),Day1
<쥰히요 쁘띠존 :: 연일순정> 주최부스,쥰히요 쁘띠존 :: 연일순정,,,,,2sp,,,쥰히요 쁘띠존 :: 연일순정,,,,,,,https://dongne.co/events/df2510/circles/151632,제31회 디. 페스타(토),Day1
<어떤방 무슨도시 어드메스타즈 올앳원스> 주최부스,어떤방 무슨도시 어드메스타즈 올앳원스,,,,,2sp,,,어떤방 무슨도시 어드메스타즈 올앳원스,,,,,,,https://dongne.co/events/df2510/circles/153003,제31회 디. 페스타(토),Day1
<이빨요정> 주최부스,이빨요정,,,,,2sp,,,이빨요정,,,,,,,https://dongne.co/events/df2510/circles/151237,제31회 디. 페스타(토),Day1
<창호기려 쁘띠존~부부사기단~> 주최부스,창호기려 쁘띠존~부부사기단~,,,,,2sp,,,창호기려 쁘띠존~부부사기단~,,,,,,,https://dongne.co/events/df2510/circles/152288,제31회 디. 페스타(토),Day1
<준수영중 쁘띠존 ~준빵제빵소~> 주최부스,준수영중 쁘띠존 ~준빵제빵소~,,,,,2sp,,,준수영중 쁘띠존 ~준빵제빵소~,,,,,,,https://dongne.co/events/df2510/circles/152881,제31회 디. 페스타(토),Day1
<마호야쿠 쁘띠존 : 현자의 마법관 ~한국 지부~> 주최부스,마호야쿠 쁘띠존 : 현자의 마법관 ~한국 지부~,,,,,2sp,,,마호야쿠 쁘띠존 : 현자의 마법관 ~한국 지부~,,,,,,,https://dongne.co/events/df2510/circles/151387,제31회 디. 페스타(토),Day1
 마(이데이)님은 왜 구세주에게 황허팬을 주셨을까,메메,,,,,1sp,붕괴:스타레일,,,"파이논,마이데이",파이논X마이데이,로맨틱,,,meme_honkai,https://dongne.co/events/df2510/circles/153322,제31회 디. 페스타(토),Day1
 괴담,"나나, 쏭쏭, 팡투, 모짜",,,,,2sp,괴담출근,괴담출근,,,,,,,,https://dongne.co/events/df2510/circles/151222,제31회 디. 페스타(토),Day1
 환상뜨락,환상뜨락,,,,,2sp,탑로더 탑꾸,,,,,,,공예,@Dreamy_garden,https://dongne.co/events/df2510/circles/152113,제31회 디. 페스타(토),Day1
!천마재림 맘마미아,칠렘,,,,,1sp,천마는 아이돌이 되었다,아포칼립스엔 고인물이 필요해요,,"위화진,점소의",위화진X점소의,로맨틱,,"만화,소설,기타",@3ORGNing_8,https://dongne.co/events/df2510/circles/151849,제31회 디. 페스타(토),Day1
.,ㅁㄴ,,,,,1sp,미정,,,미정,,,,소설,없음,https://dongne.co/events/df2510/circles/153069,제31회 디. 페스타(토),Day1
.,햇살가득선지국밥,,,,,1sp,앙상블스타즈,,쥰히요 쁘띠존 :: 연일순정,"사자나미 쥰,토모에 히요리",사자나미 쥰X토모에 히요리,로맨틱,,"만화,일러스트",@sunjikookbab24,https://dongne.co/events/df2510/circles/153738,제31회 디. 페스타(토),Day1
.,공장,,,,,2sp,니지산지,,,디티카,,,,,,https://dongne.co/events/df2510/circles/152876,제31회 디. 페스타(토),Day1
...혹시 마감러십니까? -? 예.,"꼬알, 감새, 에베",,,,,2sp,괴담에 떨어져도 출근을 해야하는구나,데뷔를 못하면 죽는 병 걸림,,김솔음,,,,,,https://dongne.co/events/df2510/circles/151278,제31회 디. 페스타(토),Day1
(주) 무림미식회,단팥빵,,,,,1sp,무림제일폐: 월한강천록,,,유소월,홍륜X소월,"로맨틱,섹슈얼",소월른,"만화,일러스트",@Annbbang,https://dongne.co/events/df2510/circles/151830,제31회 디. 페스타(토),Day1
(베리타)스님은 왜 노예에게 식견을 주셨을까,럭키나나,,,,,1sp,붕괴 스타레일,젠레스 존 제로,,,레이시오X어벤츄린,로맨틱,,일러스트,@LA_7_7_7,https://dongne.co/events/df2510/circles/153616,제31회 디. 페스타(토),Day1
☆,"lunch, j, betti",,,,,2sp,스타레일,"니지산지,보카로",,,,,,일러스트,"@LUN_CH_, @manndutennsei, @xx_betti",https://dongne.co/events/df2510/circles/152510,제31회 디. 페스타(토),Day1
♡,화,,,,,1sp,화산귀환,,,청명,,,,,byugging_,https://dongne.co/events/df2510/circles/152218,제31회 디. 페스타(토),Day1
넵,챠비별,,,,,2sp,,,,,,,,,,https://dongne.co/events/df2510/circles/152244,제31회 디. 페스타(토),Day1
듀,디디,,,,,2sp,명급리,"괴담출근,주컨곤",,,,,,,,https://dongne.co/events/df2510/circles/151976,제31회 디. 페스타(토),Day1
점,쩌미,,,,,1sp,검은방,,어떤방 무슨도시 어드메스타즈 올앳원스,양수연,,,,,ssabdeog,https://dongne.co/events/df2510/circles/153446,제31회 디. 페스타(토),Day1
킴,킴,,,,,1sp,,,,,,,,,kyimitsui,https://dongne.co/events/df2510/circles/153137,제31회 디. 페스타(토),Day1
두 줌,공박,,,,,1sp,,,,,,,,"만화,소설",@gongbak_wr,https://dongne.co/events/df2510/circles/152390,제31회 디. 페스타(토),Day1
한 번 해보기의 단,교,,,,,4sp,닌타마 란타로,,,"5학년,아야베,타키야샤마루,이사쿠,케마",,"로맨틱,섹슈얼","아야타키아야, 이사케마, 이사잣, 미키하마, 라이5로",만화,gyo12121,https://dongne.co/events/df2510/circles/153382,제31회 디. 페스타(토),Day1
너 그런 거 좋아해?,쾅,,,,,1sp,회색도시,,어떤방 무슨도시 어드메스타즈 올앳원스,,정은창X강재인,로맨틱,,,kwang749044,https://dongne.co/events/df2510/circles/152847,제31회 디. 페스타(토),Day1
밥 한번 먹고 가,고롤,,,,,2sp,던전밥,"괴담출근,블루아카이브,우마무스메,이끼코스터(뜨개질)",,"브라운,라이오스,마르실,이즈츠미,센시,칠책 등",,,,일러스트,@rorotheroro00,https://dongne.co/events/df2510/circles/153463,제31회 디. 페스타(토),Day1
흙 속의 인디고,인디고,,,,,1sp,,,,,,,,공예,@digogo5220,https://dongne.co/events/df2510/circles/151562,제31회 디. 페스타(토),Day1
날 때린 여자는 네가 처음이야,녹차맛별사탕,,,,,2sp,스파이패밀리,"슬램덩크,은혼,사카모토데이즈",,아냐,,로맨틱,"시시오사, 오키카구+etc","만화,소설",@SRSR_54,https://dongne.co/events/df2510/circles/152336,제31회 디. 페스타(토),Day1
한 남자가 있어... 여동생과친구에게둘러쌓인,"차차, 운윤",,,,,2sp,대역전재판,,,,아소기 카즈마X미코토바 스사토,,류아소,만화,@Thgcha4 @unyun_2d ,https://dongne.co/events/df2510/circles/153233,제31회 디. 페스타(토),Day1
이 세상은 몰라도 내 세상은 구함,우정설,,,,,2sp,페이트/그랜드 오더,"페르소나4,천관사복",,,암굴왕 에드몽 당테스X구다코,로맨틱,"주나오, 화련",,@slytxziz,https://dongne.co/events/df2510/circles/152626,제31회 디. 페스타(토),Day1
희:삐아체레,삐아체레,,,,,2sp,화산귀환,,,,,,,"공예,일러스트",@Piacere_S2,https://dongne.co/events/df2510/circles/152011,제31회 디. 페스타(토),Day1
네? 여기서요?,한결,,,,,1sp,가비지타임,,"S4Y Y3S, 1ove.","전영중,성준수",전영중X성준수,로맨틱,,소설,,https://dongne.co/events/df2510/circles/152252,제31회 디. 페스타(토),Day1
네?부부가사기를당햇다고여?이런개개끼가!당장출동하겟습ㄴ,펜,,,,,1sp,이세계 착각 헌터,,창호기려 쁘띠존~부부사기단~,,강창호X김기려,,,,@PPenpen22 ,https://dongne.co/events/df2510/circles/152741,제31회 디. 페스타(토),Day1
쿤+딸비,쿤,,,,,2sp,,,,,,,,,,https://dongne.co/events/df2510/circles/151667,제31회 디. 페스타(토),Day1
ㅈㅃ,.,,,,,1sp,가비지타임,,준수영중 쁘띠존 ~준빵제빵소~,"성준수,전영중",,,,,,https://dongne.co/events/df2510/circles/151421,제31회 디. 페스타(토),Day1
개집,바보개,,,,,2sp,아이돌리쉬세븐,,,,,,,,@babogae_02,https://dongne.co/events/df2510/circles/152967,제31회 디. 페스타(토),Day1
꼬옥,꼬옥,,,,,2sp,슬램덩크,,,정대만,,,,"만화,일러스트",@kkoog_TT,https://dongne.co/events/df2510/circles/151273,제31회 디. 페스타(토),Day1
나나,단미,,,,,2sp,마마마,,,,,,,,,https://dongne.co/events/df2510/circles/151979,제31회 디. 페스타(토),Day1
낙깅,낙깅,,,,,2sp,괴담출근,,,,,,,,,https://dongne.co/events/df2510/circles/151737,제31회 디. 페스타(토),Day1
냠냠,Squirrel,,,,,1sp,창작,,,,,,,,,https://dongne.co/events/df2510/circles/152639,제31회 디. 페스타(토),Day1
녹체,녹체,,,,,2sp,괴담출근,전지적독자시점,,,,,,일러스트,@Noche_official_,https://dongne.co/events/df2510/circles/151824,제31회 디. 페스타(토),Day1
달야,달야,,,,,2sp,괴담에 떨어져도 출근을 해야 하는구나,데뷔 못 하면 죽는 병 걸림,,ALL,,,,일러스트,@Dalya_png,https://dongne.co/events/df2510/circles/152564,제31회 디. 페스타(토),Day1
만냐,모짜,,,,,2sp,"닌타마,은혼,사이키쿠스오의재난,가라오케가자,파미레스가자",아이실드21,,,,,,,@azzzomm,https://dongne.co/events/df2510/circles/153702,제31회 디. 페스타(토),Day1
멈지,무기,,,,,1sp,진격의거인,"데뷔못하면죽는병걸림,괴담출근,나의히어로아카데미아",,리바이 에렌 미카사,,로맨틱,유진래빈 캇데쿠,일러스트,xustzz1,https://dongne.co/events/df2510/circles/153777,제31회 디. 페스타(토),Day1
미정,미정,,,,,1sp,가비지타임,,준수영중 쁘띠존 ~준빵제빵소~,성준수 전영중,성준수X전영중,로맨틱,,소설,.,https://dongne.co/events/df2510/circles/153428,제31회 디. 페스타(토),Day1
밀플,밀플,,,,,2sp,보컬로이드,"프로젝트세카이,아이돌리쉬세븐",,하츠네미쿠,,,,공예,,https://dongne.co/events/df2510/circles/151071,제31회 디. 페스타(토),Day1
밥줘,머렝,,,,,1sp,데뷔 못 하면 죽는 병 걸림,,,박문대,,,,,,https://dongne.co/events/df2510/circles/152267,제31회 디. 페스타(토),Day1
소랏,소랏,,,,,4sp,,,,,,,,,rat5G,https://dongne.co/events/df2510/circles/151288,제31회 디. 페스타(토),Day1
솜솜,"젱, 제로",,,,,1sp,나루토 은혼 괴담출근,,,,,,,,,https://dongne.co/events/df2510/circles/152600,제31회 디. 페스타(토),Day1
여행,여행,,,,,4sp,사카데이,,,,,,,,,https://dongne.co/events/df2510/circles/151811,제31회 디. 페스타(토),Day1
유진,유진 서머콕,,,,,2sp,,,,,,,,일러스트,_pauluu,https://dongne.co/events/df2510/circles/151162,제31회 디. 페스타(토),Day1
이리,이리,,,,,2sp,괴담에 떨어져도 출근을 해야 하는구나,,,올캐러,,,,일러스트,@iri0012draw,https://dongne.co/events/df2510/circles/152569,제31회 디. 페스타(토),Day1
ㅍㅍ^^,휴,,,,,1sp,가비지타임,,준수영중 쁘띠존 ~준빵제빵소~,"성준수,전영중",성준수X전영중,로맨틱,,"소설,일러스트,만화",,https://dongne.co/events/df2510/circles/152317,제31회 디. 페스타(토),Day1
냠냠 ,포포,,,,,4sp,하이큐 오란고교 나츠메 괴담출근 니지산지 은혼 히로아카,,,,,,,,@popo_for_me,https://dongne.co/events/df2510/circles/151297,제31회 디. 페스타(토),Day1
사람 셋 씨피 셋,테오,,,,,2sp,마법사의 약속,,마호야쿠 쁘띠존 : 현자의 마법관 ~한국 지부~,,브래들리X네로,"로맨틱,섹슈얼","시노히스, 오웬카인","만화,일러스트,소설",flawfullament,https://dongne.co/events/df2510/circles/152538,제31회 디. 페스타(토),Day1
그딴 건 네가 써야해,알루코,,,,,1sp,봄이 오면 꽃이 피고,,,"유새봄,손찬오",,,,소설,Aluu___,https://dongne.co/events/df2510/circles/153651,제31회 디. 페스타(토),Day1
옷장 안 주막 세카이,"국주,랙랙",,,,,2sp,프로젝트 세카이,,,"카미시로 루이,텐마 츠카사",카미시로 루이X텐마 츠카사,로맨틱,,,LLS_0529,https://dongne.co/events/df2510/circles/151893,제31회 디. 페스타(토),Day1
나는 시주,calculus,,,,,1sp,무협창작지,화산귀환 광마회귀 하이큐 로오히,,,,,,만화,@happyniceness,https://dongne.co/events/df2510/circles/151293,제31회 디. 페스타(토),Day1
시한 농놀,시한,,,,,1sp,가비지타임,,"S4Y Y3S, 1ove.",,,로맨틱,,,see_han_,https://dongne.co/events/df2510/circles/151372,제31회 디. 페스타(토),Day1
어떤 부스,미지,,,,,2sp,회색도시,"검은방,베리드스타즈",어떤방 무슨도시 어드메스타즈 올앳원스,한도윤,,,,,F1GW4SP,https://dongne.co/events/df2510/circles/152685,제31회 디. 페스타(토),Day1
영영 위빙,영영위빙,,,,,2sp,인형용 잔디밭 매트,,,,,,,,,https://dongne.co/events/df2510/circles/152938,제31회 디. 페스타(토),Day1
지풍 앤솔,아씨머머,,,,,2sp,천관사복,,,-,,로맨틱,,소설,@mute_mood_,https://dongne.co/events/df2510/circles/152405,제31회 디. 페스타(토),Day1
양지 바른 곳,8톤트럭,,,,,2sp,회색도시,"베스타,검은방,오리지널 굿즈",어떤방 무슨도시 어드메스타즈 올앳원스,"양시백,최재석,정은창",,,,"만화,일러스트",@truck8T,https://dongne.co/events/df2510/circles/151586,제31회 디. 페스타(토),Day1
네가 먼저 슛 던졌잖아,러비,,,,,2sp,가비지타임,,"S4Y Y3S, 1ove.",전영중 성준수,,"섹슈얼,로맨틱",,소설,@lovey_dot,https://dongne.co/events/df2510/circles/151215,제31회 디. 페스타(토),Day1
내게 있던 것? 오직 문송이지,해달,,,,,1sp,문과라도 안 죄송한 이세계로 감,,,,,,,"기타,소설",@jalinjalin_msnn,https://dongne.co/events/df2510/circles/152086,제31회 디. 페스타(토),Day1
백합 틈새 시장,245(Lee45),,,,,2sp,창작만화,2026신년 일러스트 엽서,,,,,,"만화,일러스트",,https://dongne.co/events/df2510/circles/151552,제31회 디. 페스타(토),Day1
설마 우리 장르 내 부스 밖에 없겠어?,퐁퐝,,,,,1sp,판타지 수학대전,아이카츠,,,,,,일러스트,@png_owa,https://dongne.co/events/df2510/circles/152887,제31회 디. 페스타(토),Day1
지금 가장 갖고 싶은 것 : 세계평화,도담,,,,,1sp,명탐정 코난,,,,,로맨틱,,소설,dd_akam,https://dongne.co/events/df2510/circles/151138,제31회 디. 페스타(토),Day1
우리 바다 가께...,고래빵,,,,,2sp,플레이브,,,,,,,,@DOLPHIN_BREAD,https://dongne.co/events/df2510/circles/151660,제31회 디. 페스타(토),Day1
볕이 드는 언덕길,쿠렌,,,,,2sp,괴담출근,"윈브레,은혼,사이쿠스,러키스타,고전만화..",,,,,,,,https://dongne.co/events/df2510/circles/152466,제31회 디. 페스타(토),Day1
적멸 찾아 삼만리,율무,,,,,2sp,진혼기,마도조사,,"자하,설영,남망기,위무선",자하X설영,해당없음,남망기x위무선,"만화,소설,기타",@HR_yulmu,https://dongne.co/events/df2510/circles/153599,제31회 디. 페스타(토),Day1
착한 아이 츄러스 하나 더 준다,00,,,,,1sp,괴담에 떨어져도 출근을 해야 하는구나,데뷔 못 하면 죽는 병 걸림,,올캐릭터,,,,,,https://dongne.co/events/df2510/circles/151511,제31회 디. 페스타(토),Day1
포도 나무 프세카 열렸네,포도,,,,,1sp,프로젝트 세카이,,,"텐마 츠카사,카미시로 루이",카미시로 루이X텐마 츠카사,로맨틱,네네에무,소설,@Podo_dodo_po,https://dongne.co/events/df2510/circles/152423,제31회 디. 페스타(토),Day1
너랑 나는 소꿉친구,갈매갈매,,,,,1sp,나의 히어로 아카데미아,,,,바쿠고카츠키X미도리야이즈쿠,,,소설,@1234554321aaa_ ,https://dongne.co/events/df2510/circles/152603,제31회 디. 페스타(토),Day1
누가 벌써 결혼하래,Ash,,,,,1sp,가비지타임,,"S4Y Y3S, 1ove.","전영중,성준수",전영중X성준수,로맨틱,,,,https://dongne.co/events/df2510/circles/153728,제31회 디. 페스타(토),Day1
괴담 속에 떨어져도 농구는 해야 하는구나. 그런데 갑자기 닌자가 나타났다,소라,,,,,2sp,괴담에 떨어져도 출근을 해야 하는 구나,"가비지타임,데뷔 못 하면 죽는 병,닌타마,이세계착각헌터",,김솔음,,,,"만화,소설",@g0dung,https://dongne.co/events/df2510/circles/152389,제31회 디. 페스타(토),Day1
이제 그만 복귀하시죠 로드,에슈,,,,,2sp,로드 오브 히어로즈,,,올캐릭터,,,,만화,@Rano_ily,https://dongne.co/events/df2510/circles/151301,제31회 디. 페스타(토),Day1
저희 가게 정상영업합니다.,포아녀,,,,,2sp,,,,,,,,,,https://dongne.co/events/df2510/circles/151489,제31회 디. 페스타(토),Day1
공방 프리즘,리즈,,,,,1sp,"괴담에 떨어져도 출근을 해야 하는구나,블랙배저","파이널판타지14,플레이브",,,,,,공예,,https://dongne.co/events/df2510/circles/152681,제31회 디. 페스타(토),Day1
내가 공이야,아낌,,,,,2sp,서뱀프,,,리히트 지킬랜드 토도로키,로우레스X리히트,,서뱀프x이브,기타,xkadyrwh,https://dongne.co/events/df2510/circles/153602,제31회 디. 페스타(토),Day1
몽솜 잡화점,몽솜,,,,,1sp,,,,,,,,공예,@mongle_softly,https://dongne.co/events/df2510/circles/152394,제31회 디. 페스타(토),Day1
빨간 토마토,체리2,,,,,1sp,전독시,,,중혁,,,,소설,@aaa-123,https://dongne.co/events/df2510/circles/153150,제31회 디. 페스타(토),Day1
오직 파루루,엄덕,,,,,1sp,프리파라,,,파루루,,,,일러스트,eomdeok,https://dongne.co/events/df2510/circles/153539,제31회 디. 페스타(토),Day1
좁은 문으로,기악,,,,,2sp,마법명가 차남으로 살아남기,문송안함,,"루카스,레오,엘리아스,나르케",레오X루카스,로맨틱,에마리,"일러스트,소설",@GIAK0110 ,https://dongne.co/events/df2510/circles/152702,제31회 디. 페스타(토),Day1
해피 할로윈,앙마,,,,,2sp,죠죠의 기묘한 모험,헌터X헌터,,,,,,,@ybbaddy,https://dongne.co/events/df2510/circles/151912,제31회 디. 페스타(토),Day1
민트 생명체 포획 보고서,꿈맛시루떡,,,,,2sp,베리드스타즈,"검은방,회색도시",어떤방 무슨도시 어드메스타즈 올앳원스,작품 내 모든 캐릭터,,,,"만화,일러스트,기타,공예",@SR_D_BS,https://dongne.co/events/df2510/circles/153714,제31회 디. 페스타(토),Day1
제가 공사는 구분 못해도 공수는 구분 잘 합니다,모라,,,,,2sp,가비지타임,,"S4Y Y3S, 1ove.",전영중 성준수,,로맨틱,,소설,Mora_bboyo ,https://dongne.co/events/df2510/circles/151615,제31회 디. 페스타(토),Day1
데뷔 못하면 중원에 떨어져요,한들,,,,,1sp,데뷔 못하면 죽는 병 걸림,화산귀환,,"청명,박문대",,,,일러스트,@STA_01LM,https://dongne.co/events/df2510/circles/153134,제31회 디. 페스타(토),Day1
"무슨 소리야 매니저, 꿈꿨어? 부스 안 할 거야?",랑,,,,,1sp,아이돌리쉬세븐(아이나나),"데뷔못하면죽는병걸림(데못죽),VS AMBIVALENZ(비바렌)",,"쿠죠 텐,나나세 리쿠,유키,모모,선아현",,해당없음,가쿠츠무,일러스트,@tennshi_79,https://dongne.co/events/df2510/circles/153469,제31회 디. 페스타(토),Day1
감자 급소는 그것보단 살짝 오른쪽,해저말숙,,,,,1sp,어두운 바다의 등불이 되어,,한 번 죽은 남자와 그를 죽인 여자,"서지혁,이지현",,"로맨틱,해당없음",,,,https://dongne.co/events/df2510/circles/151453,제31회 디. 페스타(토),Day1
나는 갈테야 임천시로 갈테야,규일,,,,,2sp,러브 앤 딥스페이스,"하이큐,사카모토 데이즈,데뷔 못 하면 죽는 병 걸림",,"하우주,쿠로오 테츠로,나구모 요이치,박문대",,,,일러스트,@gyuiru,https://dongne.co/events/df2510/circles/152916,제31회 디. 페스타(토),Day1
밖은 춥단다! 장르를 한마리골라서나가렴,PYOSHI,,,,,2sp,니지산지,"명급리,마차살,명일방주,마비노기",,,,,,,,https://dongne.co/events/df2510/circles/153778,제31회 디. 페스타(토),Day1
모코 스튜디오 ,모코,,,,,2sp,앙상블 스타즈,,,,,,,,@studio_moco_u,https://dongne.co/events/df2510/circles/152677,제31회 디. 페스타(토),Day1
뭔가 보여드릴 수 있겠죠?,쩝쩝,,,,,1sp,앙상블 스타즈,,쥰히요 쁘띠존 :: 연일순정,"사자나미 쥰,토모에 히요리",사자나미 쥰X토모에 히요리,로맨틱,,"일러스트,기타",JMT20000,https://dongne.co/events/df2510/circles/152202,제31회 디. 페스타(토),Day1
ㅍ로 시작하는 게임 마니아 모임,"비밥, 리타",,,,,2sp,페르소나4,"포켓몬스터,프로세카",,,,,,"일러스트,소설",@vivim_bab_squad @3woomy3,https://dongne.co/events/df2510/circles/151379,제31회 디. 페스타(토),Day1
나를 심해어라 불러줘,강예성,,,,,2sp,이세계 착각 헌터,,창호기려 쁘띠존~부부사기단~,"강창호,김기려",강창호X김기려,로맨틱,,"일러스트,만화,기타",@L_S_A_0521,https://dongne.co/events/df2510/circles/151982,제31회 디. 페스타(토),Day1
피로 매듭지은 사랑은,악쓰리,,,,,2sp,가비지타임,스타레일,,기상호,최종수X기상호,"로맨틱,섹슈얼","레이츄린, 파이낙사, 마이파이","만화,일러스트",,https://dongne.co/events/df2510/circles/151140,제31회 디. 페스타(토),Day1
마감 페이즈에 격류장 발동,낙오자,,,,,2sp,유희왕,"다이아몬드 에이스,진 여신전생",,,,,,"만화,일러스트",@moseub126008,https://dongne.co/events/df2510/circles/153568,제31회 디. 페스타(토),Day1
"나의 아들이자, 마누라이자, 당연하게도 남자다",안금,,,,,2sp,마법사의 약속,,마호야쿠 쁘띠존 : 현자의 마법관 ~한국 지부~,브래들리,브래들리X네로,"섹슈얼,로맨틱",,"만화,일러스트",@Seve262511 / @sd9275955832780,https://dongne.co/events/df2510/circles/151391,제31회 디. 페스타(토),Day1
왕이 넘어지면? 킹콩,udonnnnnnn,,,,,1sp,페이트/그랜드 오더,,,,,,,,,https://dongne.co/events/df2510/circles/152380,제31회 디. 페스타(토),Day1
목장 피어포인트,씅,,,,,2sp,붕괴 스타레일,,,"레이시오,어벤츄린",Dr. 레이시오X어벤츄린,"로맨틱,섹슈얼",,"만화,일러스트",sseung_hs,https://dongne.co/events/df2510/circles/153273,제31회 디. 페스타(토),Day1
빵준 러버스클럽! ,에르,,,,,2sp,가비지타임,,"S4Y Y3S, 1ove.","전영중,성준수",전영중X성준수,로맨틱,,일러스트,@eru18831,https://dongne.co/events/df2510/circles/153263,제31회 디. 페스타(토),Day1
삐라 배포합니다. ,고도,,,,,2sp,페이트 사무라이 렘넌트,페이트/그랜드 오더,,"세이버,미야모토 이오리",,,,만화,@En_A_Godot,https://dongne.co/events/df2510/circles/152973,제31회 디. 페스타(토),Day1
착한 외계인장르와 나쁜 외계인장르,핫도그,,,,,1sp,괴담에떨어져도출근을해야하는구나,"이세계착각헌터,은혼",,"김솔음,긴토키,김기려,등",,,,"일러스트,공예",@hotdogidogi_,https://dongne.co/events/df2510/circles/153679,제31회 디. 페스타(토),Day1
"아코,아이콩",아코,,,,,4sp,,,,,,,,일러스트,@xas2ko,https://dongne.co/events/df2510/circles/152373,제31회 디. 페스타(토),Day1
분노! 우울… 배신감!!,패트와매트,,,,,1sp,괴담출근,"괴담출근,은혼,데못죽,디지캐럿",,,,,,일러스트,@gigigoeg,https://dongne.co/events/df2510/circles/151263,제31회 디. 페스타(토),Day1
비빕! 빵준입니다.,vie,,,,,1sp,가비지타임,,"S4Y Y3S, 1ove.",전영중 성준수,브라운X김솔음,"섹슈얼,로맨틱",,"일러스트,만화",@play_GTIME,https://dongne.co/events/df2510/circles/151541,제31회 디. 페스타(토),Day1
뭘봐? 잡덕 오타쿠 처음 봐?,sahunsuhun1221,,,,,2sp,주술회전,,,고죠 나나미,,,,"일러스트,기타",@RAMGI_CHU,https://dongne.co/events/df2510/circles/153431,제31회 디. 페스타(토),Day1
그데. 오짃. 그데많이. 네. 첟살앙. 네. 끗살앙.,흐른,,,,,2sp,가비지타임,,"S4Y Y3S, 1ove.","전영중,성준수",,"섹슈얼,로맨틱",,소설,bluestspring,https://dongne.co/events/df2510/circles/153152,제31회 디. 페스타(토),Day1
준빵. 준빵하게. 세계 최고의 빵을 위해~,한파,,,,,1sp,가비지타임,,준수영중 쁘띠존 ~준빵제빵소~,,성준수X전영중,로맨틱,,소설,@cold0_0wave,https://dongne.co/events/df2510/circles/151961,제31회 디. 페스타(토),Day1
제발...성공하게해주세효,삼초,,,,,1sp,화산귀환,룬의아이들,,청명 당보,,,,기타,@3seconds_girl,https://dongne.co/events/df2510/circles/151598,제31회 디. 페스타(토),Day1
럽피&헬뚱이,럽피,,,,,2sp,"은혼,창작문구(오리지널)",나루토 디지캐럿 오란고교 사이쿠스 헌헌 단간론파 캐캐체 1차,,,,,,, @luvpyclub,https://dongne.co/events/df2510/circles/153385,제31회 디. 페스타(토),Day1
비따&버튼버터,나오냥,,,,,2sp,,,,,,,,공예,,https://dongne.co/events/df2510/circles/151832,제31회 디. 페스타(토),Day1
ㅇㅇㅅ,무지괴물고기 / ㄷㄷ,,,,,2sp,오오에 / 닌타마,이나즈마일레븐,,,오오사키X신바시,"섹슈얼,로맨틱",아야베X센조,만화,@verymonsterfish / @dd_ninnin,https://dongne.co/events/df2510/circles/153165,제31회 디. 페스타(토),Day1
ㅇㅇㅇ,5새벽,,,,,2sp,,,,,,,,,,https://dongne.co/events/df2510/circles/151196,제31회 디. 페스타(토),Day1
달려어,쏘네,,,,,1sp,괴담에 떨어져도 출근을 해야 하는구나,,,,,,,"일러스트,만화",,https://dongne.co/events/df2510/circles/151854,제31회 디. 페스타(토),Day1
돌감자,뇽삐,,,,,1sp,슬램덩크,,,,,,,"만화,일러스트",@nongguhaja,https://dongne.co/events/df2510/circles/153391,제31회 디. 페스타(토),Day1
레라시,라모,,,,,2sp,"어바등,명급리,데못죽",,,,,,,소설,@kyalamo,https://dongne.co/events/df2510/circles/153129,제31회 디. 페스타(토),Day1
리그렛,루리,,,,,2sp,프로젝트 세카이(보컬로이드),"아이돌리쉬 세븐,보컬로이드,홀로라이브",,쿠죠 텐,카이토X미쿠,"섹슈얼,로맨틱","렌, 가쿠, 텐","일러스트,만화",,https://dongne.co/events/df2510/circles/151107,제31회 디. 페스타(토),Day1
맛쵸킹,ming,,,,,1sp,페르소나/헌터x헌터/나루토,괴담출근/오오에,,,,,,,,https://dongne.co/events/df2510/circles/152849,제31회 디. 페스타(토),Day1
뭔가함,어영부영,,,,,1sp,기동전사 건담,,,,,,,일러스트,@red___c0met,https://dongne.co/events/df2510/circles/152397,제31회 디. 페스타(토),Day1
밀키트,hi,,,,,2sp,괴담출근,"데못죽,은혼",,,,,,,hiwnfk,https://dongne.co/events/df2510/circles/153433,제31회 디. 페스타(토),Day1
바바바,동이,,,,,4sp,,,,,,,,,,https://dongne.co/events/df2510/circles/153089,제31회 디. 페스타(토),Day1
밤식쿤,콩떡상점,,,,,2sp,하이큐,,,,,,,,BAMBREAD_,https://dongne.co/events/df2510/circles/152743,제31회 디. 페스타(토),Day1
보리밭,세보리,,,,,1sp,앙상블스타즈!!,,쥰히요 쁘띠존 :: 연일순정,"토모에 히요리,사자나미 쥰",,로맨틱,,만화,@savory47285272,https://dongne.co/events/df2510/circles/153741,제31회 디. 페스타(토),Day1
빵먹자,뉴냐,,,,,1sp,가비지타임,,준수영중 쁘띠존 ~준빵제빵소~,"성준수,전영중",성준수X전영중,,,일러스트,@newnya_,https://dongne.co/events/df2510/circles/153418,제31회 디. 페스타(토),Day1
사니챈,관니와도우미1호,,,,,1sp,도검난무,,,,,,,일러스트,@nitosaniwa,https://dongne.co/events/df2510/circles/151398,제31회 디. 페스타(토),Day1
새문서,에머디,,,,,2sp,명일방주,,,,,,,,emothi80,https://dongne.co/events/df2510/circles/152020,제31회 디. 페스타(토),Day1
세레스,히수,,,,,2sp,,,,,,,,일러스트,,https://dongne.co/events/df2510/circles/151268,제31회 디. 페스타(토),Day1
소록도,소록,,,,,1sp,,,,,,,,,,https://dongne.co/events/df2510/circles/151611,제31회 디. 페스타(토),Day1
소요당,소요,,,,,2sp,,,,,,,,,,https://dongne.co/events/df2510/circles/151082,제31회 디. 페스타(토),Day1
손부림,라야,,,,,2sp,태팅레이스,,,,,,,공예,@sonbulim,https://dongne.co/events/df2510/circles/152038,제31회 디. 페스타(토),Day1
솥밥집,솥밥,,,,,1sp,괴담에 떨어져도 출근을 해야 하는구나,"내가 키운 S급들,데뷔 못하면 죽는 병 걸림",,,,,,"만화,일러스트",@s0t_b0b,https://dongne.co/events/df2510/circles/152516,제31회 디. 페스타(토),Day1
아멜로,공쥬,,,,,1sp,레진공예 키링,탑로더,,,,,,,amello_resin,https://dongne.co/events/df2510/circles/152251,제31회 디. 페스타(토),Day1
열정부,공룡(황태규),,,,,1sp,1차 창작 캐릭터 위주의 정기 발간 회지,다양한 분야의 2차 창작 일러스트,,,,,,"만화,일러스트,공예",@kaistpassion,https://dongne.co/events/df2510/circles/153717,제31회 디. 페스타(토),Day1
유브티,율무,,,,,1sp,니지산지,"그랜드체이스,그체",,올캐러 굿즈,,,,,@dbfan_slwl,https://dongne.co/events/df2510/circles/152748,제31회 디. 페스타(토),Day1
재판소,ㅁh국no,,,,,2sp,가비지타임,"박앵귀,BYAKKO,쿠로코의 농구",,"성준수,기상호,야마세 오오쿠라,사노 유즈리하",,"섹슈얼,로맨틱","오키치즈, ",만화,@tkanfkdlfjqm,https://dongne.co/events/df2510/circles/151285,제31회 디. 페스타(토),Day1
팔랑몽,말랑보,,,,,2sp,,,,,,,,기타,malrangbo,https://dongne.co/events/df2510/circles/153736,제31회 디. 페스타(토),Day1
품앗이,김몽당,,,,,2sp,"아카기,카이지,겁쟁이페달",,,"아카기,카이지,마키시마 유스케,토도 진파치",,"로맨틱,섹슈얼",토도 진파치 x 마키시마 유스케,"만화,일러스트",@pencilnoking,https://dongne.co/events/df2510/circles/153447,제31회 디. 페스타(토),Day1
해달샵,시크루,,,,,4sp,원신,화산귀환 붕스,,,,,,공예,@Sunmoon_shop16,https://dongne.co/events/df2510/circles/151350,제31회 디. 페스타(토),Day1
호도해,HODO,,,,,1sp,,,,,,,,,,https://dongne.co/events/df2510/circles/152797,제31회 디. 페스타(토),Day1
흐느적,룽,,,,,2sp,괴담출근,전독시 데못죽 이착헌,,,김솔음,,중혁독자,일러스트,,https://dongne.co/events/df2510/circles/151185,제31회 디. 페스타(토),Day1
냉장고 ,하임,,,,,4sp,하이큐,"쿠키런,이런영웅은싫어",,,,,,,,https://dongne.co/events/df2510/circles/151755,제31회 디. 페스타(토),Day1
풋사과 ,댑싸리,,,,,1sp,,,,,,,,,,https://dongne.co/events/df2510/circles/151095,제31회 디. 페스타(토),Day1
햄데헹 ,크헹,,,,,2sp,프로젝트세카이,,,,,,,일러스트,@goodkheng,https://dongne.co/events/df2510/circles/152436,제31회 디. 페스타(토),Day1
웅히의 숲,emuro_gemini ,,,,,2sp,화산귀환,,,딩보,,로맨틱,,"만화,일러스트,기타",@HSGH_eunH,https://dongne.co/events/df2510/circles/153192,제31회 디. 페스타(토),Day1
한오백 명,"엠알, 소남송",,,,,2sp,화산귀환,,,"백천,청명",백천X청명,"로맨틱,섹슈얼",조걸윤종,"만화,소설,기타",@mrmrmremaru,https://dongne.co/events/df2510/circles/153104,제31회 디. 페스타(토),Day1
빵준해 왜 안 해? 너 그런 거 좋아하잖아,락운,,,,,1sp,가비지타임,,"S4Y Y3S, 1ove.",,전영중X성준수,로맨틱,,"일러스트,소설",@sodejawa,https://dongne.co/events/df2510/circles/152672,제31회 디. 페스타(토),Day1
하루에 세 번 던전 돌고 네 번의 키스를 해줘,창현,,,,,2sp,이세계 착각 헌터,,창호기려 쁘띠존~부부사기단~,"강창호,김기려",강창호X김기려,로맨틱,,"기타,만화,일러스트",changHN_,https://dongne.co/events/df2510/circles/151803,제31회 디. 페스타(토),Day1
이토시 린 너를 웃겨주는 남자한테 가라….,"만루, 푸딩, 네엥",,,,,2sp,블루록,괴담에 떨어져도 출근을 해야 하는구나,,"이토시 사에,이토시 린",이토시 사에X이토시 린,로맨틱,,"만화,소설,일러스트","@Manroo_rn, @yeobojagiaegi, @what_ball_",https://dongne.co/events/df2510/circles/151844,제31회 디. 페스타(토),Day1
싫어요 난 죠죠도 이렇게 그릴거야,럭키,,,,,2sp,죠죠의 기묘한 모험,헌터x헌터,,,,,,,@thirtyfiv3,https://dongne.co/events/df2510/circles/152978,제31회 디. 페스타(토),Day1
돌고래 옆 나루지기,아루,,,,,2sp,,,이빨요정,,,,,,,https://dongne.co/events/df2510/circles/151649,제31회 디. 페스타(토),Day1
이자헌 나 환갑이야,갑이,,,,,2sp,괴담출근,데못죽,,김솔음 이자헌 J3 최요원 류재관 등등,솔잫솔 륮최륮,,,일러스트,@lililii_____,https://dongne.co/events/df2510/circles/152708,제31회 디. 페스타(토),Day1
오염된 거 아닙니까?,믕,,,,,2sp,괴담에 떨어져도 출근을 해야 하는구나,"하이큐,닌타마",,김솔음,브라운X김솔음,"로맨틱,섹슈얼",민성하제,"일러스트,공예,소설",@mung__dy,https://dongne.co/events/df2510/circles/151951,제31회 디. 페스타(토),Day1
까마귀 둥지,라블루,,,,,2sp,,,,,,,,"공예,사진",@blue_kyl,https://dongne.co/events/df2510/circles/151327,제31회 디. 페스타(토),Day1
도깨비 상점,미나,,,,,1sp,괴담출근,화산귀환,,,,,,만화,@mnna_pleasure,https://dongne.co/events/df2510/circles/153460,제31회 디. 페스타(토),Day1
도토래 공방,도토래 공방,,,,,2sp,,적왕사,,,,,,일러스트,@dotorae_,https://dongne.co/events/df2510/circles/151867,제31회 디. 페스타(토),Day1
둘이서 수상,몽,,,,,1sp,역전검사 2 (역전재판 시리즈),"11월 소년,허잇차! 세자님",,"사루시로 소타,서규연,문수",,,,"만화,일러스트",@M0N6U3,https://dongne.co/events/df2510/circles/153337,제31회 디. 페스타(토),Day1
맛있는 강정,도화,,,,,1sp,회색도시2,,어떤방 무슨도시 어드메스타즈 올앳원스,,강재인X정은창,"로맨틱,해당없음",누아재인,"만화,일러스트,소설",,https://dongne.co/events/df2510/circles/151243,제31회 디. 페스타(토),Day1
불타는 사막,Dovahkiin,,,,,2sp,가비지타임,,"S4Y Y3S, 1ove.",전영중,,"로맨틱,섹슈얼",,만화,,https://dongne.co/events/df2510/circles/152383,제31회 디. 페스타(토),Day1
요일과 시간,오늘,,,,,1sp,,,,,,,,,@,https://dongne.co/events/df2510/circles/152284,제31회 디. 페스타(토),Day1
장태의 가오,"그냥,캄희",,,,,2sp,트라이건,,,밧슈,울프우드X밧슈,,나이브스x밧슈,"만화,일러스트","@gnyang27, @kamhee_",https://dongne.co/events/df2510/circles/153058,제31회 디. 페스타(토),Day1
진격의 빵준,진짜,,,,,1sp,가비지타임,진격의 거인,"S4Y Y3S, 1ove.","전영중,성준수",전영중X성준수,"섹슈얼,로맨틱",에루리,소설,@sungin_share,https://dongne.co/events/df2510/circles/153200,제31회 디. 페스타(토),Day1
집으로 가자,길드 미미,,,,,1sp,어바등,"공회주,블랙 배저,문송안함,명급리,세구은",,,,"로맨틱,섹슈얼,해당없음",,소설,,https://dongne.co/events/df2510/circles/151435,제31회 디. 페스타(토),Day1
초면의 약속,르베,,,,,1sp,마법사의 약속,,마호야쿠 쁘띠존 : 현자의 마법관 ~한국 지부~,"무르,샤일록,올캐러",무르X샤일록,"해당없음,로맨틱,섹슈얼",,"소설,기타",@denebyyyyy,https://dongne.co/events/df2510/circles/153794,제31회 디. 페스타(토),Day1
홈즈와 경찰,쿠키,,,,,1sp,명탐정 코난,MIU404,,,,,,"만화,일러스트",@110kuki,https://dongne.co/events/df2510/circles/153657,제31회 디. 페스타(토),Day1
네자매 괴담 ,pangtu,,,,,2sp,괴담출근,,,괴담출근,,,,"만화,일러스트","@Pang_Tuu, @SSONGMANGA, @banana172172, @mozza_jangsu ",https://dongne.co/events/df2510/circles/152399,제31회 디. 페스타(토),Day1
창백한 푸른 점,나희,,,,,2sp,이세계 착각 헌터,,창호기려 쁘띠존~부부사기단~,"강창호,김기려",강창호X김기려,로맨틱,,소설,@rwahee123,https://dongne.co/events/df2510/circles/152289,제31회 디. 페스타(토),Day1
잠깐만 얘네 진짜 사귄다,러^브콜렉터,,,,,2sp,리그오브레전드,,,세트라이/아펠리오스,세트라이X아펠리오스,"섹슈얼,로맨틱",,"만화,소설",@collectthelove,https://dongne.co/events/df2510/circles/151663,제31회 디. 페스타(토),Day1
마누라 얼굴 매일 본다고 질리나,상현,,,,,2sp,스플래툰,블루록,,"3호,8호,우츠호,후우카,이사기 요이치,이토시 린",,로맨틱,스플래툰 : 우츠호 x 후우카(우츠후우) / 블루록 : 이사기 요이치 x 이토시 린(이사린),"소설,만화,기타",@seya_splatoon,https://dongne.co/events/df2510/circles/151469,제31회 디. 페스타(토),Day1
서지혁 긴급 체포단,만두,,,,,2sp,어두운 바다의 등불이 되어,,한 번 죽은 남자와 그를 죽인 여자,"서지혁,이지현",서지혁X이지현,"로맨틱,섹슈얼",,소설,@sseoguide196,https://dongne.co/events/df2510/circles/152789,제31회 디. 페스타(토),Day1
외계인 취급 전문점,플밈,,,,,1sp,괴담출근,"이착헌,데못죽",,"김솔음,이자헌,김기려,레밍,차유진,김래빈",김솔음X이자헌,해당없음,"솔음자헌,유진래빈",만화,@P1_P2_P3_P4,https://dongne.co/events/df2510/circles/151875,제31회 디. 페스타(토),Day1
우당당 괴출 특공대,이사,,,,,2sp,괴담에 떨어져도 출근을 해야 하는구나,,,"김솔음,등등",브라운X김솔음,"로맨틱,섹슈얼","김솔음 백사헌, 김솔음, 이자헌 등등","일러스트,소설",hihi_ingasila,https://dongne.co/events/df2510/circles/153670,제31회 디. 페스타(토),Day1
이자헌 또는 이착헌,붱붱,,,,,2sp,괴담출근,이착헌 어바등,,,,,,,@nuriowo,https://dongne.co/events/df2510/circles/151914,제31회 디. 페스타(토),Day1
준빵빵 한개 주세요,초계,,,,,1sp,가비지타임,,준수영중 쁘띠존 ~준빵제빵소~,"전영중,성준수",,로맨틱,,,chogye92,https://dongne.co/events/df2510/circles/153832,제31회 디. 페스타(토),Day1
아무튼 돈이 된다는 걸 보여주마,"뇨지, 고포",,,,,2sp,아이돌리쉬 세븐(아이나나),프로젝트 세카이(프로세카),,,,로맨틱,,"만화,일러스트","@nyoji_0654, @cyocyo_1234",https://dongne.co/events/df2510/circles/153033,제31회 디. 페스타(토),Day1
농구랑 추리 동시에 하기,"코리안더파티, HN",,,,,2sp,슬램덩크,명탐정 코난,,"슬램덩크-태섭한나,올캐러 / 명탐정 코난-칸유이",송태섭X이한나,로맨틱,,"만화,일러스트","@coriander_party, @HN_YNM",https://dongne.co/events/df2510/circles/151300,제31회 디. 페스타(토),Day1
보름달 날짜 외우는 사람들,포,,,,,1sp,마법사의 약속,,마호야쿠 쁘띠존 : 현자의 마법관 ~한국 지부~,올캐러,,,,,,https://dongne.co/events/df2510/circles/152361,제31회 디. 페스타(토),Day1
천사와 악마 이미지 이거로 해도 돼?,대추야자,,,,,1sp,유희왕 듀얼몬스터즈,,,"바쿠라 료,어둠의 바쿠라",바쿠라 료X어둠의 바쿠라,"섹슈얼,해당없음,로맨틱",,소설,@deza_card,https://dongne.co/events/df2510/circles/151525,제31회 디. 페스타(토),Day1
민주영 이름 석자만 기억해주세요,옥,,,,,1sp,베리드스타즈,데뷔 못하면 죽는 병 걸림,어떤방 무슨도시 어드메스타즈 올앳원스,민주영 박문대,민주영X오인하,로맨틱,문대아현 문대청려,"소설,게임",@BScityhouse,https://dongne.co/events/df2510/circles/152857,제31회 디. 페스타(토),Day1
부스를 냈다..,p2222d,,,,,2sp,역전재판,대역전재판 ?,,,나루호도X미츠루기,"로맨틱,섹슈얼",,,p2222d,https://dongne.co/events/df2510/circles/151147,제31회 디. 페스타(토),Day1
겨울의 큐에이,aran,,,,,2sp,,,,,큐야X에이트,,,만화,,https://dongne.co/events/df2510/circles/152059,제31회 디. 페스타(토),Day1
결속된 급조력,이끼끼,,,,,2sp,유희왕,,,,,,,"만화,일러스트",dueltildie,https://dongne.co/events/df2510/circles/151735,제31회 디. 페스타(토),Day1
디룡이 코믹스,워나,,,,,1sp,창작,창작,이빨요정,창작,,,,만화,@wona0723,https://dongne.co/events/df2510/circles/151148,제31회 디. 페스타(토),Day1
말페스 전문점,마테,,,,,1sp,우마무스메 프리티더비,,,,정글 포켓X후지 키세키,로맨틱,,,@ma_te_umm,https://dongne.co/events/df2510/circles/153076,제31회 디. 페스타(토),Day1
맛있는 파스타,BN,,,,,4sp,괴담출근,,,,,,,,,https://dongne.co/events/df2510/circles/151292,제31회 디. 페스타(토),Day1
부스명 뭐하지,라미,,,,,1sp,아이돌리쉬 세븐,데뷔 못 하면 죽는 병 걸림,,박문대,,,,만화,@ram_nyang,https://dongne.co/events/df2510/circles/152297,제31회 디. 페스타(토),Day1
부스명 뭐하지,무응,,,,,1sp,앙상블스타즈!!,,쥰히요 쁘띠존 :: 연일순정,"사자나미 쥰,토모에 히요리",사자나미 쥰X토모에 히요리,로맨틱,,일러스트,@mu_ES724,https://dongne.co/events/df2510/circles/152989,제31회 디. 페스타(토),Day1
뿌뿌와 친구들,밥슨,,,,,2sp,이세계 착각 헌터,"아이돌랜드 프리파라,명탐정 코난,괴담에 떨어져도 출근을 해야 하는구나,어두운바다의 등불이 되어,명일방주",,"김기려,레밍,정하성,강창호,서에스더,선우연,아마리,마리오,야마토 칸스케,우에하라 유이,타카아키 모로후시,박무현,신해랑,김솔음,브라운,이자헌,데겐블레허",,"해당없음,로맨틱",,"기타,일러스트",@B0B_S0N_0412,https://dongne.co/events/df2510/circles/153811,제31회 디. 페스타(토),Day1
사실상 휴게소,벽,,,,,2sp,페르소나,페이트/그랜드 오더,,"나루카미 유우,하나무라 요스케",,로맨틱,,만화,@toridoze_,https://dongne.co/events/df2510/circles/152514,제31회 디. 페스타(토),Day1
솜지락 꼼지락,취미하는랖,,,,,1sp,수공예,수공예,,,,,,공예,@hobbyist_RAF,https://dongne.co/events/df2510/circles/151218,제31회 디. 페스타(토),Day1
스위트 오렌지,Dou,,,,,1sp,,,,슬램덩크,,,,,,https://dongne.co/events/df2510/circles/152908,제31회 디. 페스타(토),Day1
심해의 어바등,로스로스,,,,,2sp,어두운 바다의 등불이 되어,블랙 배저,,"신해량,박무현",신해량X박무현,"섹슈얼,로맨틱",,,roths_deep,https://dongne.co/events/df2510/circles/153131,제31회 디. 페스타(토),Day1
악마랑 닌자랑,염일,,,,,1sp,악마에 입문했습니다 이루마군,닌타마란타로,,이루마,,,,"만화,일러스트",@yeomil1_1,https://dongne.co/events/df2510/circles/151974,제31회 디. 페스타(토),Day1
어쩌고 잡화점,담요,,,,,2sp,가비지타임,하이큐,,,,,,일러스트,@Damyo_812,https://dongne.co/events/df2510/circles/152148,제31회 디. 페스타(토),Day1
온더락 컴퍼니,온더락,,,,,2sp,괴담출근,,,"J3,현무1팀",장일소X임소병,,나루호시,,@OntheRock_J3,https://dongne.co/events/df2510/circles/152778,제31회 디. 페스타(토),Day1
우유와 고양이,MILK,,,,,2sp,오리지널,명일방주 명조 시광대리인,,,,,,일러스트,@YUU_LESS,https://dongne.co/events/df2510/circles/151573,제31회 디. 페스타(토),Day1
은혼과 아이들,비타,,,,,2sp,은혼,,,"긴토키,나구모,호시나",,,,,@banbaji5,https://dongne.co/events/df2510/circles/153092,제31회 디. 페스타(토),Day1
전하의 만터우,잔유,,,,,1sp,천관사복,,,"화성,사련",화성X사련,로맨틱,,소설,@74NYU,https://dongne.co/events/df2510/circles/152409,제31회 디. 페스타(토),Day1
청각적 오타쿠,VT,,,,,1sp,가비지타임,오리지널,,임승대 진재유,임승대X진재유,로맨틱,승재승 승대재유 재유승대,"일러스트,만화",@otimku,https://dongne.co/events/df2510/circles/151920,제31회 디. 페스타(토),Day1
하이야 미안해,즐껨충 ,,,,,2sp,고서점가의 하시히메,"오오에,아이돌리쉬세븐,윈드브레이커",,,카와세X타마모리,로맨틱,"오오시즈, 리쿠이오, 사쿠스오","소설,만화,기타",@riversidedoggy,https://dongne.co/events/df2510/circles/153859,제31회 디. 페스타(토),Day1
미소녀 없이는 살 수 없어,우마무마무,,,,,1sp,앙스타,"우마무스메,뱅드림,걸즈밴드크라이",,,,,,,,https://dongne.co/events/df2510/circles/153244,제31회 디. 페스타(토),Day1
후미텐 러버스 클럽,햄부키,,,,,1sp,카리스마,,SOS! Sweets OR Sexy ,"이토 후미야,텐도 아마히코",,로맨틱,,일러스트,@fumiloveten,https://dongne.co/events/df2510/circles/152832,제31회 디. 페스타(토),Day1
드디어 최애가 겹친 자들,쿠오,,,,,1sp,마법사의 약속,,마호야쿠 쁘띠존 : 현자의 마법관 ~한국 지부~,파우스트 네로 히스클리프 시노,피가로X파우스트,해당없음,,"일러스트,소설",@kuo_mhyk11,https://dongne.co/events/df2510/circles/152895,제31회 디. 페스타(토),Day1
부스에 사람이 너무 많아,레얌,,,,,2sp,닌타마,"도라에몽,T.P본,유희왕(ZEXAL),홀로스타즈,모노노케",,,,,,"만화,일러스트",@Second_midnight,https://dongne.co/events/df2510/circles/152342,제31회 디. 페스타(토),Day1
우리네 가슴엔 꿈도 많다,이지,,,,,2sp,어두운 바다의 등불이 되어,,한 번 죽은 남자와 그를 죽인 여자,"서지혁,이지현",,로맨틱,무현애영,만화,Daisy27from,https://dongne.co/events/df2510/circles/152553,제31회 디. 페스타(토),Day1
우리집 종자는 물어요,달안개,,,,,1sp,대역전재판,,,"종자,바로크 반직스,나루호도 류노스케",종자X바로크 반직스,로맨틱,아소류,소설,@Dalfog_,https://dongne.co/events/df2510/circles/153464,제31회 디. 페스타(토),Day1
이상한 나라의 잡화점,빵,,,,,2sp,,,,,,,,공예,@_HHH_0110,https://dongne.co/events/df2510/circles/152753,제31회 디. 페스타(토),Day1
지고천 연구소 양재점,홍동,,,,,1sp,세포신곡,,,,,,,,,https://dongne.co/events/df2510/circles/152470,제31회 디. 페스타(토),Day1
꽃밭에 백합이 한가득 피어서,Putti,,,,,1sp,대역전재판,,,,미코토바 스사토X무라사메 하오리,,아소바로(구간),만화,@Putti_95,https://dongne.co/events/df2510/circles/153423,제31회 디. 페스타(토),Day1
김기려 김솔음 강백호 싸우면 누가이김?,Wayter,,,,,2sp,괴담에 떨어져도 출근을 해야 하는구나(괴담출근),"슬램덩크,이세계 착각 헌터",,,,,,"일러스트,조형",@Wayter_0918,https://dongne.co/events/df2510/circles/152903,제31회 디. 페스타(토),Day1
블루록 사에랑 린이랑 키스하는책 있나요?,"포찌,낭비,뿌리야채",,,,,2sp,블루록,,,"이토시 사에,이토시 린",이토시 사에X이토시 린,"로맨틱,섹슈얼",,,@p0z2i_lock,https://dongne.co/events/df2510/circles/153227,제31회 디. 페스타(토),Day1
니들이 어둠의 자식이냐,"메리, 지폭",,,,,2sp,앙스타,,,"스오우 츠카사,츠키나가 레오",스오우 츠카사X츠키나가 레오,"로맨틱,섹슈얼",,만화,Merrykasa,https://dongne.co/events/df2510/circles/152315,제31회 디. 페스타(토),Day1
퇴마의 운명을 부정한다,피터,,,,,2sp,"퇴마록,언데드 언럭",,,,앤디X이즈모 후코,해당없음,,"만화,기타",@savingearth01,https://dongne.co/events/df2510/circles/151326,제31회 디. 페스타(토),Day1
준수가 영중이 먹으라고 준빵,락,,,,,1sp,가비지타임,,준수영중 쁘띠존 ~준빵제빵소~,성준수 전영중,성준수X전영중,로맨틱,,"소설,만화",@postmejam,https://dongne.co/events/df2510/circles/153453,제31회 디. 페스타(토),Day1
괴담에 떨어져 모에화는 피할 수 없구나,25,,,,,2sp,괴담에 떨어져도 출근은 해야 하는구나,이세계 착각 헌터 /기븐,,"김솔음,J3,브라운,이자헌",,로맨틱,,"만화,일러스트",@dok_2d,https://dongne.co/events/df2510/circles/151860,제31회 디. 페스타(토),Day1
괴담에 은광고 러뷰어가 떨어져 출근함,나인,,,,,1sp,괴담에 떨어져도 출근을 해야 하는구나(괴담출근),"데뷔못하면죽는병에 걸림,명문고EX급조연의리플레이",,"김솔음,박문대,조의신",,,,"일러스트,소설",@you_4679,https://dongne.co/events/df2510/circles/152186,제31회 디. 페스타(토),Day1
어두운 바다의 파이널리쉬 세븐,"달코, 샴",,,,,2sp,아이돌리쉬 세븐,"파이널판타지14,어두운 바다의 등불이 되어",,"니카이도 야마토,이즈미 미츠키",이즈미 미츠키X니카이도 야마토,로맨틱,,"만화,일러스트,기타","@daldal_tako, @sweetraining12",https://dongne.co/events/df2510/circles/152859,제31회 디. 페스타(토),Day1
덕질에 빠져도 마감은해야 하는 구나,괴도팡,,,,,2sp,괴담출근,"데못죽,윈브레,사카데이,가비지타",,,,,,,@LUKAPANG__45,https://dongne.co/events/df2510/circles/151389,제31회 디. 페스타(토),Day1
노래를 그리자!,샤나,,,,,1sp,음합엔진,,,"미쿠,린,렌",,,,"일러스트,기타",@SHANA_DECO,https://dongne.co/events/df2510/circles/151497,제31회 디. 페스타(토),Day1
오리가 하나둘!,"하나이, 모짜오리",,,,,2sp,괴담에 떨어져도 출근을 해야 하는구나,"데뷔 못 하면 죽는 병 걸림,가비지 타임",,,,,,,@_00365,https://dongne.co/events/df2510/circles/151252,제31회 디. 페스타(토),Day1
들어는 보았나! 나아가자 둘만의 역대급 회색도시의 베레즈스타즈로,"시온, 잘못태운 다시마",,,,,2sp,"회색도시,베리드스타즈,더크리처","질풍기획,역대급 영지 설계사",어떤방 무슨도시 어드메스타즈 올앳원스,"도윤인하,주영인하주영,읹융",서재호X오미정,로맨틱,"알리로이하비, 치병치, 숙자영희 外","소설,만화,일러스트",,https://dongne.co/events/df2510/circles/153392,제31회 디. 페스타(토),Day1
우리가 사랑한..,종,,,,,1sp,플레이브,괴담출근,,,,,,"소설,기타",@51874wwii,https://dongne.co/events/df2510/circles/153450,제31회 디. 페스타(토),Day1
달콤한 일러스트,iamyunji,,,,,2sp,모모찌,,,모모찌,,,,일러스트,iamyunji,https://dongne.co/events/df2510/circles/151862,제31회 디. 페스타(토),Day1
만두와 초코라떼,반달비,,,,,1sp,가비지타임,,"S4Y Y3S, 1ove.","전영중,성준수",전영중X성준수,로맨틱,,소설,@bandalbi_431,https://dongne.co/events/df2510/circles/152854,제31회 디. 페스타(토),Day1
보니와 클라이드,엘리유안,,,,,1sp,이세계 착각 헌터,,창호기려 쁘띠존~부부사기단~,강창호 김기려,강창호X김기려,로맨틱,,소설,@Raythyan957,https://dongne.co/events/df2510/circles/153805,제31회 디. 페스타(토),Day1
사랑의 트랩카드,갈릭,,,,,1sp,앙상블스타즈,,,,사쿠마 레이X오오가미 코가,"로맨틱,섹슈얼",,,,https://dongne.co/events/df2510/circles/151086,제31회 디. 페스타(토),Day1
삼천만 싸불군단,김리타,,,,,1sp,페르소나,,,,,"로맨틱,섹슈얼",,,,https://dongne.co/events/df2510/circles/152138,제31회 디. 페스타(토),Day1
소소한 메이릴리,"메이, 소소",,,,,4sp,1차 창작 솜인형과 악세사리,,,,,,,공예,"@Ma_Li_garden, @sosohan611004",https://dongne.co/events/df2510/circles/151405,제31회 디. 페스타(토),Day1
이세계 브레이커,TOMATA,,,,,1sp,윈드 브레이커,,,,,,,,@mangchi_min5ko,https://dongne.co/events/df2510/circles/151483,제31회 디. 페스타(토),Day1
장르를 따라따라,두비,,,,,1sp,블리치,슬램덩크,,,,,,만화,@ronalisland,https://dongne.co/events/df2510/circles/152722,제31회 디. 페스타(토),Day1
축구도 살인이다,뱀팡,,,,,2sp,블루록,도쿄리벤져스,,,,,,,@@bobajin_bb ,https://dongne.co/events/df2510/circles/152140,제31회 디. 페스타(토),Day1
팔데아 종합상점,군냥,,,,,1sp,포켓몬스터,"로드오브히어로즈,역전재판",,카지푸름,카지X푸름,로맨틱,황제로드,만화,@kunn_y11,https://dongne.co/events/df2510/circles/153721,제31회 디. 페스타(토),Day1
섭종과 미정발의 안개 낀 게임들,-,,,,,1sp,"회색도시,대역전재판",,어떤방 무슨도시 어드메스타즈 올앳원스,,,,,,,https://dongne.co/events/df2510/circles/151482,제31회 디. 페스타(토),Day1
지혁아 돌아와라 아직 네 자리가 남아있다,라망,,,,,1sp,어두운 바다의 등불이 되어,,한 번 죽은 남자와 그를 죽인 여자,,,로맨틱,,소설,@ramangjj,https://dongne.co/events/df2510/circles/153241,제31회 디. 페스타(토),Day1
가이드 보컬이란 대체 뭘까,리스,,,,,1sp,초심 잃은 아이돌을 위한 회귀백서,,이제는 Fxxking 날조가 아니라 real CP를 하고싶다,"윤이든,견하준",윤이든X견하준,,,소설,@lisyu00985781.bsky.social ,https://dongne.co/events/df2510/circles/152083,제31회 디. 페스타(토),Day1
솔음아 귀가하고 싶어?,ㄹㅇ,,,,,1sp,괴담에 떨어져도 출근을 해야 하는구나,,,"김솔음,최요원,류재관",최요원X김솔음,"로맨틱,섹슈얼",,"일러스트,소설,기타",,https://dongne.co/events/df2510/circles/151360,제31회 디. 페스타(토),Day1
홀라당 타버리는 부스를 할 거야,네르,,,,,2sp,회색도시,,어떤방 무슨도시 어드메스타즈 올앳원스,"서재호,오미정",서재호X오미정,로맨틱,,소설,@nertoreta_CoM,https://dongne.co/events/df2510/circles/153790,제31회 디. 페스타(토),Day1
이세계 레몬파이 헌터의 약속,비,,,,,2sp,마법사의 약속,,마호야쿠 쁘띠존 : 현자의 마법관 ~한국 지부~,,시노X히스클리프,로맨틱,,,,https://dongne.co/events/df2510/circles/151588,제31회 디. 페스타(토),Day1
괴담에 떨어져도 디페는 해야 하는구나,김먐미,,,,,1sp,괴담출근,없음,,김솔음 백사헌 브라운 이자헌등,,,,"일러스트,기타",myam___mi,https://dongne.co/events/df2510/circles/153260,제31회 디. 페스타(토),Day1
괴담에 떨어져도 농구는 해야 하는구나 ,뉴타,,,,,2sp,가비지타임,괴담출근,,"종수,상호,김솔음,D조",종수X상호,"로맨틱,섹슈얼",,"일러스트,기타,공예",@newtta_UmU,https://dongne.co/events/df2510/circles/153621,제31회 디. 페스타(토),Day1
어두운 바다에서 자라는 청포도,로비니아,,,,,2sp,어두운 바다의 등불이 되어,괴담에 떨어져도 출근을 해야 하는구나,,"신해량(어바등),박무현(어바등),류재관(괴담출근),김솔음(괴담출근)",신해량X박무현,섹슈얼,류재관×김솔음,소설,@bloom_robinia,https://dongne.co/events/df2510/circles/152319,제31회 디. 페스타(토),Day1
서법이 노래하고 동법이 춤추는 디페의 소나티네,"알맹, 물꼬",,,,,2sp,마법사의 약속,,마호야쿠 쁘띠존 : 현자의 마법관 ~한국 지부~,,샤일록X무르,"로맨틱,섹슈얼",네로파우,"만화,일러스트,소설",@almeng_desuna @NNphantom,https://dongne.co/events/df2510/circles/152447,제31회 디. 페스타(토),Day1
극장판 프로젝트 세카이 부서진 세카이와 노래하지 못 하는 나나세 리쿠,기설,,,,,1sp,프로젝트 세카이,아이돌리쉬세븐,,"카미시로 루이,텐마 츠카사",카미시로 루이X텐마 츠카사,로맨틱,,"일러스트,만화",@,https://dongne.co/events/df2510/circles/153259,제31회 디. 페스타(토),Day1
원래는 만두집을 할려고 했었다(빵집),재리,,,,,2sp,가비지타임,,준수영중 쁘띠존 ~준빵제빵소~,성준수,,"로맨틱,섹슈얼",,만화,jaehwahii,https://dongne.co/events/df2510/circles/153295,제31회 디. 페스타(토),Day1
괴담에 떨어져도 화산은 귀환한다,"매화, 피라",,,,,2sp,화산귀환,괴담출근,,,,,,,"hwasan_maehwa, pira1049",https://dongne.co/events/df2510/circles/152894,제31회 디. 페스타(토),Day1
부스에 떨어져도 괴담을 내는구나,NEO,,,,,1sp,"괴담출근,케데헌","플레이브,데못죽,화산귀환,전독시",,,,,,"일러스트,기타",,https://dongne.co/events/df2510/circles/152716,제31회 디. 페스타(토),Day1
어째서 이런곳에 악이가 있는거지,DOSA,,,,,1sp,새로운 상사는 귀여운 허당,"진삼국무쌍,투비히어로엑스",,,,로맨틱,"모모시로, 악진이전, 나이렉","만화,일러스트,소설",@vs12-25.bsky.social,https://dongne.co/events/df2510/circles/151452,제31회 디. 페스타(토),Day1
괴담에 떨어져도 덕질은 해야하는구나,8돈돈,,,,,2sp,괴담에 떨어져도 출근을 해야하는구나,,,김솔음,,,,"만화,일러스트",@8dondon8,https://dongne.co/events/df2510/circles/152943,제31회 디. 페스타(토),Day1
세상에 중심에서 지혁른을 외치다,고뿌르,,,,,2sp,어두운 바다의 등불이 되어,,,서지혁,박무현X서지혁,로맨틱,,"소설,기타",gof2ull_novel,https://dongne.co/events/df2510/circles/151665,제31회 디. 페스타(토),Day1
심해에 떨어져도 외계인과 출근을 해야 하는구나,"이소, 몽땅",,,,,4sp,괴담에 떨어져도 출근을 해야 하는구나,"어두운 바다의 등불이 되어,이세계 착각 헌터",,,,,,,,https://dongne.co/events/df2510/circles/152571,제31회 디. 페스타(토),Day1
어두운 펠리스에 떨어져도 개심은 해야 하는구나 ,필망,,,,,2sp,"괴담출근,페르소나",어바등,,,,,,,@mpmp9909,https://dongne.co/events/df2510/circles/153300,제31회 디. 페스타(토),Day1
캡콤은 대역검을 낉여오거라,"윤펭귄, Uni",,,,,2sp,대역전재판,,,"아소기 카즈마,바로크 반직스,아소기 겐신",아소기 카즈마X바로크 반직스,"섹슈얼,로맨틱",,"소설,만화",@objectionguin,https://dongne.co/events/df2510/circles/151439,제31회 디. 페스타(토),Day1
이딴게 창호기려?,038,,,,,2sp,이세계 착각 헌터,,창호기려 쁘띠존~부부사기단~,"강창호,김기려",강창호X김기려,로맨틱,,소설,@zerothirtyeight,https://dongne.co/events/df2510/circles/151698,제31회 디. 페스타(토),Day1
걸어서 밀실속으로,이름없음,,,,,1sp,검은방,,어떤방 무슨도시 어드메스타즈 올앳원스,하무열,허강민X하무열,,,만화,@alllwoe,https://dongne.co/events/df2510/circles/151098,제31회 디. 페스타(토),Day1
레이디 크로커다일,강보영,,,,,2sp,죠죠의 기묘한 모험,슬로우데미지,,,,,,,@mochamocha__2,https://dongne.co/events/df2510/circles/151903,제31회 디. 페스타(토),Day1
유니콘 김치찌개집,칸조,,,,,2sp,월드 트리거,"카리스마,파이어 엠블렘 풍화설월,아이돌 마스터 sideM",,,,,,,,https://dongne.co/events/df2510/circles/152555,제31회 디. 페스타(토),Day1
뭐라도 가져올게요 ,gg,,,,,1sp,,,,,,,,,,https://dongne.co/events/df2510/circles/152582,제31회 디. 페스타(토),Day1
무해한 과일친구들 & 모꼬의 작업실,무해무해,,,,,2sp,무해한 과일친구들,지구고양이,,지구고양이,,,,"일러스트,공예",@muhae_muhae,https://dongne.co/events/df2510/circles/152758,제31회 디. 페스타(토),Day1
미소녀 컴플렉스를 가진 내가 법과 정치 마스터,디오,,,,,1sp,"역전재판,죠죠의 기묘한 모험",,,,,,,일러스트,DIO_1LINE,https://dongne.co/events/df2510/circles/153359,제31회 디. 페스타(토),Day1
은하를 가로지르는 그리움,사슴,,,,,2sp,붕괴:스타레일,,,,경원X단항,로맨틱,,"만화,일러스트",,https://dongne.co/events/df2510/circles/151466,제31회 디. 페스타(토),Day1
아직도 상은하다니 독하다독해,단지,,,,,1sp,회색도시,,어떤방 무슨도시 어드메스타즈 올앳원스,"유상일,정은창",유상일X정은창,로맨틱,,"만화,소설",@SIEC_Anthol,https://dongne.co/events/df2510/circles/153795,제31회 디. 페스타(토),Day1
초자연 재난관리국 화분관리팀,우니,,,,,2sp,괴담에 떨어져도 출근을 해야하는구나,,,"최요원,김솔음,류재관",최요원X김솔음,로맨틱,,일러스트,@offssoi,https://dongne.co/events/df2510/circles/152070,제31회 디. 페스타(토),Day1
덴시티 행복복지센터,ㅁㄴㅇㄹ,,,,,1sp,유희왕 VRIANS,,,후지키 유사쿠,AiX후지키 유사쿠,로맨틱,코우가미 료켄x후지키 유사쿠,만화,@yugioh_yol,https://dongne.co/events/df2510/circles/152941,제31회 디. 페스타(토),Day1
반박시 에고이스트슛,집사,,,,,1sp,블루록,,,,,,,,,https://dongne.co/events/df2510/circles/152866,제31회 디. 페스타(토),Day1
어둠의 녹색어머니회,미스틱,,,,,1sp,슬램덩크,,,김수겸,성현준X김수겸,,,,@noye_mystic,https://dongne.co/events/df2510/circles/152811,제31회 디. 페스타(토),Day1
유령이(아니)야,시우,,,,,1sp,어두운 바다의 등불이 되어,,한 번 죽은 남자와 그를 죽인 여자,"서지혁,이지현",,,,소설,@siu_tldn,https://dongne.co/events/df2510/circles/152432,제31회 디. 페스타(토),Day1
얼죽아(얼어죽어도아이스),벅벅,,,,,2sp,보컬로이드,,,카이토,카이토X마스터,해당없음,우성명헌,"만화,일러스트",@buckto_,https://dongne.co/events/df2510/circles/153650,제31회 디. 페스타(토),Day1
시엘로&마레 잡화점,akisage,,,,,1sp,,,,,,,,,@yuraseon00,https://dongne.co/events/df2510/circles/151839,제31회 디. 페스타(토),Day1
가보자고,B,,,,,1sp,,,,,,,,,,https://dongne.co/events/df2510/circles/152401,제31회 디. 페스타(토),Day1
가보자고,갸옹,,,,,2sp,괴담출근,,,김솔음,최요원X김솔음,"로맨틱,섹슈얼",사헌솔음,"만화,일러스트",@masitdaghost_77,https://dongne.co/events/df2510/circles/152028,제31회 디. 페스타(토),Day1
결혼식장,마롱,,,,,1sp,어두운 바다의 등불이 되어,,한 번 죽은 남자와 그를 죽인 여자,"서지혁,이지현",,"로맨틱,섹슈얼",,"만화,일러스트",@SPO_MACARON,https://dongne.co/events/df2510/circles/151966,제31회 디. 페스타(토),Day1
고게랜드,"오탑, 라라",,,,,2sp,주술회전,,,"고죠 사토루,게토 스구루",고죠 사토루X게토 스구루,로맨틱,,"만화,일러스트","@otav_572, @goge_lara572",https://dongne.co/events/df2510/circles/151798,제31회 디. 페스타(토),Day1
공귀나산,해감,,,,,1sp,오오에,,,,,,,만화,r07a7e2,https://dongne.co/events/df2510/circles/152150,제31회 디. 페스타(토),Day1
괴담국밥,"삼라, 권빵떡",,,,,2sp,괴담에 떨어져도 출근을 해야 하는구나,"사카모토데이즈,주술회전",,"김솔음,최요원,백사헌,세바 나츠키,아사쿠라 신,고죠 사토루,이타도리 유지",,해당없음,"자헌솔음,최솔,샇솔,고죠유지,나츠신",일러스트,@samla1129 @_homn_,https://dongne.co/events/df2510/circles/152463,제31회 디. 페스타(토),Day1
교자명가,만두대왕,,,,,1sp,닌타마 란타로,,,,,,,,,https://dongne.co/events/df2510/circles/151153,제31회 디. 페스타(토),Day1
구멍가게,사약,,,,,2sp,원피스,포켓몬스터,,로브 루치,,로맨틱,,"만화,일러스트,기타",@sayakdrinking,https://dongne.co/events/df2510/circles/151901,제31회 디. 페스타(토),Day1
구멍가게,찰싹,,,,,1sp,어바등,다이에이,,김재희,쿠죠 텐X나나세 리쿠,로맨틱,메이미유,"일러스트,만화",@nyuruhuhuhu0,https://dongne.co/events/df2510/circles/153837,제31회 디. 페스타(토),Day1
국지재해,mocha,,,,,2sp,트라이건,,,"울프우드,밧슈",,"로맨틱,섹슈얼",,"만화,소설",cmslash,https://dongne.co/events/df2510/circles/151136,제31회 디. 페스타(토),Day1
꼬물아트,beev,,,,,2sp,"슬램덩크,가라오케가자",,,,,,,,ccomulart,https://dongne.co/events/df2510/circles/151295,제31회 디. 페스타(토),Day1
낙장불입,적시,,,,,1sp,붕괴 스타레일,,,"Dr. 레이시오,어벤츄린",Dr. 레이시오X어벤츄린,"로맨틱,섹슈얼",,소설,factoratiorine,https://dongne.co/events/df2510/circles/151616,제31회 디. 페스타(토),Day1
내가해냄,물개파파,,,,,2sp,,,,,,,,,@mmmmmm9192,https://dongne.co/events/df2510/circles/152080,제31회 디. 페스타(토),Day1
너있내따,"듀, 오열",,,,,2sp,주술회전,슬램덩크,,"고죠 사토루,게토 스구루,양호열,강백호",고죠 사토루X게토 스구루,,고죠 사토루x게토 스구루,,MP572d,https://dongne.co/events/df2510/circles/151820,제31회 디. 페스타(토),Day1
네코마마,"레이카, 마키시, 시에",,,,,4sp,데뷔 못 하면 죽는 병 걸림,"화산귀환,괴담에 떨어져도 출근은 해야 하는구나,광마회귀",,"박문대(른,오른쪽) 중심 / 테스타,브이틱",,,,,@rayca01,https://dongne.co/events/df2510/circles/151120,제31회 디. 페스타(토),Day1
느린피해,"영, 칸",,,,,1sp,슬로우 데미지,,,토와,주연X토와,,조연x토와 ,,,https://dongne.co/events/df2510/circles/151492,제31회 디. 페스타(토),Day1
니키쪼아,EK,,,,,1sp,앙상블 스타즈,,,"아마기 린네,시이나 니키,아마기 히이로",,,,"만화,일러스트,소설,기타",,https://dongne.co/events/df2510/circles/151132,제31회 디. 페스타(토),Day1
다정한집,냘구,,,,,2sp,,,,,,,,만화,@apricot_tarte_,https://dongne.co/events/df2510/circles/151576,제31회 디. 페스타(토),Day1
담장아래,담장아래,,,,,2sp,1차 오리지널 창작,,,,,,,일러스트,@alae_damjang,https://dongne.co/events/df2510/circles/152214,제31회 디. 페스타(토),Day1
댄싱래빗,댄싱래빗,,,,,2sp,,,,,,,,공예,,https://dongne.co/events/df2510/circles/151896,제31회 디. 페스타(토),Day1
뎀버끄적,뎀버,,,,,1sp,창작 일러스트,,,,,,,일러스트,@DB_ORGdd,https://dongne.co/events/df2510/circles/153316,제31회 디. 페스타(토),Day1
도원결의,"5호점, 하토, 누",,,,,2sp,,,,,,,,,,https://dongne.co/events/df2510/circles/151775,제31회 디. 페스타(토),Day1
동인실직,스칼,,,,,2sp,프로젝트 세카이 컬러풀 스테이지,,,,카미시로 루이X텐마 츠카사,"로맨틱,섹슈얼",,소설,,https://dongne.co/events/df2510/circles/151246,제31회 디. 페스타(토),Day1
동코퇴근,"소동,쯔코",,,,,2sp,괴담에 떨어져도 출근을 해야하는구나,"전지적독자시점,어두운 바다의 등불이 되어",,김솔음,,,,일러스트,@ppang0_z,https://dongne.co/events/df2510/circles/152812,제31회 디. 페스타(토),Day1
돼지빌라,나,,,,,2sp,모브사이코 100,닥터스톤,,,카게야마 시게오X레이겐 아라타카,,,"만화,일러스트,기타",,https://dongne.co/events/df2510/circles/153607,제31회 디. 페스타(토),Day1
되면한다,무짝,,,,,1sp,블루록,가비지타임,,,나기 세이시로X미카게 레오,,,,zzaktv,https://dongne.co/events/df2510/circles/151707,제31회 디. 페스타(토),Day1
두부전골,토푸,,,,,1sp,닌타마,하이큐,,,,,,,ssamanko030,https://dongne.co/events/df2510/circles/152286,제31회 디. 페스타(토),Day1
뒹굴뒹굴,돕돕돕,,,,,2sp,던전밥,슈퍼맨,,,,,,,,https://dongne.co/events/df2510/circles/151195,제31회 디. 페스타(토),Day1
듀가자앗,바바,,,,,2sp,가비지타임,"스타레일,괴담출근",,"최종수,기상호",,로맨틱,,"일러스트,만화,게임,소설",vavaviviva00,https://dongne.co/events/df2510/circles/152321,제31회 디. 페스타(토),Day1
뚜비루비,뚭,,,,,1sp,,,,,,,,,,https://dongne.co/events/df2510/circles/151529,제31회 디. 페스타(토),Day1
러브앤문,러브앤문,,,,,2sp,,,,,,,,공예,,https://dongne.co/events/df2510/circles/152220,제31회 디. 페스타(토),Day1
레몬라떼,레몬아이스 ,,,,,2sp,포켓몬,,,,,로맨틱,,"만화,일러스트",L_1ce,https://dongne.co/events/df2510/circles/152488,제31회 디. 페스타(토),Day1
마요공방,Roro,,,,,2sp,,,,,,,,,,https://dongne.co/events/df2510/circles/152535,제31회 디. 페스타(토),Day1
맛좀봐라,"임징징이, 납돌애호가",,,,,2sp,앙상블 스타즈!! Music,,쥰히요 쁘띠존 :: 연일순정,"사자나미 쥰,토모에 히요리",사자나미 쥰X토모에 히요리,"로맨틱,섹슈얼",,소설,"@jingjinglim_,@akdrpatnwlqrk ",https://dongne.co/events/df2510/circles/151633,제31회 디. 페스타(토),Day1
망령소환,"망녕,차옹복",,,,,2sp,"히카루가 죽은 여름,니지산지,고전애니,스타레일",1차(oc),,"3SKM,니지다토카",,,,일러스트,"Boo_my_00,ongbok_0u0",https://dongne.co/events/df2510/circles/152559,제31회 디. 페스타(토),Day1
메론소다,Binna,,,,,2sp,"은혼,원피스","귀멸의칼날,오란고교호스트부,괴수8호",,"조로,사네미,나루미",서태웅X정대만,로맨틱,,일러스트,wipbinna,https://dongne.co/events/df2510/circles/152852,제31회 디. 페스타(토),Day1
모몬가즈,모구토,,,,,2sp,괴담에 떨어져도 출근을 해야 하는구나,,,,,,,,,https://dongne.co/events/df2510/circles/151276,제31회 디. 페스타(토),Day1
몽천연화,감달라,,,,,1sp,포켓몬,,,,,,,만화,gamdalla_72,https://dongne.co/events/df2510/circles/152915,제31회 디. 페스타(토),Day1
무릉도원,벽도,,,,,1sp,진혼기,"화산귀환,반월당의 기묘한 이야기,광마회귀",,"자하,설영,당보,청명",자하X설영,로맨틱,당청당,"만화,일러스트,소설",@byeokdolang,https://dongne.co/events/df2510/circles/151643,제31회 디. 페스타(토),Day1
문과배저,키우,,,,,2sp,문과라도 안 죄송한 이세계로 감,블랙배저,,,,,,"소설,사진,공예,일러스트",@hwaljaJD,https://dongne.co/events/df2510/circles/152795,제31회 디. 페스타(토),Day1
문어구이,문어구이,,,,,2sp,데뷔 못 하면 죽는 병 걸림,플레이브,,"테스타,브이틱,플레이브",,,,일러스트,@boseukkamgo ,https://dongne.co/events/df2510/circles/151772,제31회 디. 페스타(토),Day1
물리딜러,네넴,,,,,1sp,원신,,,,,,,"만화,일러스트",,https://dongne.co/events/df2510/circles/151687,제31회 디. 페스타(토),Day1
뭔가나옴,혁,,,,,1sp,,,창호기려 쁘띠존~부부사기단~,,,,,,,https://dongne.co/events/df2510/circles/152435,제31회 디. 페스타(토),Day1
바다코토,코토,,,,,2sp,나의 히어로 아카데미아,문호스트레이트독스,,"미도리야 이즈쿠,바쿠고 카츠키",,로맨틱,,,@mibk715420,https://dongne.co/events/df2510/circles/151224,제31회 디. 페스타(토),Day1
바림상점,도마도,,,,,1sp,,,,창작,,,,,,https://dongne.co/events/df2510/circles/151945,제31회 디. 페스타(토),Day1
밤비부스,밤비,,,,,2sp,,,,,,,,"만화,일러스트",vamvi_,https://dongne.co/events/df2510/circles/151179,제31회 디. 페스타(토),Day1
버터밀크,꼬묘,,,,,1sp,,,,,,,,일러스트,BUTT3R_M1LK,https://dongne.co/events/df2510/circles/151910,제31회 디. 페스타(토),Day1
번개장터,제비나비,,,,,1sp,페르소나4,,,,아다치 토오루X주인공,,,게임,@jebinabi11,https://dongne.co/events/df2510/circles/152633,제31회 디. 페스타(토),Day1
부대찌개,기뮤1,,,,,1sp,가비지타임,,,진재유,,,,"일러스트,만화",@orange_d_podo ,https://dongne.co/events/df2510/circles/151637,제31회 디. 페스타(토),Day1
빵글쭌글,동글,,,,,1sp,가비지타임,,"S4Y Y3S, 1ove.","전영중,성준수",전영중X성준수,로맨틱,,,@oO13__oO,https://dongne.co/events/df2510/circles/153115,제31회 디. 페스타(토),Day1
빵준하자,김오예,,,,,2sp,가비지타임,,"S4Y Y3S, 1ove.",성준수,전영중X성준수,,,,@Kim_ohyeah,https://dongne.co/events/df2510/circles/153042,제31회 디. 페스타(토),Day1
산지직송,강원도감자/옥수수,,,,,1sp,파판14,술탄의게임,,,,,,,,https://dongne.co/events/df2510/circles/151191,제31회 디. 페스타(토),Day1
서울구경,다혼,,,,,1sp,이세계 착각 헌터,어두운 바다의 등불이 되어,,,,,,,,https://dongne.co/events/df2510/circles/151972,제31회 디. 페스타(토),Day1
시쿠시쿠,농부,,,,,2sp,프로젝트 세카이,,,,카미시로 루이X텐마 츠카사,로맨틱,,,,https://dongne.co/events/df2510/circles/151262,제31회 디. 페스타(토),Day1
십리십리,십리,,,,,2sp,괴담에 떨어져도 출근을 해야 하는구나(괴담출근),,,,,,,,@10n_nri,https://dongne.co/events/df2510/circles/151738,제31회 디. 페스타(토),Day1
쓰까야끼,멜량,,,,,2sp,몽키키드,"닌자거북이,발더스게이트3",,"손오공,MK,레오나르도,도나텔로 등",,,,일러스트,@meliang_47,https://dongne.co/events/df2510/circles/153438,제31회 디. 페스타(토),Day1
쓰알데아,노말,,,,,1sp,Fate/Grand order,,,드림,,,,"만화,기타",@giloggye118778,https://dongne.co/events/df2510/circles/151975,제31회 디. 페스타(토),Day1
아더월드,규,,,,,2sp,괴담출근,,,최요원/김솔음/브라운,,,,,,https://dongne.co/events/df2510/circles/152012,제31회 디. 페스타(토),Day1
양갱창고,pong,,,,,1sp,창작,,이빨요정,,,,,"만화,일러스트",@p0ng90ng,https://dongne.co/events/df2510/circles/153491,제31회 디. 페스타(토),Day1
연두공방,연두,,,,,1sp,프로젝트세카이,"하츠네미쿠,니디걸,슈가슈가룬",,,,,,,green_esen,https://dongne.co/events/df2510/circles/153175,제31회 디. 페스타(토),Day1
연성술사,연성술사,,,,,2sp,괴담에 떨어져도 출근을 해야 하는구나,화산귀환,,,,,,공예,@alchemist_for,https://dongne.co/events/df2510/circles/151842,제31회 디. 페스타(토),Day1
오리연못,오리연못,,,,,2sp,,,,,,,,일러스트,@Lemon_duck_pond,https://dongne.co/events/df2510/circles/153517,제31회 디. 페스타(토),Day1
오욜체리,체리밍,,,,,2sp,프로젝트세카이,윈브레,,,,,,,@cherrymeing,https://dongne.co/events/df2510/circles/152777,제31회 디. 페스타(토),Day1
은민상점,은민,,,,,1sp,,,,,,,,일러스트,em913em,https://dongne.co/events/df2510/circles/152474,제31회 디. 페스타(토),Day1
은전한닢,연두부,,,,,1sp,괴담에 떨어져도 출근을 해야하는구나,데뷔 못하면 죽는 병,,현무1팀,,,,소설,herteabox,https://dongne.co/events/df2510/circles/152215,제31회 디. 페스타(토),Day1
종상서점,기하,,,,,2sp,가비지타임,,,최종수 기상호,,"로맨틱,섹슈얼",,"만화,소설",,https://dongne.co/events/df2510/circles/151498,제31회 디. 페스타(토),Day1
준준빵빵,샤웅,,,,,1sp,가비지타임,,준수영중 쁘띠존 ~준빵제빵소~,,,,,만화,,https://dongne.co/events/df2510/circles/153217,제31회 디. 페스타(토),Day1
쫀득빵빵,와코,,,,,1sp,가비지타임,x,준수영중 쁘띠존 ~준빵제빵소~,전영중,성준수X전영중,,,일러스트,@0_wako_0 ,https://dongne.co/events/df2510/circles/153808,제31회 디. 페스타(토),Day1
차차탑꾸,차차,,,,,2sp,,,,,,,,공예,jinnycha7281,https://dongne.co/events/df2510/circles/153767,제31회 디. 페스타(토),Day1
차칸친구,흑당,,,,,1sp,괴담출근,,,솔음 브라운 이자헌,,,,,@hy830207,https://dongne.co/events/df2510/circles/152053,제31회 디. 페스타(토),Day1
착헌내놔,젤리,,,,,1sp,이착헌,,,"김기려,레밍",박병찬X기상호,,,기타,@jelly__2222,https://dongne.co/events/df2510/circles/153332,제31회 디. 페스타(토),Day1
참깨만두,ㅎㅎ,,,,,1sp,붕괴:스타레일,,,"블레이드,경원",블레이드X경원,로맨틱,,"만화,일러스트",@U3U_hahah,https://dongne.co/events/df2510/circles/152761,제31회 디. 페스타(토),Day1
츈스찌개,cns,,,,,2sp,붕괴 스타레일,마도조사 세포신곡,,,,,,,Haruum_99,https://dongne.co/events/df2510/circles/152300,제31회 디. 페스타(토),Day1
츠무나츠,제로,,,,,1sp,앙상블스타즈,,,"아오바츠무기,사카사키나츠메",아오바 츠무기X사카사키 나츠메,"로맨틱,섹슈얼",,"소설,만화",keemzero,https://dongne.co/events/df2510/circles/153294,제31회 디. 페스타(토),Day1
합법부스,일출남,,,,,2sp,히프노시스 마이크,,,"츠츠지모리 로쇼,누루데 사사라",로쇼X사사라,"로맨틱,섹슈얼",,만화,@TlsT0RY,https://dongne.co/events/df2510/circles/153390,제31회 디. 페스타(토),Day1
화산출근,슬,,,,,2sp,괴담출근,화산귀환,,이자헌 김솔음 조걸 윤종 백천 청명,이자헌X김솔음,"로맨틱,섹슈얼","조걸윤종, 백천청명",만화,@sru0401,https://dongne.co/events/df2510/circles/152517,제31회 디. 페스타(토),Day1
회귀하라,회귀,,,,,4sp,괴담출근,가비지타임,,,,,,,,https://dongne.co/events/df2510/circles/152935,제31회 디. 페스타(토),Day1
히죽히죽,히즈리다,,,,,1sp,역전재판,,,,,,,,hizurida,https://dongne.co/events/df2510/circles/152216,제31회 디. 페스타(토),Day1
구몽가게 ,,,,,,2sp,,,,,,,,,,https://dongne.co/events/df2510/circles/151773,제31회 디. 페스타(토),Day1
아이돌만 세 장르 잡고 통장을 잃음,유타페,,,,,2sp,데뷔 못 하면 죽는 병 걸림,앙상블스타즈!!,,,,"로맨틱,섹슈얼",,,,https://dongne.co/events/df2510/circles/151184,제31회 디. 페스타(토),Day1
아이보란 무...,샴개,,,,,2sp,프로젝트 세카이,리버스1999,,"시노노메아키토,아오야기토우야",아키토X토우야,로맨틱,,"소설,일러스트",,https://dongne.co/events/df2510/circles/151494,제31회 디. 페스타(토),Day1
게게게의 부스,Rok,,,,,2sp,게게게의 키타로,,,"키타로,게게로,이와코,미즈키",,로맨틱,키타미즈,"만화,공예",rok00713,https://dongne.co/events/df2510/circles/153060,제31회 디. 페스타(토),Day1
괴담토끼 등장,토끼,,,,,4sp,괴담출근,,,김솔음,,,,일러스트,,https://dongne.co/events/df2510/circles/153595,제31회 디. 페스타(토),Day1
미지근한 동인,아모,,,,,1sp,마법사의 약속,앙상블 스타즈,마호야쿠 쁘띠존 : 현자의 마법관 ~한국 지부~,,샤일록X무르,"로맨틱,섹슈얼",,,,https://dongne.co/events/df2510/circles/151446,제31회 디. 페스타(토),Day1
부스명은 명명,푸딩,,,,,2sp,최후의 금빛아이,,,록시 마르시아,샨 트리네트X록시 마르시아,로맨틱,,소설,,https://dongne.co/events/df2510/circles/151759,제31회 디. 페스타(토),Day1
스튜디오 묘니,스튜디오묘니,,,,,2sp,,,,포밍이와 친구들,,,,,studio_myoni,https://dongne.co/events/df2510/circles/152375,제31회 디. 페스타(토),Day1
에일리언 티룸,민초,,,,,2sp,"이세계 착각 헌터,배트맨",트랜스포머,,"김기려,배트맨",강창호X김기려,로맨틱,,,bingsu_up_N,https://dongne.co/events/df2510/circles/151168,제31회 디. 페스타(토),Day1
옥바라지 부스,SHUSHU,,,,,1sp,블루록,,,,나기 세이시로X미카게 레오,,,,@shushu__0000,https://dongne.co/events/df2510/circles/153045,제31회 디. 페스타(토),Day1
이이요의 망령,타리,,,,,1sp,아이돌리쉬 세븐,,,"모모,유키(리바레NCP)",,,,만화,inakunattari,https://dongne.co/events/df2510/circles/153364,제31회 디. 페스타(토),Day1
청색거성 합사,왈라,,,,,1sp,블루 자이언트,이세계 착한 헌터,,미야모토 다이,,,,"만화,일러스트",,https://dongne.co/events/df2510/circles/151605,제31회 디. 페스타(토),Day1
퇴사하고 싶다,똥응,,,,,1sp,"엘소드,리그오브레전드,괴담출근",,,,,,,게임,,https://dongne.co/events/df2510/circles/152176,제31회 디. 페스타(토),Day1
오시끼리 친한 조합,파슬리,,,,,1sp,마법사의 약속,,마호야쿠 쁘띠존 : 현자의 마법관 ~한국 지부~,,,,,,@pasullli,https://dongne.co/events/df2510/circles/152520,제31회 디. 페스타(토),Day1
부스라고 쓰고 슈뢰딩거의 마감일정이라고 읽는,마루,,,,,2sp,타입문,메기도72,,,,,,소설,,https://dongne.co/events/df2510/circles/151882,제31회 디. 페스타(토),Day1
공항에서 만나요,"24, 태성",,,,,2sp,주술회전,,,"고죠 사토루,게토 스구루",고죠 사토루X게토 스구루,로맨틱,,"만화,소설",@2424wkr,https://dongne.co/events/df2510/circles/151569,제31회 디. 페스타(토),Day1
괴담보다 담걸림,뭉구,,,,,2sp,괴담에 떨어져도 출근을 해야 하는구나,,,,,,,,@moongguyam,https://dongne.co/events/df2510/circles/153461,제31회 디. 페스타(토),Day1
도마뱀의 보물함,해룡,,,,,2sp,,,,,,,,,,https://dongne.co/events/df2510/circles/151177,제31회 디. 페스타(토),Day1
돌아가는 길에서,행,,,,,2sp,검은방회색도시베스타,,어떤방 무슨도시 어드메스타즈 올앳원스,,,,,게임,,https://dongne.co/events/df2510/circles/153004,제31회 디. 페스타(토),Day1
두철이와 어쩔이,두철,,,,,2sp,헌터헌터,,,키르아,,,,,"ducheori, sowhat_hunter",https://dongne.co/events/df2510/circles/151490,제31회 디. 페스타(토),Day1
문로드도 길이다,챌,,,,,2sp,마법사의 약속,,마호야쿠 쁘띠존 : 현자의 마법관 ~한국 지부~,,,,,,@AP0PHYL1TE,https://dongne.co/events/df2510/circles/152307,제31회 디. 페스타(토),Day1
미스테리 스무디,오예스,,,,,2sp,"회색도시,검은방",베리드 스타즈,어떤방 무슨도시 어드메스타즈 올앳원스,"하무열,류태현,허강민,양수연",주정재X누아남(정은창),섹슈얼,정재현석,,@w_Csi_05,https://dongne.co/events/df2510/circles/153020,제31회 디. 페스타(토),Day1
미인공과 아기공,데미소다,,,,,2sp,프로젝트 세카이,,,,카미시로 루이X텐마 츠카사,,"토우아키,렌카이",만화,,https://dongne.co/events/df2510/circles/152860,제31회 디. 페스타(토),Day1
부랑자와 칠칠이,얼렁뚱땅,,,,,2sp,모브사이코,용과같이,,레이겐/에쿠보/한준기/선희,에쿠보X레이겐,로맨틱,한준기x선희,"만화,일러스트",,https://dongne.co/events/df2510/circles/153644,제31회 디. 페스타(토),Day1
최애장르 전시회,연어마요,,,,,1sp,파이널판타지14,,,,,,,,,https://dongne.co/events/df2510/circles/151744,제31회 디. 페스타(토),Day1
호밀빵의 밀수꾼,호밀,,,,,1sp,프로젝트세카이,,,,,,,일러스트,@homilpain,https://dongne.co/events/df2510/circles/151358,제31회 디. 페스타(토),Day1
후지와라 두부점 ,포비 ,,,,,1sp,"이니셜디d,1차창작",,,,,,,일러스트,Pobbbpsa,https://dongne.co/events/df2510/circles/153875,제31회 디. 페스타(토),Day1
후지와라 두부점 ,우,,,,,1sp,이니셜d,,,,,,,만화,,https://dongne.co/events/df2510/circles/152480,제31회 디. 페스타(토),Day1
보라빨강 나오는 부스,이노,,,,,2sp,엘소드,,,"엘소드,애드,아이샤,엘리시스",애드X엘소드,"해당없음,로맨틱",아이샤x엘리시스,"일러스트,만화",@PURPLExRED_,https://dongne.co/events/df2510/circles/151850,제31회 디. 페스타(토),Day1
염사헌은 뭐라고 울까요,포치,,,,,1sp,괴담에 떨어져도 출근을 해야 하는구나,오오에,,"김솔음,백사헌,오오사키,아리아케",,로맨틱,,일러스트, @____0x0c,https://dongne.co/events/df2510/circles/152041,제31회 디. 페스타(토),Day1
신이나서 마지막 마감을 던졌다.,시나,,,,,1sp,가비지타임,,"S4Y Y3S, 1ove.",,전영중X성준수,,,,.,https://dongne.co/events/df2510/circles/153055,제31회 디. 페스타(토),Day1
귀여워도 출근을 해야하는구나,04,,,,,2sp,괴담출근,,,,고죠 사토루X게토 스구루,해당없음,,,04_0IV,https://dongne.co/events/df2510/circles/152577,제31회 디. 페스타(토),Day1
마라탕에 세포추가,세미돌,,,,,2sp,"세포신곡,인사반파자구계통",나소흑전기,,,우츠기 노리유키X하츠토리 하지메,,낙빙하X심청추,,hehesmm,https://dongne.co/events/df2510/circles/153047,제31회 디. 페스타(토),Day1
반짝이는 마법상점,고래별,,,,,2sp,해리포터,,,,,,,,,https://dongne.co/events/df2510/circles/152155,제31회 디. 페스타(토),Day1
쏘아올린 새우튀김,Lusy,,,,,2sp,Nu: carnival,,,에이트 야쿠모 블레이드 케시 큐야,,,,"공예,조형",,https://dongne.co/events/df2510/circles/151915,제31회 디. 페스타(토),Day1
역전하고 패륜하고,아히,,,,,1sp,역전재판,하데스(Hades),,"나루호도 류이치,미츠루기 레이지,자그레우스,타나토스",나루호도 류이치X미츠루기 레이지,"로맨틱,섹슈얼",자그탄,소설,@AAHI_12,https://dongne.co/events/df2510/circles/153564,제31회 디. 페스타(토),Day1
우리동네 적폐대장,적장,,,,,1sp,프로젝트 세카이,,,"카미시로 루이,텐마 츠카사",카미시로 루이X텐마 츠카사,로맨틱,,,@JJ_goodjob,https://dongne.co/events/df2510/circles/151451,제31회 디. 페스타(토),Day1
우리장르 대박나리,토파랑색,,,,,2sp,누카니발,,,에이트,,,,만화,,https://dongne.co/events/df2510/circles/153804,제31회 디. 페스타(토),Day1
퇴사하고 솔최하기,키리에,,,,,2sp,괴담에 떨어져도 출근을 해야 하는구나,,,,김솔음X최요원,,,,@Kyrieha1e,https://dongne.co/events/df2510/circles/151513,제31회 디. 페스타(토),Day1
파랑으로 대동단결,BB,,,,,2sp,플레이브,가비지타임,,,,,,,,https://dongne.co/events/df2510/circles/151412,제31회 디. 페스타(토),Day1
게이트가 열렸는데 왜 짱려를 낋여,푸딩,,,,,1sp,이세계 착각 헌터,,창호기려 쁘띠존~부부사기단~,"강창호,김기려",강창호X김기려,"로맨틱,섹슈얼",,"소설,만화,일러스트",@haeeun1180742,https://dongne.co/events/df2510/circles/151987,제31회 디. 페스타(토),Day1
아이보를 사랑하는 건에 대하여,아샤,,,,,1sp,프로젝트 세카이,페르소나5,,아오야기 토우야,시노노메 아키토X아오야기 토우야,"로맨틱,섹슈얼",아케치 고로 x 아마미야 렌(주인공),"만화,일러스트",@asha_prsk,https://dongne.co/events/df2510/circles/152631,제31회 디. 페스타(토),Day1
동성애에 정신나간 수색대,양서류,,,,,2sp,엘소드,,,청,,,,게임,amphibia_E,https://dongne.co/events/df2510/circles/151894,제31회 디. 페스타(토),Day1
해저기지 입사면접 스터디,환,,,,,2sp,어두운 바다의 등불이 되어,,,,신해량X박무현,"로맨틱,섹슈얼",,,,https://dongne.co/events/df2510/circles/152128,제31회 디. 페스타(토),Day1
마피아랑 히어로랑 주술사랑 싸우면 누가 이겨요,"허거덩, 도로보, 사과",,,,,2sp,니지산지,,,"후우라 카나토,호시루베 쇼,키타미 유우세이,VOLTACTION,MECHATU-A,3SKM",,,,일러스트,otomuot,https://dongne.co/events/df2510/circles/153768,제31회 디. 페스타(토),Day1
히어로가 당가에서 해적질하면 안 되는 걸까,"새부리, 파파",,,,,2sp,화산귀환,"원피스,Adelta",,"에이스,당보,아키라,쇼타로",,해당없음,,일러스트,"asebury, FappaaF5",https://dongne.co/events/df2510/circles/151129,제31회 디. 페스타(토),Day1
떨어져라 닌자혜성!,톰토마스,,,,,1sp,닌타마 란타로,,,닌타마 5학년,,,,"만화,일러스트",@tomtomas_0924,https://dongne.co/events/df2510/circles/153494,제31회 디. 페스타(토),Day1
맘마재림 천마미아!,영감,,,,,2sp,천마는 아이돌이 되었다,,,,,,,"소설,만화",@High_gji,https://dongne.co/events/df2510/circles/151461,제31회 디. 페스타(토),Day1
너굴냥이 도시락가게,빵심당 431호점,,,,,2sp,가비지타임,,"S4Y Y3S, 1ove.","전영중,성준수",전영중X성준수,해당없음,,,bbangsimdang,https://dongne.co/events/df2510/circles/153325,제31회 디. 페스타(토),Day1
룩키마트 미아보관소,삼오,,,,,4sp,괴담출근,이착헌,,,,,,,@otodrive33,https://dongne.co/events/df2510/circles/152479,제31회 디. 페스타(토),Day1
빠앙하고 울어버렸어,영양사,,,,,2sp,가비지타임,,"S4Y Y3S, 1ove.",,,"로맨틱,섹슈얼",,만화,,https://dongne.co/events/df2510/circles/151560,제31회 디. 페스타(토),Day1
사사로운 재난관리국,SASA,,,,,2sp,괴담출근,,,,,,,,,https://dongne.co/events/df2510/circles/151366,제31회 디. 페스타(토),Day1
요철대회 듀얼리스트,목캔디맛 민트,,,,,1sp,"유희왕(DM/GX/5Ds/Zexal),요철세계",모리멘스,,올캐러,미자엘X텐조 카이토,로맨틱,,"일러스트,소설",MokMintLuvAOTU,https://dongne.co/events/df2510/circles/153370,제31회 디. 페스타(토),Day1
동인실직 짱려노숙자 조합,"시이넬, 김머리, 모카, 묭",,,,,2sp,이세계착각헌터,,창호기려 쁘띠존~부부사기단~,"강창호,김기려",강창호X김기려,"로맨틱,섹슈얼",,"소설,기타,일러스트",@SSiynel20544,https://dongne.co/events/df2510/circles/153635,제31회 디. 페스타(토),Day1
무대에서 내려왔는데 집이 없어짐,와핀,,,,,1sp,베리드 스타즈,,어떤방 무슨도시 어드메스타즈 올앳원스,,이규혁X한도윤,로맨틱,우석도윤,소설,@WAFX1nqq,https://dongne.co/events/df2510/circles/152721,제31회 디. 페스타(토),Day1
키타가와 유스케에게 밥을 사주기 위한 부스,란가,,,,,2sp,페르소나5,"페르소나 3,4,메타포,진 여신 전생5V",,키타가와 유스케,주인공X키타가와 유스케,해당없음,"주하나, 주아케, 햄아이, 주아이","일러스트,만화",@coroin_dgx,https://dongne.co/events/df2510/circles/151488,제31회 디. 페스타(토),Day1
히요리가 허릿짓하면 쥰은 앙이라고 함 근데 쥰히요임,기앙,,,,,1sp,앙상블 스타즈!! Music,,쥰히요 쁘띠존 :: 연일순정,"사자나미 쥰,토모에 히요리",사자나미 쥰X토모에 히요리,로맨틱,,"만화,일러스트,기타",giang_jh,https://dongne.co/events/df2510/circles/153739,제31회 디. 페스타(토),Day1
어떻게든 해봤습니다 아마?,서연,,,,,1sp,데뷔 못 하면 죽는 병 걸림,,,"류건우,박문대,청려(신재현) 등",,"로맨틱,섹슈얼","청려문대, 래빈문대, 그 외 건우른, 문대른",,@SY_Ti_viewer,https://dongne.co/events/df2510/circles/151471,제31회 디. 페스타(토),Day1
검은머리 주인공들을 좋아해서 세상이 다 좋아진 이야기,단풍,,,,,2sp,괴담출근,,,,,,,"일러스트,기타",@choungchoung,https://dongne.co/events/df2510/circles/153135,제31회 디. 페스타(토),Day1
"이든하준, 이든(착한, 어진) 하준",윤슬,,,,,2sp,초심 잃은 아이돌을 위한 회귀 백서,,이제는 Fxxking 날조가 아니라 real CP를 하고싶다,"윤이든,견하준,류재희,김도빈,서예현",윤이든X견하준,로맨틱,,"소설,일러스트,공예",@yunseul_1412,https://dongne.co/events/df2510/circles/152111,제31회 디. 페스타(토),Day1
"도와줘요, 마카롱 김치찌개!",멋쟁이토마토,,,,,1sp,가비지타임,"사이퍼즈,마도조사,초심돌",,,성준수X기상호,로맨틱,,,@todaysTOMATO,https://dongne.co/events/df2510/circles/151430,제31회 디. 페스타(토),Day1
정신차려!! 어..? 정신.. 창려.....?,강현,,,,,1sp,이세계 착각 헌터,,창호기려 쁘띠존~부부사기단~,"강창호,김기려",강창호X김기려,로맨틱,,소설,@_blue_milky_way ,https://dongne.co/events/df2510/circles/152090,제31회 디. 페스타(토),Day1
회르소나!!!,어묵탕,,,,,2sp,"회색도시,페르소나",원피스,어떤방 무슨도시 어드메스타즈 올앳원스,,모치즈키 료지X여주인공,해당없음,"정재누아, 파로햄","일러스트,기타",@nagseogye__,https://dongne.co/events/df2510/circles/152503,제31회 디. 페스타(토),Day1
하롱살롱/겨울의꿈,하롱살롱,,,,,4sp,,,,,,,,"공예,조형",,https://dongne.co/events/df2510/circles/151401,제31회 디. 페스타(토),Day1
중얼중얼..,오지,,,,,2sp,,,,,,,,,,https://dongne.co/events/df2510/circles/151336,제31회 디. 페스타(토),Day1
경단경단해,쿵,,,,,1sp,붕괴 스타레일,,,"경원,단항",경원X단항,,,,@Kung_hesso,https://dongne.co/events/df2510/circles/152151,제31회 디. 페스타(토),Day1
경단공작소,능이,,,,,2sp,붕괴스타레일,,,,경원X단항,로맨틱,,"만화,일러스트",,https://dongne.co/events/df2510/circles/151187,제31회 디. 페스타(토),Day1
경단보급소,휴,,,,,1sp,붕괴:스타레일,,,"경원,단항",경원X단항,로맨틱,,만화,,https://dongne.co/events/df2510/circles/152049,제31회 디. 페스타(토),Day1
경단제작소,류논,,,,,2sp,붕괴:스타레일,,,,경원X단항,로맨틱,,"소설,만화",,https://dongne.co/events/df2510/circles/151116,제31회 디. 페스타(토),Day1
괴수데이즈,grea94,,,,,1sp,"괴수8호,사카모토데이즈",,,"아사쿠라신,호시나",,"로맨틱,해당없음","나구신, 나츠신",일러스트,@pongpong0725,https://dongne.co/events/df2510/circles/151858,제31회 디. 페스타(토),Day1
닌자수집가,공마,,,,,2sp,"닌자보이 란타로,닌타마",,,,,,,,,https://dongne.co/events/df2510/circles/151320,제31회 디. 페스타(토),Day1
도깨비상점,도깨비상점,,,,,2sp,,,,,,,,공예,kkebistore,https://dongne.co/events/df2510/circles/152046,제31회 디. 페스타(토),Day1
뒷산한계점,쟈근곰,,,,,2sp,프로젝트세카이,,,"아오야기 토우야,시노노메 아키토",아오야기 토우야X시노노메 아키토,"로맨틱,섹슈얼",토우아키,"만화,일러스트",,https://dongne.co/events/df2510/circles/151363,제31회 디. 페스타(토),Day1
마감합시다,ST,,,,,2sp,이세계착각헌터,데뷔 못 하면 죽는 병 걸림,,"강창호,김기려 등",,로맨틱,,"만화,일러스트",@0515x0622,https://dongne.co/events/df2510/circles/152349,제31회 디. 페스타(토),Day1
먹다만우동,순두부우동,,,,,1sp,붕괴 스타레일,,,,경원X블레이드,,파이논x아낙사,"만화,일러스트",,https://dongne.co/events/df2510/circles/152021,제31회 디. 페스타(토),Day1
무료연개최,oo,,,,,1sp,마법사의 약속,,마호야쿠 쁘띠존 : 현자의 마법관 ~한국 지부~,,,,,,,https://dongne.co/events/df2510/circles/152153,제31회 디. 페스타(토),Day1
무서운부스,모개,,,,,2sp,페이트/그랜드 오더,,,,,,,,@mogae_1030 @moyamero99 @dusung_h,https://dongne.co/events/df2510/circles/152512,제31회 디. 페스타(토),Day1
불행금지령,게,,,,,1sp,검은방,대역전재판,어떤방 무슨도시 어드메스타즈 올앳원스,장혜진 서준용,,해당없음,,만화,@9105_Y,https://dongne.co/events/df2510/circles/153422,제31회 디. 페스타(토),Day1
빠아아앙준,ㅂㅂ,,,,,2sp,,,"S4Y Y3S, 1ove.",,전영중X성준수,로맨틱,,,,https://dongne.co/events/df2510/circles/151220,제31회 디. 페스타(토),Day1
빵준사물함,chamslog,,,,,1sp,가비지타임,,"S4Y Y3S, 1ove.",,전영중X성준수,"로맨틱,섹슈얼",,만화,,https://dongne.co/events/df2510/circles/153819,제31회 디. 페스타(토),Day1
사이다☆별,자몽,,,,,2sp,"명문고 EX급 조연의 리플레이,괴담에 떨어져도 출근을 해야 하는구나",데뷔를 못하면 죽는 병에 걸림,,"명급리 조의신,괴담출근 김솔음",,,,일러스트,@_zm42da,https://dongne.co/events/df2510/circles/151289,제31회 디. 페스타(토),Day1
심해연구소,YUNAK,,,,,2sp,어두운 바다의 등불이 되어,,,신해량 박무현,신해량X박무현,로맨틱,,만화,@HQ_YUNAK,https://dongne.co/events/df2510/circles/152781,제31회 디. 페스타(토),Day1
앙금코믹스,앙금코믹스,,,,,1sp,,,이빨요정,,,,,,,https://dongne.co/events/df2510/circles/153836,제31회 디. 페스타(토),Day1
예나디자인,예나,,,,,2sp,,,,,,,,,,https://dongne.co/events/df2510/circles/152163,제31회 디. 페스타(토),Day1
오렌지포켓,오렌지포켓,,,,,2sp,루오와 친구들,,,루오,,,,,,https://dongne.co/events/df2510/circles/153500,제31회 디. 페스타(토),Day1
이것뭐에요,소다비,,,,,1sp,닌자보이 란타로,수공예,,,,,,,@sodabubbly,https://dongne.co/events/df2510/circles/152679,제31회 디. 페스타(토),Day1
잡덕잡화점,명운,,,,,1sp,"데뷔 못하면 죽는 병 걸림,가비지타임","괴담에 떨어져도 출근을 해야하는구나,은혼",,"김솔음,최요원,류재관,최종수,기상호,박문대",,로맨틱,,"일러스트,만화",@_myung_ll,https://dongne.co/events/df2510/circles/153835,제31회 디. 페스타(토),Day1
장르엑스포,제토,,,,,2sp,"프로젝트 세카이,역전재판",세포신곡,,,텐마 츠카사X오오토리 에무,,,,@zetoee,https://dongne.co/events/df2510/circles/152209,제31회 디. 페스타(토),Day1
재관난리국,염,,,,,2sp,괴담에 떨어져도 출근을 해야 하는구나,,,,,,,일러스트,@YUM_606,https://dongne.co/events/df2510/circles/152841,제31회 디. 페스타(토),Day1
좋아하는거,햅띠,,,,,1sp,가비지타임,닥터스톤,,성준수,성준수X전영중,로맨틱,,만화,@heptti,https://dongne.co/events/df2510/circles/152870,제31회 디. 페스타(토),Day1
준빵이친다,Cookie,,,,,2sp,가비지타임,,준수영중 쁘띠존 ~준빵제빵소~,"성준수,전영중",성준수X전영중,,,,@Cookie_oven_ATM,https://dongne.co/events/df2510/circles/153759,제31회 디. 페스타(토),Day1
진티엔리밍,진티엔리밍,,,,,1sp,플레이브,,,,,,,,⁦‪@jintian_liming‬⁩,https://dongne.co/events/df2510/circles/153470,제31회 디. 페스타(토),Day1
짱려주세요,"숯불구이, 꿈틀",,,,,2sp,이세계착각헌터,,창호기려 쁘띠존~부부사기단~,"강창호,김기려",강창호X김기려,해당없음,,소설,"@souffle_roast, @KKUM_TEUL",https://dongne.co/events/df2510/circles/153655,제31회 디. 페스타(토),Day1
짱스타카긴,인천솔져,,,,,2sp,앙스타,"짱,은혼,쿵후보이 친미",,,,해당없음,,만화,,https://dongne.co/events/df2510/circles/153771,제31회 디. 페스타(토),Day1
차력쇼타임,파키,,,,,2sp,가비지타임,,,"전영중,성준수",,로맨틱,,만화,,https://dongne.co/events/df2510/circles/152644,제31회 디. 페스타(토),Day1
카키고오리,고노스게,,,,,2sp,윈브레,,,,,,,,,https://dongne.co/events/df2510/circles/151189,제31회 디. 페스타(토),Day1
파랑동구리,파동,,,,,2sp,보컬로이드,프로젝트세카이,,카이토,,,,,,https://dongne.co/events/df2510/circles/151347,제31회 디. 페스타(토),Day1
팔도비빔넴,쌍팔이,,,,,1sp,괴담에 떨어져도 출근을 해야하는구나,"이세계착각헌터,데뷔 못하면 죽는 병걸림",,김솔음 최요원 브라운 이성해 김기려 등,,,,공예,@non_human00,https://dongne.co/events/df2510/circles/151763,제31회 디. 페스타(토),Day1
사탕바구니 ,캔디,,,,,2sp,쿠로코의 농구,모브사이코100,,마유즈미 치히로,,,,,,https://dongne.co/events/df2510/circles/151090,제31회 디. 페스타(토),Day1
미스티쉬와 져배,remmnoth0728,,,,,2sp,,,,,,,,,,https://dongne.co/events/df2510/circles/151774,제31회 디. 페스타(토),Day1
슈뢰딩거의 부스,Naf,,,,,1sp,주술회전,,,"고죠 사토루,게토 스구루",고죠 사토루X게토 스구루,로맨틱,,"만화,소설,일러스트",,https://dongne.co/events/df2510/circles/153021,제31회 디. 페스타(토),Day1
츠나시즈의 반란,May C/마님,,,,,2sp,나루토,,,"츠나데,시즈네",,,,"만화,소설",@sm6952,https://dongne.co/events/df2510/circles/152961,제31회 디. 페스타(토),Day1
폭탄개구리 게임,이프릿,,,,,2sp,마법사의약속,,마호야쿠 쁘띠존 : 현자의 마법관 ~한국 지부~,"오웬,미스라",미스라X오웬,,,만화,epris_cer,https://dongne.co/events/df2510/circles/153577,제31회 디. 페스타(토),Day1
비전공자의 인생 최후 끌어치기,백경,,,,,2sp,이세계 착각헌터,"괴담출근,의원 다시 살다,포스터가 36번지에는 괴물이 산다",,,,로맨틱,찐왹(찐기려×왹기려),소설,@_Backkyung_,https://dongne.co/events/df2510/circles/153603,제31회 디. 페스타(토),Day1
정지선준수 촬영중,F!VE,,,,,1sp,가비지타임,,준수영중 쁘띠존 ~준빵제빵소~,준수영중,준수X영중,,,"만화,공예",@fiveee_eee,https://dongne.co/events/df2510/circles/153061,제31회 디. 페스타(토),Day1
자제분에게 자제가 안 되세요? ,식,,,,,2sp,블랙배저,,,"힐데베르트 탈레브,이예현",,"섹슈얼,로맨틱",,소설,,https://dongne.co/events/df2510/circles/151636,제31회 디. 페스타(토),Day1
원더호이의 무서운 저주,"^^,B",,,,,2sp,프로젝트 세카이,,,,,,,,,https://dongne.co/events/df2510/circles/151723,제31회 디. 페스타(토),Day1
가면마법사 가면을 뺏으면 그냥마법사,함뜨,,,,,2sp,크법사,,,,,,,,@hamth123456,https://dongne.co/events/df2510/circles/152039,제31회 디. 페스타(토),Day1
세카이에서 사랑을 노래하다,향,,,,,2sp,프로젝트세카이,,,,카가미네 렌XKAITO,로맨틱,"루이츠카, 토우아키",,,https://dongne.co/events/df2510/circles/151393,제31회 디. 페스타(토),Day1
타코야끼를 반으로 나눠먹어본적잇나요?,AiNA,,,,,2sp,니지산지,,,,,,,,nandemonai2i2,https://dongne.co/events/df2510/circles/153059,제31회 디. 페스타(토),Day1
단나사마와 섹시색시,유우,,,,,2sp,카리스마 하우스,,SOS! Sweets OR Sexy ,"이토 후미야,텐도 아마히코",이토 후미야X텐도 아마히코,로맨틱,,"만화,일러스트",@Youwoo_genre,https://dongne.co/events/df2510/circles/152936,제31회 디. 페스타(토),Day1
아이보에서 여보까지,청월,,,,,2sp,프로젝트 세카이 컬러풀 스테이지!,,,,아키토X토우야,로맨틱,,,@zzinma__,https://dongne.co/events/df2510/circles/151827,제31회 디. 페스타(토),Day1
진티엔리밍 비녀부스,진티엔리밍,,,,,2sp,괴수8호,윈드브레이커,,,,,,,@jintian_liming_,https://dongne.co/events/df2510/circles/151970,제31회 디. 페스타(토),Day1
열밤뒤에는 같장르해요,밤밤,,,,,2sp,괴담에 떨어져도 출근을 해야 하는구나,"빛과 밤의 사랑,어두운 바다의 등불이 되어,데뷔 못 하면 죽는 병 걸림",,"김솔음,고영은,백사헌,차이수,신해량,박무현",,로맨틱,-,"만화,일러스트,소설",@bambam_chao,https://dongne.co/events/df2510/circles/152579,제31회 디. 페스타(토),Day1
해피엔딩은 멀티버스뿐,날Nal,,,,,2sp,"트랜스포머,스타워즈",슬램덩크,,,,,,소설,@null_naaall,https://dongne.co/events/df2510/circles/151170,제31회 디. 페스타(토),Day1
무명찬란교 서울남부지회,9999,,,,,2sp,괴담출근,,,,,,,,@_9_999,https://dongne.co/events/df2510/circles/151603,제31회 디. 페스타(토),Day1
준빵제빵소(주최부스),IRI,,,,,2sp,가비지타임,,준수영중 쁘띠존 ~준빵제빵소~,"성준수,전영중",성준수X전영중,로맨틱,,"만화,일러스트,소설",@jsyjbaker,https://dongne.co/events/df2510/circles/152883,제31회 디. 페스타(토),Day1
천박한게임(천장박치기),바늘,,,,,1sp,마법사의 약속,프로젝트 세카이 컬러풀 스테이지,마호야쿠 쁘띠존 : 현자의 마법관 ~한국 지부~,무르 하트,미스라X루틸,로맨틱,"샤일록x무르, 아키토+미즈키, 카인x오웬","소설,일러스트",@n_ee_dLe,https://dongne.co/events/df2510/circles/152063,제31회 디. 페스타(토),Day1
굿즈팔이소녀,민디,,,,,1sp,"데못죽,괴담출근",,,,,,,,mindy_cmt,https://dongne.co/events/df2510/circles/151515,제31회 디. 페스타(토),Day1
대머리깎아라,빡,,,,,2sp,가비지타임,,"S4Y Y3S, 1ove.","전영중,성준수",,로맨틱,,만화,@a9cfhwkdu,https://dongne.co/events/df2510/circles/153792,제31회 디. 페스타(토),Day1
도파민중독자,중독쟈,,,,,1sp,,,,,,,,,@_cnzk12,https://dongne.co/events/df2510/circles/151436,제31회 디. 페스타(토),Day1
두부크림전골,나무,,,,,2sp,누카니발,플레이브,,,,,,"만화,일러스트",,https://dongne.co/events/df2510/circles/151429,제31회 디. 페스타(토),Day1
딥블루상어뼈,상어,,,,,2sp,어두운 바다의 등불이 되어,,,박무현,,해당없음,,만화,@sharks_line2,https://dongne.co/events/df2510/circles/153320,제31회 디. 페스타(토),Day1
맡구야마감해,짤,,,,,2sp,,,,,,,,,,https://dongne.co/events/df2510/circles/151690,제31회 디. 페스타(토),Day1
매생이전복죽,Gretchen,,,,,1sp,리그오브레전드,,,"아케인,하트스틸",,,,"일러스트,게임,만화",@jidong_k,https://dongne.co/events/df2510/circles/151202,제31회 디. 페스타(토),Day1
뭐가나옮가요,소금이야,,,,,1sp,,,,,,,,,@soo_geum_,https://dongne.co/events/df2510/circles/152715,제31회 디. 페스타(토),Day1
뭐라도하겠지,악개,,,,,2sp,가비지타임,블랙배저,,성준수,성준수X기상호,"로맨틱,해당없음",,만화,@Life_ejrwlf,https://dongne.co/events/df2510/circles/153138,제31회 디. 페스타(토),Day1
발등튀김뷔페,플레인요거트,,,,,2sp,뉴카니발,,,,단테X에이트,로맨틱,,만화,@waomlette,https://dongne.co/events/df2510/circles/151703,제31회 디. 페스타(토),Day1
보다스페이스,BODASPACE,,,,,1sp,,,,,,,,,@bodaspace_store,https://dongne.co/events/df2510/circles/152623,제31회 디. 페스타(토),Day1
봄봄스튜디오,아사,,,,,1sp,플레이브,데못죽,,,,,,,@BOMBOM_asa,https://dongne.co/events/df2510/circles/152501,제31회 디. 페스타(토),Day1
부스명모하지,이현,,,,,2sp,어두운바다의 등불이되어,화산귀환 괴담출근,,,,,,"만화,일러스트,공예",for_mememe,https://dongne.co/events/df2510/circles/151214,제31회 디. 페스타(토),Day1
부스하셨스타,낙수,,,,,1sp,포켓몬스터,,,스타단,,,,"일러스트,소설",@teamstarisgajok,https://dongne.co/events/df2510/circles/152343,제31회 디. 페스타(토),Day1
붕붕방바라방,냐,,,,,2sp,,,,,,,,만화,.,https://dongne.co/events/df2510/circles/152821,제31회 디. 페스타(토),Day1
서울도시공사,"도시괴담, 시공",,,,,2sp,"블루록,페이트/그랜드 오더",아이실드21,,,나기 세이시로X미카게 레오,로맨틱,,,"@toshikaidan, @IlIIIIIIIIlllI",https://dongne.co/events/df2510/circles/152927,제31회 디. 페스타(토),Day1
아무생각없음,지옥이,,,,,2sp,"괴담출근,이착헌",,,주인공 위주 올캐러,,,,,,https://dongne.co/events/df2510/circles/153573,제31회 디. 페스타(토),Day1
얼레벌레부스,합,,,,,1sp,니지산지,"아이나나,프로세카",,"볼택션,메챠츠에",,,,"기타,일러스트",,https://dongne.co/events/df2510/circles/151887,제31회 디. 페스타(토),Day1
역사테마기행,루피고무펀치,,,,,2sp,페이트,"닌타마,천관사복",,"솔로몬,사청현,하현,젠포우지 이사쿠,케마 토메사부로",,로맨틱,지풍,만화,@luffygomupunch,https://dongne.co/events/df2510/circles/153523,제31회 디. 페스타(토),Day1
외눈박이마을,졯,,,,,2sp,닌타마,"페르소나,리그오브레전드,회색도시,천관사복,이세계착각헌터,가비지타임",,,,,,"게임,만화",@kimnoyes__,https://dongne.co/events/df2510/circles/153853,제31회 디. 페스타(토),Day1
이상한마법사,둘기,,,,,2sp,마법사의약속,,마호야쿠 쁘띠존 : 현자의 마법관 ~한국 지부~,,,,,,,https://dongne.co/events/df2510/circles/153105,제31회 디. 페스타(토),Day1
적먹적먹적먹,창구,,,,,2sp,쿠로코의 농구,,,아카시 마유즈미,아카시 세이쥬로X마유즈미 치히로,로맨틱,,만화,,https://dongne.co/events/df2510/circles/153396,제31회 디. 페스타(토),Day1
창호랑기려랑,"점, 토란",,,,,2sp,이세계 착각 헌터,,창호기려 쁘띠존~부부사기단~,"강창호,김기려",강창호X김기려,,,,,https://dongne.co/events/df2510/circles/153346,제31회 디. 페스타(토),Day1
춥다리아줌마,줌깅이,,,,,1sp,스타레일,,,"레이시오,어벤츄린",레이시오X어벤츄린,로맨틱,,만화,udeudede,https://dongne.co/events/df2510/circles/151277,제31회 디. 페스타(토),Day1
파라데이소스,아이작,,,,,1sp,,,,,,,,,isac0714,https://dongne.co/events/df2510/circles/153398,제31회 디. 페스타(토),Day1
해저햄져기지,햄쿠쿠,,,,,1sp,어두운 바다의 등불이 되어,,,"신해량,박무현",신해량X박무현,로맨틱,,만화,@Hamkuku_sea,https://dongne.co/events/df2510/circles/152169,제31회 디. 페스타(토),Day1
혈중배신농도,유실물센터,,,,,2sp,"베리드 스타즈,골든카무이,회색도시1,2",,어떤방 무슨도시 어드메스타즈 올앳원스,"이규혁,오가타,유사쿠,신승연,츠루미,장세일,츠키시마 외",주정재X누아남,,,소설,@ulsangaesaekki,https://dongne.co/events/df2510/circles/153735,제31회 디. 페스타(토),Day1
호얀스튜디오,호얀,,,,,1sp,,,,,,,,일러스트,,https://dongne.co/events/df2510/circles/151163,제31회 디. 페스타(토),Day1
다이아몬드의 청춘,baby,,,,,2sp,다이아몬드 에이스,"하이큐,원피스,오오후리,다이아몬드의 공죄",,사와무라 에이준,,로맨틱,,,@Baby_Chuu_u_u,https://dongne.co/events/df2510/circles/151551,제31회 디. 페스타(토),Day1
괴담출근이라 쓰고 괴담로맨스라 읽는다,센트,,,,,2sp,괴담에 떨어져도 출근은 해야하는구나,,,김솔음,,"섹슈얼,로맨틱",,소설,@ST_1Touch,https://dongne.co/events/df2510/circles/153001,제31회 디. 페스타(토),Day1
무대탈출불가 넘버원,수제비를 손으로 빚는 이유는 발로 빚으면 족제비가 되어 도망가기 때문,,,,,2sp,"검은방,회색도시,베리드 스타즈",,어떤방 무슨도시 어드메스타즈 올앳원스,장세일 양지조,,,,"기타,게임",@living_alone__,https://dongne.co/events/df2510/circles/153118,제31회 디. 페스타(토),Day1
데한민국에서 아이돌을 좋아함,나기,,,,,2sp,괴담출근 데못죽,,,,,,,,,https://dongne.co/events/df2510/circles/152081,제31회 디. 페스타(토),Day1
노먼즈랜드에 어서오세요,수키,,,,,1sp,트라이건,,,밧슈,,로맨틱,울프우드밧슈,일러스트,@Hushuki_0v0,https://dongne.co/events/df2510/circles/153488,제31회 디. 페스타(토),Day1
오마와리상을 오사와리망,주노라,,,,,2sp,키미가시네,네가죽어,,시노기 케이지,,,,게임,@nora_kmgsn,https://dongne.co/events/df2510/circles/151403,제31회 디. 페스타(토),Day1
쿠키몬스터와 암행어사의 모험,"먼키친,더귀한분",,,,,2sp,"이세계 착각 헌터,괴담출근","페르소나,붕괴 스타레일,대역전재판",,,,,,,"@meow__web,@webDthevip",https://dongne.co/events/df2510/circles/152446,제31회 디. 페스타(토),Day1
아이나나하자!,조부단,,,,,1sp,아이돌리쉬세븐,,,,유키X모모,로맨틱,"이오리쿠,타마소우","만화,소설",@oasis525200,https://dongne.co/events/df2510/circles/151259,제31회 디. 페스타(토),Day1
ㅇㅅㅇㅅㅇㅅㅇ,듀아아,,,,,2sp,,,,,,,,,,https://dongne.co/events/df2510/circles/151487,제31회 디. 페스타(토),Day1
가짜친구단속반,해믕,,,,,2sp,가비지타임,,"S4Y Y3S, 1ove.","전영중,성준수",전영중X성준수,로맨틱,,,3188cm,https://dongne.co/events/df2510/circles/153037,제31회 디. 페스타(토),Day1
감자많이먹어라,하엽,,,,,2sp,이세계 착각 헌터,,창호기려 쁘띠존~부부사기단~,"강창호,김기려",강창호X김기려,로맨틱,,소설,@uuuuuuuu1_u,https://dongne.co/events/df2510/circles/153722,제31회 디. 페스타(토),Day1
구라같다는감정,"d1f, 최병만, 캔참치 ",,,,,2sp,이세계착각헌터,,창호기려 쁘띠존~부부사기단~,"강창호,김기려",강창호X김기려,"로맨틱,섹슈얼",,"만화,소설",@d1f1d1f1d / @cbm_hunterS / @pseudoo,https://dongne.co/events/df2510/circles/151601,제31회 디. 페스타(토),Day1
귀족백합민연합,"키루찌, 래팝",,,,,1sp,,,이빨요정,,,,,만화,"@KiruZzy, @Rapop2340",https://dongne.co/events/df2510/circles/151613,제31회 디. 페스타(토),Day1
나나돌리쉬세븐,예림,,,,,2sp,아이돌리쉬 세븐,,,,,,,,@yearim_manejya,https://dongne.co/events/df2510/circles/153318,제31회 디. 페스타(토),Day1
대역전망상극장,파즈스피,,,,,2sp,대역전재판,,,"아소기 카즈마,나루호도 류노스케",아소기 카즈마X나루호도 류노스케,해당없음,종자바로(only 통판),소설,@pazspi_,https://dongne.co/events/df2510/circles/152955,제31회 디. 페스타(토),Day1
무지개배구괴담,틸스틸,,,,,1sp,괴담출근,"니지산지,하이큐",,,,,,"일러스트,공예",@until_stil,https://dongne.co/events/df2510/circles/153874,제31회 디. 페스타(토),Day1
배구방위대상점,리페ryepe,,,,,2sp,하이큐 괴수8호,사카모토데이즈 은혼,,"카게야마,히나타,쿠로오,켄마,나츠키,나구모,나루미,호시나",,,,"일러스트,사진,기타",,https://dongne.co/events/df2510/circles/152583,제31회 디. 페스타(토),Day1
부스내고싶음이,"곰귤,쟤또",,,,,2sp,괴담출근,"이착헌,전독시",,"김솔음,김기려,김독자",김솔음,해당없음,유중혁x김독자,일러스트,"@Gomgyul,JINHONE_JT",https://dongne.co/events/df2510/circles/151470,제31회 디. 페스타(토),Day1
빗자루썰매창고,님썰,,,,,1sp,명탐정 코난,데뷔 못 하면 죽는 병 걸림,,"아카이 슈이치,아무로 토오루",,,,"만화,일러스트",@FuruseolAM,https://dongne.co/events/df2510/circles/152676,제31회 디. 페스타(토),Day1
시광대리영업소,농네,,,,,2sp,시광대리인,,,"정시우(청샤오시),유진(루광)",,,,,nongne_11,https://dongne.co/events/df2510/circles/151420,제31회 디. 페스타(토),Day1
야생생명체주의,으뮤,,,,,1sp,플레이브,,,예준 노아 밤비 은호 하민 등,,,,일러스트,@plzmyu,https://dongne.co/events/df2510/circles/152387,제31회 디. 페스타(토),Day1
용이말하는대로,"묵, 팔남충",,,,,2sp,"용과같이,신이말하는대로",페르소나,,마지마고로,마지마고로X키류카즈마,로맨틱,세인카미x애시드마나,"일러스트,만화","@mungmenk, kamianamu",https://dongne.co/events/df2510/circles/153857,제31회 디. 페스타(토),Day1
이세계착각결혼,앤솔파기,,,,,1sp,이세계 착각 헌터,,창호기려 쁘띠존~부부사기단~,"강창호,김기려",강창호X김기려,"로맨틱,섹슈얼",,만화,@CR_Anthology,https://dongne.co/events/df2510/circles/153689,제31회 디. 페스타(토),Day1
프롬투스튜디오,제브,,,,,1sp,,,,"쥑쥑이,유령",,,,일러스트,fromtostudio,https://dongne.co/events/df2510/circles/153841,제31회 디. 페스타(토),Day1
피코크블루광인,체린,,,,,1sp,,,이빨요정,,,,,"만화,일러스트",@cherish_03_,https://dongne.co/events/df2510/circles/153261,제31회 디. 페스타(토),Day1
헌터가되기위해,Sundown,,,,,1sp,헌터헌터,,,,,,,,@bbang222e,https://dongne.co/events/df2510/circles/153173,제31회 디. 페스타(토),Day1
주말에는부스를..,허비,,,,,1sp,괴담에 떨어져도 출근을 해야하는구나,,,김솔음,,,,,,https://dongne.co/events/df2510/circles/151477,제31회 디. 페스타(토),Day1
걸어서새장속으로,girl새,,,,,1sp,마법사의 약속 마호야쿠,,마호야쿠 쁘띠존 : 현자의 마법관 ~한국 지부~,라스티카,,,,,,https://dongne.co/events/df2510/circles/151205,제31회 디. 페스타(토),Day1
고영형제보호협회,아기자기,,,,,1sp,내가키운S급들,,,"한유현,한유진",한유현X한유진,"로맨틱,섹슈얼",,,,https://dongne.co/events/df2510/circles/151618,제31회 디. 페스타(토),Day1
국가공인헌터마켓,서핑,,,,,2sp,이착헌,괴담출근,,,,,,,,https://dongne.co/events/df2510/circles/152056,제31회 디. 페스타(토),Day1
남녀연애자유선언,은여,,,,,1sp,"페이트 시리즈,괴담출근","로오히,웹소설 등",,,,,,,,https://dongne.co/events/df2510/circles/151091,제31회 디. 페스타(토),Day1
너는친구도아니다,해일 ,,,,,1sp,오오에,닌타마,,,,로맨틱,,"소설,만화",,https://dongne.co/events/df2510/circles/153234,제31회 디. 페스타(토),Day1
논현동고기탐방단,게임원화교육노동자,,,,,1sp,,,,,,,,일러스트,,https://dongne.co/events/df2510/circles/151397,제31회 디. 페스타(토),Day1
비비드배드포오스,팔,,,,,1sp,프로젝트 세카이,,,Vivid BAD SQUAD,시노노메 아키토X아즈사와 코하네,,,,@_PAL_15,https://dongne.co/events/df2510/circles/153798,제31회 디. 페스타(토),Day1
애견동반가능구역,"아체고,씁헌",,,,,2sp,아이돌리쉬세븐,히프노시스마이크,,"주르,플링폿세",,,,,@zarajaebalzom,https://dongne.co/events/df2510/circles/151553,제31회 디. 페스타(토),Day1
왹져야왹외불러왹,달려라왹져,,,,,1sp,이세계 착각헌터,,,,,,,,,https://dongne.co/events/df2510/circles/151879,제31회 디. 페스타(토),Day1
라구파스타연구소 수성점,타루,,,,,1sp,기동전사 건담 수성의 마녀,,,"구엘 제타크,라우더 닐",라우더 닐X구엘 제타크,로맨틱,,"소설,만화,일러스트",@GW_Taroo,https://dongne.co/events/df2510/circles/151559,제31회 디. 페스타(토),Day1
누운매복사랑니의 발치공장,윤남우,,,,,1sp,어두운 바다의 등불이 되어,,한 번 죽은 남자와 그를 죽인 여자,"이지현,서지혁",서지혁X이지현,"로맨틱,섹슈얼",,"만화,소설,공예",@MH_SSS_JH,https://dongne.co/events/df2510/circles/151941,제31회 디. 페스타(토),Day1
야쿠소쿠시챠다멧!!!,베리,,,,,2sp,마법사의 약속,,마호야쿠 쁘띠존 : 현자의 마법관 ~한국 지부~,파우스트,피가로X파우스트,로맨틱,네로파우네로,"만화,일러스트,소설",beberry_moon,https://dongne.co/events/df2510/circles/152210,제31회 디. 페스타(토),Day1
내가또부스를내다니,닷,,,,,1sp,가비지타임,,"S4Y Y3S, 1ove.",,전영중X성준수,로맨틱,,소설,,https://dongne.co/events/df2510/circles/153211,제31회 디. 페스타(토),Day1
린히메하자고했잖아,N,,,,,1sp,앙상블 스타즈!! Music,,,"아마기 린네,HiMERU",아마기 린네XHiMERU,해당없음,,"일러스트,기타",N904_B,https://dongne.co/events/df2510/circles/153697,제31회 디. 페스타(토),Day1
새벽다섯시신데렐라,미,,,,,2sp,아이돌리쉬7,,,이즈미 이오리,이즈미 이오리X나나세 리쿠,로맨틱,,만화,,https://dongne.co/events/df2510/circles/153421,제31회 디. 페스타(토),Day1
이상한나라의잡화점,ㅇㅇ,,,,,2sp,,,,,,,,,@JJB_D_,https://dongne.co/events/df2510/circles/152601,제31회 디. 페스타(토),Day1
장갑전차세탁기도둑,집,,,,,1sp,메타포 : 리판타지오,페르소나5,,.,,,,만화,@house_roh_metap,https://dongne.co/events/df2510/circles/152754,제31회 디. 페스타(토),Day1
전공안살리고락스타,rockstarninja,,,,,2sp,은혼,"에반게리온,진격의 거인,헌터헌터",,,,,,,Rockisntmymajor,https://dongne.co/events/df2510/circles/153309,제31회 디. 페스타(토),Day1
준냥이전용돼굴터널,mio,,,,,1sp,가비지타임,,준수영중 쁘띠존 ~준빵제빵소~,,,,,만화,,https://dongne.co/events/df2510/circles/153496,제31회 디. 페스타(토),Day1
창작러프일러스트북,알과,,,,,2sp,,,,,,,,,,https://dongne.co/events/df2510/circles/152802,제31회 디. 페스타(토),Day1
토마토계란원숭이밥,토마토댄스대회우승자,,,,,2sp,코난,,,,,,,,,https://dongne.co/events/df2510/circles/151219,제31회 디. 페스타(토),Day1
무슨콤이이렇게많아 ,제비,,,,,2sp,명탐정 코난,매직 카이토,,"괴도키드,쿠로바 카이토,쿠도 신이치",쿠로바 카이토X쿠도 신이치,로맨틱,,소설,@Jebi_jebi00,https://dongne.co/events/df2510/circles/153806,제31회 디. 페스타(토),Day1
러브메이킹아트뮤지엄,정신,,,,,1sp,카리스마,,SOS! Sweets OR Sexy ,이토 후미야,,로맨틱,,"만화,일러스트,기타",ccrcrsm,https://dongne.co/events/df2510/circles/152509,제31회 디. 페스타(토),Day1
비바렌부스부흥위원회,"ㅇ, 엔",,,,,2sp,"vs ambivalenz,비바렌",,,,,,,,"Y_our_my_angel, mioN2n",https://dongne.co/events/df2510/circles/153100,제31회 디. 페스타(토),Day1
슬로우데미지해주세요,ecdw1350,,,,,2sp,죠죠의기묘한모험,슬로우데미지,,,,,,,@rqerqerqe,https://dongne.co/events/df2510/circles/151828,제31회 디. 페스타(토),Day1
착각괴담통모차핫도그,모차,,,,,2sp,"이착헌,괴담출근",,,,,,,"일러스트,만화",@mocha5earlgrey,https://dongne.co/events/df2510/circles/152489,제31회 디. 페스타(토),Day1
경찰청쇠창살은외철창살,나로,,,,,2sp,서브남주가 파업하면 생기는 일,괴담에 떨어져도 출근을 해야하는 구나,,"세드리크,정예서,지브릴",세드리크X정예서,로맨틱,,"만화,일러스트,공예",naro_akam,https://dongne.co/events/df2510/circles/151635,제31회 디. 페스타(토),Day1
미소녀콧수염형사아저씨,뷁,,,,,1sp,명탐정 코난,,,모로후시 타카아키,,,,,@skittcn,https://dongne.co/events/df2510/circles/152279,제31회 디. 페스타(토),Day1
아이캔트스피크잉글리쉬,hazuyou,,,,,2sp,해즈빈 호텔,란프렌,,,,,,,,https://dongne.co/events/df2510/circles/151227,제31회 디. 페스타(토),Day1
어떡하냐평생든쭌해야겠다.준아.,사니,,,,,1sp,초심잃은아이돌을위한회귀백서,,이제는 Fxxking 날조가 아니라 real CP를 하고싶다,"윤이든,견하준",윤이든X견하준,로맨틱,,소설,@chosimsani,https://dongne.co/events/df2510/circles/151818,제31회 디. 페스타(토),Day1
향레코드문닫아서내가차림&잼얘북스,멸종,,,,,2sp,베리드 스타즈,아이실드 21,어떤방 무슨도시 어드메스타즈 올앳원스,"한도윤,허우석",허우석X한도윤,"해당없음,섹슈얼",,"소설,기타",@bs_extinct,https://dongne.co/events/df2510/circles/152292,제31회 디. 페스타(토),Day1
나루토의기묘한페르소나축구,샨삼,,,,,1sp,죠죠의 기묘한 모험,"나루토,페르소나,썬더일레븐",,,,,,,@cheapsansam,https://dongne.co/events/df2510/circles/153662,제31회 디. 페스타(토),Day1
신협이평생어부바해드릴게요,신협,,,,,2sp,붕괴:스타레일,,,,Dr.레이시오X어벤츄린,로맨틱,,"만화,일러스트",Atozlove_,https://dongne.co/events/df2510/circles/152803,제31회 디. 페스타(토),Day1
앓던사랑니가빠지지않는다면,빡빡이사랑녀,,,,,1sp,가비지타임,,"S4Y Y3S, 1ove.",전영중×성준수,전영중X성준수,로맨틱,,"만화,일러스트",yayawawa0202,https://dongne.co/events/df2510/circles/153818,제31회 디. 페스타(토),Day1
이몸은우유를사러가야한다고,ㅅㅇ,,,,,2sp,죠죠의 기묘한 모험,,,,,,,"만화,일러스트",,https://dongne.co/events/df2510/circles/151779,제31회 디. 페스타(토),Day1
죽음의닥터하트연구비스틸러,카레만세,,,,,2sp,마법사의 약속,,마호야쿠 쁘띠존 : 현자의 마법관 ~한국 지부~,,브래들리X네로,해당없음,,"만화,일러스트",,https://dongne.co/events/df2510/circles/152529,제31회 디. 페스타(토),Day1
가나다라마바사아자차캊타파하,팽이,,,,,2sp,킹 오브 프리즘,,,,니시나 카즈키X코우가미 타이가,,,"만화,일러스트",,https://dongne.co/events/df2510/circles/152513,제31회 디. 페스타(토),Day1
갈테야테야괴담민국으로갈테야,우,,,,,2sp,괴담에 떨어져도 출근을 해야하는구나,,,,,,,,,https://dongne.co/events/df2510/circles/151762,제31회 디. 페스타(토),Day1
나를두고전학가면사랑도묶인채,"세정, 이사",,,,,2sp,가비지타임,,"S4Y Y3S, 1ove.",,전영중X성준수,,,,,https://dongne.co/events/df2510/circles/151770,제31회 디. 페스타(토),Day1
사상최강가장비싼일발쯔모기리,슈비,,,,,1sp,텐~천화거리의 쾌남아~,"FKMT,아카기",,"이가와 히로유키,텐 타카시,아카기 시게루",,,,만화,@schro_pigeon,https://dongne.co/events/df2510/circles/153107,제31회 디. 페스타(토),Day1
회지를내지않으면나갈수없는방,뜌뜌와 아이들,,,,,2sp,회색도시2,,어떤방 무슨도시 어드메스타즈 올앳원스,,정은창X권현석,로맨틱,,만화,,https://dongne.co/events/df2510/circles/152308,제31회 디. 페스타(토),Day1
창호기려로사행시해보겠습니다 창호기려는 호기심에맛좀보마하고한입하면 기절했다가 (려)여유를잃고허겁슨지겁슨먹게되는맛 감사합니다,"해먕, 병지, 퍄프리카 가루",,,,,4sp,이세계 착각 헌터,,창호기려 쁘띠존~부부사기단~,"강창호,김기려",강창호X김기려,"로맨틱,섹슈얼",,"만화,기타",@Hae_myang,https://dongne.co/events/df2510/circles/153579,제31회 디. 페스타(토),Day1
주문하신도넛다뚫려서왔습니다!!,개쓰레기덩이,,,,,2sp,죠죠의 기묘한 모험,,,,귀도 미스타X레오네 아바키오,,죠후,"만화,일러스트",G4RB4GE_B0X,https://dongne.co/events/df2510/circles/153664,제31회 디. 페스타(토),Day1
나를묶고가둔다면뱃길따라김래빈,안개,,,,,1sp,데뷔 못하면 죽는병 걸림,,,"차유진,김래빈",차유진X김래빈,,,일러스트,@daeaeaeb,https://dongne.co/events/df2510/circles/152641,제31회 디. 페스타(토),Day1
내가이아이들의장인이며부모입니다,이덕문,,,,,1sp,앙상블 스타즈!! Music,,쥰히요 쁘띠존 :: 연일순정,"쥰,히요리",사자나미 쥰X토모에 히요리,"로맨틱,섹슈얼",,"만화,일러스트",Leedukmoon,https://dongne.co/events/df2510/circles/152624,제31회 디. 페스타(토),Day1
남궁세가무사님이현대에서환생한다면,필썽,,,,,1sp,남궁세가 무사님이 로판에서 환생했다,,,,,,,,,https://dongne.co/events/df2510/circles/151516,제31회 디. 페스타(토),Day1
접수성공한사람의장르로서클명짓기대결,재택,,,,,2sp,괴담에 떨어져도 출근을 해야 하는구나(괴담출근),가비지타임,,"김솔음,이자헌",,"로맨틱,섹슈얼","종상, 빵준","만화,일러스트",_r0ckandr011,https://dongne.co/events/df2510/circles/152987,제31회 디. 페스타(토),Day1
퐁포로퐁퐁퐁몽모로몽몽몽멸머러멸멸멸,퐁몽,,,,,2sp,이세계착각헌터,,창호기려 쁘띠존~부부사기단~,"강창호,김기려",강창호X김기려,"로맨틱,섹슈얼",,"만화,소설,일러스트",@mong83768151571,https://dongne.co/events/df2510/circles/152606,제31회 디. 페스타(토),Day1
얘들아너네는파이데이가너무좋을때어떻게했어,바치캐,,,,,1sp,붕괴 스타레일,X,,"붕괴 스타레일 파이논,마이데이",파이논X마이데이,로맨틱,,소설,bustchizcake,https://dongne.co/events/df2510/circles/153145,제31회 디. 페스타(토),Day1
팔만대장경만들고싶다고했지쓰고싶다고는안했다,종이,,,,,2sp,닌자보이 란타로,,,-,,,,"일러스트,소설",fage_is_good,https://dongne.co/events/df2510/circles/153091,제31회 디. 페스타(토),Day1
1,123,,,,,2sp,괴담출근,,,,,,,일러스트,,https://dongne.co/events/df2510/circles/151449,제31회 디. 페스타(토),Day1
동구리1호점,츄동동,,,,,2sp,붕괴:스타레일,,,"Dr.레이시오,어벤츄린",레이시오X어벤츄린,로맨틱,,일러스트,"@1owo_owo1,@turine_CHU",https://dongne.co/events/df2510/circles/151678,제31회 디. 페스타(토),Day1
1인시위,엘드,,,,,1sp,트랜스포머,슬램덩크,,사운드웨이브,,,,소설,eldtree,https://dongne.co/events/df2510/circles/153293,제31회 디. 페스타(토),Day1
벌써 10월이라고..?,뮹/크림/브라우니,,,,,2sp,괴담출근,이세계 착각 헌터,,괴담출근 등장 캐릭,,,,"공예,기타",@kimnarbi,https://dongne.co/events/df2510/circles/152729,제31회 디. 페스타(토),Day1
10디페 토요일 서클,세계,,,,,2sp,,,,,,,,,,https://dongne.co/events/df2510/circles/152144,제31회 디. 페스타(토),Day1
10월부스스,solarb,,,,,1sp,,,,,,,,,Srb,https://dongne.co/events/df2510/circles/151719,제31회 디. 페스타(토),Day1
101 light year,nair,,,,,2sp,"데뷔 못 하면 죽는 병 걸림,괴담에 떨어져도 출근을 해야 하는구나",이세계 착각 헌터,,"테스타,박문대,김솔음,김기려",,,,일러스트,@nair_rf,https://dongne.co/events/df2510/circles/153436,제31회 디. 페스타(토),Day1
1042thDEAL,"1042,디일",,,,,2sp,원피스,"은혼,슬덩,죠죠,보카로,포켓몬",,,,,,,,https://dongne.co/events/df2510/circles/151142,제31회 디. 페스타(토),Day1
1일 1상른의 필요성,구온아,,,,,2sp,가비지타임,,,"기상호,성준수,최종수",성준수X기상호,"로맨틱,섹슈얼",종상,"만화,일러스트,공예",@9ona_js,https://dongne.co/events/df2510/circles/153553,제31회 디. 페스타(토),Day1
1225년 전통 근친 맛집,"자렌, 레몽",,,,,2sp,내가 키운 S급들,,,한유현,한유현X한유진,"로맨틱,섹슈얼",,"만화,소설","@JAL_fn, @s_lemong",https://dongne.co/events/df2510/circles/151706,제31회 디. 페스타(토),Day1
브로콜리 직경 131 센 티,짱,,,,,2sp,모브사이코 100,,,"세리자와 카츠야,레이겐 아라타카",,,,,"@MusX_G, @Haaagea",https://dongne.co/events/df2510/circles/151571,제31회 디. 페스타(토),Day1
코츄객판타지14,츄현,,,,,2sp,파이널판타지14,,,,,,,,@O116peach,https://dongne.co/events/df2510/circles/152253,제31회 디. 페스타(토),Day1
16,팍종필,,,,,2sp,,,,,,,,"만화,일러스트",@10000dala,https://dongne.co/events/df2510/circles/151229,제31회 디. 페스타(토),Day1
179178_feat.east,삼치,,,,,2sp,마법사의 약속,창작,마호야쿠 쁘띠존 : 현자의 마법관 ~한국 지부~,,카인X오웬,로맨틱,,,,https://dongne.co/events/df2510/circles/152498,제31회 디. 페스타(토),Day1
심야공방 2로 ,272장,,,,,2sp,"이착헌,명급리",,,,,,,"소설,공예",,https://dongne.co/events/df2510/circles/152010,제31회 디. 페스타(토),Day1
니냐니냐뇨2,심마,,,,,1sp,어두운바다의등불이되어,,,,,,,만화,@shimma_0531,https://dongne.co/events/df2510/circles/151554,제31회 디. 페스타(토),Day1
2년 반째 이 장르 하는 중,sawa,,,,,1sp,슬램덩크,,,"강백호,양호열",양호열X강백호,"로맨틱,섹슈얼","호백호(양호열x강백호x양호열), 백호열(강백호x양호열)",만화,sawa1800,https://dongne.co/events/df2510/circles/153429,제31회 디. 페스타(토),Day1
2마트,2,,,,,2sp,괴담에 떨어져도 출근을 해야 하는구나,전지적 독자 시점,,,,,,일러스트,@charon_22,https://dongne.co/events/df2510/circles/151902,제31회 디. 페스타(토),Day1
[201호실],깅,,,,,1sp,닌자보이 란타로,,,"셋츠노 키리마루,도이 한스케",키리마루X도이,"로맨틱,섹슈얼",,"만화,소설",@lsf_21xxxx,https://dongne.co/events/df2510/circles/151671,제31회 디. 페스타(토),Day1
2015:우리 10년 뒤에도 동양풍장르 하고 잇을까? 2025:네,리아닌,,,,,1sp,마도조사,천지해,,"위무선,남망기",남망기X위무선,로맨틱,,만화,@To_Colaniiin,https://dongne.co/events/df2510/circles/153262,제31회 디. 페스타(토),Day1
2025년에도 우주세기요?,XI,,,,,1sp,기동전사 건담,,,,샤아 아즈나블X아무로 레이,로맨틱,,소설,,https://dongne.co/events/df2510/circles/152919,제31회 디. 페스타(토),Day1
21세기 동인은 물물교환만 받습니다.,빨간단추,,,,,2sp,괴담출근,,,현무1팀,,,,"소설,공예",,https://dongne.co/events/df2510/circles/151685,제31회 디. 페스타(토),Day1
24시 얇은피만두국밥,sin,,,,,1sp,니지산지,하이큐,,,,,,만화,sinka_riva,https://dongne.co/events/df2510/circles/151484,제31회 디. 페스타(토),Day1
여름낮2510,겨울밤,,,,,2sp,이세계착각헌터,수공예 화산귀환 프리즘스톤(킹오브프리즘),,,,,,,,https://dongne.co/events/df2510/circles/151364,제31회 디. 페스타(토),Day1
배고파3,밥먹자,,,,,2sp,스타레일,,,레이시오 어벤츄린 로빈 선데이,,,,,azsxstar,https://dongne.co/events/df2510/circles/151960,제31회 디. 페스타(토),Day1
그래서 30일 동안 뭐 했는데?,熊,,,,,2sp,죠죠의 기묘한 모험,,,"시저 체페리,죠셉 죠스타",시저 체페리X죠셉 죠스타,"로맨틱,섹슈얼",,"소설,만화",@CJ19390128,https://dongne.co/events/df2510/circles/151228,제31회 디. 페스타(토),Day1
34년전통맷돌손짱려 양재at점,피리아,,,,,2sp,이세계 착각 헌터,,창호기려 쁘띠존~부부사기단~,"강창호,김기려",강창호X김기려,로맨틱,,,my_moist_alien,https://dongne.co/events/df2510/circles/151805,제31회 디. 페스타(토),Day1
포스트가36번지 문과라도 안혼기한 멱살만 잡고 은퇴할 조살소녀는 황제였다 ,뱅골,,,,,2sp,공조살,세구은 변서황 진혼기 문송안함 회멱데 포삼괴,,,,,,,,https://dongne.co/events/df2510/circles/153303,제31회 디. 페스타(토),Day1
김기려 목둘레 36cm,"뭔가, 타쑤, SR",,,,,2sp,이세계 착각 헌터,,창호기려 쁘띠존~부부사기단~,"강창호,김기려",강창호X김기려,"로맨틱,섹슈얼",,"만화,소설,일러스트",@dlckrgjsqha,https://dongne.co/events/df2510/circles/153487,제31회 디. 페스타(토),Day1
하루토우 마이크로 온리전 3 (자매품:주르NCP),다뽀주,,,,,2sp,아이돌리쉬세븐,아이나나,,,이스미하루카X이누마루토우마,로맨틱,"이스미 하루카X이누마루 토우마, 주르(NCP)",만화,@dieforzool,https://dongne.co/events/df2510/circles/152117,제31회 디. 페스타(토),Day1
다원적 돼지 개론 4주차,ㅠㅠ,,,,,2sp,슬램덩크,,,카와타 마사시(신현철),,"로맨틱,섹슈얼",신현철 수,,,https://dongne.co/events/df2510/circles/153090,제31회 디. 페스타(토),Day1
404,404,,,,,2sp,닌타마,"하이큐,윈브레,괴출",,,,,,,@DanHu_x,https://dongne.co/events/df2510/circles/151528,제31회 디. 페스타(토),Day1
4호선 31번출구,키초,,,,,2sp,가비지타임,,"S4Y Y3S, 1ove.",,,,,,,https://dongne.co/events/df2510/circles/151942,제31회 디. 페스타(토),Day1
4시 44분의 남쪽나라,우초맨,,,,,2sp,마법사의 약속,,마호야쿠 쁘띠존 : 현자의 마법관 ~한국 지부~,피가로,레녹스X피가로,"로맨틱,섹슈얼",오즈피가,만화,@qksfuakflah @hoowu,https://dongne.co/events/df2510/circles/151457,제31회 디. 페스타(토),Day1
4825%,Sapphire,,,,,2sp,프세카 에이스테,데코덴,,,,,,,Sapphire_4825,https://dongne.co/events/df2510/circles/152022,제31회 디. 페스타(토),Day1
초밥 보5 있는 사람의 부스,SB,,,,,1sp,Fate/Samurai Remnant,Fate/Grand order,,,,,,"만화,일러스트",@salt_richhh,https://dongne.co/events/df2510/circles/152733,제31회 디. 페스타(토),Day1
5월의 소년,구구9,,,,,1sp,가비지타임,성준수x전영중,준수영중 쁘띠존 ~준빵제빵소~,,,,,,,https://dongne.co/events/df2510/circles/151547,제31회 디. 페스타(토),Day1
마라탕6인분,폰,,,,,2sp,"괴담출근,전지적독자시점","사카모토데이즈,히카루가죽은여름,나의히어로아카데미아,화산귀환",,,,,,일러스트,"@rGhRoAdYo,@no_oooo_on",https://dongne.co/events/df2510/circles/152588,제31회 디. 페스타(토),Day1
7세연하남자친구보유세400억,기맘,,,,,2sp,이세계 착각 헌터,,창호기려 쁘띠존~부부사기단~,"강창호,김기려",강창호X김기려,"로맨틱,섹슈얼",,"소설,만화,일러스트,기타",gimam_299,https://dongne.co/events/df2510/circles/151734,제31회 디. 페스타(토),Day1
헌터 8호의 재난,"계미기, (너무좋아)",,,,,2sp,"괴수8호,헌터X헌터,사이키 쿠스오의 재난",,,,,,,,"K8_001, alrlmigi",https://dongne.co/events/df2510/circles/152566,제31회 디. 페스타(토),Day1
회귀로 되찾은 나의 8년 내조 조강지처,MYU,,,,,2sp,초심 잃은 아이돌을 위한 회귀백서,,이제는 Fxxking 날조가 아니라 real CP를 하고싶다,"윤이든,견하준",윤이든X견하준,"섹슈얼,로맨틱",,"만화,일러스트",,https://dongne.co/events/df2510/circles/153755,제31회 디. 페스타(토),Day1
돌아온 8년 보장된 맛집: 프랑소와와패니즈코리안머튼커리파스타집,요븐,,,,,2sp,일리아스,,,아킬레우스,아킬레우스X파트로클로스,,,,,https://dongne.co/events/df2510/circles/151270,제31회 디. 페스타(토),Day1
9회말 2아웃에 역전할지도,낙9,,,,,2sp,이세계 착각 헌터,,,,,,,일러스트,@sonakBe_33,https://dongne.co/events/df2510/circles/152034,제31회 디. 페스타(토),Day1
9월 30일,오만,,,,,1sp,뉴단간론파V3,,,사이하라 슈이치,오마 코키치X사이하라 슈이치,"섹슈얼,로맨틱",,만화,@50K_V3,https://dongne.co/events/df2510/circles/152145,제31회 디. 페스타(토),Day1
Alchemy Lab.,JunE,,,,,2sp,볼트론:전설의 수호자,로드오브히어로즈,,"키스,시로,알루라,랜스,피지,헝크",,"로맨틱,섹슈얼","알루랜스, 팔라딘즈(NCP) ","소설,일러스트",@fennecjune,https://dongne.co/events/df2510/circles/151933,제31회 디. 페스타(토),Day1
ASDF,kkyut,,,,,2sp,유희왕,,,,아템(어둠의 유우기)X무토 유우기,로맨틱,,만화,@sung22a,https://dongne.co/events/df2510/circles/151290,제31회 디. 페스타(토),Day1
쌍존AU,쌍존AU,,,,,1sp,화산귀환,,,"청명,당보",,,,"소설,일러스트",doublezonAUcafe,https://dongne.co/events/df2510/circles/153420,제31회 디. 페스타(토),Day1
Blanc de Blanc,메타,,,,,2sp,명탐정 코난,,,,후루야 레이X카자미 유우야,"로맨틱,섹슈얼",,"만화,일러스트",@prayer_meta,https://dongne.co/events/df2510/circles/151463,제31회 디. 페스타(토),Day1
bluelock,loty,,,,,1sp,블루록,,,,이토시 린X이사기 요이치,,,"만화,일러스트",blueloty,https://dongne.co/events/df2510/circles/152734,제31회 디. 페스타(토),Day1
cerealBox,신월,,,,,2sp,화산귀환,,,청명,당보X청명,"로맨틱,섹슈얼",,,_cerealBox,https://dongne.co/events/df2510/circles/151245,제31회 디. 페스타(토),Day1
Cerulean+Blue,Sipir,,,,,2sp,하이큐,가비지타임,,,,,,만화,sipir02,https://dongne.co/events/df2510/circles/151402,제31회 디. 페스타(토),Day1
CHOCO*BAR,쵸푸,,,,,1sp,붕괴:스타레일,,,"어벤츄린,레이시오",레이시오X어벤츄린,"로맨틱,섹슈얼",파이논x아낙사,만화,chyo_oop,https://dongne.co/events/df2510/circles/151662,제31회 디. 페스타(토),Day1
CHUCHUclub,chukun,,,,,1sp,블루록,"오오에,마법사의 약속",,"나기 세이시로,미카게 레오",나기 세이시로X미카게 레오,,,만화,@chuukkun,https://dongne.co/events/df2510/circles/152142,제31회 디. 페스타(토),Day1
Crotti,kitami,,,,,2sp,원피스,"슬램덩크,켄간,킹덤",,,,,,만화,,https://dongne.co/events/df2510/circles/151630,제31회 디. 페스타(토),Day1
dddd,1231,,,,,1sp,이세계착각헌터,가비지타임,,김기려,강창호X김기려,로맨틱,박병찬X기상호,소설,ddccddccddccdd ,https://dongne.co/events/df2510/circles/153018,제31회 디. 페스타(토),Day1
Dewflow,joy,,,,,1sp,,,,,,,,공예,dewflow_,https://dongne.co/events/df2510/circles/153404,제31회 디. 페스타(토),Day1
딩스DINGS,딩스,,,,,1sp,,케데헌,,,,,,일러스트,xoxodingxx,https://dongne.co/events/df2510/circles/153868,제31회 디. 페스타(토),Day1
DONUT UNIVERSE,TN,,,,,1sp,트라이건,,,,울프우드X밧슈,,,,,https://dongne.co/events/df2510/circles/152904,제31회 디. 페스타(토),Day1
doo,yaming,,,,,1sp,괴담출근,이세계 착각 헌터,,괴담출근 등장 인물 전부,,,,"공예,기타",,https://dongne.co/events/df2510/circles/152726,제31회 디. 페스타(토),Day1
더블E,무라이,,,,,2sp,란마1/2,"프로세카,슈퍼로봇대전",,"란마,아카네",란마X아카네,해당없음,,,@Murai_ok,https://dongne.co/events/df2510/circles/151590,제31회 디. 페스타(토),Day1
Endless Dream,루다,,,,,2sp,괴담출근,,,"최요원,류재관,박홍림,해금",최요원X류재관,로맨틱,,소설,luda_urbanmyth,https://dongne.co/events/df2510/circles/151642,제31회 디. 페스타(토),Day1
Entry,둡댑,,,,,2sp,포켓몬스터,,,,,,,,,https://dongne.co/events/df2510/circles/152558,제31회 디. 페스타(토),Day1
전지적 이세계 마법명가 EX급 조연의 출근 못하면 죽는 병 걸림,은비,,,,,2sp,괴담출근,"괴담출근,명급리,이착헌,마차살,전독시,데못죽",,,,,,,,https://dongne.co/events/df2510/circles/151585,제31회 디. 페스타(토),Day1
<이제는 Fxxking 날조가 아니라 real CP를 하고싶다> 주최부스,이제는 Fxxking 날조가 아니라 real CP를 하고싶다,,,,,2sp,,,이제는 Fxxking 날조가 아니라 real CP를 하고싶다,,,,,,,https://dongne.co/events/df2510/circles/151117,제31회 디. 페스타(토),Day1
Girls on the Rock! / 포케미쿠가 아닌 포켓몬과 보카로 따로인 집,"쨩상, C",,,,,1sp,"봇치더록,케이온 / 보컬로이드,포켓몬","프리(Free!),캐릭캐릭체인지,카드캡터체리,슈가슈가룬",,,,,,일러스트,"@Rinzzang_San, @C_02_drawing",https://dongne.co/events/df2510/circles/152265,제31회 디. 페스타(토),Day1
GORI,고리,,,,,1sp,괴담출근,"데스노트,캐릭캐릭체인지",,,,,,,@g0_rii_,https://dongne.co/events/df2510/circles/152858,제31회 디. 페스타(토),Day1
GYURI,김규리,,,,,1sp,하이큐,디지몬,,,,,,만화,,https://dongne.co/events/df2510/circles/151280,제31회 디. 페스타(토),Day1
아이비클럽 (iviiclub),으뜨,,,,,2sp,아이돌리쉬세븐,,,,이즈미 이오리X나나세 리쿠,,요츠바 타마키 X 오사카 소고,일러스트,,https://dongne.co/events/df2510/circles/153009,제31회 디. 페스타(토),Day1
KEEP&동동,"KEEP, 동동",,,,,1sp,,,이빨요정,,,,,,,https://dongne.co/events/df2510/circles/151238,제31회 디. 페스타(토),Day1
Lovely Mix,Lovely Mix,,,,,1sp,괴담출근,"화산귀환,데못죽,내스급,전독시",,,,,,,@LovelyMix_,https://dongne.co/events/df2510/circles/151631,제31회 디. 페스타(토),Day1
MANDOO,Sha,,,,,2sp,프세카/보컬로이드,스타레일/명일방주/오리지널,,-,,,,일러스트,,https://dongne.co/events/df2510/circles/151713,제31회 디. 페스타(토),Day1
maze,다안,,,,,1sp,괴담에 떨어져도 출근을 해야 하는구나,도쿄리벤저스,,,,,,,,https://dongne.co/events/df2510/circles/151294,제31회 디. 페스타(토),Day1
MGR,jz,,,,,1sp,괴담에 떨어져도 출근을 해야 하는구나,데뷔 못 하면 죽는 병 걸림,,,,,,,,https://dongne.co/events/df2510/circles/151512,제31회 디. 페스타(토),Day1
Midnight Blue,세르웬,,,,,2sp,프로젝트 세카이,,,,,,,"만화,일러스트",,https://dongne.co/events/df2510/circles/151410,제31회 디. 페스타(토),Day1
mini:D,무앜,,,,,2sp,괴담에 떨어져도 출근을 해야하는 구나,"데뷔못하면 죽는 병 걸림,명탐정 코난",,,,,,일러스트,,https://dongne.co/events/df2510/circles/151380,제31회 디. 페스타(토),Day1
Mint_House,챈알노,,,,,1sp,앙상블스타즈!!,,,"사쿠마 레이,오오가미 코가",사쿠마 레이X오오가미 코가,로맨틱,,"만화,소설,공예",chaen_game,https://dongne.co/events/df2510/circles/151304,제31회 디. 페스타(토),Day1
mix nuts,이례,,,,,2sp,괴담출근,,,,,,,,,https://dongne.co/events/df2510/circles/151176,제31회 디. 페스타(토),Day1
Motley,하루밍,,,,,1sp,,,,하루,,,,기타,Motley_1279,https://dongne.co/events/df2510/circles/153752,제31회 디. 페스타(토),Day1
My☆Planet,행성지기,,,,,2sp,핸드메이드 봉제인형,인형옷,,,,,,공예,@My_Planet_Doll,https://dongne.co/events/df2510/circles/152157,제31회 디. 페스타(토),Day1
My soul is always with BANANAFISH,몰량,,,,,1sp,Banana Fish,,,"애쉬 링크스,오쿠무라 에이지",애쉬X에이지,로맨틱,,"소설,만화,일러스트",Mollyang247724,https://dongne.co/events/df2510/circles/153246,제31회 디. 페스타(토),Day1
                                                                                                                                                                                                     N.F,안건,,,,,2sp,주술회전,,,"고죠 사토루,게토 스구루",,"섹슈얼,로맨틱",,"일러스트,만화",@goodteethguys,https://dongne.co/events/df2510/circles/151352,제31회 디. 페스타(토),Day1
직장탈출No.1,무과,,,,,2sp,괴담에 떨어져도 출근을 해야하는구나,1차 창작,,"김솔음,브라운,그 외 등장인물",,,,"일러스트,기타",@Muuugwa,https://dongne.co/events/df2510/circles/153715,제31회 디. 페스타(토),Day1
Oekakibox,Ricky,,,,,1sp,아이돌리쉬세븐 아이나나 i7,,,"야오토메 가쿠,타카나시 츠무기",,"로맨틱,섹슈얼",,"만화,기타",@o_w_free,https://dongne.co/events/df2510/circles/151340,제31회 디. 페스타(토),Day1
미친 그림러 모드on,구마린,,,,,4sp,파이널 판타지14,"무기미도,이세계 착각 헌터,괴담에 떨어져도 출근을 해야하는가",,,에스티니앙X이젤,,,,@Coumarinnn @Park_Fondant_ @0511_0853,https://dongne.co/events/df2510/circles/152548,제31회 디. 페스타(토),Day1
                                                                                                                                                                                               ONLY GOGE,사뿐,,,,,2sp,주술회전,,,"고죠 사토루,게토 스구루",고죠 사토루X게토 스구루,"로맨틱,섹슈얼",,만화,,https://dongne.co/events/df2510/circles/153120,제31회 디. 페스타(토),Day1
P들의 부스,소비,,,,,2sp,없음,없음,,,,,,공예,@SOBI_J01,https://dongne.co/events/df2510/circles/152445,제31회 디. 페스타(토),Day1
Paintbox,renian,,,,,1sp,,,,,,,,,,https://dongne.co/events/df2510/circles/151254,제31회 디. 페스타(토),Day1
peartree,dol,,,,,2sp,하이큐,,,,,,,"만화,일러스트,소설",@dorubare,https://dongne.co/events/df2510/circles/152949,제31회 디. 페스타(토),Day1
Pink Ocean,DORAE,,,,,2sp,,,,,,,,,@dorae_s,https://dongne.co/events/df2510/circles/151502,제31회 디. 페스타(토),Day1
Random Play는 정신 상담 서비스를 제공하지 않습니다,cyze,,,,,2sp,젠레스 존 제로,붕괴: 스타레일,,"와이즈,아사바 하루마사",,,,만화,@mcyzem,https://dongne.co/events/df2510/circles/153648,제31회 디. 페스타(토),Day1
"<S4Y Y3S, 1ove.> 주최부스","S4Y Y3S, 1ove.",,,,,2sp,,,"S4Y Y3S, 1ove.",,,,,,,https://dongne.co/events/df2510/circles/151740,제31회 디. 페스타(토),Day1
SAND LAKE,모래호수,,,,,2sp,"록맨,메탈카드봇",트랜스포머,,,,,,,,https://dongne.co/events/df2510/circles/151164,제31회 디. 페스타(토),Day1
Scp 재단에 입사했습니다,사람,,,,,2sp,Scp재단,"가비지타임,슬램덩크",,"아이스버그 박사,기어스 박사",,"로맨틱,섹슈얼",,소설,@lord__person,https://dongne.co/events/df2510/circles/152131,제31회 디. 페스타(토),Day1
Simply blue,니니,,,,,1sp,가비지타임,,"S4Y Y3S, 1ove.","전영중,성준수",전영중X성준수,,,,ni_nini_ni_ni,https://dongne.co/events/df2510/circles/151395,제31회 디. 페스타(토),Day1
SNBR,시나브로,,,,,2sp,마법사의약속,,마호야쿠 쁘띠존 : 현자의 마법관 ~한국 지부~,,,,,만화,si_nab,https://dongne.co/events/df2510/circles/151388,제31회 디. 페스타(토),Day1
So,이창수,,,,,1sp,,,,,,,,,,https://dongne.co/events/df2510/circles/152497,제31회 디. 페스타(토),Day1
Something Odd.,Odd.,,,,,2sp,,,,,,,,"공예,기타,일러스트",@i_odd_u,https://dongne.co/events/df2510/circles/152031,제31회 디. 페스타(토),Day1
<SOS! Sweets OR Sexy> 주최부스,SOS! Sweets OR Sexy,,,,,2sp,,,SOS! Sweets OR Sexy ,,,,,,,https://dongne.co/events/df2510/circles/152115,제31회 디. 페스타(토),Day1
sugar-runrun,물수제비,,,,,1sp,문과라도 안 죄송한 이세계로 감,데뷔 못 하면 죽는 병 걸림,,,,,,,@bulsujebi,https://dongne.co/events/df2510/circles/151657,제31회 디. 페스타(토),Day1
Summer Never Dies,BAECCI(배찌),,,,,2sp,슬램덩크,주술회전,,,송태섭X정대만,로맨틱,고죠x후시,"일러스트,소설",@bae_cci1209,https://dongne.co/events/df2510/circles/151501,제31회 디. 페스타(토),Day1
SweetStar,먀이,,,,,1sp,,,,,,,,,,https://dongne.co/events/df2510/circles/151330,제31회 디. 페스타(토),Day1
todac_s,쓩늉,,,,,2sp,가비지타임,,,전영중,,,,"만화,기타",@todac_s,https://dongne.co/events/df2510/circles/151587,제31회 디. 페스타(토),Day1
tulzzini,털찐이,,,,,1sp,,,,,,,,공예,tulzzini,https://dongne.co/events/df2510/circles/153631,제31회 디. 페스타(토),Day1
TV와 사랑에 빠지면 어떡하죠,립톤홍차,,,,,2sp,괴담출근,데못죽,,"브라운,김솔음",브라운X김솔음,로맨틱,,만화,@lipton_debut,https://dongne.co/events/df2510/circles/152065,제31회 디. 페스타(토),Day1
Two Rabbits & 자몽공방,Rabbits,,,,,2sp,,"데못죽,하이큐,앙스타,가비지타임 등",,,,,,"공예,조형,기타",,https://dongne.co/events/df2510/circles/151299,제31회 디. 페스타(토),Day1
U.M.A NEW LOUNGE!!,Dando,,,,,1sp,,우마무스메,,,,,,일러스트,2_dando,https://dongne.co/events/df2510/circles/153551,제31회 디. 페스타(토),Day1
UNHRDO 리에스테르 제국 지부,지부장,,,,,1sp,"패션(PASSION),패션 라가(PASSION RAGA)",서브남주가 파업하면 생기는 일,,정태의,일레이 리그로우X정태의,로맨틱,신루유리,"일러스트,공예",@Rurubox0625,https://dongne.co/events/df2510/circles/152591,제31회 디. 페스타(토),Day1
환영래퍼하기 vs 똥먹기 ㄴ 닥후자지 너 어디 아프냐?,이장,,,,,1sp,파라독스 라이브,,,파라독스라이브 전원,야마토 쇼고X미야마 케이,,,"만화,일러스트,소설",@wfdjibn_12,https://dongne.co/events/df2510/circles/152199,제31회 디. 페스타(토),Day1
WSA무릎위깜고,데빗,,,,,1sp,카리스마,,SOS! Sweets OR Sexy ,,이토 후미야X텐도 아마히코,로맨틱,,만화,@debbit_sexy,https://dongne.co/events/df2510/circles/153292,제31회 디. 페스타(토),Day1
폼폼파레x수달의작업실,꽁,,,,,2sp,,,,,,,,공예,,https://dongne.co/events/df2510/circles/152962,제31회 디. 페스타(토),Day1
"정말 좋아해, 특별한 존재 X 휘둘리고 있다, 존경, 감사",라잇,,,,,1sp,앙상블스타즈!!,,쥰히요 쁘띠존 :: 연일순정,"사자나미 쥰,토모에 히요리",사자나미 쥰X토모에 히요리,로맨틱,,"소설,일러스트",@light__0816,https://dongne.co/events/df2510/circles/153734,제31회 디. 페스타(토),Day1
관성소년X낭만소년,아카,,,,,1sp,가비지타임,,"S4Y Y3S, 1ove.","전영중,성준수",전영중X성준수,,,기타,@akaa_5,https://dongne.co/events/df2510/circles/151868,제31회 디. 페스타(토),Day1
xoxo_xoxo,구남,,,,,2sp,케이팝데몬헌터스 사카모토데이즈,슬램덩크 괴수8호,,,,,,일러스트,@qnamxoxo,https://dongne.co/events/df2510/circles/151159,제31회 디. 페스타(토),Day1
백 투더 Y2K,12번째옥수수,,,,,1sp,검은방,페르소나3,어떤방 무슨도시 어드메스타즈 올앳원스,"안승범,허강민,주인공(페르소나3)",,,,"만화,일러스트,조형",@PfpCjLy3Ya5z4PF,https://dongne.co/events/df2510/circles/153606,제31회 디. 페스타(토),Day1
zero clu,제로콜라,,,,,1sp,슬램덩크,,,,,,,,,https://dongne.co/events/df2510/circles/152490,제31회 디. 페스타(토),Day1
Zettelkasten,재토,,,,,1sp,블루자이언트,,,"안토니오 소토,미야모토 다이,신류하,송찬호",미야모토 다이X안토니오 소토,로맨틱,,소설,jasstozas,https://dongne.co/events/df2510/circles/153376,제31회 디. 페스타(토),Day1
긴란 앤솔로지: 네가 울지 않는 世界,노다지,,,,,1sp,BLEACH,,,"이치마루 긴,마츠모토 란기쿠",이치마루 긴X마츠모토 란기쿠,로맨틱,,"만화,소설,기타",@Ginran_lovebook,https://dongne.co/events/df2510/circles/153865,제31회 디. 페스타(토),Day1
차도가 없는 나라는? 인도(人道),가지,,,,,1sp,페이트/그랜드오더,,,아르주나 카르나,아르주나X카르나,로맨틱,,만화,@rukGO_,https://dongne.co/events/df2510/circles/152615,제31회 디. 페스타(토),Day1
昆蟲箱子 :: Insect Box,24(SANAI),,,,,2sp,,,,,,,,,,https://dongne.co/events/df2510/circles/151275,제31회 디. 페스타(토),Day1
漣,e,,,,,1sp,앙상블 스타즈!! Music,,쥰히요 쁘띠존 :: 연일순정,"사자나미 쥰,토모에 히요리,란 나기사,사에구사 이바라",사자나미 쥰X토모에 히요리,로맨틱,란 나기사 X 사에구사 이바라,소설,@Ee2_JH,https://dongne.co/events/df2510/circles/153737,제31회 디. 페스타(토),Day1
 환상뜨락,환상뜨락,,,,,2sp,탑로더 탑꾸,,,,,,,공예,@Dreamy_garden,https://dongne.co/events/df251002/circles/154475,제31회 디. 페스타(일),Day2
.,이소소,,,,,1sp,,,,,,,,,,https://dongne.co/events/df251002/circles/154715,제31회 디. 페스타(일),Day2
.,퇴근,,,,,1sp,괴담에 떨어져도 출근을 해야 하는구나,,,,,,,일러스트,tttggg_oi,https://dongne.co/events/df251002/circles/154557,제31회 디. 페스타(일),Day2
.,ionzaion,,,,,1sp,,,,,,,,,@ionzaion,https://dongne.co/events/df251002/circles/155288,제31회 디. 페스타(일),Day2
.,dksgo2789,,,,,1sp,프로세카,,,.,,,,,,https://dongne.co/events/df251002/circles/154722,제31회 디. 페스타(일),Day2
.,.,,,,,1sp,,,,,,,,,,https://dongne.co/events/df251002/circles/154084,제31회 디. 페스타(일),Day2
"""안즈씨는 누구한테나 그런 소릴 하지?""",88,,,,,1sp,앙상블스타즈,,,,아오이 히나타X안즈,해당없음,,,,https://dongne.co/events/df251002/circles/154234,제31회 디. 페스타(일),Day2
(다크) 판타지에도 희망은 있다,강페페,,,,,2sp,"다크소울,위쳐,파이널판타지14",오리지널,,"선택받은 불사자,솔라,지크마이어,로트렉 등 / 게롤트,시리,예니퍼 위주 올캐릭터/ 에스티니앙,에메트셀크 등",,,,,@DD_pepekang,https://dongne.co/events/df251002/circles/154873,제31회 디. 페스타(일),Day2
(소년)만화에도 절망은 있다,석류,,,,,2sp,"오버워치,블리치","원피스,천관사복",,"오버워치,탈론 /쿠로사키이치고,쿠치키루키아,이노우에오리히메 위주/밀짚모자해적단 위주/",화성X사련,로맨틱,,일러스트,@mini_sekiryo,https://dongne.co/events/df251002/circles/154635,제31회 디. 페스타(일),Day2
할 말 있으면 회지로 해,윤슬,,,,,2sp,초심 잃은 아이돌을 위한 회귀백서,,DTB:Drop The Booth,"윤이든,견하준,류재희,김도빈,서예현",윤이든X견하준,로맨틱,,"소설,일러스트,공예",yunseul_1412,https://dongne.co/events/df251002/circles/154474,제31회 디. 페스타(일),Day2
이 중에 당신 취향 하나쯤은 있겠지,근냥,,,,,1sp,하이큐,"은혼,사카모토데이즈,가비지타임",,,,,,"일러스트,기타",__MEO33,https://dongne.co/events/df251002/circles/155282,제31회 디. 페스타(일),Day2
퀸 오브 디바. 미다스의 황금손. 이 세계의 떠오르는 슈퍼스타.,슈,,,,,2sp,괴담출근,,,"김솔음,최요원,류재관",,,,,syu625327,https://dongne.co/events/df251002/circles/154277,제31회 디. 페스타(일),Day2
내 사랑을 몰라주는 너 따위는 필요없어,키치남학생,,,,,2sp,유희왕 GX,,,"유우키 쥬다이,유벨",,로맨틱,유벨쥬,기타,@kitschmilk,https://dongne.co/events/df251002/circles/155303,제31회 디. 페스타(일),Day2
좌: 술탄의게임 우: 그랜드체이스,"햄대깅, 이뺭",,,,,2sp,술탄의게임,그랜드체이스,,"아르트,네페르,로난,엘리시스",,"로맨틱,섹슈얼",로난×엘리시스,만화,HAMDAE00,https://dongne.co/events/df251002/circles/155295,제31회 디. 페스타(일),Day2
희:삐아체레,삐아체레,,,,,2sp,화산귀환,,,,,,,"일러스트,공예",@piacere_s2,https://dongne.co/events/df251002/circles/154426,제31회 디. 페스타(일),Day2
에?우리부스라던가낼수잇는데,"샐리,마루",,,,,1sp,"오오에,고서점가의하시히메",,,,,,,"일러스트,소설","@ldh_1157,@iji62016560",https://dongne.co/events/df251002/circles/155272,제31회 디. 페스타(일),Day2
오. 안대썼네,"덤덤, 민섬, 섬진",,,,,2sp,오오에,,,"신바시,아리아케,오오사키,탐정사무소(시나가와,신키바)",오오사키X신바시,"로맨틱,섹슈얼,해당없음","오오아리, 올캐러 하렘","만화,일러스트","@dansidumper, @ooe_muing, @sobose_jin",https://dongne.co/events/df251002/circles/155258,제31회 디. 페스타(일),Day2
주) 플브물산,바나,,,,,2sp,플레이브,,,"남예준,한노아,채밤비,도은호,유하민",,,,일러스트,@plevana_0101,https://dongne.co/events/df251002/circles/155284,제31회 디. 페스타(일),Day2
깨갱,깨갱,,,,,1sp,은혼,하이큐,,"사카타 긴토키,히지카타 토시로,쿠로오 테츠로,츠키시마 케이",,로맨틱,쿠로오 테츠로X츠키시마 케이,"만화,일러스트",@Algamja__0927,https://dongne.co/events/df251002/circles/154956,제31회 디. 페스타(일),Day2
꼬옥,꼬옥,,,,,2sp,슬램덩크,,,정대만,,,,"만화,일러스트",@kkoog_TT,https://dongne.co/events/df251002/circles/154148,제31회 디. 페스타(일),Day2
냐냐,,,,,,2sp,보컬로이드,,,,,,,,,https://dongne.co/events/df251002/circles/154417,제31회 디. 페스타(일),Day2
모름,미아,,,,,2sp,데뷔 못하면 죽는 병 걸림,괴수8호,,,,,,,saladjoa__,https://dongne.co/events/df251002/circles/154755,제31회 디. 페스타(일),Day2
밀플,밀플,,,,,2sp,보컬로이드,"프로젝트세카이,아이돌리쉬세븐",,하츠네미쿠,,,,,milkflash_,https://dongne.co/events/df251002/circles/154071,제31회 디. 페스타(일),Day2
뿅뿅,삐용삐용,,,,,2sp,괴담에 떨어져도 출근을 해야 하는구나,,,김솔음,김솔음X최요원,"로맨틱,섹슈얼","현무1팀, 기려창호","만화,일러스트",p0_book,https://dongne.co/events/df251002/circles/154559,제31회 디. 페스타(일),Day2
소란,소란,,,,,2sp,프로메어,괴담출근,,갈로 티모스,리오 포티아X갈로 티모스,"로맨틱,섹슈얼",,,@cimrann_,https://dongne.co/events/df251002/circles/154418,제31회 디. 페스타(일),Day2
향비,향냐,,,,,1sp,오오에,,,,,,,"만화,기타",Hyang_tt,https://dongne.co/events/df251002/circles/155287,제31회 디. 페스타(일),Day2
형냥,등어/나격,,,,,1sp,오오에,,,,,,"오오신, 오오시즈",,@oosksmaaaaa/@NG6972836,https://dongne.co/events/df251002/circles/154825,제31회 디. 페스타(일),Day2
흑흑,Nen,,,,,2sp,"오오에,이착헌","나루토,은혼,오버워치,리버스1999",,,오오사키X시즈마,,,,"@NNenp5, @EG200_, @없음",https://dongne.co/events/df251002/circles/155014,제31회 디. 페스타(일),Day2
일단 ㄱ,醉生夢死,,,,,1sp,,,,,,,,,@omaeokoro3u,https://dongne.co/events/df251002/circles/154530,제31회 디. 페스타(일),Day2
검은 새벽,김래곤,,,,,2sp,,,,,,,,일러스트,kimlaegon911,https://dongne.co/events/df251002/circles/154340,제31회 디. 페스타(일),Day2
마리 공방,마리,,,,,1sp,노리개,"노리개 키링,자수 수공예품 등",,,,,,공예,,https://dongne.co/events/df251002/circles/154176,제31회 디. 페스타(일),Day2
조네 책방,조네,,,,,1sp,,,,,,,,,,https://dongne.co/events/df251002/circles/155197,제31회 디. 페스타(일),Day2
오이 싫은 이오,이오,,,,,1sp,케이팝 데몬 헌터스,VRCHAT,,,,,,,@Iorite_ART,https://dongne.co/events/df251002/circles/154279,제31회 디. 페스타(일),Day2
체리 앤드 피스,낫표,,,,,1sp,오오에,,,"오오사키,신바시,시즈마",오오사키X신바시,로맨틱,오오시즈,만화,@R3D_KGKK,https://dongne.co/events/df251002/circles/154424,제31회 디. 페스타(일),Day2
우리 그냥 모두 모였어요 ,금비,,,,,2sp,아이실드21,1차창작,,,,로맨틱,,"만화,일러스트",@babjeuoman,https://dongne.co/events/df251002/circles/154246,제31회 디. 페스타(일),Day2
볕이 드는 언덕길,쿠렌,,,,,1sp,괴담출근,,,,,,,,,https://dongne.co/events/df251002/circles/154648,제31회 디. 페스타(일),Day2
착한 아이 츄러스 하나 더 준다,00,,,,,1sp,괴담에 떨어져도 출근을 해야 하는구나,데뷔 못 하면 죽는 병 걸림,,,,,,,,https://dongne.co/events/df251002/circles/154226,제31회 디. 페스타(일),Day2
공방 프리즘,리즈,,,,,1sp,"괴담에 떨어져도 출근을 해야 하는구나,블랙배저","파이널판타지14,플레이브",,,,,,공예,,https://dongne.co/events/df251002/circles/154714,제31회 디. 페스타(일),Day2
괴담 정육점,POBI,,,,,2sp,괴담에 떨어져도 출근을 해야 하는구나,,,,,,,"일러스트,기타",pobpppobipobi,https://dongne.co/events/df251002/circles/155104,제31회 디. 페스타(일),Day2
국산 오타쿠,피나토,,,,,2sp,괴담출근,"전독시,데못죽",,,,,,,@pinytus,https://dongne.co/events/df251002/circles/154611,제31회 디. 페스타(일),Day2
딱지 후라이,낼리,,,,,1sp,유희왕GX / A5,,,,,로맨틱,,,social_yona,https://dongne.co/events/df251002/circles/154868,제31회 디. 페스타(일),Day2
한국 독버섯 닌자,"바나나, 가지어묵",,,,,2sp,닌자보이 란타로,나루토,,"도이 한스케,키리마루",도이 한스케X셋츠노 키리마루,로맨틱,,"만화,일러스트",@DusrhdrPdhwlddj,https://dongne.co/events/df251002/circles/154380,제31회 디. 페스타(일),Day2
유쾌 톤데모 원더 매직 테마파크,naxa,,,,,1sp,프로젝트 세카이,"오오에,괴출",,,카미시로 루이X텐마 츠카사,"로맨틱,해당없음",,"일러스트,만화,소설",,https://dongne.co/events/df251002/circles/154479,제31회 디. 페스타(일),Day2
이거 없다고?,ㅇ,,,,,1sp,포켓몬,페르소나4,,,,,,"만화,일러스트",@2hyu_00,https://dongne.co/events/df251002/circles/155069,제31회 디. 페스타(일),Day2
계속 타마소우 할 각오,도련,,,,,1sp,아이돌리쉬세븐,,,,요츠바 타마키X오오사카 소고,,,,@HSi70_0 ,https://dongne.co/events/df251002/circles/154756,제31회 디. 페스타(일),Day2
덩이 복쟉복쟉 부스,덩,,,,,1sp,헌터헌터,"은혼,오란고교,나루토",,헌터헌터,,,,일러스트,dong__xxxx,https://dongne.co/events/df251002/circles/155261,제31회 디. 페스타(일),Day2
닌자 제너레이션,나쵸,,,,,1sp,닌타마,,,"타치바나 센조,아야베 키하치로",,로맨틱,,"만화,일러스트",@nacho_nacho_77,https://dongne.co/events/df251002/circles/154536,제31회 디. 페스타(일),Day2
포폴 준비하면서도 덕질을 해야하는구나,델,,,,,2sp,괴담출근,,,김솔음,,,,"만화,일러스트,공예",@dell_fPf,https://dongne.co/events/df251002/circles/154400,제31회 디. 페스타(일),Day2
"아니, 잠깐. 정말 부스각인가?","페퍼, 량호",,,,,2sp,오오에,,,"오오사키,시즈마,아오미",오오사키X시즈마,해당없음,"다이바형제, 오오아오시즈","만화,일러스트","@bub_action, @Burned_KOGE",https://dongne.co/events/df251002/circles/154835,제31회 디. 페스타(일),Day2
분노! 우울… 배신감!!,패트와매트,,,,,1sp,괴담출근,"괴담출근,은혼,데못죽,디지캐럿",,,,,,일러스트,@gigigoeg,https://dongne.co/events/df251002/circles/154141,제31회 디. 페스타(일),Day2
철썩... 철썩... 철썩...,abr,,,,,1sp,오오에,파이어 엠블렘 풍화설월,,,,,,,@abr_oe,https://dongne.co/events/df251002/circles/154669,제31회 디. 페스타(일),Day2
ししし,"순애감별사, 아니요, 숟가락",,,,,1sp,오오에,,,오오사키,오오사키X신바시,"로맨틱,섹슈얼","오오시오, 오오시즈",소설,"@SUN_star__, @qIE1MDrYOr74940",https://dongne.co/events/df251002/circles/154762,제31회 디. 페스타(일),Day2
나모쿠,나모쿠,,,,,1sp,진격의 거인,메이드 인 어비스,,,,,,일러스트,@NAMOTTTTT,https://dongne.co/events/df251002/circles/154301,제31회 디. 페스타(일),Day2
나비밥,HANA,,,,,1sp,"ADELTA(울트라씨,오오에)",,,,오오사키X신바시,,"오오신, 벨시로",,@hana1937632,https://dongne.co/events/df251002/circles/154295,제31회 디. 페스타(일),Day2
냐냐냐,사금,,,,,2sp,,,,,,,,,,https://dongne.co/events/df251002/circles/154102,제31회 디. 페스타(일),Day2
다꾸록,omochako,,,,,1sp,블루록,블루 록,,,,"로맨틱,해당없음","나기 세이시로 x 미카게 레오, 나기레오, 이사바치",,mytinytoybox,https://dongne.co/events/df251002/circles/154430,제31회 디. 페스타(일),Day2
다이소,수산시장,,,,,4sp,죠죠의 기묘한 모험,"용과같이,오오에",,,,,,,@fishumarket,https://dongne.co/events/df251002/circles/155300,제31회 디. 페스타(일),Day2
뚜벅초,장의사,,,,,1sp,오오에,창작,,오오사키 신바시 시즈마,,"로맨틱,섹슈얼","오오신,오오시즈 ",만화,@BC4790411,https://dongne.co/events/df251002/circles/154373,제31회 디. 페스타(일),Day2
뜨뺑이,csk0712,,,,,1sp,괴담출근,,,,,,,,,https://dongne.co/events/df251002/circles/154791,제31회 디. 페스타(일),Day2
맛쵸킹,ming_,,,,,1sp,오오에,페르소나,,,,,,,,https://dongne.co/events/df251002/circles/154781,제31회 디. 페스타(일),Day2
별가루,별빛,,,,,1sp,명탐정 코난,"하이큐,앙상블 스타즈",,,,로맨틱,,소설,@Milkyway_U,https://dongne.co/events/df251002/circles/154253,제31회 디. 페스타(일),Day2
뻥이요,튀밥,,,,,1sp,괴담출근,,,김솔음,,,사헌솔음,,twi_bab,https://dongne.co/events/df251002/circles/154730,제31회 디. 페스타(일),Day2
새문서,에머디,,,,,2sp,명일방주,,,,,,,"일러스트,만화",,https://dongne.co/events/df251002/circles/154431,제31회 디. 페스타(일),Day2
소록도,소록,,,,,1sp,,,,,,,,,,https://dongne.co/events/df251002/circles/154264,제31회 디. 페스타(일),Day2
소요당,소요,,,,,2sp,,,,,,,,일러스트,,https://dongne.co/events/df251002/circles/154073,제31회 디. 페스타(일),Day2
아멜로,공쥬,,,,,1sp,레진키링 탑로더,레진 아트,,,,,,,amello_art,https://dongne.co/events/df251002/circles/154556,제31회 디. 페스타(일),Day2
안경충,천재,,,,,1sp,헌터헌터,그외 안경 쓴 캐릭터,,시즈크,,,,"일러스트,기타",sizukudiski,https://dongne.co/events/df251002/circles/154561,제31회 디. 페스타(일),Day2
야광충,앵,,,,,2sp,히카루의 바둑,야냐의 간격,,,,,,"만화,일러스트",eln9au_pic,https://dongne.co/events/df251002/circles/154115,제31회 디. 페스타(일),Day2
여름섬,김유록,,,,,2sp,오오에,,,"오오사키,아오미",,,,,,https://dongne.co/events/df251002/circles/154713,제31회 디. 페스타(일),Day2
우주밥,코메,,,,,1sp,붕괴:스타레일,,,"카일루스,단항",카일루스X단항,로맨틱,,"만화,기타",uujubab,https://dongne.co/events/df251002/circles/154305,제31회 디. 페스타(일),Day2
유배지,"림, 신용가리",,,,,2sp,페르소나 3,"페르소나 4,페르소나 5,뉴 단간론파 V3",,"유우키 마코토,아이기스,모치즈키 료지,시오미 코토네,아마다 켄,이오리 준페이 등...",모치즈키 료지X시오미 코토네(햄코),로맨틱,"준햄(이오리 준페이 x 시오미 코토네), 주아이(유우키 마코토 x 아이기스), 사이아카(사이하라 슈이치 x 아카마츠 카에데)","만화,일러스트,기타","@Niu_NJGR, @yongari_shin",https://dongne.co/events/df251002/circles/155094,제31회 디. 페스타(일),Day2
털찐이,박지은,,,,,2sp,,,,바람분댕,,,,공예,tulzzini,https://dongne.co/events/df251002/circles/155097,제31회 디. 페스타(일),Day2
통닭집,코시려,,,,,1sp,화산귀환,"화산귀환,하이큐,데못죽",,,,,,일러스트,,https://dongne.co/events/df251002/circles/154460,제31회 디. 페스타(일),Day2
해달샵,시크루,,,,,4sp,원신,붕스 화산귀환,,,,,,공예,Sunmoon_shop16,https://dongne.co/events/df251002/circles/154168,제31회 디. 페스타(일),Day2
햄슈웅,yang,,,,,2sp,"오오에,니지산지","고서점가의 하시히메,페르소나,보컬로이드",,오오사키 미쿠,,,,,gniognam,https://dongne.co/events/df251002/circles/154706,제31회 디. 페스타(일),Day2
흐느적,룬시아,,,,,2sp,괴담출근,전독시 이착헌,,,김솔음,,,,,https://dongne.co/events/df251002/circles/154118,제31회 디. 페스타(일),Day2
되는건 다 팔아요,남고명수,,,,,2sp,가비지타임,"사카데이,닌타마",,,,,,,@SkIvtt9zP8Fyyu2,https://dongne.co/events/df251002/circles/154659,제31회 디. 페스타(일),Day2
궁극의 효도,에바님,,,,,1sp,엘소드,오오에,,,,,,,,https://dongne.co/events/df251002/circles/154110,제31회 디. 페스타(일),Day2
도토래 공방,도토래 공방,,,,,2sp,,적왕사,,,,,,일러스트,@dotorae_,https://dongne.co/events/df251002/circles/154364,제31회 디. 페스타(일),Day2
바닐라 라떼,.,,,,,2sp,,,,,,,,,,https://dongne.co/events/df251002/circles/154140,제31회 디. 페스타(일),Day2
부부와 신혼,영식,,,,,2sp,아이돌리쉬세븐,,,"오리카사 유키토,스노하라 모모세,이즈미 이오리,나나세 리쿠",,로맨틱,"오리카사 유키토x스노하라 모모세, 이즈미 이오리×나나세 리쿠",만화,@youngkaoru,https://dongne.co/events/df251002/circles/155122,제31회 디. 페스타(일),Day2
북산고 만동,메린,,,,,2sp,슬램덩크,,,서태웅 강백호,,로맨틱,,만화,@merinme99,https://dongne.co/events/df251002/circles/154199,제31회 디. 페스타(일),Day2
소준한 시간,미츠바,,,,,1sp,슈가슈가룬,"디지캐럿,케로로,은혼,슈가슈가룬",,,,,,"일러스트,기타",@mcb_0303,https://dongne.co/events/df251002/circles/155119,제31회 디. 페스타(일),Day2
와인에 치즈,우설,,,,,1sp,마블코믹스,건담 지쿠악스,,,스티브 로저스X토니 스타크,"로맨틱,섹슈얼","샤아샤리, 이그샤리","소설,만화,일러스트",@_ussul,https://dongne.co/events/df251002/circles/154202,제31회 디. 페스타(일),Day2
음악가 부스,,,,,,1sp,페이트/그랜드 오더,,,살리에리,,로맨틱,,만화,,https://dongne.co/events/df251002/circles/155225,제31회 디. 페스타(일),Day2
집으로 가자,멜,,,,,1sp,어바등,"공회주,명급리,문송안함,세구은,블랙배저",,,,,,,,https://dongne.co/events/df251002/circles/154196,제31회 디. 페스타(일),Day2
산으로 가는 부스,SAN,,,,,1sp,슬램덩크,스타트렉,,송태섭,,"로맨틱,섹슈얼",커크술루,"소설,만화",@mounteer_,https://dongne.co/events/df251002/circles/154284,제31회 디. 페스타(일),Day2
전지적 굿즈 시점,럽스,,,,,2sp,전지적 독자 시점,"데뷔 못 하면 죽는 병 걸림,괴수8호,화산귀환,헌터x헌터",,,,,,"일러스트,소설,공예",loversclub00,https://dongne.co/events/df251002/circles/154704,제31회 디. 페스타(일),Day2
크림과 리본 길드,Ella,,,,,1sp,,,,,,,,,Erika_cabin,https://dongne.co/events/df251002/circles/154695,제31회 디. 페스타(일),Day2
나뭇잎 마을 헌터 사무소,"gogo, 이레",,,,,2sp,"명탐정 코난,헌터헌터,나루토",,,,,,,일러스트,@gogomido_33 @Irae_o,https://dongne.co/events/df251002/circles/154670,제31회 디. 페스타(일),Day2
도자기 굽는 고양이,도자기굽는고양이,,,,,1sp,,,,,,,,,,https://dongne.co/events/df251002/circles/155004,제31회 디. 페스타(일),Day2
잡덕의 정원 가꾸기,왼뜨,,,,,1sp,데뷔 못 하면 죽는 병 걸림,괴담에 떨어져도 출근을 해야 하는 구나,,"박문대,김솔음 등",,,,"일러스트,공예,기타",Jd_closet ,https://dongne.co/events/df251002/circles/155230,제31회 디. 페스타(일),Day2
킥팀의 힘을 보여줘,람다,,,,,1sp,아이실드21,,,,아카바X코타로,,,만화,@lambda_ES,https://dongne.co/events/df251002/circles/154767,제31회 디. 페스타(일),Day2
자네가 우릴 죽였네 ,HUSH,,,,,1sp,붕괴 스타레일,,,파이논 마이데이 키레네 등등등,파이논X마이데이,,,,@xoxo_hush,https://dongne.co/events/df251002/circles/154558,제31회 디. 페스타(일),Day2
출근을 해도 덕질은 하게 되는구나,눙누,,,,,2sp,괴담에 떨어져도 출근을 해야 하는구나,데뷔 못 하면 죽는 병 걸림,,,,,,,,https://dongne.co/events/df251002/circles/154517,제31회 디. 페스타(일),Day2
내부스 하나만,흑당,,,,,2sp,괴담출근,"은혼,디지몬,가히리 여러가지...",,김솔음,,,,,@hy830207,https://dongne.co/events/df251002/circles/154447,제31회 디. 페스타(일),Day2
맛있는 파스타,모라,,,,,4sp,괴담출근,,,,,,,,,https://dongne.co/events/df251002/circles/154152,제31회 디. 페스타(일),Day2
메타포 토끼밭,PACHI,,,,,1sp,메타포: 리 판타지오,,,주인공(윌),,로맨틱,스트주,"만화,기타",pkin_cheezpie,https://dongne.co/events/df251002/circles/155130,제31회 디. 페스타(일),Day2
문어발 게이머,콩커피,,,,,1sp,"발더게3,프롬게임,드래곤에이지",,,,,,,,@kidney_bean_co,https://dongne.co/events/df251002/circles/154129,제31회 디. 페스타(일),Day2
숲뱃은 최고다,"Click,흑구",,,,,2sp,DC 코믹스,DCU,,"슈퍼맨,배트맨 그 외 올캐러",슈퍼맨X배트맨,로맨틱,,"만화,일러스트",bowi4_0808,https://dongne.co/events/df251002/circles/154369,제31회 디. 페스타(일),Day2
오시마 랑데부,관엽식물,,,,,1sp,오오에,,,"오오사키,아오미",오오사키X아오미,로맨틱,,"만화,기타",Houseplant_2 ,https://dongne.co/events/df251002/circles/154661,제31회 디. 페스타(일),Day2
오타쿠 보부상,금광,,,,,2sp,원펀맨,"괴담출근,페이트,포켓몬스터",,"사이타마,제노스",,"로맨틱,해당없음","암굴구다, 페퍼푸름","만화,소설",,https://dongne.co/events/df251002/circles/154890,제31회 디. 페스타(일),Day2
이달의 신랑들,온소망,,,,,1sp,괴담에 떨어져도 출근을 해야 하는구나,X,,"최요원,김솔음",최요원X김솔음,해당없음,X,소설,@somang12340,https://dongne.co/events/df251002/circles/155161,제31회 디. 페스타(일),Day2
일해라 얘들아,shahar,,,,,2sp,"이세계 착각 헌터,괴담에 떨어져도 출근을 해야 하는구나,화산귀환","이착헌,괴출,화귀",,"레밍,김솔음,최요원,류재관,이자헌,청명,당보",,,,"일러스트,공예,기타",,https://dongne.co/events/df251002/circles/154678,제31회 디. 페스타(일),Day2
페그오 오락관,아소,,,,,1sp,페이트/그랜드 오더,,,,암굴구다,,,소설,@aso__0000,https://dongne.co/events/df251002/circles/155024,제31회 디. 페스타(일),Day2
프릴리 데이즈,플plz,,,,,1sp,,,,,,,,,,https://dongne.co/events/df251002/circles/154450,제31회 디. 페스타(일),Day2
키작공 있는거 다 내놔,mukbab,,,,,2sp,아이돌리쉬 세븐,오오에 킹프리,,"오사카 소고,요츠바 타마키",오사카 소고X요츠바 타마키,로맨틱,,,,https://dongne.co/events/df251002/circles/154113,제31회 디. 페스타(일),Day2
뭐라도 가져올 수 있다면,ggg,,,,,1sp,,,,,,,,,,https://dongne.co/events/df251002/circles/154682,제31회 디. 페스타(일),Day2
뜨거운 동인에 불을 붙여라,몽디,,,,,2sp,드래곤볼,,,손오공 피콜로,,,,,@dandan_mong,https://dongne.co/events/df251002/circles/154817,제31회 디. 페스타(일),Day2
사공이 많으면 배가 산으로 간다,오야시,,,,,2sp,,구룡성채,,,,,,,oyasi8383 ,https://dongne.co/events/df251002/circles/154772,제31회 디. 페스타(일),Day2
장례식 아니고 생일 파티입니다,세인,,,,,2sp,오오에,,,오오사키,오오사키X신바시,,,,@myeonglyunjins4,https://dongne.co/events/df251002/circles/154495,제31회 디. 페스타(일),Day2
부스가 아니라 장례식,"용왕, 이라, 쿠바, 뱅길",,,,,2sp,오오에,,,"오오사키,신바시,시즈마",오오사키X시즈마,,,,,https://dongne.co/events/df251002/circles/154360,제31회 디. 페스타(일),Day2
신사는 금발을 좋아해,김민규,,,,,2sp,붕괴: 스타레일,,,"Dr. 레이시오,어벤츄린",레이시오X어벤츄린,로맨틱,,만화,@MARA_asmr,https://dongne.co/events/df251002/circles/155006,제31회 디. 페스타(일),Day2
이상한 나라의 잡화점,피치,,,,,2sp,,,,,,,,,@Twinkle_knoT,https://dongne.co/events/df251002/circles/154572,제31회 디. 페스타(일),Day2
그대도 아기를 좋아할 수 있다 ,이네오,,,,,2sp,키타로의 탄생 게게게의 수수께끼,게게게의 키타로,,"키타로,미즈키",키타로X미즈키,로맨틱,"메이와, 게타미즈",일러스트,@neonflowerpot,https://dongne.co/events/df251002/circles/154718,제31회 디. 페스타(일),Day2
백구도 초밥을 먹을수 있나요,초밥,,,,,2sp,아이돌리쉬 세븐,괴담출근,,"유키,모모,J3",,,,일러스트,,https://dongne.co/events/df251002/circles/154876,제31회 디. 페스타(일),Day2
하물며 파도도 예기치 못하는데,새인생,,,,,2sp,플레이브,가비지타임,,"유하민,남예준,성준수,기상호",깜X돌,로맨틱,성준수x기상호,"소설,공예",BLue_310631,https://dongne.co/events/df251002/circles/154903,제31회 디. 페스타(일),Day2
어떻게 친구가 되었을까,슈비시,,,,,1sp,괴수8호,"주술회전,데못죽,하이큐,은혼,데스노트,제5인격,플레이브,쓰르라미,히로아카,보석의 나라",,"호시나 소우시로,나루미 겐,고죠 사토루,츠키시마,L,등등",,,,일러스트,@ShuBish_see,https://dongne.co/events/df251002/circles/155089,제31회 디. 페스타(일),Day2
축구는 살아있다,퍄,,,,,2sp,이나즈마 일레븐,,,,,,,,@frf_inazma11,https://dongne.co/events/df251002/circles/154225,제31회 디. 페스타(일),Day2
카세트 플레이어,cassettebasket,,,,,1sp,케이팝데몬헌터스,,,,,,,"만화,일러스트",cassette_on,https://dongne.co/events/df251002/circles/154827,제31회 디. 페스타(일),Day2
포도가 주렁주렁,몰사,,,,,1sp,괴담에 떨어져도 출근을 해야하는구나,,,,,,,,mooollls,https://dongne.co/events/df251002/circles/154362,제31회 디. 페스타(일),Day2
힌힌의 탑꾸공장,"몰리, 힌",,,,,1sp,,,,,,,,"공예,기타",@hind_sights,https://dongne.co/events/df251002/circles/154879,제31회 디. 페스타(일),Day2
결혼은 모르겠고 네 아이는 키우고싶다,Living,,,,,2sp,드래곤볼,,,"피콜로,손오반",,,,,@Nsiring,https://dongne.co/events/df251002/circles/154194,제31회 디. 페스타(일),Day2
출근이 계속되는 괴담,"곰고미, 직장인",,,,,2sp,괴담출근,,,김솔음,,,,"소설,공예,기타",,https://dongne.co/events/df251002/circles/154427,제31회 디. 페스타(일),Day2
아마도 정상영업 합니다,사환,,,,,2sp,,,,,,,,,,https://dongne.co/events/df251002/circles/154880,제31회 디. 페스타(일),Day2
게임에 떨어져도 출근은 해야 하는구나,한사,,,,,2sp,괴담에 떨어져도 출근을 해야 하는구나,발더스게이트3,,,,,,"게임,소설",@14_Hansa,https://dongne.co/events/df251002/circles/154518,제31회 디. 페스타(일),Day2
마감에 떨어져도 출근을 해야하는구나,"감망, 사견, 양갱",,,,,2sp,괴담에 떨어져도 출근을 해야 하는구나,메달리스트,,"김솔음,최요원,백일몽 주식회사,재난관리국 등",최요원X김솔음,로맨틱,,"공예,일러스트,만화","@mangam217, @Cydogmas, @sssdidrod",https://dongne.co/events/df251002/circles/154822,제31회 디. 페스타(일),Day2
너희는 찐따남친 이런거 환장하지마라...,외지인,,,,,1sp,오오에,,,,,,,,out1and,https://dongne.co/events/df251002/circles/154462,제31회 디. 페스타(일),Day2
래퍼와 함께하는 재판체험,기어,,,,,2sp,"히프노시스 마이크,역전재판",,,,나루호도 류이치X미츠루기 레이지,,야마다 사부로X야마다 지로,"소설,만화,일러스트",ggg3ar ,https://dongne.co/events/df251002/circles/155157,제31회 디. 페스타(일),Day2
전하는 대가리를 사랑했네.,잠탱이,,,,,2sp,,,,,,,,,,https://dongne.co/events/df251002/circles/154839,제31회 디. 페스타(일),Day2
경찰이 연애해도 되는거에요?,"salmon, TAMANG",,,,,1sp,명탐정 코난,,,,야마토 칸스케X우에하라 유이,로맨틱,후루야 레이 X 카자미 유우야,소설,"@periodic_salmon, @tamang_FRKZ",https://dongne.co/events/df251002/circles/154463,제31회 디. 페스타(일),Day2
착각은 이쪽입니다,젤리,,,,,2sp,이세계 착각헌터,,,"김기려,레밍",,,,,@jelly__2222,https://dongne.co/events/df251002/circles/154881,제31회 디. 페스타(일),Day2
악마는 공동전선의 꿈을 꾸는가,qwes,,,,,2sp,아이실드21,,,,,,,,@N_D4_,https://dongne.co/events/df251002/circles/154290,제31회 디. 페스타(일),Day2
본인이 추근대는거냐!!! (척),moc,,,,,1sp,오오에,,,"오오사키,신바시,시즈마",오오사키X시즈마,로맨틱,오오신,"일러스트,기타,소설",@love_nggg,https://dongne.co/events/df251002/circles/155270,제31회 디. 페스타(일),Day2
농놀을 대운동회에서만 해야할까요?,페이지,,,,,1sp,슬램덩크,,,,오페라X이루마,해당없음,,"기타,일러스트",,https://dongne.co/events/df251002/circles/154943,제31회 디. 페스타(일),Day2
마네쟈 근친해보지않을래?,유시리아,,,,,1sp,아이나나,트위스테,,이즈미미츠키,쿠죠텐X나나세리쿠,해당없음,"이즈미미츠키,이즈미이오리",,@siria_yuu,https://dongne.co/events/df251002/circles/155172,제31회 디. 페스타(일),Day2
"그래요, 우린 귀여워요. ","인절미, 몰뱌",,,,,2sp,"윈브레,은혼","누카니발,아이나나",,"사쿠라,긴토키,토파,야마토",,,,일러스트,"@Nu_injeolmi, @YAMI_EGG_ ",https://dongne.co/events/df251002/circles/154633,제31회 디. 페스타(일),Day2
잠죽자(잠은 죽지 집에서 자자),지,,,,,1sp,오오에,,,,오오사키X타케시바,,,만화,@jii9254,https://dongne.co/events/df251002/circles/154885,제31회 디. 페스타(일),Day2
가보자(착각)닌자 ,이부,,,,,2sp,가비지타임,나루토,,"박병찬,기상호,최종수,성준수,사스케,이타치,나루토,아카츠키 등등",박병찬X기상호,로맨틱,최종수X기상호,기타,@_2BOOOO_,https://dongne.co/events/df251002/circles/154976,제31회 디. 페스타(일),Day2
문작귀(문구작가들이귀엽다),미나냥,,,,,2sp,"스티커,다꾸 굿즈",,,,,,,,@mnn_neko,https://dongne.co/events/df251002/circles/155022,제31회 디. 페스타(일),Day2
시엘로&마레 잡화점,akisage,,,,,1sp,,,,,,,,,@yuraseon00,https://dongne.co/events/df251002/circles/154345,제31회 디. 페스타(일),Day2
감자튀김,빌라누스,,,,,1sp,"헌터×헌터,오버워치",닌자보이 란타로,,,,,,일러스트,@nono_chocber,https://dongne.co/events/df251002/circles/155170,제31회 디. 페스타(일),Day2
골든배트,독독,,,,,1sp,오오에,,,"오오사키,신바시,시오도메",,,,만화,dokdok_sumnol,https://dongne.co/events/df251002/circles/154406,제31회 디. 페스타(일),Day2
공귀나산,해감,,,,,1sp,오오에,,,,,,,만화,r07a7e2,https://dongne.co/events/df251002/circles/154500,제31회 디. 페스타(일),Day2
괴담포차,얄랄루,,,,,2sp,괴담출근,,,현무1팀,최요원X김솔음,,,,,https://dongne.co/events/df251002/circles/154080,제31회 디. 페스타(일),Day2
기계묘묘,카카,,,,,2sp,음성합성엔진,죠죠의 기묘한 모험,,,,,,일러스트,kaka_ka_k,https://dongne.co/events/df251002/circles/154375,제31회 디. 페스타(일),Day2
꼬물아트,beev,,,,,2sp,"슬램덩크,가라오케가자",오리지널,,,,,,,ccomulart,https://dongne.co/events/df251002/circles/154153,제31회 디. 페스타(일),Day2
나꽁아꽁,엄마꽁,,,,,2sp,나꽁아꽁,,,나꽁아꽁,,,,,,https://dongne.co/events/df251002/circles/155276,제31회 디. 페스타(일),Day2
냐냥지마,"제쯔보, 미서",,,,,2sp,오오에,,,"오오사키,신바시,아리아케,시오도메",오오사키X신바시,,,,"cpcp_in, konyanyann",https://dongne.co/events/df251002/circles/154509,제31회 디. 페스타(일),Day2
네코시마,밀론,,,,,1sp,오오에,,,"오오사키,신바시,아리아케,아오미,시죠마에,토요스,히노데,후네노,시즈마",,로맨틱,오오타케,"만화,공예",mil1_on,https://dongne.co/events/df251002/circles/155145,제31회 디. 페스타(일),Day2
대죽지마,세모,,,,,1sp,오오에,,,"오오사키,타케시바",오오사키X타케시바,로맨틱,,"만화,일러스트",youyou_9game,https://dongne.co/events/df251002/circles/154924,제31회 디. 페스타(일),Day2
대파가루,태서,,,,,1sp,,,,,,,,,seo123te,https://dongne.co/events/df251002/circles/154444,제31회 디. 페스타(일),Day2
러브앤문,러브앤문,,,,,2sp,,,,,,,,공예,,https://dongne.co/events/df251002/circles/154525,제31회 디. 페스타(일),Day2
무지개떡,rakudo,,,,,2sp,오오에,니지산지,,,,해당없음,,"게임,기타",@1357289_,https://dongne.co/events/df251002/circles/154846,제31회 디. 페스타(일),Day2
미미이모,퐁짱,,,,,1sp,앙상블스타즈,플레이브,,,,,,공예,_mimi_imo_,https://dongne.co/events/df251002/circles/154749,제31회 디. 페스타(일),Day2
바리공방,yuri1501,,,,,1sp,,,,,,,,공예,@varibari_ ,https://dongne.co/events/df251002/circles/154675,제31회 디. 페스타(일),Day2
배고프다,두유,,,,,1sp,앙스타,,,"토모에히요리,사자나미쥰",,로맨틱,,만화,@do0yo0oo,https://dongne.co/events/df251002/circles/155291,제31회 디. 페스타(일),Day2
버섯부스,아지트,,,,,2sp,,,,,,,,,@azit_,https://dongne.co/events/df251002/circles/154433,제31회 디. 페스타(일),Day2
복작복작,moraegorae,,,,,2sp,코난,"나루토,혈계전선",,"타카기,사토",타카기X사토,,카카이루,,,https://dongne.co/events/df251002/circles/154299,제31회 디. 페스타(일),Day2
쁘띠뽀짝,뽀짝쿵야,,,,,2sp,"괴담출근,이착헌,데못죽,케데헌","플레이브,전독시,내스급,슬램덩크,하이큐,스파패,코난,뮤지컬 프랑켄슈타인,최애의 아이",,,,,,,@BBoJJaKKyu,https://dongne.co/events/df251002/circles/154184,제31회 디. 페스타(일),Day2
생선가게,무지괴물고기,,,,,1sp,오오에,,,"오오사키,신바시",,"로맨틱,섹슈얼",,"만화,기타",@verymonsterfish,https://dongne.co/events/df251002/circles/154904,제31회 디. 페스타(일),Day2
서울구경,다혼,,,,,1sp,이세계 착각 헌터,내가 키운 S급들,,,,,,,,https://dongne.co/events/df251002/circles/154415,제31회 디. 페스타(일),Day2
섬인체험,"마당쇠, 산무",,,,,2sp,오오에,,,"오오사키,아오미,시즈마",,해당없음,"오오아오, 오오시즈",기타,"@dangsoeO_X, @beamusuli",https://dongne.co/events/df251002/circles/154579,제31회 디. 페스타(일),Day2
소년혁명,HAYOYUME,,,,,1sp,은혼,,,오키타 소고,이마이 쥰(드림주)X오키타 소고,,,만화,hayoyume,https://dongne.co/events/df251002/circles/154476,제31회 디. 페스타(일),Day2
슬기공방,aluaz03,,,,,1sp,,,,,,,,,,https://dongne.co/events/df251002/circles/154327,제31회 디. 페스타(일),Day2
야레야레,츄르,,,,,1sp,사이키 쿠스오의 재난,닥터스톤,,사이키 쿠스오 등,,,,기타,37_churu,https://dongne.co/events/df251002/circles/155253,제31회 디. 페스타(일),Day2
연두공방,연두,,,,,1sp,보컬로이드,"하츠네미쿠,프로세카,니디걸",,히츠네미쿠,,,,,green_esen,https://dongne.co/events/df251002/circles/154912,제31회 디. 페스타(일),Day2
연어마왕,연어마왕,,,,,2sp,나의 히어로 아카데미아,주술회전,,바쿠고 토도로키 미도리야,,,,,@XX__BX,https://dongne.co/events/df251002/circles/154621,제31회 디. 페스타(일),Day2
연휴더줘,말단13호,,,,,1sp,오오에,우마무스메,,아그네스 타키온,,,,소설,EunhaMaldan3,https://dongne.co/events/df251002/circles/154696,제31회 디. 페스타(일),Day2
오순도순,와나나,,,,,2sp,"플레이브,피크민",,,,,,,,@0mamimumemo,https://dongne.co/events/df251002/circles/155068,제31회 디. 페스타(일),Day2
와얌의꿈,PZ,,,,,2sp,와야마 작가님 작품,,,,,,,,"@pizzzip,@gimi_jung",https://dongne.co/events/df251002/circles/154404,제31회 디. 페스타(일),Day2
우정도만,오자이 다사무,,,,,1sp,,,,종우정/도만,종우정X도만,"로맨틱,섹슈얼",,"만화,조형,사진,공예",_one_and_only_1,https://dongne.co/events/df251002/circles/154178,제31회 디. 페스타(일),Day2
은민상점,은민,,,,,1sp,,,,,,,,,,https://dongne.co/events/df251002/circles/154655,제31회 디. 페스타(일),Day2
잡도리탕,Z,,,,,2sp,도쿄리벤져스,오오에,,,,해당없음,,"소설,기타",@Jet_139,https://dongne.co/events/df251002/circles/154408,제31회 디. 페스타(일),Day2
조선화백,온율,,,,,1sp,케이팝데몬헌터스,,,,,,,,@onewl_,https://dongne.co/events/df251002/circles/154928,제31회 디. 페스타(일),Day2
차차탑꾸,차차,,,,,2sp,,,,,,,,공예,jinnycha7281,https://dongne.co/events/df251002/circles/155142,제31회 디. 페스타(일),Day2
초록말챠,초록말챠,,,,,1sp,아이나나,"악입문,가히리",,나나세 리쿠 이즈미 이오리 쿠죠 텐,이오리X리쿠,해당없음,,일러스트,@cochun14 ,https://dongne.co/events/df251002/circles/155199,제31회 디. 페스타(일),Day2
최솔하자,채,,,,,1sp,괴담출근,,,최 요원 김솔음,,"로맨틱,섹슈얼",,,@t_h_e_chae,https://dongne.co/events/df251002/circles/154938,제31회 디. 페스타(일),Day2
츈스찌개,cns,,,,,2sp,붕괴 : 스타레일,마도조사 세포신곡,,,,,,,,https://dongne.co/events/df251002/circles/154576,제31회 디. 페스타(일),Day2
코냐냐냐,쥬,,,,,1sp,오오에,,,,,,,"일러스트,만화",@3kento84199,https://dongne.co/events/df251002/circles/155298,제31회 디. 페스타(일),Day2
틈새시장,숑,,,,,1sp,가비지타임/다이아몬드에이스,,,성준수,전영중X성준수,,미유키×사와무라,"만화,일러스트",@syong636,https://dongne.co/events/df251002/circles/155148,제31회 디. 페스타(일),Day2
푸데푸데,실종,,,,,2sp,죠죠의 기묘한 모험,"소울이터,걸즈밴드크라이",,,,,,,,https://dongne.co/events/df251002/circles/154600,제31회 디. 페스타(일),Day2
하늘바람,하늘,,,,,1sp,타임 란도셀 - 2026 캘린더,타임 란도셀 - 스티커 / 미완성의 틈새 - 소장본(소량),,,,,,"일러스트,기타",@12070829haneul,https://dongne.co/events/df251002/circles/154435,제31회 디. 페스타(일),Day2
하울공방,하울공방,,,,,1sp,,,,,,,,,,https://dongne.co/events/df251002/circles/154394,제31회 디. 페스타(일),Day2
할로윈큐,볏식혜,,,,,1sp,하이큐,,,,,로맨틱,,일러스트,@kodokagunaF,https://dongne.co/events/df251002/circles/155304,제31회 디. 페스타(일),Day2
금수강산 속 복떡방,복떡,,,,,2sp,슬램덩크,,,"강백호,서태웅,송준섭,송태섭,정대만,송아라",서태웅X강백호,해당없음,송준섭x송태섭,"만화,기타",@macadamia__77,https://dongne.co/events/df251002/circles/154883,제31회 디. 페스타(일),Day2
머리쓰지 마... 나 그거 페티시 있어.,"머, 몸통밥튀김",,,,,1sp,오오에,,,오오사키 / 신바시,오오사키X신바시,"로맨틱,해당없음",오오아오,"일러스트,기타","@meochannnn, @tongbabbinggi",https://dongne.co/events/df251002/circles/154524,제31회 디. 페스타(일),Day2
루엘드의 부스,루엘드,,,,,1sp,괴담에 떨어져도 출근을 해야하는구나,"데못죽,진혼기",,"최요원,김솔음",,,,,@fndpfeb3014,https://dongne.co/events/df251002/circles/154135,제31회 디. 페스타(일),Day2
쿄사토를 두고 어떻게 죽어,하지/3,,,,,2sp,가라오케가자/파미레스가자,와야마야마작가작품,,나리타쿄지/오카사토미,,"로맨틱,섹슈얼",,만화,@hajikara_iko / @w_ay_a ,https://dongne.co/events/df251002/circles/155035,제31회 디. 페스타(일),Day2
초고교급 탐정 코난의 운동에 대하여,나연,,,,,2sp,명탐정 코난,"지. 지구의 운동에 대하여,프로젝트 세카이,단간론파,100m(백미터)",,명탐정 코난 캐릭터들,,"해당없음,로맨틱","바데오크, 헤카",,@space_potatoz,https://dongne.co/events/df251002/circles/154988,제31회 디. 페스타(일),Day2
아다치를 믿기 요스케를 믿기,밥,,,,,2sp,페르소나4 골든,,,"도지마가,아다치,요스케",나루카미X요스케,로맨틱,주아다주,"만화,일러스트",switchmyeon,https://dongne.co/events/df251002/circles/154628,제31회 디. 페스타(일),Day2
눈내리는 할로윈,생활연구소,,,,,2sp,명탐정코난,,,야마토 칸스케 우에하라 유이 시라토리 닌자부로 코바야시 스미코,,로맨틱,"시라토리 닌자부로x코바야시 스미코, 다카기 와타루x사토 미와코",,da_life_conan,https://dongne.co/events/df251002/circles/154481,제31회 디. 페스타(일),Day2
도마뱀의 보물함,해룡,,,,,2sp,,,,,,,,,,https://dongne.co/events/df251002/circles/154114,제31회 디. 페스타(일),Day2
랑하우스 솜옷장,랑하,,,,,2sp,솜인형 의상,,,,,,,,@__rang_house,https://dongne.co/events/df251002/circles/154282,제31회 디. 페스타(일),Day2
밥심으로 운영중,스팸버거,,,,,2sp,괴담출근,,,,,로맨틱,,,@yy_411125 ,https://dongne.co/events/df251002/circles/155040,제31회 디. 페스타(일),Day2
비내리는 진보쵸,오서방,,,,,1sp,고서점가의 하시히메,"오오에,우우울트라C",,,,,,,@dumb___pling,https://dongne.co/events/df251002/circles/154595,제31회 디. 페스타(일),Day2
사이쿄대 문예부,사라사,,,,,2sp,아이실드21,,,히루마요이치,콘고아곤X히루마요이치,"로맨틱,섹슈얼",무사히루,"만화,소설,일러스트",@salasa075,https://dongne.co/events/df251002/circles/154111,제31회 디. 페스타(일),Day2
오예다스 제과점,lonecosm,,,,,1sp,가비지타임,,,"박병찬,최종수",박병찬X최종수,로맨틱,,,lonecosm,https://dongne.co/events/df251002/circles/155030,제31회 디. 페스타(일),Day2
이것저것 잡화점,ㅅㄱ,,,,,1sp,,,,,,,,일러스트,https://x.com/slrv1111,https://dongne.co/events/df251002/circles/155290,제31회 디. 페스타(일),Day2
치치몬의 배터리,치치몬,,,,,1sp,망각배터리,,,"키요미네 하루카,카나메 케이",,로맨틱,,만화,@grimgrim_zzang,https://dongne.co/events/df251002/circles/154348,제31회 디. 페스타(일),Day2
동실에서 피어난 우정(※우정이 아니었다?!),라탕,,,,,1sp,닌타마,,,,,,,,,https://dongne.co/events/df251002/circles/154224,제31회 디. 페스타(일),Day2
염사헌은 뭐라고 울까요,포치,,,,,2sp,"괴담에 떨어져도 출근을 해야 하는구나,괴담출근",오오에,,"김솔음,백사헌,오오사키,아리아케",,,,일러스트,@____0x0c,https://dongne.co/events/df251002/circles/155110,제31회 디. 페스타(일),Day2
냥냥토와 마법여행,은뱜,,,,,2sp,,,,냥냥토,,,,"일러스트,기타",,https://dongne.co/events/df251002/circles/155216,제31회 디. 페스타(일),Day2
두근두근 금사클럽,메이,,,,,1sp,아이돌리쉬세븐,한국드라마,,"나나세 리쿠,쿠죠 텐",나나세 리쿠X쿠죠 텐,로맨틱,,소설,meime2mewmew,https://dongne.co/events/df251002/circles/155228,제31회 디. 페스타(일),Day2
마법사의 배신일기,추신,,,,,2sp,TRPG,,,,,,,기타,@PS_KIZ,https://dongne.co/events/df251002/circles/154448,제31회 디. 페스타(일),Day2
소녀들의 다꾸클럽,응애,,,,,2sp,아이돌리쉬세븐,,,"유키,모모",,해당없음,,기타,kumapipi_i7,https://dongne.co/events/df251002/circles/154936,제31회 디. 페스타(일),Day2
음악교사 규탄하라,센빵,,,,,1sp,오오에,,,"오오사키,아오미",오오사키X아오미,"로맨틱,섹슈얼",,"일러스트,만화",@ssenbbang,https://dongne.co/events/df251002/circles/154245,제31회 디. 페스타(일),Day2
오염에서 살아남기 ,꾸끼,,,,,2sp,괴담에 떨어져도 출근을 해야 하는구나,,,김솔음 브라운 최요원 류재관 이자헌 백사헌 고영은,,,,,@goechulcha97670,https://dongne.co/events/df251002/circles/154248,제31회 디. 페스타(일),Day2
게게게의 무언가의 번데기,종이,,,,,1sp,게게게의 키타로,,,키타로,키타로의 아버지X키타로의 어머니,로맨틱,키타네코 ,"소설,만화,일러스트",@M_PN_G,https://dongne.co/events/df251002/circles/154403,제31회 디. 페스타(일),Day2
기분이다 페르소나! ,3,,,,,1sp,페르소나,,,,,,,만화,@SAN_X4X,https://dongne.co/events/df251002/circles/154668,제31회 디. 페스타(일),Day2
몽돌이네 메이드카페,곰딜,,,,,2sp,,,,,,,,일러스트,@gomdill,https://dongne.co/events/df251002/circles/154941,제31회 디. 페스타(일),Day2
나오하의 뒷통수에선 허브향이 나겠지...,코리안더파티,,,,,2sp,포켓몬,,,"스칼렛 바이올렛 캐릭터들,페퍼푸름,나오하",페퍼X푸름,로맨틱,,"만화,일러스트",@coriander_party,https://dongne.co/events/df251002/circles/154157,제31회 디. 페스타(일),Day2
쌍둥이는 아름다운거야,굼밤,,,,,1sp,아이실드21,금색의 갓슈,,"운스이,아곤,바리",,해당없음,,,@gumbam_0_0,https://dongne.co/events/df251002/circles/154249,제31회 디. 페스타(일),Day2
하이킥은 아름다운거야,이일,,,,,1sp,거침없이 하이킥!,,,"서민정,이윤호,이민용,이민호,강유미",,,,,atthe0to1,https://dongne.co/events/df251002/circles/154753,제31회 디. 페스타(일),Day2
온달로드:영원의 반려,새벽,,,,,1sp,로드오브히어로즈,,,,,로맨틱,,,@dawn_LOH1,https://dongne.co/events/df251002/circles/154945,제31회 디. 페스타(일),Day2
프로젝트! 카무이오오에지마,"잡채빵,냠 ",,,,,1sp,나루토,오오에,,,우치하 오비토X하타케 카카시,로맨틱,오오사키 신바시,"만화,소설",@jobbpann_,https://dongne.co/events/df251002/circles/154870,제31회 디. 페스타(일),Day2
하롱살롱/겨울의꿈,하롱살롱,,,,,4sp,,,,,,,,,,https://dongne.co/events/df251002/circles/154181,제31회 디. 페스타(일),Day2
까망베르샵,윤이고,,,,,1sp,붕괴 스타레일,룬의 아이들,,"어벤츄린,레이시오,개척자,파이논",레이시오X어벤츄린,로맨틱,,,yunigohoyo,https://dongne.co/events/df251002/circles/155244,제31회 디. 페스타(일),Day2
낋여오거라,에러,,,,,2sp,괴담출근,"언더테일,원신,블루록,아역부터 월드스타,제5인격,리버스1999,이세계 착각헌터,보카로,블루아카이브",,"(D조,현무1팀,그 외) 샌즈(au다수 포함)",,,,"기타,공예",cookielike21,https://dongne.co/events/df251002/circles/155181,제31회 디. 페스타(일),Day2
놀러왔어요,만섭,,,,,2sp,오란고교,니지산지,,,,,,,duuuums,https://dongne.co/events/df251002/circles/154191,제31회 디. 페스타(일),Day2
더피귀여워,팩토리,,,,,1sp,케이팝데몬헌터스,,,"더피,진우,베이비,애비,로맨스,미스터리,조이,루미,미라",,,,만화,https://x.com/picter12,https://dongne.co/events/df251002/circles/155301,제31회 디. 페스타(일),Day2
데칼코마니,말로,,,,,1sp,오오에,,,,오오사키X시즈마,로맨틱,오오신,,@MCSL_2CP,https://dongne.co/events/df251002/circles/154097,제31회 디. 페스타(일),Day2
도깨비상점,이지연,,,,,2sp,,,,,,,,공예,,https://dongne.co/events/df251002/circles/154446,제31회 디. 페스타(일),Day2
드가를드가,Sosok,,,,,2sp,아이돌리쉬세븐,도키메키 메모리얼 Girl's Side 3,,"유키,모모",,로맨틱,,일러스트,@62_poe,https://dongne.co/events/df251002/circles/154929,제31회 디. 페스타(일),Day2
롬다롬다롬,도람,,,,,2sp,포켓몬,스플래툰 프리큐어 앙스타,,,,,,일러스트,@doramdarom,https://dongne.co/events/df251002/circles/154208,제31회 디. 페스타(일),Day2
마타세타나,호오구,,,,,1sp,아이실드21,,,"무사시,히루마,아곤",무사시X히루마,,"아히루, 쥬히루",,hohoho_9_,https://dongne.co/events/df251002/circles/154207,제31회 디. 페스타(일),Day2
멘헤라공원,매비,,,,,2sp,"에반게리온,봇치더락,리리무","게나조,에브호스,마마마",,,,,,일러스트,,https://dongne.co/events/df251002/circles/154684,제31회 디. 페스타(일),Day2
부부사기단,"사기, 키쿠 ",,,,,2sp,앙상블스타즈!!,닌타마 란타로,,"이츠키 슈,카게히라 미카,니토 나즈나",이츠키 슈X카게히라 미카,"로맨틱,섹슈얼",니토 나즈나X카게히라 미카(나즈미카),"만화,소설,기타",@kkunn__s,https://dongne.co/events/df251002/circles/155080,제31회 디. 페스타(일),Day2
아기대작전,"아기, 흙당근",,,,,2sp,"봇치 더 락,단간론파","걸즈밴드크라이,니지산지,프로세카,코바야시네 메이드래곤",,"고토 히토리,아키야마 미즈키",,,,일러스트,"l3eel3eel3ee, cryingcarrot__ ",https://dongne.co/events/df251002/circles/154906,제31회 디. 페스타(일),Day2
애플블로썸,소내,,,,,1sp,괴출,,,,,,,일러스트,,https://dongne.co/events/df251002/circles/154096,제31회 디. 페스타(일),Day2
오우예씨몬,몬트,,,,,1sp,오오에,,,오오사키,,,,만화,@ahsxmYG,https://dongne.co/events/df251002/circles/154271,제31회 디. 페스타(일),Day2
이세계뜬다,인먀,,,,,1sp,괴담출근,"이세계착각헌터,윈브레",,브라운,,,,공예,@4l_inmya,https://dongne.co/events/df251002/circles/155076,제31회 디. 페스타(일),Day2
임시부스명,제로,,,,,1sp,고서점가의 하시히메,"오오에,Adelta",,,미나카미X타마모리,로맨틱,"카와타마, 오오아리","일러스트,기타",@4D3LTA,https://dongne.co/events/df251002/circles/154638,제31회 디. 페스타(일),Day2
잔상의척안,"밀몽, 철판야끼, 소리",,,,,2sp,명탐정 코난,하이큐,,,,로맨틱,"다카사, 쿠로켄","만화,일러스트,소설","@milm0ng, @tsukkigakirei0, @IM50RI",https://dongne.co/events/df251002/circles/154833,제31회 디. 페스타(일),Day2
조손연구회,"출장자, 로메인",,,,,2sp,죠죠의 기묘한 모험,,,"쿠죠 죠타로,죠셉 죠스타,승죠세",쿠죠 죠타로X죠셉 죠스타,해당없음,,"만화,소설","@moriohhotel, @QVd066",https://dongne.co/events/df251002/circles/154420,제31회 디. 페스타(일),Day2
좋아하는거,햅띠,,,,,1sp,가비지타임,닥터스톤,,성준수,,,,기타,@heptti,https://dongne.co/events/df251002/circles/154571,제31회 디. 페스타(일),Day2
좋으면야옹,dlawlgh56,,,,,1sp,오오에,,,,,,,,@fairhail,https://dongne.co/events/df251002/circles/154337,제31회 디. 페스타(일),Day2
주먹밥가게,주먹밥,,,,,2sp,프로젝트 세카이,"이세계 착각 헌터,엘소드",,,,,,,@onigiri__0000,https://dongne.co/events/df251002/circles/154381,제31회 디. 페스타(일),Day2
진티엔리밍,kje1213114,,,,,2sp,,,,,,,,,,https://dongne.co/events/df251002/circles/154594,제31회 디. 페스타(일),Day2
천년라인랩,보라,,,,,1sp,명일방주,,,아이린,,,,소설,,https://dongne.co/events/df251002/circles/154710,제31회 디. 페스타(일),Day2
천연기념물,천연,,,,,1sp,유희왕,1차,,"무토 유우기,아템 등",카이바X유우기X유우기X유우기,로맨틱,,일러스트,@mikknag_gyul,https://dongne.co/events/df251002/circles/155053,제31회 디. 페스타(일),Day2
체리곰가게,나르,,,,,2sp,18TRIP,"엘소드,킹프리,프리파라",,오오구로 카프카,,,,"일러스트,만화",@narugrm,https://dongne.co/events/df251002/circles/154503,제31회 디. 페스타(일),Day2
키링판매점,폰,,,,,2sp,파이널판타지14,"프로젝트 세카이,우타프리(노래의왕자님),파라라이",,"파판14,프세카,콰르텟나이트",,,,게임,@Pon_w03,https://dongne.co/events/df251002/circles/154636,제31회 디. 페스타(일),Day2
테스타카페,욧시,,,,,2sp,데못죽,괴담출근,,,,,,,hamzzu123,https://dongne.co/events/df251002/circles/154203,제31회 디. 페스타(일),Day2
클론연구소 & 밀샌드,클론,,,,,2sp,,,,,,,,,,https://dongne.co/events/df251002/circles/154313,제31회 디. 페스타(일),Day2
타르타로스 등반회,"예쓰스트레스, 메",,,,,1sp,페르소나,,,"All,키리조 미츠루,사나다 아키히코,아라가키 신지로",사나다 아키히코X아라가키 신지로X키리조 미츠루,"로맨틱,섹슈얼",,"기타,만화","@YessStress, @MEMESHA268719",https://dongne.co/events/df251002/circles/155096,제31회 디. 페스타(일),Day2
하치조지마 문구점,융,,,,,1sp,오오에,,,오오후네,오오사키X후네노,로맨틱,오오신,게임,@YKO_456,https://dongne.co/events/df251002/circles/154258,제31회 디. 페스타(일),Day2
히프노시스 짬뽕의 추억,칠계,,,,,1sp,히프노시스 마이크,,,,,,,"만화,소설",@clfrpp,https://dongne.co/events/df251002/circles/155223,제31회 디. 페스타(일),Day2
최애잡이가 내려와 내려와,rrung,,,,,2sp,히프노시스 마이크,"아이돌리쉬세븐,앙상블스타즈,닌자보이 란타로,베리드 스타즈,역전재판,페르소나,니지산지",,,,,,일러스트,@rruXng,https://dongne.co/events/df251002/circles/155141,제31회 디. 페스타(일),Day2
고전문학에 백합을 곁들여 먹으면 얼마나 맛있게요,파다닭,,,,,2sp,,,,,,,,만화,vkekekfr,https://dongne.co/events/df251002/circles/154260,제31회 디. 페스타(일),Day2
후시구로도 평범한 남고생이구나,쨍쨍,,,,,1sp,주술회전,,,"후시구로 메구미,이타도리 유지",후시구로 메구미X이타도리 유지,"로맨틱,섹슈얼",,소설,woongmoro11,https://dongne.co/events/df251002/circles/154376,제31회 디. 페스타(일),Day2
구럴만두한 떼굴이들 손공예찰싹클럽,이삼,,,,,2sp,,,,,,,,"공예,기타,일러스트",@studio_sss_,https://dongne.co/events/df251002/circles/154386,제31회 디. 페스타(일),Day2
카루이자와 에어비앤비,sikeun / 오진,,,,,2sp,오오에,,,,오오사키X시즈마,,오오신,,@uzxkarma / @ooojinjin,https://dongne.co/events/df251002/circles/154709,제31회 디. 페스타(일),Day2
히어로들과 게이섬에서 축구하기,아구,,,,,2sp,오오에,"블루록,히로아카",,,,,,"일러스트,기타","@agoim514, @choyetti, @dontmonydongive, @dprhdlwma, @pong90_, @hanzizi22",https://dongne.co/events/df251002/circles/155207,제31회 디. 페스타(일),Day2
아무거나스 안가리고스 마구머거스,ARA아라,,,,,2sp,명일방주,"페르소나,킹 오브 프리즘",,,텍사스X라플란드,"섹슈얼,로맨틱","아케주, 유우히로, 카케타이","만화,일러스트",@ARA_200117,https://dongne.co/events/df251002/circles/155164,제31회 디. 페스타(일),Day2
미식축구는 청춘이었다.,뿡솜,,,,,2sp,아이실드21,,,,,,,"만화,일러스트,공예",aoppll,https://dongne.co/events/df251002/circles/154782,제31회 디. 페스타(일),Day2
무명찬란교 서울남부지회,9999,,,,,2sp,,,,,,,,,,https://dongne.co/events/df251002/circles/154257,제31회 디. 페스타(일),Day2
스기우메가 자연발생하면 좋겠다,삼나무,,,,,1sp,윈브레,주술회전,,,,,,,samnamu33321,https://dongne.co/events/df251002/circles/154902,제31회 디. 페스타(일),Day2
불타오른다! 열삼의 하트!,"CON, 고고매니저",,,,,2sp,페르소나3,,,유키 마코토(3주),,해당없음,"료주료, 주아이",만화,"@hazaOtoko, @gomaedosa04",https://dongne.co/events/df251002/circles/154593,제31회 디. 페스타(일),Day2
메타버스요? 그거 그냥 디지털 세상 아닌가?,레몬,,,,,2sp,니지산지,트위스테,,호시루베 쇼,에이스 트래폴라X리들 로즈하트,로맨틱,,"만화,소설,공예",,https://dongne.co/events/df251002/circles/154411,제31회 디. 페스타(일),Day2
굿즈팔이소녀,rtyu778,,,,,1sp,데못죽,괴담출근,,"박문대,신재현,김솔음",,,,,@mindy_cmt,https://dongne.co/events/df251002/circles/154331,제31회 디. 페스타(일),Day2
녹말이쑤시개,,,,,,1sp,,,,,,,,,,https://dongne.co/events/df251002/circles/154850,제31회 디. 페스타(일),Day2
뒷고기전문점,제와,,,,,2sp,블루록,,,"이사기 요이치,바로 쇼에이,이토시 사에,시도 류세이,이토시 린,미하엘 카이저,알렉시스 네스",,,,기타,"@Lvemhrd, @mmuuuug",https://dongne.co/events/df251002/circles/154801,제31회 디. 페스타(일),Day2
봄봄스튜디오,아사,,,,,2sp,,,,,,,,,,https://dongne.co/events/df251002/circles/154920,제31회 디. 페스타(일),Day2
부스하셨스타,낙수,,,,,1sp,포켓몬스터,,,스타단,,,,"일러스트,소설",@teamstarisgajok,https://dongne.co/events/df251002/circles/154414,제31회 디. 페스타(일),Day2
사과베이커리,부사621,,,,,1sp,가비지타임,,,,기상호X박병찬,,,"만화,일러스트,소설",,https://dongne.co/events/df251002/circles/154440,제31회 디. 페스타(일),Day2
섬낚시동호회,관,,,,,2sp,오오에,,,,오오사키X아오미,"로맨틱,섹슈얼",,,@okdontmove,https://dongne.co/events/df251002/circles/154799,제31회 디. 페스타(일),Day2
아이고세상에,하우스대마,,,,,2sp,괴담출근,에브리데이 호스트,,김솔음,,섹슈얼,,,@hello_dopamine,https://dongne.co/events/df251002/circles/154886,제31회 디. 페스타(일),Day2
청년도약부스,규자,,,,,1sp,Lkyt.,,,"미츠루기 형제(미사오,마코토) / 타스쿠,타케루",타스쿠X타케루,"로맨틱,섹슈얼",,만화,@ggggbbbggggbbbb,https://dongne.co/events/df251002/circles/154864,제31회 디. 페스타(일),Day2
키보오노하나,산,,,,,1sp,기동전사 건담,철혈의 오펀스,,,,,,만화,@our_failure,https://dongne.co/events/df251002/circles/155018,제31회 디. 페스타(일),Day2
하이랄계란찜,bigegg526,,,,,2sp,젤다의전설,"포켓몬스터,장송의 프리렌",,"링크,젤다",,"로맨틱,섹슈얼",사토세레,,@Big_egg526 ,https://dongne.co/events/df251002/circles/155123,제31회 디. 페스타(일),Day2
박애주의자의 삶,저갸,,,,,1sp,유희왕,"중증외상센터,천관사복,마도조사,괴담출근,데뷔 못하면 죽는 병 걸림,이세계 착각 헌터,어두운 바다의 등불이 되어,전지적 독자 시점",,"쥬다이,유세이,잭,백강혁,양재원,외...",백강혁X양재원,"해당없음,로맨틱",,"만화,일러스트",@HR_092321,https://dongne.co/events/df251002/circles/154387,제31회 디. 페스타(일),Day2
오오에지마의 유령,청소,,,,,1sp,오오에,,,,,,,,@d_oco_b_,https://dongne.co/events/df251002/circles/154465,제31회 디. 페스타(일),Day2
오오에지마에 갇힌 새,"놀자, CINDY",,,,,1sp,오오에,,,"오오사키,타케시바",오오사키X타케시바,로맨틱,,일러스트,"@danoljaaa, -",https://dongne.co/events/df251002/circles/154847,제31회 디. 페스타(일),Day2
와플가게에서 파는 토우아키,와플,,,,,1sp,프로젝트 세카이,앙상블 스타즈,,아오야기 토우야. 시노노메 아키토,,로맨틱,레이코가,,@prsk_waffle,https://dongne.co/events/df251002/circles/154423,제31회 디. 페스타(일),Day2
오타쿠대학교 과탑모임,라벤더,,,,,2sp,여러 장르 연합 부스,"괴수8호,괴담에 떨어져도 출근을 해야 하는구나,어두운 바다의 등불이 되어,보컬로이드,캐릭캐릭체인지,미우404,우마무스메,프로젝트세카이,슬램덩크,이세계 착각 헌터,붕괴: 스타레일,젠레스 존 제로",,"나루미 겐,호시나 소우시로,최요원,박무현,하츠네 미쿠,아무,쿠즈미,이부키 아이,시마 카즈미,스마트 팔콘,카츠라기 에이스,시노노메 에나,시노노메 아키토,양호열,강백호,레밍,브라운,아케론,제인 도",,,,,@Monghwa372_,https://dongne.co/events/df251002/circles/154999,제31회 디. 페스타(일),Day2
부스가왈카닥 열린거야 ,당구,,,,,1sp,뮤지컬 리지,,,,리지X엠마,로맨틱,,,,https://dongne.co/events/df251002/circles/154262,제31회 디. 페스타(일),Day2
데한민국에서 괴담까지 우리가 외계인으로 보이십니까,나기,,,,,2sp,괴담출근,데못죽,,,,,,,,https://dongne.co/events/df251002/circles/154455,제31회 디. 페스타(일),Day2
낭만관리국엔 사랑이있다,25,,,,,2sp,괴담에 떨어져도 출근을 해야 하는구나,,,"김솔음,최 요원",최 요원X김솔음,,,,,https://dongne.co/events/df251002/circles/155239,제31회 디. 페스타(일),Day2
불주먹용병단 워터딥지부,"io, cosan",,,,,1sp,발더스게이트3 발더게3,위쳐3 디아블로3,,게일 윌 타브 게롤트 레지스 티리엘 임페리우스,,"로맨틱,섹슈얼","타브게일 , 윌타브 ","만화,공예",@ioxmini,https://dongne.co/events/df251002/circles/154078,제31회 디. 페스타(일),Day2
영수증책갈피&절대영도,"밤캐러멜, 한천",,,,,1sp,오오에,,,,,,,일러스트,"@Lemon_heim, @mirukunimikan ",https://dongne.co/events/df251002/circles/154960,제31회 디. 페스타(일),Day2
검정색이좋아요,임사,,,,,1sp,오오에,슬로우데미지,,"오오사키,아오미",오오사키X아오미,로맨틱,,"만화,일러스트,기타",@sasa_sda_2,https://dongne.co/events/df251002/circles/155307,제31회 디. 페스타(일),Day2
공동입학설명회,슈딘,,,,,1sp,페르소나3포터블,"잭잔느,메타포:리판타지오",,햄코,햄코X공략캐전원,로맨틱,타치바나 키사(잭잔느)x공략캐전원,"소설,기타",@0s0_strs,https://dongne.co/events/df251002/circles/154768,제31회 디. 페스타(일),Day2
마카롱부대찌개,키티,,,,,2sp,화산귀환,"슬램덩크,니지산지",,"당보,청명",당보X청명,로맨틱,"우성명헌, 센루, 태대","만화,일러스트,소설",@Dmdcone,https://dongne.co/events/df251002/circles/154831,제31회 디. 페스타(일),Day2
무지개배구괴담,틸스틸,,,,,1sp,괴담출근,"니지산지,하이큐",,,,,,,@until_stil,https://dongne.co/events/df251002/circles/155175,제31회 디. 페스타(일),Day2
소년만화전문점,"포로로,끄롱",,,,,2sp,가비지타임,"나루토,사카데이",,"박병찬,기상호,전영중,성준수,etc",박병찬X기상호,해당없음,"뱅상,빵준","일러스트,기타",@KK_ong13,https://dongne.co/events/df251002/circles/155128,제31회 디. 페스타(일),Day2
솜사탕크림라떼,somko,,,,,2sp,"앙상블 스타즈,오오에",마비노기,,"오오사키,시오도메",이츠키슈X카게히라미카,,,,sugarshu_S2,https://dongne.co/events/df251002/circles/154574,제31회 디. 페스타(일),Day2
연상탐지레이더,"가자, 티즐껍데기",,,,,2sp,오오에,,,"오오사키,시즈마,아오미",오오사키X시즈마,,,만화,"@oeoloeol, @marim_o_o",https://dongne.co/events/df251002/circles/155032,제31회 디. 페스타(일),Day2
개명하고싶어서 돈주고 이름지었는데 오오사키가 나올 수 있어?,"KIN,종합게임계정",,,,,2sp,오오에,"우우울트라C,고서점가의 하시히메",,,,,,,"@amugonamagumogo,@zzzxcll",https://dongne.co/events/df251002/circles/154770,제31회 디. 페스타(일),Day2
너는친구도아니다,해일,,,,,1sp,오오에,닌타마,,,,,,,,https://dongne.co/events/df251002/circles/154932,제31회 디. 페스타(일),Day2
도키도키했잖아요,PiPi,,,,,1sp,닌타마 란타로,,,"도이 한스케,셋츠노 키리마루",도이 한스케X셋츠노 키리마루,해당없음,,"만화,일러스트,기타",PiPi6756,https://dongne.co/events/df251002/circles/154300,제31회 디. 페스타(일),Day2
상호등떠밀기조합,눌레,,,,,2sp,가비지타임,괴담출근,,,,로맨틱,솔음사헌,,canele_8585,https://dongne.co/events/df251002/circles/154204,제31회 디. 페스타(일),Day2
이것저것돼지만두,훤,,,,,2sp,플레이브,,,,,,,,@L_hywon,https://dongne.co/events/df251002/circles/154853,제31회 디. 페스타(일),Day2
해마♡파라다이스,"도피, ON, 형박이, 호비",,,,,2sp,오오에,고서점가의 하시히메,,"오오사키,타케시바,시즈마",오오사키X타케시바,,오오시즈,,,https://dongne.co/events/df251002/circles/154809,제31회 디. 페스타(일),Day2
히프노시스테이지,베타,,,,,1sp,히프노시스마이크,룰 더 스테이지,,"진구지 쟈쿠라이,도안 카즈사토",진구지 쟈쿠라이X아마구니 히토야,로맨틱,,소설,s1r1us_Beta,https://dongne.co/events/df251002/circles/154664,제31회 디. 페스타(일),Day2
이딴건내가써야해 ,시공,,,,,2sp,오오에,,,"오오사키,타케시바,시나가와",,,,,ihave7000won,https://dongne.co/events/df251002/circles/154582,제31회 디. 페스타(일),Day2
초자연재난관리국 ~심해지부~,나히,,,,,2sp,괴담출근,어바등,,최요원,,,,"일러스트,만화",,https://dongne.co/events/df251002/circles/154090,제31회 디. 페스타(일),Day2
놀러오지마다죽자섬,무너,,,,,1sp,오오에,,,,,,,,,https://dongne.co/events/df251002/circles/154644,제31회 디. 페스타(일),Day2
도이키리지지합니다,시리,,,,,1sp,닌타마,,,"도이,키리마루",,로맨틱,,소설,,https://dongne.co/events/df251002/circles/154537,제31회 디. 페스타(일),Day2
쑥떡파인애플갈비탕,쑥떡파인애플갈비탕,,,,,1sp,보컬로이드 가비지타임,히카고 캐캐체 디지캐럿 닌타마,,,,,,,@ggng8282,https://dongne.co/events/df251002/circles/154748,제31회 디. 페스타(일),Day2
아메리카건축가협회,"딩쨩,hazama",,,,,2sp,오오에,괴담출근,,"오오사키,시즈마",오오사키X시즈마,"로맨틱,섹슈얼",솔음왼,"만화,일러스트","dingzaing,9237q",https://dongne.co/events/df251002/circles/155070,제31회 디. 페스타(일),Day2
장갑전차세탁기도둑,집,,,,,1sp,메타포 : 리판타지오,,,,,,,,,https://dongne.co/events/df251002/circles/154739,제31회 디. 페스타(일),Day2
총공생일파티플래너,"이치고, 비송",,,,,2sp,오오에,,,"오오사키,아오미,아리아케,신바시,히노데",오오사키X아오미,"로맨틱,섹슈얼",전편조 하렘,"만화,일러스트,소설,기타",@ich__g0,https://dongne.co/events/df251002/circles/155257,제31회 디. 페스타(일),Day2
타케토리모노가타리 ,"쥐돌이, 행복해요, 밀키",,,,,2sp,오오에,,,타케시바 요조,오오사키 히이로X타케시바 요조,로맨틱,오오신,만화,"nezuminokimoch,@fupoman ,@MILKYTYA",https://dongne.co/events/df251002/circles/155117,제31회 디. 페스타(일),Day2
납작복숭아설기명가 백로떡집,사하라,,,,,1sp,블루자이언트,,,"다이,유키노리,타마다",미야모토 다이X사와베 유키노리,"로맨틱,섹슈얼",,"만화,일러스트",S_H_R_aaa,https://dongne.co/events/df251002/circles/155109,제31회 디. 페스타(일),Day2
특제고기덮밥주세요!,ToTokiki,,,,,1sp,페르소나,,,,,,,일러스트,igging953713,https://dongne.co/events/df251002/circles/155187,제31회 디. 페스타(일),Day2
고양이는참치를좋아해,참치,,,,,1sp,윈드브레이커,,,"사쿠라 하루카,우메미야 하지메",우메미야 하지메X사쿠라 하루카,로맨틱,히이라기x사코,만화,@mega_chamchi,https://dongne.co/events/df251002/circles/155071,제31회 디. 페스타(일),Day2
나의오오에아카데미아,"국밥, 도테, 히카",,,,,1sp,오오에,"나의 히어로 아카데미아,페르소나4",,,,,,"만화,일러스트,기타","@boi_173, @hyeongagajoa, @yohika321",https://dongne.co/events/df251002/circles/154692,제31회 디. 페스타(일),Day2
내세에는형제가좋겠어,파피,,,,,1sp,오오에,,,"오오사키 히이로,다이바 시즈마",,"로맨틱,섹슈얼",,소설,pinutbutt_er_,https://dongne.co/events/df251002/circles/154268,제31회 디. 페스타(일),Day2
아기공유기방지위원회,"사랑헤봇,즐껨충",,,,,2sp,오오에,,,,,"로맨틱,섹슈얼",,,"@LOVE_U_2MUCH_,@riversidedoggy",https://dongne.co/events/df251002/circles/154372,제31회 디. 페스타(일),Day2
로도스아일랜드지구지부,햄작,,,,,2sp,명일방주,,,,슈X신농,로맨틱,,"소설,기타",@mmix_pp @akn_nu_,https://dongne.co/events/df251002/circles/154830,제31회 디. 페스타(일),Day2
부스를내면뭐라도나온다,아마도딜로,,,,,1sp,앙상블 스타즈,창작 백합,,,아오이 히나타X안즈,로맨틱,,,amadodilo,https://dongne.co/events/df251002/circles/154183,제31회 디. 페스타(일),Day2
시간을보니마감날이었다,dosunny99,,,,,2sp,"오버워치,파이널판타지",,,,,,,만화,@tw_egg_2,https://dongne.co/events/df251002/circles/154311,제31회 디. 페스타(일),Day2
전자오라버니효도위원회,렌,,,,,1sp,Vocaloid,프로젝트 세카이,,KAITO,,해당없음,,"만화,일러스트",eeo_407,https://dongne.co/events/df251002/circles/155259,제31회 디. 페스타(일),Day2
망고마카롱마라탕부대찌개,UNI,,,,,1sp,데뷔못하면죽는병걸림,"괴담출근,주술회전,명탐정코난,원피스,이착헌",,,,,,,@_UNI_heart,https://dongne.co/events/df251002/circles/154804,제31회 디. 페스타(일),Day2
토비폭스터트리기모금부스,일출,,,,,1sp,델타룬,1차창작,,,,,,"만화,일러스트",@ILOVETV5000,https://dongne.co/events/df251002/circles/154952,제31회 디. 페스타(일),Day2
사랑보다먼우정보다는가까운,메탈전사Z,,,,,2sp,괴담출근,프로게이머 고쳐쓰기,,"곽제강,J3",곽제강Xj3Xj3X곽제강,"로맨틱,섹슈얼",박민성X은하제,만화,@MetalwarroirZ,https://dongne.co/events/df251002/circles/154950,제31회 디. 페스타(일),Day2
야아침에가볍게덕질하자테런켜,춘파랑,,,,,2sp,테일즈런너,,,"저승조,헬가족 등 테일즈런너",닥터헬X엘림스,로맨틱,"카인라라, 시호미호","일러스트,만화",@stonedog_run,https://dongne.co/events/df251002/circles/154741,제31회 디. 페스타(일),Day2
이번역은칼라드리우스역입니다,dos,,,,,1sp,메타포:리판타지오,,,"루이 귀아베른,윌",루이 귀아베른X주인공,로맨틱,,만화,@__10___0111,https://dongne.co/events/df251002/circles/155143,제31회 디. 페스타(일),Day2
아들이름이오오사키일수가있어?,공충,,,,,2sp,오오에,카리스마,,오오사키,,로맨틱,,만화,gongchung79,https://dongne.co/events/df251002/circles/154821,제31회 디. 페스타(일),Day2
우리사이코프로덕션정상영업합니다,"깨소금, 쿠독",,,,,2sp,아이돌마스터 사이드엠,,,드라마틱 스타즈,,로맨틱,,,hmd_315,https://dongne.co/events/df251002/circles/154070,제31회 디. 페스타(일),Day2
간장게장마카롱탕후루하레하레유카이,벌스,,,,,2sp,히프노시스마이크,도검난무,,,,,,"만화,소설",@us_nobi,https://dongne.co/events/df251002/circles/154351,제31회 디. 페스타(일),Day2
걔가공략캐였으면내가이렇게까진안했어,두부,,,,,1sp,오오에,,,"오오사키,시나가와",,"해당없음,로맨틱",,소설,,https://dongne.co/events/df251002/circles/154504,제31회 디. 페스타(일),Day2
불조심! 쇼토다비 1인 시위 구역,실행,,,,,1sp,나의 히어로 아카데미아,,,"토도로키 쇼토,다비",토도로키 쇼토X다비,,,소설,@sillhaeng_hero,https://dongne.co/events/df251002/circles/154366,제31회 디. 페스타(일),Day2
죽지도않고돌아온술탄겜부스1,밀재,,,,,2sp,술탄의 게임,,,"아르트,네페르",아르트X네페르,해당없음,,,@Cuu_Mill,https://dongne.co/events/df251002/circles/154520,제31회 디. 페스타(일),Day2
디페첫참가가1차부스라고요 네,하성,,,,,1sp,1차,,,,,,,만화,@1_AM_PM,https://dongne.co/events/df251002/circles/155190,제31회 디. 페스타(일),Day2
10번씩이나 이 거지같은 섬에 버려지다니,갈대,,,,,1sp,오오에,고서점가의 하시히메.슬로우데미지,,,,,,,@S2_002il,https://dongne.co/events/df251002/circles/154396,제31회 디. 페스타(일),Day2
협박죄 추가 (+1500원),우주를건너,,,,,1sp,오오에,"역전재판,세포신곡",,,,,,,,https://dongne.co/events/df251002/circles/155101,제31회 디. 페스타(일),Day2
니코니코의2,게류,,,,,1sp,오오에,,,,오오사키X타케시바,,,만화,@FILAM3N7,https://dongne.co/events/df251002/circles/154237,제31회 디. 페스타(일),Day2
페르소나21,잡,,,,,1sp,페르소나,아이실드21,,,,,,,,https://dongne.co/events/df251002/circles/154484,제31회 디. 페스타(일),Day2
2와 1사이,NK,,,,,1sp,아이실드21,,,"콘고아곤,히루마요이치",,로맨틱,,"만화,일러스트",,https://dongne.co/events/df251002/circles/154533,제31회 디. 페스타(일),Day2
21세기 동인은 물물교환만 받습니다.,빨간단추,,,,,2sp,괴담출근,,,최요원,,,,"소설,공예",,https://dongne.co/events/df251002/circles/154289,제31회 디. 페스타(일),Day2
24시 괴담국밥집,빙수,,,,,2sp,괴담에떨어져도출근을해야하는구나,,,"김솔음,브라운,최요원,재관,제강,제이 등 올캐러",,,,"만화,일러스트,기타",@iceflake_ice,https://dongne.co/events/df251002/circles/155060,제31회 디. 페스타(일),Day2
2x1/21,맥,,,,,1sp,아이실드21,,,"히루마 요이치,콘고 아곤",콘고아곤X히루마요이치,"로맨틱,섹슈얼",야마히루아곤,"소설,기타",magicalshell__,https://dongne.co/events/df251002/circles/155286,제31회 디. 페스타(일),Day2
31회라서 무작정 신청한 미츠이오부스,김밀크,,,,,1sp,아이돌리쉬세븐,,,,이즈미 미츠키X이즈미 이오리,,,,@ortho_fanatic,https://dongne.co/events/df251002/circles/154974,제31회 디. 페스타(일),Day2
31°C,요정딤섬,,,,,1sp,뱅드림 마이고/아베무지카,,,"치하야 아논,나가사키 소요",치하야 아논X나가사키 소요,"로맨틱,섹슈얼",,"만화,기타",@Fairy17171771,https://dongne.co/events/df251002/circles/154169,제31회 디. 페스타(일),Day2
신곤륜 탑승권 32000원,VI,,,,,1sp,나인 솔즈,세포신곡,,,,,,게임,@IVIV__VIVI,https://dongne.co/events/df251002/circles/154727,제31회 디. 페스타(일),Day2
영왕님드디어저희가4진영대통일을이뤄냈습니다.,아아메,,,,,2sp,블리치,,,"블리치 - 현세조,호정 13대 대장,부대장급 사신들(옥이명명 기준),에스파다,슈테른릿터",,,,"만화,일러스트,소설",@aame_3467 @Maya_Maillard @pic_chunhee_pic  @uuu999111_,https://dongne.co/events/df251002/circles/155222,제31회 디. 페스타(일),Day2
404,404,,,,,2sp,닌타마,"윈브레,하이큐",,,,,,,,https://dongne.co/events/df251002/circles/154232,제31회 디. 페스타(일),Day2
너 라인 4개라고? 난 인격이 5개다,퍼플,,,,,2sp,"솜인형,제5인격,엘소드,페르소나",,,,,,,,tan_ttg / purple_1line,https://dongne.co/events/df251002/circles/154263,제31회 디. 페스타(일),Day2
팡케이키 오이시이! [페르소나5:아케치고로명대사],"IKUJYO, 주캐",,,,,2sp,페르소나 5,,,"주인공,아케치 고로",주인공X아케치 고로,로맨틱,,"소설,만화","@IKU_P5R, @hhhhhhj1676",https://dongne.co/events/df251002/circles/155017,제31회 디. 페스타(일),Day2
52℃e ,1,,,,,2sp,가비지타임,,,,,,,,,https://dongne.co/events/df251002/circles/154619,제31회 디. 페스타(일),Day2
평균나이 80대 노익장의 마지막 끌어치기,피망,,,,,2sp,오오에,"괴출,앙스타,이착헌,프세카",,"오오사키,아오미",오오사키X아오미,,"오오아오, 쿠로케이, 루이네네",만화,@KnfH5O,https://dongne.co/events/df251002/circles/154797,제31회 디. 페스타(일),Day2
8년 보장된 맛집: 프랑소와와패니즈코리안머튼커리파스타집 마크 2,뇨뇽,,,,,1sp,,,,,,,,,,https://dongne.co/events/df251002/circles/154146,제31회 디. 페스타(일),Day2
AM 01:00,한시,,,,,1sp,프로젝트 세카이,,,"카미시로 루이,텐마 츠카사",카미시로 루이X텐마 츠카사,로맨틱,,만화,hns_iiiii,https://dongne.co/events/df251002/circles/154384,제31회 디. 페스타(일),Day2
Bbutti,아가창,,,,,1sp,"오오에,프리파라,핸드메이드",고서점가의하시히메 명일방주 니지산지 슬로우데미지,,"위즈 코요이,아사히,쇼고,아리아케,신바시",,해당없음,"오오신, 카와타마, 박사타마",기타,baby_cream1004,https://dongne.co/events/df251002/circles/154832,제31회 디. 페스타(일),Day2
오리지늄 C세포,HYUN,,,,,2sp,명일방주,"사이퍼즈,세포신곡",,올캐릭터,,,,,@KJ3R4G,https://dongne.co/events/df251002/circles/154871,제31회 디. 페스타(일),Day2
CP로라도 애국합니다,청일 / 고구마돌이,,,,,2sp,아이돌리쉬 세븐,,,"이즈미 이오리,나나세 리쿠",이즈미 이오리X나나세 리쿠,로맨틱,타마소우,"만화,일러스트,소설",I710ku / i717259,https://dongne.co/events/df251002/circles/154581,제31회 디. 페스타(일),Day2
DDD,메가모,,,,,1sp,니지산지,"프로세카,에반게리온,오오에,하이큐,가비지타임,괴수8호,러브앤딥스페이스,가라오케 가자!",,,,,,,@mmgao_1225,https://dongne.co/events/df251002/circles/154794,제31회 디. 페스타(일),Day2
dewflow,joy,,,,,1sp,,,,,,,,,dewflow_,https://dongne.co/events/df251002/circles/155008,제31회 디. 페스타(일),Day2
사망단길 DIE-SO,박먛,,,,,2sp,괴담에 떨어져도 출근을 해야 하는구나,,,,,,,,,https://dongne.co/events/df251002/circles/155132,제31회 디. 페스타(일),Day2
dreampapel,나비아,,,,,1sp,프로젝트세카이,"프로세카,프세카",,,,,,일러스트,,https://dongne.co/events/df251002/circles/154144,제31회 디. 페스타(일),Day2
<DTB:Drop The Booth> 주최부스,DTB:Drop The Booth,,,,,2sp,,,DTB:Drop The Booth,,,,,,,https://dongne.co/events/df251002/circles/154089,제31회 디. 페스타(일),Day2
ECO-404,성찬,,,,,2sp,,,,,,,,"만화,일러스트",@Cosmo_Exp,https://dongne.co/events/df251002/circles/154954,제31회 디. 페스타(일),Day2
고서점과 섬과 es의 중간 ,보나,,,,,2sp,오오에,고서점가의 하시히메,,오오사키,,"로맨틱,섹슈얼",,"만화,소설",Toogoodtoluv,https://dongne.co/events/df251002/circles/154620,제31회 디. 페스타(일),Day2
everblue,ion,,,,,1sp,가비지타임,,,"기상호,박병찬",기상호X박병찬,로맨틱,"논커플링(NCP), 임승대&진재유","만화,일러스트,소설",ionblue,https://dongne.co/events/df251002/circles/154590,제31회 디. 페스타(일),Day2
he@rtkoi,@qpd,,,,,2sp,보컬로이드,"보컬로이드,에브리데이호스트,유희왕,개구리중사케로로",,,,,,,@qpdnet @YU__NYAM_PIC @C_y_b_e_r_000,https://dongne.co/events/df251002/circles/154760,제31회 디. 페스타(일),Day2
IAGO,이아고,,,,,2sp,STRIPES(스트라입스),일러스트북,,,,,,"만화,일러스트",,https://dongne.co/events/df251002/circles/154185,제31회 디. 페스타(일),Day2
Imagination Store,츠히,,,,,2sp,묵독,천관사복 프로젝트 세카이,,페이두 뤄원저우 화성 사련 카이토,,로맨틱,화련 ,"소설,일러스트",tzuhi,https://dongne.co/events/df251002/circles/154275,제31회 디. 페스타(일),Day2
제가 이 자리에 있다는건 KTX 티켓팅에 성공했다는 뜻이겠죠,너리,,,,,1sp,아이돌리쉬세븐,,,,유키X모모,,,"만화,일러스트,소설",@neorit_,https://dongne.co/events/df251002/circles/154410,제31회 디. 페스타(일),Day2
Love And G.S,애쁠,,,,,1sp,괴담출근,"러브앤딥스페이스,원피스",,"기욱,김솔음,최요원,백사헌,루피,사보,에이스",김솔음X최요원,로맨틱,솔음사헌,일러스트,ello_322,https://dongne.co/events/df251002/circles/155266,제31회 디. 페스타(일),Day2
magic을 아십니까..?,연안,,,,,2sp,앙상블스타즈!!,,,,,,,"일러스트,기타",2x4_2in4,https://dongne.co/events/df251002/circles/155209,제31회 디. 페스타(일),Day2
Merry Blue,merry_Blue,,,,,2sp,,,,,,,,,@merry_blue_,https://dongne.co/events/df251002/circles/155289,제31회 디. 페스타(일),Day2
MGR,jz,,,,,1sp,괴담에 떨어져도 출근을 해야 하는구나,데뷔 못 하면 죽는 병 걸림,,,,,,,,https://dongne.co/events/df251002/circles/154227,제31회 디. 페스타(일),Day2
Micro-SVNR,미정,,,,,2sp,도트,,,,,,,,https://x.com/iammijung,https://dongne.co/events/df251002/circles/155185,제31회 디. 페스타(일),Day2
mix nuts,이례,,,,,2sp,괴담출근,,,,,,,,,https://dongne.co/events/df251002/circles/154112,제31회 디. 페스타(일),Day2
N잡사무소,아르테,,,,,1sp,아이돌 마스터,,,"샤니마스,학원마스,밀리마스 캐릭터",,,,일러스트,Arte_2532,https://dongne.co/events/df251002/circles/155210,제31회 디. 페스타(일),Day2
new one,타스카,,,,,1sp,,,,,,,,,taska_ms,https://dongne.co/events/df251002/circles/154324,제31회 디. 페스타(일),Day2
NEZ PRODUCTION,NEZ,,,,,1sp,아이돌리쉬세븐,,,ŹOOĻ,,,,일러스트,,https://dongne.co/events/df251002/circles/154239,제31회 디. 페스타(일),Day2
.oO(상상중),해사백,,,,,1sp,괴담에 떨어져도 출근을 해야 하는구나,,,"김솔음,최요원,류재관",최요원X김솔음,"로맨틱,섹슈얼","재관솔음, 요원솔음",소설,@hae4back_,https://dongne.co/events/df251002/circles/155271,제31회 디. 페스타(일),Day2
PPPPP,뽤,,,,,1sp,게게게의키타로,,,"키타로,미즈키,게게로",,로맨틱,,만화,@ppwal_nu,https://dongne.co/events/df251002/circles/154334,제31회 디. 페스타(일),Day2
원투쓰리 오오에지마 디비전 ~represent ooejima~,"니나, 셀레스틴",,,,,2sp,"히프노시스마이크,오오에",,,,,,오오시즈,"일러스트,사진,기타","@ninagashine, @Celestine_Draw",https://dongne.co/events/df251002/circles/155206,제31회 디. 페스타(일),Day2
SAND LAKE,모래호수,,,,,2sp,메탈카드봇,,,,,,,,,https://dongne.co/events/df251002/circles/154108,제31회 디. 페스타(일),Day2
SEA QUEST,사구리,,,,,1sp,골든카무이,,,,,,,만화,@Sakra271,https://dongne.co/events/df251002/circles/154131,제31회 디. 페스타(일),Day2
SHOCK!#,Syunn,,,,,1sp,도검난무,,,,쇼쿠다이키리 미츠타다X헤시키리 하세베,,,"만화,일러스트",@lady_may_ladys,https://dongne.co/events/df251002/circles/154179,제31회 디. 페스타(일),Day2
sidewalk,mino,,,,,1sp,포켓몬스터 스칼렛·바이올렛,,,테사,청목X테사,로맨틱,,만화,dorong_mino,https://dongne.co/events/df251002/circles/154117,제31회 디. 페스타(일),Day2
Studio Rio,Río,,,,,2sp,포켓몬스터,,,,,,,만화,@riodrawsstuff,https://dongne.co/events/df251002/circles/154359,제31회 디. 페스타(일),Day2
Summer Never Dies,BAECCI(배찌),,,,,2sp,슬램덩크,주술회전,,,송태섭X정대만,로맨틱,고죠x후시,"일러스트,소설",@bae_cci1209,https://dongne.co/events/df251002/circles/154215,제31회 디. 페스타(일),Day2
team냥토닌,독개,,,,,1sp,오오에,,,"오오사키,아리아케,신바시,타케시바",,"섹슈얼,로맨틱",,일러스트,so01dh9rp ,https://dongne.co/events/df251002/circles/154914,제31회 디. 페스타(일),Day2
Team.personal space,쿠르,,,,,1sp,"Trpg,인세인",,,,,,,소설,@TEAM_PERSPA,https://dongne.co/events/df251002/circles/154251,제31회 디. 페스타(일),Day2
Tea Party!,Tea,,,,,1sp,백작가의 망나니가 되었다,,,케일 헤니투스,최한X케일 헤니투스,"로맨틱,섹슈얼",,만화,_Tea_Thyme,https://dongne.co/events/df251002/circles/155144,제31회 디. 페스타(일),Day2
Tea table,하일레나카인,,,,,1sp,,,,,,,,,,https://dongne.co/events/df251002/circles/154077,제31회 디. 페스타(일),Day2
난수박물관 TRPG,곰룡,,,,,1sp,"인세인,마기카로기아,시노비가미","파이널판타지14,봇치 더 락,죠죠의 기묘한 모험,페이트 스테이 나이트,니디 걸 오버도즈",,,,,,"기타,일러스트,소설",@RNMuseum,https://dongne.co/events/df251002/circles/154155,제31회 디. 페스타(일),Day2
서울대입구 여성 TRPG 모임,김흰,,,,,1sp,TRPG,,,,,,,기타,@eggaccch,https://dongne.co/events/df251002/circles/154173,제31회 디. 페스타(일),Day2
Two Rabbits & 자몽공방,Rabbits,,,,,2sp,괴담출근,"데못죽,가비지타임 등",,,,,,"공예,조형,기타",,https://dongne.co/events/df251002/circles/154156,제31회 디. 페스타(일),Day2
U.M.A NEW LOUNGE!!,Dando,,,,,1sp,우마무스메,,,,,,,일러스트,2_dando,https://dongne.co/events/df251002/circles/155063,제31회 디. 페스타(일),Day2
VELTUS,쟈키퐁,,,,,2sp,,,,,,,,,,https://dongne.co/events/df251002/circles/154136,제31회 디. 페스타(일),Day2
파이를 믿기vs하시히메를 믿기,"세로, 엔부",,,,,2sp,마법명가 차남으로 살아남는 법,아델타,,,,,,"만화,일러스트","@Ssideline_ , @furhe_h",https://dongne.co/events/df251002/circles/154358,제31회 디. 페스타(일),Day2
아리아케를 믿기 vs 타케시바를 믿기,지평 / AK,,,,,2sp,오오에,,,"오오사키,아리아케,타케시바,올캐",오오사키X아리아케,로맨틱,오오타케,,@tlrpzh / @0o0e0A ,https://dongne.co/events/df251002/circles/154916,제31회 디. 페스타(일),Day2
옥바라지를 믿기vs빠순이를 믿기,은범,,,,,2sp,파라독스라이브,블루록,,이누카이 유토,한쵸X유토,,나기레오,만화,@D4mvDt3anTUIOnL,https://dongne.co/events/df251002/circles/154641,제31회 디. 페스타(일),Day2
무스메vs머스마,행,,,,,1sp,세븐틴 우마무스메,앙스타,,,,,,만화,@haeng_on_17,https://dongne.co/events/df251002/circles/154807,제31회 디. 페스타(일),Day2
태권브이 박병찬 Vs 마징가 기상호,키타씌,,,,,2sp,가비지타임,윈드브레이커,,기상호,,로맨틱,,"만화,소설,사진",@ilagseu195901,https://dongne.co/events/df251002/circles/154786,제31회 디. 페스타(일),Day2
warm&happy,므옹,,,,,2sp,,아이돌리쉬 세븐,,,,,,,@mong6681,https://dongne.co/events/df251002/circles/154206,제31회 디. 페스타(일),Day2
xoxo_xoxo,구남,,,,,2sp,케이팝데몬헌터스 사카모토데이즈,슬램덩크 괴수8호,,,,,,,qnamxoxo,https://dongne.co/events/df251002/circles/154105,제31회 디. 페스타(일),Day2
*⋆꒰ঌ 천사와 악마 그리고 해파리 ໒꒱⋆*,차소금 상점,,,,,2sp,"해파리 소녀 : 스티커,키링,바다테마 레진아트 / 메론소다","회색도시,괴담출근,이착헌",,해파리 소녀,,,,"일러스트,공예",@cup_of_salty,https://dongne.co/events/df251002/circles/154658,제31회 디. 페스타(일),Day2
주인공(攻)애호위원회,또범 / 날조,,,,,2sp,오오에,,,,오오사키X시즈마,"로맨틱,섹슈얼",오오신,만화,@ddo_ooe / @BLGyebal,https://dongne.co/events/df251002/circles/154441,제31회 디. 페스타(일),Day2
춘풍화우(春風化雨),프오,,,,,1sp,오오에,,,"오오사키,아오미",오오사키X아오미,,오오시즈,소설,@popopoooea,https://dongne.co/events/df251002/circles/155292,제31회 디. 페스타(일),Day2
<사랑은 메론빵호를 타고> 주최부스,사랑은 메론빵호를 타고,,,,,2sp,MIU404,,사랑은 메론빵호를 타고,"이부키 아이,시마 카즈미",이부키 아이X시마 카즈미,로맨틱,,,@ibsm_melonbbang,https://dongne.co/events/25d08/circles/155886,제8회 쩜오 어워드,Day2
<아이보여도 사랑은 하고 싶어> 주최부스(배포존),시마이부 쁘띠존 주최,,,,,2sp,MIU404,,아이보여도 사랑은 하고 싶어,"시마 카즈미,이부키 아이",시마 카즈미X이부키 아이,,,,,https://dongne.co/events/25d08/circles/155851,제8회 쩜오 어워드,Day2
.,.,,,,,2sp,MCU,"MIU404,엑스맨,슬램덩크",,,버키 반즈X샘 윌슨,로맨틱,,,,https://dongne.co/events/25d08/circles/155822,제8회 쩜오 어워드,Day2
입 맛다 심,오이,,,,,1sp,미우404,,사랑은 메론빵호를 타고,이부키 아이,이부키 아이X시마 카즈미,"로맨틱,섹슈얼,해당없음",,"만화,일러스트",@5__2E,https://dongne.co/events/25d08/circles/155860,제8회 쩜오 어워드,Day2
그 혼은 영원불멸,금사빠,,,,,1sp,가면라이더 스트롱거,신 가면라이더,,,,로맨틱,,소설,,https://dongne.co/events/25d08/circles/155732,제8회 쩜오 어워드,Day2
두 조각의 메달이 하나가 될 때. ,라다,,,,,1sp,가면라이더 오즈 10th 부활의 코어메달,가면라이더 리바이스,,에이지×앙크,,"로맨틱,섹슈얼",,,,https://dongne.co/events/25d08/circles/155709,제8회 쩜오 어워드,Day2
제 인생의 유일한 낙입니다,길동양파,,,,,1sp,MIU404,,사랑은 메론빵호를 타고,"이부키 아이,시마 카즈미",이부키 아이X시마 카즈미,로맨틱,,일러스트,gildong_onion_,https://dongne.co/events/25d08/circles/155906,제8회 쩜오 어워드,Day2
이 악마자식 나를 울리다니,낑깡,,,,,1sp,가면라이더,"리바이스,덴오,빌드,고쥬저",,,,,,일러스트,@KK_henshin,https://dongne.co/events/25d08/circles/155940,제8회 쩜오 어워드,Day2
"자, 전력전개로 노클리어해볼까?","링디, 833, 묘로",,,,,2sp,기계전대 젠카이저,"가면라이더 에그제이드,가면라이더 빌드",,,고시키다 카이토X스테이시,로맨틱,,만화,@i_dOnT_KnOw__Y,https://dongne.co/events/25d08/circles/155983,제8회 쩜오 어워드,Day2
가(면)라(이더)오케 가자,이온,,,,,1sp,"가면라이더 지오,가면라이더 빌드","폭상전대 분붐저,라이드 카멘즈",,워즈,,,"센토x반죠, 소고x게이츠","만화,일러스트",@redblubestmatch,https://dongne.co/events/25d08/circles/155791,제8회 쩜오 어워드,Day2
샷따 올려,이다,,,,,1sp,폭상전대 분붐쟈,"가면라이더 가브,넘버원전대 고쥬쟈,가면라이더 젯츠",,,메이타 이시로X한도 타이야,로맨틱,,"만화,일러스트",@R1D3R2GO,https://dongne.co/events/25d08/circles/155799,제8회 쩜오 어워드,Day2
나도 내가 뭘 낼지 모르겠는 부스,"연낙,세로",,,,,2sp,MIU404,,사랑은 메론빵호를 타고,"이부키 아이,시마 카즈미",이부키 아이X시마 카즈미,,,"일러스트,만화","@yeonnag,@_tpfh",https://dongne.co/events/25d08/circles/156019,제8회 쩜오 어워드,Day2
셜록 붐은 돌아온다,죽감/메롱,,,,,2sp,BBC셜록,,,"셜록 홈즈,존 왓슨,짐 모리아티",셜록 홈즈X존 왓슨,"로맨틱,섹슈얼",짐존,"만화,일러스트",@jjj3uk4/@merongdoodle,https://dongne.co/events/25d08/circles/155913,제8회 쩜오 어워드,Day2
모두 저하 때문입니다,뚱땅땅,,,,,1sp,킹덤,,,"영신,이창",영신X이창,"로맨틱,섹슈얼",,"만화,일러스트",@fhfgkftkfka,https://dongne.co/events/25d08/circles/155977,제8회 쩜오 어워드,Day2
일단 뭔가 보여드리겠습니다,"휘, 시맘",,,,,2sp,"가면라이더 가브,폭상전대 분붐쟈",넘버원전대 고쥬쟈,,"라키아,아마네 사치카,한도 타이야,메이타 이시로",,로맨틱,타이샤시,"일러스트,소설,만화,공예","@huiparam_hui, @ridershimom_",https://dongne.co/events/25d08/circles/155938,제8회 쩜오 어워드,Day2
혈청 맞을걸,또리,,,,,2sp,MCU,썬더볼츠*,,,버키 반즈X샘 윌슨,해당없음,,소설,Ehfl77,https://dongne.co/events/25d08/circles/155751,제8회 쩜오 어워드,Day2
묻고 더블로 가브,"사비, 점면",,,,,1sp,가면라이더 더블,가면라이더 가브,,"히다리 쇼타로,필립,이노우에 쇼마,카라키다 한토",히다리 쇼타로X필립,로맨틱,한토쇼마(초코구미),"소설,일러스트","@kamen_trainee, @lovejmheart",https://dongne.co/events/25d08/circles/155876,제8회 쩜오 어워드,Day2
쩜오 아니면 안치여,이나연,,,,,1sp,,,,,,,,만화,,https://dongne.co/events/25d08/circles/155744,제8회 쩜오 어워드,Day2
쩜오 사이에 피어난 투디,노른자,,,,,1sp,가라오케 가자!,"여학교의 별,빠졌어 너에게,슬램덩크",,,,"로맨틱,섹슈얼",,"만화,일러스트",@noreunza_,https://dongne.co/events/25d08/circles/155743,제8회 쩜오 어워드,Day2
신혼 여행은 몰디브 대신 메론빵,눈사람1,,,,,1sp,MIU404,,사랑은 메론빵호를 타고,"이부키 아이,시마 카즈미",이부키 아이X시마 카즈미,,,,@noonsaiam1,https://dongne.co/events/25d08/circles/155804,제8회 쩜오 어워드,Day2
아따 첫만남 윽수로 어렵구만,김볶밥,,,,,1sp,미우404,,아이보여도 사랑은 하고 싶어,"시마 카즈미,이부키 아이",,로맨틱,,,Lucy_A231,https://dongne.co/events/25d08/circles/156007,제8회 쩜오 어워드,Day2
샷따 내리고 초코구미 올려,가뫙,,,,,2sp,폭상전대 분붐저,가면라이더 가브,,"한도 타이야,쇼마",메이타 이시로X한도 타이야,로맨틱,카라키다 한토X쇼마,"소설,기타",@GaMwanG_,https://dongne.co/events/25d08/circles/155721,제8회 쩜오 어워드,Day2
밤의 존재들 핥아먹기 진흥위원회,곰나이트,,,,,1sp,"문나이트,씨너스",,,"문나이트,레믹,새미",,"로맨틱,섹슈얼",,영상,@nGomKnight,https://dongne.co/events/25d08/circles/155783,제8회 쩜오 어워드,Day2
우리 세카이 무지개무지개,젵,,,,,1sp,기계전대 젠카이저,,,"스테이시,고시키다 카이토",스테이시X고시키다 카이토,로맨틱,,소설,@game_Raimi,https://dongne.co/events/25d08/circles/155707,제8회 쩜오 어워드,Day2
낙서장,낙서,,,,,1sp,MIU404,,사랑은 메론빵호를 타고,"이부키아이,시마 카즈미",이부키 아이X시마 카즈미,로맨틱,,만화,,https://dongne.co/events/25d08/circles/155706,제8회 쩜오 어워드,Day2
메론빵,KALU,,,,,1sp,MIU404,,사랑은 메론빵호를 타고,"이부키 아이,시마 카즈미",이부키 아이X시마 카즈미,,,"일러스트,공예",@8krin8,https://dongne.co/events/25d08/circles/155894,제8회 쩜오 어워드,Day2
잡상인,gamii,,,,,1sp,토에이 특촬,,,,,,,일러스트,,https://dongne.co/events/25d08/circles/155868,제8회 쩜오 어워드,Day2
연장선 (마감 시에만 연장됨),"소바, 먼지, 구약",,,,,2sp,MIU404,괴담출근,사랑은 메론빵호를 타고,"이부키 아이,시마 카즈미,4기수",이부키 아이X시마 카즈미,"로맨틱,해당없음",,"만화,일러스트,기타","@extension404, @meonjitteol, @no_3051",https://dongne.co/events/25d08/circles/155824,제8회 쩜오 어워드,Day2
이래야 내 콤이 살아,토끼,,,,,2sp,"브래드 피트,가면라이더 오즈,스타워즈,엑스맨","호러영화,매드맥스,파이트 클럽,바빌론,원스 어폰 어 타임… 인 할리우드",,"디멘투스,퓨리오사,잭 콘래드,클리프 부스,타일러 더든,나레이터,앙크,히노 에이지,에즈라 브리저,사빈 렌,로건,로라",,,,"만화,일러스트,소설",@hammurabbit,https://dongne.co/events/25d08/circles/155935,제8회 쩜오 어워드,Day2
한영일 대 시마이부 대합작,"나초, 엑스, 히스",,,,,2sp,MIU404,,아이보여도 사랑은 하고 싶어,"시마 카즈미,이부키 아이",시마 카즈미X이부키 아이,로맨틱,,"소설,일러스트","@na___cho__, @x5346023822058, @hiss98173",https://dongne.co/events/25d08/circles/156004,제8회 쩜오 어워드,Day2
외계인 침공 시 쫄쫄이 먼저 잡아 먹힌다,와페,,,,,1sp,가면라이더 빌드,,,,반죠X센토,로맨틱,,만화,@waffle_saurus_,https://dongne.co/events/25d08/circles/155944,제8회 쩜오 어워드,Day2
메론빵 제가 다 머거은데요,Mm,,,,,1sp,MIU404,,아이보여도 사랑은 하고 싶어,,시마 카즈미X이부키 아이,로맨틱,,소설,@Mmil_m,https://dongne.co/events/25d08/circles/156014,제8회 쩜오 어워드,Day2
고치조 빨리 낳아,쇼그,,,,,1sp,임금님 전대 킹오져,가면라이더 가브,,,,,,"만화,일러스트,기타",,https://dongne.co/events/25d08/circles/155788,제8회 쩜오 어워드,Day2
슈갓덤 왕실 지하 그라뉴트 불법연구실,파몽,,,,,1sp,임금님전대 킹오저/가면라이더 가브,,,,기라 하스티X제라미 브라시에리,,,만화,,https://dongne.co/events/25d08/circles/155867,제8회 쩜오 어워드,Day2
행복탕 특별 이벤트,전복죽,,,,,1sp,특촬,,,,이가라시 다이지X이가라시 잇키,로맨틱,,만화,@54195_,https://dongne.co/events/25d08/circles/155896,제8회 쩜오 어워드,Day2
이렇게 작은 규모의 부스는 내가 키우던 토끼의 생일파티 이후로 처음이군,오볶,,,,,2sp,가면라이더,슈퍼전대,,"카가미 히이로,필립,나고 케이스케 등등",,,,일러스트,@obok_00,https://dongne.co/events/25d08/circles/155943,제8회 쩜오 어워드,Day2
마침내 놈을 붙잡으면,"곰낮, 이시, 와글와글",,,,,2sp,데드풀과 울버린,,,울버린과 데드풀,울버린X데드풀,,,,@gomknight @Wageul_W @pipipoco_love,https://dongne.co/events/25d08/circles/155830,제8회 쩜오 어워드,Day2
어쩌다 보니 슈히전이 된 부스,"감자, 김래고",,,,,2sp,가면라이더 세이버,기계전대 젠카이저,,"신도 린타로,스도메이",신도 린타로X스도 메이,로맨틱,,"만화,일러스트",@tuna_chamchi_,https://dongne.co/events/25d08/circles/155898,제8회 쩜오 어워드,Day2
가라테 부흥회,정우3,,,,,1sp,베스트 키드,,,,,"로맨틱,섹슈얼",,"만화,일러스트",@6556kkk,https://dongne.co/events/25d08/circles/155875,제8회 쩜오 어워드,Day2
여우는 못말려,"설탕, 유이",,,,,1sp,가면라이더 기츠,가면라이더,,"우키요 에이스,아즈마 미치나가",,해당없음,,영상,"@SugarToku, @d07512682",https://dongne.co/events/25d08/circles/155838,제8회 쩜오 어워드,Day2
영화사 늪필른 ,찐,,,,,1sp,이제훈 필모그래피,"탈주,모범택시,협상의 기술 등",,배우 이제훈 필모그래피,리현상X임규남,"섹슈얼,로맨틱","온하준x김도기, 모브x윤주노",만화,_ZZZIIN,https://dongne.co/events/25d08/circles/155704,제8회 쩜오 어워드,Day2
우동물 끓이는 중,"마린, 미나리",,,,,2sp,MIU404,,사랑은 메론빵호를 타고,"이부키 아이,시마 카즈미",이부키 아이X시마 카즈미,로맨틱,,"만화,일러스트,기타",,https://dongne.co/events/25d08/circles/155730,제8회 쩜오 어워드,Day2
일요일 아침의 상점,"망고, 71",,,,,2sp,가면라이더 기츠,임금님전대 킹오쟈,,,,,,"일러스트,소설,만화","@Mango__era, oresanjyo_",https://dongne.co/events/25d08/circles/155821,제8회 쩜오 어워드,Day2
오샤망 종부세 징수원,날개곰,,,,,1sp,MIU404,,아이보여도 사랑은 하고 싶어,"시마 카즈미,이부키 아이",시마 카즈미X이부키 아이,,,소설,itswingedbear,https://dongne.co/events/25d08/circles/155747,제8회 쩜오 어워드,Day2
얼려진 사랑을 구출하라!,름냐,,,,,1sp,MCU,,,,버키반즈X샘윌슨,로맨틱,,"만화,일러스트",,https://dongne.co/events/25d08/circles/155950,제8회 쩜오 어워드,Day2
도쿄만 크루즈(허니문 전문),"nika, 선장",,,,,2sp,MIU404,,사랑은 메론빵호를 타고,"이부키 아이,시마 카즈미",이부키 아이X시마 카즈미,,,"소설,기타",404_nika,https://dongne.co/events/25d08/circles/155957,제8회 쩜오 어워드,Day2
렌신지 결혼해라,"먹, 곰곰",,,,,2sp,"특촬,가면라이더 류우키","가면라이더,슈퍼전대",,키도 신지,,"로맨틱,섹슈얼",,"만화,일러스트,소설",mok_love,https://dongne.co/events/25d08/circles/155758,제8회 쩜오 어워드,Day2
목표는 멜론엔딩,혼잣말하는계정 ,,,,,1sp,MIU404,,사랑은 메론빵호를 타고,"이부키 아이,시마 카즈미",이부키 아이X시마 카즈미,"로맨틱,섹슈얼",,소설,@nandakono404 ,https://dongne.co/events/25d08/circles/155805,제8회 쩜오 어워드,Day2
부스가 오코마리,센,,,,,1sp,폭상전대 분붐저,,,브레키 겐바,,,,만화,@shen_hero_,https://dongne.co/events/25d08/circles/155771,제8회 쩜오 어워드,Day2
특촬에 사이비가 이렇게 많아도 되는거임? 엄마도?,타마보코,,,,,2sp,가면라이더,,,,,,,"만화,일러스트,소설",@Tamaboko333,https://dongne.co/events/25d08/circles/155861,제8회 쩜오 어워드,Day2
메론이 존재하지 않습니다.,삐묭,,,,,1sp,Miu404,,사랑은 메론빵호를 타고,"이부키 아이,시마 카즈미",이부키 아이X시마 카즈미,로맨틱,,일러스트,melonppi404,https://dongne.co/events/25d08/circles/156015,제8회 쩜오 어워드,Day2
초코는 어디에든 어울린다고,로롭,,,,,2sp,가면라이더 가브,,,카라키다 한토,라키아X한토,해당없음,푸딩초코(라키한토),"일러스트,소설",@BH_BE_,https://dongne.co/events/25d08/circles/155800,제8회 쩜오 어워드,Day2
시마쨩 나니가스키,시마이부 쁘띠존 주최,,,,,2sp,MIU404,,아이보여도 사랑은 하고 싶어,"시마 카즈미,이부키 아이",시마 카즈미X이부키 아이,"섹슈얼,로맨틱",,"만화,일러스트,소설,기타",@SMIB_404,https://dongne.co/events/25d08/circles/155854,제8회 쩜오 어워드,Day2
"요코소, 어벤무지카의세카이에 ",아산,,,,,1sp,MCU,Bang Dream! Ave Mujica,,,버키 반즈X샘 윌슨,로맨틱,,소설,@AS4N2606,https://dongne.co/events/25d08/circles/155907,제8회 쩜오 어워드,Day2
동인포스,로제,,,,,2sp,,,,,,,,,,https://dongne.co/events/25d08/circles/155717,제8회 쩜오 어워드,Day2
로망실현,연어(까치),,,,,2sp,MIU404,"뮤지컬 비몰칠,디어에반핸슨",사랑은 메론빵호를 타고,,이부키 아이X시마 카즈미,,,만화,,https://dongne.co/events/25d08/circles/155725,제8회 쩜오 어워드,Day2
새발의꽃,새발의피,,,,,1sp,가면라이더 리바이스,,,,,,,,birdftbld,https://dongne.co/events/25d08/circles/155812,제8회 쩜오 어워드,Day2
빨강파랑 두 세트에 구미초코,베로니카,,,,,2sp,슈퍼전대,가면라이더 가브,,"한도 타이야,메이타 이시로,캡틴 마벨러스,죠 깁켄,쇼마 스토마크,카라키다 한토",한도 타이야X메이타 이시로,"로맨틱,섹슈얼","마베죠, 쇼마한토(구미초코)",소설,@Veronica_holic,https://dongne.co/events/25d08/circles/155754,제8회 쩜오 어워드,Day2
안되겠다 넌 메론킥이다 ,MN,,,,,1sp,가면라이더 가이무,가면라이더 더블,,쿠레시마 타카토라,,"로맨틱,섹슈얼",드림,만화,@KIMOTANUKI,https://dongne.co/events/25d08/circles/155885,제8회 쩜오 어워드,Day2
메이드의 나라 ~토후에리어~,NIO,,,,,1sp,임금님전대 킹오저,"특촬,열차전대 토큐저",,"카구라기 디보우스키,기라 하스티,제라미 브라시에리,히메노 란,얀마 가스토,리타 카니스카",,,,"만화,일러스트",nio_yume,https://dongne.co/events/25d08/circles/155715,제8회 쩜오 어워드,Day2
페이지를 찾을 수 없습니다,달팽이,,,,,1sp,MIU404,배니싱,사랑은 메론빵호를 타고,"이부키 아이,시마 카즈미",이부키 아이X시마 카즈미,로맨틱,,만화,@SOONAESONATA,https://dongne.co/events/25d08/circles/155723,제8회 쩜오 어워드,Day2
버키샘이 내게 무슨 짓을,MASOIDEA,,,,,2sp,"팔콘과 윈터솔져,캡틴아메리카 브레이브 뉴 월드,썬더볼츠*",,,,버키X샘,로맨틱,,,@MASOIDEA,https://dongne.co/events/25d08/circles/155756,제8회 쩜오 어워드,Day2
브루클린 틀딱 상담소 ~조언이 구릴 수 있지만 쨋든 공짜임~,이소,,,,,1sp,MCU,,,,스티브 로저스X버키 반즈,로맨틱,,"만화,일러스트",,https://dongne.co/events/25d08/circles/155857,제8회 쩜오 어워드,Day2
스팁버키 이즈 얼라이브,흰곰순,,,,,1sp,MCU,,,"스티브 로저스,버키 반즈",스티브 로저스X버키 반즈,"로맨틱,섹슈얼",,소설,GOMSUN__U3U,https://dongne.co/events/25d08/circles/156012,제8회 쩜오 어워드,Day2
이부시마 진짜 완내스야,햡,,,,,1sp,MIU404,,사랑은 메론빵호를 타고,"이부키 아이,시마 카즈미",이부키 아이X시마 카즈미,로맨틱,,소설,@switch4_4 ,https://dongne.co/events/25d08/circles/155972,제8회 쩜오 어워드,Day2
시마이부 레츠고,메,,,,,2sp,MIU404,,아이보여도 사랑은 하고 싶어,,시마 카즈미X이부키 아이,,,,,https://dongne.co/events/25d08/circles/156003,제8회 쩜오 어워드,Day2
메론빵이 보이는 것보다 많이 있음,딱이,,,,,2sp,MIU404,,사랑은 메론빵호를 타고,"이부키 아이,시마 카즈미",,,,"공예,기타",@not40und,https://dongne.co/events/25d08/circles/155988,제8회 쩜오 어워드,Day2
기수우동 요리모 시마이부,"민남, 마요, 묘목, 모사",,,,,2sp,MIU404,,아이보여도 사랑은 하고 싶어,"시마 카즈미,이부키 아이",시마 카즈미X이부키 아이,로맨틱,,"소설,만화","@nyaonyaonyam, @mayonezu_404, @Sapling_O, @mcgcidz",https://dongne.co/events/25d08/circles/155775,제8회 쩜오 어워드,Day2
지각하면 도쿄만 마리나에 다이빙,타피,,,,,1sp,MIU404,,사랑은 메론빵호를 타고,"이부키 아이,시마 카즈미",이부키 아이X시마 카즈미,,,소설,@Tapii_Merong,https://dongne.co/events/25d08/circles/155930,제8회 쩜오 어워드,Day2
메론빵의 효과는 굉장했다!,"맹견, 오메",,,,,2sp,MIU404,,사랑은 메론빵호를 타고,"이부키 아이,시마 카즈미",이부키 아이X시마 카즈미,,,일러스트,"@inu404_ , @0range_melon",https://dongne.co/events/25d08/circles/155869,제8회 쩜오 어워드,Day2
스타플릿 노동조합,Ar.in,,,,,2sp,스타트렉,스타워즈,,,,,,"만화,공예",,https://dongne.co/events/25d08/circles/155716,제8회 쩜오 어워드,Day2
스토리지 병아리반,백곰스찬,,,,,1sp,울트라맨 제트,,,"나츠카와 하루키,울트라맨 제트",,,,"만화,소설",@polarbear0918,https://dongne.co/events/25d08/circles/155752,제8회 쩜오 어워드,Day2
쫄쫄이를 낋여드림,여루,,,,,1sp,가면라이더 시리즈,넘버원전대 고쥬저,,,,,,,@yeolu_,https://dongne.co/events/25d08/circles/155787,제8회 쩜오 어워드,Day2
생사초로 되살아난 장르,중전,,,,,2sp,킹덤,"탈주,길복순,아이캔스피크,범죄도시,좋은친구들",,영신,,"섹슈얼,로맨틱","현상규남, 양태인철","소설,기타",@supershyN,https://dongne.co/events/25d08/circles/155823,제8회 쩜오 어워드,Day2
신세계는 동성혼이 합법,해긍,,,,,1sp,가면라이더 빌드,,,,반죠 류우가X키류 센토,,,,kmerii2,https://dongne.co/events/25d08/circles/155931,제8회 쩜오 어워드,Day2
단언컨대 빨간색은 가장 완벽한 색입니다,레드콕,,,,,1sp,MCU,,,"토니 스타크,피터 파커",,로맨틱,,만화,@redcokk,https://dongne.co/events/25d08/circles/155722,제8회 쩜오 어워드,Day2
곽승철과 아구치의 재롱잔치,"곽승철, 아구치",,,,,2sp,MIU404,,사랑은 메론빵호를 타고,"이부키 아이,시마 카즈미",,로맨틱,,만화,@rhkrtmdcjf_,https://dongne.co/events/25d08/circles/155814,제8회 쩜오 어워드,Day2
메론빵호 출동합니다,기록,,,,,1sp,MIU404,,사랑은 메론빵호를 타고,이부키 아이 × 시마 카즈미,이부키 아이X시마 카즈미,"로맨틱,섹슈얼",,소설,@ckfzkr_98,https://dongne.co/events/25d08/circles/155813,제8회 쩜오 어워드,Day2
메론빵호 출장서비스,Cent,,,,,1sp,MIU404,,사랑은 메론빵호를 타고,,,,,일러스트,cent_s_sirius,https://dongne.co/events/25d08/circles/155772,제8회 쩜오 어워드,Day2
달다리달달,은월광,,,,,1sp,MIU404,,사랑은 메론빵호를 타고,"이부키 아이,시마 카즈미",이부키 아이X시마 카즈미,로맨틱,,소설,@silber_JD,https://dongne.co/events/25d08/circles/155773,제8회 쩜오 어워드,Day2
메론모양빵,스ㅍㅡ,,,,,1sp,MIU404,,사랑은 메론빵호를 타고,"이부키 아이,시마 카즈미",이부키 아이X시마 카즈미,해당없음,,"만화,일러스트",@SOUPTV_,https://dongne.co/events/25d08/circles/155720,제8회 쩜오 어워드,Day2
메론빵먹방,깜개/안녕하세요,,,,,1sp,MIU404,도망치는 건 부끄럽지만 도움이 된다,사랑은 메론빵호를 타고,"이부키 아이,시마 카즈미",이부키 아이X시마 키즈미,,,"만화,기타,일러스트","@D4LL_33776, @hellooo__404",https://dongne.co/events/25d08/circles/155749,제8회 쩜오 어워드,Day2
쫄쫄이군단,히찬,,,,,1sp,가면라이더 가브,,,"쇼마,한토,라키아,사치카",,,,,@herosanbi,https://dongne.co/events/25d08/circles/155901,제8회 쩜오 어워드,Day2
화채전문점,애쉬,,,,,1sp,가면라이더 가브,"임금님전대 킹오저,가면라이더 시리즈",,"기라 하스티,쇼마 스토머크",쇼마 스토마크X라키아 아마르가,로맨틱,"기라제라,푸딩초코,오렌메론,켄하지","만화,일러스트",@ashblanc195,https://dongne.co/events/25d08/circles/155748,제8회 쩜오 어워드,Day2
이부시마가 좋다고 말해,뇨,,,,,1sp,MIU404,,사랑은 메론빵호를 타고,"이부키 아이,시마 카즈미",이부키 아이X시마 카즈미,로맨틱,,소설,@nyo_ayhs,https://dongne.co/events/25d08/circles/155995,제8회 쩜오 어워드,Day2
이렇게까지 좋아할 줄은 몰랐어,로로,,,,,1sp,폭상전대 분붐저,임금님전대 킹오저,,"한도 타이야,메이타 이시로,제라미 브라시에리 등",한도 타이야X메이타 이시로,,,소설,@akemis_80,https://dongne.co/events/25d08/circles/155808,제8회 쩜오 어워드,Day2
상남자라면 양산형 지뢰계 청담동 며느리룩 추천,공호,,,,,1sp,기계전대 젠카이저,,,"조크스 골드츠이카,스테이시",조크스X스테이시,로맨틱,,소설,,https://dongne.co/events/25d08/circles/155741,제8회 쩜오 어워드,Day2
아이보에서 여보까지,라누,,,,,1sp,MIU404,,사랑은 메론빵호를 타고,"이부키 아이,시마카즈미",이부키 아이X시마 카즈미,로맨틱,,만화,rn_xxx_BT_T,https://dongne.co/events/25d08/circles/155959,제8회 쩜오 어워드,Day2
기동수사대 흑백일러책 드가를드가,summerkong,,,,,1sp,MIU404,,,"시마 카즈미,이부키 아이",,,,일러스트,@lemon_11tea,https://dongne.co/events/25d08/circles/155767,제8회 쩜오 어워드,Day2
군신이못말려,도덕리포도영농조합,,,,,2sp,신삼국,곤투모로우,,"손권,노숙,이희,김옥균",손권X노숙,"로맨틱,섹슈얼",희옥균,만화,"freedoin, wekeepmisty",https://dongne.co/events/25d08/circles/155850,제8회 쩜오 어워드,Day2
혼돈부키우기,은재,,,,,1sp,미우 404,,아이보여도 사랑은 하고 싶어,"시마 카즈미,이부키 아이",시마 카즈미X이부키 아이,해당없음,,"만화,일러스트",Booyah_o,https://dongne.co/events/25d08/circles/155904,제8회 쩜오 어워드,Day2
타일러더든이 파이트클럽에 대해 말하지 말라 그랬음,시카고감자피자,,,,,2sp,파이트클럽,,,"타일러더든,나레이터,말라",타이X나레,"섹슈얼,로맨틱",나레말라,"만화,일러스트",whatever_inmind,https://dongne.co/events/25d08/circles/155795,제8회 쩜오 어워드,Day2
가면라이더랑 파워레인저는 다르다니까 (차마 슈퍼전대라고 말하지 못하며),클로,,,,,2sp,"가면라이더,슈퍼전대",,,미정,,,,"만화,소설,기타",@CLO_KO,https://dongne.co/events/25d08/circles/155828,제8회 쩜오 어워드,Day2
가면라이더도 공공운수노조다,헨자,,,,,2sp,가면라이더 디케이드,외 가면라이더,아이보여도 사랑은 하고 싶어,카도야 츠카사,,로맨틱,,기타,@D0NTGOOO,https://dongne.co/events/25d08/circles/155920,제8회 쩜오 어워드,Day2
바라바라바라밤,바라아재,,,,,1sp,신참자,비방,,,카가X마츠미야,"섹슈얼,로맨틱",,"소설,일러스트",ppongsoda_904,https://dongne.co/events/25d08/circles/155735,제8회 쩜오 어워드,Day2
특촬최종방어선,상니,,,,,2sp,특촬,,,카도야 츠카사,,로맨틱,"카이츠카,적1적","소설,만화,일러스트",@bearbbitk19,https://dongne.co/events/25d08/circles/155918,제8회 쩜오 어워드,Day2
다죽자라이더로 히토프레스 된 사람들 ,무너땅콩,,,,,1sp,가면라이더 가브,,,"스토머크 사,리젤 잘다크,스가 켄조",,로맨틱,리젤x지프x시타,"소설,기타",@0dddkk,https://dongne.co/events/25d08/circles/155921,제8회 쩜오 어워드,Day2
통째로메로메로론,"쿠모, 눗",,,,,2sp,MIU404,,사랑은 메론빵호를 타고,"이부키 아이,시마 카즈미",이부키 아이X시마 카즈미,로맨틱,,"만화,일러스트,음반,소설","@kumo1418, @nus11873",https://dongne.co/events/25d08/circles/155963,제8회 쩜오 어워드,Day2
영원히깨질수없는 메론웨딩로드,"참내 , 미호",,,,,2sp,MIU404,,사랑은 메론빵호를 타고,"이부키 아이,시마 카즈미",이부키 아이X시마 카즈미,,,"만화,일러스트,소설","@chamna404 , @algh_ww",https://dongne.co/events/25d08/circles/155865,제8회 쩜오 어워드,Day2
카라후루★시아와세,"풀떼기, 밍쟤",,,,,2sp,"기계전대 젠카이저,가면라이더 리바이스",기타 토에이 특촬물,,,고시키다 카이토X스테이시,로맨틱,"잇키바이, 사쿠하나(아길) 등","만화,일러스트",,https://dongne.co/events/25d08/circles/155933,제8회 쩜오 어워드,Day2
빨강파랑어쨌든찬란..네? 아아니다,자몽청,,,,,1sp,"빨강,파랑,어쨌든 찬란(영화)",,,"알렉스,헨리",알렉스 클레어몬트 디아즈X헨리 아서 폭스,"섹슈얼,로맨틱",,소설,@GrapeFruit0514,https://dongne.co/events/25d08/circles/155727,제8회 쩜오 어워드,Day2
최고최선의쇼타임이다,벼락,,,,,2sp,"가면라이더 지오,가면라이더 위자드,가면라이더 더블",,,,토키와 소고X묘코인 게이츠,"로맨틱,섹슈얼","니토하루, 필쇼","만화,일러스트",@txunxerxoxt,https://dongne.co/events/25d08/circles/155864,제8회 쩜오 어워드,Day2
생명선까지보여줬다면결혼이지,시트론,,,,,1sp,MIU404,,사랑은 메론빵호를 타고,"이부키 아이,시마 카즈미",이부키 아이X시마 카즈미,로맨틱,,만화,kitriny,https://dongne.co/events/25d08/circles/155967,제8회 쩜오 어워드,Day2
도대체뭘하는지모르겠어도그냥애교로봐주세요,푸햄,,,,,1sp,MCU,,,,,,,일러스트,@dontpushham,https://dongne.co/events/25d08/circles/155968,제8회 쩜오 어워드,Day2
기수 커플의 청첩장 수1 팩스로도 왔다,"도키타, 스로",,,,,2sp,MIU404,,사랑은 메론빵호를 타고,"이부키 아이,시마 카즈미",이부키 아이X시마 카즈미,로맨틱,,"일러스트,소설,기타","@tttttado, @HNMHNMJB",https://dongne.co/events/25d08/circles/155997,제8회 쩜오 어워드,Day2
이부시마결혼식참관객1,AAA,,,,,1sp,MIU404,,사랑은 메론빵호를 타고,"이부키 아이,시마 카즈미",이부키 아이X시마 카즈미,,,만화,@handcream_S23,https://dongne.co/events/25d08/circles/155986,제8회 쩜오 어워드,Day2
엑스다이게스트북(10주년),사성구,,,,,2sp,울트라맨 엑스,특촬,,"울트라맨 엑스,오오조라 다이치",,"로맨틱,섹슈얼",,"만화,일러스트,소설",XuniteDaichi,https://dongne.co/events/25d08/circles/155779,제8회 쩜오 어워드,Day2
진지하게고스트10주년을기념하고싶은데개그도조금하고싶다,용달,,,,,1sp,가면라이더 고스트,"가면라이더 시리즈,넘버원전대 고쥬쟈",,,,,,"만화,일러스트",sirenbuilder,https://dongne.co/events/25d08/circles/155928,제8회 쩜오 어워드,Day2
우주탐사 열어보니 2인간x1외계인 절찬리 사귐,Ric,,,,,2sp,스타트렉 AOS,퍼시픽림 뉴튼허먼 굿즈,,,,"로맨틱,섹슈얼","우후라스팍, 커크스팍",만화,블스 @2suffer2gether,https://dongne.co/events/25d08/circles/155745,제8회 쩜오 어워드,Day2
노릇노릇 메론빵 4호점,박찬란,,,,,1sp,MIU404,,사랑은 메론빵호를 타고,"이부키 아이,시마 카즈미,코코노에 요히토,진바 코헤이",이부키 아이X시마 카즈미,해당없음,,"일러스트,만화",@Park_CRan,https://dongne.co/events/25d08/circles/156017,제8회 쩜오 어워드,Day2
존윅 40년 맛집,eyis00,,,,,1sp,존윅,,,존윅,,,,,,https://dongne.co/events/25d08/circles/155759,제8회 쩜오 어워드,Day2
40대 형사가 마법소녀가 될 수도 있는 거임? ※주의 마법소녀 가능 지역※,"라마양, 로헨, 맋맋, 버들",,,,,4sp,MIU404,,사랑은 메론빵호를 타고,"이부키 아이,시마 카즈미",이부키 아이X시마 카즈미,로맨틱,,"만화,소설,일러스트","@lamayang1027, @mx1016_404, @meromero_mark, @BD_M404",https://dongne.co/events/25d08/circles/155836,제8회 쩜오 어워드,Day2
파트너 말소기간 404년,"아말디, 곤운",,,,,2sp,MIU404,,사랑은 메론빵호를 타고,"이부키 아이,시마 카즈미",이부키 아이X시마 카즈미,로맨틱,,"기타,일러스트,공예,만화","@amaldi6303, @murim10_0",https://dongne.co/events/25d08/circles/155994,제8회 쩜오 어워드,Day2
수감번호 404 메론빵이다,키위새,,,,,1sp,MIU404,,사랑은 메론빵호를 타고,"이부키 아이,시마 카즈미",이부키 아이X시마 카즈미,,,"소설,기타",@marugotokiwi,https://dongne.co/events/25d08/circles/156006,제8회 쩜오 어워드,Day2
메론빵 도착까지 404m,"곳독, 잔물길",,,,,2sp,MIU404,,사랑은 메론빵호를 타고,"이부키 아이,시마 카즈미",이부키 아이X시마 카즈미,로맨틱,,"일러스트,소설","@GOTDOK_11, @404_melontiger",https://dongne.co/events/25d08/circles/155762,제8회 쩜오 어워드,Day2
5년째아이보의맛TV,욜키,,,,,1sp,MIU404,,사랑은 메론빵호를 타고,"이부키 아이,시마 카즈미",이부키 아이X시마 카즈미,로맨틱,,"만화,기타",yonmaruyolkie,https://dongne.co/events/25d08/circles/155981,제8회 쩜오 어워드,Day2
안심해 내 메론빵은 9개야,"DOMU, 넴",,,,,2sp,MIU404,,사랑은 메론빵호를 타고,"이부키 아이,시마 카즈미",이부키 아이X시마 카즈미,로맨틱,,"소설,일러스트","@domu1268, @nem404",https://dongne.co/events/25d08/circles/155976,제8회 쩜오 어워드,Day2
BUDDY MARRY GO,김늑대,,,,,1sp,울트라맨 타이가,울트라맨,,"쿠도히로유키,소우야호마레",쿠도 히로유키X소우야 호마레,로맨틱,,,,https://dongne.co/events/25d08/circles/155809,제8회 쩜오 어워드,Day2
chocolate parade,무,,,,,1sp,가면라이더 가브,,,카라키다 한토,한토X드림주,로맨틱,,소설,@tkst_mu,https://dongne.co/events/25d08/circles/155742,제8회 쩜오 어워드,Day2
수능 d-day30,rjs77,,,,,1sp,"가면라이더,슈퍼전대",닌자거북이,,,,,,,ha-rjs,https://dongne.co/events/25d08/circles/155792,제8회 쩜오 어워드,Day2
D-Esper,케링,,,,,1sp,크리미널마인드,스타워즈,,애런 하치너,하치너X리드,"로맨틱,섹슈얼",레일로,,d_esper_,https://dongne.co/events/25d08/circles/155703,제8회 쩜오 어워드,Day2
E.G.I.S. 비공인 한국 지부,잘리,,,,,1sp,울트라맨 타이가,,,,쿠도 히로유키X소우야 호마레,"로맨틱,섹슈얼",,소설,@buddysteadygo,https://dongne.co/events/25d08/circles/155834,제8회 쩜오 어워드,Day2
M78성운 노숙지구인 정기모임,썽,,,,,1sp,울트라맨 제트,MCU. DC,,,,,,일러스트,HC_7624 ,https://dongne.co/events/25d08/circles/155905,제8회 쩜오 어워드,Day2
MIU 아파트 404호,도마도,,,,,1sp,MIU404,,사랑은 메론빵호를 타고,"이부키 아이,시마 카즈미",이부키 아이X시마 카즈미,해당없음,,,@domadoma1_,https://dongne.co/events/25d08/circles/155964,제8회 쩜오 어워드,Day2
M.W,월양,,,,,1sp,울트라맨 오브,,,"쿠레나이 가이,저글러스 저글러(쟈그라스 쟈그라)",가이X쟈그라,"섹슈얼,로맨틱",,만화,gnaylow,https://dongne.co/events/25d08/circles/155728,제8회 쩜오 어워드,Day2
NEVER Entertainment,나인,,,,,1sp,가면라이더 W(더블),가면라이더 가이무,,"다이도 카츠미,쿠레시마 타카토라",다이도 카츠미X미나,"로맨틱,해당없음",,소설,nightmaresephy,https://dongne.co/events/25d08/circles/155750,제8회 쩜오 어워드,Day2
あい project,공룡,,,,,1sp,MIU404,,아이보여도 사랑은 하고 싶어,"시마 카즈미,이부키 아이",시마 카즈미X이부키 아이,로맨틱,,일러스트,@0ry404,https://dongne.co/events/25d08/circles/156000,제8회 쩜오 어워드,Day2
SPASE ANCIENT MAN YAOI 3rd,냠냥,,,,,1sp,울트라맨 오브,"가면라이더 가브,울트라맨 오메가",,,쿠레나이 가이X쟈그라스 쟈그라,,젤리왼,"만화,일러스트",,https://dongne.co/events/25d08/circles/155798,제8회 쩜오 어워드,Day2
토*이vs츠*라야 돗치가 스키?!,봉봉,,,,,1sp,"울트라맨 루브,염신전대 고온저","울트라맨 지드,울트라맨 제트,수전전대 쿄류저,가면라이더 리바이스,폭상전대 분붐저",,"소스케,렌,사키,한토,군페이,히로토,미우,타이야,이시로,미라,죠,겐바,사키토,다이고,이안,노부하루,소우지,아미,우츠세미마루,미츠루기,아사히,울트라맨 제트,하루키,페가,리쿠,히로미,죠지,잇키,바이스,사쿠라,하나,다이지,카게로우",카도타히로미X죠지카리자키,로맨틱,"이가라시 잇키×바이스, 이가라시 사쿠라× 나츠키 하나, 이가라시 다이지×카게로우",기타,@BookU_UB,https://dongne.co/events/25d08/circles/155923,제8회 쩜오 어워드,Day2
메론빵 모음.zip,WONHAA,,,,,1sp,MIU404,,사랑은 메론빵호를 타고,"이부키 아이,시마 카즈미",이부키 아이X시마 카즈미,로맨틱,,"기타,일러스트",@wonhaa6,https://dongne.co/events/25d08/circles/155890,제8회 쩜오 어워드,Day2
.,청가,,,,,1sp,가비지타임,,Dear.No.6,,기상호,,,소설,@_js3106,https://dongne.co/events/wt02/circles/155582,스크롤의 바다 2화,Day2
.,rkyegy,,,,,1sp,,,,,,,,,,https://dongne.co/events/wt02/circles/155441,스크롤의 바다 2화,Day2
흙 속의 인디고,인디고,,,,,1sp,,,,,,,,공예,@digogo5220,https://dongne.co/events/wt02/circles/155369,스크롤의 바다 2화,Day2
이 지옥같은 곳에서 날 꺼내줘,차파차,,,,,1sp,가비지타임,,Dear.No.6,기상호,최종수X기상호,로맨틱,"빵상, 뱅상, 준상","만화,일러스트",@chapacha2123316,https://dongne.co/events/wt02/circles/155683,스크롤의 바다 2화,Day2
빵글,동글이,,,,,1sp,가비지타임,,"S4Y Y3S, 1ove.","전영중,성준수",,로맨틱,,,@oO13__oO,https://dongne.co/events/wt02/circles/155518,스크롤의 바다 2화,Day2
쭌글,동글이,,,,,1sp,가비지타임,,"S4Y Y3S, 1ove.",,,로맨틱,,일러스트,@oO13__oO,https://dongne.co/events/wt02/circles/155517,스크롤의 바다 2화,Day2
경기 중에 개 산책 시켜도 되는 건가요 ,주스,,,,,1sp,가비지타임,,Dear.No.6,,성준수X기상호,로맨틱,뱅상,소설,@99zus,https://dongne.co/events/wt02/circles/155359,스크롤의 바다 2화,Day2
형현 러버스 클럽,디귿,,,,,2sp,가비지타임,,,"조형석,이현성",,로맨틱,,,@mimnim_hshs,https://dongne.co/events/wt02/circles/155345,스크롤의 바다 2화,Day2
제가 공사는 구분 못해도 공수는 구분 잘 합니다,모라,,,,,2sp,가비지타임,,"S4Y Y3S, 1ove.",전영중,전영중X성준수,로맨틱,,만화,@Mora_bboyo,https://dongne.co/events/wt02/circles/155556,스크롤의 바다 2화,Day2
빵준 러버스 클럽!,햄부기,,,,,2sp,가비지타임,,"S4Y Y3S, 1ove.","전영중,성준수",,로맨틱,,일러스트,@bbnag2jun2,https://dongne.co/events/wt02/circles/155526,스크롤의 바다 2화,Day2
상호 합의는 안했지만 사랑은 할 수 있잖아요,베르디,,,,,2sp,가비지타임,,Dear.No.6,기상호,성준수X기상호,"로맨틱,섹슈얼","빵상, 희상",소설,@B_eell_D,https://dongne.co/events/wt02/circles/155612,스크롤의 바다 2화,Day2
너를 구리워하다 하루가 고냥 다 지났어,올논,,,,,1sp,가비지타임,,"S4Y Y3S, 1ove.","전영중,성준수",전영중X성준수,로맨틱,,"소설,만화",@a_non_ll,https://dongne.co/events/wt02/circles/155538,스크롤의 바다 2화,Day2
밥상고,꽁이,,,,,1sp,가비지타임,롤플레잉겜만화,Dear.No.6,,,,,,kkong2_0,https://dongne.co/events/wt02/circles/155417,스크롤의 바다 2화,Day2
너에게 준 상,김오예,,,,,2sp,가비지타임,,Dear.No.6,,성준수X기상호,로맨틱,"뱅상, 종상, 빵상, 상른","만화,일러스트,소설,공예,기타",@kim_ohyeah,https://dongne.co/events/wt02/circles/155655,스크롤의 바다 2화,Day2
상호는 왜 희찬이의 다리를 보며 그런 소리를 했을까,낑깡,,,,,1sp,가비지타임,,,"기상호,정희찬",,"로맨틱,섹슈얼","상챤, 태성은재, 준수재유","만화,일러스트",@sandokkang,https://dongne.co/events/wt02/circles/155343,스크롤의 바다 2화,Day2
무언가 나옴,"공뇽, 포롱",,,,,2sp,가비지타임,,Dear.No.6,기상호,성준수X기상호,로맨틱,"뱅상, 종상","만화,소설,기타",,https://dongne.co/events/wt02/circles/155386,스크롤의 바다 2화,Day2
빵준의 진격,진짜,,,,,1sp,가비지타임,진격의 거인,"S4Y Y3S, 1ove.","전영중,성준수",,"로맨틱,섹슈얼",에루리,소설,@sungin_share,https://dongne.co/events/wt02/circles/155580,스크롤의 바다 2화,Day2
이번이 진짜 마지막_최종_최최종,하현,,,,,2sp,가비지타임,,Dear.No.6,기상호,성준수X기상호,,,소설,@hotclare0987,https://dongne.co/events/wt02/circles/155432,스크롤의 바다 2화,Day2
상호와 햄아들,KI,,,,,2sp,가비지타임,,Dear.No.6,기상호,최종수X기상호,로맨틱,"뱅상,준상",일러스트,KIN_2938,https://dongne.co/events/wt02/circles/155511,스크롤의 바다 2화,Day2
어쩌고 잡화점,담요,,,,,2sp,가비지타임,이런 영웅은 싫어,,,,,,일러스트,,https://dongne.co/events/wt02/circles/155438,스크롤의 바다 2화,Day2
달콤한 일러스트,iamyunji,,,,,2sp,모모찌,,,모모찌,,,,일러스트,iamyunji,https://dongne.co/events/wt02/circles/155395,스크롤의 바다 2화,Day2
만두와 초코라떼,반달비,,,,,1sp,가비지타임,,"S4Y Y3S, 1ove.","전영중,성준수",전영중X성준수,로맨틱,,소설,@bandalbi_431,https://dongne.co/events/wt02/circles/155527,스크롤의 바다 2화,Day2
장르는 스포츤데 얼굴은 판타지,묘하,,,,,2sp,가비지타임,,Dear.No.6,기상호,박병찬X기상호,"로맨틱,섹슈얼","최종수×기상호, 성준수×기상호","만화,소설,일러스트",@myoha_S2,https://dongne.co/events/wt02/circles/155416,스크롤의 바다 2화,Day2
상호를 오른쪽으로 밀어 잠금해제,레모나티,,,,,2sp,가비지타임,,Dear.No.6,기상호,성준수X기상호,로맨틱,"뱅상, 종상, 빵상, 상른",소설,@LemonaTea15,https://dongne.co/events/wt02/circles/155660,스크롤의 바다 2화,Day2
상호야 위험하니까 오른쪽으로만 걸어, 늘,,,,,1sp,가비지타임,,Dear.No.6,기상호,성준수X기상호,로맨틱,,,,https://dongne.co/events/wt02/circles/155549,스크롤의 바다 2화,Day2
보라색 농구선수…궁금하지 않아?,입시악귀의눈물은무슨맛일까,,,,,1sp,가비지타임,,"S4Y Y3S, 1ove.",성준수,전영중X성준수,"로맨틱,섹슈얼",,,@keep_ssibaqua,https://dongne.co/events/wt02/circles/155419,스크롤의 바다 2화,Day2
가보자고,후을,,,,,2sp,가비지타임,,Dear.No.6,기상호,,로맨틱,상른,,,https://dongne.co/events/wt02/circles/155488,스크롤의 바다 2화,Day2
댄싱래빗,댄싱래빗,,,,,2sp,,,,,,,,,,https://dongne.co/events/wt02/circles/155405,스크롤의 바다 2화,Day2
미래해도,lacuna,,,,,2sp,합법해적 파르페,극락왕생,,파르페,,"로맨틱,섹슈얼",,,,https://dongne.co/events/wt02/circles/155567,스크롤의 바다 2화,Day2
빵준하자,chayang,,,,,1sp,,,"S4Y Y3S, 1ove.",,,,,,,https://dongne.co/events/wt02/circles/155383,스크롤의 바다 2화,Day2
상호작용,하나,,,,,1sp,가비지타임,,Dear.No.6,기상호,,"로맨틱,섹슈얼","종상(최종수×기상호), 뱅상(박병찬×기상호)","만화,기타,일러스트",hana_nongnol,https://dongne.co/events/wt02/circles/155584,스크롤의 바다 2화,Day2
정상영업,ㄱㄱ,,,,,1sp,가비지타임,,Dear.No.6,기상호,종수X상호,로맨틱,,일러스트,@bbu_23,https://dongne.co/events/wt02/circles/155381,스크롤의 바다 2화,Day2
킬더실버,그은,,,,,2sp,,,,,,,,공예,@kil_the_silver,https://dongne.co/events/wt02/circles/155440,스크롤의 바다 2화,Day2
하늘하늘,223,,,,,1sp,가비지타임,,,,박병찬X최종수,,,"일러스트,만화",,https://dongne.co/events/wt02/circles/155315,스크롤의 바다 2화,Day2
종상종상 돌을 던지자,손,,,,,1sp,가비지타임,,Dear.No.6,"최종수,기상호",최종수X기상호,로맨틱,,"기타,일러스트",M0nasii,https://dongne.co/events/wt02/circles/155698,스크롤의 바다 2화,Day2
영중이가 귀엽고 준수가 멋있어요,둥글동글,,,,,1sp,가비지타임,,"S4Y Y3S, 1ove.",전영중 성준수,전영중X성준수,,,,@0round0,https://dongne.co/events/wt02/circles/155492,스크롤의 바다 2화,Day2
기상호가 누구랑 사귈까요 저도 몰라요,지옥,,,,,2sp,가비지타임,없음,Dear.No.6,기상호,성준수X기상호,로맨틱,"빵상, 종상, 뱅상","만화,소설,공예",@zizon_genjiok_,https://dongne.co/events/wt02/circles/155588,스크롤의 바다 2화,Day2
상른찌개 보글보글,"루우, 김귤, 시피르",,,,,2sp,가비지타임,,Dear.No.6,기상호,,,,,@mxtx_bingul,https://dongne.co/events/wt02/circles/155320,스크롤의 바다 2화,Day2
종신머리 상판때기,똥개벌레,,,,,2sp,가비지타임,,Dear.No.6,"최종수,기상호",최종수X기상호,로맨틱,,만화,@fanttt_710,https://dongne.co/events/wt02/circles/155571,스크롤의 바다 2화,Day2
기상호는 오른쪽에 놔두라고,해머,,,,,1sp,가비지타임,,Dear.No.6,"기상호,박병찬,성준수,최종수",성준수X기상호,"로맨틱,섹슈얼","박병찬x기상호, 최종수x기상호","만화,일러스트",HaMmerll12,https://dongne.co/events/wt02/circles/155590,스크롤의 바다 2화,Day2
기상호가 우측통행만 할 수 있는 세계,"우유거품, 롱",,,,,2sp,가비지타임,,Dear.No.6,기상호,최종수 성준수 전영중 박병찬 정희찬X기상호,로맨틱,상른,"소설,일러스트,기타","@_milkebubble, @erong__eong",https://dongne.co/events/wt02/circles/155665,스크롤의 바다 2화,Day2
왕창상회/연하맛집,캉싸,,,,,2sp,가비지타임,,Dear.No.6,기상호,,,,"일러스트,공예",@dsangdan,https://dongne.co/events/wt02/circles/155658,스크롤의 바다 2화,Day2
상른다이소,부산갈매기,,,,,2sp,가비지타임,,Dear.No.6,기상호,기상호,"섹슈얼,로맨틱",,소설,@weGati_06,https://dongne.co/events/wt02/circles/155674,스크롤의 바다 2화,Day2
바이올린과 첼로의 사랑과 거짓말,효자손,,,,,2sp,동경과 거짓말,,,"비올라 알피나,에델바이스 밀런",비올라 알피나X에델바이스 밀런,"로맨틱,섹슈얼",,"소설,만화,기타",,https://dongne.co/events/wt02/circles/155651,스크롤의 바다 2화,Day2
글레이즈드 소금빵준,깨알,,,,,1sp,,,"S4Y Y3S, 1ove.",,,,,,,https://dongne.co/events/wt02/circles/155439,스크롤의 바다 2화,Day2
♥상호작용♥,남고명수,,,,,1sp,가비지타임,,Dear.No.6,기상호,,,,,@SkIvtt9zP8Fyyu2,https://dongne.co/events/wt02/circles/155483,스크롤의 바다 2화,Day2
가보자고타임,뻐꾸기,,,,,1sp,가비지타임,,Dear.No.6,,,,,,,https://dongne.co/events/wt02/circles/155342,스크롤의 바다 2화,Day2
대머리깎아라,빡,,,,,1sp,가비지타임,,"S4Y Y3S, 1ove.","전영중,성준수",,로맨틱,,,@a9cfhwkdu,https://dongne.co/events/wt02/circles/155673,스크롤의 바다 2화,Day2
박기병상찬호,"굼청청,테",,,,,2sp,가비지타임,,,박병찬 기상호,,로맨틱,,"만화,일러스트,소설",,https://dongne.co/events/wt02/circles/155475,스크롤의 바다 2화,Day2
상른모리장단,비재,,,,,2sp,가비지타임,,Dear.No.6,,기상호,,,"만화,소설,일러스트",@6eejqe,https://dongne.co/events/wt02/circles/155610,스크롤의 바다 2화,Day2
상호희찬부스,바우바우,,,,,2sp,가비지타임,,,기상호 정희찬,상호X희찬,,,만화,,https://dongne.co/events/wt02/circles/155695,스크롤의 바다 2화,Day2
종종냥상상개,냉랑복치,,,,,2sp,가비지타임,,Dear.No.6,기상호,최종수X기상호,로맨틱,"희상, 뱅상, 준상 등",만화,@naenglang4,https://dongne.co/events/wt02/circles/155585,스크롤의 바다 2화,Day2
해바라기환상,냘키,,,,,1sp,가비지타임,,Dear.No.6,"최종수,기상호",,로맨틱,,만화,@nya_sadam21,https://dongne.co/events/wt02/circles/155319,스크롤의 바다 2화,Day2
국내산농놀맛집,밤만두,,,,,2sp,가비지타임,,,"박병찬,이초원,최종수,고상언,성준수,전영중",박병찬X이초원,해당없음,"고상언 최종수, 성준수 전영중","만화,일러스트,소설",@juuunbb,https://dongne.co/events/wt02/circles/155533,스크롤의 바다 2화,Day2
이래야내가살아,왕재건,,,,,1sp,"약한영웅,두마리를 위한 뜰,평행도시",,,,,,,,@babyourdogpapa,https://dongne.co/events/wt02/circles/155643,스크롤의 바다 2화,Day2
징챠오카시이부스,악쓰리,,,,,2sp,가비지타임,,Dear.No.6,기상호,최종수X기상호,"로맨틱,섹슈얼",뱅상,"만화,일러스트",,https://dongne.co/events/wt02/circles/155326,스크롤의 바다 2화,Day2
최종기상끌어치기,"도시쥐, 후모",,,,,1sp,가비지타임,,Dear.No.6,"최종수,기상호",,,,"만화,소설","@dosijwi236, @homosukii",https://dongne.co/events/wt02/circles/155701,스크롤의 바다 2화,Day2
뭐라도내보겠습니다,민빵,,,,,2sp,가비지타임,,Dear.No.6,기상호,최종수X기상호,로맨틱,"준상, 종상",소설,@mint_b06,https://dongne.co/events/wt02/circles/155661,스크롤의 바다 2화,Day2
승재승좌우평등위원회,"VT, 수피",,,,,2sp,가비지타임,,,임승대 진재유,진재유X임승대,로맨틱,"승대재유, 재유승대, 승재승, 승재, 재승","소설,만화,일러스트",@otimku,https://dongne.co/events/wt02/circles/155407,스크롤의 바다 2화,Day2
나는주마등도상른만보임,나라,,,,,2sp,가비지타임,,Dear.No.6,,성준수X기상호,섹슈얼,뱅상,소설,@6004XU,https://dongne.co/events/wt02/circles/155453,스크롤의 바다 2화,Day2
마감하고싶어져서내는부스,솔,,,,,1sp,가비지타임,,Dear.No.6,"성준수,기상호",성준수X기상호,,,,@_sol_5,https://dongne.co/events/wt02/circles/155449,스크롤의 바다 2화,Day2
앓던사랑니가빠지지않는다면,빡빡이사랑녀,,,,,1sp,가비지타임,,"S4Y Y3S, 1ove.",전영중×성준수,전영중X성준수,로맨틱,,,yayawawa0202,https://dongne.co/events/wt02/circles/155675,스크롤의 바다 2화,Day2
상호네가개야인간이야개잖아!!!,대머리,,,,,2sp,가비지타임,,Dear.No.6,"성준수,기상호",성준수X기상호,,,"만화,기타",@Life_ejrwlf,https://dongne.co/events/wt02/circles/155565,스크롤의 바다 2화,Day2
왕특란쌍알계란후라이킬바사소세지정식,농식,,,,,2sp,가비지타임,,Dear.No.6,"최종수,기상호,성준수",최종수X기상호,로맨틱,성준수×기상호,"기타,소설",@nongsig06,https://dongne.co/events/wt02/circles/155331,스크롤의 바다 2화,Day2
1일 1시바꺼,히사모,,,,,1sp,가비지타임,,Dear.No.6,기상호,종수/준수/병찬(등등)X상호,로맨틱,종수상호 병찬상호 기타상른,"만화,일러스트,공예,기타",@rusty_pink_996,https://dongne.co/events/wt02/circles/155530,스크롤의 바다 2화,Day2
1일 1상른의 필요성,구온아,,,,,2sp,가비지타임,,Dear.No.6,"최종수,성준수,기상호",성준수X기상호,"로맨틱,섹슈얼",종상,"만화,일러스트,공예",9ona_js,https://dongne.co/events/wt02/circles/155636,스크롤의 바다 2화,Day2
무슨 웹툰 좋아해? 음.. 가비지타임 그리고 조석유니버스127,미남프사,,,,,1sp,가비지타임,조석 유니버스,,,,"로맨틱,섹슈얼",,"만화,기타,일러스트",@sexyguyprofile,https://dongne.co/events/wt02/circles/155486,스크롤의 바다 2화,Day2
216년 전통 까만 고양이공 김찌집,조미당,,,,,2sp,가비지타임,,Dear.No.6,"박병찬,최종수,기상호",박병찬X기상호,"로맨틱,섹슈얼",종상,"만화,일러스트,기타",@U_kIlleD_KeNnY_,https://dongne.co/events/wt02/circles/155684,스크롤의 바다 2화,Day2
316동 준수상호,리르,,,,,1sp,,,Dear.No.6,기상호,성준수X기상호,,,,@dontbelittlemy_,https://dongne.co/events/wt02/circles/155687,스크롤의 바다 2화,Day2
316 236 ,0,,,,,1sp,가비지타임,,Dear.No.6,,기상호,,,소설,@_zero__06,https://dongne.co/events/wt02/circles/155431,스크롤의 바다 2화,Day2
431 다이아몬드는 영원히,Ash,,,,,1sp,가비지타임,,"S4Y Y3S, 1ove.","전영중,성준수",전영중X성준수,로맨틱,,,,https://dongne.co/events/wt02/circles/155652,스크롤의 바다 2화,Day2
431번째 사랑,"한결, NSAIDs",,,,,2sp,가비지타임,,"S4Y Y3S, 1ove.","전영중,성준수",전영중X성준수,로맨틱,,소설,,https://dongne.co/events/wt02/circles/155447,스크롤의 바다 2화,Day2
4번은 놔둬 4번은 그냥 놔두라고,ㅇ,,,,,1sp,가비지타임,,"S4Y Y3S, 1ove.",전영중,전영중X성준수,로맨틱,,소설,,https://dongne.co/events/wt02/circles/155394,스크롤의 바다 2화,Day2
7의배수X6,투명,,,,,1sp,가비지타임,다이아몬드 에이스,Dear.No.6,기상호,박병찬X기상호,,김다은X기상호,소설,@trace_parend,https://dongne.co/events/wt02/circles/155376,스크롤의 바다 2화,Day2
Blue Orbit,청도,,,,,2sp,가비지타임,,Dear.No.6,"성준수,기상호 (준상)",,로맨틱,종상,"소설,만화",@nxxting,https://dongne.co/events/wt02/circles/155464,스크롤의 바다 2화,Day2
세상에 나쁜 BS는 없다,세나티,,,,,1sp,가비지타임,,Dear.No.6,,박병찬X기상호,로맨틱,,,,https://dongne.co/events/wt02/circles/155507,스크롤의 바다 2화,Day2
<Dear.No.6> 주최부스,Dear.No.6,,,,,2sp,,,Dear.No.6,,,,,,,https://dongne.co/events/wt02/circles/155603,스크롤의 바다 2화,Day2
Dear.No.6 서브 부스,Heidi,,,,,1sp,가비지타임,,Dear.No.6,기상호,기상호,,,만화,@Dear_No6_petit,https://dongne.co/events/wt02/circles/155605,스크롤의 바다 2화,Day2
!주 in 공른이라 주인공른만 하는 부스!,"은설, 점개, 소사",,,,,2sp,가비지타임,,Dear.No.6,기상호,기상호,로맨틱,"뱅상, 준상, 종상, 희상",일러스트,"@Eunsul_1109, @qlcehldjfk, @SOSA3451, ",https://dongne.co/events/wt02/circles/155430,스크롤의 바다 2화,Day2
코트K상른S 66 최종진화 6000%,목가,,,,,1sp,가비지타임,,Dear.No.6,,,,,소설,,https://dongne.co/events/wt02/circles/155392,스크롤의 바다 2화,Day2
ksh0110 : 세 분 정말로 일상생활이 안되시는 것 같아보입니다,팝돠,,,,,2sp,가비지타임,,Dear.No.6,기상호 박병찬 최종수 전영중,,로맨틱,"뱅상, 빵상, 종상","만화,기타,일러스트",@wave_pabdwa1,https://dongne.co/events/wt02/circles/155596,스크롤의 바다 2화,Day2
"<S4Y Y3S, 1ove.> 주최부스","S4Y Y3S, 1ove.",,,,,2sp,,,"S4Y Y3S, 1ove.",,,,,,,https://dongne.co/events/wt02/circles/155385,스크롤의 바다 2화,Day2
todac_s,쓩늉,,,,,2sp,가비지타임,,,,,,,,,https://dongne.co/events/wt02/circles/155370,스크롤의 바다 2화,Day2
